App_ID,Tender_ID,Agency,Procuring_Entity,Package_No,Supplier,Contract_Value_BDT,Tenders_Received,Responsive,Rate_Band_Clause,Estimated_Cost_BDT_TO_FILL,Notice_PDF
189321,775105,Chittagong Development Authority,Project Director(Rajib Das),KRP/WD2,Spectra Engineers Ltd.,8812446857.0,2,2,,,CDA_Tender_775105.pdf
168179,581310,Khulna Development Authority (KDA),Office of Exen (works),S-WD-01.,Ataur Rahman Khan Ltd & Mahabub Brothers (Pvt) Ltd JV ( JVCA Partners [Business Share]: MAHABUB,1434577898.0,2,1,,,KDA_Tender_581310.pdf
190430,783087,Khulna Development Authority (KDA),Office of the Project Director (KDA Bipone,KDA/BBP/W1/2022-23,MAHABUB BROTHERS(PVT)LIMITED,965147418.6,2,1,,,KDA_Tender_783087.pdf
173208,538256,Chittagong Development Authority,Project Director (CCORRP),CCORRP-WD3,Spectra Engineers Ltd.,960108458.0,4,1,,,CDA_Tender_538256.pdf
116040,209736,Rajdhani Unnayan Kartripakkha (RAJUK),Office of the Chief Engineer,7-1-2,The United Construction Co.,933196527.9,6,6,,,RAJUK_Tender_209736.pdf
164555,448324,Cox's Bazar Development Authority,Cox's Bazar Development Authority,CoxDA/Project/eGP WD-01/2020,NATIONAL DEVELOPMENT ENGINEERS LTD.,929999504.7,2,2,,,COXDA_Tender_448324.pdf
57195,112012,Rajshahi Development Authority,Office of the Chairman,RDA/RUETROAD/W/2017-2018/01,Abdul Monem Ltd,899353316.0,1,1,,,RDA_Tender_112012.pdf
164555,509251,Cox's Bazar Development Authority,Cox's Bazar Development Authority,CoxDA/Project/eGP WD-02/2020,Taher Brothers Ltd.,834238358.8,7,3,,,COXDA_Tender_509251.pdf
195388,857646,Rajdhani Unnayan Kartripakkha (RAJUK),Construction of multi-storied apartment,RAJUK/PD_9apt/Bldg_01,National Development Engineers Ltd. - M/S. Niaz Traders JV (NDE-NT JV) ( JVCA Partners [Business Share]: NATIONAL,831424240.5,4,3,,,RAJUK_Tender_857646.pdf
197063,941420,Khulna Development Authority (KDA),Office of the Project Director (3Link Road),KDA/3link/WD-1/2023-24,"DIENCO-MIR AKHTER JV ( JVCA Partners [Business Share]: DIENCO LIMITED [50.000%] , MIR AKHTER HOSSAIN",806242305.0,2,2,,,KDA_Tender_941420.pdf
186674,781266,Chittagong Development Authority,Project Director (Loop Road),20121321143465744654654-3,Spectra Engineers Ltd.,791796036.7,3,1,,,CDA_Tender_781266.pdf
70029,223246,Chittagong Development Authority,Project Director (CDA Square),e-TENDER CDAsqt23,M Jamal & Company Limited,632060295.6,3,2,,,CDA_Tender_223246.pdf
197063,975516,Khulna Development Authority (KDA),Office of the Project Director (3Link Road),KDA/3link/WD-3/2023-24.,"IH-RSE-SHJ (JV) ( JVCA Partners [Business Share]: M/S Saiful Hasan Joarder [25.000%] , M/S R. S. Enterprise",623250056.0,3,3,,,KDA_Tender_975516.pdf
197063,868640,Khulna Development Authority (KDA),Office of the Project Director (3Link Road),KDA/3link/WD-2/2023-24,DIENCO LIMITED,604963772.0,2,2,,,KDA_Tender_868640.pdf
45876,110297,Chittagong Development Authority,Project Director (Saltgola),e-TENDER CD1/e-saltgola/1458,The Engineers & Architects Limited,495240760.3,5,2,,,CDA_Tender_110297.pdf
189135,752801,Rajdhani Unnayan Kartripakkha (RAJUK),Uttara Lake Development Project,Rajuk/PD_UL/,"M/s. Udayan Builders (JV) ( JVCA Partners [Business Share]: M/S Udayan Builders [51.000%] , Starlite Services Limited",452992528.2,6,2,,,RAJUK_Tender_752801.pdf
195732,860503,Rajdhani Unnayan Kartripakkha (RAJUK),Uttara Apartment Project,UAP/CW/WD-03,"SS-RC (JV) ( JVCA Partners [Business Share]: Rafiq Construction Co. (Pvt.) Ltd. [60.000%] , M/S. Sharif & Sons",446902393.4,4,3,,,RAJUK_Tender_860503.pdf
177033,671805,Rajdhani Unnayan Kartripakkha (RAJUK),Uttara Apartment Project,UAP/CW/RCW/W-03,"M/s. SS & MT (JV) ( JVCA Partners [Business Share]: M/S. Monir Traders [49.000%] , M/S. Sharif & Sons [51.000%] )",444989988.3,4,2,,,RAJUK_Tender_671805.pdf
197063,991635,Khulna Development Authority (KDA),Office of the Project Director (3Link Road),KDA/3link/WD-4/2023-24,"IH-RSE (JV) ( JVCA Partners [Business Share]: M/S R. S. Enterprise [60.000%] , M/S ISMAIL HOSSAIN [40.000%] )",442452500.0,3,3,,,KDA_Tender_991635.pdf
50320,98996,Rajshahi Development Authority,Office of the Chairman,RDA/Courtroad/W/2016-2017/01,SHAMIM ENTERPRISE (PVT) LTD,356723044.2,4,1,,,RDA_Tender_98996.pdf
163453,447380,Rajdhani Unnayan Kartripakkha (RAJUK),Construction of multi-storied apartment,Rajuk/PD_9apt/06,"HSL-RE JV. ( JVCA Partners [Business Share]: Hasan & Sons Ltd. [10.000%] , M/S REZA ENTERPRISE [90.000%] )",353523936.3,2,2,,,RAJUK_Tender_447380.pdf
188629,948434,Rajdhani Unnayan Kartripakkha (RAJUK),Development of Residential and,RAJUK/PD_JHILMIL/School and College,Momotaj Engineers Ltd.,345195688.9,5,4,,,RAJUK_Tender_948434.pdf
160347,383988,Rajshahi Development Authority,Office of the Chairman,RDA/BB Square/W/2019-2020/01,The Engineers & Architects Limited,292545247.3,1,1,,,RDA_Tender_383988.pdf
188629,926607,Rajdhani Unnayan Kartripakkha (RAJUK),Development of Residential and,RAJUK/PD_JHILMIL/Mosque-1,"Anik Trading and Construction-Fastbuild JV ( JVCA Partners [Business Share]: FASTBUILD [75.000%] , Anik Trading and",250839121.9,5,5,,,RAJUK_Tender_926607.pdf
48825,99692,Chittagong Development Authority,Project Director (Dewanhat),pd/dewanhatapart/e-5786/wd2,M Jamal & Company Limited,237118580.9,3,2,,,CDA_Tender_99692.pdf
80758,149365,Khulna Development Authority (KDA),Office of Chief Engineer,Land Development WD-01,Toma Construction & Co. Limited,222729274.8,6,2,,,KDA_Tender_149365.pdf
127121,292111,Rajdhani Unnayan Kartripakkha (RAJUK),Office of the Chief Engineer,Rajuk/PD_Purbachal/19,"NIAZ-NOONA JV. ( JVCA Partners [Business Share]: Noona Traders [51.000%] , M/S. Niaz Traders [49.000%] )",217816341.2,8,7,,,RAJUK_Tender_292111.pdf
201176,941603,Rajshahi Development Authority,Office of the Project Director,RDA/PRANTIK/W/2023-2024/01,Md. Badrul Iqbal Ltd.,199711775.7,3,2,,,RDA_Tender_941603.pdf
151419,277365,Khulna Development Authority (KDA),Office of Chief Engineer,AHSANABAD-WD3,Mohammed Eunus & Brothers (Pvt.) Ltd.,188206438.1,2,2,,,KDA_Tender_277365.pdf
202714,971720,Cox's Bazar Development Authority,"Office of the Project Director, CoxDA",CoxDA/Dev/CoxDA Residential Flat Project-1/Lot-11,M/S Quashem Construction,174971612.3,1,1,,,COXDA_Tender_971720.pdf
149292,282186,Cox's Bazar Development Authority,Cox's Bazar Development Authority,W-3 Kha,S.S Rahman International,169206055.7,1,1,,,COXDA_Tender_282186.pdf
149292,270190,Cox's Bazar Development Authority,Cox's Bazar Development Authority,W-4 Kha,S.S Rahman International,168263376.0,1,1,,,COXDA_Tender_270190.pdf
112745,209939,Rajdhani Unnayan Kartripakkha (RAJUK),Office of the Chief Engineer,Rajuk/PD_Purbachal/16,Toma Construction & Co. Limited,166879029.3,8,7,,,RAJUK_Tender_209939.pdf
159106,366041,Khulna Development Authority (KDA),Office of Chief Engineer,AHSANABAD WD5,Toma Construction & Co. Limited,165756364.0,4,2,,,KDA_Tender_366041.pdf
153243,311188,Rajdhani Unnayan Kartripakkha (RAJUK),Office of the Chief Engineer,PD_9Apt.Project/1,MAHABUB BROTHERS(PVT)LIMITED,162409362.3,6,3,,,RAJUK_Tender_311188.pdf
196715,917088,Chittagong Development Authority,Project Director (CCORRP),PD/CCORRP/RS-2/Tender/412,"RNYB Ltd - A.T Construction JV. JV. ( JVCA Partners [Business Share]: RN Yakub & Brothers Private Limited. [51.000%] ,",161596296.8,1,1,,,CDA_Tender_917088.pdf
153243,322658,Rajdhani Unnayan Kartripakkha (RAJUK),Office of the Chief Engineer,PD_9Apt.Project/3,UCCL The United Construction Company Limited,159872645.3,4,3,,,RAJUK_Tender_322658.pdf
90355,199891,Rajdhani Unnayan Kartripakkha (RAJUK),Office of the Chief Engineer,BW-A/UAP-01,Momotaj Engineers Ltd.,155146280.1,4,3,,,RAJUK_Tender_199891.pdf
188860,932337,Rajdhani Unnayan Kartripakkha (RAJUK),Purbachal New Town Project,Rajuk/PD_Purbachal/BRIDGE,Khokan Construction & Engineering Ltd,153774163.7,3,1,,,RAJUK_Tender_932337.pdf
162585,535719,Rajdhani Unnayan Kartripakkha (RAJUK),Purbachal New Town Project,Rajuk/PD_Purbachal/47,M/S. Niaz Traders,148210528.2,16,14,,,RAJUK_Tender_535719.pdf
176171,1134396,Rajdhani Unnayan Kartripakkha (RAJUK),Office of the Superintending Engineer,SEMECH-04,Sohel Engineering & Construction Ltd.,147100000.3,6,1,,,RAJUK_Tender_1134396.pdf
60029,119326,Rajdhani Unnayan Kartripakkha (RAJUK),Office of the Chief Engineer,5-3205-3111-UMT/08,"NIAZ-NOONA-KTA JV ( JVCA Partners [Business Share]: KHOKAN TRADING AGENCY [0.000%] , Noona Traders",135895849.4,3,2,,,RAJUK_Tender_119326.pdf
195732,935093,Rajdhani Unnayan Kartripakkha (RAJUK),Uttara Apartment Project,UAP/EM/2023-2024/WD-01,"NDE-UCC-SC JV ( JVCA Partners [Business Share]: M/S Sunny Construction [35.000%] , NATIONAL DEVELOPMENT",134602376.4,3,3,,,RAJUK_Tender_935093.pdf
42820,89106,Rajdhani Unnayan Kartripakkha (RAJUK),Office of the Chief Engineer,Rajuk/Uttara_Lake/01,"Starlite Services Ltd & Convoy Service JV ( JVCA Partners [Business Share]: CONVOY SERVICE [0.000%] , Starlite",126193349.8,5,1,,,RAJUK_Tender_89106.pdf
159106,366087,Khulna Development Authority (KDA),Office of Chief Engineer,AHSANABADWD4,M. M. Builders & Engineers Ltd.,125264837.7,7,3,,,KDA_Tender_366087.pdf
166794,479604,Rajdhani Unnayan Kartripakkha (RAJUK),Construction of multi-storied apartment,Rajuk/PD_9apt/07,"Udayan-Starlite-Convoy JV ( JVCA Partners [Business Share]: M/S Udayan Builders [35.000%] , CONVOY SERVICE",122709753.8,5,5,,,RAJUK_Tender_479604.pdf
188860,870250,Rajdhani Unnayan Kartripakkha (RAJUK),Purbachal New Town Project,Rajuk/PD_Purbachal/81,M/s. M.R. Construction,119111709.1,5,2,,,RAJUK_Tender_870250.pdf
188629,1060379,Rajdhani Unnayan Kartripakkha (RAJUK),Development of Residential and,RAJUK/PD_JHILMIL/DC-8,Starlite Services Limited,118272231.8,8,7,,,RAJUK_Tender_1060379.pdf
112745,209938,Rajdhani Unnayan Kartripakkha (RAJUK),Office of the Chief Engineer,Rajuk/PD_Purbachal/14,Toma Construction & Co. Limited,115431333.8,8,8,,,RAJUK_Tender_209938.pdf
187680,735107,Chittagong Development Authority,"Project Director(KK Newaz), Chittagong",PD/Bakalia/road/e/0021,Spectra Engineers Ltd.,115180656.3,1,1,,,CDA_Tender_735107.pdf
165428,476405,Rajdhani Unnayan Kartripakkha (RAJUK),Development of Residential and,PD_JHILMIL/02,M/s. Udyan Builders-Starlite Services Ltd-Convoy Service JV ( JVCA Partners [Business Share]: M/S Udayan Builders,113395366.6,9,4,,,RAJUK_Tender_476405.pdf
162585,535709,Rajdhani Unnayan Kartripakkha (RAJUK),Purbachal New Town Project,Rajuk/PD_Purbachal/1,"Udayan-Convoy JV ( JVCA Partners [Business Share]: M/S Udayan Builders [70.000%] , CONVOY SERVICE [30.000%] )",112616351.2,17,8,,,RAJUK_Tender_535709.pdf
176799,595833,Rajdhani Unnayan Kartripakkha (RAJUK),Uttara 3rd Phase Project,PD_U3P/1,Rafiq Construction Co. (Pvt.) Ltd.,111744601.5,11,11,,,RAJUK_Tender_595833.pdf
188860,1060895,Rajdhani Unnayan Kartripakkha (RAJUK),Purbachal New Town Project,RAJUK/PD_Purbachal/114,"TCEL TE JV ( JVCA Partners [Business Share]: THE CIVIL ENGINEERS LIMITED [50.000%] , M/S TAJEEM",111101507.7,8,6,,,RAJUK_Tender_1060895.pdf
196580,867256,Khulna Development Authority (KDA),Office of the Project Director (KDA Bus,KDA/Busterminal/W1/2023-2024,M/S RAFID TRADERS,107298313.7,7,5,,,KDA_Tender_867256.pdf
188860,902293,Rajdhani Unnayan Kartripakkha (RAJUK),Purbachal New Town Project,Rajuk/PD_Purbachal/RDC_85,Rana Builders (Pvt.) Ltd. - M/s. Shafique and Sons (JV) ( JVCA Partners [Business Share]: Rana Builders (Pvt.) Ltd.,105822700.0,5,1,,,RAJUK_Tender_902293.pdf
181410,1000267,Rajdhani Unnayan Kartripakkha (RAJUK),Superintending Engineer (Civil Circle-3),RAJUK/SECC-3/18,M/S. Niaz Traders,104498747.1,5,5,,,RAJUK_Tender_1000267.pdf
114632,207700,Rajshahi Development Authority,Office of the Chairman,RDA/BARNOI/W/2017-2018/01,"Rithin Enterprise and Kohinoor Enterprise J.V ( JVCA Partners [Business Share]: M/S. Kohinoor Enterprise [0.000%] ,",100985213.7,3,1,,,RDA_Tender_207700.pdf
202059,959962,Chittagong Development Authority,Construction Division-2,CD2/PW1,"RNYB Ltd. - EBL - Alif JV. ( JVCA Partners [Business Share]: Escape Bangladesh Limited [25.000%] , RN Yakub &",100790743.2,2,2,,,CDA_Tender_959962.pdf
195732,1003623,Rajdhani Unnayan Kartripakkha (RAJUK),Uttara Apartment Project,UAP/EM/2023-2024/GD-10,Gess Bangladesh,98995747.69,3,3,,,RAJUK_Tender_1003623.pdf
177033,597090,Rajdhani Unnayan Kartripakkha (RAJUK),Uttara Apartment Project,UAP/EM/GD-01,NATIONAL DEVELOPMENT ENGINEERS LTD.,98788892.73,6,5,,,RAJUK_Tender_597090.pdf
179858,618898,Cox's Bazar Development Authority,Cox's Bazar Development Authority,CoxDA/Dev/2021-22/Road/WD-05/Foot Over Bridge,Hassan Techno Builders Ltd. - Taher Brothers Ltd. JV. ( JVCA Partners [Business Share]: Hassan Techno Builders Ltd.,94588512.79,6,2,,,COXDA_Tender_618898.pdf
195388,1000945,Rajdhani Unnayan Kartripakkha (RAJUK),Construction of multi-storied apartment,RAJUK/PD-9apt/Bldg-03,Momotaj Engineers Ltd.,91452674.19,3,1,,,RAJUK_Tender_1000945.pdf
195872,859008,Rajshahi Development Authority,Office of the Chairman,RDA/BB square/W/2023-2024/01,"Noor Hossain Ltd. (JV) ( JVCA Partners [Business Share]: MD. DOLLAR [80.000%] , Noor Hossain Limited [20.000%] )",90465350.41,2,2,,,RDA_Tender_859008.pdf
176555,596661,Chittagong Development Authority,"Project Director(KK Newaz), Chittagong",Pd/Bakaliaeccess/e/44,M/S. Jashim & Sons,88622840.52,7,6,,,CDA_Tender_596661.pdf
188860,1060891,Rajdhani Unnayan Kartripakkha (RAJUK),Purbachal New Town Project,RAJUK/PD_Purbachal/110,M/s Shafique and Sons,88468397.14,5,5,,,RAJUK_Tender_1060891.pdf
149292,270651,Cox's Bazar Development Authority,Cox's Bazar Development Authority,W-4 Gha,Khan and Sons (Bangladesh) Limited,86870906.14,1,1,,,COXDA_Tender_270651.pdf
188860,789921,Rajdhani Unnayan Kartripakkha (RAJUK),Purbachal New Town Project,Rajuk/PD_Purbachal/RDC_17,M/S. Niaz Traders,86650791.9,6,6,,,RAJUK_Tender_789921.pdf
173830,549431,Cox's Bazar Development Authority,Cox's Bazar Development Authority,CoxDA/Dev/2020-21/Road/WiFi,Optimal Technology (Pvt. ) Ltd.,84781759.86,2,2,,,COXDA_Tender_549431.pdf
39146,80585,Rajdhani Unnayan Kartripakkha (RAJUK),Office of the Chief Engineer,Rajuk/UAP/03,"M.A.H Construction Ltd,RAB-RC(PVT)Ltd and Dawn Corporation JV ( JVCA Partners [Business Share]: M/S. Dawn",83879558.1,12,11,,,RAJUK_Tender_80585.pdf
217888,1225896,Rajdhani Unnayan Kartripakkha (RAJUK),Gulshan-Banani-Baridhara Lake,RAJUK/PD/GBBL/RCW-2,M/S. Dawn Corporation,83872613.91,,,,,RAJUK_Tender_1225896.pdf
217888,1225895,Rajdhani Unnayan Kartripakkha (RAJUK),Gulshan-Banani-Baridhara Lake,RAJUK/PD/GBBL/RCW-1,CONVOY SERVICE Joint Venture Share: 49.00%,82538882.71,,,,,RAJUK_Tender_1225895.pdf
165428,476406,Rajdhani Unnayan Kartripakkha (RAJUK),Development of Residential and,PD_JHILMIL/04,"MEPL-RE JV. ( JVCA Partners [Business Share]: M/S REZA ENTERPRISE [90.000%] , MOZAHAR ENTERPRISE (PVT.)",80227876.12,10,3,,,RAJUK_Tender_476406.pdf
39146,79395,Rajdhani Unnayan Kartripakkha (RAJUK),Office of the Chief Engineer,Rajuk/UAP/02,"M.A.H Construction Ltd,RAB-RC(PVT)Ltd and Dawn Corporation JV ( JVCA Partners [Business Share]: M/S. Dawn",79802128.8,14,9,,,RAJUK_Tender_79395.pdf
103763,189944,Chittagong Development Authority,Project Director (Muradpur Flyover),WD-06b,"M/S. AS - RAS Trading (JV) ( JVCA Partners [Business Share]: M/S. Abdus Salam [0.000%] , M/S RASHIA&SONS",79537860.01,1,1,,,CDA_Tender_189944.pdf
186665,732686,Rajdhani Unnayan Kartripakkha (RAJUK),Uttara Apartment Project,UAP/CW/WD-06,"M/S. Udayan Builders - M/S. Tanni Enterprise JV ( JVCA Partners [Business Share]: M/S Udayan Builders [75.000%] ,",78671412.47,5,5,,,RAJUK_Tender_732686.pdf
63272,125874,Rajdhani Unnayan Kartripakkha (RAJUK),Office of the Chief Engineer,Rajuk/PD_Uttara_P-7,Mir Habibul Alam & Starlite Services Ltd & M/s. Udayn Builders JV ( JVCA Partners [Business Share]: Mir Habibul Alam,78653933.89,11,9,,,RAJUK_Tender_125874.pdf
193962,1082525,Rajdhani Unnayan Kartripakkha (RAJUK),Superintending Engineer (Civil Circle-4),RAJUK/SECC4-IMP6/SurfaceDrain-1,M/S. Niaz Traders,77992693.72,8,4,,,RAJUK_Tender_1082525.pdf
188860,1069564,Rajdhani Unnayan Kartripakkha (RAJUK),Purbachal New Town Project,RAJUK/PD_Purbachal/124,"SSL- CONVOY JV ( JVCA Partners [Business Share]: CONVOY SERVICE [49.000%] , Starlite Services Limited",77163422.06,4,4,,,RAJUK_Tender_1069564.pdf
179858,617807,Cox's Bazar Development Authority,Cox's Bazar Development Authority,CoxDA/Dev/2021-22/Road/WD-03/Beautification,"SCL-LB-KEC JV ( JVCA Partners [Business Share]: M/S. KARIM ENTERPRISE & CONSTRUCTION [30.000%] , Sun",75976418.73,6,4,,,COXDA_Tender_617807.pdf
179858,647467,Cox's Bazar Development Authority,Cox's Bazar Development Authority,CoxDA/Dev/2021-22/Road/WD-06/Street Light,M/S LABON & BROTHERS,74887107.69,3,3,,,COXDA_Tender_647467.pdf
200566,918775,Chittagong Development Authority,Superintending Engineer-2,SE2/Saltgola/CentralAC/50,Cooltech Corporation,74713501.27,1,1,,,CDA_Tender_918775.pdf
186665,826146,Rajdhani Unnayan Kartripakkha (RAJUK),Uttara Apartment Project,UAP/CW/WD-05,Momotaj Engineers Ltd.,74638988.25,2,2,,,RAJUK_Tender_826146.pdf
39146,80586,Rajdhani Unnayan Kartripakkha (RAJUK),Office of the Chief Engineer,Rajuk/UAP/04,"M.A.H Construction Ltd,RAB-RC(PVT)Ltd and Dawn Corporation JV ( JVCA Partners [Business Share]: M/S. Dawn",71975651.4,7,5,,,RAJUK_Tender_80586.pdf
153243,312476,Rajdhani Unnayan Kartripakkha (RAJUK),Office of the Chief Engineer,PD_9Apt.Project/2,"MRC-Techbay-JV ( JVCA Partners [Business Share]: M/s. M.R. Construction [49.000%] , Techbay International [51.000%]",71327762.33,8,5,,,RAJUK_Tender_312476.pdf
152932,342502,Chittagong Development Authority,Project Director(Rajib Das),pd/Anonnya/est/127,"S. Ananta - Abdus Salam (JV) ( JVCA Partners [Business Share]: M/S. Abdus Salam [49.000%] , S. Ananta Bikash Tripura",70658480.5,8,4,,,CDA_Tender_342502.pdf
153243,312479,Rajdhani Unnayan Kartripakkha (RAJUK),Office of the Chief Engineer,PD_9Apt.Project/4,MAHABUB BROTHERS(PVT)LIMITED,69684008.14,4,3,,,RAJUK_Tender_312479.pdf
162585,535712,Rajdhani Unnayan Kartripakkha (RAJUK),Purbachal New Town Project,Rajuk/PD_Purbachal/3,Rana Builders (Pvt.) Ltd. - M/s Shafique and Sons (JV) ( JVCA Partners [Business Share]: Rana Builders (Pvt.) Ltd.,68842750.0,17,10,,,RAJUK_Tender_535712.pdf
163453,446869,Rajdhani Unnayan Kartripakkha (RAJUK),Construction of multi-storied apartment,Rajuk/PD_9apt/05,"HSL-RE JV. ( JVCA Partners [Business Share]: Hasan & Sons Ltd. [10.000%] , M/S REZA ENTERPRISE [90.000%] )",68731670.64,3,2,,,RAJUK_Tender_446869.pdf
188629,1060380,Rajdhani Unnayan Kartripakkha (RAJUK),Development of Residential and,RAJUK/PD_JHILMIL/DC-9,"Convoy Service JV ( JVCA Partners [Business Share]: CONVOY SERVICE [49.000%] , Starlite Services Limited",68007492.72,5,5,,,RAJUK_Tender_1060380.pdf
162585,535710,Rajdhani Unnayan Kartripakkha (RAJUK),Purbachal New Town Project,Rajuk/PD_Purbachal/2,UCCL The United Construction Company Limited,65409834.61,16,10,,,RAJUK_Tender_535710.pdf
193877,1082494,Rajdhani Unnayan Kartripakkha (RAJUK),Superintending Engineer (Civil Circle-4),RAJUK/SECC4-IMP6/RoadRepair/SurfaceDrain-2,Starlite Services Limited,64772047.74,8,3,,,RAJUK_Tender_1082494.pdf
165428,476403,Rajdhani Unnayan Kartripakkha (RAJUK),Development of Residential and,PD_JHILMIL/01,Rafiq Construction Co. (Pvt.) Ltd. - Haider & Co-Momotaj Engineers Ltd (JV) ( JVCA Partners [Business Share]: HAIDER,64618703.1,9,6,,,RAJUK_Tender_476403.pdf
60029,125877,Rajdhani Unnayan Kartripakkha (RAJUK),Office of the Chief Engineer,5-3205-3111-UMT/11,Convoy Service-M/S Paradise Traders-Moshiur Rahman Chowdhury JV ( JVCA Partners [Business Share]: M/S Paradise,56752529.87,11,9,,,RAJUK_Tender_125877.pdf
206559,1094618,Rajdhani Unnayan Kartripakkha (RAJUK),Uttara Apartment Project,UAP/EM/GD-27,The United Construction Co.,54979773.63,3,3,,,RAJUK_Tender_1094618.pdf
162585,528758,Rajdhani Unnayan Kartripakkha (RAJUK),Purbachal New Town Project,Rajuk/PD_Purbachal/51,"SC & ARE JV ( JVCA Partners [Business Share]: M/S. A. R. Enterprise [49.000%] , M/S. Sapna Construction [51.000%] )",54897254.62,16,8,,,RAJUK_Tender_528758.pdf
162585,601514,Rajdhani Unnayan Kartripakkha (RAJUK),Purbachal New Town Project,Rajuk/PD_Purbachal/62,Momotaj Engineers Ltd.,54831431.37,15,12,,,RAJUK_Tender_601514.pdf
127121,293004,Rajdhani Unnayan Kartripakkha (RAJUK),Office of the Chief Engineer,Rajuk/PD_Purbachal/21,Rafiq Construction Co. (Pvt.) Ltd and M/S Shafique & Sons Consortium ( JVCA Partners [Business Share]: M/s Shafique,54614579.07,10,7,,,RAJUK_Tender_293004.pdf
186665,775307,Rajdhani Unnayan Kartripakkha (RAJUK),Uttara Apartment Project,UAP/CW/WD-03/1,"SSL-CONVOY JV ( JVCA Partners [Business Share]: CONVOY SERVICE [30.000%] , Starlite Services Limited [70.000%]",53908596.9,2,1,,,RAJUK_Tender_775307.pdf
51274,100483,Chittagong Development Authority,Project Director(Silimpur),e-TENDERSRA-06,M/S. Raquib & Brothers,53515977.89,4,4,,,CDA_Tender_100483.pdf
196376,909193,Chittagong Development Authority,Project Director (CDA Square),pd/cdasqr/substation/e59,Ocean Electrical Limited,53131569.95,6,2,,,CDA_Tender_909193.pdf
195732,984794,Rajdhani Unnayan Kartripakkha (RAJUK),Uttara Apartment Project,UAP/EM/2023-2024/GD-15,M/S Sunny Construction,52895972.76,3,2,,,RAJUK_Tender_984794.pdf
162585,528756,Rajdhani Unnayan Kartripakkha (RAJUK),Purbachal New Town Project,Rajuk/PD_Purbachal/40,"SS-RI JV ( JVCA Partners [Business Share]: M/S. Raju International [51.000%] , M/S. Sharif & Sons [49.000%] )",52620082.2,18,9,,,RAJUK_Tender_528756.pdf
63610,124055,Khulna Development Authority (KDA),Office of the Project Director (KDA Rest,WORKS REST HOUSE-KHULNA-01,"MSE-KCL (JV) ( JVCA Partners [Business Share]: M/S. SUMA ENGINEERS [0.000%] , Kabico Limited [0.000%] )",52530500.0,3,1,,,KDA_Tender_124055.pdf
196376,1001782,Chittagong Development Authority,Project Director (CDA Square),PD/CDAsqr/lift/65/02,CPDL LTD.,52490000.53,1,1,,,CDA_Tender_1001782.pdf
188860,920946,Rajdhani Unnayan Kartripakkha (RAJUK),Purbachal New Town Project,Rajuk/PD_Purbachal/87,M/S. Sharif & Sons,52288766.8,8,3,,,RAJUK_Tender_920946.pdf
186674,848555,Chittagong Development Authority,Project Director (Loop Road),LR/Street light/Tender/01,"SUNNY-RS-TML JV ( JVCA Partners [Business Share]: M/S Sunny Construction [50.000%] , TRADEMAJESTIC LIMITED",51133146.95,3,1,,,CDA_Tender_848555.pdf
188860,957254,Rajdhani Unnayan Kartripakkha (RAJUK),Purbachal New Town Project,RAJUK/PD_Purbachal/91,M/S. Sharif & Sons,50088046.64,10,4,,,RAJUK_Tender_957254.pdf
75661,146449,Rajdhani Unnayan Kartripakkha (RAJUK),office of the Chief Engineer ( Project &,Rajuk/Purbachal_Mechanical/2,Sohel Engineering & Construction Ltd.,48500000.18,4,3,,,RAJUK_Tender_146449.pdf
95841,174037,Rajdhani Unnayan Kartripakkha (RAJUK),"Office of the Project Director, Urban",URP/RAJUK/G-3-2,Pacific Motors Limited,48351000.01,1,1,,,RAJUK_Tender_174037.pdf
188860,957252,Rajdhani Unnayan Kartripakkha (RAJUK),Purbachal New Town Project,RAJUK/PD_Purbachal/88,HAIDER & CO.,47768606.61,8,4,,,RAJUK_Tender_957252.pdf
64052,125042,Rajdhani Unnayan Kartripakkha (RAJUK),office of the Chief Engineer ( Project &,GD/UAPE/M/2016-2017/L/03,Daffodil Electric Company,47660719.39,3,1,,,RAJUK_Tender_125042.pdf
64301,125294,Rajdhani Unnayan Kartripakkha (RAJUK),office of the Chief Engineer ( Project &,GD/UAPE/M/2016-2017/L/05,Daffodil Electric Company,47660719.39,1,1,,,RAJUK_Tender_125294.pdf
188860,957256,Rajdhani Unnayan Kartripakkha (RAJUK),Purbachal New Town Project,RAJUK/PD_Purbachal/90,M/S Laila Enterprise,44644840.48,7,1,,,RAJUK_Tender_957256.pdf
151419,277369,Khulna Development Authority (KDA),Office of Chief Engineer,AHSANABAD-WD7,M/S. MRM International,44046499.95,3,2,,,KDA_Tender_277369.pdf
188860,901824,Rajdhani Unnayan Kartripakkha (RAJUK),Purbachal New Town Project,Rajuk/PD_Purbachal/RDC_6,"SS-RI JV ( JVCA Partners [Business Share]: M/S. Raju International [49.000%] , M/S. Sharif & Sons [51.000%] )",43936248.82,11,1,,,RAJUK_Tender_901824.pdf
151419,277368,Khulna Development Authority (KDA),Office of Chief Engineer,AHSANABAD-WD6,M/S. Monir Traders,43031474.05,2,2,,,KDA_Tender_277368.pdf
188860,1069562,Rajdhani Unnayan Kartripakkha (RAJUK),Purbachal New Town Project,RAJUK/PD_Purbachal/122,"M/s. SS & MT (JV) ( JVCA Partners [Business Share]: Monir Engineering And Construction Ltd. [49.000%] , M/S. Sharif &",42619654.0,3,3,,,RAJUK_Tender_1069562.pdf
165428,476407,Rajdhani Unnayan Kartripakkha (RAJUK),Development of Residential and,PD_JHILMIL/05,"SA-TANNI-DAWN-JV ( JVCA Partners [Business Share]: M/S. Dawn Corporation [42.000%] , M/S. S. A. Enterprise",42435114.9,11,4,,,RAJUK_Tender_476407.pdf
188629,1207634,Rajdhani Unnayan Kartripakkha (RAJUK),Development of Residential and,RAJUK/PD_JHILMIL/LSSL-2,SUNTECH ENERGY LTD.,42387663.93,,,,,RAJUK_Tender_1207634.pdf
195732,935084,Rajdhani Unnayan Kartripakkha (RAJUK),Uttara Apartment Project,UAP/CW/WD-11,"UCC-SC JV ( JVCA Partners [Business Share]: M/S Sunny Construction [60.000%] , The United Construction Co.",42162305.12,3,3,,,RAJUK_Tender_935084.pdf
217860,1152766,Cox's Bazar Development Authority,"Office of the Project Director, CoxDA",CoxDA/OF/Flat Project-1/2025-26/W11,M/S. Prominent Engineers,41906906.97,1,1,,,COXDA_Tender_1152766.pdf
207390,1035179,Rajdhani Unnayan Kartripakkha (RAJUK),Superintending Engineer (Civil Circle-3),RAJUK/SECC-3/Building-1,M/S. Niaz Traders,41746974.1,12,11,,,RAJUK_Tender_1035179.pdf
188629,1207636,Rajdhani Unnayan Kartripakkha (RAJUK),Development of Residential and,RAJUK/PD_JHILMIL/LSSL-5,HTMS Limited,41493488.3,,,,,RAJUK_Tender_1207636.pdf
195732,935090,Rajdhani Unnayan Kartripakkha (RAJUK),Uttara Apartment Project,UAP/CW/WD-09,"Nur Enterprise-Amin Trading Corporation JV ( JVCA Partners [Business Share]: M/S Nur Enterprise [51.000%] , M/S.",40484581.13,3,2,,,RAJUK_Tender_935090.pdf
196182,860822,Rajshahi Development Authority,Office of the Project Director,RDA/GOB/G/2023-2024/O2,Premier Trading International,40471936.05,1,1,,,RDA_Tender_860822.pdf
173888,548589,Cox's Bazar Development Authority,Cox's Bazar Development Authority,CoxDA/Dev/2020-21/Office Bldng/Furniture,Legacy Furniture (Pvt.) Ltd.,39928546.01,1,1,,,COXDA_Tender_548589.pdf
188860,1011370,Rajdhani Unnayan Kartripakkha (RAJUK),Purbachal New Town Project,RAJUK/PD_Purbachal/107,M/S Udayan Builders,39498314.46,10,6,,,RAJUK_Tender_1011370.pdf
188860,827548,Rajdhani Unnayan Kartripakkha (RAJUK),Purbachal New Town Project,Rajuk/PD_Purbachal/RDC_1,HAIDER & CO.,39109436.18,6,3,,,RAJUK_Tender_827548.pdf
188629,1207635,Rajdhani Unnayan Kartripakkha (RAJUK),Development of Residential and,RAJUK/PD_JHILMIL/LSSL-3,SUNTECH ENERGY LTD.,39054818.19,,,,,RAJUK_Tender_1207635.pdf
162585,427863,Rajdhani Unnayan Kartripakkha (RAJUK),Purbachal New Town Project,Rajuk/PD_Purbachal/48,MOZAHAR ENTERPRISE (PVT.) LTD. & M/S REZA ENTERPRISE-JV ( JVCA Partners [Business Share]: M/S REZA,38993439.01,5,5,,,RAJUK_Tender_427863.pdf
193877,1081213,Rajdhani Unnayan Kartripakkha (RAJUK),Superintending Engineer (Civil Circle-4),RAJUK/SECC4-IMP6/RoadRepair/SurfaceDrain-1,Momotaj Engineers Ltd.,38383526.29,9,7,,,RAJUK_Tender_1081213.pdf
193962,948746,Rajdhani Unnayan Kartripakkha (RAJUK),Superintending Engineer (Civil Circle-4),RAJUK/SECC-4/Road-7,M/S. Raju International,37161258.69,11,5,,,RAJUK_Tender_948746.pdf
188860,807903,Rajdhani Unnayan Kartripakkha (RAJUK),Purbachal New Town Project,Rajuk/PD_Purbachal/RDC_5,M/S RAHMAN ENGINEERING - M/S TANNI ENTERPRISE (JV) ( JVCA Partners [Business Share]: M/S Rahman,36704663.59,8,3,,,RAJUK_Tender_807903.pdf
55532,108836,Chittagong Development Authority,Project Director (Muradpur Flyover),e-TENDER mflyover-01,TD Trading,35818234.17,2,2,,,CDA_Tender_108836.pdf
188860,1069561,Rajdhani Unnayan Kartripakkha (RAJUK),Purbachal New Town Project,RAJUK/PD_Purbachal/121,AK- Amin Development Co. Limited,35630010.78,3,3,,,RAJUK_Tender_1069561.pdf
188629,1044320,Rajdhani Unnayan Kartripakkha (RAJUK),Development of Residential and,RAJUK/PD_JHILMIL/Graveyard,M/S. Niaz Traders,33437797.41,5,2,,,RAJUK_Tender_1044320.pdf
188629,1207637,Rajdhani Unnayan Kartripakkha (RAJUK),Development of Residential and,RAJUK/PD_JHILMIL/LSSL-4,MULTITRADE INTERNATIONAL,33155616.2,,,,,RAJUK_Tender_1207637.pdf
188860,1008544,Rajdhani Unnayan Kartripakkha (RAJUK),Purbachal New Town Project,RAJUK/PD_Purbachal/102,M/S. Sharif & Sons,33055372.46,13,5,,,RAJUK_Tender_1008544.pdf
89768,164878,Rajdhani Unnayan Kartripakkha (RAJUK),"Office of the Project Director, Urban",URP/RAJUK/G-3-1,Pacific Motors Limited,32844000.01,1,1,,,RAJUK_Tender_164878.pdf
186665,770669,Rajdhani Unnayan Kartripakkha (RAJUK),Uttara Apartment Project,UAP/EM/VRF/GD/12,MEP ENGINEERING POINT,32168480.56,3,3,,,RAJUK_Tender_770669.pdf
39146,98112,Rajdhani Unnayan Kartripakkha (RAJUK),Office of the Chief Engineer,Rajuk/UAP/05,"M.A.H Construction Ltd,RAB-RC(PVT)Ltd and Dawn Corporation JV ( JVCA Partners [Business Share]: M/S. Dawn",31685427.0,14,7,,,RAJUK_Tender_98112.pdf
201027,936248,Rajdhani Unnayan Kartripakkha (RAJUK),Office of the Superintending Engineer,Rajuk/Electrical-1/23/G-06,Concept Elevators & Engineering Ltd.,31299998.78,2,1,,,RAJUK_Tender_936248.pdf
201496,943936,Chittagong Development Authority,Project Director(CRBKRKBC),EXEN/PD/CANTOMENT/406,"RNYB Ltd. - Alif Enterprise JV. ( JVCA Partners [Business Share]: RN Yakub & Brothers Private Limited. [60.000%] , Alif",30185717.78,1,1,,,CDA_Tender_943936.pdf
75790,162060,Rajdhani Unnayan Kartripakkha (RAJUK),office of the Chief Engineer ( Project &,Rajuk/Electrical-1/20,M/S. Sany Construction,29369128.5,3,3,,,RAJUK_Tender_162060.pdf
176799,615572,Rajdhani Unnayan Kartripakkha (RAJUK),Uttara 3rd Phase Project,PD_U3P/2,M/S SHAFIQUE AND SONS - M/S. AMIN TRADING CORPORATION JV ( JVCA Partners [Business Share]: M/S. AMIN,29216449.31,8,6,,,RAJUK_Tender_615572.pdf
169681,505037,Rajdhani Unnayan Kartripakkha (RAJUK),Purbachal New Town Project,Rajuk/PD_Purbachal/Ele-1,"Mazid Sons - Sunny Construction JV ( JVCA Partners [Business Share]: Mazid Sons Construction Ltd. [51.000%] , M/S",28756845.9,8,3,,,RAJUK_Tender_505037.pdf
188860,975322,Rajdhani Unnayan Kartripakkha (RAJUK),Purbachal New Town Project,RAJUK/PD_Purbachal/95,M/S. Niaz Traders,28469847.68,3,2,,,RAJUK_Tender_975322.pdf
188860,1008548,Rajdhani Unnayan Kartripakkha (RAJUK),Purbachal New Town Project,RAJUK/PD_Purbachal/106,Starlite Services Limited,27870506.24,10,3,,,RAJUK_Tender_1008548.pdf
206330,1062494,Rajdhani Unnayan Kartripakkha (RAJUK),Construction of multi-storied apartment,RAJUK/PD_9apt/Bldg_01/Lift,Concept Elevators & Engineering Ltd.,27499998.84,2,2,,,RAJUK_Tender_1062494.pdf
162585,601511,Rajdhani Unnayan Kartripakkha (RAJUK),Purbachal New Town Project,Rajuk/PD_Purbachal/60,M/S Udayan Builders,26986410.49,8,2,,,RAJUK_Tender_601511.pdf
188860,1008543,Rajdhani Unnayan Kartripakkha (RAJUK),Purbachal New Town Project,RAJUK/PD_Purbachal/101,M/S. A. R. Enterprise,26924826.22,15,4,,,RAJUK_Tender_1008543.pdf
162568,431699,Rajdhani Unnayan Kartripakkha (RAJUK),Uttara 3rd Phase Project,Rajuk/PD_Uttara3rd/18,M/S Udayan Builders,26903358.88,6,4,,,RAJUK_Tender_431699.pdf
188860,1069560,Rajdhani Unnayan Kartripakkha (RAJUK),Purbachal New Town Project,RAJUK/PD_Purbachal/120,M/S Udayan Builders,26892135.2,6,6,,,RAJUK_Tender_1069560.pdf
162568,431697,Rajdhani Unnayan Kartripakkha (RAJUK),Uttara 3rd Phase Project,Rajuk/PD_Uttara3rd/16,Momotaj Engineers Ltd.,26794543.19,6,3,,,RAJUK_Tender_431697.pdf
66796,149105,Rajdhani Unnayan Kartripakkha (RAJUK),office of the Chief Engineer ( Project &,GD/UAPE/M/2016-2017/S/04,Quality Powertec Engineering Ltd.,26472001.36,5,3,,,RAJUK_Tender_149105.pdf
148983,276338,Cox's Bazar Development Authority,Cox's Bazar Development Authority,Pakage/18-19/08,Bangla Trac Limited,26450000.0,2,2,,,COXDA_Tender_276338.pdf
195732,974362,Rajdhani Unnayan Kartripakkha (RAJUK),Uttara Apartment Project,UAP/CW/WD-08,Donatien International,26265169.5,3,1,,,RAJUK_Tender_974362.pdf
183410,667693,Rajdhani Unnayan Kartripakkha (RAJUK),Gulshan-Banani-Baridhara Lake,Rajuk/PD_GBBL/1,Starlite Services Limited,25972842.87,4,1,,,RAJUK_Tender_667693.pdf
162585,601520,Rajdhani Unnayan Kartripakkha (RAJUK),Purbachal New Town Project,Rajuk/PD_Purbachal/67,Starlite Services Limited,25907749.63,9,1,,,RAJUK_Tender_601520.pdf
42398,98617,Rajdhani Unnayan Kartripakkha (RAJUK),office of the Chief Engineer ( Project &,Hatirjheel/Electrical-01/1,M/s Manik & Brothers,25899212.7,2,2,,,RAJUK_Tender_98617.pdf
162568,431692,Rajdhani Unnayan Kartripakkha (RAJUK),Uttara 3rd Phase Project,Rajuk/PD_Uttara3rd/15,M/S Udayan Builders,25765686.21,6,5,,,RAJUK_Tender_431692.pdf
193962,1013270,Rajdhani Unnayan Kartripakkha (RAJUK),Superintending Engineer (Civil Circle-4),RAJUK/SECC-4/Road-12,M/s Shafique and Sons,25720105.09,6,3,,,RAJUK_Tender_1013270.pdf
103763,189939,Chittagong Development Authority,Project Director (Muradpur Flyover),WD-06a,M/S. R.S. Enterprise,25693375.03,2,1,,,CDA_Tender_189939.pdf
162568,431704,Rajdhani Unnayan Kartripakkha (RAJUK),Uttara 3rd Phase Project,Rajuk/PD_Uttara3rd/22,M/s Shafique and Sons,25662161.15,4,3,,,RAJUK_Tender_431704.pdf
162568,431689,Rajdhani Unnayan Kartripakkha (RAJUK),Uttara 3rd Phase Project,Rajuk/PD_Uttara3rd/13,Momotaj Engineers Ltd.,25495255.78,5,1,,,RAJUK_Tender_431689.pdf
181641,1007300,Rajdhani Unnayan Kartripakkha (RAJUK),Superintending Engineer (Civil Circle-4),RAJUK/SECC-4/Road-13,HAIDER & CO.,25463336.39,12,9,,,RAJUK_Tender_1007300.pdf
186665,747837,Rajdhani Unnayan Kartripakkha (RAJUK),Uttara Apartment Project,UAP/CW/WD/02,M/S. AMIN TRADING CORPORATION,25461859.45,6,5,,,RAJUK_Tender_747837.pdf
188860,789918,Rajdhani Unnayan Kartripakkha (RAJUK),Purbachal New Town Project,Rajuk/PD_Purbachal/RDC_13,M/S. A. R. Enterprise,25399867.62,6,6,,,RAJUK_Tender_789918.pdf
196376,862635,Chittagong Development Authority,Project Director (CDA Square),PD/CDAsqr/elift/55,CPDL LTD.,25299889.08,2,1,,,CDA_Tender_862635.pdf
127121,293018,Rajdhani Unnayan Kartripakkha (RAJUK),Office of the Chief Engineer,Rajuk/PD_Purbachal/22,M/S. Niaz Traders,25278908.37,7,7,,,RAJUK_Tender_293018.pdf
193962,889937,Rajdhani Unnayan Kartripakkha (RAJUK),Superintending Engineer (Civil Circle-4),Rajuk/SECC-4/Road-5,Starlite Services Limited,25273304.24,2,1,,,RAJUK_Tender_889937.pdf
162568,431706,Rajdhani Unnayan Kartripakkha (RAJUK),Uttara 3rd Phase Project,Rajuk/PD_Uttara3rd/21,HAIDER & CO.,25202342.49,6,5,,,RAJUK_Tender_431706.pdf
188860,957255,Rajdhani Unnayan Kartripakkha (RAJUK),Purbachal New Town Project,RAJUK/PD_Purbachal/89,M/S. Maliha Enterprise,25012452.16,8,4,,,RAJUK_Tender_957255.pdf
196376,944909,Chittagong Development Authority,Project Director (CDA Square),Pd/cdasqr/generator/e56,Ocean Electrical Limited,24792000.19,4,2,,,CDA_Tender_944909.pdf
196376,1001843,Chittagong Development Authority,Project Director (CDA Square),PD/CDAsqr/CCTV/e-64,MS TECHNOLOGIES LIMITED,24247478.31,2,2,,,CDA_Tender_1001843.pdf
162568,431701,Rajdhani Unnayan Kartripakkha (RAJUK),Uttara 3rd Phase Project,Rajuk/PD_Uttara3rd/19,Starlite Services Limited,24082660.68,7,4,,,RAJUK_Tender_431701.pdf
193962,948745,Rajdhani Unnayan Kartripakkha (RAJUK),Superintending Engineer (Civil Circle-4),RAJUK/SECC-4/Road-6,CONVOY SERVICE,23712858.25,5,1,,,RAJUK_Tender_948745.pdf
162568,431702,Rajdhani Unnayan Kartripakkha (RAJUK),Uttara 3rd Phase Project,Rajuk/PD_Uttara3rd/20,M/S REZA ENTERPRISE,23615131.51,5,3,,,RAJUK_Tender_431702.pdf
193962,1013268,Rajdhani Unnayan Kartripakkha (RAJUK),Superintending Engineer (Civil Circle-4),RAJUK/SECC-4/Road-10,M/S. A. R. Enterprise,23590501.22,5,2,,,RAJUK_Tender_1013268.pdf
162568,431690,Rajdhani Unnayan Kartripakkha (RAJUK),Uttara 3rd Phase Project,Rajuk/PD_Uttara3rd/14,M/S. Sapna Construction,23185264.03,7,4,,,RAJUK_Tender_431690.pdf
193962,870261,Rajdhani Unnayan Kartripakkha (RAJUK),Superintending Engineer (Civil Circle-4),Rajuk/SECC-4/Road-4,M/S. AMIN TRADING CORPORATION,22753866.77,6,5,,,RAJUK_Tender_870261.pdf
188860,1071058,Rajdhani Unnayan Kartripakkha (RAJUK),Purbachal New Town Project,RAJUK/PD_Purbachal/125,HAIDER & CO.,22604728.13,5,5,,,RAJUK_Tender_1071058.pdf
177033,699111,Rajdhani Unnayan Kartripakkha (RAJUK),Uttara Apartment Project,GD/UAP/Lift-03,M/S Chowdhury Enterprise,22498801.43,3,2,,,RAJUK_Tender_699111.pdf
173830,549299,Cox's Bazar Development Authority,Cox's Bazar Development Authority,CoxDA/Dev/2020-21/Road/CCTV,Optimal Technology (Pvt. ) Ltd.,21843451.71,3,3,,,COXDA_Tender_549299.pdf
179858,617410,Cox's Bazar Development Authority,Cox's Bazar Development Authority,CoxDA/Dev/2021-22/Road/WD-04/LED,Rancon Industrial Solutions Ltd.,21379456.05,4,1,,,COXDA_Tender_617410.pdf
111359,200650,Chittagong Development Authority,Project Director(Silimpur),e-silimpur-02,M/S. Raquib & Brothers,21090113.16,2,1,,,CDA_Tender_200650.pdf
162568,431708,Rajdhani Unnayan Kartripakkha (RAJUK),Uttara 3rd Phase Project,Rajuk/PD_Uttara3rd/24,Momotaj Engineers Ltd.,20926797.75,4,2,,,RAJUK_Tender_431708.pdf
162568,431707,Rajdhani Unnayan Kartripakkha (RAJUK),Uttara 3rd Phase Project,Rajuk/PD_Uttara3rd/23,Momotaj Engineers Ltd.,20671022.14,4,3,,,RAJUK_Tender_431707.pdf
162585,601519,Rajdhani Unnayan Kartripakkha (RAJUK),Purbachal New Town Project,Rajuk/PD_Purbachal/66,M/S. A. R. Enterprise,20511652.71,15,9,,,RAJUK_Tender_601519.pdf
188860,858747,Rajdhani Unnayan Kartripakkha (RAJUK),Purbachal New Town Project,Rajuk/PD_Purbachal/EM-2,Concept Elevators & Engineering Ltd.,20293330.08,2,2,,,RAJUK_Tender_858747.pdf
188860,1069559,Rajdhani Unnayan Kartripakkha (RAJUK),Purbachal New Town Project,RAJUK/PD_Purbachal/119,M/S. A. R. Enterprise,19993058.33,8,7,,,RAJUK_Tender_1069559.pdf
193794,837644,Cox's Bazar Development Authority,CoxDA Master Plan,CoxDA/Dev/22-23/MP/Machinery-Eqpmnt,Smart Technologies (BD) Ltd.,19786172.51,1,1,,,COXDA_Tender_837644.pdf
188860,1008547,Rajdhani Unnayan Kartripakkha (RAJUK),Purbachal New Town Project,RAJUK/PD_Purbachal/105,HAIDER & CO.,19700193.77,12,4,,,RAJUK_Tender_1008547.pdf
193962,870259,Rajdhani Unnayan Kartripakkha (RAJUK),Superintending Engineer (Civil Circle-4),Rajuk/SECC-4/Road-2,HAIDER & CO.,19308532.5,6,2,,,RAJUK_Tender_870259.pdf
161824,418364,Cox's Bazar Development Authority,Cox's Bazar Development Authority,CoxDA/eGP OTM-02/2020,Bangla Trac Limited,18900000.0,3,3,,,COXDA_Tender_418364.pdf
196376,863109,Chittagong Development Authority,Project Director (CDA Square),PD/CDAsqr/e/BW/54,M/s J S Enterprise,18605443.46,3,1,,,CDA_Tender_863109.pdf
127121,251224,Rajdhani Unnayan Kartripakkha (RAJUK),Office of the Chief Engineer,Rajuk/PD_Purbachal/17,M/s Shafique and Sons,18459309.55,2,2,,,RAJUK_Tender_251224.pdf
164555,461085,Cox's Bazar Development Authority,Cox's Bazar Development Authority,CoxDA/Project/eGP/OTM-01/2020,Bangla Trac Limited,18450000.0,6,1,,,COXDA_Tender_461085.pdf
64862,146376,Rajdhani Unnayan Kartripakkha (RAJUK),office of the Chief Engineer ( Project &,GD/UAPE/M/2016-2017/G/7,Dulal Enterprise (Pvt) Ltd.,18313600.65,5,4,,,RAJUK_Tender_146376.pdf
188860,1060890,Rajdhani Unnayan Kartripakkha (RAJUK),Purbachal New Town Project,RAJUK/PD_Purbachal/109,"KSBL-TSE JOINT VENTURE ( JVCA Partners [Business Share]: Khan and Sons (Bangladesh) Limited [51.000%] , T.S",18177929.93,10,10,,,RAJUK_Tender_1060890.pdf
45362,91142,Chittagong Development Authority,Project Director(Shishukanon),e-TENDERpd/shishukanonschool/e-29,M/S. Raquib & Brothers,17986218.29,12,4,yes ±10%,,CDA_Tender_91142.pdf
193654,888738,Rajdhani Unnayan Kartripakkha (RAJUK),Office of the Superintending Engineer,Rajuk/Electrical-1/23/G-05,Concept Elevators & Engineering Ltd.,17878787.73,1,1,,,RAJUK_Tender_888738.pdf
177033,699109,Rajdhani Unnayan Kartripakkha (RAJUK),Uttara Apartment Project,GD/UAP/Lift-04,Concept Elevators & Engineering Ltd.,17472802.0,4,2,,,RAJUK_Tender_699109.pdf
164555,461209,Cox's Bazar Development Authority,Cox's Bazar Development Authority,CoxDA/Project/eGP/OTM-02/2020,Bangla Trac Limited,17250000.0,6,1,,,COXDA_Tender_461209.pdf
176799,647351,Rajdhani Unnayan Kartripakkha (RAJUK),Uttara 3rd Phase Project,PD_U3P/5,M/S Techno Trade International,17017004.7,17,10,,,RAJUK_Tender_647351.pdf
193794,837643,Cox's Bazar Development Authority,CoxDA Master Plan,CoxDA/Dev/22-23/MP/GIS-Plng Lab,Smart Technologies (BD) Ltd.,16885994.57,1,1,,,COXDA_Tender_837643.pdf
75840,174720,Rajdhani Unnayan Kartripakkha (RAJUK),Office of the Chief Engineer,Rajuk/PD_Uttara3rd/04,M/S. A. R. Enterprise,16625782.8,2,1,,,RAJUK_Tender_174720.pdf
75840,174705,Rajdhani Unnayan Kartripakkha (RAJUK),Office of the Chief Engineer,Rajuk/PD_Uttara3rd/01,M/S Razin International,16595314.2,2,1,,,RAJUK_Tender_174705.pdf
173888,549164,Cox's Bazar Development Authority,Cox's Bazar Development Authority,CoxDA/Dev/2020-21/Office Bldng/Interior,Legacy Furniture (Pvt.) Ltd.,16229321.45,4,1,,,COXDA_Tender_549164.pdf
176799,647346,Rajdhani Unnayan Kartripakkha (RAJUK),Uttara 3rd Phase Project,PD_U3P/4,The Continantal Builders,16066116.9,17,9,,,RAJUK_Tender_647346.pdf
162585,601516,Rajdhani Unnayan Kartripakkha (RAJUK),Purbachal New Town Project,Rajuk/PD_Purbachal/63,M/S. AMIN TRADING CORPORATION,16055781.41,16,13,,,RAJUK_Tender_601516.pdf
180981,638918,Rajshahi Development Authority,Office of the Chairman,RDA/RMDP/G/2021-2022/01,YSP TECHNOLOGY,15900000.01,1,1,,,RDA_Tender_638918.pdf
203861,1000426,Rajshahi Development Authority,Office of the Project Director,RDA/PRANTIK/W/2024-2025/01,M/s. Moni Construction,15808878.0,2,1,,,RDA_Tender_1000426.pdf
198214,941511,Rajshahi Development Authority,Office of the Chairman,RDA/GOB/SCMAP/G/2023-2024/ 03,KEECO LIMITED,15234595.18,3,1,,,RDA_Tender_941511.pdf
195872,941590,Rajshahi Development Authority,Office of the Chairman,RDA/BB square/W/2023-2024/02,MD. DOLLAR,15090531.06,2,2,,,RDA_Tender_941590.pdf
193877,1082496,Rajdhani Unnayan Kartripakkha (RAJUK),Superintending Engineer (Civil Circle-4),RAJUK/SECC4-IMP6/ParkRenovation-2,M/S. A. R. Enterprise,14961357.14,13,9,,,RAJUK_Tender_1082496.pdf
193962,870258,Rajdhani Unnayan Kartripakkha (RAJUK),Superintending Engineer (Civil Circle-4),Rajuk/SECC-4/Road-1,M/S. Maliha Enterprise,14920046.54,7,3,,,RAJUK_Tender_870258.pdf
176807,658227,Rajshahi Development Authority,Office of the Chairman,RDA/WF/W/2021-2022/02,Rithin Enterprise,14747701.41,4,3,,,RDA_Tender_658227.pdf
169474,501956,Rajdhani Unnayan Kartripakkha (RAJUK),Uttara Apartment Project,WD/UAPE/M/2020-21/PLC/01,M/s. Faisal Enterprise,14550362.5,6,4,,,RAJUK_Tender_501956.pdf
201690,1074002,Rajdhani Unnayan Kartripakkha (RAJUK),Office of the Superintending Engineer,Rajuk / Electrical-2 / 24 / W-03,M/S Sunny Construction,14195340.0,13,11,,,RAJUK_Tender_1074002.pdf
190063,879523,Rajdhani Unnayan Kartripakkha (RAJUK),Construction of multi-storied apartment,RAJUK/PD_9apt/Fire_Bldg-8,Rangpur Metal Industries Limited,14058755.29,3,2,,,RAJUK_Tender_879523.pdf
178132,737121,Rajdhani Unnayan Kartripakkha (RAJUK),Construction of multi-storied apartment,RAJUK/PD_9apt/Lift_Bldg-8,Concept Elevators & Engineering Ltd.,14050000.78,1,1,,,RAJUK_Tender_737121.pdf
75840,174700,Rajdhani Unnayan Kartripakkha (RAJUK),Office of the Chief Engineer,Rajuk/PD_Uttara3rd/06,Domestic Power & Engineering,13951495.0,5,2,,,RAJUK_Tender_174700.pdf
75840,174710,Rajdhani Unnayan Kartripakkha (RAJUK),Office of the Chief Engineer,Rajuk/PD_Uttara3rd/08,M/S Britto Construction,13855001.1,2,1,,,RAJUK_Tender_174710.pdf
173888,548292,Cox's Bazar Development Authority,Cox's Bazar Development Authority,CoxDA/Dev/2020-21/Office Bldng/Acoustic,Legacy Furniture (Pvt.) Ltd.,13553745.03,3,1,,,COXDA_Tender_548292.pdf
176799,647356,Rajdhani Unnayan Kartripakkha (RAJUK),Uttara 3rd Phase Project,PD_U3P/6,Super Star Renewable Energy Limited,13534879.5,19,10,,,RAJUK_Tender_647356.pdf
188629,1058291,Rajdhani Unnayan Kartripakkha (RAJUK),Development of Residential and,RAJUK/PD_JHILMIL/EM-2,WALTON HI-TECH INDUSTRIES PLC.,13354000.59,5,5,,,RAJUK_Tender_1058291.pdf
66796,149118,Rajdhani Unnayan Kartripakkha (RAJUK),office of the Chief Engineer ( Project &,GD/UAPE/M/2016-2017/S/10,M/S. Brothers Construction,13276000.68,4,3,,,RAJUK_Tender_149118.pdf
66796,149117,Rajdhani Unnayan Kartripakkha (RAJUK),office of the Chief Engineer ( Project &,GD/UAPE/M/2016-2017/S/09,M/S. Brothers Construction,13276000.68,4,2,,,RAJUK_Tender_149117.pdf
66796,149115,Rajdhani Unnayan Kartripakkha (RAJUK),office of the Chief Engineer ( Project &,GD/UAPE/M/2016-2017/S/08,M/S. Brothers Construction,13276000.68,3,2,,,RAJUK_Tender_149115.pdf
97791,178196,Rajdhani Unnayan Kartripakkha (RAJUK),"Office of the Project Director, Urban",URP/RAJUK/G-1-1,Smart Technologies (BD) Ltd.,13246200.1,2,1,,,RAJUK_Tender_178196.pdf
196083,1001613,Rajdhani Unnayan Kartripakkha (RAJUK),Superintending Engineer (Civil Circle-1),SE/CC-1/EE/HQ/HatirjheelW-13/P-2,Al- Arafat Services (PVT.) Limited,13217985.0,7,4,,,RAJUK_Tender_1001613.pdf
201176,976553,Rajshahi Development Authority,Office of the Project Director,RDA/PRANTIK/W/2023-2024/03,MD. DOLLAR,13176504.57,2,1,,,RDA_Tender_976553.pdf
153699,317182,Khulna Development Authority (KDA),Office of Planning Officer,KDA/EGP-02/PO/2018-2019.,Shell Corporation,12900000.0,4,3,,,KDA_Tender_317182.pdf
188860,1008545,Rajdhani Unnayan Kartripakkha (RAJUK),Purbachal New Town Project,RAJUK/PD_Purbachal/103,Aliza Enterprise,12899794.77,9,3,,,RAJUK_Tender_1008545.pdf
194450,851865,Chittagong Development Authority,"Construction Division-1, Chattogram",CD1/e1486,M/S. Shah Jabbaria Construction & Co.,12814150.31,2,1,,,CDA_Tender_851865.pdf
216607,1142188,Rajshahi Development Authority,Office of the Chairman,RDA/Own Fund/2025-26/W-02,M/S HOSSAIN ENTERPRISE,12771417.6,9,6,,,RDA_Tender_1142188.pdf
195732,962658,Rajdhani Unnayan Kartripakkha (RAJUK),Uttara Apartment Project,UAP/EM/2023-2024/GD-03,M/s. Active International,12700200.0,6,6,,,RAJUK_Tender_962658.pdf
82664,151177,Rajdhani Unnayan Kartripakkha (RAJUK),Office of the Chief Engineer,Rajuk/Pd_lake/04,Rafiq Construction Co. (Pvt.) Ltd.,12557304.8,6,3,,,RAJUK_Tender_151177.pdf
194450,851864,Chittagong Development Authority,"Construction Division-1, Chattogram",CD1/e1484,M/S. Nice Enterprise,12402992.04,2,1,,,CDA_Tender_851864.pdf
75790,162590,Rajdhani Unnayan Kartripakkha (RAJUK),office of the Chief Engineer ( Project &,Rajuk/Electrical-1/19,Fire Trade - M/s Khandaker Shahin Ahmed JV ( JVCA Partners [Business Share]: M/S. Khandaker Shahin Ahmed,12293260.2,3,2,,,RAJUK_Tender_162590.pdf
188860,1008542,Rajdhani Unnayan Kartripakkha (RAJUK),Purbachal New Town Project,RAJUK/PD_Purbachal/100,CONVOY SERVICE,12005364.51,10,3,,,RAJUK_Tender_1008542.pdf
204202,1023333,Chittagong Development Authority,"Construction Division-1, Chattogram",CD1/dewanhat/rw/e/39,M/S. Amanat Enterprise,11731574.38,2,1,,,CDA_Tender_1023333.pdf
10184,20558,Bangladesh Water Development Board,Dinajpur O&M Division,BRBP-13/b,M/S. Shahid Brothers,11692619.97,2,1,,,COXDA_Tender_20558.pdf
202112,969450,Rajdhani Unnayan Kartripakkha (RAJUK),Office of the Superintending Engineer,Rajuk/Electrical-1/24/G-04,MEP ENGINEERING POINT,11385916.9,1,1,,,RAJUK_Tender_969450.pdf
162585,601512,Rajdhani Unnayan Kartripakkha (RAJUK),Purbachal New Town Project,Rajuk/PD_Purbachal/61,H RAHMAN ENTERPRISE,11116977.08,7,1,,,RAJUK_Tender_601512.pdf
127121,251227,Rajdhani Unnayan Kartripakkha (RAJUK),Office of the Chief Engineer,Rajuk/PD_Purbachal/18,M/S. A. R. Enterprise,11057081.8,12,9,,,RAJUK_Tender_251227.pdf
209082,1083760,Rajdhani Unnayan Kartripakkha (RAJUK),Office of the Superintending Engineer,Rajuk/Electrical-1/24/G-12,Aliza Enterprise,10913500.0,8,6,,,RAJUK_Tender_1083760.pdf
217860,1152671,Cox's Bazar Development Authority,"Office of the Project Director, CoxDA",CoxDA/OF/Flat Project-1/2025-26/W9,Sumon Enterprise,10710530.0,2,1,,,COXDA_Tender_1152671.pdf
217860,1152584,Cox's Bazar Development Authority,"Office of the Project Director, CoxDA",CoxDA/OF/Flat Project-1/2025-26/W10,Charm Limited,10645125.2,2,1,,,COXDA_Tender_1152584.pdf
196083,1001120,Rajdhani Unnayan Kartripakkha (RAJUK),Superintending Engineer (Civil Circle-1),SE/CC-1/EE/HQ/Hatirjheel/W-13/P-1,M/S. Alam & Co.,10599930.0,8,2,,,RAJUK_Tender_1001120.pdf
191641,832064,Rajdhani Unnayan Kartripakkha (RAJUK),Office of the Superintending Engineer,Rajuk/Electrical-1/23/G-04,Star Tech & Engineering Ltd.,10540782.33,3,3,,,RAJUK_Tender_832064.pdf
206559,1023052,Rajdhani Unnayan Kartripakkha (RAJUK),Uttara Apartment Project,UAP/EM/2024-2025/GD-13,Speed Engineers & Technology.,10448400.41,9,9,,,RAJUK_Tender_1023052.pdf
176874,713622,Rajdhani Unnayan Kartripakkha (RAJUK),Superintending Engineer (Civil Circle-1),SE/CC-1/HQ/W-12,Donatien International,10179659.65,2,1,,,RAJUK_Tender_713622.pdf
190015,808097,Cox's Bazar Development Authority,Cox's Bazar Development Authority,CoxDA/Rev/2022-23/Works/OTM/Sculpture/MOH,H.A Enterprise,9998620.468,1,1,,,COXDA_Tender_808097.pdf
200722,925988,Cox's Bazar Development Authority,Cox's Bazar Development Authority,CoxDA/Rev/2023-24/Works/OTM/Sculpture/MOH,H.A Enterprise,9995244.021,2,1,,,COXDA_Tender_925988.pdf
187512,745109,Chittagong Development Authority,Project Director (Master Plan),25.47.1500.071.76.45.22/GD-1,The Decode Ltd.,9969999.758,2,1,,,CDA_Tender_745109.pdf
201657,969481,Rajdhani Unnayan Kartripakkha (RAJUK),Office of the Superintending Engineer,Rajuk/Electrical-1/24/G-05,Creatus Computer,9864800.395,5,5,,,RAJUK_Tender_969481.pdf
127121,339042,Rajdhani Unnayan Kartripakkha (RAJUK),Office of the Chief Engineer,Rajuk/PD_Purbachal/23,M/S Razin International,9630921.42,6,5,,,RAJUK_Tender_339042.pdf
201176,935863,Rajshahi Development Authority,Office of the Project Director,RDA/PRANTIK/W/2023-2024/02,M/S Shapla Traders,9516411.0,1,1,,,RDA_Tender_935863.pdf
161824,417304,Cox's Bazar Development Authority,Cox's Bazar Development Authority,CoxDA/eGP OTM-01/2020,Ecom Trade International,9280000.001,2,2,,,COXDA_Tender_417304.pdf
111480,199942,Rajdhani Unnayan Kartripakkha (RAJUK),"Office of the Project Director, Urban",URP/RAJUK/G-4,Hatil Complex Ltd,9265034.203,2,1,,,RAJUK_Tender_199942.pdf
64862,146377,Rajdhani Unnayan Kartripakkha (RAJUK),office of the Chief Engineer ( Project &,GD/UAPE/M/2016-2017/G/8,Dulal Enterprise (Pvt) Ltd.,9224800.33,7,6,,,RAJUK_Tender_146377.pdf
64862,146380,Rajdhani Unnayan Kartripakkha (RAJUK),office of the Chief Engineer ( Project &,GD/UAPE/M/2016-2017/G/9,Dulal Enterprise (Pvt) Ltd.,9224800.33,10,8,,,RAJUK_Tender_146380.pdf
176799,647361,Rajdhani Unnayan Kartripakkha (RAJUK),Uttara 3rd Phase Project,PD_U3P/8,Auto Power Pvt. Limited,9194839.2,15,6,,,RAJUK_Tender_647361.pdf
64862,146381,Rajdhani Unnayan Kartripakkha (RAJUK),office of the Chief Engineer ( Project &,GD/UAPE/M/2016-2017/G/10,Dulal Enterprise (Pvt) Ltd.,9156800.326,8,7,,,RAJUK_Tender_146381.pdf
130206,237820,Rajdhani Unnayan Kartripakkha (RAJUK),"Office of the Project Director, Urban",URP/RAJUK/G-14,MEP ENGINEERING POINT,9118701.007,2,1,,,RAJUK_Tender_237820.pdf
206817,1028832,Chittagong Development Authority,Project Director (CDA Square),PD/CDAsqr/S.P/E68,md abu musa,8988920.1,7,4,,,CDA_Tender_1028832.pdf
206330,1117569,Rajdhani Unnayan Kartripakkha (RAJUK),Construction of multi-storied apartment,Rajuk/PD_9apt/Bldg_03/Sub_Gen_Solar,KHAN BROTHERS ENERGY CONSORTIUM,8969879.463,5,3,,,RAJUK_Tender_1117569.pdf
177279,647622,Chittagong Development Authority,"Project Director(M.Uddin), Chittagong",ExEn/CDA Hill/E-86,Volume - 11,8963413.2,1,1,yes ±10%,,CDA_Tender_647622.pdf
201657,948448,Rajdhani Unnayan Kartripakkha (RAJUK),Office of the Superintending Engineer,Rajuk/Electrical-1/24/G-01,S.M.S. SYSTEMS,8869597.429,3,3,,,RAJUK_Tender_948448.pdf
206486,1186178,Rajdhani Unnayan Kartripakkha (RAJUK),Office of the Superintending Engineer,RAJUK/Electrical-1/Hatirjheel/W_LED-1,M/S. Sharif & Sons,8843877.0,,,,,RAJUK_Tender_1186178.pdf
188860,870252,Rajdhani Unnayan Kartripakkha (RAJUK),Purbachal New Town Project,Rajuk/PD_Purbachal/83,M/S. Maliha Enterprise,8805050.955,6,6,,,RAJUK_Tender_870252.pdf
196756,971997,Chittagong Development Authority,"Project Director(M.Uddin), Chittagong",ExEn/C.M Banglow/E-112/2024,Icon Developments & Holdings Ltd,8741984.554,2,2,yes ±10%,,CDA_Tender_971997.pdf
206330,1082896,Rajdhani Unnayan Kartripakkha (RAJUK),Construction of multi-storied apartment,Rajuk/PD_9apt/Bldg_03/Lift,Concept Elevators & Engineering Ltd.,8725500.251,3,2,,,RAJUK_Tender_1082896.pdf
193962,870260,Rajdhani Unnayan Kartripakkha (RAJUK),Superintending Engineer (Civil Circle-4),Rajuk/SECC-4/Road-3,M/S. A. R. Enterprise,8637145.857,6,2,,,RAJUK_Tender_870260.pdf
75840,174712,Rajdhani Unnayan Kartripakkha (RAJUK),Office of the Chief Engineer,Rajuk/PD_Uttara3rd/02,MOZAHAR ENTERPRISE (PVT.) LTD.,8533464.543,3,2,,,RAJUK_Tender_174712.pdf
112017,201012,Chittagong Development Authority,Project Director(Silimpur),e-silimpur-01,M/S Habib Enterprise,8525749.689,1,1,,,CDA_Tender_201012.pdf
166794,591374,Rajdhani Unnayan Kartripakkha (RAJUK),Construction of multi-storied apartment,RAJUK/PD_9apt/Gen-S/S_Bldg-2,M/S Mirza Construction,8464141.096,5,5,,,RAJUK_Tender_591374.pdf
166794,591591,Rajdhani Unnayan Kartripakkha (RAJUK),Construction of multi-storied apartment,RAJUK/PD_9apt/Lift_Bldg-7,Concept Elevators & Engineering Ltd.,8386000.423,2,2,,,RAJUK_Tender_591591.pdf
188860,1069558,Rajdhani Unnayan Kartripakkha (RAJUK),Purbachal New Town Project,RAJUK/PD_Purbachal/118,M/S. A. R. Enterprise,8321802.741,8,8,,,RAJUK_Tender_1069558.pdf
182206,681465,Cox's Bazar Development Authority,Cox's Bazar Development Authority,CoxDA/Rev/21-22OTM/Works/Sculpture/06,H.A Enterprise,8202370.579,1,1,,,COXDA_Tender_681465.pdf
177033,637169,Rajdhani Unnayan Kartripakkha (RAJUK),Uttara Apartment Project,GD/UAP/Lift-05,Concept Elevators & Engineering Ltd.,8158500.74,2,2,,,RAJUK_Tender_637169.pdf
93860,202993,Rajdhani Unnayan Kartripakkha (RAJUK),Office of the Chief Engineer,Rajuk/PD_Purbachal/9,M/S Udayan Builders,8150725.359,7,2,,,RAJUK_Tender_202993.pdf
184957,703479,Rajshahi Development Authority,Office of the Chairman,RDA/BB square/W/2021-2022/01,PARVEZ CONSTRUCTION LIMITED,7829999.1,2,2,,,RDA_Tender_703479.pdf
166794,591741,Rajdhani Unnayan Kartripakkha (RAJUK),Construction of multi-storied apartment,RAJUK/PD_9apt/Gen-Sub._Bldg-7,M/S Mirza Construction,7481081.361,4,4,,,RAJUK_Tender_591741.pdf
201657,969489,Rajdhani Unnayan Kartripakkha (RAJUK),Office of the Superintending Engineer,Rajuk/Electrical-1/24/G-06,Creatus Computer,7477300.251,5,5,,,RAJUK_Tender_969489.pdf
168749,494177,Rajdhani Unnayan Kartripakkha (RAJUK),"Office of the Project Director, Urban",URP/RAJUK/W-2,M/S. FORMILA AKTER,7412897.946,2,1,,,RAJUK_Tender_494177.pdf
117437,212401,Chittagong Development Authority,Project Division,e-Tender EE-project-dhk resthouse-e-5805-r,M/S. Raquib & Brothers,7370590.5,1,1,,,CDA_Tender_212401.pdf
196182,860823,Rajshahi Development Authority,Office of the Project Director,RDA/WF/W/2023-24/02,M/S.Modina Enterprise,7358692.5,2,2,,,RDA_Tender_860823.pdf
193273,828053,Rajdhani Unnayan Kartripakkha (RAJUK),Office of the Superintending Engineer,Rajuk/Electrical-2/23/W-01,M/S TANIN ENTERPRISE,7198146.0,9,8,,,RAJUK_Tender_828053.pdf
182206,669151,Cox's Bazar Development Authority,Cox's Bazar Development Authority,CoxDA/Rev/2021-22/Works/OTM/Street Light-05,M/S. T.J Construction,7166727.81,2,2,,,COXDA_Tender_669151.pdf
188629,1058290,Rajdhani Unnayan Kartripakkha (RAJUK),Development of Residential and,RAJUK/PD_JHILMIL/EM-1,Gess Bangladesh,7049879.781,16,16,,,RAJUK_Tender_1058290.pdf
196083,957875,Rajdhani Unnayan Kartripakkha (RAJUK),Superintending Engineer (Civil Circle-1),SE/CC-1/HQ/Hatirjheel/W-07,Nur Traders,7006021.695,9,5,,,RAJUK_Tender_957875.pdf
112025,201451,Chittagong Development Authority,Project Director(Silimpur),e-silimpur-03,M/S Habib Enterprise,6827889.186,2,2,,,CDA_Tender_201451.pdf
151419,277364,Khulna Development Authority (KDA),Office of Chief Engineer,AHSANABAD-WD2,M/S. Khandaker Shahin Ahmed,6791000.0,1,1,,,KDA_Tender_277364.pdf
188629,1058292,Rajdhani Unnayan Kartripakkha (RAJUK),Development of Residential and,RAJUK/PD_JHILMIL/EM-3,Gess Bangladesh,6592144.975,13,13,,,RAJUK_Tender_1058292.pdf
200967,980099,Rajdhani Unnayan Kartripakkha (RAJUK),Office of the Superintending Engineer,Rajuk/Electrical-1/24/W-07,M/S Sunny Construction,6560583.3,6,6,,,RAJUK_Tender_980099.pdf
206486,1186179,Rajdhani Unnayan Kartripakkha (RAJUK),Office of the Superintending Engineer,RAJUK/Electrical-1/Hatirjheel/W_LED-2,T.S Enterprise,6488006.319,,,,,RAJUK_Tender_1186179.pdf
159826,427350,Rajdhani Unnayan Kartripakkha (RAJUK),"Office of the Project Director, Urban",URP/RAJUK/G-18,Optimal Technology (Pvt. ) Ltd.,6486507.049,3,2,,,RAJUK_Tender_427350.pdf
188629,1058293,Rajdhani Unnayan Kartripakkha (RAJUK),Development of Residential and,RAJUK/PD_JHILMIL/EM-4,WALTON HI-TECH INDUSTRIES PLC.,6347500.384,5,5,,,RAJUK_Tender_1058293.pdf
187680,736874,Chittagong Development Authority,"Project Director(KK Newaz), Chittagong",PD/Bakalia/elec/st.l/e/0022,Power Net Enterprise,6304878.0,1,1,,,CDA_Tender_736874.pdf
188860,1008546,Rajdhani Unnayan Kartripakkha (RAJUK),Purbachal New Town Project,RAJUK/PD_Purbachal/104,M/s Mithila Enterprise,6253553.025,6,2,,,RAJUK_Tender_1008546.pdf
178132,639927,Rajdhani Unnayan Kartripakkha (RAJUK),Construction of multi-storied apartment,RAJUK/PD_9apt/Gen-S/S._Bldg-4,T.S Enterprise,6132044.298,5,5,,,RAJUK_Tender_639927.pdf
205443,1014738,Rajdhani Unnayan Kartripakkha (RAJUK),Office of the Superintending Engineer,Rajuk/Electrical-1/24/W-08,M/S Raj Development Construction,6008902.2,4,1,,,RAJUK_Tender_1014738.pdf
173790,550266,Cox's Bazar Development Authority,Cox's Bazar Development Authority,CoxDA/Rev/2020-21/Lighting-4/1,M/S. T.J Construction,5912816.094,2,1,,,COXDA_Tender_550266.pdf
53107,214275,Rajdhani Unnayan Kartripakkha (RAJUK),Office of the Chief Engineer,Rajuk/North Dhaka/P-9,CONVOY SERVICE,5906298.6,6,4,,,RAJUK_Tender_214275.pdf
194450,909196,Chittagong Development Authority,"Construction Division-1, Chattogram",PD/dewanhat/firefighting/e,MS TECHNOLOGIES LIMITED,5896865.104,2,2,,,CDA_Tender_909196.pdf
177279,614376,Chittagong Development Authority,"Project Director(M.Uddin), Chittagong",ExEn/Mestaqu/E-77,M/s J S Enterprise,5821337.259,1,1,yes ±10%,,CDA_Tender_614376.pdf
84197,174670,Rajdhani Unnayan Kartripakkha (RAJUK),office of the Chief Engineer ( Project &,GD/UAP/EM/2016-2017/Solar/09,Sherpa Power Engineering Ltd.,5767943.372,8,7,,,RAJUK_Tender_174670.pdf
84197,174671,Rajdhani Unnayan Kartripakkha (RAJUK),office of the Chief Engineer ( Project &,GD/UAP/EM/2016-2017/Solar/03,Sherpa Power Engineering Ltd.,5767943.372,7,7,,,RAJUK_Tender_174671.pdf
84197,174673,Rajdhani Unnayan Kartripakkha (RAJUK),office of the Chief Engineer ( Project &,GD/UAP/EM/2016-2017/Solar/04,Sherpa Power Engineering Ltd.,5767943.372,7,7,,,RAJUK_Tender_174673.pdf
84197,174674,Rajdhani Unnayan Kartripakkha (RAJUK),office of the Chief Engineer ( Project &,GD/UAP/EM/2016-2017/Solar/08,Sherpa Power Engineering Ltd.,5767943.372,6,6,,,RAJUK_Tender_174674.pdf
84197,174678,Rajdhani Unnayan Kartripakkha (RAJUK),office of the Chief Engineer ( Project &,GD/UAP/EM/2016-2017/Solar/05,Sherpa Power Engineering Ltd.,5767943.372,6,6,,,RAJUK_Tender_174678.pdf
84197,174680,Rajdhani Unnayan Kartripakkha (RAJUK),office of the Chief Engineer ( Project &,GD/UAP/EM/2016-2017/Solar/02,Sherpa Power Engineering Ltd.,5755380.572,7,6,,,RAJUK_Tender_174680.pdf
181641,889938,Rajdhani Unnayan Kartripakkha (RAJUK),Superintending Engineer (Civil Circle-4),RAJUK/imp-06/Sec-6/Zonal Office-1,M/S. AMIN TRADING CORPORATION,5685032.997,3,2,,,RAJUK_Tender_889938.pdf
179491,688763,Khulna Development Authority (KDA),Office of Exen (Maintenance),KDA/M/2021-2022/Jeep,Rangs Limited,5685000.001,1,1,,,KDA_Tender_688763.pdf
170470,514341,Rajdhani Unnayan Kartripakkha (RAJUK),Superintending Engineer (Civil Circle-1),Rajuk/SECC-1/,M/S. A. R. Enterprise,5534014.518,8,3,,,RAJUK_Tender_514341.pdf
207651,1096839,Rajdhani Unnayan Kartripakkha (RAJUK),Director (Admin),Rajuk/ Admin-3/25/G-01,Evergreen Printing press,5486186.5,8,7,,,RAJUK_Tender_1096839.pdf
176874,684610,Rajdhani Unnayan Kartripakkha (RAJUK),Superintending Engineer (Civil Circle-1),SE/CC-1/HQ/HatirjheelW-11,M/S Raj Development Construction,5485150.044,6,5,,,RAJUK_Tender_684610.pdf
161824,446283,Cox's Bazar Development Authority,Cox's Bazar Development Authority,CoxDA/eGP OTM-04/2020,M/S. Shishir Construction,5407490.335,1,1,,,COXDA_Tender_446283.pdf
206559,1023053,Rajdhani Unnayan Kartripakkha (RAJUK),Uttara Apartment Project,UAP/EM/GD-13,WALTON HI-TECH INDUSTRIES PLC.,5389730.275,5,5,,,RAJUK_Tender_1023053.pdf
196376,862601,Chittagong Development Authority,Project Director (CDA Square),PD/CDAsqr/estpwtp/52,Flowater Solutions Ltd.,5388565.65,3,3,,,CDA_Tender_862601.pdf
206559,1023051,Rajdhani Unnayan Kartripakkha (RAJUK),Uttara Apartment Project,UAP/EM/2024-2025/GD-08,The Continantal Builders,5380000.0,6,6,,,RAJUK_Tender_1023051.pdf
205410,1008472,Rajdhani Unnayan Kartripakkha (RAJUK),Office of the Superintending Engineer,RAJUK/Electrical-2,T.S Enterprise,5262343.2,5,2,,,RAJUK_Tender_1008472.pdf
218667,1205157,Rajdhani Unnayan Kartripakkha (RAJUK),Office of the Superintending Engineer,Rajuk/Electrical-1/25/G-08,Hazi Traders,5177345.0,,,,,RAJUK_Tender_1205157.pdf
176171,1056195,Rajdhani Unnayan Kartripakkha (RAJUK),Office of the Superintending Engineer,SEMECH-03,Sohel Engineering & Construction Ltd.,5100000.001,4,3,,,RAJUK_Tender_1056195.pdf
84197,174677,Rajdhani Unnayan Kartripakkha (RAJUK),office of the Chief Engineer ( Project &,GD/UAP/EM/2016-2017/Solar/07,Superstar Renweable Energy Ltd (SSG Solar),5063600.572,6,5,,,RAJUK_Tender_174677.pdf
118859,215555,Chittagong Development Authority,Project Director (Muradpur Flyover),e-tender PD/MF/E5818,M/s. Sohel Incorporation,5058783.36,5,5,,,CDA_Tender_215555.pdf
200967,936227,Rajdhani Unnayan Kartripakkha (RAJUK),Office of the Superintending Engineer,Rajuk/Electrical-1/23/W-05,MULTITRADE INTERNATIONAL,4960174.5,2,1,,,RAJUK_Tender_936227.pdf
153699,317767,Khulna Development Authority (KDA),Office of Planning Officer,KDA/EGP-03/PO/2018-2019,Rangs Limited,4900000.002,2,2,,,KDA_Tender_317767.pdf
179491,688794,Khulna Development Authority (KDA),Office of Exen (Maintenance),KDA/M/2021-2022/Pickup,Rangs Limited,4899000.001,1,1,,,KDA_Tender_688794.pdf
182206,653051,Cox's Bazar Development Authority,Cox's Bazar Development Authority,CoxDA/Rev/2021-22/Works/OTM/Sculpture/HC-DN,Extreme Engineering Development Consultant,4895631.057,1,1,,,COXDA_Tender_653051.pdf
183134,882631,Rajdhani Unnayan Kartripakkha (RAJUK),Director (Admin),RAJUK/DD_Admin-3/03,Shapla Enterprise,4863789.367,4,1,,,RAJUK_Tender_882631.pdf
176874,690870,Rajdhani Unnayan Kartripakkha (RAJUK),Superintending Engineer (Civil Circle-1),SE/CC-1/HQ/W-10,M/S. Maliha Enterprise,4862965.914,7,6,,,RAJUK_Tender_690870.pdf
161180,398199,Chittagong Development Authority,Electrical & Mechanical Engineering,xen/em/e-330,M/s Anas Trading International,4787600.824,10,4,,,CDA_Tender_398199.pdf
200875,926623,Rajdhani Unnayan Kartripakkha (RAJUK),Superintending Engineer (Civil Circle-2),Rajuk/SECC-2,Nur Traders,4722959.142,6,2,,,RAJUK_Tender_926623.pdf
166794,583663,Rajdhani Unnayan Kartripakkha (RAJUK),Construction of multi-storied apartment,RAJUK/PD_9apt/Gen-S/S._Bldg-5,MECO INTERNATIONAL,4711111.111,3,3,,,RAJUK_Tender_583663.pdf
151713,303865,Chittagong Development Authority,Project Director(Mohammad Hasan),PD/memorial/est-1,M/S. Mohshin & Brothers,4703277.861,2,2,yes ±10%,,CDA_Tender_303865.pdf
208892,1037582,Khulna Development Authority (KDA),Office of the Project Director (KDA Bus,KDA/Busterminal/W2/2024-25,S.A Enterprise,4699837.507,1,1,,,KDA_Tender_1037582.pdf
216607,1234511,Rajshahi Development Authority,Office of the Chairman,RDA/Own Fund/2025-26/GD-02,MAA Enterprise,4628900.0,,,,,RDA_Tender_1234511.pdf
52942,113428,Rajdhani Unnayan Kartripakkha (RAJUK),Office of the Chief Engineer,Rajuk/Purbachal/P-4,GUARD FORCE SERVICES & HUMAN RESOURCE,4581878.13,2,1,,,RAJUK_Tender_113428.pdf
215920,1135936,Rajdhani Unnayan Kartripakkha (RAJUK),Office of the Superintending Engineer,Rajuk/Electrical-1/25/G-1,TECHNO SOLUTION,4522500.0,8,3,,,RAJUK_Tender_1135936.pdf
93864,189828,Rajdhani Unnayan Kartripakkha (RAJUK),Office of the Chief Engineer,Rajuk/SouthDivision/02,M/S. Alam & Co.,4511829.041,1,1,,,RAJUK_Tender_189828.pdf
216607,1140112,Rajshahi Development Authority,Office of the Chairman,RDA/Own Fund/2025-26/GD-01,Mechanism Trade & Engineering Ltd.,4499844.64,6,6,,,RDA_Tender_1140112.pdf
178132,614373,Rajdhani Unnayan Kartripakkha (RAJUK),Construction of multi-storied apartment,RAJUK/PD_9apt/Lift_Bldg-6,Concept Elevators & Engineering Ltd.,4498200.356,1,1,,,RAJUK_Tender_614373.pdf
195872,935037,Rajshahi Development Authority,Office of the Chairman,RDA/BB square/W/2023-2024/03,RUPOKAR,4498000.001,2,1,,,RDA_Tender_935037.pdf
204348,1076521,Khulna Development Authority (KDA),Office of Exen (Maintenance),KDA/OTM/2024-2025/25,Rangs Limited,4495000.002,2,1,,,KDA_Tender_1076521.pdf
176171,1031800,Rajdhani Unnayan Kartripakkha (RAJUK),Office of the Superintending Engineer,SEMECH-1,MULTITRADE INTERNATIONAL,4473000.001,2,2,,,RAJUK_Tender_1031800.pdf
185197,1140010,Rajdhani Unnayan Kartripakkha (RAJUK),Office of the Superintending Engineer,SEMECH-05,M/S. Mehezabin Enterprise,4470752.7,5,5,,,RAJUK_Tender_1140010.pdf
196756,865569,Chittagong Development Authority,"Project Director(M.Uddin), Chittagong",EXEN/MSQ/E-104,M/s. Bhuiyan Traders,4403775.886,2,1,yes ±10%,,CDA_Tender_865569.pdf
161180,409461,Chittagong Development Authority,Electrical & Mechanical Engineering,xen/em/e-331,Dulal Enterprise (Pvt) Ltd.,4399000.035,10,3,,,CDA_Tender_409461.pdf
206559,1023060,Rajdhani Unnayan Kartripakkha (RAJUK),Uttara Apartment Project,UAP/EM/GD-28,Gess Bangladesh,4371342.068,9,9,,,RAJUK_Tender_1023060.pdf
207178,1081271,Rajdhani Unnayan Kartripakkha (RAJUK),Office of the Superintending Engineer,Rajuk/Electrical-2/25/W-01,PROPERTY DEVELOPMENT LIMITED,4320000.288,3,1,,,RAJUK_Tender_1081271.pdf
176171,1109365,Rajdhani Unnayan Kartripakkha (RAJUK),Office of the Superintending Engineer,SEMECH-12,Sohel Engineering & Construction Ltd.,4300000.001,4,2,,,RAJUK_Tender_1109365.pdf
151893,284197,Rajshahi Development Authority,Office of the Chairman,RDA/RMDP/G/2018-19/01,Thakral Information Systems Private Limited,4296920.002,1,1,,,RDA_Tender_284197.pdf
188785,815786,Chittagong Development Authority,Management Information System (MIS),MIS/Ins:Software/2023/02,Solution World Limited,4292000.0,1,1,,,CDA_Tender_815786.pdf
177279,683811,Chittagong Development Authority,"Project Director(M.Uddin), Chittagong",ExEn/Office/E-91,M/S Hasan & Brothers,4284081.243,2,1,yes ±10%,,CDA_Tender_683811.pdf
170647,517916,Rajdhani Unnayan Kartripakkha (RAJUK),Office of the Superintending Engineer,Rajuk/Electrical-2/20/W-06,M/S Sunny Construction,4270323.6,2,1,,,RAJUK_Tender_517916.pdf
166794,592175,Rajdhani Unnayan Kartripakkha (RAJUK),Construction of multi-storied apartment,RAJUK/PD_9apt/Lift_Bldg-9,Concept Elevators & Engineering Ltd.,4200000.323,2,2,,,RAJUK_Tender_592175.pdf
57822,114570,Chittagong Development Authority,Project Director (MehedibagSQ),e-tender/Mehedibagsq/B-07,M/S. R S A TRADE INTERNATIONAL,4197894.516,15,4,yes ±10%,,CDA_Tender_114570.pdf
32334,64165,Rajshahi Development Authority,Office of the Chaiman,RDA/Bana/W/2016-2017/01,Md.kabir Hossain,4187780.121,8,5,,,RDA_Tender_64165.pdf
75840,174717,Rajdhani Unnayan Kartripakkha (RAJUK),Office of the Chief Engineer,Rajuk/PD_Uttara3rd/10,Unity Builders & Engineering,4182472.787,1,1,,,RAJUK_Tender_174717.pdf
170470,514343,Rajdhani Unnayan Kartripakkha (RAJUK),Superintending Engineer (Civil Circle-1),Rajuk/SECC-3/,M/S. AMIN TRADING CORPORATION,4165651.89,9,2,,,RAJUK_Tender_514343.pdf
200967,936176,Rajdhani Unnayan Kartripakkha (RAJUK),Office of the Superintending Engineer,Rajuk/Electrical-1/23/W-03,Optimal Technology (Pvt. ) Ltd.,4160942.1,3,1,,,RAJUK_Tender_936176.pdf
168749,564502,Rajdhani Unnayan Kartripakkha (RAJUK),"Office of the Project Director, Urban",URP/RAJUK/G-21,Smart Technologies (BD) Ltd.,4094175.038,2,1,,,RAJUK_Tender_564502.pdf
193794,835443,Cox's Bazar Development Authority,CoxDA Master Plan,CoxDA/Dev/22-23/MP/Srv-Eqp,ADVANCE TECHNOLOGY CONSORTIUM LIMITED,3995000.016,2,2,,,COXDA_Tender_835443.pdf
51551,101083,Chittagong Development Authority,Project Director(DC Road),e-TENDERDC-06,M/S. Mohshin & Brothers,3963689.307,3,2,,,CDA_Tender_101083.pdf
22112,42800,Local Government Engineering,"Office of the Executive Engineer, LGED,",WD-UNR-CTG-BANSH-15/49,M/S. Al-Arif Enterprise,3923174.101,2,2,,,CDA_Tender_42800.pdf
162514,423315,Chittagong Development Authority,Management Information System (MIS),MIS/ITService/2019/107-1,Innovative Online Ltd.,3910680.006,1,1,,,CDA_Tender_423315.pdf
193794,835607,Cox's Bazar Development Authority,CoxDA Master Plan,CoxDA/Dev/22-23/MP/Off-Frntr,Hatil Complex Ltd,3889900.292,1,1,,,COXDA_Tender_835607.pdf
187078,730799,Chittagong Development Authority,Project Director (Dewanhat),PD/Dewanhat/Lift/E-r/27,CPDL LTD.,3743397.001,3,2,,,CDA_Tender_730799.pdf
200967,980083,Rajdhani Unnayan Kartripakkha (RAJUK),Office of the Superintending Engineer,Rajuk/Electrical-1/24/W-05,M/S Mirza Construction,3723940.8,3,2,,,RAJUK_Tender_980083.pdf
177279,616340,Chittagong Development Authority,"Project Director(M.Uddin), Chittagong",ExEn/Mestaqu/E-78,M/S. Gulzar Trading,3650723.019,4,4,yes ±10%,,CDA_Tender_616340.pdf
152356,291722,Rajshahi Development Authority,Office of the Chairman,RDA/GOB/G/2018-19/02,PS Engineering,3630000.002,9,9,,,RDA_Tender_291722.pdf
206011,1205116,Rajdhani Unnayan Kartripakkha (RAJUK),Office of the Superintending Engineer,RAJUK/SEMEC-4,Furniture Concept & Interior Ltd.,3600650.0,,,,,RAJUK_Tender_1205116.pdf
206297,1016323,Cox's Bazar Development Authority,Cox's Bazar Development Authority,CoxDA/Rev/Works/OTM/OBMR/FY2024-25,Sumon Enterprise,3596400.0,3,3,,,COXDA_Tender_1016323.pdf
56410,111480,Local Government Engineering,"Office of the Executive Engineer, LGED,",IRIDP-2/STK/MW-147,Md Rafiqul Islam.,3560581.224,3,3,,,RAJUK_Tender_111480.pdf
158468,360423,Chittagong Development Authority,Project Director(M.Uddin),PD/MeStKo/E-55,M/S. Gulzar Trading,3555766.8,4,1,yes ±10%,,CDA_Tender_360423.pdf
193877,1082495,Rajdhani Unnayan Kartripakkha (RAJUK),Superintending Engineer (Civil Circle-4),RAJUK/SECC4-IMP6/ParkRenovation-1,Aliza Enterprise,3531092.112,12,6,,,RAJUK_Tender_1082495.pdf
187599,733637,Cox's Bazar Development Authority,Cox's Bazar Development Authority,CoxDA/OF/22-23/OTM/Works/01,M/S N Mohammed Trading,3501581.85,2,1,,,COXDA_Tender_733637.pdf
179660,616293,Rajdhani Unnayan Kartripakkha (RAJUK),Purbachal New Town Project,Rajuk/PD_Purbachal/70,M/S. Sharif & Sons,3463421.4,5,1,,,RAJUK_Tender_616293.pdf
179660,616294,Rajdhani Unnayan Kartripakkha (RAJUK),Purbachal New Town Project,Rajuk/PD_Purbachal/71,M/S Sunny Construction,3463421.4,4,1,,,RAJUK_Tender_616294.pdf
195732,959288,Rajdhani Unnayan Kartripakkha (RAJUK),Uttara Apartment Project,UAP/EM/2023-2024/GD-11,Gess Bangladesh,3443779.584,5,5,,,RAJUK_Tender_959288.pdf
206297,1024807,Cox's Bazar Development Authority,Cox's Bazar Development Authority,CoxDA/Rev/Goods/OTM/Com/FY2024-25,Smart Technologies (BD) Ltd.,3442695.162,5,2,,,COXDA_Tender_1024807.pdf
193341,824096,Chittagong Development Authority,"Construction Division-1, Chattogram",Cd1/01,M/s.Suraim Enterprise,3388017.55,2,2,,,CDA_Tender_824096.pdf
98880,199368,Rajdhani Unnayan Kartripakkha (RAJUK),office of the Chief Engineer ( Project &,Rajuk/Electrical-2/18/W-11,M/S. Sany Construction,3348987.3,5,2,,,RAJUK_Tender_199368.pdf
177279,631780,Chittagong Development Authority,"Project Director(M.Uddin), Chittagong",Xen/office/hill/E-84,M/S. Nice Enterprise,3296663.136,3,2,yes ±10%,,CDA_Tender_631780.pdf
35487,144571,Rajdhani Unnayan Kartripakkha (RAJUK),office of the Chief Engineer ( Project &,Rajuk/Mechanical-1/01/P-2,M/s. Halim Enterprise.,3242100.005,4,4,,,RAJUK_Tender_144571.pdf
209082,1215675,Rajdhani Unnayan Kartripakkha (RAJUK),Office of the Superintending Engineer,Rajuk/Electrical-1/25/G-02,Cooltech Corporation,3148760.0,,,,,RAJUK_Tender_1215675.pdf
163478,459665,Khulna Development Authority (KDA),Office of the Executive Engineer (Works),kda/goods/01,MAAN BANGLADESH LTD.,3102817.5,3,1,,,KDA_Tender_459665.pdf
177988,622539,Rajdhani Unnayan Kartripakkha (RAJUK),Office of the Superintending Engineer,Rajuk/Electrical-2/21/G-01,M/S TANIN ENTERPRISE,3097300.59,3,2,,,RAJUK_Tender_622539.pdf
181641,661661,Rajdhani Unnayan Kartripakkha (RAJUK),Superintending Engineer (Civil Circle-4),RAJUK/imp-6/2021-22/WR4,M/S. A. R. Enterprise,3072847.077,6,6,,,RAJUK_Tender_661661.pdf
214007,1123494,Rajdhani Unnayan Kartripakkha (RAJUK),Superintending Engineer (Civil Circle-1),SECC1/EE/HQ/W-02,Aliza Enterprise,3048018.489,10,3,,,RAJUK_Tender_1123494.pdf
176874,620619,Rajdhani Unnayan Kartripakkha (RAJUK),Superintending Engineer (Civil Circle-1),SE/CC-1/HQ/W-02,M/S. A. R. Enterprise,3045193.803,5,5,,,RAJUK_Tender_620619.pdf
181641,661888,Rajdhani Unnayan Kartripakkha (RAJUK),Superintending Engineer (Civil Circle-4),RAJUK/imp-06/2021-22/WR5,M/S. Maliha Enterprise,3032142.912,7,7,,,RAJUK_Tender_661888.pdf
177279,667218,Chittagong Development Authority,"Project Director(M.Uddin), Chittagong",ExEn/Me.St.Qt/E-85,M/S. A. F. C.,3017182.356,1,1,yes ±10%,,CDA_Tender_667218.pdf
216976,1146506,Rajdhani Unnayan Kartripakkha (RAJUK),Office of the Superintending Engineer,Rajuk/Electrical-1/25/W-02,M/S Sunny Construction,3001426.2,2,1,,,RAJUK_Tender_1146506.pdf
129714,309557,Chittagong Development Authority,Project Director(M.Uddin),PD/Banglow/E-51,M/S. Gulzar Trading,2990847.654,1,1,yes ±10%,,CDA_Tender_309557.pdf
128477,248621,Rajdhani Unnayan Kartripakkha (RAJUK),office of the Chief Engineer ( Project &,UAP/EM/2016-2017/EL/12,M/S. Sany Construction,2989746.0,12,4,,,RAJUK_Tender_248621.pdf
128477,248622,Rajdhani Unnayan Kartripakkha (RAJUK),office of the Chief Engineer ( Project &,UAP/EM/2016-2017/EL/13,M/S. Sany Construction,2989746.0,13,4,,,RAJUK_Tender_248622.pdf
128477,248619,Rajdhani Unnayan Kartripakkha (RAJUK),office of the Chief Engineer ( Project &,UAP/EM/2016-2017/EL/11,M/S. Sany Construction,2989746.0,12,4,,,RAJUK_Tender_248619.pdf
128477,248618,Rajdhani Unnayan Kartripakkha (RAJUK),office of the Chief Engineer ( Project &,UAP/EM/2016-2017/EL/10,M/S. Sany Construction,2989746.0,12,4,,,RAJUK_Tender_248618.pdf
128477,248616,Rajdhani Unnayan Kartripakkha (RAJUK),office of the Chief Engineer ( Project &,UAP/EM/2016-2017/EL/08,M/S. Sany Construction,2989746.0,12,4,,,RAJUK_Tender_248616.pdf
128477,248617,Rajdhani Unnayan Kartripakkha (RAJUK),office of the Chief Engineer ( Project &,UAP/EM/2016-2017/EL/09,M/S. Sany Construction,2989746.0,13,5,,,RAJUK_Tender_248617.pdf
128477,236242,Rajdhani Unnayan Kartripakkha (RAJUK),office of the Chief Engineer ( Project &,UAP/EM/2016-2017/EL/07,M/S. Sany Construction,2989746.0,12,4,,,RAJUK_Tender_236242.pdf
196083,944366,Rajdhani Unnayan Kartripakkha (RAJUK),Superintending Engineer (Civil Circle-1),SE/CC-1/HQ/HatirjheelW-10,M/S. AMIN TRADING CORPORATION,2953145.394,1,1,,,RAJUK_Tender_944366.pdf
177279,637086,Chittagong Development Authority,"Project Director(M.Uddin), Chittagong",XEN/MeStQtr/E-80,Trade Spin,2934320.184,1,1,yes ±10%,,CDA_Tender_637086.pdf
201659,948446,Rajdhani Unnayan Kartripakkha (RAJUK),Office of the Superintending Engineer,Rajuk/Electrical-1/24/W-01,M/S Sunny Construction,2904340.5,2,1,,,RAJUK_Tender_948446.pdf
84197,198193,Rajdhani Unnayan Kartripakkha (RAJUK),office of the Chief Engineer ( Project &,GD/UAP/EM/2016-2017/Solar/01,Sherpa Power Engineering Ltd.,2899350.286,5,5,,,RAJUK_Tender_198193.pdf
205433,1031714,Rajdhani Unnayan Kartripakkha (RAJUK),Office of the Superintending Engineer,Rajuk/Electrical-1/24/G-11,Concept Elevators & Engineering Ltd.,2899000.176,5,5,,,RAJUK_Tender_1031714.pdf
187078,791688,Chittagong Development Authority,Project Director (Dewanhat),PDDWNE29,MS TECHNOLOGIES LIMITED,2888470.843,2,2,,,CDA_Tender_791688.pdf
169630,515366,Chittagong Development Authority,Construction Division-3,cd3/esti/626,M/S. Shah Amanat Traders,2803601.934,1,1,yes ±10%,,CDA_Tender_515366.pdf
177279,670154,Chittagong Development Authority,"Project Director(M.Uddin), Chittagong",ExEn/Me.St.Qt/E-90,M/S. Nice Enterprise,2775181.446,1,1,yes ±10%,,CDA_Tender_670154.pdf
43554,89768,Department of Public Health Engineering,"Office of the Executive Engineer DPHE,",WB-2415,M/S. Mukta Enterprise,2729526.828,2,2,,,RAJUK_Tender_89768.pdf
194450,851863,Chittagong Development Authority,"Construction Division-1, Chattogram",CD1/e1482,M/S. Khan Corporation,2707964.064,2,2,,,CDA_Tender_851863.pdf
207300,1074661,Rajdhani Unnayan Kartripakkha (RAJUK),Office of the Superintending Engineer,Rajuk/Electrical-2/25/W-02,NATIONAL DEVELOPMENT ENGINEERS LTD.,2689391.7,3,2,,,RAJUK_Tender_1074661.pdf
177279,640368,Chittagong Development Authority,"Project Director(M.Uddin), Chittagong",XEN/office//E-79,M/S Hasan & Brothers,2681912.169,2,2,yes ±10%,,CDA_Tender_640368.pdf
200566,965239,Chittagong Development Authority,Superintending Engineer-2,SE2/Saltgola Shopping/E-52/02,M/s.Suraim Enterprise,2678023.363,3,3,yes ±10%,,CDA_Tender_965239.pdf
162585,427858,Rajdhani Unnayan Kartripakkha (RAJUK),Purbachal New Town Project,Rajuk/PD_Purbachal/41,M/S. Alam & Co.,2665436.4,6,2,,,RAJUK_Tender_427858.pdf
165361,471795,Cox's Bazar Development Authority,Cox's Bazar Development Authority,CoxDA/eGP OTM-07/2020,M/S. T.J Construction,2661750.0,1,1,,,COXDA_Tender_471795.pdf
162651,436738,Chittagong Development Authority,Project Director (Saltgola),CD-1/E-1470,ELECTROMECH AUTOMATION SERVICES LTD,2656104.938,2,1,yes ±10%,,CDA_Tender_436738.pdf
194450,909179,Chittagong Development Authority,"Construction Division-1, Chattogram",PD/Dewanhat/PABXCCTV/E,MS TECHNOLOGIES LIMITED,2640523.644,2,2,,,CDA_Tender_909179.pdf
169630,501707,Chittagong Development Authority,Construction Division-3,cd3/esti/623,M/S. Gulzar Trading,2617523.059,1,1,yes ±10%,,CDA_Tender_501707.pdf
177279,669414,Chittagong Development Authority,"Project Director(M.Uddin), Chittagong",ExEn/Me.St.Qt/E-87,M/S. Gulzar Trading,2605776.228,2,2,yes ±10%,,CDA_Tender_669414.pdf
184477,695670,Khulna Development Authority (KDA),Office of Planning Officer,KDA/EGP-01/PO/2021-2022,YSP TECHNOLOGY,2598500.001,1,1,,,KDA_Tender_695670.pdf
180981,680144,Rajshahi Development Authority,Office of the Chairman,RDA/RMDP/G/2021-2022/02,Arc Bangladesh Ltd.,2595000.001,1,1,,,RDA_Tender_680144.pdf
86001,159826,Local Government Engineering,"Office of the Executive Engineer, LGED,",GPBRIDP/RD-232,M/S. SHAFIQUE TRADERS,2575159.201,6,6,,,RAJUK_Tender_159826.pdf
185197,1140011,Rajdhani Unnayan Kartripakkha (RAJUK),Office of the Superintending Engineer,SEMECH-06,M/S. Mehezabin Enterprise,2543126.4,3,1,,,RAJUK_Tender_1140011.pdf
207221,1030720,Rajdhani Unnayan Kartripakkha (RAJUK),Office of the Superintending Engineer,Rajuk/Electrical-1/24/W-10,M/S TANIN ENTERPRISE,2538953.352,1,1,,,RAJUK_Tender_1030720.pdf
200967,969822,Rajdhani Unnayan Kartripakkha (RAJUK),Office of the Superintending Engineer,Rajuk/Electrical-1/24/W-04,M/S. Maliha Enterprise,2525937.3,2,2,,,RAJUK_Tender_969822.pdf
200967,936225,Rajdhani Unnayan Kartripakkha (RAJUK),Office of the Superintending Engineer,Rajuk/Electrical-1/23/W-04,M/S TANIN ENTERPRISE,2520856.8,3,2,,,RAJUK_Tender_936225.pdf
206559,1023054,Rajdhani Unnayan Kartripakkha (RAJUK),Uttara Apartment Project,UAP/EM/GD-02,M/S. Miaze Enterprise,2499992.21,5,5,,,RAJUK_Tender_1023054.pdf
200967,980096,Rajdhani Unnayan Kartripakkha (RAJUK),Office of the Superintending Engineer,Rajuk/Electrical-1/24/W-06,Aliza Enterprise,2499710.4,3,2,,,RAJUK_Tender_980096.pdf
196376,954661,Chittagong Development Authority,Project Director (CDA Square),PD/CDAsqr/egas/e55,BM Energy (BD) limited,2445000.12,1,1,,,CDA_Tender_954661.pdf
53107,214247,Rajdhani Unnayan Kartripakkha (RAJUK),Office of the Chief Engineer,Rajuk/North Dhaka/P-6,M/S. A. R. Enterprise,2440199.7,5,4,,,RAJUK_Tender_214247.pdf
181641,710843,Rajdhani Unnayan Kartripakkha (RAJUK),Superintending Engineer (Civil Circle-4),RAJUK/Imp-06/Sec-3/Bldg-4,M/S Britto Construction,2401706.133,4,1,,,RAJUK_Tender_710843.pdf
159826,475789,Rajdhani Unnayan Kartripakkha (RAJUK),"Office of the Project Director, Urban",URP/RAJUK/G-19,RANCON MOTOR BIKES LIMITED,2400000.03,4,1,,,RAJUK_Tender_475789.pdf
193794,834339,Cox's Bazar Development Authority,CoxDA Master Plan,CoxDA/Dev/22-23/MP/Com-Accs,Smart Technologies (BD) Ltd.,2394588.278,2,2,,,COXDA_Tender_834339.pdf
199030,891746,Rajdhani Unnayan Kartripakkha (RAJUK),Office of the Superintending Engineer,Rajuk/Electrical-1/23/W-02,M/S TANIN ENTERPRISE,2388323.727,2,2,,,RAJUK_Tender_891746.pdf
177279,644083,Chittagong Development Authority,"Project Director(M.Uddin), Chittagong",ExEn/Me.Sta.Qu/E-81,M/S. Gulzar Trading,2384371.026,2,2,yes ±10%,,CDA_Tender_644083.pdf
205548,1072723,Khulna Development Authority (KDA),Office of the Assistant Programmer,computer/2024-2025/02,Intimacy Computer & Solutions,2323957.303,3,3,,,KDA_Tender_1072723.pdf
187293,840372,Chittagong Development Authority,"Project Director(M.Uddin), Chittagong",EXEN/BB/BBlock/E-101/2023,M/S. J.J. Traders,2322988.272,1,1,yes ±10%,,CDA_Tender_840372.pdf
218878,1272190,Cox's Bazar Development Authority,CoxDA Master Plan,CoxDA/Dev/25-26/MP/Printing-Binding,M/S Molla & Brothers,2303971.35,,,,,COXDA_Tender_1272190.pdf
224264,1251756,Gazipur Development Authority,"Office of the Chief Engineer, Gazipur",gda-dev-2025-2026-2-1,CAR RENT. COM BD,2294100.0,,,,,GDA_Tender_1251756.pdf
90287,171570,Rajdhani Unnayan Kartripakkha (RAJUK),office of the Chief Engineer ( Project &,Rajuk/electrical-1/18/w-7,M/S Nur Enterprise,2283984.0,7,3,,,RAJUK_Tender_171570.pdf
181641,727612,Rajdhani Unnayan Kartripakkha (RAJUK),Superintending Engineer (Civil Circle-4),RAJUK/Imp-06/Sec-3/Bldg-1,M/S. Khan Enterprise,2273120.991,4,1,,,RAJUK_Tender_727612.pdf
166705,539744,Chittagong Development Authority,Project Director(M.Uddin),PD/BB/E-70,M/s.Suraim Enterprise,2261891.109,2,1,yes ±10%,,CDA_Tender_539744.pdf
169630,504349,Chittagong Development Authority,Construction Division-3,cd3/esti/624,Md M G Azgar Hossain,2253274.281,3,3,yes ±10%,,CDA_Tender_504349.pdf
207651,1096909,Rajdhani Unnayan Kartripakkha (RAJUK),Director (Admin),Rajuk/ Admin-3/25/G-02,ENOVA COMMUNICATIONS,2249250.0,6,5,,,RAJUK_Tender_1096909.pdf
163485,507537,Rajdhani Unnayan Kartripakkha (RAJUK),Superintending Engineer (Civil Circle-3),Rajuk/Secc3/02,M/S. Alam & Co.,2245665.168,2,2,,,RAJUK_Tender_507537.pdf
183134,663428,Rajdhani Unnayan Kartripakkha (RAJUK),Director (Admin),RAJUK/Admin/DD-3/stationery,Shapla Enterprise,2243561.755,5,2,,,RAJUK_Tender_663428.pdf
199096,916128,Cox's Bazar Development Authority,Cox's Bazar Development Authority,CoxDA/OF/2023-24/Works/OTM/5no. Sculpture,R R Enterprise,2241467.989,2,2,,,COXDA_Tender_916128.pdf
52943,119545,Rajdhani Unnayan Kartripakkha (RAJUK),Office of the Chief Engineer,5-3205-3111-UMT/07,M/S. A. R. Enterprise,2237776.416,3,1,,,RAJUK_Tender_119545.pdf
205443,1097226,Rajdhani Unnayan Kartripakkha (RAJUK),Office of the Superintending Engineer,RAJUK/SE/ELECTRICAL-CCTV-001,Aliza Enterprise,2232503.691,,,,,RAJUK_Tender_1097226.pdf
179898,629331,Chittagong Development Authority,Electrical & Mechanical Engineering,EM01,Power Net Enterprise,2230689.6,4,3,,,CDA_Tender_629331.pdf
224283,1253316,Gazipur Development Authority,"Planning Section, Gazipur Development",gda-dev-2025-2026-1-3,Creative Engineering & Technology,2151360.0,,,,,GDA_Tender_1253316.pdf
184772,699961,Khulna Development Authority (KDA),Office of the Assistant Programmer,Computer/2021-22/01,M/s B. D. & CO,2142865.125,4,4,,,KDA_Tender_699961.pdf
191616,888828,Rajdhani Unnayan Kartripakkha (RAJUK),Office of the Superintending Engineer,Rajuk/Electrical-1/23/W-01,Daffodil Electric Company,2130000.096,1,1,,,RAJUK_Tender_888828.pdf
129714,235166,Chittagong Development Authority,Project Director(M.Uddin),pd/mehedibagSQ/E-41,M/S. National Builders,2109152.799,2,2,yes ±10%,,CDA_Tender_235166.pdf
129743,235131,Chittagong Development Authority,Project Director(M.Uddin),pd/OfficeBhaban/E-42,M/S. S.K. Traders & Suppliers,2070872.235,2,1,yes ±10%,,CDA_Tender_235131.pdf
216869,1231413,Chittagong Development Authority,Management Information System (MIS),MIS/SnUPSP/HP/2018/84/P-2,B & S ENGINEERING,2054979.681,,,,,CDA_Tender_1231413.pdf
176807,595725,Rajshahi Development Authority,Office of the Chairman,RDA/WF/W/2021-2022/01,Khaled Mohammad Selim,2023714.563,3,1,,,RDA_Tender_595725.pdf
177279,598954,Chittagong Development Authority,"Project Director(M.Uddin), Chittagong",Enex/office/E-76,M/S. Gulzar Trading,1999405.152,2,2,yes ±10%,,CDA_Tender_598954.pdf
217483,1185193,Cox's Bazar Development Authority,Cox's Bazar Development Authority,CoxDA/Revenue/Goods/Computer/FY2025-26,Smart Technologies (BD) Ltd.,1994109.2,,,,,COXDA_Tender_1185193.pdf
218878,1163081,Cox's Bazar Development Authority,CoxDA Master Plan,CoxDA/Dev/25-26/MP/Workshop-Seminar,M/S. Prominent Engineers,1992265.0,,,,,COXDA_Tender_1163081.pdf
173888,577378,Cox's Bazar Development Authority,Cox's Bazar Development Authority,CoxDA/Dev/2020-21/Office Bldng/Arboriculture,Extreme Engineering Development Consultant,1982306.851,1,1,,,COXDA_Tender_577378.pdf
206559,1023061,Rajdhani Unnayan Kartripakkha (RAJUK),Uttara Apartment Project,UAP/EM/GD-19,T.S Enterprise,1978340.549,12,12,,,RAJUK_Tender_1023061.pdf
169630,519402,Chittagong Development Authority,Construction Division-3,cd3/Esti/627,Mahmud Construction,1975027.986,1,1,yes ±10%,,CDA_Tender_519402.pdf
202318,960601,Rajshahi Development Authority,Office of the Chairman,Liasion Office-1,M/S Gazi Construction,1965000.0,1,1,,,RDA_Tender_960601.pdf
205410,1147755,Rajdhani Unnayan Kartripakkha (RAJUK),Office of the Superintending Engineer,Rajuk/Electrical-2/25/W-03,M/S Sunny Construction,1908396.0,2,2,,,RAJUK_Tender_1147755.pdf
169630,504351,Chittagong Development Authority,Construction Division-3,cd3/esti/625,M/S KOBITA CONSTRUCTION,1902004.5,3,2,,,CDA_Tender_504351.pdf
190015,781011,Cox's Bazar Development Authority,Cox's Bazar Development Authority,CoxDA/Rev/22-23/OTM/Goods/Advertisement-Publicity,M/S N Mohammed Trading,1889502.525,2,1,,,COXDA_Tender_781011.pdf
158468,410561,Chittagong Development Authority,Project Director(M.Uddin),NiPro/CDAHill/E-62,M/S. Khaja G.N Enterpriser,1876490.289,2,1,yes ±10%,,CDA_Tender_410561.pdf
199030,948435,Rajdhani Unnayan Kartripakkha (RAJUK),Office of the Superintending Engineer,Rajuk/Electrical-1/24/W-02,M/S TANIN ENTERPRISE,1875194.127,2,2,,,RAJUK_Tender_948435.pdf
204772,1128572,Chittagong Development Authority,"Project Director(M.Uddin), Chittagong",ExEn/Meh.Staff.Qtr/E122,M/S. Haroon & Brothers,1875002.607,3,1,yes ±10%,,CDA_Tender_1128572.pdf
196756,945416,Chittagong Development Authority,"Project Director(M.Uddin), Chittagong",EXEN/OFFICE/I-106/01,M/S. Gulzar Trading,1867479.381,2,2,yes ±10%,,CDA_Tender_945416.pdf
190063,842165,Rajdhani Unnayan Kartripakkha (RAJUK),Construction of multi-storied apartment,RAJUK/PD_9apt/Solar_Bldg-8,Gess Bangladesh,1842091.095,11,2,,,RAJUK_Tender_842165.pdf
217483,1163354,Cox's Bazar Development Authority,Cox's Bazar Development Authority,CoxDa/Rev/2025-26/Stationery/GR-05/02,Nahar Construction,1829530.0,,,,,COXDA_Tender_1163354.pdf
217483,1157085,Cox's Bazar Development Authority,Cox's Bazar Development Authority,CoxDA/Rev/2025-26/OTM/Works/WR-05/1,M/S. Prominent Engineers,1820904.024,,,,,COXDA_Tender_1157085.pdf
217483,1184470,Cox's Bazar Development Authority,Cox's Bazar Development Authority,CoxDA/Revenue/Works/OTM/EW/FY2025-26,Nahar Construction,1811395.726,,,,,COXDA_Tender_1184470.pdf
217483,1172101,Cox's Bazar Development Authority,Cox's Bazar Development Authority,CoxDA/Rev/2025-26/OTM/Goods/WR-02Add.,Nahar Construction,1807700.0,,,,,COXDA_Tender_1172101.pdf
202791,975403,Cox's Bazar Development Authority,CoxDA Master Plan,CoxDA/Dev/23-24/MP/Mchnrs-Eqpmnt,Smart Technologies (BD) Ltd.,1798750.11,1,1,,,COXDA_Tender_975403.pdf
218878,1273100,Cox's Bazar Development Authority,CoxDA Master Plan,CoxDA/Dev/25-26/MP/Stationery,M/S Molla & Brothers,1767938.6,,,,,COXDA_Tender_1273100.pdf
209082,1215677,Rajdhani Unnayan Kartripakkha (RAJUK),Office of the Superintending Engineer,Rajuk/Electrical-1/25/G-05,AAYAT ENTERPRISE,1739831.102,,,,,RAJUK_Tender_1215677.pdf
188785,836329,Chittagong Development Authority,Management Information System (MIS),MIS/Kroi/2021/26/P-10/138,Verbal,1725135.081,4,2,,,CDA_Tender_836329.pdf
151893,322093,Rajshahi Development Authority,Office of the Chairman,RDA/RMDP/G/2018-19/03,ADVANCE TECHNOLOGY CONSORTIUM LIMITED,1720000.004,3,1,,,RDA_Tender_322093.pdf
200722,935064,Cox's Bazar Development Authority,Cox's Bazar Development Authority,CoxDA/Rev/2023-24/Goods/OTM/Gift Item Purchase,S. R. Trade International,1719003.45,4,2,,,COXDA_Tender_935064.pdf
201659,1002854,Rajdhani Unnayan Kartripakkha (RAJUK),Office of the Superintending Engineer,Rajuk/Electrical-2/24/W-02,PROPERTY DEVELOPMENT LIMITED,1703786.4,1,1,,,RAJUK_Tender_1002854.pdf
206297,1024943,Cox's Bazar Development Authority,Cox's Bazar Development Authority,CoxDA/Rev/2024-25/OTM/Goods/Gift-Item,Jahan Enterprise,1701121.801,4,2,,,COXDA_Tender_1024943.pdf
195732,962656,Rajdhani Unnayan Kartripakkha (RAJUK),Uttara Apartment Project,UAP/EM/2023-2024/GD-06,Gess Bangladesh,1697789.794,7,7,,,RAJUK_Tender_962656.pdf
202791,976291,Cox's Bazar Development Authority,CoxDA Master Plan,CoxDA/Dev/23-24/MP/Stationery,M/S M R Enterprise,1656583.77,1,1,,,COXDA_Tender_976291.pdf
217483,1183835,Cox's Bazar Development Authority,Cox's Bazar Development Authority,CoxDA/Revenue/Works/OP/FY2025-26,Sumon Enterprise,1639290.492,,,,,COXDA_Tender_1183835.pdf
170655,536846,Rajdhani Unnayan Kartripakkha (RAJUK),Office of the Superintending Engineer,Rajuk/Electrical-1/20/W-07,M/S Sunny Construction,1634709.6,2,1,,,RAJUK_Tender_536846.pdf
216177,1173557,Rajdhani Unnayan Kartripakkha (RAJUK),Construction of multi-storied apartment,Rajuk/PD_9apt/PSN,M/S. Alam & Co.,1618997.68,,,,,RAJUK_Tender_1173557.pdf
216607,1140113,Rajshahi Development Authority,Office of the Chairman,RDA/Own Fund/2025-26/W-01,M/S Gazi Construction,1618510.554,3,3,,,RDA_Tender_1140113.pdf
145128,276518,Rajdhani Unnayan Kartripakkha (RAJUK),office of the Chief Engineer ( Project &,Rajuk/Admin/4,Mitu Printing Press & Packaging,1588977.57,6,5,,,RAJUK_Tender_276518.pdf
224264,1251766,Gazipur Development Authority,"Office of the Chief Engineer, Gazipur",gda-dev-2025-2026-2-4,GREONY CORPORATION,1587600.0,,,,,GDA_Tender_1251766.pdf
186700,728690,Khulna Development Authority (KDA),Office of Exen (Maintenance),KDA/2022-23/01,Add construction solution,1582766.15,2,2,,,KDA_Tender_728690.pdf
182941,670297,Chittagong Development Authority,Project Director (Master Plan),224311100/GD-2,MS TECHNOLOGIES LIMITED,1544500.025,2,2,,,CDA_Tender_670297.pdf
183134,882632,Rajdhani Unnayan Kartripakkha (RAJUK),Director (Admin),RAJUK/DD_Admin-3/04,Evergreen Printing press,1537990.205,4,1,,,RAJUK_Tender_882632.pdf
178008,706666,Rajdhani Unnayan Kartripakkha (RAJUK),Office of the Superintending Engineer,Rajuk/Electrical-1/21/W-07,M/S. Bangladesh Computer Land,1517292.0,4,1,,,RAJUK_Tender_706666.pdf
10014,18994,Rajdhani Unnayan Kartripakkha (RAJUK),office of Chief Engineer ( Project &,e-GP/02/CE(P&D)/MIS/2014-15,ConnectBD Limited,1512000.037,1,1,,,RAJUK_Tender_18994.pdf
128477,248623,Rajdhani Unnayan Kartripakkha (RAJUK),office of the Chief Engineer ( Project &,UAP/EM/2016-2017/EL/02,M/S. Sany Construction,1494873.0,12,5,,,RAJUK_Tender_248623.pdf
128477,248633,Rajdhani Unnayan Kartripakkha (RAJUK),office of the Chief Engineer ( Project &,UAP/EM/2016-2017/EL/06,M/S. Sany Construction,1494873.0,12,4,,,RAJUK_Tender_248633.pdf
128477,248625,Rajdhani Unnayan Kartripakkha (RAJUK),office of the Chief Engineer ( Project &,UAP/EM/2016-2017/EL/03,M/S. Sany Construction,1494873.0,12,5,,,RAJUK_Tender_248625.pdf
128477,248631,Rajdhani Unnayan Kartripakkha (RAJUK),office of the Chief Engineer ( Project &,UAP/EM/2016-2017/EL/05,M/S. Sany Construction,1494873.0,14,4,,,RAJUK_Tender_248631.pdf
128477,236241,Rajdhani Unnayan Kartripakkha (RAJUK),office of the Chief Engineer ( Project &,UAP/EM/2016-2017/EL/01,M/S. Sany Construction,1494873.0,12,5,,,RAJUK_Tender_236241.pdf
200722,963987,Cox's Bazar Development Authority,Cox's Bazar Development Authority,CoxDA/Rev/2023-24/Goods/OTM/Lighting Works,H.A Enterprise,1490274.643,1,1,,,COXDA_Tender_963987.pdf
106614,192714,Chittagong Development Authority,Management Information System (MIS),Tender bat-svr-ac-84,Smart Digital Technologies,1480801.073,4,1,,,CDA_Tender_192714.pdf
224425,1253428,Gazipur Development Authority,"Office of the Member,Administration and",gda-dev-2025-2026-3-3,Creative Engineering & Technology,1467648.0,,,,,GDA_Tender_1253428.pdf
216177,1138415,Rajdhani Unnayan Kartripakkha (RAJUK),Construction of multi-storied apartment,RAJUK/PD_9apt/Bldg_01/Arboriculture,M/S MEHNUR TRADERS,1461741.579,,,,,RAJUK_Tender_1138415.pdf
187390,836225,Rajshahi Development Authority,Office of the Chairman,RDA/WF/W/2022-23/02,ETASA ENTERPRISE,1450736.1,1,1,,,RDA_Tender_836225.pdf
186665,775518,Rajdhani Unnayan Kartripakkha (RAJUK),Uttara Apartment Project,UAP/EM/CCTV/GD/13,M/S Sunny Construction,1446505.75,3,3,,,RAJUK_Tender_775518.pdf
169562,510186,Rajdhani Unnayan Kartripakkha (RAJUK),Superintending Engineer (Civil Circle-1),Admin-01,INQILAB ENTERPRISE,1437851.259,4,2,,,RAJUK_Tender_510186.pdf
206297,1024948,Cox's Bazar Development Authority,Cox's Bazar Development Authority,CoxDA/Rev/2024-25/OTM/Goods/Stationery,M/S Kamol Trade International,1435753.901,5,3,,,COXDA_Tender_1024948.pdf
186700,728691,Khulna Development Authority (KDA),Office of Exen (Maintenance),KDA/2022-23/02,Add construction solution,1434449.004,3,3,,,KDA_Tender_728691.pdf
75659,169223,Rajdhani Unnayan Kartripakkha (RAJUK),office of the Chief Engineer ( Project &,Rajuk/Electrical-1/14,Silver Sun Electronics,1430370.835,5,1,,,RAJUK_Tender_169223.pdf
183134,865422,Rajdhani Unnayan Kartripakkha (RAJUK),Director (Admin),RAJUK/DD_Admin-3/01,Total Accessories,1426506.247,4,3,,,RAJUK_Tender_865422.pdf
186700,728692,Khulna Development Authority (KDA),Office of Exen (Maintenance),KDA/2022-23/03,Add construction solution,1421549.007,2,2,,,KDA_Tender_728692.pdf
57030,119636,Rajdhani Unnayan Kartripakkha (RAJUK),office of the Chief Engineer ( Project &,Rajuk/Electrical-1,Chanderima Refrigeration,1380218.4,2,1,,,RAJUK_Tender_119636.pdf
200722,937128,Cox's Bazar Development Authority,Cox's Bazar Development Authority,CoxDA/Rev/2023-24/Goods/OTM/Cleaning Items,R R Enterprise,1373069.08,1,1,,,COXDA_Tender_937128.pdf
206011,1077063,Rajdhani Unnayan Kartripakkha (RAJUK),Office of the Superintending Engineer,RAJUKSEMEC-2,Otobi Limited,1370110.118,5,1,,,RAJUK_Tender_1077063.pdf
89671,168749,Local Government Engineering,"Office of the Executive Engineer, LGED,",e-Tender/LGED/Bari/GOBM/17-18/W-51,M/S Oshin Enterprise,1367468.163,2,2,,,RAJUK_Tender_168749.pdf
161824,424168,Cox's Bazar Development Authority,Cox's Bazar Development Authority,CoxDA/eGP OTM-03/2020,Frontline Communications Ltd,1366203.4,2,1,,,COXDA_Tender_424168.pdf
163491,448675,Khulna Development Authority (KDA),Office of the Assistant Programmer,Goods-Computer001/2019-20,MHR ENGINEERING,1355352.031,3,3,,,KDA_Tender_448675.pdf
214051,1121584,Cox's Bazar Development Authority,Cox's Bazar Development Authority,CoxDA/OwnFund/24-25/OTM/Works-BoundaryWall,S.A.K. ENTERPRISE,1351952.357,1,1,,,COXDA_Tender_1121584.pdf
206297,1024391,Cox's Bazar Development Authority,Cox's Bazar Development Authority,CoxDA/Rev/2024-24/Works/Street Light,PAVILLION BUILDERS,1350000.001,4,3,,,COXDA_Tender_1024391.pdf
188785,780102,Chittagong Development Authority,Management Information System (MIS),CDA/ConferenceSystem/2023,MS TECHNOLOGIES LIMITED,1339640.111,2,1,,,CDA_Tender_780102.pdf
129752,234888,Chittagong Development Authority,Project Director(M.Uddin),pd/CDAAnnex/E-43,M/S. Gulzar Trading,1321574.085,5,3,yes ±10%,,CDA_Tender_234888.pdf
184126,685885,Rajdhani Unnayan Kartripakkha (RAJUK),Office of the Superintending Engineer,Rajuk/Electrical-1/21/W-04,M/S Sunny Construction,1321392.602,7,4,,,RAJUK_Tender_685885.pdf
216977,1146509,Rajdhani Unnayan Kartripakkha (RAJUK),Office of the Superintending Engineer,Rajuk/Electrical-1/25/G-06,Optimal Technology (Pvt. ) Ltd.,1310184.0,3,2,,,RAJUK_Tender_1146509.pdf
216977,1146510,Rajdhani Unnayan Kartripakkha (RAJUK),Office of the Superintending Engineer,Rajuk/Electrical-1/25/G-07,Aliza Enterprise,1300761.0,3,2,,,RAJUK_Tender_1146510.pdf
188649,1001461,Rajdhani Unnayan Kartripakkha (RAJUK),Office of the Superintending Engineer,SEMECH-8,Aliza Enterprise,1300189.5,3,3,,,RAJUK_Tender_1001461.pdf
178217,622586,Rajdhani Unnayan Kartripakkha (RAJUK),Office of the Superintending Engineer,Rajuk/Electrical-2/21/W-01,M/S TANIN ENTERPRISE,1279542.6,1,1,,,RAJUK_Tender_622586.pdf
183134,865423,Rajdhani Unnayan Kartripakkha (RAJUK),Director (Admin),RAJUK/DD_Admin-3/02,Total Accessories,1268712.037,5,2,,,RAJUK_Tender_865423.pdf
167265,528460,Cox's Bazar Development Authority,Cox's Bazar Development Authority,CoxDA/eGP OTM-09/2020,Frontline Communications Ltd,1264004.7,2,1,,,COXDA_Tender_528460.pdf
196756,945875,Chittagong Development Authority,"Project Director(M.Uddin), Chittagong",EXEN/office/building/E-111,The Gausia Metalic Products,1263578.184,2,1,yes ±10%,,CDA_Tender_945875.pdf
187078,728810,Chittagong Development Authority,Project Director (Dewanhat),Pd/dewanhat/e/019,Trade Spin,1251155.511,2,2,,,CDA_Tender_728810.pdf
118504,329553,Rajdhani Unnayan Kartripakkha (RAJUK),office of the Chief Engineer ( Project &,Rajuk/Mechanical/6,M/S Techno Trade International,1250199.0,2,1,,,RAJUK_Tender_329553.pdf
118504,329552,Rajdhani Unnayan Kartripakkha (RAJUK),office of the Chief Engineer ( Project &,Rajuk/Mechanical/5,M/S Techno Trade International,1250199.0,3,2,,,RAJUK_Tender_329552.pdf
195732,962659,Rajdhani Unnayan Kartripakkha (RAJUK),Uttara Apartment Project,UAP/EM/2023-2024/GD-12,Net Planet Soft & Engineering,1249799.272,3,3,,,RAJUK_Tender_962659.pdf
204348,1013009,Khulna Development Authority (KDA),Office of Exen (Maintenance),KDA/2024-2025/07,M/S. ROKEYA TRADERS,1220698.956,6,4,,,KDA_Tender_1013009.pdf
200722,978265,Cox's Bazar Development Authority,Cox's Bazar Development Authority,CoxDA/Rev/2023-24/Goods/OTM/Seminar,Nahar Construction,1219771.524,1,1,,,COXDA_Tender_978265.pdf
217483,1183822,Cox's Bazar Development Authority,Cox's Bazar Development Authority,CoxDA/Revenue/Goods/Cleaning/FY2025-26,M/S Molla & Brothers,1179300.0,,,,,COXDA_Tender_1183822.pdf
216972,1272697,Rajdhani Unnayan Kartripakkha (RAJUK),Office of the Superintending Engineer,Rajuk/Electrical-1/26/W-03,T.S Enterprise,1171910.0,,,,,RAJUK_Tender_1272697.pdf
202791,976770,Cox's Bazar Development Authority,CoxDA Master Plan,CoxDA/Dev/23-24/MP/Workshop,M/S M R Enterprise,1158632.338,2,1,,,COXDA_Tender_976770.pdf
143423,262818,Khulna Development Authority (KDA),Office of the Assistant Programmer,Goods-001/2018-19,M.A. COMPUTER,1154500.048,2,2,,,KDA_Tender_262818.pdf
118504,329556,Rajdhani Unnayan Kartripakkha (RAJUK),office of the Chief Engineer ( Project &,Rajuk/Mechanical/4,M/S Techno Trade International,1152495.0,3,2,,,RAJUK_Tender_329556.pdf
218711,1189629,Rajdhani Unnayan Kartripakkha (RAJUK),Office of the Superintending Engineer,Rajuk/Electrical-1/25/G-10,T.S Enterprise,1147531.0,,,,,RAJUK_Tender_1189629.pdf
216972,1146511,Rajdhani Unnayan Kartripakkha (RAJUK),Office of the Superintending Engineer,Rajuk/Electrical-1/25/W-1,Aliza Enterprise,1121947.2,2,1,,,RAJUK_Tender_1146511.pdf
204348,1010247,Khulna Development Authority (KDA),Office of Exen (Maintenance),KDA/2024-2025/06.,NURJAHAN ENTERPRISE,1111999.96,3,3,,,KDA_Tender_1010247.pdf
118504,329551,Rajdhani Unnayan Kartripakkha (RAJUK),office of the Chief Engineer ( Project &,Rajuk/Mechanical/8,M/s. Halim Enterprise.,1105000.011,3,1,,,RAJUK_Tender_329551.pdf
59360,214561,Rajdhani Unnayan Kartripakkha (RAJUK),office of the Chief Engineer ( Project &,Rajuk/Mechanical/3,M/s. Halim Enterprise.,1096555.011,3,2,,,RAJUK_Tender_214561.pdf
217483,1163187,Cox's Bazar Development Authority,Cox's Bazar Development Authority,CoxDA/Rev/2025-26/OTM/Goods/WR-07/1,Bangla Trac Limited,1069466.0,,,,,COXDA_Tender_1163187.pdf
188649,1001460,Rajdhani Unnayan Kartripakkha (RAJUK),Office of the Superintending Engineer,SEMECH-9,Aliza Enterprise,1060533.0,3,2,,,RAJUK_Tender_1001460.pdf
170706,514221,Chittagong Development Authority,Management Information System (MIS),MIS/DC/209/104/P-01,Endeavour Technologies Ltd,1045150.24,1,1,,,CDA_Tender_514221.pdf
206297,1039767,Cox's Bazar Development Authority,Cox's Bazar Development Authority,CoxDA/Rev/2024-25/OTM/Goods/ND,M/S M R Enterprise,1043000.0,2,2,,,COXDA_Tender_1039767.pdf
158468,387658,Chittagong Development Authority,Project Director(M.Uddin),NiPro/CDAHill/E-58,M/S. Nice Enterprise,1018755.63,3,1,yes ±10%,,CDA_Tender_387658.pdf
173790,550267,Cox's Bazar Development Authority,Cox's Bazar Development Authority,CoxDA/Rev/2020-21/Lighting-4/2,M/S. T.J Construction,999483.11,3,1,,,COXDA_Tender_550267.pdf
206297,1024517,Cox's Bazar Development Authority,Cox's Bazar Development Authority,CoxDA/Rev/2024-2025/Goods/Heavy-Equipment,Nahar Construction,994560.567,2,2,,,COXDA_Tender_1024517.pdf
151276,276885,Khulna Development Authority (KDA),Office of the Assistant Programmer,egp-goods-002,STRATEGIC BD LEAD CORPORATION,974300.152,6,6,,,KDA_Tender_276885.pdf
178008,622637,Rajdhani Unnayan Kartripakkha (RAJUK),Office of the Superintending Engineer,Rajuk/Electrical-1/21/W-01,Silver Sun Electronics,967554.72,1,1,,,RAJUK_Tender_622637.pdf
220759,1199127,Cox's Bazar Development Authority,Cox's Bazar Development Authority,CoxDA/OF/2025-26/Vehicle_Hiring,M/S Molla & Brothers,959990.4,,,,,COXDA_Tender_1199127.pdf
190015,827087,Cox's Bazar Development Authority,Cox's Bazar Development Authority,CoxDA/Rev/22-23/OTM/Works/Other Equipment,M/S S.R Construction,949250.535,2,2,,,COXDA_Tender_827087.pdf
178132,609656,Rajdhani Unnayan Kartripakkha (RAJUK),Construction of multi-storied apartment,RAJUK/PD_9apt/Solar._Bldg-2,M/s Anas Trading International,947996.112,8,4,,,RAJUK_Tender_609656.pdf
200722,966347,Cox's Bazar Development Authority,Cox's Bazar Development Authority,CoxDA/Rev/Goods/OTM/EE/FY2023-24,MECHATRONICS ENGINEERING,939670.172,2,2,,,COXDA_Tender_966347.pdf
217483,1148941,Cox's Bazar Development Authority,Cox's Bazar Development Authority,CoxDa/Rev/National_Days/GR-03,Nahar Construction,924000.0,2,2,,,COXDA_Tender_1148941.pdf
200722,949919,Cox's Bazar Development Authority,Cox's Bazar Development Authority,CoxDA/Rev/2023-24/Goods/HV-AC-Generator,Nahar Construction,913580.494,2,2,,,COXDA_Tender_949919.pdf
201659,1002814,Rajdhani Unnayan Kartripakkha (RAJUK),Office of the Superintending Engineer,Rajuk/Electrical-2/24/W-01,Powercell Engineering Ltd,907067.988,1,1,,,RAJUK_Tender_1002814.pdf
217483,1184463,Cox's Bazar Development Authority,Cox's Bazar Development Authority,CoxDA/Revenue/Goods/OTM/ET/FY2025-26,M/S Molla & Brothers,905340.0,,,,,COXDA_Tender_1184463.pdf
97222,179865,Khulna Development Authority (KDA),Office of the Assistant Programmer,Goods-001/2017-18,Crescent Computers Ltd.,900000.002,6,3,,,KDA_Tender_179865.pdf
206297,1024787,Cox's Bazar Development Authority,Cox's Bazar Development Authority,CoxDA/Rev/Goods/OTM/EE/FY2024-25,M/S Kamol Trade International,889500.456,2,1,,,COXDA_Tender_1024787.pdf
206297,1024374,Cox's Bazar Development Authority,Cox's Bazar Development Authority,CoxDA/Rev/2024-24/Goods/Seminar,M/S M R Enterprise,865887.789,3,3,,,COXDA_Tender_1024374.pdf
156527,376450,Rajdhani Unnayan Kartripakkha (RAJUK),office of the Chief Engineer ( Project &,Rajuk/Electrical-2/19/W-01,M/S TANIN ENTERPRISE,865065.768,2,1,,,RAJUK_Tender_376450.pdf
158468,427246,Chittagong Development Authority,Project Director(M.Uddin),PD/MehedibagM/E-57,M/S. Gulzar Trading,844233.606,2,1,yes ±10%,,CDA_Tender_427246.pdf
178132,608964,Rajdhani Unnayan Kartripakkha (RAJUK),Construction of multi-storied apartment,RAJUK/PD_9apt/Solar_Bldg-7,M/s Anas Trading International,840000.11,8,4,,,RAJUK_Tender_608964.pdf
188649,887587,Rajdhani Unnayan Kartripakkha (RAJUK),Office of the Superintending Engineer,SEMECH-4,Aliza Enterprise,839337.005,1,1,,,RAJUK_Tender_887587.pdf
188649,887589,Rajdhani Unnayan Kartripakkha (RAJUK),Office of the Superintending Engineer,SEMECH-6,M/S. Maliha Enterprise,836825.011,3,3,,,RAJUK_Tender_887589.pdf
166705,523954,Chittagong Development Authority,Project Director(M.Uddin),PD/E-69,M/S. Gulzar Trading,834739.3,2,1,yes ±10%,,CDA_Tender_523954.pdf
188649,756104,Rajdhani Unnayan Kartripakkha (RAJUK),Office of the Superintending Engineer,semech-3,Aliza Enterprise,833300.005,2,2,,,RAJUK_Tender_756104.pdf
188649,887588,Rajdhani Unnayan Kartripakkha (RAJUK),Office of the Superintending Engineer,SEMECH-5,MULTITRADE INTERNATIONAL,825000.011,3,3,,,RAJUK_Tender_887588.pdf
201690,980158,Rajdhani Unnayan Kartripakkha (RAJUK),Office of the Superintending Engineer,Rajuk/Electrical-1/24/G-03,Aliza Enterprise,823713.0,2,2,,,RAJUK_Tender_980158.pdf
59360,134910,Rajdhani Unnayan Kartripakkha (RAJUK),office of the Chief Engineer ( Project &,Rajuk/Mechanical/2,M/S. Maliha Enterprise,808560.0,4,3,,,RAJUK_Tender_134910.pdf
217483,1150077,Cox's Bazar Development Authority,Cox's Bazar Development Authority,CoxDA/Rev/2025-26/OTM/Goods/Furniture,M/S Misbah Enterprise,801203.845,3,2,,,COXDA_Tender_1150077.pdf
188649,747343,Rajdhani Unnayan Kartripakkha (RAJUK),Office of the Superintending Engineer,semech,MULTITRADE INTERNATIONAL,795600.009,1,1,,,RAJUK_Tender_747343.pdf
153008,302667,Khulna Development Authority (KDA),Office of Planning Officer,KDA/EGP-01/PO/2018-2019,ENTECH INSTRUMENTS LTD,786000.001,2,2,,,KDA_Tender_302667.pdf
206297,1024467,Cox's Bazar Development Authority,Cox's Bazar Development Authority,CoxDA/Rev/2024-25/Deep Cleaning,Jahan Enterprise,784699.145,3,2,,,COXDA_Tender_1024467.pdf
224264,1261854,Gazipur Development Authority,"Office of the Chief Engineer, Gazipur",gda-dev-2025-2026-2-3,BROTHER'S SECURITY & SUPPLY CHAIN,778464.0,,,,,GDA_Tender_1261854.pdf
187293,773275,Chittagong Development Authority,"Project Director(M.Uddin), Chittagong",XENHILLE-94,M/S. Nice Enterprise,778000.0,2,1,yes ±10%,,CDA_Tender_773275.pdf
183134,663429,Rajdhani Unnayan Kartripakkha (RAJUK),Director (Admin),RAJUK/Admin/DD-3/printing,Tithy Printing & Packaging,773944.52,9,8,,,RAJUK_Tender_663429.pdf
200722,925146,Cox's Bazar Development Authority,Cox's Bazar Development Authority,CoxDA/Rev/23-24/OTM/Goods/Stationary,R R Enterprise,759747.893,1,1,,,COXDA_Tender_925146.pdf
189161,755274,Rajdhani Unnayan Kartripakkha (RAJUK),Office of the Superintending Engineer,Rajuk/Electrical-1/22/W-01,T.S Enterprise,751429.8,1,1,,,RAJUK_Tender_755274.pdf
136679,251218,Rajdhani Unnayan Kartripakkha (RAJUK),Office of the Chief Engineer,Rajuk/SouthDivision/05,M/S Techno Trade International,742979.674,2,2,,,RAJUK_Tender_251218.pdf
207300,1097756,Rajdhani Unnayan Kartripakkha (RAJUK),Office of the Superintending Engineer,Rajuk/Electrical-1/25/W-10,Aliza Enterprise,741990.6,5,5,,,RAJUK_Tender_1097756.pdf
224283,1261983,Gazipur Development Authority,"Planning Section, Gazipur Development",gda-dev-2025-2026-1-1,BROTHER'S SECURITY & SUPPLY CHAIN,732672.0,,,,,GDA_Tender_1261983.pdf
188649,938968,Rajdhani Unnayan Kartripakkha (RAJUK),Office of the Superintending Engineer,SEMECH-7,MULTITRADE INTERNATIONAL,726750.009,2,2,,,RAJUK_Tender_938968.pdf
193794,835847,Cox's Bazar Development Authority,CoxDA Master Plan,CoxDA/Dev/22-23/MP/Stationery,M/S S.R Construction,711206.814,1,1,,,COXDA_Tender_835847.pdf
188649,1059690,Rajdhani Unnayan Kartripakkha (RAJUK),Office of the Superintending Engineer,SEMECH-11,T.S Enterprise,696150.009,6,1,,,RAJUK_Tender_1059690.pdf
217483,1160337,Cox's Bazar Development Authority,Cox's Bazar Development Authority,CoxDA/Rev/2025-26/OTM/Goods/WR-07,Nahar Construction,682695.0,,,,,COXDA_Tender_1160337.pdf
216976,1205153,Rajdhani Unnayan Kartripakkha (RAJUK),Office of the Superintending Engineer,Rajuk/Electrical-1/25/W-03,M/S. Bangladesh Computer Land,675000.0,,,,,RAJUK_Tender_1205153.pdf
200722,951146,Cox's Bazar Development Authority,Cox's Bazar Development Authority,CoxDA/Rev/2023-24/Goods/National-Day,S. R. Trade International,662552.559,2,2,,,COXDA_Tender_951146.pdf
188649,755479,Rajdhani Unnayan Kartripakkha (RAJUK),Office of the Superintending Engineer,semech-2,M/S. Maliha Enterprise,648090.009,2,2,,,RAJUK_Tender_755479.pdf
206559,1023057,Rajdhani Unnayan Kartripakkha (RAJUK),Uttara Apartment Project,UAP/EM/GD-18,T.S Enterprise,622304.036,14,14,,,RAJUK_Tender_1023057.pdf
224425,1262256,Gazipur Development Authority,"Office of the Member,Administration and",gda-dev-2025-2026-3-1,BROTHER'S SECURITY & SUPPLY CHAIN,608232.25,,,,,GDA_Tender_1262256.pdf
205548,1009276,Khulna Development Authority (KDA),Office of the Assistant Programmer,Computer/2024-2025/01,M.A. COMPUTER,591311.129,8,8,,,KDA_Tender_1009276.pdf
216869,1267626,Chittagong Development Authority,Management Information System (MIS),25.47.1500.111.30.01.24,Fatema Construction BD,579500.0,,,,,CDA_Tender_1267626.pdf
153380,316510,Rajdhani Unnayan Kartripakkha (RAJUK),office of the Chief Engineer ( Project &,Rajuk/ Electrical-1/19/ W-01,M/S TANIN ENTERPRISE,570000.0,2,1,,,RAJUK_Tender_316510.pdf
193794,835662,Cox's Bazar Development Authority,CoxDA Master Plan,CoxDA/Dev/22-23/MP/Cam-Accs,Global Office Automation Ltd.,568279.892,3,2,,,COXDA_Tender_835662.pdf
170693,536842,Rajdhani Unnayan Kartripakkha (RAJUK),Office of the Superintending Engineer,Rajuk/Electrical-1/20/W-08,T.S Enterprise,517536.192,2,1,,,RAJUK_Tender_536842.pdf
151675,294444,Rajdhani Unnayan Kartripakkha (RAJUK),office of the Chief Engineer ( Project &,Rajuk/ Electrical-1/19/G-1,M/S Howlader Trading International,499900.002,4,2,,,RAJUK_Tender_294444.pdf
218757,1205162,Rajdhani Unnayan Kartripakkha (RAJUK),Office of the Superintending Engineer,Rajuk/Electrical-1/25/W-07,T.S Enterprise,491181.25,,,,,RAJUK_Tender_1205162.pdf
206297,1024525,Cox's Bazar Development Authority,Cox's Bazar Development Authority,CoxDA/Rev/2024-2025/Goods/Furniture,Lucky Star,481950.477,3,3,,,COXDA_Tender_1024525.pdf
217483,1211856,Cox's Bazar Development Authority,Cox's Bazar Development Authority,CoxDa/Rev/2025-26/Innovation/SR-01,M/S Molla & Brothers,455667.45,,,,,COXDA_Tender_1211856.pdf
217483,1173102,Cox's Bazar Development Authority,Cox's Bazar Development Authority,CoxDa/Rev/2025-26/Computer_Maintenance/WR-03,M/S Molla & Brothers,445560.0,,,,,COXDA_Tender_1173102.pdf
200722,971832,Cox's Bazar Development Authority,Cox's Bazar Development Authority,CoxDA/Rev/2023-24/Goods/OTM/Computer Items,Nyta Computer & Technology,441661.071,5,3,,,COXDA_Tender_971832.pdf
171268,561734,Khulna Development Authority (KDA),Office of the Assistant Programmer,Goods-Computer 003/2020-21,Flora Limited,438000.002,2,2,,,KDA_Tender_561734.pdf
127436,294388,Rajdhani Unnayan Kartripakkha (RAJUK),office of the Chief Engineer ( Project &,Rajuk/ Electrical-2/ W-11,T.S Enterprise,430185.6,4,1,,,RAJUK_Tender_294388.pdf
218677,1205154,Rajdhani Unnayan Kartripakkha (RAJUK),Office of the Superintending Engineer,Rajuk/Electrical-1/25/W-05,MAAN BANGLADESH LTD.,405716.087,,,,,RAJUK_Tender_1205154.pdf
207178,1083479,Rajdhani Unnayan Kartripakkha (RAJUK),Office of the Superintending Engineer,Rajuk/Electrical-2/24/W-04,DAFFODIL ELECTRIC COMPANY LIMITED,403200.072,2,1,,,RAJUK_Tender_1083479.pdf
139179,260513,Rajdhani Unnayan Kartripakkha (RAJUK),office of the Chief Engineer ( Project &,Rajuk/ Electrical-1/18/ W-04,Silver Sun Electronics,379310.202,1,1,,,RAJUK_Tender_260513.pdf
200722,950811,Cox's Bazar Development Authority,Cox's Bazar Development Authority,CoxDA/Rev/2023-24/Goods/Furniture,M/S Modhumati Construction,378000.021,3,3,,,COXDA_Tender_950811.pdf
166794,590111,Rajdhani Unnayan Kartripakkha (RAJUK),Construction of multi-storied apartment,RAJUK/PD_9apt/Solar_Bldg-5,M/s Anas Trading International,374800.105,6,6,,,RAJUK_Tender_590111.pdf
206297,1119438,Cox's Bazar Development Authority,Cox's Bazar Development Authority,CoxDA/Rev/2024-25/OTM/Goods/FPM,M/S Modhumati Construction,330670.094,5,4,,,COXDA_Tender_1119438.pdf
224741,1257073,Gazipur Development Authority,"Admin and Finance Section, Gazipur",gda-rev-2025-2026-1,FURNITURE SOLUTION & INTERIOR,305100.0,,,,,GDA_Tender_1257073.pdf
178132,615021,Rajdhani Unnayan Kartripakkha (RAJUK),Construction of multi-storied apartment,RAJUK/PD_9apt/Solar_Bldg-6,M/s Anas Trading International,295000.105,7,3,,,RAJUK_Tender_615021.pdf
217483,1183753,Cox's Bazar Development Authority,Cox's Bazar Development Authority,CoxDA/Rev/2025-26/OTM/PS-11,FUJITECH,284997.15,,,,,COXDA_Tender_1183753.pdf
8074,15000,Power Grid Company of Bangladesh Ltd.,"Grid Maintenance Division, Comilla",eT:gmd/com/com(n)ss/14/03,OptiNet,280119.679,2,2,,,CDA_Tender_15000.pdf
217483,1172974,Cox's Bazar Development Authority,Cox's Bazar Development Authority,CoxDa/Rev/2025-26/Publication/GR-11,M/S Molla & Brothers,278000.0,,,,,COXDA_Tender_1172974.pdf
217483,1178437,Cox's Bazar Development Authority,Cox's Bazar Development Authority,CoxDA/Rev/2025-26/OTM/WR-09,M/S Building Construction Consultant (BCC),263425.0,,,,,COXDA_Tender_1178437.pdf
217483,1184466,Cox's Bazar Development Authority,Cox's Bazar Development Authority,CoxDA/Revenue/Goods/OTM/G/FY2025-26,M/S Molla & Brothers,226500.0,,,,,COXDA_Tender_1184466.pdf
183134,672061,Rajdhani Unnayan Kartripakkha (RAJUK),Director (Admin),Rajuk/DD-Admin-3/G-3,M/S Faith Print,199501.5,7,7,,,RAJUK_Tender_672061.pdf
139179,260451,Rajdhani Unnayan Kartripakkha (RAJUK),office of the Chief Engineer ( Project &,Rajuk/ Electrical-1/18/ W-03,Silver Sun Electronics,196020.012,1,1,,,RAJUK_Tender_260451.pdf
217483,1258384,Cox's Bazar Development Authority,Cox's Bazar Development Authority,CoxDA/Revenue/Goods/E/FY2025-26,M/S Molla & Brothers,183975.5,,,,,COXDA_Tender_1258384.pdf
206297,1016870,Cox's Bazar Development Authority,Cox's Bazar Development Authority,CoxDA/Rev/2024-25/Goods/LightVehicle,Nahar Construction,170008.102,1,1,,,COXDA_Tender_1016870.pdf
217483,1150442,Cox's Bazar Development Authority,Cox's Bazar Development Authority,CoxDA/Rev/2025-26/OTM/Goods/Light_Vehicle,Nahar Construction,169190.0,1,1,,,COXDA_Tender_1150442.pdf
217483,1173101,Cox's Bazar Development Authority,Cox's Bazar Development Authority,CoxDa/Rev/2025-26/Uniform/WR-10,M/S Molla & Brothers,136080.0,,,,,COXDA_Tender_1173101.pdf
217483,1207915,Cox's Bazar Development Authority,Cox's Bazar Development Authority,CoxDA/Revenue/Goods/OTM/BP/FY2025-26,M/S Molla & Brothers,108981.6,,,,,COXDA_Tender_1207915.pdf
217483,1150459,Cox's Bazar Development Authority,Cox's Bazar Development Authority,CoxDA/Rev/2025-26/OTM/Goods/WR-04,Nahar Construction,97000.0,1,1,,,COXDA_Tender_1150459.pdf
206297,1016492,Cox's Bazar Development Authority,Cox's Bazar Development Authority,CoxDA/Rev/2024-25/Goods/Speedboat,Nahar Construction,75010.025,1,1,,,COXDA_Tender_1016492.pdf
200722,949817,Cox's Bazar Development Authority,Cox's Bazar Development Authority,CoxDA/Rev/2023-24/Goods/SpeedBoat,Nahar Construction,75000.008,1,1,,,COXDA_Tender_949817.pdf
217483,1150469,Cox's Bazar Development Authority,Cox's Bazar Development Authority,CoxDA/Rev/2025-26/OTM/Goods/WR-02,Nahar Construction,74900.0,2,1,,,COXDA_Tender_1150469.pdf
204772,1111428,Chittagong Development Authority,"Project Director(M.Uddin), Chittagong",ExEn/OficeBuilding/E-126,,,,,yes ±10%,,CDA_Tender_1111428.pdf
127121,320832,Rajdhani Unnayan Kartripakkha (RAJUK),Office of the Chief Engineer,Rajuk/PD_Purbachal/25,,,,,,,RAJUK_Tender_320832.pdf
188860,920945,Rajdhani Unnayan Kartripakkha (RAJUK),Purbachal New Town Project,Rajuk/PD_Purbachal/86,,,,,,,RAJUK_Tender_920945.pdf
185197,1297773,Rajdhani Unnayan Kartripakkha (RAJUK),Office of the Superintending Engineer,SEMECH-W4,,,,,,,RAJUK_Tender_1297773.pdf
158468,363990,Chittagong Development Authority,Project Director(M.Uddin),PD/MeStKo/E-57,,,,,yes ±10%,,CDA_Tender_363990.pdf
190064,782755,Chittagong Development Authority,Project Director(Elevated ExpressWay),224129200-WD2,,,,,,,CDA_Tender_782755.pdf
180981,627115,Rajshahi Development Authority,Office of the Chairman,RDA/RMDP/G/2021-2022/01,,,,,,,RDA_Tender_627115.pdf
188860,807901,Rajdhani Unnayan Kartripakkha (RAJUK),Purbachal New Town Project,Rajuk/PD_Purbachal/RDC_2,,,,,,,RAJUK_Tender_807901.pdf
176874,659096,Rajdhani Unnayan Kartripakkha (RAJUK),Superintending Engineer (Civil Circle-1),EE/HQ/Hatirjheel/W-06,,,,,,,RAJUK_Tender_659096.pdf
188649,1250614,Rajdhani Unnayan Kartripakkha (RAJUK),Office of the Superintending Engineer,RAJUK/SEMEC/W2,,,,,,,RAJUK_Tender_1250614.pdf
170472,516211,Chittagong Development Authority,Construction Division-2,CD2/E-931-02,,,,,,,CDA_Tender_516211.pdf
190063,829141,Rajdhani Unnayan Kartripakkha (RAJUK),Construction of multi-storied apartment,RAJUK/PD_9apt/Gen-S/S._Bldg-8,,,,,,,RAJUK_Tender_829141.pdf
218711,1234620,Rajdhani Unnayan Kartripakkha (RAJUK),Office of the Superintending Engineer,RAJUK/Electrical-2/26/W-02,,,,,,,RAJUK_Tender_1234620.pdf
174484,558181,Rajshahi Development Authority,Office of the Chairman,RDA/RMDP/G/2020-2021/01.,,,,,,,RDA_Tender_558181.pdf
177033,713439,Rajdhani Unnayan Kartripakkha (RAJUK),Uttara Apartment Project,UAP/EM/SS/GD/01,,,,,,,RAJUK_Tender_713439.pdf
173888,547875,Cox's Bazar Development Authority,Cox's Bazar Development Authority,CoxDA/Dev/2020-21/Office Bldng/Arboriculture,,,,,,,COXDA_Tender_547875.pdf
64301,125298,Rajdhani Unnayan Kartripakkha (RAJUK),office of the Chief Engineer ( Project &,GD/UAPE/M/2016-2017/L/08,,,,,,,RAJUK_Tender_125298.pdf
200807,926061,Khulna Development Authority (KDA),Office of the Estate Director,KDA/Estate-2/2023-2024,,,,,,,KDA_Tender_926061.pdf
188629,1060381,Rajdhani Unnayan Kartripakkha (RAJUK),Development of Residential and,RAJUK/PD_JHILMIL/DC-10,,,,,,,RAJUK_Tender_1060381.pdf
188860,920944,Rajdhani Unnayan Kartripakkha (RAJUK),Purbachal New Town Project,Rajuk/PD_Purbachal/85,,,,,,,RAJUK_Tender_920944.pdf
162585,535718,Rajdhani Unnayan Kartripakkha (RAJUK),Purbachal New Town Project,Rajuk/PD_Purbachal/43,,,,,,,RAJUK_Tender_535718.pdf
158468,395550,Chittagong Development Authority,Project Director(M.Uddin),PD/MeStKo/E-57,,,,,yes ±10%,,CDA_Tender_395550.pdf
174484,591949,Rajshahi Development Authority,Office of the Chairman,RDA/RMDP/G/2020-2021/01,,,,,,,RDA_Tender_591949.pdf
220759,1265472,Cox's Bazar Development Authority,Cox's Bazar Development Authority,CoxDA/OF/2025-26/Vehicle_Sec,,,,,,,COXDA_Tender_1265472.pdf
206297,1025944,Cox's Bazar Development Authority,Cox's Bazar Development Authority,CoxDA/Rev/2024-25/Computer Equipment,,,,,,,COXDA_Tender_1025944.pdf
188860,1071059,Rajdhani Unnayan Kartripakkha (RAJUK),Purbachal New Town Project,RAJUK/PD_Purbachal/126,,,,,,,RAJUK_Tender_1071059.pdf
97222,179866,Khulna Development Authority (KDA),Office of the Assistant Programmer,Goods-002/2017-18,,,,,,,KDA_Tender_179866.pdf
170470,662605,Rajdhani Unnayan Kartripakkha (RAJUK),Superintending Engineer (Civil Circle-1),EE/HQ/W-01,,,,,,,RAJUK_Tender_662605.pdf
118504,236048,Rajdhani Unnayan Kartripakkha (RAJUK),office of the Chief Engineer ( Project &,Rajuk/Mechanical/4,,,,,,,RAJUK_Tender_236048.pdf
188629,905913,Rajdhani Unnayan Kartripakkha (RAJUK),Development of Residential and,RAJUK/PD_JHILMIL//DC-2,,,,,,,RAJUK_Tender_905913.pdf
185197,1056194,Rajdhani Unnayan Kartripakkha (RAJUK),Office of the Superintending Engineer,SEMECH-02,,,,,,,RAJUK_Tender_1056194.pdf
180981,627116,Rajshahi Development Authority,Office of the Chairman,RDA/RMDP/G/2021-2022/02,,,,,,,RDA_Tender_627116.pdf
162585,427861,Rajdhani Unnayan Kartripakkha (RAJUK),Purbachal New Town Project,Rajuk/PD_Purbachal/47,,,,,,,RAJUK_Tender_427861.pdf
151419,277367,Khulna Development Authority (KDA),Office of Chief Engineer,AHSANABAD-WD5,,,,,,,KDA_Tender_277367.pdf
200807,926063,Khulna Development Authority (KDA),Office of the Estate Director,KDA/Estate-4/2023-2024,,,,,,,KDA_Tender_926063.pdf
201176,935862,Rajshahi Development Authority,Office of the Project Director,RDA/PRANTIK/W/2023-2024/01,,,,,,,RDA_Tender_935862.pdf
166794,591292,Rajdhani Unnayan Kartripakkha (RAJUK),Construction of multi-storied apartment,RAJUK/PD_9apt/Lift_Bldg-2,,,,,,,RAJUK_Tender_591292.pdf
98883,199377,Rajdhani Unnayan Kartripakkha (RAJUK),office of the Chief Engineer ( Project &,Rajuk/Electrical-2/18/W-12,,,,,,,RAJUK_Tender_199377.pdf
97474,199363,Rajdhani Unnayan Kartripakkha (RAJUK),office of the Chief Engineer ( Project &,Rajuk/Electrical-2/18/W-8,,,,,,,RAJUK_Tender_199363.pdf
209370,1054573,Chittagong Development Authority,Office of the Secretary,PO/79/Part-3-2,,,,,,,CDA_Tender_1054573.pdf
188860,807902,Rajdhani Unnayan Kartripakkha (RAJUK),Purbachal New Town Project,Rajuk/PD_Purbachal/RDC_3,,,,,,,RAJUK_Tender_807902.pdf
163357,480572,Rajdhani Unnayan Kartripakkha (RAJUK),Office of the Superintending Engineer,Rajuk/Electrical-2/20/W-05,,,,,,,RAJUK_Tender_480572.pdf
202913,980104,Rajdhani Unnayan Kartripakkha (RAJUK),Office of the Superintending Engineer,Rajuk/Electrical-1/24/G-08,,,,,,,RAJUK_Tender_980104.pdf
215920,1234622,Rajdhani Unnayan Kartripakkha (RAJUK),Office of the Superintending Engineer,RAJUK/Electrical-1/26/G-01,,,,,,,RAJUK_Tender_1234622.pdf
188860,789920,Rajdhani Unnayan Kartripakkha (RAJUK),Purbachal New Town Project,Rajuk/PD_Purbachal/RDC_16,,,,,,,RAJUK_Tender_789920.pdf
93860,209496,Rajdhani Unnayan Kartripakkha (RAJUK),Office of the Chief Engineer,Rajuk/PD_Purbachal/10,,,,,,,RAJUK_Tender_209496.pdf
170472,516212,Chittagong Development Authority,Construction Division-2,CD2/E-932-03,,,,,,,CDA_Tender_516212.pdf
181410,792327,Rajdhani Unnayan Kartripakkha (RAJUK),Superintending Engineer (Civil Circle-3),Rajuk/SECC-3/13,,,,,,,RAJUK_Tender_792327.pdf
59418,119629,Rajdhani Unnayan Kartripakkha (RAJUK),office of the Chief Engineer ( Project &,Rajuk/Electrical-1/15,,,,,,,RAJUK_Tender_119629.pdf
187293,731173,Chittagong Development Authority,"Project Director(M.Uddin), Chittagong",XENHILLE-94,,,,,yes ±10%,,CDA_Tender_731173.pdf
216874,1153793,Chittagong Development Authority,Construction Division-2,Xen/CD-2/kolpolok-01,,,,,,,CDA_Tender_1153793.pdf
158468,434918,Chittagong Development Authority,Project Director(M.Uddin),NiPro/Officel/E-63,,,,,yes ±10%,,CDA_Tender_434918.pdf
217483,1157269,Cox's Bazar Development Authority,Cox's Bazar Development Authority,CoxDA/Rev/Works/Bill board/FY2025-26,,,,,,,COXDA_Tender_1157269.pdf
169474,502982,Rajdhani Unnayan Kartripakkha (RAJUK),Uttara Apartment Project,WD/UAPE/M/LM/04,,,,,,,RAJUK_Tender_502982.pdf
75840,190232,Rajdhani Unnayan Kartripakkha (RAJUK),Office of the Chief Engineer,Rajuk/PD_Uttara3rd/12,,,,,,,RAJUK_Tender_190232.pdf
158468,357570,Chittagong Development Authority,Project Director(M.Uddin),PD/MeStKo/E-52,,,,,yes ±10%,,CDA_Tender_357570.pdf
97474,198861,Rajdhani Unnayan Kartripakkha (RAJUK),office of the Chief Engineer ( Project &,Rajuk/Electrical-2/18/W-7,,,,,,,RAJUK_Tender_198861.pdf
188860,1069563,Rajdhani Unnayan Kartripakkha (RAJUK),Purbachal New Town Project,RAJUK/PD_Purbachal/123,,,,,,,RAJUK_Tender_1069563.pdf
166705,478680,Chittagong Development Authority,Project Director(M.Uddin),E-65,,,,,yes ±5%,,CDA_Tender_478680.pdf
200807,926062,Khulna Development Authority (KDA),Office of the Estate Director,KDA/Estate-3/2023-2024,,,,,,,KDA_Tender_926062.pdf
165428,476408,Rajdhani Unnayan Kartripakkha (RAJUK),Development of Residential and,PD_JHILMIL/06,,,,,,,RAJUK_Tender_476408.pdf
151419,277366,Khulna Development Authority (KDA),Office of Chief Engineer,AHSANABAD-WD4,,,,,,,KDA_Tender_277366.pdf
145420,286205,Rajdhani Unnayan Kartripakkha (RAJUK),Office of the Chief Engineer,Rajuk/Central Dhaka/P-12,,,,,,,RAJUK_Tender_286205.pdf
162585,427848,Rajdhani Unnayan Kartripakkha (RAJUK),Purbachal New Town Project,Rajuk/PD_Purbachal/4,,,,,,,RAJUK_Tender_427848.pdf
188629,905912,Rajdhani Unnayan Kartripakkha (RAJUK),Development of Residential and,RAJUK/PD_JHILMIL//DC-1,,,,,,,RAJUK_Tender_905912.pdf
35368,68947,Rajshahi Development Authority,Office of the Chairman,RDA/Bono/G/2016-2017/01,,,,,,,RDA_Tender_68947.pdf
186665,745254,Rajdhani Unnayan Kartripakkha (RAJUK),Uttara Apartment Project,UAP/EM/Lift/GD/05,,,,,,,RAJUK_Tender_745254.pdf
209470,1129166,Chittagong Development Authority,Management Information System (MIS),MIS/SERVER AND UPS PURCHASE/H.W. PURCHASE/2018/84,,,,,,,CDA_Tender_1129166.pdf
188629,905916,Rajdhani Unnayan Kartripakkha (RAJUK),Development of Residential and,RAJUK/PD_JHILMIL//DC-5,,,,,,,RAJUK_Tender_905916.pdf
205443,1038890,Rajdhani Unnayan Kartripakkha (RAJUK),Office of the Superintending Engineer,Rajuk/Electrical-2/24/G-01,,,,,,,RAJUK_Tender_1038890.pdf
204772,1123107,Chittagong Development Authority,"Project Director(M.Uddin), Chittagong",ExEn/e-127,,,,,yes ±10%,,CDA_Tender_1123107.pdf
186168,745718,Rajdhani Unnayan Kartripakkha (RAJUK),Superintending Engineer (Civil Circle-1),RAJUK/SE/CC-1/Div-1/W-1,,,,,,,RAJUK_Tender_745718.pdf
64301,125300,Rajdhani Unnayan Kartripakkha (RAJUK),office of the Chief Engineer ( Project &,GD/UAPE/M/2016-2017/L/09,,,,,,,RAJUK_Tender_125300.pdf
217483,1156359,Cox's Bazar Development Authority,Cox's Bazar Development Authority,CoxDa/Rev/2025-26/Computer_Consumables/GR-04,,,,,,,COXDA_Tender_1156359.pdf
214007,1124881,Rajdhani Unnayan Kartripakkha (RAJUK),Superintending Engineer (Civil Circle-1),SECC1/EE/HQ/HJ/G-01,,,,,,,RAJUK_Tender_1124881.pdf
191641,825783,Rajdhani Unnayan Kartripakkha (RAJUK),Office of the Superintending Engineer,Rajuk/Electrical-1/23/G-02,,,,,,,RAJUK_Tender_825783.pdf
178132,614620,Rajdhani Unnayan Kartripakkha (RAJUK),Construction of multi-storied apartment,RAJUK/PD_9apt/Gen-S/S._Bldg-6,,,,,,,RAJUK_Tender_614620.pdf
108287,198333,Rajdhani Unnayan Kartripakkha (RAJUK),office of the Chief Engineer ( Project &,Rajuk/ Electrical-1/18/W-10,,,,,,,RAJUK_Tender_198333.pdf
46121,96142,Rajdhani Unnayan Kartripakkha (RAJUK),office of the Chief Engineer ( Project &,Rajuk_Dir_Admin,,,,,,,RAJUK_Tender_96142.pdf
64818,126807,Rajdhani Unnayan Kartripakkha (RAJUK),Office of the Chief Engineer,Rajuk/Central Dhaka/P-11,,,,,,,RAJUK_Tender_126807.pdf
163396,506934,Rajdhani Unnayan Kartripakkha (RAJUK),Office of the Superintending Engineer,Rajuk/Electrical-1/20/W-04,,,,,,,RAJUK_Tender_506934.pdf
181641,948744,Rajdhani Unnayan Kartripakkha (RAJUK),Superintending Engineer (Civil Circle-4),RAJUK/SECC-4/Road-9,,,,,,,RAJUK_Tender_948744.pdf
64301,125301,Rajdhani Unnayan Kartripakkha (RAJUK),office of the Chief Engineer ( Project &,GD/UAPE/M/2016-2017/L/10,,,,,,,RAJUK_Tender_125301.pdf
165272,469159,Chittagong Development Authority,Project Director(Elevated ExpressWay),02 Procurement of Vehicle.,,,,,,,CDA_Tender_469159.pdf
201657,989865,Rajdhani Unnayan Kartripakkha (RAJUK),Office of the Superintending Engineer,Rajuk/Electrical-1/24/G-07,,,,,,,RAJUK_Tender_989865.pdf
70029,133881,Chittagong Development Authority,Project Director (CDA Square),e-TENDER CDAsqt23,,,,,,,CDA_Tender_133881.pdf
200761,924201,Chittagong Development Authority,Management Information System (MIS),CDA/MIS/ITS/23/04,,,,,,,CDA_Tender_924201.pdf
159826,389133,Rajdhani Unnayan Kartripakkha (RAJUK),"Office of the Project Director, Urban",URP/RAJUK/G-19,,,,,,,RAJUK_Tender_389133.pdf
188629,1060378,Rajdhani Unnayan Kartripakkha (RAJUK),Development of Residential and,RAJUK/PD_JHILMIL/DC-7,,,,,,,RAJUK_Tender_1060378.pdf
201176,961984,Rajshahi Development Authority,Office of the Project Director,RDA/PRANTIK/W/2023-2024/03,,,,,,,RDA_Tender_961984.pdf
179660,632746,Rajdhani Unnayan Kartripakkha (RAJUK),Purbachal New Town Project,Rajuk/PD_Purbachal/75,,,,,,,RAJUK_Tender_632746.pdf
136666,251214,Rajdhani Unnayan Kartripakkha (RAJUK),Office of the Chief Engineer,Rajuk/SouthDivision/04,,,,,,,RAJUK_Tender_251214.pdf
190063,775169,Rajdhani Unnayan Kartripakkha (RAJUK),Construction of multi-storied apartment,RAJUK/PD_9apt/Gen-S/S._Bldg-8,,,,,,,RAJUK_Tender_775169.pdf
188629,905915,Rajdhani Unnayan Kartripakkha (RAJUK),Development of Residential and,RAJUK/PD_JHILMIL//DC-4,,,,,,,RAJUK_Tender_905915.pdf
186665,800104,Rajdhani Unnayan Kartripakkha (RAJUK),Uttara Apartment Project,UAP/EM/GEN/GD/06,,,,,,,RAJUK_Tender_800104.pdf
188860,807938,Rajdhani Unnayan Kartripakkha (RAJUK),Purbachal New Town Project,Rajuk/PD_Purbachal/RDC_4,,,,,,,RAJUK_Tender_807938.pdf
187293,765097,Chittagong Development Authority,"Project Director(M.Uddin), Chittagong",EXEN/Office/E-97,,,,,yes ±10%,,CDA_Tender_765097.pdf
206330,1017045,Rajdhani Unnayan Kartripakkha (RAJUK),Construction of multi-storied apartment,RAJUK/PD_9apt/Bldg_01/Sub-Station/Generator/Solar,,,,,,,RAJUK_Tender_1017045.pdf
216906,1265434,Khulna Development Authority (KDA),Office of Exen (works),WD-01 Remaning,,,,,,,KDA_Tender_1265434.pdf
215901,1135970,Rajdhani Unnayan Kartripakkha (RAJUK),Superintending Engineer (Civil Circle-1),SECC1/EE/HQ/W-07,,,,,,,RAJUK_Tender_1135970.pdf
44560,89908,Rajdhani Unnayan Kartripakkha (RAJUK),office of the Chief Engineer ( Project &,Rajuk/Electrical-01/09,,,,,,,RAJUK_Tender_89908.pdf
169474,502984,Rajdhani Unnayan Kartripakkha (RAJUK),Uttara Apartment Project,WD/UAPE/M/LM/05,,,,,,,RAJUK_Tender_502984.pdf
181410,1044805,Rajdhani Unnayan Kartripakkha (RAJUK),Superintending Engineer (Civil Circle-3),RAJUK/SECC-3/20,,,,,,,RAJUK_Tender_1044805.pdf
181641,639202,Rajdhani Unnayan Kartripakkha (RAJUK),Superintending Engineer (Civil Circle-4),RAJUK/imp-06/2021-22/WR1,,,,,,,RAJUK_Tender_639202.pdf
186665,800105,Rajdhani Unnayan Kartripakkha (RAJUK),Uttara Apartment Project,UAP/EM/Sol/GD/03,,,,,,,RAJUK_Tender_800105.pdf
200807,926064,Khulna Development Authority (KDA),Office of the Estate Director,KDA/Estate-6/2023-2024,,,,,,,KDA_Tender_926064.pdf
56947,114054,Rajdhani Unnayan Kartripakkha (RAJUK),Office of the Chief Engineer,Rajuk/Pd_lake/03,,,,,,,RAJUK_Tender_114054.pdf
35498,72166,Rajdhani Unnayan Kartripakkha (RAJUK),office of the Chief Engineer ( Project &,Rajuk/Electrical-2/01/P-1,,,,,,,RAJUK_Tender_72166.pdf
97474,199364,Rajdhani Unnayan Kartripakkha (RAJUK),office of the Chief Engineer ( Project &,Rajuk/Electrical-2/18/W-9,,,,,,,RAJUK_Tender_199364.pdf
188629,905914,Rajdhani Unnayan Kartripakkha (RAJUK),Development of Residential and,RAJUK/PD_JHILMIL//DC-3,,,,,,,RAJUK_Tender_905914.pdf
227376,1307402,Rajdhani Unnayan Kartripakkha (RAJUK),Superintending Engineer (Civil Circle-3),RAJUK/SECC-3/26-W1,,,,,,,RAJUK_Tender_1307402.pdf
209470,1129170,Chittagong Development Authority,Management Information System (MIS),MIS/TOLL MANAGEMENT/2025/3,,,,,,,CDA_Tender_1129170.pdf
198214,880238,Rajshahi Development Authority,Office of the Chairman,RDA/GOB/SCMAP/G/2023-2024/03,,,,,,,RDA_Tender_880238.pdf
84196,287337,Rajdhani Unnayan Kartripakkha (RAJUK),office of the Chief Engineer ( Project &,GD/UAP/EM/2016-2017/CCTV/13,,,,,,,RAJUK_Tender_287337.pdf
177033,637171,Rajdhani Unnayan Kartripakkha (RAJUK),Uttara Apartment Project,GD/UAP/Lift-03,,,,,,,RAJUK_Tender_637171.pdf
127121,339496,Rajdhani Unnayan Kartripakkha (RAJUK),Office of the Chief Engineer,Rajuk/PD_Purbachal/27,,,,,,,RAJUK_Tender_339496.pdf
224264,1257174,Gazipur Development Authority,"Office of the Chief Engineer, Gazipur",Description : gda-dev-2025-2026-2-5,,,,,,,GDA_Tender_1257174.pdf
53026,110916,Rajdhani Unnayan Kartripakkha (RAJUK),office of the Chief Engineer ( Project &,Rajuk/Mechanical/,,,,,,,RAJUK_Tender_110916.pdf
216874,1153888,Chittagong Development Authority,Construction Division-2,Xen/CD-2/kolpolok-04,,,,,,,CDA_Tender_1153888.pdf
84196,287350,Rajdhani Unnayan Kartripakkha (RAJUK),office of the Chief Engineer ( Project &,GD/UAP/EM/2016-2017/CCTV/06,,,,,,,RAJUK_Tender_287350.pdf
188629,753309,Rajdhani Unnayan Kartripakkha (RAJUK),Development of Residential and,RAJUK/PD_JHILMIL//DFC-7,,,,,,,RAJUK_Tender_753309.pdf
196376,909308,Chittagong Development Authority,Project Director (CDA Square),Pd/cdasqr/generator/e56,,,,,,,CDA_Tender_909308.pdf
162585,466108,Rajdhani Unnayan Kartripakkha (RAJUK),Purbachal New Town Project,Rajuk/PD_Purbachal/43,,,,,,,RAJUK_Tender_466108.pdf
167265,540981,Cox's Bazar Development Authority,Cox's Bazar Development Authority,CoxDA/eGP OTM-10/2020,,,,,,,COXDA_Tender_540981.pdf
200016,905032,Rajdhani Unnayan Kartripakkha (RAJUK),Purbachal New Town Project,RAJUK/PD_Purbachal/SL-5,,,,,,,RAJUK_Tender_905032.pdf
84196,174658,Rajdhani Unnayan Kartripakkha (RAJUK),office of the Chief Engineer ( Project &,GD/UAP/EM/2016-2017/CCTV/03,,,,,,,RAJUK_Tender_174658.pdf
179660,616292,Rajdhani Unnayan Kartripakkha (RAJUK),Purbachal New Town Project,Rajuk/PD_Purbachal/69,,,,,,,RAJUK_Tender_616292.pdf
182941,655654,Chittagong Development Authority,Project Director (Master Plan),224311100/GD-2,,,,,,,CDA_Tender_655654.pdf
226423,1288890,Gazipur Development Authority,"Admin and Finance Section, Gazipur",gda-rev-2025-2026-3,,,,,,,GDA_Tender_1288890.pdf
84196,174664,Rajdhani Unnayan Kartripakkha (RAJUK),office of the Chief Engineer ( Project &,GD/UAP/EM/2016-2017/CCTV/07,,,,,,,RAJUK_Tender_174664.pdf
215901,1149822,Rajdhani Unnayan Kartripakkha (RAJUK),Superintending Engineer (Civil Circle-1),SECC1/EE/HQ/HJ/W-21,,,,,,,RAJUK_Tender_1149822.pdf
203541,995096,Chittagong Development Authority,Office of the Secretary,PO/110/P2/F,,,,,,,CDA_Tender_995096.pdf
206297,1024741,Cox's Bazar Development Authority,Cox's Bazar Development Authority,CoxDA/Rev/2024-25/OTM/Goods/ND,,,,,,,COXDA_Tender_1024741.pdf
59360,134917,Rajdhani Unnayan Kartripakkha (RAJUK),office of the Chief Engineer ( Project &,Rajuk/Mechanical/3,,,,,,,RAJUK_Tender_134917.pdf
64862,146365,Rajdhani Unnayan Kartripakkha (RAJUK),office of the Chief Engineer ( Project &,GD/UAPE/M/2016-2017/G/3,,,,,,,RAJUK_Tender_146365.pdf
64862,146364,Rajdhani Unnayan Kartripakkha (RAJUK),office of the Chief Engineer ( Project &,GD/UAPE/M/2016-2017/G/2,,,,,,,RAJUK_Tender_146364.pdf
64862,146370,Rajdhani Unnayan Kartripakkha (RAJUK),office of the Chief Engineer ( Project &,GD/UAPE/M/2016-2017/G/4,,,,,,,RAJUK_Tender_146370.pdf
158165,360496,Rajdhani Unnayan Kartripakkha (RAJUK),office of the Chief Engineer ( Project &,Rajuk/Electrical-1/19/W-01,,,,,,,RAJUK_Tender_360496.pdf
201690,1074022,Rajdhani Unnayan Kartripakkha (RAJUK),Office of the Superintending Engineer,Rajuk / Electrical-2 / 24 / W-04,,,,,,,RAJUK_Tender_1074022.pdf
64301,150704,Rajdhani Unnayan Kartripakkha (RAJUK),office of the Chief Engineer ( Project &,GD/UAPE/M/2016-2017/L/08,,,,,,,RAJUK_Tender_150704.pdf
200761,968867,Chittagong Development Authority,Management Information System (MIS),MIS/Documentary/2024/08,,,,,,,CDA_Tender_968867.pdf
84196,174665,Rajdhani Unnayan Kartripakkha (RAJUK),office of the Chief Engineer ( Project &,GD/UAP/EM/2016-2017/CCTV/05,,,,,,,RAJUK_Tender_174665.pdf
195872,935036,Rajshahi Development Authority,Office of the Chairman,RDA/BB square/W/2023-2024/02,,,,,,,RDA_Tender_935036.pdf
200016,905033,Rajdhani Unnayan Kartripakkha (RAJUK),Purbachal New Town Project,RAJUK/PD_Purbachal/SL-6,,,,,,,RAJUK_Tender_905033.pdf
178132,702345,Rajdhani Unnayan Kartripakkha (RAJUK),Construction of multi-storied apartment,RAJUK/PD_9apt/Lift_Bldg-8,,,,,,,RAJUK_Tender_702345.pdf
162585,466109,Rajdhani Unnayan Kartripakkha (RAJUK),Purbachal New Town Project,Rajuk/PD_Purbachal/47,,,,,,,RAJUK_Tender_466109.pdf
225256,1266322,Chittagong Development Authority,Project Director(Elevated ExpressWay),Description : PD/Elevated/Toll/Service/322,,,,,,,CDA_Tender_1266322.pdf
162585,427828,Rajdhani Unnayan Kartripakkha (RAJUK),Purbachal New Town Project,Rajuk/PD_Purbachal/3,,,,,,,RAJUK_Tender_427828.pdf
177033,671803,Rajdhani Unnayan Kartripakkha (RAJUK),Uttara Apartment Project,UAP/EM/SS/GD-09,,,,,,,RAJUK_Tender_671803.pdf
188629,753308,Rajdhani Unnayan Kartripakkha (RAJUK),Development of Residential and,RAJUK/PD_JHILMIL//DFC-6,,,,,,,RAJUK_Tender_753308.pdf
84196,287345,Rajdhani Unnayan Kartripakkha (RAJUK),office of the Chief Engineer ( Project &,GD/UAP/EM/2016-2017/CCTV/10,,,,,,,RAJUK_Tender_287345.pdf
184126,685799,Rajdhani Unnayan Kartripakkha (RAJUK),Office of the Superintending Engineer,Rajuk/Electrical-1/21/W-02,,,,,,,RAJUK_Tender_685799.pdf
215270,1173472,Khulna Development Authority (KDA),Office of Planning Officer,KDA/EGP-02/PO/2025-26,,,,,,,KDA_Tender_1173472.pdf
226423,1290616,Gazipur Development Authority,"Admin and Finance Section, Gazipur",gda-rev-2025-2026-4,,,,,,,GDA_Tender_1290616.pdf
200016,905031,Rajdhani Unnayan Kartripakkha (RAJUK),Purbachal New Town Project,RAJUK/PD_Purbachal/SL-4,,,,,,,RAJUK_Tender_905031.pdf
60029,119500,Rajdhani Unnayan Kartripakkha (RAJUK),Office of the Chief Engineer,5-3205-3111-UMT/10,,,,,,,RAJUK_Tender_119500.pdf
163396,480539,Rajdhani Unnayan Kartripakkha (RAJUK),Office of the Superintending Engineer,Rajuk/Electrical-1/20/W-01,,,,,,,RAJUK_Tender_480539.pdf
179660,616291,Rajdhani Unnayan Kartripakkha (RAJUK),Purbachal New Town Project,Rajuk/PD_Purbachal/68,,,,,,,RAJUK_Tender_616291.pdf
193654,832070,Rajdhani Unnayan Kartripakkha (RAJUK),Office of the Superintending Engineer,Rajuk/Electrical-1/23/G-05,,,,,,,RAJUK_Tender_832070.pdf
162585,466094,Rajdhani Unnayan Kartripakkha (RAJUK),Purbachal New Town Project,Rajuk/PD_Purbachal/3,,,,,,,RAJUK_Tender_466094.pdf
224264,1251658,Gazipur Development Authority,"Office of the Chief Engineer, Gazipur",gda-dev-2025-2026-2-3,,,,,,,GDA_Tender_1251658.pdf
84196,174667,Rajdhani Unnayan Kartripakkha (RAJUK),office of the Chief Engineer ( Project &,GD/UAP/EM/2016-2017/CCTV/10,,,,,,,RAJUK_Tender_174667.pdf
198214,984364,Rajshahi Development Authority,Office of the Chairman,RDA/GOB/SCMAP/G/2023-2024/04,,,,,,,RDA_Tender_984364.pdf
195732,935092,Rajdhani Unnayan Kartripakkha (RAJUK),Uttara Apartment Project,UAP/CW/WD-12,,,,,,,RAJUK_Tender_935092.pdf
191616,825901,Rajdhani Unnayan Kartripakkha (RAJUK),Office of the Superintending Engineer,Rajuk/Electrical-1/23/W-01,,,,,,,RAJUK_Tender_825901.pdf
64862,146372,Rajdhani Unnayan Kartripakkha (RAJUK),office of the Chief Engineer ( Project &,GD/UAPE/M/2016-2017/G/5,,,,,,,RAJUK_Tender_146372.pdf
181410,748677,Rajdhani Unnayan Kartripakkha (RAJUK),Superintending Engineer (Civil Circle-3),Rajuk/SECC-3/11,,,,,,,RAJUK_Tender_748677.pdf
181641,792351,Rajdhani Unnayan Kartripakkha (RAJUK),Superintending Engineer (Civil Circle-4),RAJUK/imp-06/Sec-6/Zonal Office,,,,,,,RAJUK_Tender_792351.pdf
224120,1251823,Chittagong Development Authority,"Project Director(M.Uddin), Chittagong",XEN/BBE-136/01,,,,,,,CDA_Tender_1251823.pdf
200807,925871,Khulna Development Authority (KDA),Office of the Estate Director,KDA/Estate-1/2023-2024,,,,,,,KDA_Tender_925871.pdf
162585,466081,Rajdhani Unnayan Kartripakkha (RAJUK),Purbachal New Town Project,Rajuk/PD_Purbachal/1,,,,,,,RAJUK_Tender_466081.pdf
190015,781008,Cox's Bazar Development Authority,Cox's Bazar Development Authority,CoxDA/Rev/22-23/OTM/Goods/Stationery Items,,,,,,,COXDA_Tender_781008.pdf
84196,174666,Rajdhani Unnayan Kartripakkha (RAJUK),office of the Chief Engineer ( Project &,GD/UAP/EM/2016-2017/CCTV/02,,,,,,,RAJUK_Tender_174666.pdf
159826,376977,Rajdhani Unnayan Kartripakkha (RAJUK),"Office of the Project Director, Urban",URP/RAJUK/G-18,,,,,,,RAJUK_Tender_376977.pdf
200016,905030,Rajdhani Unnayan Kartripakkha (RAJUK),Purbachal New Town Project,RAJUK/PD_Purbachal/SL-3,,,,,,,RAJUK_Tender_905030.pdf
134227,248286,Rajdhani Unnayan Kartripakkha (RAJUK),office of the Chief Engineer ( Project &,UAP/EM/18/G-02,,,,,,,RAJUK_Tender_248286.pdf
176799,647342,Rajdhani Unnayan Kartripakkha (RAJUK),Uttara 3rd Phase Project,PD_U3P/3,,,,,,,RAJUK_Tender_647342.pdf
66796,149108,Rajdhani Unnayan Kartripakkha (RAJUK),office of the Chief Engineer ( Project &,GD/UAPE/M/2016-2017/S/06,,,,,,,RAJUK_Tender_149108.pdf
159826,437635,Rajdhani Unnayan Kartripakkha (RAJUK),"Office of the Project Director, Urban",URP/RAJUK/G-20,,,,,,,RAJUK_Tender_437635.pdf
84196,287352,Rajdhani Unnayan Kartripakkha (RAJUK),office of the Chief Engineer ( Project &,GD/UAP/EM/2016-2017/CCTV/11,,,,,,,RAJUK_Tender_287352.pdf
203541,993988,Chittagong Development Authority,Office of the Secretary,PO/01/24P,,,,,,,CDA_Tender_993988.pdf
179660,632736,Rajdhani Unnayan Kartripakkha (RAJUK),Purbachal New Town Project,Rajuk/PD_Purbachal/72,,,,,,,RAJUK_Tender_632736.pdf
84196,287356,Rajdhani Unnayan Kartripakkha (RAJUK),office of the Chief Engineer ( Project &,GD/UAP/EM/2016-2017/CCTV/08,,,,,,,RAJUK_Tender_287356.pdf
217483,1257498,Cox's Bazar Development Authority,Cox's Bazar Development Authority,CoxDa/Rev/2025-26/Miscellaneous,,,,,,,COXDA_Tender_1257498.pdf
42398,86290,Rajdhani Unnayan Kartripakkha (RAJUK),office of the Chief Engineer ( Project &,Hatirjheel/Electrical-01/1,,,,,,,RAJUK_Tender_86290.pdf
177033,671804,Rajdhani Unnayan Kartripakkha (RAJUK),Uttara Apartment Project,UAP/EM/GEN/GD-10,,,,,,,RAJUK_Tender_671804.pdf
36039,72113,Rajdhani Unnayan Kartripakkha (RAJUK),Office of the Chief Engineer,RDC-12,,,,,,,RAJUK_Tender_72113.pdf
163357,583196,Rajdhani Unnayan Kartripakkha (RAJUK),Office of the Superintending Engineer,Rajuk/Electrical-2/20/W-03,,,,,,,RAJUK_Tender_583196.pdf
84196,174662,Rajdhani Unnayan Kartripakkha (RAJUK),office of the Chief Engineer ( Project &,GD/UAP/EM/2016-2017/CCTV/08,,,,,,,RAJUK_Tender_174662.pdf
162568,431687,Rajdhani Unnayan Kartripakkha (RAJUK),Uttara 3rd Phase Project,Rajuk/PD_Uttara3rd/11,,,,,,,RAJUK_Tender_431687.pdf
215920,1262416,Rajdhani Unnayan Kartripakkha (RAJUK),Office of the Superintending Engineer,RAJUK/Electrical-2/26/G-04,,,,,,,RAJUK_Tender_1262416.pdf
184613,704135,Rajdhani Unnayan Kartripakkha (RAJUK),Office of the Superintending Engineer,Rajuk/Electrical-1/21/W-05,,,,,,,RAJUK_Tender_704135.pdf
187390,840860,Rajshahi Development Authority,Office of the Chairman,RDA/GOB/G/2022- 23/01,,,,,,,RDA_Tender_840860.pdf
64862,146363,Rajdhani Unnayan Kartripakkha (RAJUK),office of the Chief Engineer ( Project &,GD/UAPE/M/2016-2017/G/1,,,,,,,RAJUK_Tender_146363.pdf
188649,938969,Rajdhani Unnayan Kartripakkha (RAJUK),Office of the Superintending Engineer,SEMECH-8,,,,,,,RAJUK_Tender_938969.pdf
153699,317768,Khulna Development Authority (KDA),Office of Planning Officer,KDA/EGP-04/PO/2018-2019,,,,,,,KDA_Tender_317768.pdf
206330,1018667,Rajdhani Unnayan Kartripakkha (RAJUK),Construction of multi-storied apartment,RAJUK/PD_9apt/Bldg_01/Lift,,,,,,,RAJUK_Tender_1018667.pdf
177988,1265185,Rajdhani Unnayan Kartripakkha (RAJUK),Office of the Superintending Engineer,RAJUK/Electrical-2/26/G-06,,,,,,,RAJUK_Tender_1265185.pdf
210852,1077511,Rajdhani Unnayan Kartripakkha (RAJUK),Director (Admin),RAJUK/Director_Admin/P-2,,,,,,,RAJUK_Tender_1077511.pdf
188649,1031801,Rajdhani Unnayan Kartripakkha (RAJUK),Office of the Superintending Engineer,SEMECH-10,,,,,,,RAJUK_Tender_1031801.pdf
182206,703185,Cox's Bazar Development Authority,Cox's Bazar Development Authority,CoxDA/Rev/21-22OTM/Works/StreetLight/07,,,,,,,COXDA_Tender_703185.pdf
176874,619039,Rajdhani Unnayan Kartripakkha (RAJUK),Superintending Engineer (Civil Circle-1),SE/CC-1/HQ/W-01,,,,,,,RAJUK_Tender_619039.pdf
226756,1305867,Chittagong Development Authority,Office of the Secretary,25.47.1500.017.07.004.23/01,,,,,,,CDA_Tender_1305867.pdf
170159,528774,Chittagong Development Authority,Construction Division-1,CD1-/E-1477,,,,,yes ±10%,,CDA_Tender_528774.pdf
217483,1252250,Cox's Bazar Development Authority,Cox's Bazar Development Authority,CoxDA/Rev/2025-26/OTM/Goods/Gift Item-Furniture-Eq,,,,,,,COXDA_Tender_1252250.pdf
195732,1008266,Rajdhani Unnayan Kartripakkha (RAJUK),Uttara Apartment Project,UAP/CW/WD-10,,,,,,,RAJUK_Tender_1008266.pdf
186665,755031,Rajdhani Unnayan Kartripakkha (RAJUK),Uttara Apartment Project,UAP/CW/WD-07,,,,,,,RAJUK_Tender_755031.pdf
151893,300507,Rajshahi Development Authority,Office of the Chairman,RDA/RMDP/G/2018-19/02,,,,,,,RDA_Tender_300507.pdf
203541,993999,Chittagong Development Authority,Office of the Secretary,PO/03/24/FU,,,,,,,CDA_Tender_993999.pdf
84196,287357,Rajdhani Unnayan Kartripakkha (RAJUK),office of the Chief Engineer ( Project &,GD/UAP/EM/2016-2017/CCTV/07,,,,,,,RAJUK_Tender_287357.pdf
84196,287341,Rajdhani Unnayan Kartripakkha (RAJUK),office of the Chief Engineer ( Project &,GD/UAP/EM/2016-2017/CCTV/02,,,,,,,RAJUK_Tender_287341.pdf
127121,339493,Rajdhani Unnayan Kartripakkha (RAJUK),Office of the Chief Engineer,Rajuk/PD_Purbachal/26,,,,,,,RAJUK_Tender_339493.pdf
84196,199306,Rajdhani Unnayan Kartripakkha (RAJUK),office of the Chief Engineer ( Project &,GD/UAP/EM/2016-2017/CCTV/12,,,,,,,RAJUK_Tender_199306.pdf
224283,1257398,Gazipur Development Authority,"Planning Section, Gazipur Development",Description : gda-dev-2025-2026-1-4,,,,,,,GDA_Tender_1257398.pdf
110799,209949,Rajdhani Unnayan Kartripakkha (RAJUK),Office of the Chief Engineer,Rajuk/SouthDivision/03,,,,,,,RAJUK_Tender_209949.pdf
170655,517938,Rajdhani Unnayan Kartripakkha (RAJUK),Office of the Superintending Engineer,Rajuk/Electrical-2/20/W-07,,,,,,,RAJUK_Tender_517938.pdf
207178,1222794,Rajdhani Unnayan Kartripakkha (RAJUK),Office of the Superintending Engineer,RAJUK/Electrical-2/26/W-01,,,,,,,RAJUK_Tender_1222794.pdf
84196,174661,Rajdhani Unnayan Kartripakkha (RAJUK),office of the Chief Engineer ( Project &,GD/UAP/EM/2016-2017/CCTV/04,,,,,,,RAJUK_Tender_174661.pdf
162569,423280,Rajdhani Unnayan Kartripakkha (RAJUK),Uttara Apartment Project,RAJUK/UAP/NCT-04,,,,,,,RAJUK_Tender_423280.pdf
215270,1132951,Khulna Development Authority (KDA),Office of Planning Officer,KDA/EGP-02/PO/2025-26,,,,,,,KDA_Tender_1132951.pdf
188860,870251,Rajdhani Unnayan Kartripakkha (RAJUK),Purbachal New Town Project,Rajuk/PD_Purbachal/82,,,,,,,RAJUK_Tender_870251.pdf
215920,1262415,Rajdhani Unnayan Kartripakkha (RAJUK),Office of the Superintending Engineer,RAJUK/Electrical-2/26/G-03,,,,,,,RAJUK_Tender_1262415.pdf
182206,643399,Cox's Bazar Development Authority,Cox's Bazar Development Authority,CoxDA/Rev/21-22/OTM/Goods/01,,,,,,,COXDA_Tender_643399.pdf
151419,326788,Khulna Development Authority (KDA),Office of Chief Engineer,AHSANABAD-WD5,,,,,,,KDA_Tender_326788.pdf
207178,1081736,Rajdhani Unnayan Kartripakkha (RAJUK),Office of the Superintending Engineer,Rajuk/Electrical-2/24/W-05,,,,,,,RAJUK_Tender_1081736.pdf
217483,1163355,Cox's Bazar Development Authority,Cox's Bazar Development Authority,CoxDa/Rev/2025-26/Computer_Consumable/GR-04/02,,,,,,,COXDA_Tender_1163355.pdf
186674,755321,Chittagong Development Authority,Project Director (Loop Road),20121321143465744654654-3,,,,,,,CDA_Tender_755321.pdf
134227,247987,Rajdhani Unnayan Kartripakkha (RAJUK),office of the Chief Engineer ( Project &,UAP/EM/18/G-01,,,,,,,RAJUK_Tender_247987.pdf
64862,146374,Rajdhani Unnayan Kartripakkha (RAJUK),office of the Chief Engineer ( Project &,GD/UAPE/M/2016-2017/G/6,,,,,,,RAJUK_Tender_146374.pdf
208818,1036609,Chittagong Development Authority,Construction Division-2,CD2/CP-1/E-4,,,,,,,CDA_Tender_1036609.pdf
188629,1266470,Rajdhani Unnayan Kartripakkha (RAJUK),Development of Residential and,RAJUK/PD_JHILMIL/DC-12,,,,,,,RAJUK_Tender_1266470.pdf
169474,502059,Rajdhani Unnayan Kartripakkha (RAJUK),Uttara Apartment Project,WD/UAPE/M/LM/02,,,,,,,RAJUK_Tender_502059.pdf
93852,172775,Rajdhani Unnayan Kartripakkha (RAJUK),Office of the Chief Engineer,Rajuk/PD_Jhilmil/01,,,,,,,RAJUK_Tender_172775.pdf
198214,929618,Rajshahi Development Authority,Office of the Chairman,RDA/GOB/SCMAP/G/2023-2024/ 03,,,,,,,RDA_Tender_929618.pdf
190015,771464,Cox's Bazar Development Authority,Cox's Bazar Development Authority,CoxDA/Rev/22-23/OTM/Goods/Advertisement-Publicity,,,,,,,COXDA_Tender_771464.pdf
193962,1013269,Rajdhani Unnayan Kartripakkha (RAJUK),Superintending Engineer (Civil Circle-4),RAJUK/SECC-4/Road-11,,,,,,,RAJUK_Tender_1013269.pdf
60029,119498,Rajdhani Unnayan Kartripakkha (RAJUK),Office of the Chief Engineer,5-3205-3111-UMT/09,,,,,,,RAJUK_Tender_119498.pdf
182206,703186,Cox's Bazar Development Authority,Cox's Bazar Development Authority,CoxDA/Rev/21-22OTM/Goods/SpareParts/08,,,,,,,COXDA_Tender_703186.pdf
36039,72139,Rajdhani Unnayan Kartripakkha (RAJUK),Office of the Chief Engineer,RDC-10,,,,,,,RAJUK_Tender_72139.pdf
129714,287442,Chittagong Development Authority,Project Director(M.Uddin),PD/officeB/E-48,,,,,yes ±10%,,CDA_Tender_287442.pdf
196376,863116,Chittagong Development Authority,Project Director (CDA Square),PD/CDAsqr/edeeptube/53,,,,,,,CDA_Tender_863116.pdf
197063,932066,Khulna Development Authority (KDA),Office of the Project Director (3Link Road),KDA/3link/WD-4/2023-24,,,,,,,KDA_Tender_932066.pdf
84196,199307,Rajdhani Unnayan Kartripakkha (RAJUK),office of the Chief Engineer ( Project &,GD/UAP/EM/2016-2017/CCTV/13,,,,,,,RAJUK_Tender_199307.pdf
186665,788086,Rajdhani Unnayan Kartripakkha (RAJUK),Uttara Apartment Project,UAP/CW/WD-05,,,,,,,RAJUK_Tender_788086.pdf
75840,174714,Rajdhani Unnayan Kartripakkha (RAJUK),Office of the Chief Engineer,Rajuk/PD_Uttara3rd/09,,,,,,,RAJUK_Tender_174714.pdf
196715,917456,Chittagong Development Authority,Project Director (CCORRP),PD/CCORRP/SL/ESTIMATE/409,,,,,,,CDA_Tender_917456.pdf
186665,775309,Rajdhani Unnayan Kartripakkha (RAJUK),Uttara Apartment Project,UAP/CW/WD-03/2,,,,,,,RAJUK_Tender_775309.pdf
84196,287354,Rajdhani Unnayan Kartripakkha (RAJUK),office of the Chief Engineer ( Project &,GD/UAP/EM/2016-2017/CCTV/04,,,,,,,RAJUK_Tender_287354.pdf
188782,748220,Chittagong Development Authority,Construction Division-2,CD-2/E-949,,,,,,,CDA_Tender_748220.pdf
203567,993983,Chittagong Development Authority,Project Director(Elevated ExpressWay),EEW/WD4,,,,,,,CDA_Tender_993983.pdf
187512,733123,Chittagong Development Authority,Project Director (Master Plan),25.47.1500.071.76.45.22/GD-1,,,,,,,CDA_Tender_733123.pdf
66796,149103,Rajdhani Unnayan Kartripakkha (RAJUK),office of the Chief Engineer ( Project &,GD/UAPE/M/2016-2017/S/2,,,,,,,RAJUK_Tender_149103.pdf
162585,590668,Rajdhani Unnayan Kartripakkha (RAJUK),Purbachal New Town Project,Rajuk/PD_Purbachal/55,,,,,,,RAJUK_Tender_590668.pdf
224425,1257431,Gazipur Development Authority,"Office of the Member,Administration and",Description : gda-dev-2025-2026-3-4,,,,,,,GDA_Tender_1257431.pdf
162585,427834,Rajdhani Unnayan Kartripakkha (RAJUK),Purbachal New Town Project,Rajuk/PD_Purbachal/43,,,,,,,RAJUK_Tender_427834.pdf
204202,1115432,Chittagong Development Authority,"Construction Division-1, Chattogram",ExEn-1/E-1489/2025,,,,,yes ±10%,,CDA_Tender_1115432.pdf
162585,427820,Rajdhani Unnayan Kartripakkha (RAJUK),Purbachal New Town Project,Rajuk/PD_Purbachal/1,,,,,,,RAJUK_Tender_427820.pdf
188785,749274,Chittagong Development Authority,Management Information System (MIS),MIS/ConferenceSystem/2022,,,,,,,CDA_Tender_749274.pdf
201690,989834,Rajdhani Unnayan Kartripakkha (RAJUK),Office of the Superintending Engineer,Rajuk/Electrical-1/24/G-02,,,,,,,RAJUK_Tender_989834.pdf
217281,1146762,Khulna Development Authority (KDA),Office of the Project Director (KDA Bipone,KDA/BBP/WD-1Remaining/2025-26,,,,,,,KDA_Tender_1146762.pdf
84197,174686,Rajdhani Unnayan Kartripakkha (RAJUK),office of the Chief Engineer ( Project &,GD/UAP/EM/2016-2017/Solar/11,,,,,,,RAJUK_Tender_174686.pdf
178455,627787,Chittagong Development Authority,Project Director(Rajib Das),PD/Anannaya/01,,,,,,,CDA_Tender_627787.pdf
188649,1240323,Rajdhani Unnayan Kartripakkha (RAJUK),Office of the Superintending Engineer,SEMECH-G1,,,,,,,RAJUK_Tender_1240323.pdf
178132,639913,Rajdhani Unnayan Kartripakkha (RAJUK),Construction of multi-storied apartment,RAJUK/PD_9apt/Solar_Bldg.-4,,,,,,,RAJUK_Tender_639913.pdf
200807,925890,Khulna Development Authority (KDA),Office of the Estate Director,KDA/Estate-5/2023-2024,,,,,,,KDA_Tender_925890.pdf
188649,1240322,Rajdhani Unnayan Kartripakkha (RAJUK),Office of the Superintending Engineer,SEMECH-W3,,,,,,,RAJUK_Tender_1240322.pdf
161824,464552,Cox's Bazar Development Authority,Cox's Bazar Development Authority,CoxDA/eGP OTM-05/2020,,,,,,,COXDA_Tender_464552.pdf
188860,789948,Rajdhani Unnayan Kartripakkha (RAJUK),Purbachal New Town Project,Rajuk/PD_Purbachal/RDC_14,,,,,,,RAJUK_Tender_789948.pdf
186665,813704,Rajdhani Unnayan Kartripakkha (RAJUK),Uttara Apartment Project,UAP/EM/GEN/GD/06,,,,,,,RAJUK_Tender_813704.pdf
127121,301505,Rajdhani Unnayan Kartripakkha (RAJUK),Office of the Chief Engineer,Rajuk/PD_Purbachal/24,,,,,,,RAJUK_Tender_301505.pdf
84196,199294,Rajdhani Unnayan Kartripakkha (RAJUK),office of the Chief Engineer ( Project &,GD/UAP/EM/2016-2017/CCTV/01,,,,,,,RAJUK_Tender_199294.pdf
42405,85344,Rajdhani Unnayan Kartripakkha (RAJUK),Office of the Chief Engineer,Rajuk/Uttara 3rd Phase,,,,,,,RAJUK_Tender_85344.pdf
218711,1222799,Rajdhani Unnayan Kartripakkha (RAJUK),Office of the Superintending Engineer,RAJUK/Electrical-2/26/G-01,,,,,,,RAJUK_Tender_1222799.pdf
162585,466100,Rajdhani Unnayan Kartripakkha (RAJUK),Purbachal New Town Project,Rajuk/PD_Purbachal/39,,,,,,,RAJUK_Tender_466100.pdf
188649,1109349,Rajdhani Unnayan Kartripakkha (RAJUK),Office of the Superintending Engineer,SEMECH-10,,,,,,,RAJUK_Tender_1109349.pdf
159826,475801,Rajdhani Unnayan Kartripakkha (RAJUK),"Office of the Project Director, Urban",URP/RAJUK/G-20,,,,,,,RAJUK_Tender_475801.pdf
200722,935974,Cox's Bazar Development Authority,Cox's Bazar Development Authority,CoxDA/Rev/2023-24/Goods/National-Day,,,,,,,COXDA_Tender_935974.pdf
204126,1002615,Chittagong Development Authority,Project Director(Water Logging),PD/waterlogging/est/excav/125,,,,,,,CDA_Tender_1002615.pdf
66796,149102,Rajdhani Unnayan Kartripakkha (RAJUK),office of the Chief Engineer ( Project &,GD/UAPE/M/2016-2017/S/1,,,,,,,RAJUK_Tender_149102.pdf
39146,79262,Rajdhani Unnayan Kartripakkha (RAJUK),Office of the Chief Engineer,Rajuk/UAP/01,,,,,,,RAJUK_Tender_79262.pdf
188785,809857,Chittagong Development Authority,Management Information System (MIS),MIS/Kroi/2021/26/P-10/138,,,,,,,CDA_Tender_809857.pdf
176874,660091,Rajdhani Unnayan Kartripakkha (RAJUK),Superintending Engineer (Civil Circle-1),EE/HQ/W-04,,,,,,,RAJUK_Tender_660091.pdf
188860,1060894,Rajdhani Unnayan Kartripakkha (RAJUK),Purbachal New Town Project,RAJUK/PD_Purbachal/113,,,,,,,RAJUK_Tender_1060894.pdf
215901,1254223,Rajdhani Unnayan Kartripakkha (RAJUK),Superintending Engineer (Civil Circle-1),RAJUK/EE/HQ/W-01,,,,,,,RAJUK_Tender_1254223.pdf
84196,287358,Rajdhani Unnayan Kartripakkha (RAJUK),office of the Chief Engineer ( Project &,GD/UAP/EM/2016-2017/CCTV/05,,,,,,,RAJUK_Tender_287358.pdf
224283,1253318,Gazipur Development Authority,"Planning Section, Gazipur Development",gda-dev-2025-2026-1-1,,,,,,,GDA_Tender_1253318.pdf
118504,236036,Rajdhani Unnayan Kartripakkha (RAJUK),office of the Chief Engineer ( Project &,Rajuk/Mechanical/7,,,,,,,RAJUK_Tender_236036.pdf
196715,867632,Chittagong Development Authority,Project Director (CCORRP),CCORRP/WD10,,,,,,,CDA_Tender_867632.pdf
170159,507215,Chittagong Development Authority,Construction Division-1,CD1/E-1475,,,,,yes ±10%,,CDA_Tender_507215.pdf
188629,753303,Rajdhani Unnayan Kartripakkha (RAJUK),Development of Residential and,RAJUK/PD_JHILMIL//DFC-2,,,,,,,RAJUK_Tender_753303.pdf
180981,638921,Rajshahi Development Authority,Office of the Chairman,RDA/RMDP/G/2021-2022/02,,,,,,,RDA_Tender_638921.pdf
199096,891971,Cox's Bazar Development Authority,Cox's Bazar Development Authority,CoxDA/OF/2023-24/Works/OTM/5no. Sculpture,,,,,,,COXDA_Tender_891971.pdf
162585,466089,Rajdhani Unnayan Kartripakkha (RAJUK),Purbachal New Town Project,Rajuk/PD_Purbachal/2,,,,,,,RAJUK_Tender_466089.pdf
151419,326787,Khulna Development Authority (KDA),Office of Chief Engineer,AHSANABAD-WD4,,,,,,,KDA_Tender_326787.pdf
97959,178554,Chittagong Development Authority,Project Division,e-TENDER EE-project-dhk resthouse-e-5805,,,,,,,CDA_Tender_178554.pdf
84197,174685,Rajdhani Unnayan Kartripakkha (RAJUK),office of the Chief Engineer ( Project &,GD/UAP/EM/2016-2017/Solar/06,,,,,,,RAJUK_Tender_174685.pdf
170159,527700,Chittagong Development Authority,Construction Division-1,CD1-/E-1476,,,,,yes ±10%,,CDA_Tender_527700.pdf
162585,601518,Rajdhani Unnayan Kartripakkha (RAJUK),Purbachal New Town Project,Rajuk/PD_Purbachal/65,,,,,,,RAJUK_Tender_601518.pdf
196083,860528,Rajdhani Unnayan Kartripakkha (RAJUK),Superintending Engineer (Civil Circle-1),SE/CC-1/HQ/HatirjheelW-08,,,,,,,RAJUK_Tender_860528.pdf
188649,1240321,Rajdhani Unnayan Kartripakkha (RAJUK),Office of the Superintending Engineer,SEMECH-W2,,,,,,,RAJUK_Tender_1240321.pdf
163357,583212,Rajdhani Unnayan Kartripakkha (RAJUK),Office of the Superintending Engineer,Rajuk/Electrical-2/20/W-05,,,,,,,RAJUK_Tender_583212.pdf
190680,786407,Chittagong Development Authority,"Executive Engineer, Construction Division-",CD3/EST/630,,,,,yes ±10%,,CDA_Tender_786407.pdf
176874,699609,Rajdhani Unnayan Kartripakkha (RAJUK),Superintending Engineer (Civil Circle-1),SE/CC-1/HQ/W-09,,,,,,,RAJUK_Tender_699609.pdf
39292,79261,Rajdhani Unnayan Kartripakkha (RAJUK),Office of the Chief Engineer,Rajuk/CentralDhaka/01,,,,,,,RAJUK_Tender_79261.pdf
200967,1013104,Rajdhani Unnayan Kartripakkha (RAJUK),Office of the Superintending Engineer,RAJUK/Electrical-1/AC/,,,,,,,RAJUK_Tender_1013104.pdf
151893,322769,Rajshahi Development Authority,Office of the Chairman,RDA/RMDP/G/2018-19/002,,,,,,,RDA_Tender_322769.pdf
188629,753302,Rajdhani Unnayan Kartripakkha (RAJUK),Development of Residential and,RAJUK/PD_JHILMIL//DFC-1,,,,,,,RAJUK_Tender_753302.pdf
84197,198200,Rajdhani Unnayan Kartripakkha (RAJUK),office of the Chief Engineer ( Project &,GD/UAP/EM/2016-2017/Solar/12,,,,,,,RAJUK_Tender_198200.pdf
216874,1153840,Chittagong Development Authority,Construction Division-2,Xen/CD-2/kolpolok-03,,,,,,,CDA_Tender_1153840.pdf
170159,547817,Chittagong Development Authority,Construction Division-1,CD-1/E-1475,,,,,yes ±10%,,CDA_Tender_547817.pdf
188860,1060893,Rajdhani Unnayan Kartripakkha (RAJUK),Purbachal New Town Project,RAJUK/PD_Purbachal/112,,,,,,,RAJUK_Tender_1060893.pdf
216906,1142890,Khulna Development Authority (KDA),Office of Exen (works),S-WD-02,,,,,,,KDA_Tender_1142890.pdf
188629,753306,Rajdhani Unnayan Kartripakkha (RAJUK),Development of Residential and,RAJUK/PD_JHILMIL//DFC-4,,,,,,,RAJUK_Tender_753306.pdf
44556,89828,Rajdhani Unnayan Kartripakkha (RAJUK),Office of the Chief Engineer,Rajuk/PD_Hatirjheel/01,,,,,,,RAJUK_Tender_89828.pdf
188629,753312,Rajdhani Unnayan Kartripakkha (RAJUK),Development of Residential and,RAJUK/PD_JHILMIL//DFC-10,,,,,,,RAJUK_Tender_753312.pdf
118504,236033,Rajdhani Unnayan Kartripakkha (RAJUK),office of the Chief Engineer ( Project &,Rajuk/Mechanical/8,,,,,,,RAJUK_Tender_236033.pdf
195732,982350,Rajdhani Unnayan Kartripakkha (RAJUK),Uttara Apartment Project,UAP/EM/2023-2024/GD-10,,,,,,,RAJUK_Tender_982350.pdf
217483,1184467,Cox's Bazar Development Authority,Cox's Bazar Development Authority,CoxDA/Revenue/Goods/OTM/BP/FY2025-26,,,,,,,COXDA_Tender_1184467.pdf
162585,427832,Rajdhani Unnayan Kartripakkha (RAJUK),Purbachal New Town Project,Rajuk/PD_Purbachal/42,,,,,,,RAJUK_Tender_427832.pdf
162651,425270,Chittagong Development Authority,Project Director (Saltgola),CD-1/E-1470,,,,,yes ±10%,,CDA_Tender_425270.pdf
162585,466107,Rajdhani Unnayan Kartripakkha (RAJUK),Purbachal New Town Project,Rajuk/PD_Purbachal/42,,,,,,,RAJUK_Tender_466107.pdf
188860,1066945,Rajdhani Unnayan Kartripakkha (RAJUK),Purbachal New Town Project,RAJUK/PD_Purbachal/116,,,,,,,RAJUK_Tender_1066945.pdf
151713,281992,Chittagong Development Authority,Project Director(Mohammad Hasan),PD/memorial/est-1,,,,,yes ±10%,,CDA_Tender_281992.pdf
196182,860824,Rajshahi Development Authority,Office of the Project Director,RDA/WF/W/2023-2024/02,,,,,,,RDA_Tender_860824.pdf
200016,905029,Rajdhani Unnayan Kartripakkha (RAJUK),Purbachal New Town Project,RAJUK/PD_Purbachal/SL-2,,,,,,,RAJUK_Tender_905029.pdf
220759,1189962,Cox's Bazar Development Authority,Cox's Bazar Development Authority,CoxDA/OF/2025-26/Vehicle_Hiring,,,,,,,COXDA_Tender_1189962.pdf
178132,639295,Rajdhani Unnayan Kartripakkha (RAJUK),Construction of multi-storied apartment,RAJUK/PD_9apt/Lift_Bldg-4,,,,,,,RAJUK_Tender_639295.pdf
35487,101974,Rajdhani Unnayan Kartripakkha (RAJUK),office of the Chief Engineer ( Project &,Rajuk/Mechanical-1/01/P-2,,,,,,,RAJUK_Tender_101974.pdf
193877,1016865,Rajdhani Unnayan Kartripakkha (RAJUK),Superintending Engineer (Civil Circle-4),RAJUK/SECC-4/Road-14,,,,,,,RAJUK_Tender_1016865.pdf
179660,639732,Rajdhani Unnayan Kartripakkha (RAJUK),Purbachal New Town Project,Rajuk/PD_Purbachal/77,,,,,,,RAJUK_Tender_639732.pdf
206011,1154317,Rajdhani Unnayan Kartripakkha (RAJUK),Office of the Superintending Engineer,RAJUK/SEMEC-4,,,,,,,RAJUK_Tender_1154317.pdf
162585,601508,Rajdhani Unnayan Kartripakkha (RAJUK),Purbachal New Town Project,Rajuk/PD_Purbachal/58,,,,,,,RAJUK_Tender_601508.pdf
182206,644172,Cox's Bazar Development Authority,Cox's Bazar Development Authority,CoxDA/Rev/2021-22/Goods/Books,,,,,,,COXDA_Tender_644172.pdf
90355,182856,Rajdhani Unnayan Kartripakkha (RAJUK),Office of the Chief Engineer,BW-A/UAP-01,,,,,,,RAJUK_Tender_182856.pdf
127121,301503,Rajdhani Unnayan Kartripakkha (RAJUK),Office of the Chief Engineer,Rajuk/PD_Purbachal/23,,,,,,,RAJUK_Tender_301503.pdf
135402,260843,Rajdhani Unnayan Kartripakkha (RAJUK),office of the Chief Engineer ( Project &,Rajuk/ Electrical-1/18/ W-02,,,,,,,RAJUK_Tender_260843.pdf
200016,905028,Rajdhani Unnayan Kartripakkha (RAJUK),Purbachal New Town Project,RAJUK/PD_Purbachal/SL-1,,,,,,,RAJUK_Tender_905028.pdf
188860,1066944,Rajdhani Unnayan Kartripakkha (RAJUK),Purbachal New Town Project,RAJUK/PD_Purbachal/115,,,,,,,RAJUK_Tender_1066944.pdf
166705,498041,Chittagong Development Authority,Project Director(M.Uddin),PD/MehedibagSQ/E-50,,,,,yes ±10%,,CDA_Tender_498041.pdf
196756,868908,Chittagong Development Authority,"Project Director(M.Uddin), Chittagong",EXEN/OFFICE/I-106,,,,,yes ±10%,,CDA_Tender_868908.pdf
188782,844951,Chittagong Development Authority,Construction Division-2,CD-2/E-950/22-23,,,,,yes ±10%,,CDA_Tender_844951.pdf
66796,149110,Rajdhani Unnayan Kartripakkha (RAJUK),office of the Chief Engineer ( Project &,GD/UAPE/M/2016-2017/S/07,,,,,,,RAJUK_Tender_149110.pdf
66796,149104,Rajdhani Unnayan Kartripakkha (RAJUK),office of the Chief Engineer ( Project &,GD/UAPE/M/2016-2017/S/03,,,,,,,RAJUK_Tender_149104.pdf
188629,753307,Rajdhani Unnayan Kartripakkha (RAJUK),Development of Residential and,RAJUK/PD_JHILMIL//DFC-5,,,,,,,RAJUK_Tender_753307.pdf
75790,170785,Rajdhani Unnayan Kartripakkha (RAJUK),office of the Chief Engineer ( Project &,Rajuk/Electrical-1/22,,,,,,,RAJUK_Tender_170785.pdf
224283,1253320,Gazipur Development Authority,"Planning Section, Gazipur Development",gda-dev-2025-2026-1-2,,,,,,,GDA_Tender_1253320.pdf
170472,516485,Chittagong Development Authority,Construction Division-2,CD2/E-933-04,,,,,,,CDA_Tender_516485.pdf
52936,214250,Rajdhani Unnayan Kartripakkha (RAJUK),Office of the Chief Engineer,Rajuk/Central Dhaka/P-4,,,,,,,RAJUK_Tender_214250.pdf
188860,1060892,Rajdhani Unnayan Kartripakkha (RAJUK),Purbachal New Town Project,RAJUK/PD_Purbachal/111,,,,,,,RAJUK_Tender_1060892.pdf
84196,287360,Rajdhani Unnayan Kartripakkha (RAJUK),office of the Chief Engineer ( Project &,GD/UAP/EM/2016-2017/CCTV/03,,,,,,,RAJUK_Tender_287360.pdf
188629,753311,Rajdhani Unnayan Kartripakkha (RAJUK),Development of Residential and,RAJUK/PD_JHILMIL//DFC-9,,,,,,,RAJUK_Tender_753311.pdf
225970,1280331,Chittagong Development Authority,Project Director(CRBKRKBC),XEN/IP/151,,,,,,,CDA_Tender_1280331.pdf
188629,753305,Rajdhani Unnayan Kartripakkha (RAJUK),Development of Residential and,RAJUK/PD_JHILMIL//DFC-3,,,,,,,RAJUK_Tender_753305.pdf
206330,1018730,Rajdhani Unnayan Kartripakkha (RAJUK),Construction of multi-storied apartment,RAJUK/PD_9apt/Bldg_01/Fire Hydrant,,,,,,,RAJUK_Tender_1018730.pdf
162585,427825,Rajdhani Unnayan Kartripakkha (RAJUK),Purbachal New Town Project,Rajuk/PD_Purbachal/2,,,,,,,RAJUK_Tender_427825.pdf
151419,292378,Khulna Development Authority (KDA),Office of Chief Engineer,AHSANABAD-WD4,,,,,,,KDA_Tender_292378.pdf
216869,1306342,Chittagong Development Authority,Management Information System (MIS),25.47.1500.111.49.001.26,,,,,,,CDA_Tender_1306342.pdf
188860,1066946,Rajdhani Unnayan Kartripakkha (RAJUK),Purbachal New Town Project,RAJUK/PD_Purbachal/117,,,,,,,RAJUK_Tender_1066946.pdf
84196,174668,Rajdhani Unnayan Kartripakkha (RAJUK),office of the Chief Engineer ( Project &,GD/UAP/EM/2016-2017/CCTV/06,,,,,,,RAJUK_Tender_174668.pdf
84197,174683,Rajdhani Unnayan Kartripakkha (RAJUK),office of the Chief Engineer ( Project &,GD/UAP/EM/2016-2017/Solar/10,,,,,,,RAJUK_Tender_174683.pdf
173888,563563,Cox's Bazar Development Authority,Cox's Bazar Development Authority,CoxDA/Dev/2020-21/Office Bldng/Arboriculture,,,,,,,COXDA_Tender_563563.pdf
193877,1016866,Rajdhani Unnayan Kartripakkha (RAJUK),Superintending Engineer (Civil Circle-4),RAJUK/SECC-4/Road-15,,,,,,,RAJUK_Tender_1016866.pdf
77926,147563,Chittagong Development Authority,Management Information System (MIS),e-TENDER BB-LED,,,,,,,CDA_Tender_147563.pdf
134227,248317,Rajdhani Unnayan Kartripakkha (RAJUK),office of the Chief Engineer ( Project &,UAP/EM/18/G-03,,,,,,,RAJUK_Tender_248317.pdf
179660,639731,Rajdhani Unnayan Kartripakkha (RAJUK),Purbachal New Town Project,Rajuk/PD_Purbachal/76,,,,,,,RAJUK_Tender_639731.pdf
185197,1134392,Rajdhani Unnayan Kartripakkha (RAJUK),Office of the Superintending Engineer,SEMECH-02,,,,,,,RAJUK_Tender_1134392.pdf
181641,641674,Rajdhani Unnayan Kartripakkha (RAJUK),Superintending Engineer (Civil Circle-4),RAJUK/imp-06/2021-22/WR4,,,,,,,RAJUK_Tender_641674.pdf
193877,1016867,Rajdhani Unnayan Kartripakkha (RAJUK),Superintending Engineer (Civil Circle-4),RAJUK/SECC-4/Road-16,,,,,,,RAJUK_Tender_1016867.pdf
204772,1049598,Chittagong Development Authority,"Project Director(M.Uddin), Chittagong",PD/CM Banglow/E-113,,,,,,,CDA_Tender_1049598.pdf
84196,174669,Rajdhani Unnayan Kartripakkha (RAJUK),office of the Chief Engineer ( Project &,GD/UAP/EM/2016-2017/CCTV/11,,,,,,,RAJUK_Tender_174669.pdf
186665,770668,Rajdhani Unnayan Kartripakkha (RAJUK),Uttara Apartment Project,UAP/EM/SS/GD/05,,,,,,,RAJUK_Tender_770668.pdf
84196,174655,Rajdhani Unnayan Kartripakkha (RAJUK),office of the Chief Engineer ( Project &,GD/UAP/EM/2016-2017/CCTV/09,,,,,,,RAJUK_Tender_174655.pdf
188860,975321,Rajdhani Unnayan Kartripakkha (RAJUK),Purbachal New Town Project,RAJUK/PD_Purbachal/94,,,,,,,RAJUK_Tender_975321.pdf
170470,514342,Rajdhani Unnayan Kartripakkha (RAJUK),Superintending Engineer (Civil Circle-1),Rajuk/SECC-2/,,,,,,,RAJUK_Tender_514342.pdf
45876,99744,Chittagong Development Authority,Project Director (Saltgola),e-TENDER CD1/e-saltgola/1458,,,,,,,CDA_Tender_99744.pdf
162585,466105,Rajdhani Unnayan Kartripakkha (RAJUK),Purbachal New Town Project,Rajuk/PD_Purbachal/40,,,,,,,RAJUK_Tender_466105.pdf
151419,292379,Khulna Development Authority (KDA),Office of Chief Engineer,AHSANABAD-WD5,,,,,,,KDA_Tender_292379.pdf
75840,174709,Rajdhani Unnayan Kartripakkha (RAJUK),Office of the Chief Engineer,Rajuk/PD_Uttara3rd/07,,,,,,,RAJUK_Tender_174709.pdf
218677,1206004,Rajdhani Unnayan Kartripakkha (RAJUK),Office of the Superintending Engineer,RAJUK/Electrical-2/25/W-1,,,,,,,RAJUK_Tender_1206004.pdf
182206,653586,Cox's Bazar Development Authority,Cox's Bazar Development Authority,CoxDA/Rev/21-22/Adv and Publicity,,,,,,,COXDA_Tender_653586.pdf
176799,647359,Rajdhani Unnayan Kartripakkha (RAJUK),Uttara 3rd Phase Project,PD_U3P/7,,,,,,,RAJUK_Tender_647359.pdf
66796,149107,Rajdhani Unnayan Kartripakkha (RAJUK),office of the Chief Engineer ( Project &,GD/UAPE/M/2016-2017/S/05,,,,,,,RAJUK_Tender_149107.pdf
188629,753310,Rajdhani Unnayan Kartripakkha (RAJUK),Development of Residential and,RAJUK/PD_JHILMIL//DFC-8,,,,,,,RAJUK_Tender_753310.pdf
147020,265155,Chittagong Development Authority,Project Director(Elevated ExpressWay),02Procurment of vehicle,,,,,,,CDA_Tender_265155.pdf
179858,617449,Cox's Bazar Development Authority,Cox's Bazar Development Authority,CoxDA/Dev/2021-22/Road/WD-06/Street Light,,,,,,,COXDA_Tender_617449.pdf
177033,637168,Rajdhani Unnayan Kartripakkha (RAJUK),Uttara Apartment Project,GD/UAP/Lift-04,,,,,,,RAJUK_Tender_637168.pdf
206559,1023059,Rajdhani Unnayan Kartripakkha (RAJUK),Uttara Apartment Project,UAP/EM/GD-27,,,,,,,RAJUK_Tender_1023059.pdf
168179,502973,Khulna Development Authority (KDA),Office of Exen (works),S-WD-01.,,,,,,,KDA_Tender_502973.pdf
227176,1306351,Gazipur Development Authority,"Admin and Finance Section, Gazipur",gda-own-2025-2026-2,,,,,,,GDA_Tender_1306351.pdf
187390,731597,Rajshahi Development Authority,Office of the Chairman,RDA/WF/W/2022-23/01,,,,,,,RDA_Tender_731597.pdf
93683,174034,Rajdhani Unnayan Kartripakkha (RAJUK),office of the Chief Engineer ( Project &,Rajuk/electrical-1/18/w-9,,,,,,,RAJUK_Tender_174034.pdf
185197,722613,Rajdhani Unnayan Kartripakkha (RAJUK),Office of the Superintending Engineer,SE-Mac-1,,,,,,,RAJUK_Tender_722613.pdf
163357,480550,Rajdhani Unnayan Kartripakkha (RAJUK),Office of the Superintending Engineer,Rajuk/Electrical-2/20/W-03,,,,,,,RAJUK_Tender_480550.pdf
184126,704165,Rajdhani Unnayan Kartripakkha (RAJUK),Office of the Superintending Engineer,Rajuk/Electrical-1/21/W-06,,,,,,,RAJUK_Tender_704165.pdf
198284,894645,Chittagong Development Authority,"Executive Engineer, Construction Division-",XENCD3Works2023-1,,,,,,,CDA_Tender_894645.pdf
214163,1124277,Chittagong Development Authority,Project Director(Elevated ExpressWay),EEW/01/2024-25,,,,,,,CDA_Tender_1124277.pdf
217483,1157288,Cox's Bazar Development Authority,Cox's Bazar Development Authority,CoxDA/Rev/Goods/Cleaning/FY2025-26,,,,,,,COXDA_Tender_1157288.pdf
44560,89904,Rajdhani Unnayan Kartripakkha (RAJUK),office of the Chief Engineer ( Project &,Rajuk/Electrical-01/08,,,,,,,RAJUK_Tender_89904.pdf
169474,502977,Rajdhani Unnayan Kartripakkha (RAJUK),Uttara Apartment Project,WD/UAPE/M/LM/03,,,,,,,RAJUK_Tender_502977.pdf
186665,796189,Rajdhani Unnayan Kartripakkha (RAJUK),Uttara Apartment Project,UAP/EM/Lift/GD/05,,,,,,,RAJUK_Tender_796189.pdf
188860,789917,Rajdhani Unnayan Kartripakkha (RAJUK),Purbachal New Town Project,Rajuk/PD_Purbachal/RDC_11,,,,,,,RAJUK_Tender_789917.pdf
62062,122105,Rajdhani Unnayan Kartripakkha (RAJUK),Office of the Chief Engineer,Rajuk/North Dhaka/P-8,,,,,,,RAJUK_Tender_122105.pdf
166705,539749,Chittagong Development Authority,Project Director(M.Uddin),PD/BB/E-73,,,,,yes ±10%,,CDA_Tender_539749.pdf
164555,448434,Cox's Bazar Development Authority,Cox's Bazar Development Authority,CoxDA/Project/eGP WD-02/2020,,,,,,,COXDA_Tender_448434.pdf
35487,72156,Rajdhani Unnayan Kartripakkha (RAJUK),office of the Chief Engineer ( Project &,Rajuk/Mechanical-1/01/P-2,,,,,,,RAJUK_Tender_72156.pdf
161824,464647,Cox's Bazar Development Authority,Cox's Bazar Development Authority,CoxDA/eGP OTM-06/2020,,,,,,,COXDA_Tender_464647.pdf
188629,1060377,Rajdhani Unnayan Kartripakkha (RAJUK),Development of Residential and,RAJUK/PD_JHILMIL/DC-6,,,,,,,RAJUK_Tender_1060377.pdf
210852,1129777,Rajdhani Unnayan Kartripakkha (RAJUK),Director (Admin),RAJUK/Director_Admin/P-2,,,,,,,RAJUK_Tender_1129777.pdf
188860,957253,Rajdhani Unnayan Kartripakkha (RAJUK),Purbachal New Town Project,RAJUK/PD_Purbachal/92,,,,,,,RAJUK_Tender_957253.pdf
206817,1023323,Chittagong Development Authority,Project Director (CDA Square),PD/CDAsqr/S.P/E68,,,,,,,CDA_Tender_1023323.pdf
216874,1153808,Chittagong Development Authority,Construction Division-2,Xen/CD-2/kolpolok-02,,,,,,,CDA_Tender_1153808.pdf
90355,168193,Rajdhani Unnayan Kartripakkha (RAJUK),Office of the Chief Engineer,BW-A/UAP-01,,,,,,,RAJUK_Tender_168193.pdf
118504,236043,Rajdhani Unnayan Kartripakkha (RAJUK),office of the Chief Engineer ( Project &,Rajuk/Mechanical/6,,,,,,,RAJUK_Tender_236043.pdf
186674,727849,Chittagong Development Authority,Project Director (Loop Road),20121321143465744654654,,,,,,,CDA_Tender_727849.pdf
209370,1044421,Chittagong Development Authority,Office of the Secretary,PO/79/Part-3-1,,,,,,,CDA_Tender_1044421.pdf
176874,656595,Rajdhani Unnayan Kartripakkha (RAJUK),Superintending Engineer (Civil Circle-1),EE/HQ/Hatirjheel/W-05,,,,,,,RAJUK_Tender_656595.pdf
217281,1229751,Khulna Development Authority (KDA),Office of the Project Director (KDA Bipone,KDA/BBP/WD-1Remaining/2025-26,,,,,,,KDA_Tender_1229751.pdf
179660,632749,Rajdhani Unnayan Kartripakkha (RAJUK),Purbachal New Town Project,Rajuk/PD_Purbachal/73,,,,,,,RAJUK_Tender_632749.pdf
9491,18000,Roads & Highways Department (RHD),Dinajpur Road Division,22-eGP/RHD/EE/DRD/2014-2015.,,,,,,,CDA_Tender_18000.pdf
135402,260788,Rajdhani Unnayan Kartripakkha (RAJUK),office of the Chief Engineer ( Project &,Rajuk/ Electrical-1/18/ W-01,,,,,,,RAJUK_Tender_260788.pdf
153243,312478,Rajdhani Unnayan Kartripakkha (RAJUK),Office of the Chief Engineer,PD_9Apt.Project/3,,,,,,,RAJUK_Tender_312478.pdf
64301,125293,Rajdhani Unnayan Kartripakkha (RAJUK),office of the Chief Engineer ( Project &,GD/UAPE/M/2016-2017/L/04,,,,,,,RAJUK_Tender_125293.pdf
209470,1128704,Chittagong Development Authority,Management Information System (MIS),MIS/PURCHASE/2024/26/PART-11/4,,,,,,,CDA_Tender_1128704.pdf
201657,998795,Rajdhani Unnayan Kartripakkha (RAJUK),Office of the Superintending Engineer,Rajuk/Electrical-1/24/G-09,,,,,,,RAJUK_Tender_998795.pdf
190064,814522,Chittagong Development Authority,Project Director(Elevated ExpressWay),224129200-WD2,,,,,,,CDA_Tender_814522.pdf
35498,141649,Rajdhani Unnayan Kartripakkha (RAJUK),office of the Chief Engineer ( Project &,Rajuk/Electrical-2/01/P-1,,,,,,,RAJUK_Tender_141649.pdf
200967,989883,Rajdhani Unnayan Kartripakkha (RAJUK),Office of the Superintending Engineer,Rajuk/Electrical-1/24/W-03,,,,,,,RAJUK_Tender_989883.pdf
64052,125126,Rajdhani Unnayan Kartripakkha (RAJUK),office of the Chief Engineer ( Project &,GD/UAPE/M/2016-2017/L/02,,,,,,,RAJUK_Tender_125126.pdf
176171,1062628,Rajdhani Unnayan Kartripakkha (RAJUK),Office of the Superintending Engineer,SEMECH-04,,,,,,,RAJUK_Tender_1062628.pdf
63272,125873,Rajdhani Unnayan Kartripakkha (RAJUK),Office of the Chief Engineer,Rajuk/PD_Uttara_P-6,,,,,,,RAJUK_Tender_125873.pdf
226302,1287229,Chittagong Development Authority,Project Director (Master Plan),25.47.1500.071.76.074.26/GD6,,,,,,,CDA_Tender_1287229.pdf
63272,125872,Rajdhani Unnayan Kartripakkha (RAJUK),Office of the Chief Engineer,Rajuk/PD_Uttara_P-5,,,,,,,RAJUK_Tender_125872.pdf
95126,173113,Chittagong Development Authority,Management Information System (MIS),e-TENDER MIS-LED-84,,,,,,,CDA_Tender_173113.pdf
75661,146443,Rajdhani Unnayan Kartripakkha (RAJUK),office of the Chief Engineer ( Project &,Rajuk/Purbachal_Mechanical/1,,,,,,,RAJUK_Tender_146443.pdf
166794,592354,Rajdhani Unnayan Kartripakkha (RAJUK),Construction of multi-storied apartment,RAJUK/PD_9apt/Gen-S/S._Bldg-9,,,,,,,RAJUK_Tender_592354.pdf
190015,808075,Cox's Bazar Development Authority,Cox's Bazar Development Authority,CoxDA/Rev/22-23/OTM/Goods/Stationery Items,,,,,,,COXDA_Tender_808075.pdf
209470,1048608,Chittagong Development Authority,Management Information System (MIS),MIS/P/2024/26/P-24-01,,,,,,,CDA_Tender_1048608.pdf
75790,173605,Rajdhani Unnayan Kartripakkha (RAJUK),office of the Chief Engineer ( Project &,Rajuk/Electrical-1/18,,,,,,,RAJUK_Tender_173605.pdf
64301,125292,Rajdhani Unnayan Kartripakkha (RAJUK),office of the Chief Engineer ( Project &,GD/UAPE/M/2016-2017/L/01,,,,,,,RAJUK_Tender_125292.pdf
162585,427855,Rajdhani Unnayan Kartripakkha (RAJUK),Purbachal New Town Project,Rajuk/PD_Purbachal/40,,,,,,,RAJUK_Tender_427855.pdf
179660,632748,Rajdhani Unnayan Kartripakkha (RAJUK),Purbachal New Town Project,Rajuk/PD_Purbachal/74,,,,,,,RAJUK_Tender_632748.pdf
188629,1207633,Rajdhani Unnayan Kartripakkha (RAJUK),Development of Residential and,RAJUK/PD_JHILMIL/LSSL-1,,,,,,,RAJUK_Tender_1207633.pdf
206559,1023063,Rajdhani Unnayan Kartripakkha (RAJUK),Uttara Apartment Project,UAP/EM/GD-09,,,,,,,RAJUK_Tender_1023063.pdf
188860,778651,Rajdhani Unnayan Kartripakkha (RAJUK),Purbachal New Town Project,Rajuk/PD_Purbachal/RDC_10,,,,,,,RAJUK_Tender_778651.pdf
84197,198298,Rajdhani Unnayan Kartripakkha (RAJUK),office of the Chief Engineer ( Project &,GD/UAP/EM/2016-2017/Solar/13,,,,,,,RAJUK_Tender_198298.pdf
200722,963968,Cox's Bazar Development Authority,Cox's Bazar Development Authority,CoxDA/Rev/2023-24/Goods/OTM/Seminar,,,,,,,COXDA_Tender_963968.pdf
162585,427851,Rajdhani Unnayan Kartripakkha (RAJUK),Purbachal New Town Project,Rajuk/PD_Purbachal/39,,,,,,,RAJUK_Tender_427851.pdf
170655,517945,Rajdhani Unnayan Kartripakkha (RAJUK),Office of the Superintending Engineer,Rajuk/Electrical-2/20/W-08,,,,,,,RAJUK_Tender_517945.pdf
185197,854205,Rajdhani Unnayan Kartripakkha (RAJUK),Office of the Superintending Engineer,se_mec01,,,,,,,RAJUK_Tender_854205.pdf
205433,1031711,Rajdhani Unnayan Kartripakkha (RAJUK),Office of the Superintending Engineer,Rajuk/Electrical-1/24/G-10,,,,,,,RAJUK_Tender_1031711.pdf
217888,1170765,Rajdhani Unnayan Kartripakkha (RAJUK),Gulshan-Banani-Baridhara Lake,RAJUK/PD/GBBL/RCW-1,,,,,,,RAJUK_Tender_1170765.pdf
173790,545922,Cox's Bazar Development Authority,Cox's Bazar Development Authority,CoxDA/2020-21/Book,,,,,,,COXDA_Tender_545922.pdf
174484,699958,Rajshahi Development Authority,Office of the Chairman,RDA/RMDP/G/2020-2021/01,,,,,,,RDA_Tender_699958.pdf
187390,745614,Rajshahi Development Authority,Office of the Chairman,RDA/WF/W/2022-23/01,,,,,,,RDA_Tender_745614.pdf
206330,1082915,Rajdhani Unnayan Kartripakkha (RAJUK),Construction of multi-storied apartment,Rajuk/PD_9apt/Bldg_03/Sub_Gen_Solar,,,,,,,RAJUK_Tender_1082915.pdf
194831,953792,Khulna Development Authority (KDA),Office of Exen (Maintenance),KDA/OTM/2023-2024/14,,,,,,,KDA_Tender_953792.pdf
173790,549467,Cox's Bazar Development Authority,Cox's Bazar Development Authority,CoxDA/Rev/APP/2020-21/Sculpture/HC,,,,,,,COXDA_Tender_549467.pdf
204772,1006947,Chittagong Development Authority,"Project Director(M.Uddin), Chittagong",PD/CM Banglow/E-113,,,,,,,CDA_Tender_1006947.pdf
194831,953793,Khulna Development Authority (KDA),Office of Exen (Maintenance),KDA/OTM/2023-2024/15,,,,,,,KDA_Tender_953793.pdf
188860,1011371,Rajdhani Unnayan Kartripakkha (RAJUK),Purbachal New Town Project,RAJUK/PD_Purbachal/108,,,,,,,RAJUK_Tender_1011371.pdf
185197,722614,Rajdhani Unnayan Kartripakkha (RAJUK),Office of the Superintending Engineer,SE-Mac-2,,,,,,,RAJUK_Tender_722614.pdf
64301,125297,Rajdhani Unnayan Kartripakkha (RAJUK),office of the Chief Engineer ( Project &,GD/UAPE/M/2016-2017/L/07,,,,,,,RAJUK_Tender_125297.pdf
181976,644697,Chittagong Development Authority,Deputy Secretary,25.47.1500.017.30.122.21-1,,,,,,,CDA_Tender_644697.pdf
204802,1007160,Khulna Development Authority (KDA),Office of the Project Director (KDA,WD-1/multipurpose building/2024-25,,,,,,,KDA_Tender_1007160.pdf
181976,657600,Chittagong Development Authority,Deputy Secretary,25.47.1500.017.30.122.21-1,,,,,,,CDA_Tender_657600.pdf
204772,1032943,Chittagong Development Authority,"Project Director(M.Uddin), Chittagong",Xen/CDABanglow/E-115,,,,,yes ±10%,,CDA_Tender_1032943.pdf
118504,236045,Rajdhani Unnayan Kartripakkha (RAJUK),office of the Chief Engineer ( Project &,Rajuk/Mechanical/5,,,,,,,RAJUK_Tender_236045.pdf
162585,535717,Rajdhani Unnayan Kartripakkha (RAJUK),Purbachal New Town Project,Rajuk/PD_Purbachal/42,,,,,,,RAJUK_Tender_535717.pdf
171268,524780,Khulna Development Authority (KDA),Office of the Assistant Programmer,Goods- Computer 001/2020-21,,,,,,,KDA_Tender_524780.pdf
170733,1022432,Rajdhani Unnayan Kartripakkha (RAJUK),Office of the Superintending Engineer,RAJUK/Electrical-1/AC,,,,,,,RAJUK_Tender_1022432.pdf
224425,1253425,Gazipur Development Authority,"Office of the Member,Administration and",gda-dev-2025-2026-3-1,,,,,,,GDA_Tender_1253425.pdf
170472,515689,Chittagong Development Authority,Construction Division-2,CD2/E-930-01,,,,,,,CDA_Tender_515689.pdf
218677,1232699,Rajdhani Unnayan Kartripakkha (RAJUK),Office of the Superintending Engineer,RAJUK/Electrical-1/26/W-01,,,,,,,RAJUK_Tender_1232699.pdf
84196,287329,Rajdhani Unnayan Kartripakkha (RAJUK),office of the Chief Engineer ( Project &,GD/UAP/EM/2016-2017/CCTV/12,,,,,,,RAJUK_Tender_287329.pdf
188860,778652,Rajdhani Unnayan Kartripakkha (RAJUK),Purbachal New Town Project,Rajuk/PD_Purbachal/RDC_12,,,,,,,RAJUK_Tender_778652.pdf
227176,1306354,Gazipur Development Authority,"Admin and Finance Section, Gazipur",gda-own-2025-2026-3,,,,,,,GDA_Tender_1306354.pdf
224425,1253427,Gazipur Development Authority,"Office of the Member,Administration and",gda-dev-2025-2026-3-2,,,,,,,GDA_Tender_1253427.pdf
195732,1017448,Rajdhani Unnayan Kartripakkha (RAJUK),Uttara Apartment Project,UAP/CW/WD-10,,,,,,,RAJUK_Tender_1017448.pdf
166794,583666,Rajdhani Unnayan Kartripakkha (RAJUK),Construction of multi-storied apartment,RAJUK/PD_9apt/Lift_Bldg-5,,,,,,,RAJUK_Tender_583666.pdf
64301,125295,Rajdhani Unnayan Kartripakkha (RAJUK),office of the Chief Engineer ( Project &,GD/UAPE/M/2016-2017/L/06,,,,,,,RAJUK_Tender_125295.pdf
127121,293000,Rajdhani Unnayan Kartripakkha (RAJUK),Office of the Chief Engineer,Rajuk/PD_Purbachal/20,,,,,,,RAJUK_Tender_293000.pdf
204802,1020481,Khulna Development Authority (KDA),Office of the Project Director (KDA,WD-1/multipurpose building/2024-25,,,,,,,KDA_Tender_1020481.pdf
75790,173602,Rajdhani Unnayan Kartripakkha (RAJUK),office of the Chief Engineer ( Project &,Rajuk/Electrical-1/21,,,,,,,RAJUK_Tender_173602.pdf
217888,1170766,Rajdhani Unnayan Kartripakkha (RAJUK),Gulshan-Banani-Baridhara Lake,RAJUK/PD/GBBL/RCW-2,,,,,,,RAJUK_Tender_1170766.pdf
190015,771427,Cox's Bazar Development Authority,Cox's Bazar Development Authority,CoxDA/Rev/22-23/OTM/Goods/Stationery,,,,,,,COXDA_Tender_771427.pdf
195732,1000530,Rajdhani Unnayan Kartripakkha (RAJUK),Uttara Apartment Project,Description : UAP/CW/WD-10,,,,,,,RAJUK_Tender_1000530.pdf
206011,1014223,Rajdhani Unnayan Kartripakkha (RAJUK),Office of the Superintending Engineer,RAJUK/SEMEC-1,,,,,,,RAJUK_Tender_1014223.pdf
184126,685873,Rajdhani Unnayan Kartripakkha (RAJUK),Office of the Superintending Engineer,Rajuk/Electrical-1/21/W-03,,,,,,,RAJUK_Tender_685873.pdf
163396,583276,Rajdhani Unnayan Kartripakkha (RAJUK),Office of the Superintending Engineer,Rajuk/Electrical-1/20/W-01,,,,,,,RAJUK_Tender_583276.pdf
59358,119632,Rajdhani Unnayan Kartripakkha (RAJUK),office of the Chief Engineer ( Project &,Rajuk/Electrical-1/11,,,,,,,RAJUK_Tender_119632.pdf
178132,608564,Rajdhani Unnayan Kartripakkha (RAJUK),Construction of multi-storied apartment,RAJUK/PD_9apt/Solar_Bldg-9,,,,,,,RAJUK_Tender_608564.pdf
206486,1030829,Rajdhani Unnayan Kartripakkha (RAJUK),Office of the Superintending Engineer,Rajuk/Electrical-1/24/W-09,,,,,,,RAJUK_Tender_1030829.pdf
173790,549317,Cox's Bazar Development Authority,Cox's Bazar Development Authority,CoxDA/Rev/2020-21/Sculpture/DN,,,,,,,COXDA_Tender_549317.pdf
93860,209498,Rajdhani Unnayan Kartripakkha (RAJUK),Office of the Chief Engineer,Rajuk/PD_Purbachal/11,,,,,,,RAJUK_Tender_209498.pdf
217483,1157266,Cox's Bazar Development Authority,Cox's Bazar Development Authority,CoxDA/Rev/Works/OP/FY2025-26,,,,,,,COXDA_Tender_1157266.pdf
169474,584524,Rajdhani Unnayan Kartripakkha (RAJUK),Uttara Apartment Project,GD/UAP/EM/2020-2021/CCTV/12,,,,,,,RAJUK_Tender_584524.pdf
183808,675266,Rajshahi Development Authority,Office of the Chairman,RDA/Park/W/2021-2022/01,,,,,,,RDA_Tender_675266.pdf
75790,173603,Rajdhani Unnayan Kartripakkha (RAJUK),office of the Chief Engineer ( Project &,Rajuk/Electrical-1/24,,,,,,,RAJUK_Tender_173603.pdf
217483,1156352,Cox's Bazar Development Authority,Cox's Bazar Development Authority,CoxDa/Rev/2025-26/Stationery/GR-05,,,,,,,COXDA_Tender_1156352.pdf
194450,851858,Chittagong Development Authority,"Construction Division-1, Chattogram",Cd1/e1483,,,,,,,CDA_Tender_851858.pdf
188649,1294288,Rajdhani Unnayan Kartripakkha (RAJUK),Office of the Superintending Engineer,SEMECH-G2,,,,,,,RAJUK_Tender_1294288.pdf
190063,840299,Rajdhani Unnayan Kartripakkha (RAJUK),Construction of multi-storied apartment,RAJUK/PD_9apt/Fire_Bldg-8,,,,,,,RAJUK_Tender_840299.pdf
188649,1167810,Rajdhani Unnayan Kartripakkha (RAJUK),Office of the Superintending Engineer,SEMECH-10,,,,,,,RAJUK_Tender_1167810.pdf
220759,1257433,Cox's Bazar Development Authority,Cox's Bazar Development Authority,CoxDA/OF/2025-26/Vehicle_Sec,,,,,,,COXDA_Tender_1257433.pdf
188860,778653,Rajdhani Unnayan Kartripakkha (RAJUK),Purbachal New Town Project,Rajuk/PD_Purbachal/78,,,,,,,RAJUK_Tender_778653.pdf
173790,563475,Cox's Bazar Development Authority,Cox's Bazar Development Authority,CoxDA/Rev/2020-21/Billboard,,,,,,,COXDA_Tender_563475.pdf
