Finding ID,Finding,Finding type,Source PDF,Page,Extracted evidence,Dataset records,Calculation,Confidence,Notes
F-RULES-01,"The folder holds 5 reference documents, and 14 of the rules that decide a tender are printed in them",DOCUMENTED FACT,eGP_Forensic_Engine/chapter2_en.pdf,47,not less than 90 days shall be allowed to enable prospective bidders to conduct investigations at the site before submitting their bids.,no dataset row is keyed to this document,regex search of raw_pages.json over the documents in eGP_Forensic_Engine/,High. The value is printed on the page named here and was re-read by a second extractor.,
F-RULES-01,"The folder holds 5 reference documents, and 14 of the rules that decide a tender are printed in them",DOCUMENTED FACT,eGP_Forensic_Engine/2026-01-04-13-47-03-e-PG3A.pdf,23,remain valid for at least twenty-eight (28) days beyond the expiry date of the Tender Validity in order to make a claim in due course against a T,no dataset row is keyed to this document,regex search of raw_pages.json over the documents in eGP_Forensic_Engine/,High. The value is printed on the page named here and was re-read by a second extractor.,
F-RULES-01,"The folder holds 5 reference documents, and 14 of the rules that decide a tender are printed in them",DOCUMENTED FACT,eGP_Forensic_Engine/2026-01-04-13-47-03-e-PG3A.pdf,28,"reasonable timeline, but not less than three (3) working days, to respond against a clarification request.",no dataset row is keyed to this document,regex search of raw_pages.json over the documents in eGP_Forensic_Engine/,High. The value is printed on the page named here and was re-read by a second extractor.,
F-RULES-02,Both printed tests of whether a price is reasonable need something this archive never prints,DATA-DERIVED FINDING,eGP_Forensic_Engine/2026-01-04-13-47-03-e-PG3A.pdf,30,"official cost estimate = 0.20 • Prices obtained from the recent Price Index = 0.30 • Prices quoted by all responsive tenderers = 0.50 The formula shall be: Thereafter, the Weighted Standard Deviation (S ) of the quoted d prices of all responsive ten",no dataset row is keyed to this document,"no column of tenders.csv, contracts.csv or bids.csv carries an official cost estimate or a quoted price","High for the arithmetic, which is given in full in the Calculation column; the inputs are printed values.",
F-RULES-02,Both printed tests of whether a price is reasonable need something this archive never prints,DATA-DERIVED FINDING,eGP_Forensic_Engine/2026-01-04-13-47-03-e-PG3A.pdf,31,"deviation of the evaluated price of the responsive tender from the official estimate exceeds twenty percent (20%), such tender shall be deemed non-responsive.",no dataset row is keyed to this document,"no column of tenders.csv, contracts.csv or bids.csv carries an official cost estimate or a quoted price","High for the arithmetic, which is given in full in the Calculation column; the inputs are printed values.",
F-RULES-03,Nothing in the folder sets a minimum number of tenderers for an open tender,UNRESOLVED,eGP_Forensic_Engine/2026-01-04-13-47-03-e-PG3A.pdf,30,"official cost estimate = 0.20 • Prices obtained from the recent Price Index = 0.30 • Prices quoted by all responsive tenderers = 0.50 The formula shall be: Thereafter, the Weighted Standard Deviation (S ) of the quoted d prices of all responsive ten",no dataset row is keyed to this document,"regex sweep of raw_pages.json over eGP_Forensic_Engine/ for a minimum, at-least or not-less-than phrase governing a count of tenders, tenderers, bids or quotations",Certain that the supplied documents do not answer it. Nothing here asserts what the answer would be.,
F-TIME-01,"The typical tender in this archive was open for 22 days, the shortest for 8 and the longest for 97, and every one of the 1129 that printed both dates was opened on the day it closed",DOCUMENTED FACT,Tender Notice_PDFs/COXDA_Tender_1207915.pdf,1-2,ministry: Ministry : Ministry of Housing and Public Works Division : || agency: Organization : Cox's Bazar Development Authority Procuring Entity Name : Cox's Bazar Development Authority || procuring_entity: Organization : Cox's Bazar Development Authority Procuring Entity Name : Cox's Bazar Development Authority || district: Organization : Cox's Bazar Development Authority Procuring Entity Name : Cox's Bazar Development Authority || city: Organization : Cox's Bazar Development Authority Procuring Entity Name : Cox's Bazar Development Authority || thana: Thana : Cox'S Bazar Sadar,tenders.csv tender_id=1207915 (36/36 recorded values found on the page); eligibility_criteria.csv tender_id=1207915 clause 1 (2/2 recorded values found on the page); lots.csv tender_id=1207915 (5/6 recorded values found on the page),closing_date minus published_date per row of tenders.csv,High. The value is printed on the page named here and was re-read by a second extractor.,"1 value(s) are printed in another form - a reassembled table cell, or wording that differs - and are shown against the page in evidence_index.json"
F-TIME-01,"The typical tender in this archive was open for 22 days, the shortest for 8 and the longest for 97, and every one of the 1129 that printed both dates was opened on the day it closed",DOCUMENTED FACT,Tender Notice_PDFs/CDA_Tender_1231413.pdf,1-2,ministry: Ministry : Ministry of Housing and Public Works Division : || agency: Organization : Chittagong Development Authority Procuring Entity Name : Management Information System (MIS) || procuring_entity: Organization : Chittagong Development Authority Procuring Entity Name : Management Information System (MIS) || district: Procuring Entity Code : Procuring Entity District : Chattogram || city: Organization : Chittagong Development Authority Procuring Entity Name : Management Information System (MIS) || country: Country : Bangladesh,tenders.csv tender_id=1231413 (36/36 recorded values found on the page); eligibility_criteria.csv tender_id=1231413 clause 1 (2/2 recorded values found on the page); eligibility_criteria.csv tender_id=1231413 clause 2 (2/2 recorded values found on the page); lots.csv tender_id=1231413 (6/6 recorded values found on the page),closing_date minus published_date per row of tenders.csv,High. The value is printed on the page named here and was re-read by a second extractor.,
F-TIME-01,"The typical tender in this archive was open for 22 days, the shortest for 8 and the longest for 97, and every one of the 1129 that printed both dates was opened on the day it closed",DOCUMENTED FACT,Tender Notice_PDFs/CDA_Tender_1305867.pdf,1-2,ministry: Ministry : Ministry of Housing and Public Works Division : || agency: Organization : Chittagong Development Authority Procuring Entity Name : Office of the Secretary || procuring_entity: Organization : Chittagong Development Authority Procuring Entity Name : Office of the Secretary || district: Procuring Entity Code : Procuring Entity District : Chattogram || city: Organization : Chittagong Development Authority Procuring Entity Name : Office of the Secretary || thana: Thana : Sitakunda,tenders.csv tender_id=1305867 (36/36 recorded values found on the page); eligibility_criteria.csv tender_id=1305867 clause 1 (2/2 recorded values found on the page); eligibility_criteria.csv tender_id=1305867 clause 2 (2/2 recorded values found on the page); eligibility_criteria.csv tender_id=1305867 clause 3 (2/2 recorded values found on the page); lots.csv tender_id=1305867 (6/6 recorded values found on the page),closing_date minus published_date per row of tenders.csv,High. The value is printed on the page named here and was re-read by a second extractor.,
F-TIME-02,"One rule in the folder can be re-run against the notices from end to end, and it holds in every case: the tender security must stay valid at least 28 days past the tender's own expiry, and all 1118 notices that print both dates do - 1110 of them by exactly 28 days",DOCUMENTED FACT,eGP_Forensic_Engine/2026-01-04-13-47-03-e-PG3A.pdf,23,remain valid for at least twenty-eight (28) days beyond the expiry date of the Tender Validity in order to make a claim in due course against a T,no dataset row is keyed to this document,"security_valid_until minus tender_valid_until per row of tenders.csv, compared with the 28 days the quoted rule requires",High. The value is printed on the page named here and was re-read by a second extractor.,
F-TIME-02,"One rule in the folder can be re-run against the notices from end to end, and it holds in every case: the tender security must stay valid at least 28 days past the tender's own expiry, and all 1118 notices that print both dates do - 1110 of them by exactly 28 days",DOCUMENTED FACT,Tender Notice_PDFs/CDA_Tender_1001782.pdf,1-2,ministry: Ministry : Ministry of Housing and Public Works Division : || agency: Organization : Chittagong Development Authority Procuring Entity Name : Project Director (CDA Square) || procuring_entity: Organization : Chittagong Development Authority Procuring Entity Name : Project Director (CDA Square) || district: Procuring Entity Code : Procuring Entity District : Chattogram || city: Organization : Chittagong Development Authority Procuring Entity Name : Project Director (CDA Square) || thana: Tender/Proposal : Kotowali Circle Fax No :,tenders.csv tender_id=1001782 (36/36 recorded values found on the page); eligibility_criteria.csv tender_id=1001782 clause 1 (2/2 recorded values found on the page); eligibility_criteria.csv tender_id=1001782 clause 2 (2/2 recorded values found on the page); eligibility_criteria.csv tender_id=1001782 clause 3 (2/2 recorded values found on the page); lots.csv tender_id=1001782 (5/6 recorded values found on the page),"security_valid_until minus tender_valid_until per row of tenders.csv, compared with the 28 days the quoted rule requires",High. The value is printed on the page named here and was re-read by a second extractor.,"1 value(s) are printed in another form - a reassembled table cell, or wording that differs - and are shown against the page in evidence_index.json"
F-TIME-02,"One rule in the folder can be re-run against the notices from end to end, and it holds in every case: the tender security must stay valid at least 28 days past the tender's own expiry, and all 1118 notices that print both dates do - 1110 of them by exactly 28 days",DOCUMENTED FACT,Tender Notice_PDFs/CDA_Tender_1001843.pdf,1-2,ministry: Ministry : Ministry of Housing and Public Works Division : || agency: Organization : Chittagong Development Authority Procuring Entity Name : Project Director (CDA Square) || procuring_entity: Organization : Chittagong Development Authority Procuring Entity Name : Project Director (CDA Square) || district: Procuring Entity Code : Procuring Entity District : Chattogram || city: Organization : Chittagong Development Authority Procuring Entity Name : Project Director (CDA Square) || thana: Tender/Proposal : Kotowali Circle Fax No :,tenders.csv tender_id=1001843 (36/36 recorded values found on the page); eligibility_criteria.csv tender_id=1001843 clause 1 (2/2 recorded values found on the page); eligibility_criteria.csv tender_id=1001843 clause 2 (2/2 recorded values found on the page); eligibility_criteria.csv tender_id=1001843 clause 3 (2/2 recorded values found on the page); lots.csv tender_id=1001843 (5/6 recorded values found on the page),"security_valid_until minus tender_valid_until per row of tenders.csv, compared with the 28 days the quoted rule requires",High. The value is printed on the page named here and was re-read by a second extractor.,"1 value(s) are printed in another form - a reassembled table cell, or wording that differs - and are shown against the page in evidence_index.json"
F-TIME-02,"One rule in the folder can be re-run against the notices from end to end, and it holds in every case: the tender security must stay valid at least 28 days past the tender's own expiry, and all 1118 notices that print both dates do - 1110 of them by exactly 28 days",DOCUMENTED FACT,Tender Notice_PDFs/CDA_Tender_1002615.pdf,1-2,ministry: Ministry : Ministry of Housing and Public Works Division : || agency: Organization : Chittagong Development Authority Procuring Entity Name : Project Director(Water Logging) || procuring_entity: Organization : Chittagong Development Authority Procuring Entity Name : Project Director(Water Logging) || district: Procuring Entity Code : Procuring Entity District : Chattogram || city: Tender/Proposal : City : Chattogran Fax No : || country: Country : Bangladesh,tenders.csv tender_id=1002615 (35/35 recorded values found on the page); eligibility_criteria.csv tender_id=1002615 clause 1 (2/2 recorded values found on the page); eligibility_criteria.csv tender_id=1002615 clause 2 (2/2 recorded values found on the page); eligibility_criteria.csv tender_id=1002615 clause 3 (2/2 recorded values found on the page); eligibility_criteria.csv tender_id=1002615 clause 4 (2/2 recorded values found on the page); eligibility_criteria.csv tender_id=1002615 clause 5 (2/2 recorded values found on the page); lots.csv tender_id=1002615 (6/6 recorded values found on the page),"security_valid_until minus tender_valid_until per row of tenders.csv, compared with the 28 days the quoted rule requires",High. The value is printed on the page named here and was re-read by a second extractor.,
F-TIME-03,"The folder calls a tender validity period of 60 to 150 days normal; 0 of the 1102 notices that print it fall below 60, and 17 run to 180 days",DOCUMENTED FACT,eGP_Forensic_Engine/2026-01-04-13-47-03-e-PG3A.pdf,39,ITT 29.1 The Tender Validity period shall be [sate days] days. [normally 60 to 150 days; shorter or longer period may be authorized by HOPE or Authorized Officer to suit the requirements of particular Procurement activity,no dataset row is keyed to this document,tender_valid_until minus closing_date per row of tenders.csv against the band read from the quoted rule,High. The value is printed on the page named here and was re-read by a second extractor.,
F-TIME-03,"The folder calls a tender validity period of 60 to 150 days normal; 0 of the 1102 notices that print it fall below 60, and 17 run to 180 days",DOCUMENTED FACT,Tender Notice_PDFs/KDA_Tender_1265434.pdf,1-2,ministry: Ministry : Ministry of Housing and Public Works Division : || agency: Organization : Khulna Development Authority (KDA) Procuring Entity Name : Office of Exen (works) || procuring_entity: Organization : Khulna Development Authority (KDA) Procuring Entity Name : Office of Exen (works) || district: Organization : Khulna Development Authority (KDA) Procuring Entity Name : Office of Exen (works) || city: Organization : Khulna Development Authority (KDA) Procuring Entity Name : Office of Exen (works) || thana: Thana : Sonadanga,tenders.csv tender_id=1265434 (37/37 recorded values found on the page); eligibility_criteria.csv tender_id=1265434 clause 1 (2/2 recorded values found on the page); lots.csv tender_id=1265434 (6/6 recorded values found on the page); amendments.csv tender_id=1265434 (2/2 recorded values found on the page),tender_valid_until minus closing_date per row of tenders.csv against the band read from the quoted rule,High. The value is printed on the page named here and was re-read by a second extractor.,
F-TIME-03,"The folder calls a tender validity period of 60 to 150 days normal; 0 of the 1102 notices that print it fall below 60, and 17 run to 180 days",DOCUMENTED FACT,Tender Notice_PDFs/KDA_Tender_581310.pdf,1-2,ministry: Ministry : Ministry of Housing and Public Works Division : || agency: Organization : Khulna Development Authority (KDA) Procuring Entity Name : Office of Exen (works) || procuring_entity: Organization : Khulna Development Authority (KDA) Procuring Entity Name : Office of Exen (works) || district: Organization : Khulna Development Authority (KDA) Procuring Entity Name : Office of Exen (works) || city: Organization : Khulna Development Authority (KDA) Procuring Entity Name : Office of Exen (works) || thana: Thana : Sonadanga,tenders.csv tender_id=581310 (36/36 recorded values found on the page); eligibility_criteria.csv tender_id=581310 clause 1 (2/2 recorded values found on the page); lots.csv tender_id=581310 (6/6 recorded values found on the page),tender_valid_until minus closing_date per row of tenders.csv against the band read from the quoted rule,High. The value is printed on the page named here and was re-read by a second extractor.,
F-TIME-03,"The folder calls a tender validity period of 60 to 150 days normal; 0 of the 1102 notices that print it fall below 60, and 17 run to 180 days",DOCUMENTED FACT,Tender Notice_PDFs/RAJUK_Tender_1017045.pdf,1-2,"ministry: Ministry : Ministry of Housing and Public Works Division : || agency: Organization : Rajdhani Unnayan Kartripakkha (RAJUK) Procuring Entity Name : Construction of multi-storied apartment || district: Dhanmondi, Dhaka. || city: Dhanmondi, Dhaka. || country: Country : Bangladesh || phone: Address of Official Inviting Address : RAJUK Annex. Building Contact details of Official Inviting Tender/Proposal : Phone No : 02-9559386",tenders.csv tender_id=1017045 (36/36 recorded values found on the page); eligibility_criteria.csv tender_id=1017045 clause 1 (2/2 recorded values found on the page); lots.csv tender_id=1017045 (5/6 recorded values found on the page),tender_valid_until minus closing_date per row of tenders.csv against the band read from the quoted rule,High. The value is printed on the page named here and was re-read by a second extractor.,"1 value(s) are printed in another form - a reassembled table cell, or wording that differs - and are shown against the page in evidence_index.json"
F-TIME-04,"Nothing in the folder says how long a national tender must stay open, and all 1150 of these tenders are national",UNRESOLVED,eGP_Forensic_Engine/chapter2_en.pdf,47,not less than 90 days shall be allowed to enable prospective bidders to conduct investigations at the site before submitting their bids.,no dataset row is keyed to this document,procurement_type over tenders.csv; regex search of raw_pages.json over eGP_Forensic_Engine/ for any figure of days allowed for tendering,Certain that the supplied documents do not answer it. Nothing here asserts what the answer would be.,
F-AMEND-01,"160 of the 1150 tender notices carry an amendment, 144 of them printing a table of what changed; of the 735 changes those tables list, 216 print an old value and a new value that are the same",DOCUMENTED FACT,Tender Notice_PDFs/CDA_Tender_100483.pdf,1-2,ministry: Ministry : Ministry of Housing and Public Works Division : || agency: Organization : Chittagong Development Authority Procuring Entity Name : Project Director(Silimpur) || procuring_entity: Organization : Chittagong Development Authority Procuring Entity Name : Project Director(Silimpur) || district: Organization : Chittagong Development Authority Procuring Entity Name : Project Director(Silimpur) || city: Organization : Chittagong Development Authority Procuring Entity Name : Project Director(Silimpur) || thana: Tender/Proposal : Kotowali Circle Fax No :,tenders.csv tender_id=100483 (37/37 recorded values found on the page); eligibility_criteria.csv tender_id=100483 clause 1 (2/2 recorded values found on the page); eligibility_criteria.csv tender_id=100483 clause 2 (2/2 recorded values found on the page); lots.csv tender_id=100483 (5/6 recorded values found on the page); amendments.csv tender_id=100483 (2/2 recorded values found on the page),"amendments.csv and amendment_changes.csv, one row per field the notice's change table lists; value_changed compares the printed old and new strings",High. The value is printed on the page named here and was re-read by a second extractor.,"1 value(s) are printed in another form - a reassembled table cell, or wording that differs - and are shown against the page in evidence_index.json"
F-AMEND-01,"160 of the 1150 tender notices carry an amendment, 144 of them printing a table of what changed; of the 735 changes those tables list, 216 print an old value and a new value that are the same",DOCUMENTED FACT,Tender Notice_PDFs/CDA_Tender_1006947.pdf,1-2,"ministry: Ministry : Ministry of Housing and Public Works Division : || agency: Organization : Chittagong Development Authority Procuring Entity Name : Project Director(M.Uddin), Chittagong || district: Procuring Entity Code : Procuring Entity District : Chattogram || city: Organization : Chittagong Development Authority Procuring Entity Name : Project Director(M.Uddin), Chittagong || country: Country : Bangladesh || phone: Address of Official Inviting Address : CDA Building Contact details of Official Inviting Tender/Proposal : Phone No : 031-624401",tenders.csv tender_id=1006947 (37/37 recorded values found on the page); eligibility_criteria.csv tender_id=1006947 clause 1 (2/2 recorded values found on the page); eligibility_criteria.csv tender_id=1006947 clause 2 (2/2 recorded values found on the page); eligibility_criteria.csv tender_id=1006947 clause 3 (2/2 recorded values found on the page); eligibility_criteria.csv tender_id=1006947 clause 4 (2/2 recorded values found on the page); eligibility_criteria.csv tender_id=1006947 clause 5 (2/2 recorded values found on the page); eligibility_criteria.csv tender_id=1006947 clause 6 (2/2 recorded values found on the page); eligibility_criteria.csv tender_id=1006947 clause 7 (2/2 recorded values found on the page); lots.csv tender_id=1006947 (5/6 recorded values found on the page); amendments.csv tender_id=1006947 (2/2 recorded values found on the page),"amendments.csv and amendment_changes.csv, one row per field the notice's change table lists; value_changed compares the printed old and new strings",High. The value is printed on the page named here and was re-read by a second extractor.,"1 value(s) are printed in another form - a reassembled table cell, or wording that differs - and are shown against the page in evidence_index.json"
F-AMEND-01,"160 of the 1150 tender notices carry an amendment, 144 of them printing a table of what changed; of the 735 changes those tables list, 216 print an old value and a new value that are the same",DOCUMENTED FACT,Tender Notice_PDFs/CDA_Tender_235131.pdf,1-2,ministry: Ministry : Ministry of Housing and Public Works Division : || agency: Organization : Chittagong Development Authority Procuring Entity Name : Project Director(M.Uddin) || procuring_entity: Organization : Chittagong Development Authority Procuring Entity Name : Project Director(M.Uddin) || district: Organization : Chittagong Development Authority Procuring Entity Name : Project Director(M.Uddin) || city: Organization : Chittagong Development Authority Procuring Entity Name : Project Director(M.Uddin) || thana: Thana : Kotowali,tenders.csv tender_id=235131 (37/37 recorded values found on the page); eligibility_criteria.csv tender_id=235131 clause 1 (2/2 recorded values found on the page); eligibility_criteria.csv tender_id=235131 clause 2 (2/2 recorded values found on the page); eligibility_criteria.csv tender_id=235131 clause 3 (2/2 recorded values found on the page); eligibility_criteria.csv tender_id=235131 clause 4 (2/2 recorded values found on the page); eligibility_criteria.csv tender_id=235131 clause 5 (2/2 recorded values found on the page); eligibility_criteria.csv tender_id=235131 clause 6 (2/2 recorded values found on the page); eligibility_criteria.csv tender_id=235131 clause 7 (2/2 recorded values found on the page); lots.csv tender_id=235131 (5/6 recorded values found on the page); amendments.csv tender_id=235131 (2/2 recorded values found on the page),"amendments.csv and amendment_changes.csv, one row per field the notice's change table lists; value_changed compares the printed old and new strings",High. The value is printed on the page named here and was re-read by a second extractor.,"1 value(s) are printed in another form - a reassembled table cell, or wording that differs - and are shown against the page in evidence_index.json"
F-AMEND-01,"160 of the 1150 tender notices carry an amendment, 144 of them printing a table of what changed; of the 735 changes those tables list, 216 print an old value and a new value that are the same",DOCUMENTED FACT,Tender Notice_PDFs/CDA_Tender_342502.pdf,1-3,"ministry: Ministry : Ministry of Housing and Public Works Division : || agency: Organization : Chittagong Development Authority Procuring Entity Name : Project Director(Rajib Das) || procuring_entity: Organization : Chittagong Development Authority Procuring Entity Name : Project Director(Rajib Das) || district: Procuring Entity Code : Procuring Entity District : Chattogram || city: Procuring Entity Code : Procuring Entity District : Chattogram || thana: Address of Official Inviting Address : CDA Building, Kotowali Contact details of Official Inviting Tender/Proposal : Phone No : 031-624401",tenders.csv tender_id=342502 (37/37 recorded values found on the page); eligibility_criteria.csv tender_id=342502 clause 1 (2/2 recorded values found on the page); eligibility_criteria.csv tender_id=342502 clause 2 (2/2 recorded values found on the page); eligibility_criteria.csv tender_id=342502 clause 3 (2/2 recorded values found on the page); eligibility_criteria.csv tender_id=342502 clause 4 (2/2 recorded values found on the page); lots.csv tender_id=342502 (6/6 recorded values found on the page); amendments.csv tender_id=342502 (2/2 recorded values found on the page),"amendments.csv and amendment_changes.csv, one row per field the notice's change table lists; value_changed compares the printed old and new strings",High. The value is printed on the page named here and was re-read by a second extractor.,
F-AMEND-02,"All 404 date changes the amendment tables print move the date later; none moves it earlier. The 104 changes to a closing date, across 88 tenders, add a median of 7.0 days each",DOCUMENTED FACT,Tender Notice_PDFs/CDA_Tender_235131.pdf,1-2,ministry: Ministry : Ministry of Housing and Public Works Division : || agency: Organization : Chittagong Development Authority Procuring Entity Name : Project Director(M.Uddin) || procuring_entity: Organization : Chittagong Development Authority Procuring Entity Name : Project Director(M.Uddin) || district: Organization : Chittagong Development Authority Procuring Entity Name : Project Director(M.Uddin) || city: Organization : Chittagong Development Authority Procuring Entity Name : Project Director(M.Uddin) || thana: Thana : Kotowali,tenders.csv tender_id=235131 (37/37 recorded values found on the page); eligibility_criteria.csv tender_id=235131 clause 1 (2/2 recorded values found on the page); eligibility_criteria.csv tender_id=235131 clause 2 (2/2 recorded values found on the page); eligibility_criteria.csv tender_id=235131 clause 3 (2/2 recorded values found on the page); eligibility_criteria.csv tender_id=235131 clause 4 (2/2 recorded values found on the page); eligibility_criteria.csv tender_id=235131 clause 5 (2/2 recorded values found on the page); eligibility_criteria.csv tender_id=235131 clause 6 (2/2 recorded values found on the page); eligibility_criteria.csv tender_id=235131 clause 7 (2/2 recorded values found on the page); lots.csv tender_id=235131 (5/6 recorded values found on the page); amendments.csv tender_id=235131 (2/2 recorded values found on the page),amendment_changes.csv where field is one of the four date fields; both sides parsed as dd/mm/yyyy hh:mm and subtracted,High. The value is printed on the page named here and was re-read by a second extractor.,"1 value(s) are printed in another form - a reassembled table cell, or wording that differs - and are shown against the page in evidence_index.json"
F-AMEND-02,"All 404 date changes the amendment tables print move the date later; none moves it earlier. The 104 changes to a closing date, across 88 tenders, add a median of 7.0 days each",DOCUMENTED FACT,Tender Notice_PDFs/CDA_Tender_342502.pdf,1-3,"ministry: Ministry : Ministry of Housing and Public Works Division : || agency: Organization : Chittagong Development Authority Procuring Entity Name : Project Director(Rajib Das) || procuring_entity: Organization : Chittagong Development Authority Procuring Entity Name : Project Director(Rajib Das) || district: Procuring Entity Code : Procuring Entity District : Chattogram || city: Procuring Entity Code : Procuring Entity District : Chattogram || thana: Address of Official Inviting Address : CDA Building, Kotowali Contact details of Official Inviting Tender/Proposal : Phone No : 031-624401",tenders.csv tender_id=342502 (37/37 recorded values found on the page); eligibility_criteria.csv tender_id=342502 clause 1 (2/2 recorded values found on the page); eligibility_criteria.csv tender_id=342502 clause 2 (2/2 recorded values found on the page); eligibility_criteria.csv tender_id=342502 clause 3 (2/2 recorded values found on the page); eligibility_criteria.csv tender_id=342502 clause 4 (2/2 recorded values found on the page); lots.csv tender_id=342502 (6/6 recorded values found on the page); amendments.csv tender_id=342502 (2/2 recorded values found on the page),amendment_changes.csv where field is one of the four date fields; both sides parsed as dd/mm/yyyy hh:mm and subtracted,High. The value is printed on the page named here and was re-read by a second extractor.,
F-AMEND-02,"All 404 date changes the amendment tables print move the date later; none moves it earlier. The 104 changes to a closing date, across 88 tenders, add a median of 7.0 days each",DOCUMENTED FACT,Tender Notice_PDFs/CDA_Tender_398199.pdf,1-2,ministry: Ministry : Ministry of Housing and Public Works Division : || agency: Organization : Chittagong Development Authority Procuring Entity Name : Electrical & Mechanical Engineering || district: Procuring Entity Code : Procuring Entity District : Chattogram || city: Organization : Chittagong Development Authority Procuring Entity Name : Electrical & Mechanical Engineering || thana: Tender/Proposal : Kotowali Circle Fax No : || country: Country : Bangladesh,tenders.csv tender_id=398199 (37/37 recorded values found on the page); eligibility_criteria.csv tender_id=398199 clause 1 (2/2 recorded values found on the page); eligibility_criteria.csv tender_id=398199 clause 2 (2/2 recorded values found on the page); eligibility_criteria.csv tender_id=398199 clause 3 (2/2 recorded values found on the page); lots.csv tender_id=398199 (6/6 recorded values found on the page); amendments.csv tender_id=398199 (2/2 recorded values found on the page),amendment_changes.csv where field is one of the four date fields; both sides parsed as dd/mm/yyyy hh:mm and subtracted,High. The value is printed on the page named here and was re-read by a second extractor.,
F-AMEND-03,"For the 83 amended tenders where both versions can be dated, the bidding window as first advertised was a median of 22 days and the window after amendment a median of 30 days - so the 22-day median this investigation reports for the whole archive is the amended figure, not the one bidders first saw",DATA-DERIVED FINDING,Tender Notice_PDFs/CDA_Tender_235131.pdf,1-2,ministry: Ministry : Ministry of Housing and Public Works Division : || agency: Organization : Chittagong Development Authority Procuring Entity Name : Project Director(M.Uddin) || procuring_entity: Organization : Chittagong Development Authority Procuring Entity Name : Project Director(M.Uddin) || district: Organization : Chittagong Development Authority Procuring Entity Name : Project Director(M.Uddin) || city: Organization : Chittagong Development Authority Procuring Entity Name : Project Director(M.Uddin) || thana: Thana : Kotowali,tenders.csv tender_id=235131 (37/37 recorded values found on the page); eligibility_criteria.csv tender_id=235131 clause 1 (2/2 recorded values found on the page); eligibility_criteria.csv tender_id=235131 clause 2 (2/2 recorded values found on the page); eligibility_criteria.csv tender_id=235131 clause 3 (2/2 recorded values found on the page); eligibility_criteria.csv tender_id=235131 clause 4 (2/2 recorded values found on the page); eligibility_criteria.csv tender_id=235131 clause 5 (2/2 recorded values found on the page); eligibility_criteria.csv tender_id=235131 clause 6 (2/2 recorded values found on the page); eligibility_criteria.csv tender_id=235131 clause 7 (2/2 recorded values found on the page); lots.csv tender_id=235131 (5/6 recorded values found on the page); amendments.csv tender_id=235131 (2/2 recorded values found on the page),published_date from tenders.csv against the old and new closing dates in amendment_changes.csv,"High for the arithmetic, which is given in full in the Calculation column; the inputs are printed values.","1 value(s) are printed in another form - a reassembled table cell, or wording that differs - and are shown against the page in evidence_index.json"
F-AMEND-03,"For the 83 amended tenders where both versions can be dated, the bidding window as first advertised was a median of 22 days and the window after amendment a median of 30 days - so the 22-day median this investigation reports for the whole archive is the amended figure, not the one bidders first saw",DATA-DERIVED FINDING,Tender Notice_PDFs/CDA_Tender_342502.pdf,1-3,"ministry: Ministry : Ministry of Housing and Public Works Division : || agency: Organization : Chittagong Development Authority Procuring Entity Name : Project Director(Rajib Das) || procuring_entity: Organization : Chittagong Development Authority Procuring Entity Name : Project Director(Rajib Das) || district: Procuring Entity Code : Procuring Entity District : Chattogram || city: Procuring Entity Code : Procuring Entity District : Chattogram || thana: Address of Official Inviting Address : CDA Building, Kotowali Contact details of Official Inviting Tender/Proposal : Phone No : 031-624401",tenders.csv tender_id=342502 (37/37 recorded values found on the page); eligibility_criteria.csv tender_id=342502 clause 1 (2/2 recorded values found on the page); eligibility_criteria.csv tender_id=342502 clause 2 (2/2 recorded values found on the page); eligibility_criteria.csv tender_id=342502 clause 3 (2/2 recorded values found on the page); eligibility_criteria.csv tender_id=342502 clause 4 (2/2 recorded values found on the page); lots.csv tender_id=342502 (6/6 recorded values found on the page); amendments.csv tender_id=342502 (2/2 recorded values found on the page),published_date from tenders.csv against the old and new closing dates in amendment_changes.csv,"High for the arithmetic, which is given in full in the Calculation column; the inputs are printed values.",
F-AMEND-03,"For the 83 amended tenders where both versions can be dated, the bidding window as first advertised was a median of 22 days and the window after amendment a median of 30 days - so the 22-day median this investigation reports for the whole archive is the amended figure, not the one bidders first saw",DATA-DERIVED FINDING,Tender Notice_PDFs/CDA_Tender_398199.pdf,1-2,ministry: Ministry : Ministry of Housing and Public Works Division : || agency: Organization : Chittagong Development Authority Procuring Entity Name : Electrical & Mechanical Engineering || district: Procuring Entity Code : Procuring Entity District : Chattogram || city: Organization : Chittagong Development Authority Procuring Entity Name : Electrical & Mechanical Engineering || thana: Tender/Proposal : Kotowali Circle Fax No : || country: Country : Bangladesh,tenders.csv tender_id=398199 (37/37 recorded values found on the page); eligibility_criteria.csv tender_id=398199 clause 1 (2/2 recorded values found on the page); eligibility_criteria.csv tender_id=398199 clause 2 (2/2 recorded values found on the page); eligibility_criteria.csv tender_id=398199 clause 3 (2/2 recorded values found on the page); lots.csv tender_id=398199 (6/6 recorded values found on the page); amendments.csv tender_id=398199 (2/2 recorded values found on the page),published_date from tenders.csv against the old and new closing dates in amendment_changes.csv,"High for the arithmetic, which is given in full in the Calculation column; the inputs are printed values.",
F-AMEND-03,"For the 83 amended tenders where both versions can be dated, the bidding window as first advertised was a median of 22 days and the window after amendment a median of 30 days - so the 22-day median this investigation reports for the whole archive is the amended figure, not the one bidders first saw",DATA-DERIVED FINDING,Tender Notice_PDFs/CDA_Tender_409461.pdf,1-3,ministry: Ministry : Ministry of Housing and Public Works Division : || agency: Organization : Chittagong Development Authority Procuring Entity Name : Electrical & Mechanical Engineering || district: Procuring Entity Code : Procuring Entity District : Chattogram || city: Organization : Chittagong Development Authority Procuring Entity Name : Electrical & Mechanical Engineering || thana: Tender/Proposal : Kotowali Circle Fax No : || country: Country : Bangladesh,tenders.csv tender_id=409461 (37/37 recorded values found on the page); eligibility_criteria.csv tender_id=409461 clause 1 (2/2 recorded values found on the page); eligibility_criteria.csv tender_id=409461 clause 2 (2/2 recorded values found on the page); eligibility_criteria.csv tender_id=409461 clause 3 (2/2 recorded values found on the page); lots.csv tender_id=409461 (5/6 recorded values found on the page); amendments.csv tender_id=409461 (2/2 recorded values found on the page),published_date from tenders.csv against the old and new closing dates in amendment_changes.csv,"High for the arithmetic, which is given in full in the Calculation column; the inputs are printed values.","1 value(s) are printed in another form - a reassembled table cell, or wording that differs - and are shown against the page in evidence_index.json"
F-AMEND-04,"In 36 tenders the requirement to enter was rewritten after the notice was published. The change tables print 10 money thresholds in both versions; 7 of them move in a direction that can be read, 6 down and 1 up",DATA-DERIVED FINDING,Tender Notice_PDFs/CDA_Tender_100483.pdf,1-2,ministry: Ministry : Ministry of Housing and Public Works Division : || agency: Organization : Chittagong Development Authority Procuring Entity Name : Project Director(Silimpur) || procuring_entity: Organization : Chittagong Development Authority Procuring Entity Name : Project Director(Silimpur) || district: Organization : Chittagong Development Authority Procuring Entity Name : Project Director(Silimpur) || city: Organization : Chittagong Development Authority Procuring Entity Name : Project Director(Silimpur) || thana: Tender/Proposal : Kotowali Circle Fax No :,tenders.csv tender_id=100483 (37/37 recorded values found on the page); eligibility_criteria.csv tender_id=100483 clause 1 (2/2 recorded values found on the page); eligibility_criteria.csv tender_id=100483 clause 2 (2/2 recorded values found on the page); lots.csv tender_id=100483 (5/6 recorded values found on the page); amendments.csv tender_id=100483 (2/2 recorded values found on the page),"amendment_changes.csv where the field name mentions eligibility or qualification; each block split into clauses on the hash the portal prints, clauses matched to their nearest counterpart by difflib ratio at 0.6, and a sum read only where a scale word is printed on both sides","High for the arithmetic, which is given in full in the Calculation column; the inputs are printed values.","1 value(s) are printed in another form - a reassembled table cell, or wording that differs - and are shown against the page in evidence_index.json"
F-AMEND-04,"In 36 tenders the requirement to enter was rewritten after the notice was published. The change tables print 10 money thresholds in both versions; 7 of them move in a direction that can be read, 6 down and 1 up",DATA-DERIVED FINDING,Tender Notice_PDFs/CDA_Tender_342502.pdf,1-3,"ministry: Ministry : Ministry of Housing and Public Works Division : || agency: Organization : Chittagong Development Authority Procuring Entity Name : Project Director(Rajib Das) || procuring_entity: Organization : Chittagong Development Authority Procuring Entity Name : Project Director(Rajib Das) || district: Procuring Entity Code : Procuring Entity District : Chattogram || city: Procuring Entity Code : Procuring Entity District : Chattogram || thana: Address of Official Inviting Address : CDA Building, Kotowali Contact details of Official Inviting Tender/Proposal : Phone No : 031-624401",tenders.csv tender_id=342502 (37/37 recorded values found on the page); eligibility_criteria.csv tender_id=342502 clause 1 (2/2 recorded values found on the page); eligibility_criteria.csv tender_id=342502 clause 2 (2/2 recorded values found on the page); eligibility_criteria.csv tender_id=342502 clause 3 (2/2 recorded values found on the page); eligibility_criteria.csv tender_id=342502 clause 4 (2/2 recorded values found on the page); lots.csv tender_id=342502 (6/6 recorded values found on the page); amendments.csv tender_id=342502 (2/2 recorded values found on the page),"amendment_changes.csv where the field name mentions eligibility or qualification; each block split into clauses on the hash the portal prints, clauses matched to their nearest counterpart by difflib ratio at 0.6, and a sum read only where a scale word is printed on both sides","High for the arithmetic, which is given in full in the Calculation column; the inputs are printed values.",
F-AMEND-04,"In 36 tenders the requirement to enter was rewritten after the notice was published. The change tables print 10 money thresholds in both versions; 7 of them move in a direction that can be read, 6 down and 1 up",DATA-DERIVED FINDING,Tender Notice_PDFs/CDA_Tender_786407.pdf,1-3,"ministry: Ministry : Ministry of Housing and Public Works Division : || agency: Organization : Chittagong Development Authority Procuring Entity Name : Executive Engineer, Construction Division- || district: Procuring Entity Code : Procuring Entity District : Chattogram || city: Organization : Chittagong Development Authority Procuring Entity Name : Executive Engineer, Construction Division- || thana: Tender/Proposal : Kotowali Circle, Chittagong. Fax No : || country: Country : Bangladesh",tenders.csv tender_id=786407 (36/36 recorded values found on the page); eligibility_criteria.csv tender_id=786407 clause 1 (2/2 recorded values found on the page); eligibility_criteria.csv tender_id=786407 clause 2 (2/2 recorded values found on the page); eligibility_criteria.csv tender_id=786407 clause 3 (2/2 recorded values found on the page); eligibility_criteria.csv tender_id=786407 clause 4 (2/2 recorded values found on the page); eligibility_criteria.csv tender_id=786407 clause 5 (2/2 recorded values found on the page); eligibility_criteria.csv tender_id=786407 clause 6 (2/2 recorded values found on the page); eligibility_criteria.csv tender_id=786407 clause 7 (2/2 recorded values found on the page); lots.csv tender_id=786407 (6/6 recorded values found on the page); amendments.csv tender_id=786407 (2/2 recorded values found on the page),"amendment_changes.csv where the field name mentions eligibility or qualification; each block split into clauses on the hash the portal prints, clauses matched to their nearest counterpart by difflib ratio at 0.6, and a sum read only where a scale word is printed on both sides","High for the arithmetic, which is given in full in the Calculation column; the inputs are printed values.",
F-AMEND-04,"In 36 tenders the requirement to enter was rewritten after the notice was published. The change tables print 10 money thresholds in both versions; 7 of them move in a direction that can be read, 6 down and 1 up",DATA-DERIVED FINDING,Tender Notice_PDFs/CDA_Tender_993988.pdf,1-2,"ministry: Ministry : Ministry of Housing and Public Works Division : || agency: Organization : Chittagong Development Authority Procuring Entity Name : Office of the Secretary || procuring_entity: Organization : Chittagong Development Authority Procuring Entity Name : Office of the Secretary || district: Procuring Entity Code : Procuring Entity District : Chattogram || city: Organization : Chittagong Development Authority Procuring Entity Name : Office of the Secretary || thana: Kotowali,",tenders.csv tender_id=993988 (37/37 recorded values found on the page); eligibility_criteria.csv tender_id=993988 clause 1 (2/2 recorded values found on the page); eligibility_criteria.csv tender_id=993988 clause 2 (2/2 recorded values found on the page); eligibility_criteria.csv tender_id=993988 clause 3 (2/2 recorded values found on the page); lots.csv tender_id=993988 (5/6 recorded values found on the page); amendments.csv tender_id=993988 (2/2 recorded values found on the page),"amendment_changes.csv where the field name mentions eligibility or qualification; each block split into clauses on the hash the portal prints, clauses matched to their nearest counterpart by difflib ratio at 0.6, and a sum read only where a scale word is printed on both sides","High for the arithmetic, which is given in full in the Calculation column; the inputs are printed values.","1 value(s) are printed in another form - a reassembled table cell, or wording that differs - and are shown against the page in evidence_index.json"
F-AMEND-04,"In 36 tenders the requirement to enter was rewritten after the notice was published. The change tables print 10 money thresholds in both versions; 7 of them move in a direction that can be read, 6 down and 1 up",DATA-DERIVED FINDING,Tender Notice_PDFs/CDA_Tender_993999.pdf,1-3,"ministry: Ministry : Ministry of Housing and Public Works Division : || agency: Organization : Chittagong Development Authority Procuring Entity Name : Office of the Secretary || procuring_entity: Organization : Chittagong Development Authority Procuring Entity Name : Office of the Secretary || district: Procuring Entity Code : Procuring Entity District : Chattogram || city: Organization : Chittagong Development Authority Procuring Entity Name : Office of the Secretary || thana: Kotowali,",tenders.csv tender_id=993999 (36/36 recorded values found on the page); eligibility_criteria.csv tender_id=993999 clause 1 (2/2 recorded values found on the page); eligibility_criteria.csv tender_id=993999 clause 2 (2/2 recorded values found on the page); eligibility_criteria.csv tender_id=993999 clause 3 (2/2 recorded values found on the page); lots.csv tender_id=993999 (5/6 recorded values found on the page); amendments.csv tender_id=993999 (2/2 recorded values found on the page),"amendment_changes.csv where the field name mentions eligibility or qualification; each block split into clauses on the hash the portal prints, clauses matched to their nearest counterpart by difflib ratio at 0.6, and a sum read only where a scale word is printed on both sides","High for the arithmetic, which is given in full in the Calculation column; the inputs are printed values.","1 value(s) are printed in another form - a reassembled table cell, or wording that differs - and are shown against the page in evidence_index.json"
F-AMEND-05,"No amendment in the archive prints the date it was made, and only 16 of the 160 amendment notices print any ground for the change; so whether a rule was rewritten before or after firms bought the tender document cannot be established from these documents",UNRESOLVED,Tender Notice_PDFs/CDA_Tender_398199.pdf,1-2,ministry: Ministry : Ministry of Housing and Public Works Division : || agency: Organization : Chittagong Development Authority Procuring Entity Name : Electrical & Mechanical Engineering || district: Procuring Entity Code : Procuring Entity District : Chattogram || city: Organization : Chittagong Development Authority Procuring Entity Name : Electrical & Mechanical Engineering || thana: Tender/Proposal : Kotowali Circle Fax No : || country: Country : Bangladesh,tenders.csv tender_id=398199 (37/37 recorded values found on the page); eligibility_criteria.csv tender_id=398199 clause 1 (2/2 recorded values found on the page); eligibility_criteria.csv tender_id=398199 clause 2 (2/2 recorded values found on the page); eligibility_criteria.csv tender_id=398199 clause 3 (2/2 recorded values found on the page); lots.csv tender_id=398199 (6/6 recorded values found on the page); amendments.csv tender_id=398199 (2/2 recorded values found on the page),"amendments.csv notice_text searched for a phrase offering a ground; raw_pages.json searched across all 1,805 documents for a label pairing amendment or corrigendum with a date",Certain that the supplied documents do not answer it. Nothing here asserts what the answer would be.,
F-AMEND-05,"No amendment in the archive prints the date it was made, and only 16 of the 160 amendment notices print any ground for the change; so whether a rule was rewritten before or after firms bought the tender document cannot be established from these documents",UNRESOLVED,Tender Notice_PDFs/CDA_Tender_409461.pdf,1-3,ministry: Ministry : Ministry of Housing and Public Works Division : || agency: Organization : Chittagong Development Authority Procuring Entity Name : Electrical & Mechanical Engineering || district: Procuring Entity Code : Procuring Entity District : Chattogram || city: Organization : Chittagong Development Authority Procuring Entity Name : Electrical & Mechanical Engineering || thana: Tender/Proposal : Kotowali Circle Fax No : || country: Country : Bangladesh,tenders.csv tender_id=409461 (37/37 recorded values found on the page); eligibility_criteria.csv tender_id=409461 clause 1 (2/2 recorded values found on the page); eligibility_criteria.csv tender_id=409461 clause 2 (2/2 recorded values found on the page); eligibility_criteria.csv tender_id=409461 clause 3 (2/2 recorded values found on the page); lots.csv tender_id=409461 (5/6 recorded values found on the page); amendments.csv tender_id=409461 (2/2 recorded values found on the page),"amendments.csv notice_text searched for a phrase offering a ground; raw_pages.json searched across all 1,805 documents for a label pairing amendment or corrigendum with a date",Certain that the supplied documents do not answer it. Nothing here asserts what the answer would be.,"1 value(s) are printed in another form - a reassembled table cell, or wording that differs - and are shown against the page in evidence_index.json"
F-AMEND-05,"No amendment in the archive prints the date it was made, and only 16 of the 160 amendment notices print any ground for the change; so whether a rule was rewritten before or after firms bought the tender document cannot be established from these documents",UNRESOLVED,Tender Notice_PDFs/KDA_Tender_1020481.pdf,1-2,ministry: Ministry : Ministry of Housing and Public Works Division : || agency: Organization : Khulna Development Authority (KDA) Procuring Entity Name : Office of the Project Director (KDA || district: Organization : Khulna Development Authority (KDA) Procuring Entity Name : Office of the Project Director (KDA || city: Organization : Khulna Development Authority (KDA) Procuring Entity Name : Office of the Project Director (KDA || thana: Thana : Khulna City Corporation || country: Country : Bangladesh,tenders.csv tender_id=1020481 (37/37 recorded values found on the page); eligibility_criteria.csv tender_id=1020481 clause 1 (2/2 recorded values found on the page); eligibility_criteria.csv tender_id=1020481 clause 2 (2/2 recorded values found on the page); eligibility_criteria.csv tender_id=1020481 clause 3 (2/2 recorded values found on the page); lots.csv tender_id=1020481 (6/6 recorded values found on the page); amendments.csv tender_id=1020481 (2/2 recorded values found on the page),"amendments.csv notice_text searched for a phrase offering a ground; raw_pages.json searched across all 1,805 documents for a label pairing amendment or corrigendum with a date",Certain that the supplied documents do not answer it. Nothing here asserts what the answer would be.,
F-AMEND-05,"No amendment in the archive prints the date it was made, and only 16 of the 160 amendment notices print any ground for the change; so whether a rule was rewritten before or after firms bought the tender document cannot be established from these documents",UNRESOLVED,Tender Notice_PDFs/KDA_Tender_868640.pdf,1-3,ministry: Ministry : Ministry of Housing and Public Works Division : || agency: Organization : Khulna Development Authority (KDA) Procuring Entity Name : Office of the Project Director (3Link Road) || procuring_entity: Organization : Khulna Development Authority (KDA) Procuring Entity Name : Office of the Project Director (3Link Road) || district: Organization : Khulna Development Authority (KDA) Procuring Entity Name : Office of the Project Director (3Link Road) || city: Organization : Khulna Development Authority (KDA) Procuring Entity Name : Office of the Project Director (3Link Road) || thana: Thana : Khulna City Corporation,tenders.csv tender_id=868640 (37/37 recorded values found on the page); eligibility_criteria.csv tender_id=868640 clause 1 (2/2 recorded values found on the page); eligibility_criteria.csv tender_id=868640 clause 2 (2/2 recorded values found on the page); eligibility_criteria.csv tender_id=868640 clause 3 (2/2 recorded values found on the page); eligibility_criteria.csv tender_id=868640 clause 4 (2/2 recorded values found on the page); eligibility_criteria.csv tender_id=868640 clause 5 (2/2 recorded values found on the page); eligibility_criteria.csv tender_id=868640 clause 6 (2/2 recorded values found on the page); lots.csv tender_id=868640 (6/6 recorded values found on the page); amendments.csv tender_id=868640 (2/2 recorded values found on the page),"amendments.csv notice_text searched for a phrase offering a ground; raw_pages.json searched across all 1,805 documents for a label pairing amendment or corrigendum with a date",Certain that the supplied documents do not answer it. Nothing here asserts what the answer would be.,
F-AMEND-05,"No amendment in the archive prints the date it was made, and only 16 of the 160 amendment notices print any ground for the change; so whether a rule was rewritten before or after firms bought the tender document cannot be established from these documents",UNRESOLVED,eGP_Forensic_Engine/2026-01-04-13-47-03-e-PG3A.pdf,81,,no dataset row is keyed to this document,"amendments.csv notice_text searched for a phrase offering a ground; raw_pages.json searched across all 1,805 documents for a label pairing amendment or corrigendum with a date",Certain that the supplied documents do not answer it. Nothing here asserts what the answer would be.,
F-ELIG-01,"545 of the 1150 tender notices print at least one rule of entry a reader can check; 615 print at least one clause that points at a document the portal does not publish, and 10 do both",DOCUMENTED FACT,Tender Notice_PDFs/CDA_Tender_15000.pdf,1-2,"ministry: Ministry : Ministry of Energy, Power and Minearal Division : Power Division || agency: Organization : Power Grid Company of Bangladesh Ltd. Procuring Entity Name : Grid Maintenance Division, Comilla || procuring_entity_code: Procuring Entity Code : 014 Procuring Entity District : Comilla || district: Organization : Power Grid Company of Bangladesh Ltd. Procuring Entity Name : Grid Maintenance Division, Comilla || city: Organization : Power Grid Company of Bangladesh Ltd. Procuring Entity Name : Grid Maintenance Division, Comilla || thana: Address of Official Inviting Address : Biddut bhaban, Jangalia, Contact details of Official Inviting Tender/Proposal : Phone No : 081-64752",tenders.csv tender_id=15000 (37/37 recorded values found on the page); eligibility_criteria.csv tender_id=15000 clause 1 (2/2 recorded values found on the page); lots.csv tender_id=15000 (6/6 recorded values found on the page),eligibility_criteria.csv grouped by defers_to_another_document,High. The value is printed on the page named here and was re-read by a second extractor.,
F-ELIG-01,"545 of the 1150 tender notices print at least one rule of entry a reader can check; 615 print at least one clause that points at a document the portal does not publish, and 10 do both",DOCUMENTED FACT,Tender Notice_PDFs/CDA_Tender_18000.pdf,1-2,ministry: Ministry : Ministry of Road Transport and Bridges Division : Road Transport and Highways Division || agency: Organization : Roads & Highways Department (RHD) Procuring Entity Name : Dinajpur Road Division || procuring_entity: Organization : Roads & Highways Department (RHD) Procuring Entity Name : Dinajpur Road Division || procuring_entity_code: Procuring Entity Code : dinRD Procuring Entity District : Dinajpur || district: Organization : Roads & Highways Department (RHD) Procuring Entity Name : Dinajpur Road Division || city: Organization : Roads & Highways Department (RHD) Procuring Entity Name : Dinajpur Road Division,tenders.csv tender_id=18000 (37/37 recorded values found on the page); eligibility_criteria.csv tender_id=18000 clause 1 (2/2 recorded values found on the page); lots.csv tender_id=18000 (6/6 recorded values found on the page),eligibility_criteria.csv grouped by defers_to_another_document,High. The value is printed on the page named here and was re-read by a second extractor.,
F-ELIG-01,"545 of the 1150 tender notices print at least one rule of entry a reader can check; 615 print at least one clause that points at a document the portal does not publish, and 10 do both",DOCUMENTED FACT,Tender Notice_PDFs/CDA_Tender_42800.pdf,1-2,"ministry: Ministry : Ministry of Local Government, Rural Division : Local Government Division || agency: Organization : Local Government Engineering Procuring Entity Name : Office of the Executive Engineer, LGED, || district: Department (LGED) Chittagong || city: Department (LGED) Chittagong || thana: Thana : Chittagong Sadar || country: Country : Bangladesh",tenders.csv tender_id=42800 (36/36 recorded values found on the page); eligibility_criteria.csv tender_id=42800 clause 1 (2/2 recorded values found on the page); lots.csv tender_id=42800 (6/6 recorded values found on the page),eligibility_criteria.csv grouped by defers_to_another_document,High. The value is printed on the page named here and was re-read by a second extractor.,
F-ELIG-02,"Of the 3239 clauses the notices print, 1327 read as ordinary for this archive, 870 set themselves apart in one way, 59 name a particular product, and 22 do two or more of those at once",DATA-DERIVED FINDING,Tender Notice_PDFs/CDA_Tender_1001782.pdf,1-2,ministry: Ministry : Ministry of Housing and Public Works Division : || agency: Organization : Chittagong Development Authority Procuring Entity Name : Project Director (CDA Square) || procuring_entity: Organization : Chittagong Development Authority Procuring Entity Name : Project Director (CDA Square) || district: Procuring Entity Code : Procuring Entity District : Chattogram || city: Organization : Chittagong Development Authority Procuring Entity Name : Project Director (CDA Square) || thana: Tender/Proposal : Kotowali Circle Fax No :,tenders.csv tender_id=1001782 (36/36 recorded values found on the page); eligibility_criteria.csv tender_id=1001782 clause 1 (2/2 recorded values found on the page); eligibility_criteria.csv tender_id=1001782 clause 2 (2/2 recorded values found on the page); eligibility_criteria.csv tender_id=1001782 clause 3 (2/2 recorded values found on the page); lots.csv tender_id=1001782 (5/6 recorded values found on the page),"one label per row of eligibility_criteria.csv, by the rule in LABEL_MEANING; thresholds compared against the ninetieth percentile of the same kind of figure across the archive","High for the arithmetic, which is given in full in the Calculation column; the inputs are printed values.","1 value(s) are printed in another form - a reassembled table cell, or wording that differs - and are shown against the page in evidence_index.json"
F-ELIG-02,"Of the 3239 clauses the notices print, 1327 read as ordinary for this archive, 870 set themselves apart in one way, 59 name a particular product, and 22 do two or more of those at once",DATA-DERIVED FINDING,Tender Notice_PDFs/CDA_Tender_110297.pdf,1-2,ministry: Ministry : Ministry of Housing and Public Works Division : || agency: Organization : Chittagong Development Authority Procuring Entity Name : Project Director (Saltgola) || procuring_entity: Organization : Chittagong Development Authority Procuring Entity Name : Project Director (Saltgola) || district: Organization : Chittagong Development Authority Procuring Entity Name : Project Director (Saltgola) || city: Organization : Chittagong Development Authority Procuring Entity Name : Project Director (Saltgola) || thana: Tender/Proposal : Kotowali Circle Fax No :,tenders.csv tender_id=110297 (36/36 recorded values found on the page); eligibility_criteria.csv tender_id=110297 clause 1 (2/2 recorded values found on the page); eligibility_criteria.csv tender_id=110297 clause 2 (2/2 recorded values found on the page); eligibility_criteria.csv tender_id=110297 clause 3 (2/2 recorded values found on the page); eligibility_criteria.csv tender_id=110297 clause 4 (2/2 recorded values found on the page),"one label per row of eligibility_criteria.csv, by the rule in LABEL_MEANING; thresholds compared against the ninetieth percentile of the same kind of figure across the archive","High for the arithmetic, which is given in full in the Calculation column; the inputs are printed values.",
F-ELIG-02,"Of the 3239 clauses the notices print, 1327 read as ordinary for this archive, 870 set themselves apart in one way, 59 name a particular product, and 22 do two or more of those at once",DATA-DERIVED FINDING,Tender Notice_PDFs/CDA_Tender_133881.pdf,1-2,ministry: Ministry : Ministry of Housing and Public Works Division : || agency: Organization : Chittagong Development Authority Procuring Entity Name : Project Director (CDA Square) || procuring_entity: Organization : Chittagong Development Authority Procuring Entity Name : Project Director (CDA Square) || district: Organization : Chittagong Development Authority Procuring Entity Name : Project Director (CDA Square) || city: Organization : Chittagong Development Authority Procuring Entity Name : Project Director (CDA Square) || thana: Tender/Proposal : Kotowali Circle Fax No :,tenders.csv tender_id=133881 (37/37 recorded values found on the page); eligibility_criteria.csv tender_id=133881 clause 1 (2/2 recorded values found on the page); eligibility_criteria.csv tender_id=133881 clause 2 (2/2 recorded values found on the page); eligibility_criteria.csv tender_id=133881 clause 3 (2/2 recorded values found on the page); eligibility_criteria.csv tender_id=133881 clause 4 (2/2 recorded values found on the page); lots.csv tender_id=133881 (5/6 recorded values found on the page); amendments.csv tender_id=133881 (2/2 recorded values found on the page),"one label per row of eligibility_criteria.csv, by the rule in LABEL_MEANING; thresholds compared against the ninetieth percentile of the same kind of figure across the archive","High for the arithmetic, which is given in full in the Calculation column; the inputs are printed values.","1 value(s) are printed in another form - a reassembled table cell, or wording that differs - and are shown against the page in evidence_index.json"
F-ELIG-02,"Of the 3239 clauses the notices print, 1327 read as ordinary for this archive, 870 set themselves apart in one way, 59 name a particular product, and 22 do two or more of those at once",DATA-DERIVED FINDING,Tender Notice_PDFs/CDA_Tender_173113.pdf,1-2,"ministry: Ministry : Ministry of Housing and Public Works Division : || agency: Organization : Chittagong Development Authority Procuring Entity Name : Management Information System (MIS) || procuring_entity: Organization : Chittagong Development Authority Procuring Entity Name : Management Information System (MIS) || district: Organization : Chittagong Development Authority Procuring Entity Name : Management Information System (MIS) || city: Organization : Chittagong Development Authority Procuring Entity Name : Management Information System (MIS) || thana: Tender/Proposal : Kotowali Circle, Chittagong Fax No : 031-614610",tenders.csv tender_id=173113 (36/36 recorded values found on the page); eligibility_criteria.csv tender_id=173113 clause 1 (2/2 recorded values found on the page); eligibility_criteria.csv tender_id=173113 clause 2 (2/2 recorded values found on the page); eligibility_criteria.csv tender_id=173113 clause 3 (2/2 recorded values found on the page); lots.csv tender_id=173113 (5/6 recorded values found on the page),"one label per row of eligibility_criteria.csv, by the rule in LABEL_MEANING; thresholds compared against the ninetieth percentile of the same kind of figure across the archive","High for the arithmetic, which is given in full in the Calculation column; the inputs are printed values.","1 value(s) are printed in another form - a reassembled table cell, or wording that differs - and are shown against the page in evidence_index.json"
F-FUNNEL-01,"Across the 591 award notices that print bid counts, 3436 documents were sold, 2749 bids arrived, 1752 were found responsive and 591 contracts were signed",DOCUMENTED FACT,Contract_Awards_PDFs/Tender_1000267.pdf,1-1,award_ministry: Ministry/Division: Ministry of Housing and Public Works || award_agency: Agency: Rajdhani Unnayan Kartripakkha (RAJUK) || award_procuring_entity: Procuring Entity Name: Superintending Engineer (Civil Circle-3) || award_district: Procuring Entity District: Dhaka || award_for: Ministry/Division: Ministry of Housing and Public Works || award_method: Procurement Method: OTM,contracts.csv tender_id=1000267 (29/29 recorded values found on the page); bids.csv tender_id=1000267 (5/5 recorded values found on the page),"sum of documents_sold, bids_received and bids_responsive over the 591 rows of bids.csv where counts_printed = yes",High. The value is printed on the page named here and was re-read by a second extractor.,
F-FUNNEL-01,"Across the 591 award notices that print bid counts, 3436 documents were sold, 2749 bids arrived, 1752 were found responsive and 591 contracts were signed",DOCUMENTED FACT,Contract_Awards_PDFs/Tender_1000426.pdf,1-1,award_ministry: Ministry/Division: Ministry of Housing and Public Works || award_agency: Agency: Rajshahi Development Authority || award_procuring_entity: Procuring Entity Name: Office of the Project Director || award_district: Agency: Rajshahi Development Authority || award_for: Ministry/Division: Ministry of Housing and Public Works || award_method: Procurement Method: OTM,contracts.csv tender_id=1000426 (29/29 recorded values found on the page); bids.csv tender_id=1000426 (5/5 recorded values found on the page),"sum of documents_sold, bids_received and bids_responsive over the 591 rows of bids.csv where counts_printed = yes",High. The value is printed on the page named here and was re-read by a second extractor.,
F-FUNNEL-01,"Across the 591 award notices that print bid counts, 3436 documents were sold, 2749 bids arrived, 1752 were found responsive and 591 contracts were signed",DOCUMENTED FACT,Contract_Awards_PDFs/Tender_1000945.pdf,1-1,"award_ministry: Ministry/Division: Ministry of Housing and Public Works || award_agency: Agency: Rajdhani Unnayan Kartripakkha (RAJUK) || award_district: Dhanmondi, Dhaka. || award_for: Ministry/Division: Ministry of Housing and Public Works || award_method: Procurement Method: OTM || award_source_of_funds: Budget and Source of Funds: Own Fund Own Fund",contracts.csv tender_id=1000945 (29/29 recorded values found on the page); bids.csv tender_id=1000945 (5/5 recorded values found on the page),"sum of documents_sold, bids_received and bids_responsive over the 591 rows of bids.csv where counts_printed = yes",High. The value is printed on the page named here and was re-read by a second extractor.,
F-FUNNEL-02,"No supplied document names a single bidder, a single price or a single reason for rejection",UNRESOLVED,Contract_Awards_PDFs/Tender_95841.pdf,1-1,"award_ministry: Ministry/Division: Local Government Division || award_agency: Agency: Zilla Parishad, Sirajganj || award_procuring_entity: Procuring Entity Name: Zila Parishad, Sirajganj || award_district: Agency: Zilla Parishad, Sirajganj || award_for: Contract Award for: Works || award_method: Procurement Method: LTM",contracts.csv tender_id=95841 (29/29 recorded values found on the page); bids.csv tender_id=95841 (5/5 recorded values found on the page),bids.csv column bidder_level_data_available is no on every row,Certain that the supplied documents do not answer it. Nothing here asserts what the answer would be.,
F-FUNNEL-02,"No supplied document names a single bidder, a single price or a single reason for rejection",UNRESOLVED,Contract_Awards_PDFs/Tender_647356.pdf,1-1,award_ministry: Ministry/Division: Ministry of Housing and Public Works || award_agency: Agency: Rajdhani Unnayan Kartripakkha (RAJUK) || award_procuring_entity: Procuring Entity Name: Uttara 3rd Phase Project || award_district: Procuring Entity District: Dhaka || award_for: Ministry/Division: Ministry of Housing and Public Works || award_method: Procurement Method: OTM,contracts.csv tender_id=647356 (29/29 recorded values found on the page); bids.csv tender_id=647356 (5/5 recorded values found on the page),bids.csv column bidder_level_data_available is no on every row,Certain that the supplied documents do not answer it. Nothing here asserts what the answer would be.,
F-FUNNEL-02,"No supplied document names a single bidder, a single price or a single reason for rejection",UNRESOLVED,Contract_Awards_PDFs/Tender_528756.pdf,1-1,award_ministry: Ministry/Division: Ministry of Housing and Public Works || award_agency: Agency: Rajdhani Unnayan Kartripakkha (RAJUK) || award_procuring_entity: Procuring Entity Name: Purbachal New Town Project || award_district: Procuring Entity District: Dhaka || award_for: Ministry/Division: Ministry of Housing and Public Works || award_method: Procurement Method: OTM,contracts.csv tender_id=528756 (29/29 recorded values found on the page); bids.csv tender_id=528756 (5/5 recorded values found on the page),bids.csv column bidder_level_data_available is no on every row,Certain that the supplied documents do not answer it. Nothing here asserts what the answer would be.,
F-FUNNEL-03,201 of 591 tenders reached the award stage with exactly one responsive bid (34.0%),DATA-DERIVED FINDING,Contract_Awards_PDFs/Tender_1000426.pdf,1-1,award_ministry: Ministry/Division: Ministry of Housing and Public Works || award_agency: Agency: Rajshahi Development Authority || award_procuring_entity: Procuring Entity Name: Office of the Project Director || award_district: Agency: Rajshahi Development Authority || award_for: Ministry/Division: Ministry of Housing and Public Works || award_method: Procurement Method: OTM,contracts.csv tender_id=1000426 (29/29 recorded values found on the page); bids.csv tender_id=1000426 (5/5 recorded values found on the page),count of rows in bids.csv where bids_responsive = 1,"High for the arithmetic, which is given in full in the Calculation column; the inputs are printed values.",
F-FUNNEL-03,201 of 591 tenders reached the award stage with exactly one responsive bid (34.0%),DATA-DERIVED FINDING,Contract_Awards_PDFs/Tender_1000945.pdf,1-1,"award_ministry: Ministry/Division: Ministry of Housing and Public Works || award_agency: Agency: Rajdhani Unnayan Kartripakkha (RAJUK) || award_district: Dhanmondi, Dhaka. || award_for: Ministry/Division: Ministry of Housing and Public Works || award_method: Procurement Method: OTM || award_source_of_funds: Budget and Source of Funds: Own Fund Own Fund",contracts.csv tender_id=1000945 (29/29 recorded values found on the page); bids.csv tender_id=1000945 (5/5 recorded values found on the page),count of rows in bids.csv where bids_responsive = 1,"High for the arithmetic, which is given in full in the Calculation column; the inputs are printed values.",
F-FUNNEL-03,201 of 591 tenders reached the award stage with exactly one responsive bid (34.0%),DATA-DERIVED FINDING,Contract_Awards_PDFs/Tender_1001782.pdf,1-1,award_ministry: Ministry/Division: Ministry of Housing and Public Works || award_agency: Agency: Chittagong Development Authority || award_procuring_entity: Procuring Entity Name: Project Director (CDA Square) || award_district: Procuring Entity District: Chattogram || award_for: Ministry/Division: Ministry of Housing and Public Works || award_method: Procurement Method: OTM,contracts.csv tender_id=1001782 (29/29 recorded values found on the page); bids.csv tender_id=1001782 (5/5 recorded values found on the page),count of rows in bids.csv where bids_responsive = 1,"High for the arithmetic, which is given in full in the Calculation column; the inputs are printed values.",
F-FUNNEL-03,201 of 591 tenders reached the award stage with exactly one responsive bid (34.0%),DATA-DERIVED FINDING,Contract_Awards_PDFs/Tender_1002814.pdf,1-1,award_ministry: Ministry/Division: Ministry of Housing and Public Works || award_agency: Agency: Rajdhani Unnayan Kartripakkha (RAJUK) || award_procuring_entity: Procuring Entity Name: Office of the Superintending Engineer (Electrical) || award_district: Procuring Entity District: Dhaka || award_for: Ministry/Division: Ministry of Housing and Public Works || award_method: Procurement Method: OTM,contracts.csv tender_id=1002814 (29/29 recorded values found on the page); bids.csv tender_id=1002814 (5/5 recorded values found on the page),count of rows in bids.csv where bids_responsive = 1,"High for the arithmetic, which is given in full in the Calculation column; the inputs are printed values.",
F-FUNNEL-03,201 of 591 tenders reached the award stage with exactly one responsive bid (34.0%),DATA-DERIVED FINDING,Contract_Awards_PDFs/Tender_1002854.pdf,1-1,award_ministry: Ministry/Division: Ministry of Housing and Public Works || award_agency: Agency: Rajdhani Unnayan Kartripakkha (RAJUK) || award_procuring_entity: Procuring Entity Name: Office of the Superintending Engineer (Electrical) || award_district: Procuring Entity District: Dhaka || award_for: Ministry/Division: Ministry of Housing and Public Works || award_method: Procurement Method: OTM,contracts.csv tender_id=1002854 (29/29 recorded values found on the page); bids.csv tender_id=1002854 (5/5 recorded values found on the page),count of rows in bids.csv where bids_responsive = 1,"High for the arithmetic, which is given in full in the Calculation column; the inputs are printed values.",
F-FUNNEL-04,In 256 tenders every bid that arrived was found responsive; in 335 at least one was set aside,DATA-DERIVED FINDING,Contract_Awards_PDFs/Tender_95841.pdf,1-1,"award_ministry: Ministry/Division: Local Government Division || award_agency: Agency: Zilla Parishad, Sirajganj || award_procuring_entity: Procuring Entity Name: Zila Parishad, Sirajganj || award_district: Agency: Zilla Parishad, Sirajganj || award_for: Contract Award for: Works || award_method: Procurement Method: LTM",contracts.csv tender_id=95841 (29/29 recorded values found on the page); bids.csv tender_id=95841 (5/5 recorded values found on the page),"bids_received - bids_responsive, tallied over bids.csv","High for the arithmetic, which is given in full in the Calculation column; the inputs are printed values.",
F-FUNNEL-04,In 256 tenders every bid that arrived was found responsive; in 335 at least one was set aside,DATA-DERIVED FINDING,Contract_Awards_PDFs/Tender_1008543.pdf,1-1,award_ministry: Ministry/Division: Ministry of Housing and Public Works || award_agency: Agency: Rajdhani Unnayan Kartripakkha (RAJUK) || award_procuring_entity: Procuring Entity Name: Purbachal New Town Project || award_district: Procuring Entity District: Dhaka || award_for: Ministry/Division: Ministry of Housing and Public Works || award_method: Procurement Method: OTM,contracts.csv tender_id=1008543 (29/29 recorded values found on the page); bids.csv tender_id=1008543 (5/5 recorded values found on the page),"bids_received - bids_responsive, tallied over bids.csv","High for the arithmetic, which is given in full in the Calculation column; the inputs are printed values.",
F-FUNNEL-04,In 256 tenders every bid that arrived was found responsive; in 335 at least one was set aside,DATA-DERIVED FINDING,Contract_Awards_PDFs/Tender_114570.pdf,1-1,award_ministry: Ministry/Division: Ministry of Housing and Public Works || award_agency: Agency: Chittagong Development Authority || award_procuring_entity: Procuring Entity Name: Project Director (MehedibagSQ) || award_district: Agency: Chittagong Development Authority || award_for: Ministry/Division: Ministry of Housing and Public Works || award_method: Procurement Method: OTM,contracts.csv tender_id=114570 (29/29 recorded values found on the page); bids.csv tender_id=114570 (5/5 recorded values found on the page),"bids_received - bids_responsive, tallied over bids.csv","High for the arithmetic, which is given in full in the Calculation column; the inputs are printed values.",
F-CHAIN-01,"Sorting the 591 tenders that printed their counts by the strongest clause each one printed does not separate them: the share ending with a single responsive tenderer is 48.0% where a clause matched two or more of the tests and 33.4% everywhere else, a difference this many tenders would produce by chance about 14 times in a hundred",DATA-DERIVED FINDING,Contract_Awards_PDFs/Tender_1001782.pdf,1-1,award_ministry: Ministry/Division: Ministry of Housing and Public Works || award_agency: Agency: Chittagong Development Authority || award_procuring_entity: Procuring Entity Name: Project Director (CDA Square) || award_district: Procuring Entity District: Chattogram || award_for: Ministry/Division: Ministry of Housing and Public Works || award_method: Procurement Method: OTM,contracts.csv tender_id=1001782 (29/29 recorded values found on the page); bids.csv tender_id=1001782 (5/5 recorded values found on the page),"strongest label per tender_id from eligibility_criteria.csv by LABEL_ORDER, joined to bids.csv on tender_id where counts_printed = yes; two-sided Fisher exact test over the 2x2 of strong label against outcome","High for the arithmetic, which is given in full in the Calculation column; the inputs are printed values.",
F-CHAIN-01,"Sorting the 591 tenders that printed their counts by the strongest clause each one printed does not separate them: the share ending with a single responsive tenderer is 48.0% where a clause matched two or more of the tests and 33.4% everywhere else, a difference this many tenders would produce by chance about 14 times in a hundred",DATA-DERIVED FINDING,Contract_Awards_PDFs/Tender_1002814.pdf,1-1,award_ministry: Ministry/Division: Ministry of Housing and Public Works || award_agency: Agency: Rajdhani Unnayan Kartripakkha (RAJUK) || award_procuring_entity: Procuring Entity Name: Office of the Superintending Engineer (Electrical) || award_district: Procuring Entity District: Dhaka || award_for: Ministry/Division: Ministry of Housing and Public Works || award_method: Procurement Method: OTM,contracts.csv tender_id=1002814 (29/29 recorded values found on the page); bids.csv tender_id=1002814 (5/5 recorded values found on the page),"strongest label per tender_id from eligibility_criteria.csv by LABEL_ORDER, joined to bids.csv on tender_id where counts_printed = yes; two-sided Fisher exact test over the 2x2 of strong label against outcome","High for the arithmetic, which is given in full in the Calculation column; the inputs are printed values.",
F-CHAIN-01,"Sorting the 591 tenders that printed their counts by the strongest clause each one printed does not separate them: the share ending with a single responsive tenderer is 48.0% where a clause matched two or more of the tests and 33.4% everywhere else, a difference this many tenders would produce by chance about 14 times in a hundred",DATA-DERIVED FINDING,Contract_Awards_PDFs/Tender_1002854.pdf,1-1,award_ministry: Ministry/Division: Ministry of Housing and Public Works || award_agency: Agency: Rajdhani Unnayan Kartripakkha (RAJUK) || award_procuring_entity: Procuring Entity Name: Office of the Superintending Engineer (Electrical) || award_district: Procuring Entity District: Dhaka || award_for: Ministry/Division: Ministry of Housing and Public Works || award_method: Procurement Method: OTM,contracts.csv tender_id=1002854 (29/29 recorded values found on the page); bids.csv tender_id=1002854 (5/5 recorded values found on the page),"strongest label per tender_id from eligibility_criteria.csv by LABEL_ORDER, joined to bids.csv on tender_id where counts_printed = yes; two-sided Fisher exact test over the 2x2 of strong label against outcome","High for the arithmetic, which is given in full in the Calculation column; the inputs are printed values.",
F-CHAIN-01,"Sorting the 591 tenders that printed their counts by the strongest clause each one printed does not separate them: the share ending with a single responsive tenderer is 48.0% where a clause matched two or more of the tests and 33.4% everywhere else, a difference this many tenders would produce by chance about 14 times in a hundred",DATA-DERIVED FINDING,Contract_Awards_PDFs/Tender_1081271.pdf,1-1,award_ministry: Ministry/Division: Ministry of Housing and Public Works || award_agency: Agency: Rajdhani Unnayan Kartripakkha (RAJUK) || award_procuring_entity: Procuring Entity Name: Office of the Superintending Engineer (Electrical) || award_district: Procuring Entity District: Dhaka || award_for: Ministry/Division: Ministry of Housing and Public Works || award_method: Procurement Method: OTM,contracts.csv tender_id=1081271 (29/29 recorded values found on the page); bids.csv tender_id=1081271 (5/5 recorded values found on the page),"strongest label per tender_id from eligibility_criteria.csv by LABEL_ORDER, joined to bids.csv on tender_id where counts_printed = yes; two-sided Fisher exact test over the 2x2 of strong label against outcome","High for the arithmetic, which is given in full in the Calculation column; the inputs are printed values.",
F-CHAIN-02,"The folder recommends that the cash a tenderer must hold be 80 to 100 percent of the estimated cost, and 60 to 80 percent for the past contract it must show; measured against the contract value actually signed, the middle of this archive sits at 75 and 70 percent, and 25.5% and 29.2% of tenders sit above the band",DATA-DERIVED FINDING,eGP_Forensic_Engine/2026-01-04-13-47-03-e-PG3A.pdf,38,"ITT 13.1(b) The minimum specific experience as Supplier in supply of similar Goods of at least [state number] contract(s) successfully completed within the last [state number] years, each with a value of at least Tk. [state amount]. [the minimum number of contracts will depend upon the size and type of supply of goods, and the Procuring Entity should make its own judgement based upon its experience in the supply sector. For example, for large supply, it could be a single contract of similar nature during the last five (5) or ten (10) or more wider timeframe subject to nature or frequency of supply (whichever appropriate); years counting backward from the date of publication of IFT in the newspaper] [the minimum value is recommended to be between 60 and 80 percent of the estimated cost of the proposed supply",no dataset row is keyed to this document,"largest readable figure of each category in eligibility_criteria.csv over contract_value_taka in bids.csv, same tender_id, figures below the face-value floor excluded; band read from the quoted rule itself","High for the arithmetic, which is given in full in the Calculation column; the inputs are printed values.",
F-CHAIN-02,"The folder recommends that the cash a tenderer must hold be 80 to 100 percent of the estimated cost, and 60 to 80 percent for the past contract it must show; measured against the contract value actually signed, the middle of this archive sits at 75 and 70 percent, and 25.5% and 29.2% of tenders sit above the band",DATA-DERIVED FINDING,Contract_Awards_PDFs/Tender_815786.pdf,1-1,award_ministry: Ministry/Division: Ministry of Housing and Public Works || award_agency: Agency: Chittagong Development Authority || award_procuring_entity: Procuring Entity Name: Management Information System (MIS) || award_district: Procuring Entity District: Chattogram || award_for: Contract Award for: Goods || award_method: Procurement Method: OTM,contracts.csv tender_id=815786 (29/29 recorded values found on the page); bids.csv tender_id=815786 (5/5 recorded values found on the page),"largest readable figure of each category in eligibility_criteria.csv over contract_value_taka in bids.csv, same tender_id, figures below the face-value floor excluded; band read from the quoted rule itself","High for the arithmetic, which is given in full in the Calculation column; the inputs are printed values.",
F-CHAIN-02,"The folder recommends that the cash a tenderer must hold be 80 to 100 percent of the estimated cost, and 60 to 80 percent for the past contract it must show; measured against the contract value actually signed, the middle of this archive sits at 75 and 70 percent, and 25.5% and 29.2% of tenders sit above the band",DATA-DERIVED FINDING,Contract_Awards_PDFs/Tender_629331.pdf,1-1,award_ministry: Ministry/Division: Ministry of Housing and Public Works || award_agency: Agency: Chittagong Development Authority || award_procuring_entity: Procuring Entity Name: Electrical & Mechanical Engineering (EME) || award_district: Procuring Entity District: Chattogram || award_for: Ministry/Division: Ministry of Housing and Public Works || award_method: Procurement Method: OTM,contracts.csv tender_id=629331 (29/29 recorded values found on the page); bids.csv tender_id=629331 (5/5 recorded values found on the page),"largest readable figure of each category in eligibility_criteria.csv over contract_value_taka in bids.csv, same tender_id, figures below the face-value floor excluded; band read from the quoted rule itself","High for the arithmetic, which is given in full in the Calculation column; the inputs are printed values.",
F-CHAIN-02,"The folder recommends that the cash a tenderer must hold be 80 to 100 percent of the estimated cost, and 60 to 80 percent for the past contract it must show; measured against the contract value actually signed, the middle of this archive sits at 75 and 70 percent, and 25.5% and 29.2% of tenders sit above the band",DATA-DERIVED FINDING,Contract_Awards_PDFs/Tender_1267626.pdf,1-1,award_ministry: Ministry/Division: Ministry of Housing and Public Works || award_agency: Agency: Chittagong Development Authority || award_procuring_entity: Procuring Entity Name: Management Information System (MIS) || award_district: Procuring Entity District: Chattogram || award_for: Contract Award for: Goods || award_method: Procurement Method: OTM,contracts.csv tender_id=1267626 (24/24 recorded values found on the page); bids.csv tender_id=1267626 (2/2 recorded values found on the page); beneficial_owners.csv tender_id=1267626 (3/3 recorded values found on the page),"largest readable figure of each category in eligibility_criteria.csv over contract_value_taka in bids.csv, same tender_id, figures below the face-value floor excluded; band read from the quoted rule itself","High for the arithmetic, which is given in full in the Calculation column; the inputs are printed values.",
F-ELIG-03,"20 clauses in 17 notices print a sum of money that cannot be read off the page with certainty, and they are left unread rather than guessed at",UNRESOLVED,Tender Notice_PDFs/CDA_Tender_342502.pdf,1-3,"ministry: Ministry : Ministry of Housing and Public Works Division : || agency: Organization : Chittagong Development Authority Procuring Entity Name : Project Director(Rajib Das) || procuring_entity: Organization : Chittagong Development Authority Procuring Entity Name : Project Director(Rajib Das) || district: Procuring Entity Code : Procuring Entity District : Chattogram || city: Procuring Entity Code : Procuring Entity District : Chattogram || thana: Address of Official Inviting Address : CDA Building, Kotowali Contact details of Official Inviting Tender/Proposal : Phone No : 031-624401",tenders.csv tender_id=342502 (37/37 recorded values found on the page); eligibility_criteria.csv tender_id=342502 clause 1 (2/2 recorded values found on the page); eligibility_criteria.csv tender_id=342502 clause 2 (2/2 recorded values found on the page); eligibility_criteria.csv tender_id=342502 clause 3 (2/2 recorded values found on the page); eligibility_criteria.csv tender_id=342502 clause 4 (2/2 recorded values found on the page); lots.csv tender_id=342502 (6/6 recorded values found on the page); amendments.csv tender_id=342502 (2/2 recorded values found on the page),eligibility_criteria.csv where money_unresolved = yes; the reason for each is in money_reading,Certain that the supplied documents do not answer it. Nothing here asserts what the answer would be.,
F-ELIG-03,"20 clauses in 17 notices print a sum of money that cannot be read off the page with certainty, and they are left unread rather than guessed at",UNRESOLVED,Tender Notice_PDFs/CDA_Tender_425270.pdf,1-2,ministry: Ministry : Ministry of Housing and Public Works Division : || agency: Organization : Chittagong Development Authority Procuring Entity Name : Project Director (Saltgola) || procuring_entity: Organization : Chittagong Development Authority Procuring Entity Name : Project Director (Saltgola) || district: Procuring Entity Code : Procuring Entity District : Chattogram || city: Organization : Chittagong Development Authority Procuring Entity Name : Project Director (Saltgola) || thana: Tender/Proposal : Kotowali Circle Fax No :,tenders.csv tender_id=425270 (36/36 recorded values found on the page); eligibility_criteria.csv tender_id=425270 clause 1 (2/2 recorded values found on the page); eligibility_criteria.csv tender_id=425270 clause 2 (2/2 recorded values found on the page); eligibility_criteria.csv tender_id=425270 clause 3 (2/2 recorded values found on the page); eligibility_criteria.csv tender_id=425270 clause 4 (2/2 recorded values found on the page); eligibility_criteria.csv tender_id=425270 clause 5 (2/2 recorded values found on the page); eligibility_criteria.csv tender_id=425270 clause 6 (2/2 recorded values found on the page); eligibility_criteria.csv tender_id=425270 clause 7 (2/2 recorded values found on the page); lots.csv tender_id=425270 (4/6 recorded values found on the page),eligibility_criteria.csv where money_unresolved = yes; the reason for each is in money_reading,Certain that the supplied documents do not answer it. Nothing here asserts what the answer would be.,"2 value(s) are printed in another form - a reassembled table cell, or wording that differs - and are shown against the page in evidence_index.json"
F-ELIG-03,"20 clauses in 17 notices print a sum of money that cannot be read off the page with certainty, and they are left unread rather than guessed at",UNRESOLVED,Tender Notice_PDFs/CDA_Tender_436738.pdf,1-2,ministry: Ministry : Ministry of Housing and Public Works Division : || agency: Organization : Chittagong Development Authority Procuring Entity Name : Project Director (Saltgola) || procuring_entity: Organization : Chittagong Development Authority Procuring Entity Name : Project Director (Saltgola) || district: Procuring Entity Code : Procuring Entity District : Chattogram || city: Organization : Chittagong Development Authority Procuring Entity Name : Project Director (Saltgola) || thana: Tender/Proposal : Kotowali Circle Fax No :,tenders.csv tender_id=436738 (36/36 recorded values found on the page); eligibility_criteria.csv tender_id=436738 clause 1 (2/2 recorded values found on the page); eligibility_criteria.csv tender_id=436738 clause 2 (2/2 recorded values found on the page); eligibility_criteria.csv tender_id=436738 clause 3 (2/2 recorded values found on the page); eligibility_criteria.csv tender_id=436738 clause 4 (2/2 recorded values found on the page); eligibility_criteria.csv tender_id=436738 clause 5 (2/2 recorded values found on the page); eligibility_criteria.csv tender_id=436738 clause 6 (2/2 recorded values found on the page); eligibility_criteria.csv tender_id=436738 clause 7 (2/2 recorded values found on the page); lots.csv tender_id=436738 (4/6 recorded values found on the page),eligibility_criteria.csv where money_unresolved = yes; the reason for each is in money_reading,Certain that the supplied documents do not answer it. Nothing here asserts what the answer would be.,"2 value(s) are printed in another form - a reassembled table cell, or wording that differs - and are shown against the page in evidence_index.json"
F-ELIG-03,"20 clauses in 17 notices print a sum of money that cannot be read off the page with certainty, and they are left unread rather than guessed at",UNRESOLVED,Tender Notice_PDFs/CDA_Tender_527700.pdf,1-2,ministry: Ministry : Ministry of Housing and Public Works Division : || agency: Organization : Chittagong Development Authority Procuring Entity Name : Construction Division-1 || procuring_entity: Organization : Chittagong Development Authority Procuring Entity Name : Construction Division-1 || procuring_entity_code: Procuring Entity Code : 2001 Procuring Entity District : Chattogram || district: Procuring Entity Code : 2001 Procuring Entity District : Chattogram || city: Organization : Chittagong Development Authority Procuring Entity Name : Construction Division-1,tenders.csv tender_id=527700 (36/36 recorded values found on the page); eligibility_criteria.csv tender_id=527700 clause 1 (2/2 recorded values found on the page); eligibility_criteria.csv tender_id=527700 clause 2 (2/2 recorded values found on the page); eligibility_criteria.csv tender_id=527700 clause 3 (2/2 recorded values found on the page); eligibility_criteria.csv tender_id=527700 clause 4 (2/2 recorded values found on the page); eligibility_criteria.csv tender_id=527700 clause 5 (2/2 recorded values found on the page); eligibility_criteria.csv tender_id=527700 clause 6 (2/2 recorded values found on the page); eligibility_criteria.csv tender_id=527700 clause 7 (2/2 recorded values found on the page); lots.csv tender_id=527700 (5/6 recorded values found on the page),eligibility_criteria.csv where money_unresolved = yes; the reason for each is in money_reading,Certain that the supplied documents do not answer it. Nothing here asserts what the answer would be.,"1 value(s) are printed in another form - a reassembled table cell, or wording that differs - and are shown against the page in evidence_index.json"
F-OUT-01,"Of the 1150 tender notices, 700 say a contract was awarded, 135 were re-tendered or are to be, 46 were rejected, 26 cancelled and 183 print no outcome at all",DOCUMENTED FACT,Tender Notice_PDFs/CDA_Tender_863116.pdf,1-2,ministry: Ministry : Ministry of Housing and Public Works Division : || agency: Organization : Chittagong Development Authority Procuring Entity Name : Project Director (CDA Square) || procuring_entity: Organization : Chittagong Development Authority Procuring Entity Name : Project Director (CDA Square) || district: Procuring Entity Code : Procuring Entity District : Chattogram || city: Organization : Chittagong Development Authority Procuring Entity Name : Project Director (CDA Square) || thana: Tender/Proposal : Kotowali Circle Fax No :,tenders.csv tender_id=863116 (36/36 recorded values found on the page); eligibility_criteria.csv tender_id=863116 clause 1 (2/2 recorded values found on the page); eligibility_criteria.csv tender_id=863116 clause 2 (2/2 recorded values found on the page); eligibility_criteria.csv tender_id=863116 clause 3 (2/2 recorded values found on the page); lots.csv tender_id=863116 (5/6 recorded values found on the page),status column of tenders.csv against the presence of a tender_id in contracts.csv,High. The value is printed on the page named here and was re-read by a second extractor.,"1 value(s) are printed in another form - a reassembled table cell, or wording that differs - and are shown against the page in evidence_index.json"
F-OUT-01,"Of the 1150 tender notices, 700 say a contract was awarded, 135 were re-tendered or are to be, 46 were rejected, 26 cancelled and 183 print no outcome at all",DOCUMENTED FACT,Tender Notice_PDFs/KDA_Tender_179866.pdf,1-2,ministry: Ministry : Ministry of Housing and Public Works Division : || agency: Organization : Khulna Development Authority (KDA) Procuring Entity Name : Office of the Assistant Programmer || procuring_entity: Organization : Khulna Development Authority (KDA) Procuring Entity Name : Office of the Assistant Programmer || district: Organization : Khulna Development Authority (KDA) Procuring Entity Name : Office of the Assistant Programmer || city: Organization : Khulna Development Authority (KDA) Procuring Entity Name : Office of the Assistant Programmer || thana: Thana : Sonadanga,tenders.csv tender_id=179866 (36/36 recorded values found on the page); eligibility_criteria.csv tender_id=179866 clause 1 (2/2 recorded values found on the page); eligibility_criteria.csv tender_id=179866 clause 2 (2/2 recorded values found on the page); eligibility_criteria.csv tender_id=179866 clause 3 (2/2 recorded values found on the page); eligibility_criteria.csv tender_id=179866 clause 4 (2/2 recorded values found on the page); eligibility_criteria.csv tender_id=179866 clause 5 (2/2 recorded values found on the page); eligibility_criteria.csv tender_id=179866 clause 6 (2/2 recorded values found on the page); eligibility_criteria.csv tender_id=179866 clause 7 (2/2 recorded values found on the page); eligibility_criteria.csv tender_id=179866 clause 8 (2/2 recorded values found on the page); lots.csv tender_id=179866 (6/6 recorded values found on the page),status column of tenders.csv against the presence of a tender_id in contracts.csv,High. The value is printed on the page named here and was re-read by a second extractor.,
F-OUT-01,"Of the 1150 tender notices, 700 say a contract was awarded, 135 were re-tendered or are to be, 46 were rejected, 26 cancelled and 183 print no outcome at all",DOCUMENTED FACT,Tender Notice_PDFs/KDA_Tender_524780.pdf,1-2,ministry: Ministry : Ministry of Housing and Public Works Division : || agency: Organization : Khulna Development Authority (KDA) Procuring Entity Name : Office of the Assistant Programmer || procuring_entity: Organization : Khulna Development Authority (KDA) Procuring Entity Name : Office of the Assistant Programmer || district: Organization : Khulna Development Authority (KDA) Procuring Entity Name : Office of the Assistant Programmer || city: Organization : Khulna Development Authority (KDA) Procuring Entity Name : Office of the Assistant Programmer || thana: Thana : Sonadanga,tenders.csv tender_id=524780 (35/35 recorded values found on the page); eligibility_criteria.csv tender_id=524780 clause 1 (2/2 recorded values found on the page); eligibility_criteria.csv tender_id=524780 clause 2 (2/2 recorded values found on the page); eligibility_criteria.csv tender_id=524780 clause 3 (2/2 recorded values found on the page); eligibility_criteria.csv tender_id=524780 clause 4 (2/2 recorded values found on the page); eligibility_criteria.csv tender_id=524780 clause 5 (2/2 recorded values found on the page); eligibility_criteria.csv tender_id=524780 clause 6 (2/2 recorded values found on the page); lots.csv tender_id=524780 (6/6 recorded values found on the page),status column of tenders.csv against the presence of a tender_id in contracts.csv,High. The value is printed on the page named here and was re-read by a second extractor.,
F-OUT-01,"Of the 1150 tender notices, 700 say a contract was awarded, 135 were re-tendered or are to be, 46 were rejected, 26 cancelled and 183 print no outcome at all",DOCUMENTED FACT,Contract_Awards_PDFs/Tender_95841.pdf,1-1,"award_ministry: Ministry/Division: Local Government Division || award_agency: Agency: Zilla Parishad, Sirajganj || award_procuring_entity: Procuring Entity Name: Zila Parishad, Sirajganj || award_district: Agency: Zilla Parishad, Sirajganj || award_for: Contract Award for: Works || award_method: Procurement Method: LTM",contracts.csv tender_id=95841 (29/29 recorded values found on the page); bids.csv tender_id=95841 (5/5 recorded values found on the page),status column of tenders.csv against the presence of a tender_id in contracts.csv,High. The value is printed on the page named here and was re-read by a second extractor.,
F-OUT-02,207 tenders ended without a contract and not one of them prints why,UNRESOLVED,Tender Notice_PDFs/CDA_Tender_1006947.pdf,1-2,"ministry: Ministry : Ministry of Housing and Public Works Division : || agency: Organization : Chittagong Development Authority Procuring Entity Name : Project Director(M.Uddin), Chittagong || district: Procuring Entity Code : Procuring Entity District : Chattogram || city: Organization : Chittagong Development Authority Procuring Entity Name : Project Director(M.Uddin), Chittagong || country: Country : Bangladesh || phone: Address of Official Inviting Address : CDA Building Contact details of Official Inviting Tender/Proposal : Phone No : 031-624401",tenders.csv tender_id=1006947 (37/37 recorded values found on the page); eligibility_criteria.csv tender_id=1006947 clause 1 (2/2 recorded values found on the page); eligibility_criteria.csv tender_id=1006947 clause 2 (2/2 recorded values found on the page); eligibility_criteria.csv tender_id=1006947 clause 3 (2/2 recorded values found on the page); eligibility_criteria.csv tender_id=1006947 clause 4 (2/2 recorded values found on the page); eligibility_criteria.csv tender_id=1006947 clause 5 (2/2 recorded values found on the page); eligibility_criteria.csv tender_id=1006947 clause 6 (2/2 recorded values found on the page); eligibility_criteria.csv tender_id=1006947 clause 7 (2/2 recorded values found on the page); lots.csv tender_id=1006947 (5/6 recorded values found on the page); amendments.csv tender_id=1006947 (2/2 recorded values found on the page),"tenders.csv where status is Rejected, Cancelled, Re-Tendered or To be Re-Tendered; no column in any table carries a ground for the outcome",Certain that the supplied documents do not answer it. Nothing here asserts what the answer would be.,"1 value(s) are printed in another form - a reassembled table cell, or wording that differs - and are shown against the page in evidence_index.json"
F-OUT-02,207 tenders ended without a contract and not one of them prints why,UNRESOLVED,Tender Notice_PDFs/CDA_Tender_1023323.pdf,1-2,ministry: Ministry : Ministry of Housing and Public Works Division : || agency: Organization : Chittagong Development Authority Procuring Entity Name : Project Director (CDA Square) || procuring_entity: Organization : Chittagong Development Authority Procuring Entity Name : Project Director (CDA Square) || district: Procuring Entity Code : Procuring Entity District : Chattogram || city: Organization : Chittagong Development Authority Procuring Entity Name : Project Director (CDA Square) || thana: Tender/Proposal : Kotowali Circle Fax No :,tenders.csv tender_id=1023323 (36/36 recorded values found on the page); eligibility_criteria.csv tender_id=1023323 clause 1 (2/2 recorded values found on the page); eligibility_criteria.csv tender_id=1023323 clause 2 (2/2 recorded values found on the page); eligibility_criteria.csv tender_id=1023323 clause 3 (2/2 recorded values found on the page); lots.csv tender_id=1023323 (5/6 recorded values found on the page),"tenders.csv where status is Rejected, Cancelled, Re-Tendered or To be Re-Tendered; no column in any table carries a ground for the outcome",Certain that the supplied documents do not answer it. Nothing here asserts what the answer would be.,"1 value(s) are printed in another form - a reassembled table cell, or wording that differs - and are shown against the page in evidence_index.json"
F-OUT-02,207 tenders ended without a contract and not one of them prints why,UNRESOLVED,Tender Notice_PDFs/CDA_Tender_1129166.pdf,1-2,ministry: Ministry : Ministry of Housing and Public Works Division : || agency: Organization : Chittagong Development Authority Procuring Entity Name : Management Information System (MIS) || procuring_entity: Organization : Chittagong Development Authority Procuring Entity Name : Management Information System (MIS) || district: Procuring Entity Code : Procuring Entity District : Chattogram || city: Organization : Chittagong Development Authority Procuring Entity Name : Management Information System (MIS) || country: Country : Bangladesh,tenders.csv tender_id=1129166 (36/36 recorded values found on the page); eligibility_criteria.csv tender_id=1129166 clause 1 (2/2 recorded values found on the page); eligibility_criteria.csv tender_id=1129166 clause 2 (2/2 recorded values found on the page); lots.csv tender_id=1129166 (6/6 recorded values found on the page),"tenders.csv where status is Rejected, Cancelled, Re-Tendered or To be Re-Tendered; no column in any table carries a ground for the outcome",Certain that the supplied documents do not answer it. Nothing here asserts what the answer would be.,
F-OUT-02,207 tenders ended without a contract and not one of them prints why,UNRESOLVED,Tender Notice_PDFs/CDA_Tender_1287229.pdf,1-2,ministry: Ministry : Ministry of Housing and Public Works Division : || agency: Organization : Chittagong Development Authority Procuring Entity Name : Project Director (Master Plan) || procuring_entity: Organization : Chittagong Development Authority Procuring Entity Name : Project Director (Master Plan) || district: Procuring Entity Code : Procuring Entity District : Chattogram || city: Organization : Chittagong Development Authority Procuring Entity Name : Project Director (Master Plan) || thana: Tender/Proposal : Kotowali Circle Fax No :,tenders.csv tender_id=1287229 (36/36 recorded values found on the page); eligibility_criteria.csv tender_id=1287229 clause 1 (2/2 recorded values found on the page); eligibility_criteria.csv tender_id=1287229 clause 2 (2/2 recorded values found on the page); eligibility_criteria.csv tender_id=1287229 clause 3 (2/2 recorded values found on the page); eligibility_criteria.csv tender_id=1287229 clause 4 (2/2 recorded values found on the page); eligibility_criteria.csv tender_id=1287229 clause 5 (2/2 recorded values found on the page); eligibility_criteria.csv tender_id=1287229 clause 6 (2/2 recorded values found on the page); eligibility_criteria.csv tender_id=1287229 clause 7 (2/2 recorded values found on the page); eligibility_criteria.csv tender_id=1287229 clause 8 (2/2 recorded values found on the page); eligibility_criteria.csv tender_id=1287229 clause 9 (2/2 recorded values found on the page); eligibility_criteria.csv tender_id=1287229 clause 10 (2/2 recorded values found on the page); eligibility_criteria.csv tender_id=1287229 clause 11 (2/2 recorded values found on the page); lots.csv tender_id=1287229 (5/6 recorded values found on the page),"tenders.csv where status is Rejected, Cancelled, Re-Tendered or To be Re-Tendered; no column in any table carries a ground for the outcome",Certain that the supplied documents do not answer it. Nothing here asserts what the answer would be.,"1 value(s) are printed in another form - a reassembled table cell, or wording that differs - and are shown against the page in evidence_index.json"
F-MONEY-01,"309 firms are named as winners across 645 award notices worth 3723.68 crore taka, and 9 of them - 2.9% - account for half of it",DOCUMENTED FACT,Contract_Awards_PDFs/Tender_538256.pdf,1-1,award_ministry: Ministry/Division: Ministry of Housing and Public Works || award_agency: Agency: Chittagong Development Authority || award_procuring_entity: Procuring Entity Name: Project Director (CCORRP) || award_district: Procuring Entity District: Chattogram || award_for: Ministry/Division: Ministry of Housing and Public Works || award_method: Procurement Method: OTM,contracts.csv tender_id=538256 (29/29 recorded values found on the page); bids.csv tender_id=538256 (5/5 recorded values found on the page),"sum of contract_value_taka in contracts.csv grouped by winner_id, as carried into companies.csv",High. The value is printed on the page named here and was re-read by a second extractor.,
F-MONEY-01,"309 firms are named as winners across 645 award notices worth 3723.68 crore taka, and 9 of them - 2.9% - account for half of it",DOCUMENTED FACT,Contract_Awards_PDFs/Tender_735107.pdf,1-1,"award_ministry: Ministry/Division: Ministry of Housing and Public Works || award_agency: Agency: Chittagong Development Authority || award_procuring_entity: Procuring Entity Name: Project Director(KK Newaz), Chittagong Development Authority || award_district: Procuring Entity District: Chattogram || award_for: Ministry/Division: Ministry of Housing and Public Works || award_method: Procurement Method: OTM",contracts.csv tender_id=735107 (29/29 recorded values found on the page); bids.csv tender_id=735107 (5/5 recorded values found on the page),"sum of contract_value_taka in contracts.csv grouped by winner_id, as carried into companies.csv",High. The value is printed on the page named here and was re-read by a second extractor.,
F-MONEY-01,"309 firms are named as winners across 645 award notices worth 3723.68 crore taka, and 9 of them - 2.9% - account for half of it",DOCUMENTED FACT,Contract_Awards_PDFs/Tender_775105.pdf,1-1,award_ministry: Ministry/Division: Ministry of Housing and Public Works || award_agency: Agency: Chittagong Development Authority || award_procuring_entity: Procuring Entity Name: Project Director(Rajib Das) || award_district: Procuring Entity District: Chattogram || award_for: Ministry/Division: Ministry of Housing and Public Works || award_method: Procurement Method: OTM,contracts.csv tender_id=775105 (29/29 recorded values found on the page); bids.csv tender_id=775105 (5/5 recorded values found on the page),"sum of contract_value_taka in contracts.csv grouped by winner_id, as carried into companies.csv",High. The value is printed on the page named here and was re-read by a second extractor.,
F-MONEY-02,"68 of the 309 winning firms won from more than one procuring entity, and one won from 7",DATA-DERIVED FINDING,Contract_Awards_PDFs/Tender_1000945.pdf,1-1,"award_ministry: Ministry/Division: Ministry of Housing and Public Works || award_agency: Agency: Rajdhani Unnayan Kartripakkha (RAJUK) || award_district: Dhanmondi, Dhaka. || award_for: Ministry/Division: Ministry of Housing and Public Works || award_method: Procurement Method: OTM || award_source_of_funds: Budget and Source of Funds: Own Fund Own Fund",contracts.csv tender_id=1000945 (29/29 recorded values found on the page); bids.csv tender_id=1000945 (5/5 recorded values found on the page),"procuring_entity_count in companies.csv, built from distinct award_procuring_entity_id per winner_id in contracts.csv","High for the arithmetic, which is given in full in the Calculation column; the inputs are printed values.",
F-MONEY-02,"68 of the 309 winning firms won from more than one procuring entity, and one won from 7",DATA-DERIVED FINDING,Contract_Awards_PDFs/Tender_1081213.pdf,1-1,award_ministry: Ministry/Division: Ministry of Housing and Public Works || award_agency: Agency: Rajdhani Unnayan Kartripakkha (RAJUK) || award_procuring_entity: Procuring Entity Name: Superintending Engineer (Civil Circle-4) || award_district: Procuring Entity District: Dhaka || award_for: Ministry/Division: Ministry of Housing and Public Works || award_method: Procurement Method: OTM,contracts.csv tender_id=1081213 (29/29 recorded values found on the page); bids.csv tender_id=1081213 (5/5 recorded values found on the page),"procuring_entity_count in companies.csv, built from distinct award_procuring_entity_id per winner_id in contracts.csv","High for the arithmetic, which is given in full in the Calculation column; the inputs are printed values.",
F-MONEY-02,"68 of the 309 winning firms won from more than one procuring entity, and one won from 7",DATA-DERIVED FINDING,Contract_Awards_PDFs/Tender_199891.pdf,1-1,award_ministry: Ministry/Division: Ministry of Housing and Public Works || award_agency: Agency: Rajdhani Unnayan Kartripakkha (RAJUK) || award_procuring_entity: Procuring Entity Name: Office of the Chief Engineer (Implementation) || award_procuring_entity_code: Procuring Entity Code: CE-01 || award_district: Procuring Entity District: Dhaka || award_for: Ministry/Division: Ministry of Housing and Public Works,contracts.csv tender_id=199891 (30/30 recorded values found on the page); bids.csv tender_id=199891 (5/5 recorded values found on the page),"procuring_entity_count in companies.csv, built from distinct award_procuring_entity_id per winner_id in contracts.csv","High for the arithmetic, which is given in full in the Calculation column; the inputs are printed values.",
F-CONN-01,"34 of the 309 winning firms declare who owns them, and no person named in those declarations is declared an owner of more than one of them",UNRESOLVED,Contract_Awards_PDFs/Tender_1097226.pdf,1-1,award_ministry: Ministry/Division: Ministry of Housing and Public Works || award_agency: Agency: Rajdhani Unnayan Kartripakkha (RAJUK) || award_procuring_entity: Procuring Entity Name: Office of the Superintending Engineer (Electrical) || award_district: Procuring Entity District: Dhaka || award_for: Contract Award for: Goods || award_method: Procurement Method: OTM,contracts.csv tender_id=1097226 (24/24 recorded values found on the page); bids.csv tender_id=1097226 (2/2 recorded values found on the page); beneficial_owners.csv tender_id=1097226 (3/3 recorded values found on the page),"beneficial_owners.csv grouped by owner_name, placeholder values excluded, against the winner count in companies.csv",Certain that the supplied documents do not answer it. Nothing here asserts what the answer would be.,
F-CONN-01,"34 of the 309 winning firms declare who owns them, and no person named in those declarations is declared an owner of more than one of them",UNRESOLVED,Contract_Awards_PDFs/Tender_1097756.pdf,1-1,award_ministry: Ministry/Division: Ministry of Housing and Public Works || award_agency: Agency: Rajdhani Unnayan Kartripakkha (RAJUK) || award_procuring_entity: Procuring Entity Name: Office of the Superintending Engineer (Electrical) || award_district: Procuring Entity District: Dhaka || award_for: Ministry/Division: Ministry of Housing and Public Works || award_method: Procurement Method: OTM,contracts.csv tender_id=1097756 (29/29 recorded values found on the page); bids.csv tender_id=1097756 (5/5 recorded values found on the page); beneficial_owners.csv tender_id=1097756 (3/3 recorded values found on the page),"beneficial_owners.csv grouped by owner_name, placeholder values excluded, against the winner count in companies.csv",Certain that the supplied documents do not answer it. Nothing here asserts what the answer would be.,
F-CONN-01,"34 of the 309 winning firms declare who owns them, and no person named in those declarations is declared an owner of more than one of them",UNRESOLVED,Contract_Awards_PDFs/Tender_1123494.pdf,1-1,award_ministry: Ministry/Division: Ministry of Housing and Public Works || award_agency: Agency: Rajdhani Unnayan Kartripakkha (RAJUK) || award_procuring_entity: Procuring Entity Name: Superintending Engineer (Civil Circle-1) || award_district: Procuring Entity District: Dhaka || award_for: Ministry/Division: Ministry of Housing and Public Works || award_method: Procurement Method: OTM,contracts.csv tender_id=1123494 (29/29 recorded values found on the page); bids.csv tender_id=1123494 (5/5 recorded values found on the page); beneficial_owners.csv tender_id=1123494 (3/3 recorded values found on the page),"beneficial_owners.csv grouped by owner_name, placeholder values excluded, against the winner count in companies.csv",Certain that the supplied documents do not answer it. Nothing here asserts what the answer would be.,
F-CONN-02,10 printed addresses in the archive are shared by more than one named firm; 8 of the 10 involve a joint venture printed at its partner's address,POSSIBLE CONNECTION,Contract_Awards_PDFs/Tender_1008542.pdf,1-1,award_ministry: Ministry/Division: Ministry of Housing and Public Works || award_agency: Agency: Rajdhani Unnayan Kartripakkha (RAJUK) || award_procuring_entity: Procuring Entity Name: Purbachal New Town Project || award_district: Procuring Entity District: Dhaka || award_for: Ministry/Division: Ministry of Housing and Public Works || award_method: Procurement Method: OTM,contracts.csv tender_id=1008542 (29/29 recorded values found on the page); bids.csv tender_id=1008542 (5/5 recorded values found on the page),"addresses_printed in companies.csv, whitespace and case folded, grouped where more than one company id shares one string",The shared value is certain. The relationship it suggests is not established by any supplied document.,
F-CONN-02,10 printed addresses in the archive are shared by more than one named firm; 8 of the 10 involve a joint venture printed at its partner's address,POSSIBLE CONNECTION,Contract_Awards_PDFs/Tender_1060380.pdf,1-1,award_ministry: Ministry/Division: Ministry of Housing and Public Works || award_agency: Agency: Rajdhani Unnayan Kartripakkha (RAJUK) || award_procuring_entity: Procuring Entity Name: Development of Residential and commercial Infrastructure at Jhilmil Residential Project Area || award_district: Procuring Entity District: Dhaka || award_for: Ministry/Division: Ministry of Housing and Public Works || award_method: Procurement Method: OTM,contracts.csv tender_id=1060380 (29/29 recorded values found on the page); bids.csv tender_id=1060380 (5/5 recorded values found on the page),"addresses_printed in companies.csv, whitespace and case folded, grouped where more than one company id shares one string",The shared value is certain. The relationship it suggests is not established by any supplied document.,
F-CONN-02,10 printed addresses in the archive are shared by more than one named firm; 8 of the 10 involve a joint venture printed at its partner's address,POSSIBLE CONNECTION,Contract_Awards_PDFs/Tender_1069564.pdf,1-1,award_ministry: Ministry/Division: Ministry of Housing and Public Works || award_agency: Agency: Rajdhani Unnayan Kartripakkha (RAJUK) || award_procuring_entity: Procuring Entity Name: Purbachal New Town Project || award_district: Procuring Entity District: Dhaka || award_for: Ministry/Division: Ministry of Housing and Public Works || award_method: Procurement Method: OTM,contracts.csv tender_id=1069564 (29/29 recorded values found on the page); bids.csv tender_id=1069564 (5/5 recorded values found on the page),"addresses_printed in companies.csv, whitespace and case folded, grouped where more than one company id shares one string",The shared value is certain. The relationship it suggests is not established by any supplied document.,
F-CONN-02,10 printed addresses in the archive are shared by more than one named firm; 8 of the 10 involve a joint venture printed at its partner's address,POSSIBLE CONNECTION,Contract_Awards_PDFs/Tender_1083479.pdf,1-1,award_ministry: Ministry/Division: Ministry of Housing and Public Works || award_agency: Agency: Rajdhani Unnayan Kartripakkha (RAJUK) || award_procuring_entity: Procuring Entity Name: Office of the Superintending Engineer (Electrical) || award_district: Procuring Entity District: Dhaka || award_for: Ministry/Division: Ministry of Housing and Public Works || award_method: Procurement Method: OTM,contracts.csv tender_id=1083479 (29/29 recorded values found on the page); bids.csv tender_id=1083479 (5/5 recorded values found on the page),"addresses_printed in companies.csv, whitespace and case folded, grouped where more than one company id shares one string",The shared value is certain. The relationship it suggests is not established by any supplied document.,
F-CONN-03,"219 pairs of names in this archive resemble each other closely enough to be worth checking, and 0 were merged",POSSIBLE CONNECTION,Contract_Awards_PDFs/Tender_1001460.pdf,1-1,award_ministry: Ministry/Division: Ministry of Housing and Public Works || award_agency: Agency: Rajdhani Unnayan Kartripakkha (RAJUK) || award_procuring_entity: Procuring Entity Name: Office of the Superintending Engineer (Mechanical) || award_district: Procuring Entity District: Dhaka || award_for: Ministry/Division: Ministry of Housing and Public Works || award_method: Procurement Method: OTM,contracts.csv tender_id=1001460 (29/29 recorded values found on the page); bids.csv tender_id=1001460 (5/5 recorded values found on the page),"name_candidate_pairs.csv, written by the dataset stage and left unmerged; the audit re-checks that merged is no on every row",The shared value is certain. The relationship it suggests is not established by any supplied document.,
F-CONN-03,"219 pairs of names in this archive resemble each other closely enough to be worth checking, and 0 were merged",POSSIBLE CONNECTION,Contract_Awards_PDFs/Tender_1001461.pdf,1-1,award_ministry: Ministry/Division: Ministry of Housing and Public Works || award_agency: Agency: Rajdhani Unnayan Kartripakkha (RAJUK) || award_procuring_entity: Procuring Entity Name: Office of the Superintending Engineer (Mechanical) || award_district: Procuring Entity District: Dhaka || award_for: Ministry/Division: Ministry of Housing and Public Works || award_method: Procurement Method: OTM,contracts.csv tender_id=1001461 (29/29 recorded values found on the page); bids.csv tender_id=1001461 (5/5 recorded values found on the page),"name_candidate_pairs.csv, written by the dataset stage and left unmerged; the audit re-checks that merged is no on every row",The shared value is certain. The relationship it suggests is not established by any supplied document.,
F-CONN-03,"219 pairs of names in this archive resemble each other closely enough to be worth checking, and 0 were merged",POSSIBLE CONNECTION,Contract_Awards_PDFs/Tender_1008545.pdf,1-1,award_ministry: Ministry/Division: Ministry of Housing and Public Works || award_agency: Agency: Rajdhani Unnayan Kartripakkha (RAJUK) || award_procuring_entity: Procuring Entity Name: Purbachal New Town Project || award_district: Procuring Entity District: Dhaka || award_for: Ministry/Division: Ministry of Housing and Public Works || award_method: Procurement Method: OTM,contracts.csv tender_id=1008545 (29/29 recorded values found on the page); bids.csv tender_id=1008545 (5/5 recorded values found on the page),"name_candidate_pairs.csv, written by the dataset stage and left unmerged; the audit re-checks that merged is no on every row",The shared value is certain. The relationship it suggests is not established by any supplied document.,
F-CONN-03,"219 pairs of names in this archive resemble each other closely enough to be worth checking, and 0 were merged",POSSIBLE CONNECTION,Contract_Awards_PDFs/Tender_1082495.pdf,1-1,award_ministry: Ministry/Division: Ministry of Housing and Public Works || award_agency: Agency: Rajdhani Unnayan Kartripakkha (RAJUK) || award_procuring_entity: Procuring Entity Name: Superintending Engineer (Civil Circle-4) || award_district: Procuring Entity District: Dhaka || award_for: Ministry/Division: Ministry of Housing and Public Works || award_method: Procurement Method: OTM,contracts.csv tender_id=1082495 (29/29 recorded values found on the page); bids.csv tender_id=1082495 (5/5 recorded values found on the page),"name_candidate_pairs.csv, written by the dataset stage and left unmerged; the audit re-checks that merged is no on every row",The shared value is certain. The relationship it suggests is not established by any supplied document.,
F-SIGNAL-01,"908 of the 1151 tenders carry at least one of the 10 printed observations this investigation can check, and 9 carry four or more",DATA-DERIVED FINDING,Tender Notice_PDFs/CDA_Tender_436738.pdf,1-2,ministry: Ministry : Ministry of Housing and Public Works Division : || agency: Organization : Chittagong Development Authority Procuring Entity Name : Project Director (Saltgola) || procuring_entity: Organization : Chittagong Development Authority Procuring Entity Name : Project Director (Saltgola) || district: Procuring Entity Code : Procuring Entity District : Chattogram || city: Organization : Chittagong Development Authority Procuring Entity Name : Project Director (Saltgola) || thana: Tender/Proposal : Kotowali Circle Fax No :,tenders.csv tender_id=436738 (36/36 recorded values found on the page); eligibility_criteria.csv tender_id=436738 clause 1 (2/2 recorded values found on the page); eligibility_criteria.csv tender_id=436738 clause 2 (2/2 recorded values found on the page); eligibility_criteria.csv tender_id=436738 clause 3 (2/2 recorded values found on the page); eligibility_criteria.csv tender_id=436738 clause 4 (2/2 recorded values found on the page); eligibility_criteria.csv tender_id=436738 clause 5 (2/2 recorded values found on the page); eligibility_criteria.csv tender_id=436738 clause 6 (2/2 recorded values found on the page); eligibility_criteria.csv tender_id=436738 clause 7 (2/2 recorded values found on the page); lots.csv tender_id=436738 (4/6 recorded values found on the page),"one row per tender in tenders.csv; each signal is the predicate printed beside it, evaluated over tenders.csv, bids.csv and eligibility_criteria.csv","High for the arithmetic, which is given in full in the Calculation column; the inputs are printed values.","2 value(s) are printed in another form - a reassembled table cell, or wording that differs - and are shown against the page in evidence_index.json"
F-SIGNAL-01,"908 of the 1151 tenders carry at least one of the 10 printed observations this investigation can check, and 9 carry four or more",DATA-DERIVED FINDING,Tender Notice_PDFs/CDA_Tender_538256.pdf,1-2,ministry: Ministry : Ministry of Housing and Public Works Division : || agency: Organization : Chittagong Development Authority Procuring Entity Name : Project Director (CCORRP) || procuring_entity: Organization : Chittagong Development Authority Procuring Entity Name : Project Director (CCORRP) || district: Procuring Entity Code : Procuring Entity District : Chattogram || city: Organization : Chittagong Development Authority Procuring Entity Name : Project Director (CCORRP) || thana: Tender/Proposal : Kotowali Circle Fax No :,tenders.csv tender_id=538256 (37/37 recorded values found on the page); eligibility_criteria.csv tender_id=538256 clause 1 (2/2 recorded values found on the page); eligibility_criteria.csv tender_id=538256 clause 2 (2/2 recorded values found on the page); eligibility_criteria.csv tender_id=538256 clause 3 (2/2 recorded values found on the page); eligibility_criteria.csv tender_id=538256 clause 4 (2/2 recorded values found on the page); lots.csv tender_id=538256 (4/6 recorded values found on the page),"one row per tender in tenders.csv; each signal is the predicate printed beside it, evaluated over tenders.csv, bids.csv and eligibility_criteria.csv","High for the arithmetic, which is given in full in the Calculation column; the inputs are printed values.","2 value(s) are printed in another form - a reassembled table cell, or wording that differs - and are shown against the page in evidence_index.json"
F-SIGNAL-01,"908 of the 1151 tenders carry at least one of the 10 printed observations this investigation can check, and 9 carry four or more",DATA-DERIVED FINDING,Tender Notice_PDFs/CDA_Tender_780102.pdf,1-2,"ministry: Ministry : Ministry of Housing and Public Works Division : || agency: Organization : Chittagong Development Authority Procuring Entity Name : Management Information System (MIS) || procuring_entity: Organization : Chittagong Development Authority Procuring Entity Name : Management Information System (MIS) || district: Procuring Entity Code : Procuring Entity District : Chattogram || city: Organization : Chittagong Development Authority Procuring Entity Name : Management Information System (MIS) || thana: Kotowali,",tenders.csv tender_id=780102 (36/36 recorded values found on the page); eligibility_criteria.csv tender_id=780102 clause 1 (2/2 recorded values found on the page); eligibility_criteria.csv tender_id=780102 clause 2 (2/2 recorded values found on the page); eligibility_criteria.csv tender_id=780102 clause 3 (2/2 recorded values found on the page); eligibility_criteria.csv tender_id=780102 clause 4 (2/2 recorded values found on the page); lots.csv tender_id=780102 (5/6 recorded values found on the page),"one row per tender in tenders.csv; each signal is the predicate printed beside it, evaluated over tenders.csv, bids.csv and eligibility_criteria.csv","High for the arithmetic, which is given in full in the Calculation column; the inputs are printed values.","1 value(s) are printed in another form - a reassembled table cell, or wording that differs - and are shown against the page in evidence_index.json"
F-SIGNAL-01,"908 of the 1151 tenders carry at least one of the 10 printed observations this investigation can check, and 9 carry four or more",DATA-DERIVED FINDING,Tender Notice_PDFs/KDA_Tender_581310.pdf,1-2,ministry: Ministry : Ministry of Housing and Public Works Division : || agency: Organization : Khulna Development Authority (KDA) Procuring Entity Name : Office of Exen (works) || procuring_entity: Organization : Khulna Development Authority (KDA) Procuring Entity Name : Office of Exen (works) || district: Organization : Khulna Development Authority (KDA) Procuring Entity Name : Office of Exen (works) || city: Organization : Khulna Development Authority (KDA) Procuring Entity Name : Office of Exen (works) || thana: Thana : Sonadanga,tenders.csv tender_id=581310 (36/36 recorded values found on the page); eligibility_criteria.csv tender_id=581310 clause 1 (2/2 recorded values found on the page); lots.csv tender_id=581310 (6/6 recorded values found on the page),"one row per tender in tenders.csv; each signal is the predicate printed beside it, evaluated over tenders.csv, bids.csv and eligibility_criteria.csv","High for the arithmetic, which is given in full in the Calculation column; the inputs are printed values.",
