tender_id,source_file,page,amendment_no,field,old_value,new_value,value_changed,old_chars,new_chars
100483,Tender Notice_PDFs/CDA_Tender_100483.pdf,2,1,Eligibility of Consultant,"# The minimum number of years of general experience of the Tenderer in the construction works as Prime Contractor or Subcontractor or Management Contractor shall be 05 years. # The minimum specific experience as a Prime Contractor in construction works of at least 01 (One) Contract of similar nature of works within the last 05 years, with a value of at least Tk. 400 Lacs. # The required average annual construction turnover shall be greater than Tk. 20.00 Corers over in the last 05 years. # The minimum amount of liquid assets i.e working capital or credit line(s) of the Tenderers shall be Tk. 150 lacs. # Others qualifications as stated in TDS # If the total quoted price is more than 10% (ten percent) less/above than the Offiial Cost, the tender shall be evaluated as Non- Responsive.","# The minimum number of years of general experience of the Tenderer in the construction works as Prime Contractor or Subcontractor or Management Contractor shall be 05 years. # The minimum specific experience as a Prime Contractor in construction works of at least 01 (One) Contract of works within the last 05 years, with a value of at least Tk. 400 Lacs. # The required average annual construction turnover shall be greater than Tk. 4.00 Corers over in the last 05 years. # The minimum amount of liquid assets i.e working capital or credit line(s) of the Tenderers shall be Tk. 150 lacs. # Others qualifications as stated in TDS # If the total quoted price is more than 10% (ten percent) less/above than the Offiial Cost, the tender shall be evaluated as Non- Responsive.",yes,792,773
100483,Tender Notice_PDFs/CDA_Tender_100483.pdf,2,1,TDS/PDS--C. Qualification Criteria--,"# The minimum number of years of general experience of the Tenderer in the construction works as Prime Contractor or Subcontractor or Management Contractor shall be 05 years. # The minimum specific experience as a Prime Contractor in construction works of at least 01 (One) Contract of similar nature of works within the last 05 years, with a value of at least Tk. 400 Lacs. # The required average annual construction turnover shall be greater than Tk. 20.00 Corers over in the last 05 years. # The minimum amount of liquid assets i.e working capital or credit line(s) of the Tenderers shall be Tk. 150 lacs. # Others qualifications as stated in TDS # If the total quoted price is more than 10% (ten percent) less/above than the Offiial Cost, the tender shall be evaluated as Non- Responsive.","# The minimum number of years of general experience of the Tenderer in the construction works as Prime Contractor or Subcontractor or Management Contractor shall be 05 years. # The minimum specific experience as a Prime Contractor in construction works of at least 01 (One) Contract works within the last 05 years, with a value of at least Tk. 400 Lacs. # The required average annual construction turnover shall be greater than Tk. 4.00 Corers over in the last 05 years. # The minimum amount of liquid assets i.e working capital or credit line(s) of the Tenderers shall be Tk. 150 lacs. # Others qualifications as stated in TDS # If the total quoted price is more than 10% (ten percent) less/above than the Offiial Cost, the tender shall be evaluated as Non- Responsive.",yes,792,770
100483,Tender Notice_PDFs/CDA_Tender_100483.pdf,2,1,TDS/PDS--C. Qualification Criteria--,The required average annual construction turnover shall be greater than Tk 20 crore over the last 05 years.,The required average annual construction turnover shall be greater than Tk 4.00 crore over the last 05 years.,yes,107,109
1006947,Tender Notice_PDFs/CDA_Tender_1006947.pdf,2,1,Eligibility of Consultant,"1. The minimum number of years of general experience of the Tenderer in the construction works shall be 5 (Five) years. 2. The minimum specific experience in Similar works of at least 1(One) contract(s) of Public (Government, Semi Government & Autonomous) Furniture Materials successfully Supply completed within the last 3 (Three) years in each with a value of at least Tk.22 (Twenty Two) Lacs. 3. The required average annual construction turnover shall be greater than Tk 1 (One) Crore over the last 5 (Five) years. 4. The minimum amount of liquid assets i.e. working capital or credit line(s) of the Tenderer shall be Tk 20 (Twenty) Lac. 5. Tender Document containing insufficient / incomplete information will be rejected. 6. Furnishing of any false, Fake & forged document or information by a tender shall result in rejection of his tender and may lead to forfeiture of tender Secuirity and action againist tender under reguler of PPA 2008","1. The minimum number of years of general experience of the Tenderer in the construction works shall be 5 (Five) years. 2. The minimum specific experience in Similar works of at least 1(One) contract(s) of Public (Government, Semi Government & Autonomous) Furniture Materials successfully Supply completed within the last 3 (Three) years in each with a value of at least Tk.22 (Twenty Two) Lacs. 3. The required average annual construction turnover shall be greater than Tk 1 (One) Crore over the last 5 (Five) years. 4. The minimum amount of liquid assets i.e. working capital or credit line(s) of the Tenderer shall be Tk 20 (Twenty) Lac. 5. Tender Document containing insufficient / incomplete information will be rejected. 6. Furnishing of any false, Fake & forged document or information by a tender shall result in rejection of his tender and may lead to forfeiture of tender Secuirity and action againist tender under reguler of PPA 2008 7. The Tenderer shall qoute the rate including VAT and TAX( Total 25%)",yes,944,1015
1006947,Tender Notice_PDFs/CDA_Tender_1006947.pdf,2,1,"Brief Description of Goods,Works or Service","Supply Furniture Materials for CDA Chairman Banglow at CDA Hill, Chattogram.","Supply Furniture Materials for CDA Chairman Banglow at CDA Hill, Chattogram.",no,76,76
235131,Tender Notice_PDFs/CDA_Tender_235131.pdf,2,1,Eligibility of Consultant,"1. The minimum number of years of general experience of the Tenderer in the construction works shall be 5 (Five) years. 2. The minimum specific experience in construction works of at least 1(One) contract(s) of Public ( Government, Semi Government & Autonomous) Building Construction successfully completed within the last 5 (Five) years in each with a value of at least Tk. 15 (Fifteen) Lacs. 3. The required average annual construction turnover shall be greater than Tk 30 (Thirty) Lacs over the last 05 (Five) years. 4. The minimum amount of liquid assets i.e. working capital or credit line(s) of the Tenderer shall be Tk 12 (Twelve) Lac. 5. Tender Document containing insufficient/Â incomplete information will be rejected. 6. Furnishing of any false, Fake & forged document or information by a tender shall result in rejection of his tender and may lead to forfeiture of tender Secuirity and action againist tender under reguler of PPA 2008 7. If Quated Rate is found more thane 10 (Ten) % above or below Estimated cost, Tender will be Non-Respnsive","1. The minimum number of years of general experience of the Tenderer in the construction works shall be 5 (Five) years. 2. The minimum specific experience in construction works of at least 1(One) contract(s) of Public ( Government, Semi Government & Autonomous) Building Construction successfully completed within the last 5 (Five) years in each with a value of at least Tk. 15 (Fifteen) Lacs. 3. The required average annual construction turnover shall be greater than Tk 30 (Thirty) Lacs over the last 05 (Five) years. 4. The minimum amount of liquid assets i.e. working capital or credit line(s) of the Tenderer shall be Tk 12 (Twelve) Lac. 5. Tender Document containing insufficient/Â incomplete information will be rejected. 6. Furnishing of any false, Fake & forged document or information by a tender shall result in rejection of his tender and may lead to forfeiture of tender Secuirity and action againist tender under reguler of PPA 2008 7. If Quated Rate is found more thane 10 (Ten) % above or below Estimated cost, Tender will be Non-Respnsive",no,1055,1055
235131,Tender Notice_PDFs/CDA_Tender_235131.pdf,2,1,Opening Date & Time,15/11/2018 12:00,19/11/2018 12:00,yes,16,16
235131,Tender Notice_PDFs/CDA_Tender_235131.pdf,2,1,Last date & time for Tender/Proposal Security Submission,15/10/2018 11:00,19/11/2018 11:00,yes,16,16
235131,Tender Notice_PDFs/CDA_Tender_235131.pdf,2,1,Closing Date & Time,15/11/2018 12:00,19/11/2018 12:00,yes,16,16
235131,Tender Notice_PDFs/CDA_Tender_235131.pdf,2,1,"Brief Description of Goods,Works or Service",3 coat of weather resistant Rainforcd cement concret works Form work Minimum 12mm thicks cement sand plaster Syanthetic enamel paint,3 coat of weather resistant Rainforcd cement concret works Form work Minimum 12mm thicks cement sand plaster Syanthetic enamel paint,no,132,132
342502,Tender Notice_PDFs/CDA_Tender_342502.pdf,2,1,Document last selling date & time,17/09/2019 11:00,24/09/2019 11:00,yes,16,16
342502,Tender Notice_PDFs/CDA_Tender_342502.pdf,2,1,Eligibility of Consultant,"(a) The Contractor having minimum specific experience of successfully completion of similar nature (Construction of new road, Maintainance work of road) of work not less than value 5 (Five) Core in a single work order with in last year’s in any Government, Semi- Government Autonomous Body of Bangladesh over the last 5 (five) years. (b) The required average annual construction turnover shall be greater than Tk. 23(Twenty three) Core over the last 5 (five) years. (c) The minimum amount of Liquid Asset (free funds/cash flow) of the Tenderer shall be Tk. 3(Three) Core 50.00 (fifty ) Lac. d) The Contractor must have valid Trade license,Tin Certificate,VAT Certificate etc (d) Other qualification criteria are given in the Tender data sheet (TDS).","(a) The Contractor having minimum specific experience of successfully completion of similar nature (Construction of new road, Maintainance work of road) of work not less than value 5 (Five) Core in a single work order with in last year’s in any Government, Semi- Government Autonomous Body of Bangladesh over the last 5 (five) years. (b) The required average annual construction turnover shall be greater than Tk. 23(Twenty three) Core over the last 5 (five) years. (c) The minimum amount of Liquid Asset (free funds/cash flow) of the Tenderer shall be Tk. 3(Three) Core 50.00 (fifty ) Lac. d) The Contractor must have valid Trade license,Tin Certificate,VAT Certificate etc (d) Other qualification criteria are given in the Tender data sheet (TDS).",no,749,749
342502,Tender Notice_PDFs/CDA_Tender_342502.pdf,2,1,Opening Date & Time,17/09/2019 17:00,24/09/2019 16:30,yes,16,16
342502,Tender Notice_PDFs/CDA_Tender_342502.pdf,2,1,Last date & time for Tender/Proposal Security Submission,17/09/2019 16:00,24/09/2019 16:00,yes,16,16
342502,Tender Notice_PDFs/CDA_Tender_342502.pdf,2,1,Closing Date & Time,17/09/2019 17:00,24/09/2019 16:30,yes,16,16
342502,Tender Notice_PDFs/CDA_Tender_342502.pdf,2,1,TDS/PDS--C. Qualification Criteria--,"The required average annual construction turnover shall be greater than Tk 23 Core over the last 05 years. [ the required average annual construction turn over is recommended to be about twice the estimated annual cash flow for the Contract; however the multiplier may vary from 1.0 to 2.0, the larger the Contract size the lesser the multiplier should be. The period may be best three (3) years in the last five (5) years or best five (5) years in the last ten (10) years (as appropriate) ; years counting backward from the date of publication of IFT in the newspaper] Example: Estimated Contract Value: Tk 24 Cr. Contract period: 18 months Estimated Annual Cash Flow: Tk 16 Cr. Required average annual construction turn over: Tk 24 Cr., using a multiplier of 1.5. [for Tenders where the package contains more than one (1) lot, this qualification requirements shall be mentioned separately for each lot in the package] The minimum amount of liquid assets or working capital or credit facilities of the Tenderer shall be Tk [state amount] [usually the required liquid asset is the equivalent of 2-6 months payment flow at the average construction rate (straight line distribution), accessible or available after taking into account the financial requirements of existing commitments. The actual period will depend on the speed with which the PE will pay the Contractorâ??s monthly certificate, allowing time to prepare an invoice, for the Project Managerâ??s time to certify it, and at least one month contingency for preparing the cheque and making actual payment. Example: Contract Value: Tk 24 Cr. Contract period: 18 months Assuming work time: 1 month Invoice period: 0.5 month Certification Time: 0.5 month Contingency Time: 1 month Therefore, the minimum required liquid asset will be Tk 4 Cr., i.e. 3 months cash flow based on the above assumptions.] [for Tenders where the package contains more than one (1) lot, this qualification requirements shall be mentioned separately for each lot in the package]","The required average annual construction turnover shall be greater than Tk 11 Core over the last 05 years. [ the required average annual construction turn over is recommended to be about twice the estimated annual cash flow for the Contract; however the multiplier may vary from 1.0 to 2.0, the larger the Contract size the lesser the multiplier should be. The period may be best three (3) years in the last five (5) years or best five (5) years in the last ten (10) years (as appropriate) ; years counting backward from the date of publication of IFT in the newspaper] Example: Estimated Contract Value: Tk 24 Cr. Contract period: 18 months Estimated Annual Cash Flow: Tk 16 Cr. Required average annual construction turn over: Tk 24 Cr., using a multiplier of 1.5. [for Tenders where the package contains more than one (1) lot, this qualification requirements shall be mentioned separately for each lot in the package] The minimum amount of liquid assets or working capital or credit facilities of the Tenderer shall be Tk 3 core 50 lac [usually the required liquid asset is the equivalent of 2-6 months payment flow at the average construction rate (straight line distribution), accessible or available after taking into account the financial requirements of existing commitments. The actual period will depend on the speed with which the PE will pay the Contractor’s monthly certificate, allowing time to prepare an invoice, for the Project Manager’s time to certify it, and at least one month contingency for preparing the cheque and making actual payment. Example: Contract Value: Tk 24 Cr. Contract period: 18 months Assuming work time: 1 month Invoice period: 0.5 month Certification Time: 0.5 month Contingency Time: 1 month Therefore, the minimum required liquid asset will be Tk 4 Cr., i.e. 3 months cash flow based on the above assumptions.] [for Tenders where the package contains more than one (1) lot, this qualification requirements shall be mentioned separately for each lot in the package]",yes,2011,2006
342502,Tender Notice_PDFs/CDA_Tender_342502.pdf,2,1,TDS/PDS--C. Qualification Criteria--,The Nominated Subcontractor(s) named [insert name(s)] shall execute the following specific components of the proposed Works: [state the components of the proposed works ; if not applicable state â??noneâ??],The Nominated Subcontractor(s) named [insert name(s)] shall execute the following specific components of the proposed Works: [state the components of the proposed works ; if not applicable state ‘none’],yes,206,202
395550,Tender Notice_PDFs/CDA_Tender_395550.pdf,2,1,Eligibility of Consultant,"1. The minimum number of years of general experience of the Tenderer in the construction works shall be 5 (Five) years. 2. The minimum specific experience in painting works of at least 1(One) contract(s) of Public ( Government, Semi Government & Autonomous) Building Construction successfully completed within the last 5 (Five) years in each with a value of at least Tk.10(Ten) Lacs. 3. The required average annual construction turnover shall be greater than Tk 10 (Ten) Lacs over the last 05 (Five) years. 4. The minimum amount of liquid assets i.e. working capital or credit line(s) of the Tenderer shall be Tk 5 (Five) Lac. 5. Tender Document containing insufficient/Â incomplete information will be rejected. 6. Furnishing of any false, Fake & forged document or information by a tender shall result in rejection of his tender and may lead to forfeiture of tender Secuirity and action againist tender under reguler of PPA 2008 7. If Quated Rate is found more thane 10 (Ten) % above or below Estimated cost, Tender will be Non-Respnsive","1. The minimum number of years of general experience of the Tenderer in the construction works shall be 5 (Five) years. 2. The minimum specific experience in painting works of at least 1(One) contract(s) of Public ( Government, Semi Government & Autonomous) Building Construction successfully completed within the last 5 (Five) years in each with a value of at least Tk.10(Ten) Lacs. 3. The required average annual construction turnover shall be greater than Tk 10 (Ten) Lacs over the last 05 (Five) years. 4. The minimum amount of liquid assets i.e. working capital or credit line(s) of the Tenderer shall be Tk 5 (Five) Lac. 5. Tender Document containing insufficient/Â incomplete information will be rejected. 6. Furnishing of any false, Fake & forged document or information by a tender shall result in rejection of his tender and may lead to forfeiture of tender Secuirity and action againist tender under reguler of PPA 2008 7. If Quated Rate is found more thane 10 (Ten) % above or below Estimated cost, Tender will be Non-Respnsive",no,1039,1039
395550,Tender Notice_PDFs/CDA_Tender_395550.pdf,2,1,"Brief Description of Goods,Works or Service",Thai Partition and others Related works in Ground Floor of CDA Mehedibag Jame Mashjid at CDA Mehedibag Staff Quarter. Chattogram.,Thai Partition and others Related works in Ground Floor of CDA Mehedibag Jame Mashjid at CDA Mehedibag Staff Quarter. Chattogram.,no,129,129
395550,Tender Notice_PDFs/CDA_Tender_395550.pdf,2,1,Tender/Proposal Security (Amount in BDT)(Lot No : 1),1000.0,23500,yes,6,5
398199,Tender Notice_PDFs/CDA_Tender_398199.pdf,2,4,Completion Date(Lot No : 1),03/01/2021,03/02/2021,yes,10,10
398199,Tender Notice_PDFs/CDA_Tender_398199.pdf,2,4,Document last selling date & time,14/05/2020 11:00,10/06/2020 11:00,yes,16,16
398199,Tender Notice_PDFs/CDA_Tender_398199.pdf,2,4,Opening Date & Time,14/05/2020 13:00,10/06/2020 13:00,yes,16,16
398199,Tender Notice_PDFs/CDA_Tender_398199.pdf,2,4,Last date & time for Tender/Proposal Security Submission,14/05/2020 11:30,10/06/2020 11:30,yes,16,16
398199,Tender Notice_PDFs/CDA_Tender_398199.pdf,2,4,Start Date(Lot No : 1),01/07/2020,03/08/2020,yes,10,10
398199,Tender Notice_PDFs/CDA_Tender_398199.pdf,2,4,Closing Date & Time,14/05/2020 13:00,10/06/2020 13:00,yes,16,16
398199,Tender Notice_PDFs/CDA_Tender_398199.pdf,2,4,Completion Date(Lot No : 1),02/12/2020,03/01/2021,yes,10,10
398199,Tender Notice_PDFs/CDA_Tender_398199.pdf,2,4,Document last selling date & time,16/04/2020 15:00,14/05/2020 11:00,yes,16,16
398199,Tender Notice_PDFs/CDA_Tender_398199.pdf,2,4,Opening Date & Time,16/04/2020 16:00,14/05/2020 13:00,yes,16,16
398199,Tender Notice_PDFs/CDA_Tender_398199.pdf,2,4,Last date & time for Tender/Proposal Security Submission,29/03/2020 15:30,14/05/2020 11:30,yes,16,16
398199,Tender Notice_PDFs/CDA_Tender_398199.pdf,2,4,Start Date(Lot No : 1),01/06/2020,01/07/2020,yes,10,10
398199,Tender Notice_PDFs/CDA_Tender_398199.pdf,2,4,Closing Date & Time,16/04/2020 16:00,14/05/2020 13:00,yes,16,16
398199,Tender Notice_PDFs/CDA_Tender_398199.pdf,2,4,Completion Date(Lot No : 1),05/10/2020,02/12/2020,yes,10,10
398199,Tender Notice_PDFs/CDA_Tender_398199.pdf,2,4,Document last selling date & time,29/03/2020 15:00,16/04/2020 15:00,yes,16,16
398199,Tender Notice_PDFs/CDA_Tender_398199.pdf,2,4,Opening Date & Time,29/03/2020 16:00,16/04/2020 16:00,yes,16,16
398199,Tender Notice_PDFs/CDA_Tender_398199.pdf,2,4,Start Date(Lot No : 1),05/04/2020,01/06/2020,yes,10,10
398199,Tender Notice_PDFs/CDA_Tender_398199.pdf,2,4,Closing Date & Time,29/03/2020 16:00,16/04/2020 16:00,yes,16,16
398199,Tender Notice_PDFs/CDA_Tender_398199.pdf,2,4,Eligibility of Consultant,"(1) Contractors having experience of Sub-Station work during the period of last 5 (Five) years. (2) Enlisted regular contractors of CDA, BPDB, PWD, CPA, WASA, CCC inch having A B C category (Its class) Electrical license (up to date) and supervisory license etc. (3) All eligible firms with required capacity may submit tenders provided that are otherwise qualified as follows: Certificate, issued by the competent Authority, Vat registration, Tin Certificate, Trade License, Bank Solvency Certificate, Partnership deed/proprietorship, deed/Article of memorandum deed. Nationality Certificate should be submitted with the tender document.","(1) Contractors having experience of Sub-Station work during the period of last 5 (Five) years. (2) Enlisted regular contractors of CDA/ BPDB/ PWD/ CPA/ WASA/ CCC including having A B C category (Its class) Electrical license (up to date) and supervisory license etc (3) All eligible firms with required capacity may submit tenders provided that are otherwise qualified as follows: Certificate, issued by the competent Authority, Vat registration, Tin Certificate, Trade License, Bank Solvency Certificate, Partnership deed/proprietorship, deed/Article of memorandum deed. Nationality Certificate should be submitted with the tender document.",yes,638,642
398199,Tender Notice_PDFs/CDA_Tender_398199.pdf,2,4,"Brief Description of Goods,Works or Service","Supply installation, Testing and commissioning of 400 KVA Sub- Station at CDA office building.","Supply installation, Testing and commissioning of 400 KVA Sub- Station at CDA office building.",no,94,94
409461,Tender Notice_PDFs/CDA_Tender_409461.pdf,2,5,Completion Date(Lot No : 1),03/01/2021,03/02/2021,yes,10,10
409461,Tender Notice_PDFs/CDA_Tender_409461.pdf,2,5,Document last selling date & time,14/05/2020 11:30,10/06/2020 11:00,yes,16,16
409461,Tender Notice_PDFs/CDA_Tender_409461.pdf,2,5,Opening Date & Time,14/05/2020 14:30,10/06/2020 14:30,yes,16,16
409461,Tender Notice_PDFs/CDA_Tender_409461.pdf,2,5,Last date & time for Tender/Proposal Security Submission,14/05/2020 11:00,10/06/2020 11:30,yes,16,16
409461,Tender Notice_PDFs/CDA_Tender_409461.pdf,2,5,Start Date(Lot No : 1),01/07/2020,03/08/2020,yes,10,10
409461,Tender Notice_PDFs/CDA_Tender_409461.pdf,2,5,Closing Date & Time,14/05/2020 14:30,10/06/2020 14:30,yes,16,16
409461,Tender Notice_PDFs/CDA_Tender_409461.pdf,2,5,Completion Date(Lot No : 1),02/12/2020,03/01/2021,yes,10,10
409461,Tender Notice_PDFs/CDA_Tender_409461.pdf,2,5,Document last selling date & time,16/04/2020 15:00,14/05/2020 11:30,yes,16,16
409461,Tender Notice_PDFs/CDA_Tender_409461.pdf,2,5,Opening Date & Time,16/04/2020 16:30,14/05/2020 14:30,yes,16,16
409461,Tender Notice_PDFs/CDA_Tender_409461.pdf,2,5,Last date & time for Tender/Proposal Security Submission,29/03/2020 16:00,14/05/2020 11:00,yes,16,16
409461,Tender Notice_PDFs/CDA_Tender_409461.pdf,2,5,Start Date(Lot No : 1),01/06/2020,01/07/2020,yes,10,10
409461,Tender Notice_PDFs/CDA_Tender_409461.pdf,2,5,Closing Date & Time,16/04/2020 16:30,14/05/2020 14:30,yes,16,16
409461,Tender Notice_PDFs/CDA_Tender_409461.pdf,2,5,Completion Date(Lot No : 1),04/10/2020,02/12/2020,yes,10,10
409461,Tender Notice_PDFs/CDA_Tender_409461.pdf,2,5,Document last selling date & time,29/03/2020 15:00,16/04/2020 15:00,yes,16,16
409461,Tender Notice_PDFs/CDA_Tender_409461.pdf,2,5,Opening Date & Time,29/03/2020 16:30,16/04/2020 16:30,yes,16,16
409461,Tender Notice_PDFs/CDA_Tender_409461.pdf,2,5,Start Date(Lot No : 1),03/05/2020,01/06/2020,yes,10,10
409461,Tender Notice_PDFs/CDA_Tender_409461.pdf,2,5,Closing Date & Time,29/03/2020 16:30,16/04/2020 16:30,yes,16,16
409461,Tender Notice_PDFs/CDA_Tender_409461.pdf,2,5,Eligibility of Consultant,"(1) Contractors having experience of Generator work during the period of last 5 (Five) years. (2) Enlisted regular contractors of CDA, BPDB, PWD, CPA, WASA, CCC inch having A B C category (Its class) Electrical license (up to date) and supervisory license etc. (3) All eligible firms with required capacity may submit tenders provided that are otherwise qualified as follows: Certificate, issued by the competent Authority, Vat registration, Tin Certificate, Trade License, Bank Solvency Certificate, Partnership deed/proprietorship, deed/Article of memorandum deed. Nationality Certificate should be submitted with the tender document.","(1) Contractors having experience of Generator work during the period of last 5 (Five) years. (2) Enlisted regular contractors of CDA/ BPDB/ PWD/ CPA/ WASA/ CCC including having A B C category (Its class) Electrical license (up to date) and supervisory license etc. (3) All eligible firms with required capacity may submit tenders provided that are otherwise qualified as follows: Certificate, issued by the competent Authority, Vat registration, Tin Certificate, Trade License, Bank Solvency Certificate, Partnership deed/proprietorship, deed/Article of memorandum deed. Nationality Certificate should be submitted with the tender document.",yes,636,641
423315,Tender Notice_PDFs/CDA_Tender_423315.pdf,2,3,Opening Date & Time,15/03/2020 15:30,19/03/2020 15:30,yes,16,16
423315,Tender Notice_PDFs/CDA_Tender_423315.pdf,2,3,Closing Date & Time,15/03/2020 15:30,19/03/2020 15:30,yes,16,16
423315,Tender Notice_PDFs/CDA_Tender_423315.pdf,2,3,Document last selling date & time,09/03/2020 13:30,12/03/2020 13:30,yes,16,16
423315,Tender Notice_PDFs/CDA_Tender_423315.pdf,2,3,Eligibility of Consultant,"1. Minimum 10 Year of experience as Nationwide ISP 2. Minimum 02 maintenance work in Government / Semi Government organization 3. Must have regional office in Chattogram 4. A satisfactory completion of similar works of at least Tk 30 lacs under 1 contract(s) over a period of 2(two) years in Government / Semi Government organization 5. Must have qualified System & Support team with following Vendor certifications. (CCNA/CCNP/MTCNA, RHCSA/RHCE/CEH, MCP/MCSA/MCSE/MTCRE)","1. Minimum 10 Year of experience as Nationwide ISP 2. Minimum 02 maintenance work in Government / Semi Government organization 3. Must have regional office in Chattogram 4. Single contract value work order of Similar works of at least Tk 30 lacs under 1 contract(s) over a period of 2(two) years in Government / Semi Government organization 5. Must have qualified System & Support team with following Vendor certifications. (CCNA/CCNP/MTCNA, RHCSA/RHCE/CEH, MCP/MCSA/MCSE/MTCRE)",yes,471,478
423315,Tender Notice_PDFs/CDA_Tender_423315.pdf,2,3,Opening Date & Time,10/03/2020 15:30,15/03/2020 15:30,yes,16,16
423315,Tender Notice_PDFs/CDA_Tender_423315.pdf,2,3,Last date & time for Tender/Proposal Security Submission,10/03/2020 15:00,12/03/2020 15:00,yes,16,16
423315,Tender Notice_PDFs/CDA_Tender_423315.pdf,2,3,Closing Date & Time,10/03/2020 15:30,15/03/2020 15:30,yes,16,16
423315,Tender Notice_PDFs/CDA_Tender_423315.pdf,2,3,Eligibility of Consultant,"1. Minimum 10 Year of experience as Nationwide ISP 2. Minimum 02 maintenance work in Government / Semi Government organization 3. Must have regional office in Chattogram 4. A satisfactory completion of similar works of at least Tk 30 lacs under 1 contract(s) over a period of 2(two) years in Government / Semi Government organization 5. Must have qualified System & Support team with following Vendor certifications. (CCNA/CCNP/MTCNA, RHCSA/RHCE/CEH, MCP/MCSA/MCSE/MTCRE)","1. Minimum 10 Year of experience as Nationwide ISP 2. Minimum 02 maintenance work in Government / Semi Government organization 3. Must have regional office in Chattogram 4. A satisfactory completion of similar works of at least Tk 30 lacs under 1 contract(s) over a period of 2(two) years in Government / Semi Government organization 5. Must have qualified System & Support team with following Vendor certifications. (CCNA/CCNP/MTCNA, RHCSA/RHCE/CEH, MCP/MCSA/MCSE/MTCRE)",no,471,471
423315,Tender Notice_PDFs/CDA_Tender_423315.pdf,2,3,"Brief Description of Goods,Works or Service",Maintenance and Support work for CDA IT System,Maintenance and Support work for CDA IT System,no,46,46
514221,Tender Notice_PDFs/CDA_Tender_514221.pdf,2,1,Document last selling date & time,24/02/2021 17:30,01/03/2021 17:30,yes,16,16
514221,Tender Notice_PDFs/CDA_Tender_514221.pdf,2,1,Eligibility of Consultant,"1. Suppliers should have 10 years experience in BD market. 2. Suppliers shall provide experience certificate to supply for providing BMS, Fire Detection and Fire Protection System. 3. The Supplier should have Experience in Inert Gas Suppression System. 4. List of 5 organizations (Govt. / Non-Govt.) where similar projects BMS, Fire Detection and Fire Protection System. 5. Supplier shall provide at least 2 Satisfactory Completion Certificate of Supply of BMS, Fire Detection and Fire Protection System from the government/semi government organization in the last two (02) years. 6. The Supplier must have the track record of honoring a single tender of min Taka 50 Lac on BMS, Fire Detection and Fire Protection System in the last two (02) years. 7. The Supplier should have the Bank solvency Certificate. 8. The Supplier should have the ISO9001:2008 Certificate. 9. Suppliers Should have authorization for dealership/retailer ship of international brand. 10. Suppliers shall be a registered (Ltd.) company of Bangladesh with proper documents of Trade License, Valid TIN Certificate (Up-to- date), VAT Registration. 11. Suppliers shall provide organization structure, employee count with proper Professional's CV to support the business process. 12. Must Have office / Sub office in Chittagong .","1. Suppliers should have 10 years experience in BD market. 2. Suppliers shall provide experience certificate to supply for providing BMS, Fire Detection and Fire Protection System. 3. The Supplier should have Experience in Inert Gas Suppression System. 4. List of 5 organizations (Govt. / Non-Govt.) where similar projects BMS, Fire Detection and Fire Protection System. 5. Supplier shall provide at least 2 Satisfactory Completion Certificate of Supply of BMS, Fire Detection and Fire Protection System from the government/semi government organization in the last two (02) years. 6. The Supplier must have the track record of honoring a single tender of min Taka 50 Lac on BMS, Fire Detection and Fire Protection System in the last two (02) years. 7. The Supplier should have the Bank solvency Certificate. 8. The Supplier should have the ISO9001:2008 Certificate. 9. Suppliers Should have authorization for dealership/retailer ship of international brand. 10. Suppliers shall be a registered (Ltd.) company of Bangladesh with proper documents of Trade License (Up-to-date), Valid TIN Certificate (Up-to-date), VAT Registration. 11. Suppliers shall provide organization structure, employee count with proper Professional's CV to support the business process. 12. Must Have office / Sub office in Chittagong .",yes,1297,1309
514221,Tender Notice_PDFs/CDA_Tender_514221.pdf,2,1,Opening Date & Time,25/02/2021 14:00,02/03/2021 14:00,yes,16,16
514221,Tender Notice_PDFs/CDA_Tender_514221.pdf,2,1,Closing Date & Time,25/02/2021 14:00,02/03/2021 14:00,yes,16,16
514221,Tender Notice_PDFs/CDA_Tender_514221.pdf,2,1,"Brief Description of Goods,Works or Service","Supply of EMS, Access Control, Fire detection and protection system of CDA Data Centre.","Supply of EMS, Access Control, Fire detection and protection system of CDA Data Centre.",no,87,87
515689,Tender Notice_PDFs/CDA_Tender_515689.pdf,2,1,Document last selling date & time,21/12/2020 13:24,24/12/2020 13:24,yes,16,16
515689,Tender Notice_PDFs/CDA_Tender_515689.pdf,2,1,Eligibility of Consultant,"The minimum number of years of general experience of the Tenderer in the construction works as Prime Contractor or Subcontractor or Management Contractor shall be A. General Experience (i) In case of individual Tenderer / Reputed Contractors / Construction Firms who have minimum 10(Ten) years of general experience in Construction works. (ii) In case of JVCA lead partner must have 10 (Ten) years experience and other have minimum 05(five) Years in similar work. (Other details given in the Tender Data Sheet (TDS). B. Similar Experience & Work Cost : Successful completion experience as a Prime contractor of Sub- contractor or management contractor in maintenance of road work during the last 05 (Five) years from the date of IFT. Under the Govt./Semi-Govt./Autonomous bodies of Bangladesh. Minimum work cost of the above mentioned work shall be amounting Tk. 35 (Thirty-five) Lacs. The above mentioned work could have been completed under a single number of contracts under Govt./Semi-Govt./Autonomous bodies. Certificate of authentication in respect of the work should have to be furnished by the tenderer along with tender documents in the following manner as applicable : i) In case of the work done under any PWD, the Certifying and authenticating authority shall be the concerned Executive Engineer under whom the work has been Executed. ii) In case of the work done under any Govt./Semi-Govt./Autonomous bodies other than PWD the certifying authority shall be an officer of that organization not below the rank of Executive Engineer.","The minimum number of years of general experience of the Tenderer in the construction works as Prime Contractor or Subcontractor or Management Contractor shall be A. General Experience (i) In case of individual Tenderer / Reputed Contractors / Construction Firms who have minimum 10(Ten) years of general experience in Construction works. (ii) In case of JVCA lead partner must have 10 (Ten) years experience and other have minimum 05(five) Years in similar work. (Other details given in the Tender Data Sheet (TDS). B. Similar Experience & Work Cost : Successful completion experience as a Prime contractor of Sub- contractor or management contractor in maintenance of road work during the last 05 (Five) years from the date of IFT. Under the Govt./Semi-Govt./Autonomous bodies of Bangladesh. Minimum work cost of the above mentioned work shall be amounting Tk. 35 (Thirty-five) Lacs. The above mentioned work could have been completed under a single number of contracts under Govt./Semi-Govt./Autonomous bodies. Certificate of authentication in respect of the work should have to be furnished by the tenderer along with tender documents in the following manner as applicable : i) In case of the work done under any PWD, the Certifying and authenticating authority shall be the concerned Executive Engineer under whom the work has been Executed. ii) In case of the work done under any Govt./Semi-Govt./Autonomous bodies other than PWD the certifying authority shall be an officer of that organization not below the rank of Executive Engineer.",no,1543,1543
515689,Tender Notice_PDFs/CDA_Tender_515689.pdf,2,1,Opening Date & Time,22/12/2020 16:00,27/12/2020 14:30,yes,16,16
515689,Tender Notice_PDFs/CDA_Tender_515689.pdf,2,1,Last date & time for Tender/Proposal Security Submission,22/12/2020 13:24,27/12/2020 12:24,yes,16,16
515689,Tender Notice_PDFs/CDA_Tender_515689.pdf,2,1,Closing Date & Time,22/12/2020 16:00,27/12/2020 14:30,yes,16,16
515689,Tender Notice_PDFs/CDA_Tender_515689.pdf,2,1,"Brief Description of Goods,Works or Service","Brief Description of works : Maintenance and other related works of road no-02 (40'-0"" wide) of CDA Kolpalok R/A (Lot-01).","Brief Description of works : Maintenance and other related works of road no-02 (40'-0"" wide) of CDA Kolpalok R/A (Lot-01).",no,122,122
516211,Tender Notice_PDFs/CDA_Tender_516211.pdf,2,1,Document last selling date & time,21/12/2020 17:06,24/12/2020 17:06,yes,16,16
516211,Tender Notice_PDFs/CDA_Tender_516211.pdf,2,1,Eligibility of Consultant,"The minimum number of years of general experience of the Tenderer in the construction works as Prime Contractor or Subcontractor or Management Contractor shall be A. General Experience (i) In case of individual Tenderer / Reputed Contractors / Construction Firms who have minimum 10(Ten) years of general experience in Construction works. (ii) In case of JVCA lead partner must have 10 (Ten) years experience and other have minimum 05(five) Years in similar work. (Other details given in the Tender Data Sheet (TDS). B. Similar Experience & Work Cost : Successful completion experience as a Prime contractor of Sub- contractor or management contractor in maintenance of road work during the last 05 (Five) years from the date of IFT. Under the Govt./Semi-Govt./Autonomous bodies of Bangladesh. Minimum work cost of the above mentioned work shall be amounting Tk. 35 (Thirty-five) Lac The above mentioned work could have been completed under a single number of contracts under Govt./Semi-Govt./Autonomous bodies. Certificate of authentication in respect of the work should have to be furnished by the tenderer along with tender documents in the following manner as applicable : i) In case of the work done under any PWD, the Certifying and authenticating authority shall be the concerned Executive Engineer under whom the work has been Executed. ii) In case of the work done under any Govt./Semi-Govt./Autonomous bodies other than PWD the certifying authority shall be an officer of that organization not below the rank of Executive Engineer.","The minimum number of years of general experience of the Tenderer in the construction works as Prime Contractor or Subcontractor or Management Contractor shall be A. General Experience (i) In case of individual Tenderer / Reputed Contractors / Construction Firms who have minimum 10(Ten) years of general experience in Construction works. (ii) In case of JVCA lead partner must have 10 (Ten) years experience and other have minimum 05(five) Years in similar work. (Other details given in the Tender Data Sheet (TDS). B. Similar Experience & Work Cost : Successful completion experience as a Prime contractor of Sub- contractor or management contractor in maintenance of road work during the last 05 (Five) years from the date of IFT. Under the Govt./Semi-Govt./Autonomous bodies of Bangladesh. Minimum work cost of the above mentioned work shall be amounting Tk. 35 (Thirty-five) Lac The above mentioned work could have been completed under a single number of contracts under Govt./Semi-Govt./Autonomous bodies. Certificate of authentication in respect of the work should have to be furnished by the tenderer along with tender documents in the following manner as applicable : i) In case of the work done under any PWD, the Certifying and authenticating authority shall be the concerned Executive Engineer under whom the work has been Executed. ii) In case of the work done under any Govt./Semi-Govt./Autonomous bodies other than PWD the certifying authority shall be an officer of that organization not below the rank of Executive Engineer.",no,1541,1541
516211,Tender Notice_PDFs/CDA_Tender_516211.pdf,2,1,Opening Date & Time,22/12/2020 15:15,27/12/2020 15:30,yes,16,16
516211,Tender Notice_PDFs/CDA_Tender_516211.pdf,2,1,Last date & time for Tender/Proposal Security Submission,22/12/2020 13:06,27/12/2020 13:06,yes,16,16
516211,Tender Notice_PDFs/CDA_Tender_516211.pdf,2,1,Closing Date & Time,22/12/2020 15:15,27/12/2020 15:30,yes,16,16
516211,Tender Notice_PDFs/CDA_Tender_516211.pdf,2,1,"Brief Description of Goods,Works or Service","Maintenance and other related works of road no-02 (40'-0"" wide) of CDA Kolpalok R/A (Lot-02).","Maintenance and other related works of road no-02 (40'-0"" wide) of CDA Kolpalok R/A (Lot-02).",no,93,93
516212,Tender Notice_PDFs/CDA_Tender_516212.pdf,2,1,Document last selling date & time,21/12/2020 13:11,24/12/2020 13:11,yes,16,16
516212,Tender Notice_PDFs/CDA_Tender_516212.pdf,2,1,Eligibility of Consultant,"The minimum number of years of general experience of the Tenderer in the construction works as Prime Contractor or Subcontractor or Management Contractor shall be A. General Experience (i) In case of individual Tenderer / Reputed Contractors / Construction Firms who have minimum 10(Ten) years of general experience in Construction works. (ii) In case of JVCA lead partner must have 10 (Ten) years experience and other have minimum 05(five) Years in similar work. (Other details given in the Tender Data Sheet (TDS). B. Similar Experience & Work Cost : Â? Successful completion experience as a Prime contractor of Sub- contractor or management contractor in maintenance of road work during the last 05 (Five) years from the date of IFT. Under the Govt./Semi-Govt./Autonomous bodies of Bangladesh. Minimum work cost of the above mentioned work shall be amounting Tk. 35 (Thirty-five) Lac The above mentioned work could have been completed under a single number of contracts under Govt./Semi-Govt./Autonomous bodies. Certificate of authentication in respect of the work should have to be furnished by the tenderer along with tender documents in the following manner as applicable : i) In case of the work done under any PWD, the Certifying and authenticating authority shall be the concerned Executive Engineer under whom the work has been Executed. ii) In case of the work done under any Govt./Semi-Govt./Autonomous bodies other than PWD the certifying authority shall be an officer of that organization not below the rank of Executive Engineer","The minimum number of years of general experience of the Tenderer in the construction works as Prime Contractor or Subcontractor or Management Contractor shall be A. General Experience (i) In case of individual Tenderer / Reputed Contractors / Construction Firms who have minimum 10(Ten) years of general experience in Construction works. (ii) In case of JVCA lead partner must have 10 (Ten) years experience and other have minimum 05(five) Years in similar work. (Other details given in the Tender Data Sheet (TDS). B. Similar Experience & Work Cost : Â? Successful completion experience as a Prime contractor of Sub- contractor or management contractor in maintenance of road work during the last 05 (Five) years from the date of IFT. Under the Govt./Semi-Govt./Autonomous bodies of Bangladesh. Minimum work cost of the above mentioned work shall be amounting Tk. 35 (Thirty-five) Lac The above mentioned work could have been completed under a single number of contracts under Govt./Semi-Govt./Autonomous bodies. Certificate of authentication in respect of the work should have to be furnished by the tenderer along with tender documents in the following manner as applicable : i) In case of the work done under any PWD, the Certifying and authenticating authority shall be the concerned Executive Engineer under whom the work has been Executed. ii) In case of the work done under any Govt./Semi-Govt./Autonomous bodies other than PWD the certifying authority shall be an officer of that organization not below the rank of Executive Engineer",no,1543,1543
516212,Tender Notice_PDFs/CDA_Tender_516212.pdf,2,1,Opening Date & Time,22/12/2020 14:30,27/12/2020 15:00,yes,16,16
516212,Tender Notice_PDFs/CDA_Tender_516212.pdf,2,1,Last date & time for Tender/Proposal Security Submission,21/12/2020 12:11,27/12/2020 12:11,yes,16,16
516212,Tender Notice_PDFs/CDA_Tender_516212.pdf,2,1,Closing Date & Time,22/12/2020 14:30,27/12/2020 15:00,yes,16,16
516212,Tender Notice_PDFs/CDA_Tender_516212.pdf,2,1,"Brief Description of Goods,Works or Service","Maintenance and other related works of road no-02 (40'-0"" wide) of CDA Kolpalok R/A (Lot-03).","Maintenance and other related works of road no-02 (40'-0"" wide) of CDA Kolpalok R/A (Lot-03).",no,93,93
516485,Tender Notice_PDFs/CDA_Tender_516485.pdf,2,1,Document last selling date & time,21/12/2020 17:15,24/12/2020 17:15,yes,16,16
516485,Tender Notice_PDFs/CDA_Tender_516485.pdf,2,1,Eligibility of Consultant,"The minimum number of years of general experience of the Tenderer in the construction works as Prime Contractor or Subcontractor or Management Contractor shall be A. General Experience (i) In case of individual Tenderer / Reputed Contractors / Construction Firms who have minimum 10(Ten) years of general experience in Construction works. (ii) In case of JVCA lead partner must have 10 (Ten) years experience and other have minimum 05(five) Years in similar work. (Other details given in the Tender Data Sheet (TDS). B. Similar Experience & Work Cost : Successful completion experience as a Prime contractor of Sub- contractor or management contractor in maintenance of road work during the last 05 (Five) years from the date of IFT. Under the Govt./Semi-Govt./Autonomous bodies of Bangladesh. Minimum work cost of the above mentioned work shall be amounting Tk. 35 (Thirty-five) Lac The above mentioned work could have been completed under a single number of contracts under Govt./Semi-Govt./Autonomous bodies. Certificate of authentication in respect of the work should have to be furnished by the tenderer along with tender documents in the following manner as applicable : i) In case of the work done under any PWD, the Certifying and authenticating authority shall be the concerned Executive Engineer under whom the work has been Executed. ii) In case of the work done under any Govt./Semi-Govt./Autonomous bodies other than PWD the certifying authority shall be an officer of that organization not below the rank of Executive Engineer.","The minimum number of years of general experience of the Tenderer in the construction works as Prime Contractor or Subcontractor or Management Contractor shall be A. General Experience (i) In case of individual Tenderer / Reputed Contractors / Construction Firms who have minimum 10(Ten) years of general experience in Construction works. (ii) In case of JVCA lead partner must have 10 (Ten) years experience and other have minimum 05(five) Years in similar work. (Other details given in the Tender Data Sheet (TDS). B. Similar Experience & Work Cost : Successful completion experience as a Prime contractor of Sub- contractor or management contractor in maintenance of road work during the last 05 (Five) years from the date of IFT. Under the Govt./Semi-Govt./Autonomous bodies of Bangladesh. Minimum work cost of the above mentioned work shall be amounting Tk. 35 (Thirty-five) Lac The above mentioned work could have been completed under a single number of contracts under Govt./Semi-Govt./Autonomous bodies. Certificate of authentication in respect of the work should have to be furnished by the tenderer along with tender documents in the following manner as applicable : i) In case of the work done under any PWD, the Certifying and authenticating authority shall be the concerned Executive Engineer under whom the work has been Executed. ii) In case of the work done under any Govt./Semi-Govt./Autonomous bodies other than PWD the certifying authority shall be an officer of that organization not below the rank of Executive Engineer.",no,1541,1541
516485,Tender Notice_PDFs/CDA_Tender_516485.pdf,2,1,Opening Date & Time,22/12/2020 14:00,27/12/2020 14:00,yes,16,16
516485,Tender Notice_PDFs/CDA_Tender_516485.pdf,2,1,Last date & time for Tender/Proposal Security Submission,22/12/2020 12:15,27/12/2020 12:15,yes,16,16
516485,Tender Notice_PDFs/CDA_Tender_516485.pdf,2,1,Closing Date & Time,22/12/2020 14:00,27/12/2020 14:00,yes,16,16
516485,Tender Notice_PDFs/CDA_Tender_516485.pdf,2,1,"Brief Description of Goods,Works or Service","Maintenance and other related works of road no-02 (40'-0"" wide) of CDA Kolpalok R/A (Lot-4).","Maintenance and other related works of road no-02 (40'-0"" wide) of CDA Kolpalok R/A (Lot-4).",no,92,92
644083,Tender Notice_PDFs/CDA_Tender_644083.pdf,2,1,Document last selling date & time,03/03/2022 16:00,08/03/2022 16:00,yes,16,16
644083,Tender Notice_PDFs/CDA_Tender_644083.pdf,2,1,Eligibility of Consultant,"1. The minimum number of years of general experience of the Tenderer in the construction works shall be 5 (Five) years. 2. The minimum specific experience in Similar works of at least 1(One) contract(s) of Public (Government, Semi Government & Autonomous) Building Construction successfully completed within the last 5 (Five) years in each with a value of at least Tk.15 (Fifteen) Lacs. 3. The required average annual construction turnover shall be greater than Tk 30 (Thirty) Lacs over the last 05 (Five) years. 4. The minimum amount of liquid assets i.e. working capital or credit line(s) of the Tenderer shall be Tk. 10 (Ten) Lac. 5. Tender Document containing insufficient / incomplete information will be rejected. 6. Furnishing of any false, Fake & forged document or information by a tender shall result in rejection of his tender and may lead to forfeiture of tender Secuirity and action againist tender under reguler of PPA 2008 7. If Quated Rate is found more thane 10% above or below Estimated cost, Tender will be Non-Responsive","1. The minimum number of years of general experience of the Tenderer in the construction works shall be 5 (Five) years. 2. The minimum specific experience in Similar works of at least 1(One) contract(s) of Public (Government, Semi Government & Autonomous) Building Construction successfully completed within the last 5 (Five) years in each with a value of at least Tk.15 (Fifteen) Lacs. 3. The required average annual construction turnover shall be greater than Tk 30 (Thirty) Lacs over the last 05 (Five) years. 4. The minimum amount of liquid assets i.e. working capital or credit line(s) of the Tenderer shall be Tk. 10 (Ten) Lac. 5. Tender Document containing insufficient / incomplete information will be rejected. 6. Furnishing of any false, Fake & forged document or information by a tender shall result in rejection of his tender and may lead to forfeiture of tender Secuirity and action againist tender under reguler of PPA 2008 7. If Quated Rate is found more thane 10% above or below Estimated cost, Tender will be Non-Responsive",no,1040,1040
644083,Tender Notice_PDFs/CDA_Tender_644083.pdf,2,1,Opening Date & Time,06/03/2022 14:00,10/03/2022 14:00,yes,16,16
644083,Tender Notice_PDFs/CDA_Tender_644083.pdf,2,1,Last date & time for Tender/Proposal Security Submission,06/03/2022 13:00,09/03/2022 13:00,yes,16,16
644083,Tender Notice_PDFs/CDA_Tender_644083.pdf,2,1,Closing Date & Time,06/03/2022 14:00,10/03/2022 14:00,yes,16,16
644083,Tender Notice_PDFs/CDA_Tender_644083.pdf,2,1,"Brief Description of Goods,Works or Service","Annual Repairing and Maintenance Works of Building No. 03 and 04 Mehedibag CDA Staff Quarter, Chattogram.","Annual Repairing and Maintenance Works of Building No. 03 and 04 Mehedibag CDA Staff Quarter, Chattogram.",no,105,105
644083,Tender Notice_PDFs/CDA_Tender_644083.pdf,2,1,Tender/Proposal Security (Amount in BDT)(Lot No : 01),830000.0,83000,yes,8,5
657600,Tender Notice_PDFs/CDA_Tender_657600.pdf,2,1,Document last selling date & time,02/03/2022 12:00,08/03/2022 12:00,yes,16,16
657600,Tender Notice_PDFs/CDA_Tender_657600.pdf,2,1,Eligibility of Consultant,"The documents to be furnished by the supplier shall be as follows ; 1) Valid TIN Certificate (Up-to-date) and Acknowledgement receipt. 2) Valid VAT Registration Certificate. 3) Valid Trade License. 4) The ternderer must have at least 10 years experience (in place of existing). 5) The tenderer must have the track record of honoring a single tender of min Taka 10 Lac on Liveries in last two (02) years. 6) The tenderer/bidder should have the Bank solvency certificate. 7) List of 5 Organizations (Govt./Non-Govt.) where similar supply (Liveries) done by the company mentioning with client name, duration of project completion, total manpower involvement (enclose work order/contract agreement) 8) Tenderer must have a Working centre/office/branch office in Chattogram City. 9) In order to proof the Tenderers Financial capability necessary to perform the contract the Tenderer shall furnish the average annual turnover (at least 30 Lac) over the last Three (03) years. 10) The minimum amount of liquid assets or working capital or credit facilities of the Tenderer shall be Tk. 15 Lac.","The documents to be furnished by the supplier shall be as follows ; 1) Valid TIN Certificate (Up-to-date). 2) Valid VAT Registration Certificate. 3) Valid Trade License. 4) The ternderer must have at least 10 years experience (in place of existing). 5) The tenderer must have the track record of honoring a single tender of min Taka 10 Lac on Liveries in last two (02) years. 6) The tenderer/bidder should have the Bank solvency certificate. 7) List of 5 Organizations (Govt./Non-Govt.) where similar supply (Liveries) done by the company mentioning with client name, duration of project completion, total manpower involvement (enclose work order/contract agreement) 8) Tenderer must have a Working centre/office/branch office in Chattogram City. 9) In order to proof the Tenderers Financial capability necessary to perform the contract the Tenderer shall furnish the average annual turnover (at least 30 Lac) over the last Three (03) years. 10) The minimum amount of liquid assets or working capital or credit facilities of the Tenderer shall be Tk. 15 Lac.",yes,1086,1058
657600,Tender Notice_PDFs/CDA_Tender_657600.pdf,2,1,Opening Date & Time,03/03/2022 14:30,09/03/2022 14:30,yes,16,16
657600,Tender Notice_PDFs/CDA_Tender_657600.pdf,2,1,Last date & time for Tender/Proposal Security Submission,03/03/2022 12:00,08/03/2022 12:00,yes,16,16
657600,Tender Notice_PDFs/CDA_Tender_657600.pdf,2,1,Closing Date & Time,03/03/2022 14:30,09/03/2022 14:30,yes,16,16
657600,Tender Notice_PDFs/CDA_Tender_657600.pdf,2,1,"Brief Description of Goods,Works or Service","Supply of staff liveries (shoes, socks, umbrella and stitches summer cloth etc.) at CDA","Supply of staff liveries (shoes, socks, umbrella and stitches summer cloth etc.) at CDA",no,87,87
669414,Tender Notice_PDFs/CDA_Tender_669414.pdf,2,1,Eligibility of Consultant,"1. The minimum number of years of general experience of the Tenderer in the construction works shall be 5 (Five) years. 2. The minimum specific experience in Similar works of at least 1(One) contract(s) of Public (Government, Semi Government & Autonomous) Building Construction successfully completed within the last 5 (Five) years in each with a value of at least Tk.15 (Fifteen) Lacs. 3. The required average annual construction turnover shall be greater than Tk 30 (Thirty) Lacs over the last 05 (Five) years. 4. The minimum amount of liquid assets i.e. working capital or credit line(s) of the Tenderer shall be Tk. 12 (Twelve) Lac. 5. Tender Document containing insufficient / incomplete information will be rejected. 6. Furnishing of any false, Fake & forged document or information by a tender shall result in rejection of his tender and may lead to forfeiture of tender Secuirity and action againist tender under reguler of PPA 2008 7. If Quated Rate is found more thane 10% above or below Estimated cost, Tender will be Non-Responsive","1. The minimum number of years of general experience of the Tenderer in the construction works shall be 5 (Five) years. 2. The minimum specific experience in Similar works of at least 1(One) contract(s) of Public (Government, Semi Government & Autonomous) Building Construction successfully completed within the last 5 (Five) years in each with a value of at least Tk.15 (Fifteen) Lacs. 3. The required average annual construction turnover shall be greater than Tk 30 (Thirty) Lacs over the last 05 (Five) years. 4. The minimum amount of liquid assets i.e. working capital or credit line(s) of the Tenderer shall be Tk. 12 (Twelve) Lac. 5. Tender Document containing insufficient / incomplete information will be rejected. 6. Furnishing of any false, Fake & forged document or information by a tender shall result in rejection of his tender and may lead to forfeiture of tender Secuirity and action againist tender under reguler of PPA 2008 7. If Quated Rate is found more thane 10% above or below Estimated cost, Tender will be Non-Responsive",no,1043,1043
669414,Tender Notice_PDFs/CDA_Tender_669414.pdf,2,1,Opening Date & Time,10/05/2022 14:00,15/05/2022 14:00,yes,16,16
669414,Tender Notice_PDFs/CDA_Tender_669414.pdf,2,1,Last date & time for Tender/Proposal Security Submission,10/04/2022 13:30,10/05/2022 13:30,yes,16,16
669414,Tender Notice_PDFs/CDA_Tender_669414.pdf,2,1,Closing Date & Time,10/05/2022 14:00,15/05/2022 14:00,yes,16,16
669414,Tender Notice_PDFs/CDA_Tender_669414.pdf,2,1,"Brief Description of Goods,Works or Service","Annual repairing and maintenance work of building no. 07 & 10 at Mehedibag staff quarter, Chattogram.","Annual repairing and maintenance work of building no. 07 & 10 at Mehedibag staff quarter, Chattogram.",no,101,101
727849,Tender Notice_PDFs/CDA_Tender_727849.pdf,2,1,Eligibility of Consultant,"1. The minimum number of years of general experience of the Tenderer in the construction works as Prime Contractor or Subcontractor or Management Contractor shall be 10 years. 2. The minimum specific experience as a Prime Contractor or Subcontractor or Management Contractor in construction works of at least 1 contract(s) of similar nature, complexity and methods/construction technology successfully completed within the last 5 years, each with a value of at least BDT 55 (Fifty five) crore in any Government, Semi-Government Autonomous Body of Bangladesh over the last 5 (five) years. . 3.The required average annual construction turnover shall be greater than BDT 105 crore over the last 5 years. 4. The minimum amount of Liquid Asset (free funds/cash flow) of the Tenderer shall be BDT 30 crore 5. The Contractor must have valid Trade license,Tin Certificate,VAT Certificate etc 6. Other qualification criteria are given in the Tender data sheet (TDS).","1. The minimum number of years of general experience of the Tenderer in the construction works as Prime Contractor or Subcontractor or Management Contractor shall be 10 years. 2. The minimum specific experience as a Prime Contractor or Subcontractor or Management Contractor in construction works of at least 1 contract(s) of similar nature, complexity and methods/construction technology successfully completed within the last 5 years, each with a value of at least BDT 55 (Fifty five) crore in any Government, Semi-Government Autonomous Body of Bangladesh over the last 5 (five) years. . 3.The required average annual construction turnover shall be greater than BDT 105 crore over the last 5 years. 4. The minimum amount of Liquid Asset (free funds/cash flow) of the Tenderer shall be BDT 30 crore 5. The Contractor must have valid Trade license,Tin Certificate,VAT Certificate etc 6. Other qualification criteria are given in the Tender data sheet (TDS).",no,957,957
727849,Tender Notice_PDFs/CDA_Tender_727849.pdf,2,1,"Brief Description of Goods,Works or Service","Construction of retaining wall, Drain, Railway over pass, single span bridge, Road and hill slope protection work under the project of 'Construction of Link Road from Dhaka Trunk Road to Baizid Boastami Road including Loop Road at the outer periphery of AUW""","Construction of retaining wall, Drain, Railway over pass, single span bridge, Road and hill slope protection work under the project of 'Construction of Link Road from Dhaka Trunk Road to Baizid Boastami Road including Loop Road at the outer periphery of AUW""",no,258,258
727849,Tender Notice_PDFs/CDA_Tender_727849.pdf,2,1,Tender/Proposal Security (Amount in BDT)(Lot No : 1),2350000.0,23000000,yes,9,8
733123,Tender Notice_PDFs/CDA_Tender_733123.pdf,2,1,Document last selling date & time,06/10/2022 11:00,13/10/2022 11:00,yes,16,16
733123,Tender Notice_PDFs/CDA_Tender_733123.pdf,2,1,Eligibility of Consultant,"1. Tenderer should have fulfilled all criteria's which are stated in Tender Document (i.e. stated in Tender Data Sheet, Particular Conditions of Contract & Technical Specification). In case of shortage of any requirement, the tenderer will be treated as non-responsive. 2. The Tenderer must heve Manufacturing Authorization form the respective satellite company. Any authorization from any reseller/partner will not be accepted. 3. The Satellite company must have the capacity of capturing and selling 30 cm resolution stereo image. 4. The Tenderer shall be the direct reseller/partner for at least 5 years of the Satellite Company. 5. At least one experience for successfully supplying of similar image (stereo image, 30 cm resolution) for at least 1000 sq. km for any government department within last 02 years in Bangladesh. 6. The Tenderer/Supplier/Consultant must have experience in stereo image processing. 7. Tenderer should submit their Liquid assets certificate according to attached format in section-7 in TDS otherwise declare as non- responsive. 8. After completion the tender opening process, if unable to download any important document of the tender, which considered to tender evaluation process, may be treated as nonresponsive. 9. Tenderer should submit up-to-date Trade license/VAT/Tax Certificate. 10. Amount of Liquid Assets is more than one core taka. 11. The required average annual turnover shall be greater than four core taka in last 3 years.","1. Tenderer should have fulfilled all criteria's which are stated in Tender Document (i.e. stated in Tender Data Sheet, Particular Conditions of Contract & Technical Specification). In case of shortage of any requirement, the tenderer will be treated as non-responsive. 2. The Tenderer must heve Manufacturing Authorization form the respective satellite company. Any authorization from any reseller/partner will not be accepted. 3. The Satellite company must have the capacity of capturing and selling 30 cm resolution stereo image. 4. The Tenderer shall be the direct reseller/partner for at least 5 years of the Satellite Company. 5. At least one experience for successfully supplying of similar image (stereo image, 30 cm resolution) for at least 1000 sq. km for any government department within last 02 years in Bangladesh. 6. The Tenderer/Supplier/Consultant must have experience in stereo image processing. 7. Tenderer should submit their Liquid assets certificate according to attached format in section-7 in TDS otherwise declare as non- responsive. 8. After completion the tender opening process, if unable to download any important document of the tender, which considered to tender evaluation process, may be treated as nonresponsive. 9. Tenderer should submit up-to-date Trade license/VAT/Tax Certificate. 10. Amount of Liquid Assets is more than one core taka. 11. The required average annual turnover shall be greater than four core taka in last 3 years.",no,1468,1468
733123,Tender Notice_PDFs/CDA_Tender_733123.pdf,2,1,Opening Date & Time,10/10/2022 13:00,16/10/2022 13:00,yes,16,16
733123,Tender Notice_PDFs/CDA_Tender_733123.pdf,2,1,Last date & time for Tender/Proposal Security Submission,10/10/2022 12:00,16/10/2022 12:00,yes,16,16
733123,Tender Notice_PDFs/CDA_Tender_733123.pdf,2,1,Closing Date & Time,10/10/2022 13:00,16/10/2022 13:00,yes,16,16
733123,Tender Notice_PDFs/CDA_Tender_733123.pdf,2,1,"Brief Description of Goods,Works or Service",Procurement of GIS Hardware & Software and Satellite Images & Image Processing Software for Preparation of Chattogram Metropolitan Master Plan (Period: 2020-2041) Project.,Procurement of GIS Hardware & Software and Satellite Images & Image Processing Software for Preparation of Chattogram Metropolitan Master Plan (Period: 2020-2041) Project.,no,171,171
786407,Tender Notice_PDFs/CDA_Tender_786407.pdf,2,1,Completion Date(Lot No : 01),16/04/2023,15/06/2023,yes,10,10
786407,Tender Notice_PDFs/CDA_Tender_786407.pdf,2,1,Eligibility of Consultant,"1. The minimum number of years of general experience of the Tenderer in the construction works shall be 5 (Five) years. 2. The minimum specific experience in Similar works of at least 1(One) contract(s) of Public (Government, Semi Government & Autonomous) Building Construction successfully completed within the last 3 (Three) years in each with a value of at least Tk.65 (Sixty Five) Lacs. 3. The required average annual construction turnover shall be greater than Tk 3 (Three) Core over the last 03 (Three) years. 4. The minimum amount of liquid assets i.e. working capital or credit line(s) of the Tenderer shall be Tk. 50 (Fivety) Lac. 5. Tender Document containing insufficient / incomplete information will be rejected. 6. Furnishing of any false, Fake & forged document or information by a tender shall result in rejection of his tender and may lead to forfeiture of tender Secuirity and action againist tender under reguler of PPA 2008 7. If Quated Rate is found more thane 10% above or below Estimated cost, Tender will be Non-Responsive","1. The minimum number of years of general experience of the Tenderer in the construction works shall be 5 (Five) years. 2. The minimum specific experience in Similar works of at least 1(One) contract(s) of Public (Government, Semi Government & Autonomous) Building Construction successfully completed within the last 3 (Three) years in each with a value of at least Tk. 46 (Forty Six) Lacs. 3. The required average annual construction turnover shall be greater than Tk 1.25 crore (One crore and twenty five lac) over the last 03 (Three) years. 4. The minimum amount of liquid assets i.e. working capital or credit line(s) of the Tenderer shall be Tk. 50 (Fifty) Lac. 5. Tender Document containing insufficient / incomplete information will be rejected. 6. Furnishing of any false, Fake & forged document or information by a tender shall result in rejection of his tender and may lead to forfeiture of tender Secuirity and action againist tender under reguler of PPA 2008 7. If Quated Rate is found more thane 10% above or below Estimated cost, Tender will be Non-Responsive",yes,1046,1073
786407,Tender Notice_PDFs/CDA_Tender_786407.pdf,2,1,TDS/PDS--C. Qualification Criteria--,"The minimum amount of liquid assets or working capital or credit facilities of the Tenderer shall be Tk 25 Lac [usually the required liquid asset is the equivalent of 2-6 months payment flow at the average construction rate (straight line distribution), accessible or available after taking into account the financial requirements of existing commitments. The actual period will depend on the speed with which the PE will pay the Contractor’s monthly certificate, allowing time to prepare an invoice, for the Project Manager’s time to certify it, and at least one month contingency for preparing the cheque and making actual payment. Example: Contract Value: Tk 24 lakh Contract period: 12 months Assuming work time: 1 month Invoice period: 0.5 month Certification Time: 0.5 month Contingency Time: 1 month Therefore, the minimum required liquid asset will be Tk. 6 lakh, i.e. 3 months cash flow based on the above assumptions.] [for Tenders where the package contains more than one (1) lot, this qualification requirements shall be mentioned separately for each lot in the package]","The minimum amount of liquid assets or working capital or credit facilities of the Tenderer shall be Tk 50(fifty) Lac [usually the required liquid asset is the equivalent of 2-6 months payment flow at the average construction rate (straight line distribution), accessible or available after taking into account the financial requirements of existing commitments. The actual period will depend on the speed with which the PE will pay the Contractor’s monthly certificate, allowing time to prepare an invoice, for the Project Manager’s time to certify it, and at least one month contingency for preparing the cheque and making actual payment. Example: Contract Value: Tk 24 lakh Contract period: 12 months Assuming work time: 1 month Invoice period: 0.5 month Certification Time: 0.5 month Contingency Time: 1 month Therefore, the minimum required liquid asset will be Tk. 6 lakh, i.e. 3 months cash flow based on the above assumptions.] [for Tenders where the package contains more than one (1) lot, this qualification requirements shall be mentioned separately for each lot in the package]",yes,1082,1089
786407,Tender Notice_PDFs/CDA_Tender_786407.pdf,2,1,TDS/PDS--C. Qualification Criteria--,"The minimum capacity shall be:70 Lac The following formulae shall be used to calculate the Tender Capacity Assessed Tender Capacity = (A*N*1.5-B) Where A=Maximum value of Works performed in any one year during last five years N= Completion time of the proposed work in years B= Value of Existing commitments and works to be completed during the next N Years For Tenders where the package contains more than one (1) Lot, this qualification requirement shall be mentioned separately for each lot in the package Note 1: In case the value of N is less than 12 (twelve) months the value of N shall be considered as 01 (one)","The minimum capacity shall be:50(Fifty) Lac The following formulae shall be used to calculate the Tender Capacity Assessed Tender Capacity = (A*N*1.5-B) Where A=Maximum value of Works performed in any one year during last five years N= Completion time of the proposed work in years B= Value of Existing commitments and works to be completed during the next N Years For Tenders where the package contains more than one (1) Lot, this qualification requirement shall be mentioned separately for each lot in the package Note 1: In case the value of N is less than 12 (twelve) months the value of N shall be considered as 01 (one)",yes,618,625
815786,Tender Notice_PDFs/CDA_Tender_815786.pdf,2,1,Completion Date(Lot No : 01),10/08/2023,14/08/2023,yes,10,10
815786,Tender Notice_PDFs/CDA_Tender_815786.pdf,2,1,Document last selling date & time,22/05/2023 16:50,29/05/2023 14:30,yes,16,16
815786,Tender Notice_PDFs/CDA_Tender_815786.pdf,2,1,Eligibility of Consultant,"- Having minimum Five (5) years of experience in Software development business in Bangladesh, - Member of BASIS -The bidder must have a valid trade license -The bidder must have a valid Tax Identification Number -The bidder must have a VAT registration certificate -The bidder must Income Tax Clearance Certificate up to 2022-2023 -Must have experience in design, development, and implementation of at least 05 (five) software projects in the field of web-based application software for international or Government organization with GPS information management and activities monitoring software and experience with GIS based information collection and management. -The Supplier must have the track record of honoring at least 02 (two) tenders of min Taka 50(fifty) Lacs each in software development with GPS/GIS integrated system in the last five (05) years in the government/semi government. -Suppliers should have minimum 1 completion certificate from the customer for GPS/GIS based software. -The minimum amount of liquid assets or working capital or credit facilities of the Tenderer shall be Tk 1(one) crore. -Tenderer shall furnish the average annual turnover at least sum of 3(Three) Crore over the best three (03) years in last 5(five) years. -Must have at least 03 (three) Experience with awards in performing GPS/GIS software tender in E-GP system. -The firm should submit a brief description of the firm’s/organization with applicable outline of recent experience.","- Having minimum Five (5) years of experience in Software development business in Bangladesh, - Member of BASIS -The bidder must have a valid trade license -The bidder must have a valid Tax Identification Number/BIN -The bidder must have a VAT registration certificate -The bidder must Income Tax Clearance Certificate up to 2022-2023 -Must have experience in design, development, and implementation of at least 05 (five) software projects in the field of web-based application software for international or Government organization with GPS information management and activities monitoring software and experience with GIS based information collection and management. -The Supplier must have the track record of honoring at least 02 (two) tenders of min Taka 50(fifty) Lacs each in software development with GPS/GIS integrated system in the last five (05) years in the government/semi government. -Suppliers should have minimum 1 completion certificate from the customer for GPS/GIS based software. -The minimum amount of liquid assets or working capital or credit facilities of the Tenderer shall be Tk 1(one) crore. -Tenderer shall furnish the average annual turnover at least sum of 3(Three) Crore over the best three (03) years in last 5(five) years. -Must have at least 03 (three) Experience with awards in performing GPS/GIS software tender in E-GP system. -The firm should submit a brief description of the firm’s/organization with applicable outline of recent experience.",yes,1475,1479
815786,Tender Notice_PDFs/CDA_Tender_815786.pdf,2,1,Opening Date & Time,23/05/2023 16:00,29/05/2023 15:00,yes,16,16
815786,Tender Notice_PDFs/CDA_Tender_815786.pdf,2,1,Meeting End Date & Time,14/05/2023 13:50,17/05/2023 13:50,yes,16,16
815786,Tender Notice_PDFs/CDA_Tender_815786.pdf,2,1,Last date & time for Tender/Proposal Security Submission,23/05/2023 14:50,28/05/2023 14:50,yes,16,16
815786,Tender Notice_PDFs/CDA_Tender_815786.pdf,2,1,Start Date(Lot No : 01),07/06/2023,15/06/2023,yes,10,10
815786,Tender Notice_PDFs/CDA_Tender_815786.pdf,2,1,Closing Date & Time,23/05/2023 16:00,29/05/2023 15:00,yes,16,16
815786,Tender Notice_PDFs/CDA_Tender_815786.pdf,2,1,"Brief Description of Goods,Works or Service",Real Time Inspection Monitoring System of CDA,Real Time Inspection Monitoring System of CDA,no,45,45
993983,Tender Notice_PDFs/CDA_Tender_993983.pdf,2,1,Completion Date(Lot No : 1),20/03/2025,10/04/2025,yes,10,10
993983,Tender Notice_PDFs/CDA_Tender_993983.pdf,2,1,Document last selling date & time,28/07/2024 15:00,18/08/2024 15:00,yes,16,16
993983,Tender Notice_PDFs/CDA_Tender_993983.pdf,2,1,Eligibility of Consultant 1 2 3 4 5 6 7,". The minimum number of years of general experience of the Tenderer1 in the construction works as Prime Contractor or Subcontractor or Management Contractor shall be 05 (Five) years. [Years counting backward from the date of publication of IFT in the newspaper]. . The minimum specific experience as a Prime Contractor or 2 Subcontractor or Management Contractor in construction works of at least 01 (one) contract of similar nature, complexity and methods/construction technology successfully completed within the last 05 (Five) years, each with a value of at least Tk. 4.00 crore. Similar nature, complexity and methods/construction technology means Construction 4-storied Office Building, Pile Foundation, Electrification, Complete Sanitary & other ancillary Works successfully completed in a single contract. [Years counting backward from the date of publication of IFT in the newspaper]. . The required average annual construction turnover shall be greater 3 than Tk 8.20 Crore over the last 05 (five) years. [Years counting backward from the date of publication of IFT in the newspaper]. . The minimum amount of liquid assets or working capital or credit 4 facilities of the Tenderer shall be Tk 1.37 crore. . The minimum Tender capacity shall be Taka 4.37 Crore, 5 . Tenderers Must have up-to-date valid Licenses as applicable, 6 . Other required eligibility and conditions of the tenderer are given in 7 Tender Documents. The Tenderer must submit detail calculation sheet of tender capacity along with valid appropriate supporting documents. Failure to submit detail Calculation sheet of the said documents shall be Nonresponsive.",". The minimum number of years of general experience of the Tenderer in the construction works as Prime Contractor or Subcontractor or Management Contractor shall be 05 (Five) years. [Years counting backward from the date of publication of IFT in the newspaper]. . The minimum specific experience as a Prime Contractor or Subcontractor or Management Contractor in construction works of at least 01 (one) contract of similar nature, complexity and methods/construction technology successfully completed within the last 05 (Five) years, each with a value of at least Tk. 4.00 crore. Similar nature, complexity and methods/construction technology means Construction 4-storied Office Building, Pile Foundation, Electrification, Complete Sanitary & other ancillary Works successfully completed in a single contract. [Years counting backward from the date of publication of IFT in the newspaper]. . The required average annual construction turnover shall be greater than Tk 8.20 Crore over the last 05 (five) years. [Years counting backward from the date of publication of IFT in the newspaper]. . The minimum amount of liquid assets or working capital or credit facilities of the Tenderer shall be Tk 1.37 crore. . The minimum Tender capacity shall be Taka 4.37 Crore, . Tenderers Must have up-to-date valid Licenses as applicable, . Other required eligibility and conditions of the tenderer are given in Tender Documents. The Tenderer must submit detail calculation sheet of tender capacity along with valid appropriate supporting documents. Failure to submit detail Calculation sheet of the said documents shall be Nonresponsive.",yes,1638,1625
993983,Tender Notice_PDFs/CDA_Tender_993983.pdf,2,1,Opening Date & Time,29/07/2024 14:30,19/08/2024 14:30,yes,16,16
993983,Tender Notice_PDFs/CDA_Tender_993983.pdf,2,1,Last date & time for Tender/Proposal Security Submission,29/07/2024 14:15,19/08/2024 14:15,yes,16,16
993983,Tender Notice_PDFs/CDA_Tender_993983.pdf,2,1,Start Date(Lot No : 1),04/08/2024,04/09/2024,yes,10,10
993983,Tender Notice_PDFs/CDA_Tender_993983.pdf,2,1,Closing Date & Time,29/07/2024 14:30,19/08/2024 14:30,yes,16,16
993983,Tender Notice_PDFs/CDA_Tender_993983.pdf,2,1,"Brief Description of Goods,Works or Service","Construction of 4-storied Building, Pile foundation, Electrification, Sanitary & other ancillary Works.","Construction of 4-storied Building, Pile foundation, Electrification, Sanitary & other ancillary Works.",no,103,103
993988,Tender Notice_PDFs/CDA_Tender_993988.pdf,2,1,Document last selling date & time,30/10/2024 13:30,06/11/2024 13:30,yes,16,16
993988,Tender Notice_PDFs/CDA_Tender_993988.pdf,2,1,Eligibility of Consultant 1 2 3 4 5 6 7 8 9 10,"The documents to be furnished by the supplier shall be as follows . Valid VAT Registration Certificate. 1 . Valid Trade License. 2 . The tenderer must have at least 5 years experience (in place of 3 existing). . The tenderer must have the track record of honoring a single tender4 of min Taka 8 Lac in last two (02) years. . The tenderer/bidder should have the Bank solvency certificate. . List of 3 Organizations (Govt./Non-Govt.) where similar supply 5 (Furniture) done by the company mentioning with client name, tender6 amount and date. . Tenderer must have a working center/office/branch office in 7 Chattogram City. . In order to prove the Tenderer Financial capability necessary to perform the contract, the Tenderer shall furnish the average annual 8 turnover at least 10 Lac over the last Three (03) years. . The minimum amount of liquid assets or working capital or credit 9 facilities of the Tenderer shall be Tk. 15 Lac. . All supply should be as per define catalog.","The documents to be furnished by the supplier shall be as follows . Valid VAT Registration Certificate. . Valid Trade License. . The tenderer must have at least 5 years experience (in place of existing). . The tenderer must have the track record of honoring a single tender (Govt./Non-Govt.Organizations ) of min Taka 5 Lac in last two (02) years. . The tenderer/bidder should have the Bank solvency certificate. . Tenderer must have a working center/office/branch office in Chattogram City. . In order to prove the Tenderer Financial capability necessary to perform the contract, the Tenderer shall furnish the average annual turnover at least 10 Lac over the last Three (03) years. . The minimum amount of liquid assets or working capital or credit facilities of the Tenderer shall be Tk. 15 Lac. . All supply should be as per define catalog.",yes,978,844
993988,Tender Notice_PDFs/CDA_Tender_993988.pdf,2,1,Opening Date & Time,30/10/2024 14:30,07/11/2024 14:30,yes,16,16
993988,Tender Notice_PDFs/CDA_Tender_993988.pdf,2,1,Last date & time for Tender/Proposal Security Submission,30/10/2024 14:00,07/11/2024 14:00,yes,16,16
993988,Tender Notice_PDFs/CDA_Tender_993988.pdf,2,1,Closing Date & Time,30/10/2024 14:30,07/11/2024 14:30,yes,16,16
993988,Tender Notice_PDFs/CDA_Tender_993988.pdf,2,1,TDS/PDS--A. General--,"The PE is :Rabindra Chakma Tender Name: Supply of Printing Items at CDA. Tender Description: Printing services; Printing, publishing and related services; Printing services for books; Printing services for stationery; Printing services for security printed matter; Printing services for forms; Printing services for tickets; Printing services for calendars; Printing services for timetables; Newspaper printing services; Printing services for posters; Services related to printing; Print finishing services; Composition services; Printing and delivery services; Printing and distribution services; Publishing services; Printing, publishing and related services; Bookbinding and finishing services; The number, identification and name of lots comprising the Tender are: 01 lots","The PE is :Rabindra Chakma, Secretary, CDA Tender Name: Supply of Printing Items at CDA. Tender Description: Printing services; Printing, publishing and related services; Printing services for books; Printing services for stationery; Printing services for security printed matter; Printing services for forms; Printing services for tickets; Printing services for calendars; Printing services for timetables; Newspaper printing services; Printing services for posters; Services related to printing; Print finishing services; Composition services; Printing and delivery services; Printing and distribution services; Publishing services; Printing, publishing and related services; Bookbinding and finishing services; The number, identification and name of lots comprising the Tender are: 01 lots",yes,776,792
993988,Tender Notice_PDFs/CDA_Tender_993988.pdf,2,1,TDS/PDS--A. General-- 1 2 3 4 5 6 7 8 9,"The documents to be furnished by the supplier shall be as follows . Valid VAT Registration Certificate. . Valid Trade License. . The tenderer must have at least 5 years experience (in place of existing). . The tenderer must have the track record of honoring a single tender of min Taka 8 Lac in last two (02) years. . The tenderer/bidder should have the Bank solvency certificate. . List of 3 Organizations (Govt./Non-Govt.) where similar supply (Printing) done by the company mentioning with client name, tender amount and date. . Tenderer must have a working center/office/branch office in Chattogram City. . In order to prove the Tenderer Financial capability necessary to perform the contract, the Tenderer shall furnish the average annual turnover at least 10 Lac over the last Three (03) years. . The minimum amount of liquid assets or working capital or credit facilities of the Tenderer shall be Tk. 15 Lac.","The documents to be furnished by the supplier shall be as follows 1. Valid VAT Registration Certificate. 2. Valid Trade License. 3.The tenderer must have at least 5 years experience (in place of existing). 4. The tenderer must have the track record of honoring a single tender (Govt./Non-Govt.Organizations ) of min Taka 5 Lac in last two (02) years. 5. The tenderer/bidder should have the Bank solvency certificate. 6. Tenderer must have a working center/office/branch office in Chattogram City. 7. In order to prove the Tenderer Financial capability necessary to perform the contract, the Tenderer shall furnish the average annual turnover at least 10 Lac over the last Three (03) years. 8. The minimum amount of liquid assets or working capital or credit facilities of the Tenderer shall be Tk. 15 Lac. 9. All supply should be as per define catalog.",yes,915,852
993988,Tender Notice_PDFs/CDA_Tender_993988.pdf,2,1,TDS/PDS--B. Tender Document--,Allowed to post clarification till [Date and Time],Allowed to post clarification till as mentioned in Notice,yes,50,57
993988,Tender Notice_PDFs/CDA_Tender_993988.pdf,2,1,TDS/PDS--D. Tender Preparation--,The Tender validity period shall be 60 days,The Tender validity period shall be 90 days,yes,43,43
993988,Tender Notice_PDFs/CDA_Tender_993988.pdf,2,1,TDS/PDS--E. e-Tender Submission--,The deadline for lodgment of e-Tenders is 16/09/2024,The deadline for lodgment of e-Tenders is as mentioned in notice,yes,52,64
993988,Tender Notice_PDFs/CDA_Tender_993988.pdf,2,1,"Brief Description of Goods,Works or Service",Supply of Printing Items at CDA,Supply of Printing Items at CDA,no,31,31
993999,Tender Notice_PDFs/CDA_Tender_993999.pdf,2,1,Document last selling date & time,29/10/2024 13:30,06/11/2024 13:30,yes,16,16
993999,Tender Notice_PDFs/CDA_Tender_993999.pdf,2,1,Eligibility of Consultant 1 2 3 4 5 6 7 8 9 10,"The documents to be furnished by the supplier shall be as follows ; . Valid VAT Registration Certificate. . Valid Trade License. . The tenderer must have at least 5 years experience (in place of existing). . The tenderer must have the track record of honoring a single tender of min Taka 8 Lac in last two (02) years. . The tenderer/bidder should have the Bank solvency certificate. . List of 3 Organizations (Govt./Non-Govt.) where similar supply (Textile fabrics and related items) done by the company mentioning with client name, tender amount and date. . Tenderer must have a working center/office/branch office in Chattogram City. . In order to prove the Tenderer Financial capability necessary to perform the contract, the Tenderer shall furnish the average annual turnover at least 10 Lac over the last Three (03) years. . The minimum amount of liquid assets or working capital or credit facilities of the Tenderer shall be Tk. 15 Lac. . All supply should be as per define catalog.","The documents to be furnished by the supplier shall be as follows 1. Valid VAT Registration Certificate. 2. Valid Trade License. 3.The tenderer must have at least 5 years experience (in place of existing). 4. The tenderer must have the track record of honoring a single tender (Govt./Non-Govt.Organizations ) of min Taka 5 Lac in last two (02) years. 5. The tenderer/bidder should have the Bank solvency certificate. 6. Tenderer must have a working center/office/branch office in Chattogram City. 7. In order to prove the Tenderer Financial capability necessary to perform the contract, the Tenderer shall furnish the average annual turnover at least 10 Lac over the last Three (03) years. 8. The minimum amount of liquid assets or working capital or credit facilities of the Tenderer shall be Tk. 15 Lac. 9. All supply should be as per define catalog.",yes,988,852
993999,Tender Notice_PDFs/CDA_Tender_993999.pdf,2,1,Opening Date & Time,29/10/2024 14:30,07/11/2024 14:30,yes,16,16
993999,Tender Notice_PDFs/CDA_Tender_993999.pdf,2,1,Last date & time for Tender/Proposal Security Submission,29/10/2024 14:00,07/11/2024 14:00,yes,16,16
993999,Tender Notice_PDFs/CDA_Tender_993999.pdf,2,1,Closing Date & Time,29/10/2024 14:30,07/11/2024 14:30,yes,16,16
993999,Tender Notice_PDFs/CDA_Tender_993999.pdf,2,1,TDS/PDS--A. General--,"The PE is :Rabindra Chakma Tender Name: Supply of Staff Liveries. Tender Description: Textile fabrics and related items; Textiles and textile articles; Woven fabrics; Woolen fabrics; Linen fabrics; Special fabrics; Knitted or crocheted fabrics; Cloth; Non-woven fabrics; Textile articles; Textile household articles; Made-up textile articles; Carpets, mats and rugs; Miscellaneous cordage, rope, twine and netting; Non- woven articles; Miscellaneous textile articles; Knitwear, hosiery and related articles; Textile yarn and thread; Textiles and textile articles; Occupational clothing, special workwear and accessories; Outerwear; Clothing and accessories; Garments; Special clothing and accessories; Clothing and accessories; Leather clothes; Footwear; Leather, leather products and footwear;Natural textile fibers;Artificial textile fibers;Textile yarn and thread of natural fibers;Synthetic yarn or thread;Occupational clothing;Special workwear;Workwear accessories;Coats;Weatherproof clothing;Miscellaneous outerwear;Underwear;Shirts and nightwear;T-shirts;Special clothing;Clothing accessories;Hats and headgear;Fasteners;Leather clothing accessories;Footwear other than sports and protective footwear;Sports footwear;Protective footwear;Parts of footwear The number, identification and name of lots comprising the Tender are: 01 lots","The PE is :Rabindra Chakma, Secretary, CDA Tender Name: Supply of Staff Liveries. Tender Description: Textile fabrics and related items; Textiles and textile articles; Woven fabrics; Woolen fabrics; Linen fabrics; Special fabrics; Knitted or crocheted fabrics; Cloth; Non-woven fabrics; Textile articles; Textile household articles; Made-up textile articles; Carpets, mats and rugs; Miscellaneous cordage, rope, twine and netting; Non- woven articles; Miscellaneous textile articles; Knitwear, hosiery and related articles; Textile yarn and thread; Textiles and textile articles; Occupational clothing, special workwear and accessories; Outerwear; Clothing and accessories; Garments; Special clothing and accessories; Clothing and accessories; Leather clothes; Footwear; Leather, leather products and footwear;Natural textile fibers;Artificial textile fibers;Textile yarn and thread of natural fibers;Synthetic yarn or thread;Occupational clothing;Special workwear;Workwear accessories;Coats;Weatherproof clothing;Miscellaneous outerwear;Underwear;Shirts and nightwear;T-shirts;Special clothing;Clothing accessories;Hats and headgear;Fasteners;Leather clothing accessories;Footwear other than sports and protective footwear;Sports footwear;Protective footwear;Parts of footwear The number, identification and name of lots comprising the Tender are: 01 lots",yes,1340,1356
993999,Tender Notice_PDFs/CDA_Tender_993999.pdf,2,1,TDS/PDS--A. General-- 1 2 3 4 5 6 7 8 9,"The documents to be furnished by the supplier shall be as follows ; . Valid VAT Registration Certificate. . Valid Trade License. . The tenderer must have at least 5 years experience (in place of existing). . The tenderer must have the track record of honoring a single tender of min Taka 8 Lac in last two (02) years. . The tenderer/bidder should have the Bank solvency certificate. . List of 3 Organizations (Govt./Non-Govt.) where similar supply (Textile fabrics and related items) done by the company mentioning with client name, tender amount and date. . Tenderer must have a working center/office/branch office in Chattogram City. . In order to prove the Tenderer Financial capability necessary to perform the contract, the Tenderer shall furnish the average annual turnover at least 10 Lac over the last Three (03) years. . The minimum amount of liquid assets or working capital or credit facilities of the Tenderer shall be Tk. 15 Lac.","The documents to be furnished by the supplier shall be as follows Valid VAT Registration Certificate. Valid Trade License. The tenderer must have at least 5 years experience (in place of existing). The tenderer must have the track record of honoring a single tender (Govt./Non-Govt.Organizations ) of min Taka 5 Lac in last two (02) years. The tenderer/bidder should have the Bank solvency certificate. Tenderer must have a working center/office/branch office in Chattogram City. In order to prove the Tenderer Financial capability necessary to perform the contract, the Tenderer shall furnish the average annual turnover at least 10 Lac over the last Three (03) years. The minimum amount of liquid assets or working capital or credit facilities of the Tenderer shall be Tk. 15 Lac. All supply should be as per define catalog.",yes,942,826
993999,Tender Notice_PDFs/CDA_Tender_993999.pdf,2,1,TDS/PDS--B. Tender Document--,Allowed to post clarification till [Date and Time],Allowed to post clarification till as mentioned in Notice,yes,50,57
995096,Tender Notice_PDFs/CDA_Tender_995096.pdf,2,2,Document last selling date & time,05/11/2024 13:30,06/11/2024 13:30,yes,16,16
995096,Tender Notice_PDFs/CDA_Tender_995096.pdf,2,2,Opening Date & Time,06/11/2024 14:30,07/11/2024 14:30,yes,16,16
995096,Tender Notice_PDFs/CDA_Tender_995096.pdf,2,2,Last date & time for Tender/Proposal Security Submission,06/11/2024 14:00,07/11/2024 14:00,yes,16,16
995096,Tender Notice_PDFs/CDA_Tender_995096.pdf,2,2,Start Date(Lot No : 1),06/11/2024,13/11/2024,yes,10,10
995096,Tender Notice_PDFs/CDA_Tender_995096.pdf,2,2,Closing Date & Time,06/11/2024 14:30,07/11/2024 14:30,yes,16,16
995096,Tender Notice_PDFs/CDA_Tender_995096.pdf,2,2,Document last selling date & time,29/10/2024 13:30,05/11/2024 13:30,yes,16,16
995096,Tender Notice_PDFs/CDA_Tender_995096.pdf,2,2,Eligibility of Consultant 1 2 3 4 5 6 7 8 9 10,"The documents to be furnished by the supplier shall be as follows . Valid VAT Registration Certificate. 1 . Valid Trade License. 2 . The tenderer must have at least 5 years experience (in place of 3 existing). . The tenderer must have the track record of honoring a single tender4 of min Taka 8 Lac in last two (02) years. . The tenderer/bidder should have the Bank solvency certificate. . List of 3 Organizations (Govt./Non-Govt.) where similar supply 5 (Furniture) done by the company mentioning with client name, tender6 amount and date. . Tenderer must have a working center/office/branch office in 7 Chattogram City. . In order to prove the Tenderer Financial capability necessary to perform the contract, the Tenderer shall furnish the average annual 8 turnover at least 10 Lac over the last Three (03) years. . The minimum amount of liquid assets or working capital or credit 9 facilities of the Tenderer shall be Tk. 15 Lac. . All supply should be as per define catalog.","The documents to be furnished by the supplier shall be as follows . Valid VAT Registration Certificate. . Valid Trade License. . The tenderer must have at least 5 years experience (in place of existing). . The tenderer must have the track record of honoring a single tender (Govt./Non-Govt.Organizations ) of min Taka 5 Lac in last two (02) years. . The tenderer/bidder should have the Bank solvency certificate. . Tenderer must have a working center/office/branch office in Chattogram City. . In order to prove the Tenderer Financial capability necessary to perform the contract, the Tenderer shall furnish the average annual turnover at least 10 Lac over the last Three (03) years. . The minimum amount of liquid assets or working capital or credit facilities of the Tenderer shall be Tk. 15 Lac. . All supply should be as per define catalog.",yes,978,844
995096,Tender Notice_PDFs/CDA_Tender_995096.pdf,2,2,Opening Date & Time,29/10/2024 14:30,06/11/2024 14:30,yes,16,16
995096,Tender Notice_PDFs/CDA_Tender_995096.pdf,2,2,Last date & time for Tender/Proposal Security Submission,29/10/2024 14:00,06/11/2024 14:00,yes,16,16
995096,Tender Notice_PDFs/CDA_Tender_995096.pdf,2,2,Closing Date & Time,29/10/2024 14:30,06/11/2024 14:30,yes,16,16
995096,Tender Notice_PDFs/CDA_Tender_995096.pdf,2,2,TDS/PDS--A. General--,"The PE is :Rabindra Chakma Tender Name: Supply of Furniture at CDA. Tender Description: Furniture; Manufactured goods, furniture, handicrafts, special-purpose products and associated consumables; Seats, chairs and associated parts; Non-domestic furniture; Domestic furniture; Miscellaneous furniture and equipment; School furniture. The number, identification and name of lots comprising the Tender are: 01 lots","The PE is :Rabindra Chakma, Secretary, CDA Tender Name: Supply of Furniture at CDA. Tender Description: Furniture; Manufactured goods, furniture, handicrafts, special-purpose products and associated consumables; Seats, chairs and associated parts; Non-domestic furniture; Domestic furniture; Miscellaneous furniture and equipment; School furniture. The number, identification and name of lots comprising the Tender are: 01 lots",yes,411,427
995096,Tender Notice_PDFs/CDA_Tender_995096.pdf,2,2,TDS/PDS--A. General-- 1 2 3 4 5 6 7 8 9,"The documents to be furnished by the supplier shall be as follows ; . Valid VAT Registration Certificate. . Valid Trade License. . The tenderer must have at least 5 years experience (in place of existing). . The tenderer must have the track record of honoring a single tender of min Taka 8 Lac in last two (02) years. . The tenderer/bidder should have the Bank solvency certificate. . List of 3 Organizations (Govt./Non-Govt.) where similar supply (Furniture) done by the company mentioning with client name, tender amount and date. . Tenderer must have a working center/office/branch office in Chattogram City. . In order to prove the Tenderer Financial capability necessary to perform the contract, the Tenderer shall furnish the average annual turnover at least 10 Lac over the last Three (03) years. . The minimum amount of liquid assets or working capital or credit facilities of the Tenderer shall be Tk. 15 Lac.","The documents to be furnished by the supplier shall be as follows Valid VAT Registration Certificate. Valid Trade License. The tenderer must have at least 5 years experience (in place of existing). The tenderer must have the track record of honoring a single tender (Govt./Non-Govt.Organizations ) of min Taka 5 Lac in last two (02) years. The tenderer/bidder should have the Bank solvency certificate. Tenderer must have a working center/office/branch office in Chattogram City. In order to prove the Tenderer Financial capability necessary to perform the contract, the Tenderer shall furnish the average annual turnover at least 10 Lac over the last Three (03) years. The minimum amount of liquid assets or working capital or credit facilities of the Tenderer shall be Tk. 15 Lac. All supply should be as per define catalog.",yes,918,826
995096,Tender Notice_PDFs/CDA_Tender_995096.pdf,2,2,TDS/PDS--B. Tender Document--,Allowed to post clarification till [Date and Time],Allowed to post clarification till as mentioned in notice,yes,50,57
995096,Tender Notice_PDFs/CDA_Tender_995096.pdf,2,2,TDS/PDS--D. Tender Preparation--,The Tender validity period shall be 60 days,The Tender validity period shall be 90 days,yes,43,43
1024391,Tender Notice_PDFs/COXDA_Tender_1024391.pdf,2,1,Document last selling date & time,24/10/2024 11:00,30/10/2024 11:00,yes,16,16
1024391,Tender Notice_PDFs/COXDA_Tender_1024391.pdf,2,1,Eligibility of Consultant,As per TDS,9. Experience Criteria: i) A satisfactory completion of similar works (Street Light Supply Work) of at least Tk 5 (Five) lac under 1.00 (One) of contract(s) over a period of last 5 (Five) years shall be required. ii) Tenderer must have experience of working at Kutubdia/Maheshkhali. iii) Tenderer must have ABC License/Electrical Supervisor License from the Concerned Authority. Other Eligibility Criteria: As per TDS,yes,10,417
1024391,Tender Notice_PDFs/COXDA_Tender_1024391.pdf,2,1,Opening Date & Time,24/10/2024 12:00,30/10/2024 12:00,yes,16,16
1024391,Tender Notice_PDFs/COXDA_Tender_1024391.pdf,2,1,Last date & time for Tender/Proposal Security Submission,24/10/2024 11:30,30/10/2024 11:30,yes,16,16
1024391,Tender Notice_PDFs/COXDA_Tender_1024391.pdf,2,1,Closing Date & Time,24/10/2024 12:00,30/10/2024 12:00,yes,16,16
1024391,Tender Notice_PDFs/COXDA_Tender_1024391.pdf,2,1,"Brief Description of Goods,Works or Service","Supply, Installation & Commissioning of Street Lights in Kutubdia Upazilla of Cox's Bazar District. FY 2024-25","Supply, Installation & Commissioning of Street Lights in Kutubdia Upazilla of Cox's Bazar District. FY 2024-25",no,110,110
1183753,Tender Notice_PDFs/COXDA_Tender_1183753.pdf,2,1,,as per TDS.,as per TDS.,no,11,11
1183753,Tender Notice_PDFs/COXDA_Tender_1183753.pdf,2,1,Document last selling date & time,18/12/2025 14:00,22/12/2025 14:00,yes,16,16
1183753,Tender Notice_PDFs/COXDA_Tender_1183753.pdf,2,1,Eligibility of Consultant,as per TDS.,as per TDS.,no,11,11
1183753,Tender Notice_PDFs/COXDA_Tender_1183753.pdf,2,1,Opening Date & Time,18/12/2025 15:00,22/12/2025 15:00,yes,16,16
1183753,Tender Notice_PDFs/COXDA_Tender_1183753.pdf,2,1,,as per TDS.,as per TDS.,no,11,11
1183753,Tender Notice_PDFs/COXDA_Tender_1183753.pdf,2,1,Last date & time for Tender/Proposal Security Submission,18/12/2025 14:30,22/12/2025 14:30,yes,16,16
1183753,Tender Notice_PDFs/COXDA_Tender_1183753.pdf,2,1,Closing Date & Time,18/12/2025 15:00,22/12/2025 15:00,yes,16,16
1183753,Tender Notice_PDFs/COXDA_Tender_1183753.pdf,2,1,"Brief Description of Goods,Works or Service","Supply, Installation, and Maintenance of Various parts of CoxDA Lift. FY 2025-26","Supply, Installation, and Maintenance of Various parts of CoxDA Lift. FY 2025-26",no,80,80
1183753,Tender Notice_PDFs/COXDA_Tender_1183753.pdf,2,1,,Phasing Indicative Indicative Ref. No. of Location Completion Start Date service Date CoxDA/Rev/2025- Supply CoxDA 24/12/2025 15/06/2026 26/OTM/PS-11 Bhaban,Phasing Indicative Indicative Ref. No. of Location Start Completion service Date Date CoxDA/Rev/2025- Supply CoxDA 2025-12- 2026-06-15 26/OTM/PS-11 Bhaban 24,yes,156,157
509251,Tender Notice_PDFs/COXDA_Tender_509251.pdf,2,2,Eligibility of Consultant,"Eligibility of tender is according to Tender Document Up- to-date Income Tax, VAT and TIN certificate Up-to-date Trade License For document preparation Technical Specification, Drwaing and Standard format of liquid assets is added in Section -7 and Section-9 (Drawing) and according to ITT clause 16 Should have a batching plant at Coxbazar a) The minimum number of years of general experience in the construction works as Prime Contractor or Subcontractor or Management Contractor shall be 10 (ten) years. b) The minimum specific experience as a Prime Contractor or Subcontractor or Management Contractor in construction works of at least one (01) contract of similar nature, complexity and methods/construction technology [Bituminous Pavement with RCC Drain/ Sewer] successfully completed within the last seven (07) years, with a value of at least Tk. 70 (Seventy) crore. [Specific experience must conform with the detailed requirement mentioned in ITT 15.1 b, c, d, e & f] The required average annual construction turnover shall be greater than Tk.70.00 (Seventy) Crore over last 5 (five) years and in its support necessary payment certificate must be submitted along (as per below Table) with the Tender. Year counting backward from the date of publication of IFT in the Webpage. The minimum amount of liquid assets or working capital or credit facilities of the Tenderer shall be Tk.40.00 (Forty) Crore and in its support necessary bank certificate. Price Adjustment will be applicable for the following cost components: Cement, Re-bar, Coarse Aggregate, Fine Aggregates, Bitumen, First Class/P.J. Bricks, Ordinary Labour only The weightings or coefficients for adjustment will be specified during signing Contract Agreement","Eligibility of tender is according to Tender Document Up- to-date Income Tax, VAT and TIN certificate Up-to-date Trade License For document preparation Technical Specification, Drwaing and Standard format of liquid assets is added in Section -7 and Section-9 (Drawing) and according to ITT clause 16 Should have a batching plant at Coxbazar a) The minimum number of years of general experience in the construction works as Prime Contractor or Subcontractor or Management Contractor shall be 10 (ten) years. b) The minimum specific experience as a Prime Contractor or Subcontractor or Management Contractor in construction works of at least one (01) contract of similar nature, complexity and methods/construction technology [Bituminous Pavement with RCC Drain/ Sewer] successfully completed within the last seven (07) years, with a value of at least Tk. 70 (Seventy) crore. [Specific experience must conform with the detailed requirement mentioned in ITT 15.1 b, c, d, e & f] The required average annual construction turnover shall be greater than Tk. 50.00 (Fifty) Crore over last 5 (five) years and in its support necessary payment certificate must be submitted along (as per below Table) with the Tender. Year counting backward from the date of publication of IFT in the Webpage. The minimum amount of liquid assets or working capital or credit facilities of the Tenderer shall be Tk.40.00 (Forty) Crore and in its support necessary bank certificate. Price Adjustment will be applicable for the following cost components: Cement, Re-bar, Coarse Aggregate, Fine Aggregates, Bitumen, First Class/P.J. Bricks, Ordinary Labour only The weightings or coefficients for adjustment will be specified during signing Contract Agreement",yes,1729,1728
549299,Tender Notice_PDFs/COXDA_Tender_549299.pdf,2,1,Eligibility of Consultant,As per TDS,As per TDS Tenderer must go through the uploaded Particular Specifications,yes,10,74
549299,Tender Notice_PDFs/COXDA_Tender_549299.pdf,2,1,"Brief Description of Goods,Works or Service","Supplying, Installation, Testing and Commissioning of CCTV Works for Holiday More-Bazarghata-Larpara Bus Stand Main Road under ""Holiday More-Bazarghata-Larpara Bus Stand Main Road Re- Construction and Widening Project of Cox's Bazar District""","Supplying, Installation, Testing and Commissioning of CCTV Works for Holiday More-Bazarghata-Larpara Bus Stand Main Road under ""Holiday More-Bazarghata-Larpara Bus Stand Main Road Re- Construction and Widening Project of Cox's Bazar District""",no,242,242
549431,Tender Notice_PDFs/COXDA_Tender_549431.pdf,2,1,Eligibility of Consultant,As per TDS,As per TDS Tenderer must go through the uploaded Particular Specifications,yes,10,74
549431,Tender Notice_PDFs/COXDA_Tender_549431.pdf,2,1,"Brief Description of Goods,Works or Service","Supplying, Installation, Testing, Commissioning and Maintenance of WiFi Works for Holiday More-Bazarghata-Larpara Bus Stand Main Road under ""Holiday More-Bazarghata-Larpara Bus Stand Main Road Re-Construction and Widening Project"" of Cox's Bazar District","Supplying, Installation, Testing, Commissioning and Maintenance of WiFi Works for Holiday More-Bazarghata-Larpara Bus Stand Main Road under ""Holiday More-Bazarghata-Larpara Bus Stand Main Road Re-Construction and Widening Project"" of Cox's Bazar District",no,254,254
563563,Tender Notice_PDFs/COXDA_Tender_563563.pdf,2,2,Opening Date & Time,26/04/2021 15:30,02/05/2021 11:00,yes,16,16
563563,Tender Notice_PDFs/COXDA_Tender_563563.pdf,2,2,Last date & time for Tender/Proposal Security Submission,22/04/2021 15:00,02/05/2021 10:30,yes,16,16
563563,Tender Notice_PDFs/COXDA_Tender_563563.pdf,2,2,Start Date(Lot No : 1),02/05/2021,05/05/2021,yes,10,10
563563,Tender Notice_PDFs/COXDA_Tender_563563.pdf,2,2,Closing Date & Time,26/04/2021 15:30,02/05/2021 11:00,yes,16,16
563563,Tender Notice_PDFs/COXDA_Tender_563563.pdf,2,2,Document last selling date & time,22/04/2021 12:00,26/04/2021 12:00,yes,16,16
563563,Tender Notice_PDFs/COXDA_Tender_563563.pdf,2,2,Eligibility of Consultant,As per TDS,As per TDS,no,10,10
563563,Tender Notice_PDFs/COXDA_Tender_563563.pdf,2,2,Opening Date & Time,22/04/2021 15:30,26/04/2021 15:30,yes,16,16
563563,Tender Notice_PDFs/COXDA_Tender_563563.pdf,2,2,Start Date(Lot No : 1),27/04/2021,02/05/2021,yes,10,10
563563,Tender Notice_PDFs/COXDA_Tender_563563.pdf,2,2,Closing Date & Time,22/04/2021 15:30,26/04/2021 15:30,yes,16,16
563563,Tender Notice_PDFs/COXDA_Tender_563563.pdf,2,2,"Brief Description of Goods,Works or Service",Arboriculture Works under Construction of Multi Storied Office Building of Cox's Bazar Development Authority (CoxDA) Project,Arboriculture Works under Construction of Multi Storied Office Building of Cox's Bazar Development Authority (CoxDA) Project,no,124,124
563563,Tender Notice_PDFs/COXDA_Tender_563563.pdf,2,2,Tender/Proposal Security (Amount in BDT)(Lot No : 1),650000.0,40000,yes,8,5
827087,Tender Notice_PDFs/COXDA_Tender_827087.pdf,2,1,Eligibility of Consultant,as per TDS,As per TDS. But Clause 9.1 shall be as follows: A satisfactory completion of similar works of at least Tk 5.00 (Five) lac under 1.00 (One) of contract(s) over a period of 3 (Three) years shall be required.,yes,10,205
827087,Tender Notice_PDFs/COXDA_Tender_827087.pdf,2,1,"Brief Description of Goods,Works or Service","Supply and Related Service for Installation of CCTV Camera, Access Control Device, UPS, Glass Door and Other Accessories at CoxDA Office. FY 2022-23","Supply and Related Service for Installation of CCTV Camera, Access Control Device, UPS, Glass Door and Other Accessories at CoxDA Office. FY 2022-23",no,148,148
916128,Tender Notice_PDFs/COXDA_Tender_916128.pdf,2,1,Document last selling date & time,10/12/2023 11:30,17/12/2023 11:30,yes,16,16
916128,Tender Notice_PDFs/COXDA_Tender_916128.pdf,2,1,Eligibility of Consultant,As per TDs.,As per TDS,yes,11,10
916128,Tender Notice_PDFs/COXDA_Tender_916128.pdf,2,1,Opening Date & Time,10/12/2023 15:00,18/12/2023 12:30,yes,16,16
916128,Tender Notice_PDFs/COXDA_Tender_916128.pdf,2,1,Meeting End Date & Time,04/12/2023 13:00,10/12/2023 12:00,yes,16,16
916128,Tender Notice_PDFs/COXDA_Tender_916128.pdf,2,1,Meeting Start Date & Time,30/11/2023 11:00,07/12/2023 14:00,yes,16,16
916128,Tender Notice_PDFs/COXDA_Tender_916128.pdf,2,1,Last date & time for Tender/Proposal Security Submission,10/12/2023 14:00,18/12/2023 12:00,yes,16,16
916128,Tender Notice_PDFs/COXDA_Tender_916128.pdf,2,1,Closing Date & Time,10/12/2023 15:00,18/12/2023 12:30,yes,16,16
925146,Tender Notice_PDFs/COXDA_Tender_925146.pdf,2,2,Document last selling date & time,07/01/2024 14:00,11/01/2024 14:00,yes,16,16
925146,Tender Notice_PDFs/COXDA_Tender_925146.pdf,2,2,Opening Date & Time,07/01/2024 15:30,11/01/2024 15:30,yes,16,16
925146,Tender Notice_PDFs/COXDA_Tender_925146.pdf,2,2,Last date & time for Tender/Proposal Security Submission,01/01/2024 15:00,11/01/2024 15:00,yes,16,16
925146,Tender Notice_PDFs/COXDA_Tender_925146.pdf,2,2,Closing Date & Time,07/01/2024 15:30,11/01/2024 15:30,yes,16,16
925146,Tender Notice_PDFs/COXDA_Tender_925146.pdf,2,2,Document last selling date & time,31/12/2023 16:00,07/01/2024 14:00,yes,16,16
925146,Tender Notice_PDFs/COXDA_Tender_925146.pdf,2,2,Opening Date & Time,01/01/2024 15:30,07/01/2024 15:30,yes,16,16
925146,Tender Notice_PDFs/COXDA_Tender_925146.pdf,2,2,Meeting End Date & Time,18/12/2023 16:00,31/12/2023 16:00,yes,16,16
925146,Tender Notice_PDFs/COXDA_Tender_925146.pdf,2,2,Closing Date & Time,01/01/2024 15:30,07/01/2024 15:30,yes,16,16
963968,Tender Notice_PDFs/COXDA_Tender_963968.pdf,2,1,Eligibility of Consultant,as per TDS,as per TDS,no,10,10
963968,Tender Notice_PDFs/COXDA_Tender_963968.pdf,2,1,"Brief Description of Goods,Works or Service","Supply of Goods and Related Service for Organizing Various Seminars by Cox's Bazar Development Authority, Cox's Bazar. FY 2023-24","Supply of Goods and Related Service for Organizing Various Seminars by Cox's Bazar Development Authority, Cox's Bazar. FY 2023-24",no,129,129
971720,Tender Notice_PDFs/COXDA_Tender_971720.pdf,2,1,Document last selling date & time,06/05/2024 12:00,13/05/2024 12:00,yes,16,16
971720,Tender Notice_PDFs/COXDA_Tender_971720.pdf,2,1,Eligibility of Consultant,as per TDS,as per TDS,no,10,10
971720,Tender Notice_PDFs/COXDA_Tender_971720.pdf,2,1,Opening Date & Time,06/05/2024 15:00,13/05/2024 15:00,yes,16,16
971720,Tender Notice_PDFs/COXDA_Tender_971720.pdf,2,1,Last date & time for Tender/Proposal Security Submission,06/05/2024 14:00,13/05/2024 14:00,yes,16,16
971720,Tender Notice_PDFs/COXDA_Tender_971720.pdf,2,1,Closing Date & Time,06/05/2024 15:00,13/05/2024 15:00,yes,16,16
971720,Tender Notice_PDFs/COXDA_Tender_971720.pdf,2,1,"Brief Description of Goods,Works or Service","Construction of Sub Station Building, Pump House and Other Remaining Civil and Electromechanical Works of the Residential Flats under Cox's Bazar Development Authority Residential Flat Project-1","Construction of Sub Station Building, Pump House and Other Remaining Civil and Electromechanical Works of the Residential Flats under Cox's Bazar Development Authority Residential Flat Project-1",no,194,194
971832,Tender Notice_PDFs/COXDA_Tender_971832.pdf,2,2,Document last selling date & time,29/04/2024 12:00,05/05/2024 12:00,yes,16,16
971832,Tender Notice_PDFs/COXDA_Tender_971832.pdf,2,2,Opening Date & Time,29/04/2024 15:00,05/05/2024 15:00,yes,16,16
971832,Tender Notice_PDFs/COXDA_Tender_971832.pdf,2,2,Last date & time for Tender/Proposal Security Submission,22/04/2024 14:00,05/05/2024 14:00,yes,16,16
971832,Tender Notice_PDFs/COXDA_Tender_971832.pdf,2,2,Start Date(Lot No : 1),02/05/2024,15/05/2024,yes,10,10
971832,Tender Notice_PDFs/COXDA_Tender_971832.pdf,2,2,Closing Date & Time,29/04/2024 15:00,05/05/2024 15:00,yes,16,16
971832,Tender Notice_PDFs/COXDA_Tender_971832.pdf,2,2,Document last selling date & time,22/04/2024 12:00,29/04/2024 12:00,yes,16,16
971832,Tender Notice_PDFs/COXDA_Tender_971832.pdf,2,2,Opening Date & Time,22/04/2024 15:00,29/04/2024 15:00,yes,16,16
971832,Tender Notice_PDFs/COXDA_Tender_971832.pdf,2,2,Closing Date & Time,22/04/2024 15:00,29/04/2024 15:00,yes,16,16
1251658,Tender Notice_PDFs/GDA_Tender_1251658.pdf,2,1,,"(1) The minimum number of years of general experience of the Tenderer in contracting industries in public sector as Prime Contractor/Sub Contractor/Management Contractor shall be 03 (Three) years. (2) The minimum specific experience as a Prime Contractor in providing non-consulting service of at least ONE contract of manpower supply through outsourcing in any Government/ Semi- Government/ Autonomous organization, with a contract value of at least BDT 30.00 Lakh under a single contract, successfully completed within 01 (One) year over a period of last 03 (Three) years shall be required. (3) The required average annual turnover of the Tenderer shall be at least of the amount of BDT 7.50 Lakh over the last 03 (Three) years. (4) The minimum amount of financial resources as liquid asset or working capital or credit line(s) or specific credit commitment or in any combination of them, of the Tenderers shall be BDT 5.00 lakh only. (5) The Tenderer must submit the following updated documents: valid Trade License, VAT registration certificate, Income Tax Clearance Certificate, Papers related to previous manpower supply experience. (6) The Tenderer must submit up-to-date License/Registration Document as manpower provider firm issued by Department of Inspection for Factories and Establishments (DIFE) in compliance of Section 3Ka (1) of Bangladesh Labor Act 2006. Failure in submitting of such document shall lead to the non-responsiveness of the concerned bidder/tenderer. (7) Tenderer must follow the following guidelines- Outsourcing Service Procurement Policy, 2025: Ministry of Finance, circular no 07.00.0000.000.153.99.0001.21-178, Dated: 15/04/2025. (8) VAT and Income Tax will be deducted as per latest government instructions. (9) All other qualification criteria will be as per TDS and ITT included in the tender.","(1) The minimum number of years of general experience of the Tenderer in contracting industries in public sector as Prime Contractor/Sub Contractor/Management Contractor shall be 03 (Three) years. (2) The minimum specific experience as a Prime Contractor in providing non-consulting service of at least ONE contract of manpower supply through outsourcing in any Government/ Semi- Government/ Autonomous organization, with a contract value of at least BDT 5.50 Lakh under a single contract, successfully completed within 01 (One) year over a period of last 03 (Three) years shall be required. (3) The required average annual turnover of the Tenderer shall be at least of the amount of BDT 3.00 Lakh over the last 03 (Three) years. (4) The minimum amount of financial resources as liquid asset or working capital or credit line(s) or specific credit commitment or in any combination of them, of the Tenderers shall be BDT 1.50 lakh only. (5) The Tenderer must submit the following updated documents: valid Trade License, VAT registration certificate, Income Tax Clearance Certificate, Papers related to previous manpower supply experience. (6) The Tenderer must submit up-to-date License/Registration Document as manpower provider firm issued by Department of Inspection for Factories and Establishments (DIFE) in compliance of Section 3Ka (1) of Bangladesh Labor Act 2006. Failure in submitting of such document shall lead to the non-responsiveness of the concerned bidder/tenderer. (7) Tenderer must follow the following guidelines- Outsourcing Service Procurement Policy, 2025: Ministry of Finance, circular no 07.00.0000.000.153.99.0001.21-178, Dated: 15/04/2025. (8) VAT and Income Tax will be deducted as per latest government instructions. (9) All other qualification criteria will be as per TDS and ITT included in the tender.",yes,1833,1832
1251756,Tender Notice_PDFs/GDA_Tender_1251756.pdf,2,2,Document last selling date & time,26/04/2026 12:00,03/05/2026 12:00,yes,16,16
1251756,Tender Notice_PDFs/GDA_Tender_1251756.pdf,2,2,Opening Date & Time,26/04/2026 17:00,03/05/2026 17:00,yes,16,16
1251756,Tender Notice_PDFs/GDA_Tender_1251756.pdf,2,2,Last date & time for Tender/Proposal Security Submission,26/04/2026 15:00,03/05/2026 15:00,yes,16,16
1251756,Tender Notice_PDFs/GDA_Tender_1251756.pdf,2,2,Closing Date & Time,26/04/2026 17:00,03/05/2026 17:00,yes,16,16
1251756,Tender Notice_PDFs/GDA_Tender_1251756.pdf,2,2,,"Indicative Ref. Phasing of Indicative Location Completion No. service Start Date Date gda- Hiring gazipur 14/05/2026 30/06/2027 dev- transportation for 2025- inspection through 2026- outsourcing under 2-1 the project titled ""Road Construction Survey","Indicative Indicative Ref. Phasing of Location Start Completion No. service Date Date gda- Hiring gazipur 2026-05- 2027-06-30 dev- transportation for 14 2025- inspection through 2026- outsourcing under 2-1 the project titled ""Road Construction Survey",yes,249,250
1251756,Tender Notice_PDFs/GDA_Tender_1251756.pdf,2,2,,as stated in TDS and PCC,as stated in TDS and PCC,no,24,24
1251756,Tender Notice_PDFs/GDA_Tender_1251756.pdf,2,2,Document last selling date & time,19/04/2026 12:00,26/04/2026 12:00,yes,16,16
1251756,Tender Notice_PDFs/GDA_Tender_1251756.pdf,2,2,Eligibility of Consultant,"(1) The minimum number of years of general experience of the Tenderer in contracting industries in public sector as Prime Contractor/Sub Contractor/Management Contractor shall be 03 (Three) years. (2) The minimum specific experience as a Prime Contractor in providing non-consulting service of at least ONE contract of vehicle supply through outsourcing in any Government/ Semi-Government/ Autonomous organization, with a contract value of at least BDT20.00 Lakh under a single contract, successfully completed within 01 (One) year over a period of last 03 (Three) years shall be required. (3) The required average annual turnover of the Tenderer shall be at least of the amount of BDT 27.00 Lakh over the last 03 (Three) years. (4) The minimum amount of financial resources as liquid asset or working capital or credit line(s) or specific credit commitment or in any combination of them, of the Tenderers shall be BDT 9.00 lakh only. (5) The Tenderer must submit the following updated documents: valid Trade License, VAT registration certificate, Income Tax Clearance Certificate, Papers related to previous manpower supply experience. (6) Tenderer must follow the following guidelines- Outsourcing Service Procurement Policy, 2025: Ministry of Finance, circular no 07.00.0000.000.153.99.0001.21-178, Dated: 15/04/2025. (8) VAT and Income Tax will be deducted as per latest government instructions. (9) All other qualification criteria will be as per TDS and ITT included in the tender.","(1) The minimum number of years of general experience of the Tenderer in contracting industries in public sector as Prime Contractor/Sub Contractor/Management Contractor shall be 03 (Three) years. (2) The minimum specific experience as a Prime Contractor in providing non-consulting service of at least ONE contract of vehicle supply through outsourcing in any Government/ Semi-Government/ Autonomous organization, with a contract value of at least BDT20.00 Lakh under a single contract, successfully completed within 01 (One) year over a period of last 03 (Three) years shall be required. (3) The required average annual turnover of the Tenderer shall be at least of the amount of BDT 27.00 Lakh over the last 03 (Three) years. (4) The minimum amount of financial resources as liquid asset or working capital or credit line(s) or specific credit commitment or in any combination of them, of the Tenderers shall be BDT 9.00 lakh only. (5) The Tenderer must submit the following updated documents: valid Trade License, VAT registration certificate, Income Tax Clearance Certificate, Papers related to previous manpower supply experience. (6) Tenderer must follow the following guidelines- Outsourcing Service Procurement Policy, 2025: Ministry of Finance, circular no 07.00.0000.000.153.99.0001.21-178, Dated: 15/04/2025. (8) VAT and Income Tax will be deducted as per latest government instructions. (9) All other qualification criteria will be as per TDS and ITT included in the tender.",no,1487,1487
1253316,Tender Notice_PDFs/GDA_Tender_1253316.pdf,2,1,Document last selling date & time,19/04/2026 12:00,26/04/2026 12:00,yes,16,16
1253316,Tender Notice_PDFs/GDA_Tender_1253316.pdf,2,1,Opening Date & Time,19/04/2026 17:00,26/04/2026 17:00,yes,16,16
1253316,Tender Notice_PDFs/GDA_Tender_1253316.pdf,2,1,Last date & time for Tender/Proposal Security Submission,19/04/2026 15:00,26/04/2026 15:00,yes,16,16
1253316,Tender Notice_PDFs/GDA_Tender_1253316.pdf,2,1,Closing Date & Time,19/04/2026 17:00,26/04/2026 17:00,yes,16,16
1253316,Tender Notice_PDFs/GDA_Tender_1253316.pdf,2,1,,Indicative Ref. Phasing of Indicative Location Completion No. service Start Date Date gda- Supply of gazipur 14/05/2026 30/06/2027 dev- vehicles under 2025- the project titled 2026-1- Planned Housing 3 (3 plots of more than 200 acres and 8 plots of 20 acres) in Gazipur district.,Indicative Indicative Ref. Phasing of Location Start Completion No. service Date Date gda- Supply of vehicles gazipur 2026-05- 2027-06-30 dev- under the project 14 2025- titled Planned 2026-1- Housing (3 plots 3 of more than 200 acres and 8 plots of 20 acres) in Gazipur district.,yes,279,280
1253428,Tender Notice_PDFs/GDA_Tender_1253428.pdf,2,1,,"(1) The minimum number of years of general experience of the Tenderer in contracting industries in public sector as Prime Contractor/Sub Contractor/Management Contractor shall be 03 (Three) years. (2) The minimum specific experience as a Prime Contractor in providing non-consulting service of at least ONE contract of vehicle supply through outsourcing in any Government/ Semi-Government/ Autonomous organization, with a contract value of at least BDT11.00 Lakh under a single contract, successfully completed within 01 (One) year over a period of last 03 (Three) years shall be required. (3) The required average annual turnover of the Tenderer shall be at least of the amount of BDT 11.00 Lakh over the last 03 (Three) years. (4) The minimum amount of financial resources as liquid asset or working capital or credit line(s) or specific credit commitment or in any combination of them, of the Tenderers shall be BDT 4.00 lakh only. (5) The Tenderer must submit the following updated documents: valid Trade License, VAT registration certificate, Income Tax Clearance Certificate, Papers related to previous manpower supply experience. (6) Tenderer must follow the following guidelines- Outsourcing Service Procurement Policy, 2025: Ministry of Finance, circular no 07.00.0000.000.153.99.0001.21-178, Dated: 15/04/2025. (8) VAT and Income Tax will be deducted as per latest government instructions. (9) All other qualification criteria will be as per TDS and ITT included in the tender.","(1) The minimum number of years of general experience of the Tenderer in contracting industries in public sector as Prime Contractor/Sub Contractor/Management Contractor shall be 03 (Three) years. (2) The minimum specific experience as a Prime Contractor in providing non-consulting service of at least ONE contract of vehicle supply through outsourcing in any Government/ Semi-Government/ Autonomous organization, with a contract value of at least BDT11.00 Lakh under a single contract, successfully completed within 01 (One) year over a period of last 03 (Three) years shall be required. (3) The required average annual turnover of the Tenderer shall be at least of the amount of BDT 11.00 Lakh over the last 03 (Three) years. (4) The minimum amount of financial resources as liquid asset or working capital or credit line(s) or specific credit commitment or in any combination of them, of the Tenderers shall be BDT 4.00 lakh only. (5) The Tenderer must submit the following updated documents: valid Trade License, VAT registration certificate, Income Tax Clearance Certificate, Papers related to previous manpower supply experience. (6) Tenderer must follow the following guidelines- Outsourcing Service Procurement Policy, 2025: Ministry of Finance, circular no 07.00.0000.000.153.99.0001.21-178, Dated: 15/04/2025. (8) VAT and Income Tax will be deducted as per latest government instructions. (9) All other qualification criteria will be as per TDS and ITT included in the tender.",no,1487,1487
1253428,Tender Notice_PDFs/GDA_Tender_1253428.pdf,2,1,Document last selling date & time,19/04/2026 12:00,26/04/2026 12:00,yes,16,16
1253428,Tender Notice_PDFs/GDA_Tender_1253428.pdf,2,1,Eligibility of Consultant,"(1) The minimum number of years of general experience of the Tenderer in contracting industries in public sector as Prime Contractor/Sub Contractor/Management Contractor shall be 03 (Three) years. (2) The minimum specific experience as a Prime Contractor in providing non-consulting service of at least ONE contract of vehicle supply through outsourcing in any Government/ Semi-Government/ Autonomous organization, with a contract value of at least BDT11.00 Lakh under a single contract, successfully completed within 01 (One) year over a period of last 03 (Three) years shall be required. (3) The required average annual turnover of the Tenderer shall be at least of the amount of BDT 11.00 Lakh over the last 03 (Three) years. (4) The minimum amount of financial resources as liquid asset or working capital or credit line(s) or specific credit commitment or in any combination of them, of the Tenderers shall be BDT 4.00 lakh only. (5) The Tenderer must submit the following updated documents: valid Trade License, VAT registration certificate, Income Tax Clearance Certificate, Papers related to previous manpower supply experience. (6) Tenderer must follow the following guidelines- Outsourcing Service Procurement Policy, 2025: Ministry of Finance, circular no 07.00.0000.000.153.99.0001.21-178, Dated: 15/04/2025. (8) VAT and Income Tax will be deducted as per latest government instructions. (9) All other qualification criteria will be as per TDS and ITT included in the tender.","(1) The minimum number of years of general experience of the Tenderer in contracting industries in public sector as Prime Contractor/Sub Contractor/Management Contractor shall be 03 (Three) years. (2) The minimum specific experience as a Prime Contractor in providing non-consulting service of at least ONE contract of vehicle supply through outsourcing in any Government/ Semi-Government/ Autonomous organization, with a contract value of at least BDT11.00 Lakh under a single contract, successfully completed within 01 (One) year over a period of last 03 (Three) years shall be required. (3) The required average annual turnover of the Tenderer shall be at least of the amount of BDT 11.00 Lakh over the last 03 (Three) years. (4) The minimum amount of financial resources as liquid asset or working capital or credit line(s) or specific credit commitment or in any combination of them, of the Tenderers shall be BDT 4.00 lakh only. (5) The Tenderer must submit the following updated documents: valid Trade License, VAT registration certificate, Income Tax Clearance Certificate, Papers related to previous manpower supply experience. (6) Tenderer must follow the following guidelines- Outsourcing Service Procurement Policy, 2025: Ministry of Finance, circular no 07.00.0000.000.153.99.0001.21-178, Dated: 15/04/2025. (8) VAT and Income Tax will be deducted as per latest government instructions. (9) All other qualification criteria will be as per TDS and ITT included in the tender.",no,1487,1487
1253428,Tender Notice_PDFs/GDA_Tender_1253428.pdf,2,1,Opening Date & Time,19/04/2026 17:00,26/04/2026 17:00,yes,16,16
1257398,Tender Notice_PDFs/GDA_Tender_1257398.pdf,2,1,Opening Date & Time,28/04/2026 15:00,07/05/2026 15:00,yes,16,16
1257398,Tender Notice_PDFs/GDA_Tender_1257398.pdf,2,1,Closing Date & Time,28/04/2026 15:00,07/05/2026 15:00,yes,16,16
1257398,Tender Notice_PDFs/GDA_Tender_1257398.pdf,2,1,,Indicative Ref. Phasing of Indicative Location Completion No. service Start Date Date gda- geo-physical Area of 02/06/2026 29/04/2027 dev- survey Gazipur 2025- city 2026- corporation 1-4,Indicative Indicative Ref. Phasing of Location Start Completion No. service Date Date gda- geo-physical Area of 2026-06- 2027-04-29 dev- survey Gazipur 02 2025- city 2026-1- corporation 4,yes,186,187
1257431,Tender Notice_PDFs/GDA_Tender_1257431.pdf,2,2,,"Indicative Ref. Phasing of Indicative Location Completion No. service Start Date Date gda- Recruitment of Area of 02/06/2026 29/04/2027 dev- consulting Gazipur 2025- service city 2026- providers under corporation 3-4 the study project titled ""Feasibility of research through surveys","Indicative Indicative Ref. Phasing of Location Start Completion No. service Date Date gda- Recruitment of Area of 2026-06- 2027-04-29 dev- consulting Gazipur 02 2025- service providers city 2026- under the study corporation 3-4 project titled ""Feasibility of research through surveys",yes,282,283
1257431,Tender Notice_PDFs/GDA_Tender_1257431.pdf,2,2,Opening Date & Time,28/04/2026 15:00,07/05/2026 15:00,yes,16,16
1257431,Tender Notice_PDFs/GDA_Tender_1257431.pdf,2,2,Closing Date & Time,28/04/2026 15:00,07/05/2026 15:00,yes,16,16
1257431,Tender Notice_PDFs/GDA_Tender_1257431.pdf,2,2,,"Indicative Ref. Phasing of Indicative Location Completion No. service Start Date Date gda- Recruitment of Area of 02/06/2026 29/04/2027 dev- consulting Gazipur 2025- service city 2026- providers under corporation 3-4 the study project titled ""Feasibility of research through surveys","Indicative Indicative Ref. Phasing of Location Start Completion No. service Date Date gda- Recruitment of Area of 2026-06- 2027-04-29 dev- consulting Gazipur 02 2025- service providers city 2026- under the study corporation 3-4 project titled ""Feasibility of research through surveys",yes,282,283
1020481,Tender Notice_PDFs/KDA_Tender_1020481.pdf,2,1,Document last selling date & time,14/10/2024 17:00,21/10/2024 17:00,yes,16,16
1020481,Tender Notice_PDFs/KDA_Tender_1020481.pdf,2,1,Eligibility of Consultant,"1. Tender security must be submited from any e-GP Schedule bank in favour of Chairman KDA, Khulna. 2. The minimum specific experience as a Prime Contractor in construction works of at least 1(One) contract(s) of the minimum value of the similar nature, complexity and methods/construction technology successfully completed within the last 10 (Ten) years, each with a value of at least Tk. 10 (Ten) Crore. Years counting back ward from the date of publication of IFT in e-Gp portal. The Contractor must have the following experience in the above Mentioned or in other contract : (i) Must have experience of Constructing high rise building [minimum 9 (nine) storied] with steel framed structure. (ii) Should have experience of constructing composite structure of Steel and RCC (iii) Should have experience of providing fire safety facilities of high rise building. (iv) Must have experience of providing electro mechanical and plumbing facilities of high rise building. 3. The required average annual construction turnover shall be greater than Tk. 17 (Seventeen) Crore over the best three (3) years in the last five (5) years. Payment certificates for contract in progress or completed under public sector during last 5 (five) years must be submitted along with the tender in support of average annual construction turnover. Years counting back ward from the date of publication of IFT in e-Gp portal. 4. Liquid assets/ working capital/credit facilities Tk 3 (Three) Crore. 5. The Tender Capacity is Tk. 14 (Fourteen) Crore. Supporting document must be submitted along with information as per enclosed form (ongoing works/commitments) 6. The Tenderer must enclose up-to-date Trade license, Income Tax clearance certificate and VAT registration certificate. 7. Personnel Capacity & Equipment Capacity as per TDS.","1. Tender security must be submited from any e-GP Schedule bank in favour of Chairman KDA, Khulna. 2. The minimum specific experience as a Prime Contractor in construction works of at least 1(One) contract(s) of the minimum value of the similar nature, complexity and methods/construction technology successfully completed within the last 10 (Ten) years, each with a value of at least Tk. 10 (Ten) Crore. Years counting back ward from the date of publication of IFT in e-Gp portal. The Contractor must have the following experience in the above Mentioned or in other contract : (i) Must have experience of Constructing high rise building [minimum 9 (nine) storied] with steel framed structure. (ii) Should have experience of constructing composite structure of Steel and RCC (iii) Should have experience of providing fire safety facilities of high rise building. (iv) Must have experience of providing electro mechanical and plumbing facilities of high rise building. 3. The required average annual construction turnover shall be greater than Tk. 17 (Seventeen) Crore over the best three (3) years in the last five (5) years. Payment certificates for contract in progress or completed under public sector during last 5 (five) years must be submitted along with the tender in support of average annual construction turnover. Years counting back ward from the date of publication of IFT in e-Gp portal. 4. Liquid assets/ working capital/credit facilities Tk 3 (Three) Crore. 5. The Tender Capacity is Tk. 14 (Fourteen) Crore. Supporting document must be submitted along with information as per enclosed form (ongoing works/commitments) 6. The Tenderer must enclose up-to-date Trade license, Income Tax clearance certificate and VAT registration certificate. 7. Personnel Capacity & Equipment Capacity as per TDS. (Drawings are attached in Corrigendum document)",yes,1810,1858
1020481,Tender Notice_PDFs/KDA_Tender_1020481.pdf,2,1,Opening Date & Time,15/10/2024 14:00,22/10/2024 14:00,yes,16,16
1020481,Tender Notice_PDFs/KDA_Tender_1020481.pdf,2,1,Last date & time for Tender/Proposal Security Submission,15/10/2024 13:59,22/10/2024 13:59,yes,16,16
1020481,Tender Notice_PDFs/KDA_Tender_1020481.pdf,2,1,Closing Date & Time,15/10/2024 14:00,22/10/2024 14:00,yes,16,16
1020481,Tender Notice_PDFs/KDA_Tender_1020481.pdf,2,1,"Brief Description of Goods,Works or Service","Construction of total 09 (nine) storied steel framed Building on existing 3 storied building with 9-storied foundation, including semi basement Floor. It includes Civil, Sanitary, water supply and Internal Electrification, fire protection etc.","Construction of total 09 (nine) storied steel framed Building on existing 3 storied building with 9-storied foundation, including semi basement Floor. It includes Civil, Sanitary, water supply and Internal Electrification, fire protection etc.",no,243,243
1072723,Tender Notice_PDFs/KDA_Tender_1072723.pdf,2,1,Eligibility of Consultant,"1. Tender security must be submited from any e-GP Schedule bank in favour of Chairman KDA, Khulna. 2. The Tenderer shall have a minimum of 05 (Five) years of Overall experience in supply of Equipment and related services. 3. Minimum Specific experience as supplier in supply of similar Goods of at single contract(s) successfully completion within the last 03 (Three) Years, with a value of at least Tk. 15 Lakh 4. The minimum amount of liquid assets or working capital or credit facilities shall be Tk. 580000.00. 5. The tenderer must also have Update Income Tax certificate (2024- 2025),Trade License (2024-2025) and VAT Registration certificate. 6. Proof of Works Completion Certificate for similar kind of Supply. 7. All others as stated in the tender documents.","1. Tender security must be submited from any e-GP Schedule bank in favour of Chairman KDA, Khulna. 2. The Tenderer shall have a minimum of 05 (Five) years of Overall experience in supply of Equipment and related services. 3. Minimum Specific experience as supplier in supply of similar Goods of at single contract(s) successfully completion within the last 03 (Three) Years, with a value of at least Tk. 15 Lakh 4. The minimum amount of liquid assets or working capital or credit facilities shall be Tk. 580000.00. 5. The tenderer must also have Update Income Tax certificate (2024- 2025),Trade License (2024-2025) and VAT Registration certificate. 6. Proof of Works Completion Certificate for similar kind of Supply. 7. All others as stated in the tender documents.",no,766,766
1072723,Tender Notice_PDFs/KDA_Tender_1072723.pdf,2,1,"Brief Description of Goods,Works or Service","Supply of Laptop, Desktop Computer, Projector, Printer, Scanner and other accessories at KDA","Supply of Laptop, Desktop Computer, Projector, Printer, Scanner and other accessories at KDA",no,92,92
1229751,Tender Notice_PDFs/KDA_Tender_1229751.pdf,2,2,Eligibility of Consultant,"1. The minimum specific experience as a Prime Contractor in construction works of at least 1(One) contract(s) of the minimum value of the similar nature, complexity and methods/construction technology successfully completed within the last 10(ten) years, each with a value of at least BDT.Tk. 40 (Forty) Crore. Years counting back ward from the date of publication of IFT in e-Gp portal. The Contractor shall have the following experience in the above Mentioned and other contract : (i) Must have experience of Constructing building with Minimum two Basements. (ii) Construction of Cast-in-situ RCC Pile of Minimum dia 400mm and a Length of 30M or More (iii) Cast in situ pile must be done by using hydraulic Rotary pilling Rig. Machine. (iv) All RCC casting must be done by using Ready Mix Concrete plant. (v) Mechanical hydraulic pressure machine must be used for pre- cast pile driven (iv) Construction of precast pile of minimum size 400mm x400mm and length of 30m or more. 2. The required average annual construction turnover shall be greater than Tk. 67.00 (Sixty Seven) Crore in the last 5 (Five) years. Payment certificates for contract in progress or completed under public sector during last 5 (five) years must be submitted along with the tender in support of average annual construction turnover. 3. Liquid assets/ working capital/credit facilities Tk. 60.00 (Sixty) Crore. 4. The Tender Capacity is Tk. 52.00 (Fifty Two) Crore. Supporting document must be submitted along with information as per enclosed form (ongoing works/commitments) 5. The Tenderer must enclose up-to-date Trade license, Income Tax clearance certificate, VAT registration certificate and up-to-date ABC Contractor and Supervisory License. 6. Personnel Capacity & Equipment Capacity as per TDS.","1. The minimum specific experience as a Prime Contractor in construction works of at least 1(One) contract(s) of the minimum value of the similar nature, complexity and methods/construction technology successfully completed within the last 10(ten) years, each with a value of at least BDT.Tk. 40 (Forty) Crore. Years counting back ward from the date of publication of IFT in e-Gp portal. The Contractor shall have the following experience in the above Mentioned and other contract : (i) Must have experience of Constructing building with Minimum two Basements. (ii) Construction of Cast-in-situ RCC Pile of Minimum dia 400mm and a Length of 30M or More (iii) Cast in situ pile must be done by using hydraulic Rotary pilling Rig. Machine. (iv) All RCC casting must be done by using Ready Mix Concrete plant. (v) Mechanical hydraulic pressure machine must be used for pre- cast pile driven (vi) Construction of precast pile of minimum size 400mm x400mm and length of 30m or more. 2. The required average annual construction turnover shall be greater than Tk. 67.00 (Sixty Seven) Crore in the last 5 (Five) years. Payment certificates for contract in progress or completed under public sector during last 5 (five) years must be submitted along with the tender in support of average annual construction turnover. 3. Liquid assets/ working capital/credit facilities Tk. 60.00 (Sixty) Crore. 4. The Tender Capacity is Tk. 52.00 (Fifty Two) Crore. Supporting document must be submitted along with information as per enclosed form (ongoing works/commitments) 5. The Tenderer must enclose up-to-date Trade license, Income Tax clearance certificate, VAT registration certificate and up-to-date ABC Contractor and Supervisory License. 6. Personnel Capacity & Equipment Capacity as per TDS.",yes,1778,1778
1265434,Tender Notice_PDFs/KDA_Tender_1265434.pdf,2,1,Document last selling date & time,24/05/2026 16:00,02/06/2026 15:00,yes,16,16
1265434,Tender Notice_PDFs/KDA_Tender_1265434.pdf,2,1,Eligibility of Consultant,"Construction of 3.778 km(4-Lane) Road, 48.00 meter Long PC Girder Bridge, Box culverts , Sulice gate, Road Side RCC Drain, Footpath, Rigid Pavement. Road Divider and Electrification Work and Others Condition as per TDS.",As per TDS.,yes,219,11
1265434,Tender Notice_PDFs/KDA_Tender_1265434.pdf,2,1,Opening Date & Time,25/05/2026 12:00,03/06/2026 12:00,yes,16,16
1265434,Tender Notice_PDFs/KDA_Tender_1265434.pdf,2,1,Last date & time for Tender/Proposal Security Submission,25/05/2026 11:00,03/06/2026 11:00,yes,16,16
1265434,Tender Notice_PDFs/KDA_Tender_1265434.pdf,2,1,Closing Date & Time,25/05/2026 12:00,03/06/2026 12:00,yes,16,16
1265434,Tender Notice_PDFs/KDA_Tender_1265434.pdf,2,1,"Brief Description of Goods,Works or Service",Widening and Improvement of Khulna Shipyard Road (Remaining work),"Widening and Improvement of Khulna Shipyard Road (Remaining work) Construction of 3.778 km(4-Lane) Road, 48.00 meter Long PC Girder Bridge, Box culverts , Sulice gate, Road Side RCC Drain, Footpath, Rigid Pavement. Road Divider and Electrification Work and Others Condition",yes,65,273
262818,Tender Notice_PDFs/KDA_Tender_262818.pdf,2,1,Document last selling date & time,13/01/2019 17:00,17/01/2019 17:00,yes,16,16
262818,Tender Notice_PDFs/KDA_Tender_262818.pdf,2,1,Opening Date & Time,14/01/2019 13:00,20/01/2019 13:00,yes,16,16
262818,Tender Notice_PDFs/KDA_Tender_262818.pdf,2,1,Last date & time for Tender/Proposal Security Submission,14/01/2019 12:00,20/01/2019 12:00,yes,16,16
262818,Tender Notice_PDFs/KDA_Tender_262818.pdf,2,1,Closing Date & Time,14/01/2019 13:00,20/01/2019 13:00,yes,16,16
459665,Tender Notice_PDFs/KDA_Tender_459665.pdf,2,1,Eligibility of Consultant,"(a) Tenderer shall have a minimum of 5 [five] years of General experience in the supply of Goods and related services. (b) The satisfactory completion of supply of similar Goods of minimum Tk. 30 lac under maximum 01[one] contracts in the last 5[five] of years. i.e. years counting backward from the date of publication of IFT in the (c) The minimum amount of liquid assets i.e. working capital or credit line(s), net of other contractual commitments is Tk. 25 lac. (d) The required average annual construction turnover shall be greater than BDT 34.50 Lac over the last 5( Five) years. Years counting backward form the date of publication of Tender Notice/ IFT of the newspaper","(a) Tenderer shall have a minimum of 5 [five] years of General experience in the supply of Goods and related services. (b) The satisfactory completion of supply of similar Goods of minimum Tk. 30 lac under maximum 01[one] contracts in the last 5[five] of years. i.e. years counting backward from the date of publication of IFT in the (c) The minimum amount of liquid assets i.e. working capital or credit line(s), net of other contractual commitments is Tk. 25 lac. (d) The required average annual construction turnover shall be greater than BDT 34.50 Lac over the last 5( Five) years. Years counting backward form the date of publication of Tender Notice/ IFT of the newspaper Note:The LC of the 10 person passenger lift must be opened in favour of kda & the imported lift with sealed Container to be unloaded directly to the kda rest house from Chittagang/ Mongla seaport or Air port. Other terms and conditions as per TDS.",yes,677,925
459665,Tender Notice_PDFs/KDA_Tender_459665.pdf,2,1,TDS/PDS--C. Qualification Criteria--,"The satisfactory completion of supply of similar Goods of minimum Tk. 30 [thirty] Lac under maximum 01(one) contracts in the last 05 [five] of years. i.e. years counting backward from the date of publication of IFT in the e-GP System. The minimum specific experience as Supplier in supply of similar Goods of at least [state number] contract(s) successfully completed within the last [state number] years, each with a value of at least Tk. [state amount]. [the minimum number of contracts will depend upon the size and type of supply of goods, and the Procuring Entity should make its own judgement based upon its experience in the supply sector. For example, for large supply, it could be two (2) contract of similar nature during the last three (3) years or five (5) (whichever appropriate); years counting backward from the date of publication of IFT in the newspaper] [the minimum value is recommended to be between 70 and 100 percent of the estimated cost of the proposed supply] [for Tenders where the package contains more than one (1) lot, this qualification requirements, shall be mentioned separately for each lot in the package]. The required average annual construction turnover shall be greater than BDT 34.50 crore over the last 5( Five) years. Years counting backward form the date of publication of Tender Notice/ IFT of the newspaper","The satisfactory completion of supply of similar Goods of minimum Tk. 30 [thirty] Lac under maximum 01(one) contracts in the last 05 [five] of years. i.e. years counting backward from the date of publication of IFT in the e-GP System. The minimum specific experience as Supplier in supply of similar Goods of at least [state number] contract(s) successfully completed within the last [state number] years, each with a value of at least Tk. [state amount]. [the minimum number of contracts will depend upon the size and type of supply of goods, and the Procuring Entity should make its own judgement based upon its experience in the supply sector. For example, for large supply, it could be two (2) contract of similar nature during the last three (3) years or five (5) (whichever appropriate); years counting backward from the date of publication of IFT in the newspaper] [the minimum value is recommended to be between 70 and 100 percent of the estimated cost of the proposed supply] [for Tenders where the package contains more than one (1) lot, this qualification requirements, shall be mentioned separately for each lot in the package]. The required average annual construction turnover shall be greater than BDT 34.50 crore over the last 5( Five) years. Years counting backward form the date of publication of Tender Notice/ IFT of the newspaper. Note:The LC of the 10 person passenger lift must be opened in favour of kda & the imported lift with sealed Container to be unloaded directly to the kda rest house from Chittagang/ Mongla seaport or Air port.",yes,1350,1560
459665,Tender Notice_PDFs/KDA_Tender_459665.pdf,2,1,"Brief Description of Goods,Works or Service",Supplying & installation of 10 person capacity Passenger Lift at kda Rest House,Supplying & installation of 10 person capacity Passenger Lift at kda Rest House,no,79,79
728690,Tender Notice_PDFs/KDA_Tender_728690.pdf,2,1,TDS/PDS--C. Qualification Criteria--,"The required average annual construction turnover shall be greater than Tk [insert amount] over the last [state number] years. [ the required average annual construction turn over is recommended to be about less than or equal to the estimated annual cash flow for the Contract; however the multiplier may vary from 0.30 to 1.00 ; [ years counting backward from the date of publication of IFT in the newspaper. The period may be best three (3) years in the last five (5) years or best five (5) years in the last ten (10) years (as appropriate)] Example: Estimated Contract Value: Tk 24 lakh Contract period: 12 months Estimated Annual Cash Flow: Tk 24 lakh Required average annual construction turn over: Tk 12 lakh, using a multiplier of 0.5. [for Tenders where the package contains more than one (1) lot, this qualification requirements shall be mentioned separately for each lot in the package]","The required average annual construction turnover shall be greater than Tk 88 lakh over the last 5 years. [ the required average annual construction turn over is recommended to be about less than or equal to the estimated annual cash flow for the Contract; however the multiplier may vary from 0.30 to 1.00 ; [ years counting backward from the date of publication of IFT in the newspaper. The period may be best three (3) years in the last five (5) years or best five (5) years in the last ten (10) years (as appropriate)] Example: Estimated Contract Value: Tk 24 lakh Contract period: 12 months Estimated Annual Cash Flow: Tk 24 lakh Required average annual construction turn over: Tk 12 lakh, using a multiplier of 0.5. [for Tenders where the package contains more than one (1) lot, this qualification requirements shall be mentioned separately for each lot in the package]",yes,896,875
728690,Tender Notice_PDFs/KDA_Tender_728690.pdf,2,1,TDS/PDS--C. Qualification Criteria--,The minimum capacity shall be: N/A,The minimum capacity shall be: 12 Lakh,yes,34,38
728691,Tender Notice_PDFs/KDA_Tender_728691.pdf,2,1,TDS/PDS--C. Qualification Criteria--,The minimum capacity shall be: N/A,The minimum capacity shall be: 10 lakh,yes,34,38
728691,Tender Notice_PDFs/KDA_Tender_728691.pdf,2,1,TDS/PDS--C. Qualification Criteria--,"The required average annual construction turnover shall be greater than Tk [insert amount] over the last [state number] years. [ the required average annual construction turn over is recommended to be about less than or equal to the estimated annual cash flow for the Contract; however the multiplier may vary from 0.30 to 1.00 ; [ years counting backward from the date of publication of IFT in the newspaper. The period may be best three (3) years in the last five (5) years or best five (5) years in the last ten (10) years (as appropriate)] Example: Estimated Contract Value: Tk 24 lakh Contract period: 12 months Estimated Annual Cash Flow: Tk 24 lakh Required average annual construction turn over: Tk 12 lakh, using a multiplier of 0.5. [for Tenders where the package contains more than one (1) lot, this qualification requirements shall be mentioned separately for each lot in the package]","The required average annual construction turnover shall be greater than Tk 80 lakh over the last 5 years. [ the required average annual construction turn over is recommended to be about less than or equal to the estimated annual cash flow for the Contract; however the multiplier may vary from 0.30 to 1.00 ; [ years counting backward from the date of publication of IFT in the newspaper. The period may be best three (3) years in the last five (5) years or best five (5) years in the last ten (10) years (as appropriate)] Example: Estimated Contract Value: Tk 24 lakh Contract period: 12 months Estimated Annual Cash Flow: Tk 24 lakh Required average annual construction turn over: Tk 12 lakh, using a multiplier of 0.5. [for Tenders where the package contains more than one (1) lot, this qualification requirements shall be mentioned separately for each lot in the package]",yes,896,875
728692,Tender Notice_PDFs/KDA_Tender_728692.pdf,2,1,TDS/PDS--C. Qualification Criteria--,"The required average annual construction turnover shall be greater than Tk [insert amount] over the last [state number] years. [ the required average annual construction turn over is recommended to be about less than or equal to the estimated annual cash flow for the Contract; however the multiplier may vary from 0.30 to 1.00 ; [ years counting backward from the date of publication of IFT in the newspaper. The period may be best three (3) years in the last five (5) years or best five (5) years in the last ten (10) years (as appropriate)] Example: Estimated Contract Value: Tk 24 lakh Contract period: 12 months Estimated Annual Cash Flow: Tk 24 lakh Required average annual construction turn over: Tk 12 lakh, using a multiplier of 0.5. [for Tenders where the package contains more than one (1) lot, this qualification requirements shall be mentioned separately for each lot in the package]","The required average annual construction turnover shall be greater than Tk 80 lakh over the last 5 years. [ the required average annual construction turn over is recommended to be about less than or equal to the estimated annual cash flow for the Contract; however the multiplier may vary from 0.30 to 1.00 ; [ years counting backward from the date of publication of IFT in the newspaper. The period may be best three (3) years in the last five (5) years or best five (5) years in the last ten (10) years (as appropriate)] Example: Estimated Contract Value: Tk 24 lakh Contract period: 12 months Estimated Annual Cash Flow: Tk 24 lakh Required average annual construction turn over: Tk 12 lakh, using a multiplier of 0.5. [for Tenders where the package contains more than one (1) lot, this qualification requirements shall be mentioned separately for each lot in the package]",yes,896,875
728692,Tender Notice_PDFs/KDA_Tender_728692.pdf,2,1,TDS/PDS--C. Qualification Criteria--,The minimum capacity shall be: N/A,The minimum capacity shall be: 10 lakh,yes,34,38
868640,Tender Notice_PDFs/KDA_Tender_868640.pdf,2,4,Last date & time for Tender/Proposal Security Submission,03/10/2023 13:59,10/10/2023 13:59,yes,16,16
868640,Tender Notice_PDFs/KDA_Tender_868640.pdf,2,4,Document last selling date & time,02/10/2023 17:00,09/10/2023 17:00,yes,16,16
868640,Tender Notice_PDFs/KDA_Tender_868640.pdf,2,4,Opening Date & Time,03/10/2023 14:00,10/10/2023 14:00,yes,16,16
868640,Tender Notice_PDFs/KDA_Tender_868640.pdf,2,4,Closing Date & Time,03/10/2023 14:00,10/10/2023 14:00,yes,16,16
868640,Tender Notice_PDFs/KDA_Tender_868640.pdf,2,4,TDS/PDS--C. Qualification Criteria--,"The required average annual construction turnover shall be greater than Tk. 200.00 (Two hundred) Crore over the last 5 (Five) years. [ the required average annual construction turn over is recommended to be about twice the estimated annual cash flow for the Contract; however the multiplier may vary from 1.0 to 2.0, the larger the Contract size the lesser the multiplier should be. The period may be best three (3) years in the last five (5) years or best five (5) years in the last ten (10) years (as appropriate) ; years counting backward from the date of publication of IFT in the newspaper] Example: Estimated Contract Value: Tk 24 Cr. Contract period: 18 months Estimated Annual Cash Flow: Tk 16 Cr. Required average annual construction turn over: Tk 24 Cr., using a multiplier of 1.5. [for Tenders where the package contains more than one (1) lot, this qualification requirements shall be mentioned separately for each lot in the package] The minimum amount of liquid assets or working capital or credit facilities of the Tenderer shall be Tk. 25.00 (Twenty Five) crore. [usually the required liquid asset is the equivalent of 2-6 months payment flow at the average construction rate (straight line distribution), accessible or available after taking into account the financial requirements of existing commitments. The actual period will depend on the speed with which the PE will pay the Contractor’s monthly certificate, allowing time to prepare an invoice, for the Project Manager’s time to certify it, and at least one month contingency for preparing the cheque and making actual payment. Example: Contract Value: Tk 24 Cr. Contract period: 18 months Assuming work time: 1 month Invoice period: 0.5 month Certification Time: 0.5 month Contingency Time: 1 month Therefore, the minimum required liquid asset will be Tk 4 Cr., i.e. 3 months cash flow based on the above assumptions.] [for Tenders where the package contains more than one (1) lot, this qualification requirements shall be mentioned separately for each lot in the package]","The required average annual construction turnover shall be greater than Tk. 40.00 (Forty) Crore over the last 5 (Five) years. [ the required average annual construction turn over is recommended to be about twice the estimated annual cash flow for the Contract; however the multiplier may vary from 1.0 to 2.0, the larger the Contract size the lesser the multiplier should be. The period may be best three (3) years in the last five (5) years or best five (5) years in the last ten (10) years (as appropriate) ; years counting backward from the date of publication of IFT in the newspaper] Example: Estimated Contract Value: Tk 24 Cr. Contract period: 18 months Estimated Annual Cash Flow: Tk 16 Cr. Required average annual construction turn over: Tk 24 Cr., using a multiplier of 1.5. [for Tenders where the package contains more than one (1) lot, this qualification requirements shall be mentioned separately for each lot in the package] The minimum amount of liquid assets or working capital or credit facilities of the Tenderer shall be Tk. 25.00 (Twenty Five) crore. [usually the required liquid asset is the equivalent of 2-6 months payment flow at the average construction rate (straight line distribution), accessible or available after taking into account the financial requirements of existing commitments. The actual period will depend on the speed with which the PE will pay the Contractor’s monthly certificate, allowing time to prepare an invoice, for the Project Manager’s time to certify it, and at least one month contingency for preparing the cheque and making actual payment. Example: Contract Value: Tk 24 Cr. Contract period: 18 months Assuming work time: 1 month Invoice period: 0.5 month Certification Time: 0.5 month Contingency Time: 1 month Therefore, the minimum required liquid asset will be Tk 4 Cr., i.e. 3 months cash flow based on the above assumptions.] [for Tenders where the package contains more than one (1) lot, this qualification requirements shall be mentioned separately for each lot in the package]",yes,2046,2039
941420,Tender Notice_PDFs/KDA_Tender_941420.pdf,2,1,Document last selling date & time,21/02/2024 16:00,28/02/2024 16:00,yes,16,16
941420,Tender Notice_PDFs/KDA_Tender_941420.pdf,2,1,Eligibility of Consultant,"1. Tender security must be submited from any e-GP Schedule bank in favour of Chairman KDA, Khulna. 2. The minimum specific experience as a Prime Contractor in construction works of at least 1(One) contract(s) of the minimum value of the similar nature, complexity and methods/construction technology successfully completed within the last 5(Five) years, each with a value of at least Tk. 55.00 (Fifty five) Crore. Years counting back ward from the date of publication of IFT in e-Gp portal. The Contractor must have the following experience in the above Mentioned or in other contract : (i) Must have experience of constructing minimum 60 feet wide new bituminious road (4 Lane) with minimum right of way of 60 feet. (ii) Must have experience of RCC culvert, RCC retaining wall, RCC Drain and pipe culvert construction. 3. The required average annual construction turnover shall be greater than Tk. 115.00 (One Hundred fifteen) Crore in the last 5 (Five) years. Payment certificates for contract in progress or completed under public sector during last 5 (five) years must be submitted along with the tender in support of average annual construction turnover. Years counting back ward from the date of publication of IFT in e-Gp portal. 4. Liquid assets/ working capital/credit facilities Tk. 14,80,00,000.00 (Fourteen crore Eighty lac). 5. The Tender Capacity is Tk.65.00 (Sixty five) crore. Supporting document must be submitted along with information as per enclosed form (ongoing works/commitments) 6. The Tenderer must enclose up-to-date Trade license, Income Tax clearance certificate and VAT registration certificate. 7. Personnel Capacity & Equipment Capacity as per TDS.","1. Tender security must be submited from any e-GP Schedule bank in favour of Chairman KDA, Khulna. 2. The minimum specific experience as a Prime Contractor in construction works of at least 1(One) contract(s) of the minimum value of the similar nature, complexity and methods/construction technology successfully completed within the last 5(Five) years, each with a value of at least Tk. 55.00 (Fifty five) Crore. Years counting back ward from the date of publication of IFT in e-Gp portal. The Contractor must have the following experience in the above Mentioned or in other contract : (i) Must have experience of constructing minimum 60 feet wide new bituminious road (4 Lane) with minimum right of way of 60 feet. (ii) Must have experience of RCC culvert, RCC retaining wall and RCC Drain construction. 3. The required average annual construction turnover shall be greater than Tk. 115.00 (One Hundred fifteen) Crore in the last 5 (Five) years. Payment certificates for contract in progress or completed under public sector during last 5 (five) years must be submitted along with the tender in support of average annual construction turnover. Years counting back ward from the date of publication of IFT in e-Gp portal. 4. Liquid assets/ working capital/credit facilities Tk. 14,80,00,000.00 (Fourteen crore Eighty lac). 5. The Tender Capacity is Tk.65.00 (Sixty five) crore. Supporting document must be submitted along with information as per enclosed form (ongoing works/commitments) 6. The Tenderer must enclose up-to-date Trade license, Income Tax clearance certificate and VAT registration certificate. 7. Personnel Capacity & Equipment Capacity as per TDS.",yes,1679,1665
941420,Tender Notice_PDFs/KDA_Tender_941420.pdf,2,1,Opening Date & Time,22/02/2024 14:00,29/02/2024 14:00,yes,16,16
941420,Tender Notice_PDFs/KDA_Tender_941420.pdf,2,1,Last date & time for Tender/Proposal Security Submission,22/02/2024 13:59,29/02/2024 13:59,yes,16,16
941420,Tender Notice_PDFs/KDA_Tender_941420.pdf,2,1,Closing Date & Time,22/02/2024 14:00,29/02/2024 14:00,yes,16,16
941420,Tender Notice_PDFs/KDA_Tender_941420.pdf,2,1,"Brief Description of Goods,Works or Service","Construction of 2.50 km long (4 lane ) link road from Nirala to City Bypass Road (including Road works, Culvert, RCC Retaining Wall, RCC Drain, Divider, Electrification, Protection works, Plantation etc)","Construction of 2.50 km long (4 lane ) link road from Nirala to City Bypass Road (including Road works, Culvert, RCC Retaining Wall, RCC Drain, Divider, Electrification, Protection works, Plantation etc)",no,203,203
1000530,Tender Notice_PDFs/RAJUK_Tender_1000530.pdf,1,1,Eligibility of Consultant,As per ITT and TDS.,,yes,19,0
1000945,Tender Notice_PDFs/RAJUK_Tender_1000945.pdf,2,1,Document last selling date & time,28/07/2024 16:00,11/08/2024 16:00,yes,16,16
1000945,Tender Notice_PDFs/RAJUK_Tender_1000945.pdf,2,1,Eligibility of Consultant,As per TDS.,As per TDS.,no,11,11
1000945,Tender Notice_PDFs/RAJUK_Tender_1000945.pdf,2,1,Opening Date & Time,29/07/2024 14:00,12/08/2024 14:00,yes,16,16
1000945,Tender Notice_PDFs/RAJUK_Tender_1000945.pdf,2,1,Last date & time for Tender/Proposal Security Submission,29/07/2024 12:30,12/08/2024 12:30,yes,16,16
1000945,Tender Notice_PDFs/RAJUK_Tender_1000945.pdf,2,1,Closing Date & Time,29/07/2024 14:00,12/08/2024 14:00,yes,16,16
1000945,Tender Notice_PDFs/RAJUK_Tender_1000945.pdf,2,1,"Brief Description of Goods,Works or Service","Construction of 06 (six) storied Apartment Building (Civil, Sanitary & Internal Electrification works) at Plot No. 8/15, Sir Syed Road, Block- A, Mohammadpur, Dhaka","Construction of 06 (six) storied Apartment Building (Civil, Sanitary & Internal Electrification works) at Plot No. 8/15, Sir Syed Road, Block- A, Mohammadpur, Dhaka",no,164,164
1013104,Tender Notice_PDFs/RAJUK_Tender_1013104.pdf,2,1,Eligibility of Consultant,As Per TDS.,As Per TDS.,no,11,11
1013104,Tender Notice_PDFs/RAJUK_Tender_1013104.pdf,2,1,"Brief Description of Goods,Works or Service","Supply and Installation of VRF (AC) at RAJUK Regional Office (Zone- 6), BCIC Bhaban Motijheel, Dhaka.","Supply and Installation of VRF (AC) at RAJUK Regional Office (Zone- 6), BCIC Bhaban Motijheel, Dhaka.",no,101,101
1023052,Tender Notice_PDFs/RAJUK_Tender_1023052.pdf,2,2,Document last selling date & time,03/11/2024 15:00,06/11/2024 15:00,yes,16,16
1023052,Tender Notice_PDFs/RAJUK_Tender_1023052.pdf,2,2,Opening Date & Time,04/11/2024 15:00,07/11/2024 15:00,yes,16,16
1023052,Tender Notice_PDFs/RAJUK_Tender_1023052.pdf,2,2,Last date & time for Tender/Proposal Security Submission,04/11/2024 14:30,07/11/2024 14:30,yes,16,16
1023052,Tender Notice_PDFs/RAJUK_Tender_1023052.pdf,2,2,Closing Date & Time,04/11/2024 15:00,07/11/2024 15:00,yes,16,16
1023052,Tender Notice_PDFs/RAJUK_Tender_1023052.pdf,2,2,Document last selling date & time,28/10/2024 15:00,03/11/2024 15:00,yes,16,16
1023052,Tender Notice_PDFs/RAJUK_Tender_1023052.pdf,2,2,Eligibility of Consultant,As per ITT and TDS.,As per ITT and TDS.,no,19,19
1023052,Tender Notice_PDFs/RAJUK_Tender_1023052.pdf,2,2,Opening Date & Time,29/10/2024 15:00,04/11/2024 15:00,yes,16,16
1023052,Tender Notice_PDFs/RAJUK_Tender_1023052.pdf,2,2,Last date & time for Tender/Proposal Security Submission,29/10/2024 14:30,04/11/2024 14:30,yes,16,16
1023052,Tender Notice_PDFs/RAJUK_Tender_1023052.pdf,2,2,Closing Date & Time,29/10/2024 15:00,04/11/2024 15:00,yes,16,16
1023052,Tender Notice_PDFs/RAJUK_Tender_1023052.pdf,2,2,"Brief Description of Goods,Works or Service","Supply, Installation, Testing and Commissioning of 02 Nos 2000 KG Passenger Lift for 05 Storied Central Mosque Building under the Project of ""Construction of Residential Apartment Building for Low & Middle Income Group of people at Sector-18, Block-A, Uttara, Dhaka.""","Supply, Installation, Testing and Commissioning of 02 Nos 2000 KG Passenger Lift for 05 Storied Central Mosque Building under the Project of ""Construction of Residential Apartment Building for Low & Middle Income Group of people at Sector-18, Block-A, Uttara, Dhaka.""",no,267,267
1031801,Tender Notice_PDFs/RAJUK_Tender_1031801.pdf,2,1,Document last selling date & time,11/12/2024 15:00,17/12/2024 15:00,yes,16,16
1031801,Tender Notice_PDFs/RAJUK_Tender_1031801.pdf,2,1,Eligibility of Consultant,As Per TDS.,As Per TDS.,no,11,11
1031801,Tender Notice_PDFs/RAJUK_Tender_1031801.pdf,2,1,Opening Date & Time,12/12/2024 15:00,18/12/2024 15:00,yes,16,16
1031801,Tender Notice_PDFs/RAJUK_Tender_1031801.pdf,2,1,Last date & time for Tender/Proposal Security Submission,12/12/2024 14:30,18/12/2024 14:30,yes,16,16
1031801,Tender Notice_PDFs/RAJUK_Tender_1031801.pdf,2,1,Closing Date & Time,12/12/2024 15:00,18/12/2024 15:00,yes,16,16
1031801,Tender Notice_PDFs/RAJUK_Tender_1031801.pdf,2,1,"Brief Description of Goods,Works or Service","Repair, Supply and fitting of bucket attachment, Hydraulic hose pipe, Oil/Air/hydraulic filters and water separator of long Boom Chain Excavator No-2 of RAJUK.","Repair, Supply and fitting of bucket attachment, Hydraulic hose pipe, Oil/Air/hydraulic filters and water separator of long Boom Chain Excavator No-2 of RAJUK.",no,159,159
1082495,Tender Notice_PDFs/RAJUK_Tender_1082495.pdf,2,1,Eligibility of Consultant,As Per TDS.,As Per TDS.,no,11,11
1082495,Tender Notice_PDFs/RAJUK_Tender_1082495.pdf,2,1,"Brief Description of Goods,Works or Service","Repair, Renovaiton and Painting work of Boundary wall at North, South and West side of the Park/Play Ground at Sector-04, Uttara Residential Area, RAJUK","Repair, Renovaiton and Painting work of Boundary wall at North, South and West side of the Park/Play Ground at Sector-04, Uttara Residential Area, RAJUK",no,152,152
1097226,Tender Notice_PDFs/RAJUK_Tender_1097226.pdf,2,1,Document last selling date & time,11/02/2026 16:00,15/02/2026 16:00,yes,16,16
1097226,Tender Notice_PDFs/RAJUK_Tender_1097226.pdf,2,1,Eligibility of Consultant,This invitation for Tender is open to Enlisted ( Electrical) Contractor / Supplier of Rajuk or Other Govt./ Semi Govt./ Autonomous Organization/ Reputed Bona Fide Firm as mentioned below as further detailed in the Tender Data Sheet (TDS) as well as Particular Conditions of Contract (PCC) of the Tender Document. (a) The Tenderer must have Income Tax clearance Certificate (Up to Date). (b) The Tenderer must have VAT/BIN Registration Certificate(Up to Date). (c) The Tenderer must have valid Trade License (Up to Date).,This invitation for Tender is open to Enlisted ( Electrical) Contractor / Supplier of Rajuk or Other Govt./ Semi Govt./ Autonomous Organization/ Reputed Bona Fide Firm as mentioned below as further detailed in the Tender Data Sheet (TDS) as well as Particular Conditions of Contract (PCC) of the Tender Document. (a) The Tenderer must have Income Tax clearance Certificate (Up to Date). (b) The Tenderer must have VAT/BIN Registration Certificate(Up to Date). (c) The Tenderer must have valid Trade License (Up to Date).,no,520,520
1097226,Tender Notice_PDFs/RAJUK_Tender_1097226.pdf,2,1,Opening Date & Time,12/02/2026 15:00,16/02/2026 15:00,yes,16,16
1097226,Tender Notice_PDFs/RAJUK_Tender_1097226.pdf,2,1,Last date & time for Tender/Proposal Security Submission,12/02/2026 14:00,16/02/2026 12:00,yes,16,16
1097226,Tender Notice_PDFs/RAJUK_Tender_1097226.pdf,2,1,Closing Date & Time,12/02/2026 15:00,16/02/2026 15:00,yes,16,16
1097226,Tender Notice_PDFs/RAJUK_Tender_1097226.pdf,2,1,"Brief Description of Goods,Works or Service",Supply and Installation of CCTV Camera System for Different Section of Rajuk & Malibagh Officers Quarter.,Supply and Installation of CCTV Camera System for Different Section of Rajuk & Malibagh Officers Quarter.,no,105,105
1135936,Tender Notice_PDFs/RAJUK_Tender_1135936.pdf,2,1,Completion Date(Lot No : 01),30/10/2025,30/11/2025,yes,10,10
1135936,Tender Notice_PDFs/RAJUK_Tender_1135936.pdf,2,1,Document last selling date & time,18/08/2025 16:00,26/08/2025 16:00,yes,16,16
1135936,Tender Notice_PDFs/RAJUK_Tender_1135936.pdf,2,1,Eligibility of Consultant,"This Invitation for Tender is Open to Enlisted ( Electrical) Contractor / Supplier of Rajuk or Other Govt./ Semi Govt./ Autonomous Organization/ Reputed Bonafide Firm / Manufacturer/ Authorized Agent as mentioned below as further detailed in the Tender Data Sheet (TDS) as well as Particular Conditions of Contract (PCC) of the Tender Document. (a) The Tenderer having minimum 05 ( Five) years general experience of Electro--Mechanical / ICT Equipment Supply & Installation works . (b) The Tenderer shall have successfully Completed of 01 (One ) No. Intelligent Entrance Access Control (Flap Barrier) System Supply & Installation Works of minimum amount Tk. 40.00 (Forty) Lac in a single Contract within last 05 ( Five) years Under in Govt./ Semi Govt./ Autonomous Organization /Reputed Bonafide Firm. In case of Experience in Bonafide Firm, Certificate should have to be vetted by the concern circle/division of Public Works Department (PWD). Years counting backward from the date of publication of IFT in the newspaper/Website. (c) The minimum amount of Liquid Assets or Working Capital or Credit Lines of the Tenderer shall be Tk. 35.00 (Thirty five) Lac only. (d) Tenderer must have up-to-date ABC category Contractory & Electrical Supervisory License from Bangladesh Electrical Licensing Board. (e) The Tenderer must have Income Tax clearance Certificate (2024-2025). (f) The Tenderer must have VAT/BIN Registration Certificate. (g) The Tenderer must have valid Trade License (2025-2026) (h) Manufacturer's /Sole Agent/ Distributor Certrificate of Proposed Brand Intelligent Entrance Access Control (Flap Barrier) System.","This Invitation for Tender is Open to Enlisted ( Electrical) Contractor / Supplier of Rajuk or Other Govt./ Semi Govt./ Autonomous Organization/ Reputed Bonafide Firm / Manufacturer/ Authorized Agent as mentioned below as further detailed in the Tender Data Sheet (TDS) as well as Particular Conditions of Contract (PCC) of the Tender Document. (a) The Tenderer having minimum 05 ( Five) years general experience of Electro--Mechanical / ICT Equipment Supply & Installation works . (b) The Tenderer shall have successfully Completed of 01 (One ) No. Intelligent Entrance Access Control (Flap Barrier) System Supply & Installation Works of minimum amount Tk. 40.00 (Forty) Lac in a single Contract within last 05 ( Five) years Under in Govt./ Semi Govt./ Autonomous Organization /Reputed Bonafide Firm. In case of Experience in Bonafide Firm, Certificate should have to be vetted by the concern circle/division of Public Works Department (PWD). Years counting backward from the date of publication of IFT in the newspaper/Website. (c) The minimum amount of Liquid Assets or Working Capital or Credit Lines of the Tenderer shall be Tk. 35.00 (Thirty five) Lac only. (d) Tenderer must have up-to-date ABC category Contractory & Electrical Supervisory License from Bangladesh Electrical Licensing Board. (e) The Tenderer must have Income Tax clearance Certificate (2024-2025). (f) The Tenderer must have VAT/BIN Registration Certificate. (g) The Tenderer must have valid Trade License (2025-2026) (h) Manufacturer's /Sole Agent/ Distributor Certrificate of Proposed Brand Intelligent Entrance Access Control (Flap Barrier) System.",no,1626,1626
1135936,Tender Notice_PDFs/RAJUK_Tender_1135936.pdf,2,1,Opening Date & Time,19/08/2025 12:00,27/08/2025 12:00,yes,16,16
1135936,Tender Notice_PDFs/RAJUK_Tender_1135936.pdf,2,1,Last date & time for Tender/Proposal Security Submission,19/08/2025 11:00,27/08/2025 11:00,yes,16,16
1135936,Tender Notice_PDFs/RAJUK_Tender_1135936.pdf,2,1,Closing Date & Time,19/08/2025 12:00,27/08/2025 12:00,yes,16,16
1135936,Tender Notice_PDFs/RAJUK_Tender_1135936.pdf,2,1,"Brief Description of Goods,Works or Service","Supply, Installation, Testing, Commissioning & Operation of Intelligent Entrance Access Control (Flap Barrier) System at Rajuk Bhaban.","Supply, Installation, Testing, Commissioning & Operation of Intelligent Entrance Access Control (Flap Barrier) System at Rajuk Bhaban.",no,134,134
1170765,Tender Notice_PDFs/RAJUK_Tender_1170765.pdf,2,1,Eligibility of Consultant,As Per TDS.,As Per TDS.,no,11,11
1170765,Tender Notice_PDFs/RAJUK_Tender_1170765.pdf,2,1,"Brief Description of Goods,Works or Service",Repair and Construction of walkways along the eastern and western banks of the Gulshan-Banani lake from the Niketon Bridge to the Banani Graveyard (Package # RCW-01).,Repair and Construction of walkways along the eastern and western banks of the Gulshan-Banani lake from the Niketon Bridge to the Banani Graveyard (Package # RCW-01).,no,166,166
1170766,Tender Notice_PDFs/RAJUK_Tender_1170766.pdf,2,1,Eligibility of Consultant,As Per TDS.,As Per TDS.,no,11,11
1170766,Tender Notice_PDFs/RAJUK_Tender_1170766.pdf,2,1,"Brief Description of Goods,Works or Service",Repair and Construction of walkways along the eastern and western banks of the Gulshan-Baridhara lake from the Shooting club of Gulshan-01 to the North end of Baridhara Lake (Package # RCW-02).,Repair and Construction of walkways along the eastern and western banks of the Gulshan-Baridhara lake from the Shooting club of Gulshan-01 to the North end of Baridhara Lake (Package # RCW-02).,no,193,193
1173557,Tender Notice_PDFs/RAJUK_Tender_1173557.pdf,2,1,,As per TDS,As per TDS,no,10,10
1173557,Tender Notice_PDFs/RAJUK_Tender_1173557.pdf,2,1,Eligibility of Consultant,"1.The minimum specific experience as a Prime Contractor in providing non-consultant Service of at least ONE contract of similar nature, complexity and methods/technology completed over a period of three (3) years each with a value of at least of Tk 13.00 Lac [Taka Thirteen Lac] shall be required. 2. Tenderers shall be enrolled in Department of Inspection for Factories and Establishments (DIFE) 3. Tenderers shall have fulfilled its obligations to pay taxes under the provisions of laws and regulations of Bangladesh.","1.The minimum specific experience as a Prime Contractor in providing non-consultant Service of at least ONE contract of similar nature, complexity and methods/technology completed over a period of three (3) years each with a value of at least of Tk 13.00 Lac [Taka Thirteen Lac] shall be required. 2. Tenderers shall be enrolled in Department of Inspection for Factories and Establishments (DIFE) 3. Tenderers shall have fulfilled its obligations to pay taxes under the provisions of laws and regulations of Bangladesh.",no,519,519
1173557,Tender Notice_PDFs/RAJUK_Tender_1173557.pdf,2,1,"Brief Description of Goods,Works or Service","Providing manpower (Draftsman, Security Guard and MLSS) by outsourcing method for Nine Apartment Building Project, RAJUK, Dhaka.","Providing manpower (Draftsman, Security Guard and MLSS) by outsourcing method for Nine Apartment Building Project, RAJUK, Dhaka.",no,128,128
1173557,Tender Notice_PDFs/RAJUK_Tender_1173557.pdf,2,1,,Indicative Ref. Phasing of Indicative Location Completion No. service Start Date Date 1 Providing Project Office 01/01/2026 31/12/2026 manpower Motijheel (Draftsman- MLSS) 2 Providing Gulshan- 01/07/2026 31/12/2026 manpower Mohammadpur (Security Guard),Indicative Indicative Ref. Phasing of Location Start Completion No. service Date Date 1 Providing Project Office 2026-01- 2026-12-31 manpower Motijheel 01 (Draftsman- MLSS) 2 Providing Gulshan- 2026-07- 2026-12-31 manpower Mohammadpur 01 (Security Guard),yes,252,254
1186178,Tender Notice_PDFs/RAJUK_Tender_1186178.pdf,2,1,Eligibility of Consultant,As Per TDS.,As Per TDS.,no,11,11
1186178,Tender Notice_PDFs/RAJUK_Tender_1186178.pdf,2,1,"Brief Description of Goods,Works or Service",Supply & Installation of walk way LED Light at RAJUK Hatirjheel Integrated Project Area (Package-1).,Supply & Installation of walk way LED Light at RAJUK Hatirjheel Integrated Project Area (Package-1).,no,100,100
1186179,Tender Notice_PDFs/RAJUK_Tender_1186179.pdf,2,1,Eligibility of Consultant,As Per TDS.,As Per TDS.,no,11,11
1186179,Tender Notice_PDFs/RAJUK_Tender_1186179.pdf,2,1,"Brief Description of Goods,Works or Service",Supply & Installation of walk way LED Light at RAJUK Hatirjheel Integrated Project Area (Package-2).,Supply & Installation of walk way LED Light at RAJUK Hatirjheel Integrated Project Area (Package-2).,no,100,100
1205154,Tender Notice_PDFs/RAJUK_Tender_1205154.pdf,2,1,Document last selling date & time,28/01/2026 16:00,01/02/2026 16:00,yes,16,16
1205154,Tender Notice_PDFs/RAJUK_Tender_1205154.pdf,2,1,Eligibility of Consultant,"This Invitation for Tender is Open to Reputed bonafide Firm/ Organization/ Manufacturer/ Authorized Agent as mentioned below as further detailed in the Tender Data Sheet (TDS) as well as Particular Conditions of Contract (PCC) of the Tender Document. (a) The Tenderer having minimum 05 ( Five) years experience of Operation & Maintenance of (SIGMA Brand) Lift. ( years counting backward from the date of Publication of IFT in the Newspaper). (b) The Tenderer shall have successfully Completed of (SIGMA Brand) Lift Operation, Servicing and Maintenance Works of minimum amount Tk. 2.5 (Two lac fifty thousand) Lac single Contract within last 05 ( Five) years Under in Govt./ Semi Govt./ Autonomous body. i.e Counting backward from the date of publication of IFT in the News Paper/ Website. c) The minimum amount of Liquid Assets or Working Capital or Credit facilities of the Tenderer shall beTk. 3.00 (Three) Lac only. d) Annual Electro - Mechanical Turnover : Last five years (Financial year 2020-2021, 2021-2022 , 2022-2023, 2023-2024, 2024-2025) average Annual Turnover should be required minimum amount Tk. 4.00 ( Four) Lac. e) Electrical ABC Supervisory & Contractory License (Up to Date). f) The Tenderer must have Income Tax Clearance Certificate (2023-2024). g) The Tenderer must have VAT/BIN Registration Certificate. h) The Tenderer must have valid Trade License (2025-2026)","This Invitation for Tender is Open to Reputed bonafide Firm/ Organization/ Manufacturer/ Authorized Agent as mentioned below as further detailed in the Tender Data Sheet (TDS) as well as Particular Conditions of Contract (PCC) of the Tender Document. (a) The Tenderer having minimum 05 ( Five) years experience of Operation & Maintenance of (SIGMA Brand) Lift. ( years counting backward from the date of Publication of IFT in the Newspaper). (b) The Tenderer shall have successfully Completed of (SIGMA Brand) Lift Operation, Servicing and Maintenance Works of minimum amount Tk. 2.5 (Two lac fifty thousand) Lac single Contract within last 05 ( Five) years Under in Govt./ Semi Govt./ Autonomous body. i.e Counting backward from the date of publication of IFT in the News Paper/ Website. c) The minimum amount of Liquid Assets or Working Capital or Credit facilities of the Tenderer shall beTk. 3.00 (Three) Lac only. d) Annual Electro - Mechanical Turnover : Last five years (Financial year 2020-2021, 2021-2022 , 2022-2023, 2023-2024, 2024-2025) average Annual Turnover should be required minimum amount Tk. 4.00 ( Four) Lac. e) Electrical ABC Supervisory & Contractory License (Up to Date). f) The Tenderer must have Income Tax Clearance Certificate (2023-2024). g) The Tenderer must have VAT/BIN Registration Certificate. h) The Tenderer must have valid Trade License (2025-2026)",no,1384,1384
1205154,Tender Notice_PDFs/RAJUK_Tender_1205154.pdf,2,1,Opening Date & Time,29/01/2026 12:00,02/02/2026 12:00,yes,16,16
1205154,Tender Notice_PDFs/RAJUK_Tender_1205154.pdf,2,1,Last date & time for Tender/Proposal Security Submission,29/01/2026 11:00,02/02/2026 11:00,yes,16,16
1205154,Tender Notice_PDFs/RAJUK_Tender_1205154.pdf,2,1,Closing Date & Time,29/01/2026 12:00,02/02/2026 12:00,yes,16,16
1205154,Tender Notice_PDFs/RAJUK_Tender_1205154.pdf,2,1,"Brief Description of Goods,Works or Service",3 (Three) Years Servicing & Maintenance of 02 Nos Passenger Lift at Rajuk Main Building.,3 (Three) Years Servicing & Maintenance of 02 Nos Passenger Lift at Rajuk Main Building.,no,88,88
1206004,Tender Notice_PDFs/RAJUK_Tender_1206004.pdf,2,1,Eligibility of Consultant,As Per TDS.,As Per TDS.,no,11,11
1206004,Tender Notice_PDFs/RAJUK_Tender_1206004.pdf,2,1,"Brief Description of Goods,Works or Service","One year Operation, Servicing & Maintenance of 02 Nos. 1350 KG Passenger Lifts at Uttara RAJUK Officers Quarter Tista-1 (12-B) Building.","One year Operation, Servicing & Maintenance of 02 Nos. 1350 KG Passenger Lifts at Uttara RAJUK Officers Quarter Tista-1 (12-B) Building.",no,136,136
1207633,Tender Notice_PDFs/RAJUK_Tender_1207633.pdf,2,1,Document last selling date & time,22/02/2026 15:00,09/03/2026 15:00,yes,16,16
1207633,Tender Notice_PDFs/RAJUK_Tender_1207633.pdf,2,1,Eligibility of Consultant,As Per TDS.,As Per TDS.,no,11,11
1207633,Tender Notice_PDFs/RAJUK_Tender_1207633.pdf,2,1,Opening Date & Time,23/02/2026 15:00,10/03/2026 15:00,yes,16,16
1207633,Tender Notice_PDFs/RAJUK_Tender_1207633.pdf,2,1,Last date & time for Tender/Proposal Security Submission,23/02/2026 14:30,10/03/2026 14:30,yes,16,16
1207633,Tender Notice_PDFs/RAJUK_Tender_1207633.pdf,2,1,Closing Date & Time,23/02/2026 15:00,10/03/2026 15:00,yes,16,16
1207633,Tender Notice_PDFs/RAJUK_Tender_1207633.pdf,2,1,"Brief Description of Goods,Works or Service","Supply and installation of LED Solar Street Light in Jhilmil Residential Project (Package-5,Lot-1) [Front Service Road, West Avenue , Sector-03: Road-1, Sector-02: Road-1)].","Supply and installation of LED Solar Street Light in Jhilmil Residential Project (Package-5,Lot-1) [Front Service Road, West Avenue , Sector-03: Road-1, Sector-02: Road-1)].",no,173,173
1207634,Tender Notice_PDFs/RAJUK_Tender_1207634.pdf,2,1,Document last selling date & time,22/02/2026 15:00,09/03/2026 15:00,yes,16,16
1207634,Tender Notice_PDFs/RAJUK_Tender_1207634.pdf,2,1,Eligibility of Consultant,As Per TDS.,As Per TDS.,no,11,11
1207634,Tender Notice_PDFs/RAJUK_Tender_1207634.pdf,2,1,Opening Date & Time,23/02/2026 15:00,10/03/2026 15:00,yes,16,16
1207634,Tender Notice_PDFs/RAJUK_Tender_1207634.pdf,2,1,Last date & time for Tender/Proposal Security Submission,23/02/2026 14:30,10/03/2026 14:30,yes,16,16
1207634,Tender Notice_PDFs/RAJUK_Tender_1207634.pdf,2,1,Closing Date & Time,23/02/2026 15:00,10/03/2026 15:00,yes,16,16
1207634,Tender Notice_PDFs/RAJUK_Tender_1207634.pdf,2,1,"Brief Description of Goods,Works or Service","Supply and installation of LED Solar Street Light in Jhilmil Residential Project (Package-5, Lot-2) [ Sector-04: Road-1 to 20 and Lake Drive Road)].","Supply and installation of LED Solar Street Light in Jhilmil Residential Project (Package-5, Lot-2) [ Sector-04: Road-1 to 20 and Lake Drive Road)].",no,148,148
1207635,Tender Notice_PDFs/RAJUK_Tender_1207635.pdf,2,2,Document last selling date & time,09/03/2026 15:00,15/03/2026 15:00,yes,16,16
1207635,Tender Notice_PDFs/RAJUK_Tender_1207635.pdf,2,2,Opening Date & Time,10/03/2026 15:00,16/03/2026 15:00,yes,16,16
1207635,Tender Notice_PDFs/RAJUK_Tender_1207635.pdf,2,2,Last date & time for Tender/Proposal Security Submission,10/03/2026 14:30,16/03/2026 14:30,yes,16,16
1207635,Tender Notice_PDFs/RAJUK_Tender_1207635.pdf,2,2,Closing Date & Time,10/03/2026 15:00,16/03/2026 15:00,yes,16,16
1207635,Tender Notice_PDFs/RAJUK_Tender_1207635.pdf,2,2,Document last selling date & time,22/02/2026 15:00,09/03/2026 15:00,yes,16,16
1207635,Tender Notice_PDFs/RAJUK_Tender_1207635.pdf,2,2,Eligibility of Consultant,As Per TDS.,As Per TDS.,no,11,11
1207635,Tender Notice_PDFs/RAJUK_Tender_1207635.pdf,2,2,Opening Date & Time,23/02/2026 15:00,10/03/2026 15:00,yes,16,16
1207635,Tender Notice_PDFs/RAJUK_Tender_1207635.pdf,2,2,Last date & time for Tender/Proposal Security Submission,23/02/2026 14:30,10/03/2026 14:30,yes,16,16
1207635,Tender Notice_PDFs/RAJUK_Tender_1207635.pdf,2,2,Closing Date & Time,23/02/2026 15:00,10/03/2026 15:00,yes,16,16
1207635,Tender Notice_PDFs/RAJUK_Tender_1207635.pdf,2,2,"Brief Description of Goods,Works or Service","Supply and installation of LED Solar Street Light in Jhilmil Residential Project (Package-5, Lot-3) [Sector-05: Road-1,2,3,4,4A,4B, and Sector-6: Road-1,2,2A,2B,3,4A,4B,5,6,7].","Supply and installation of LED Solar Street Light in Jhilmil Residential Project (Package-5, Lot-3) [Sector-05: Road-1,2,3,4,4A,4B, and Sector-6: Road-1,2,2A,2B,3,4A,4B,5,6,7].",no,176,176
1207636,Tender Notice_PDFs/RAJUK_Tender_1207636.pdf,2,1,Document last selling date & time,22/02/2026 15:00,09/03/2026 15:00,yes,16,16
1207636,Tender Notice_PDFs/RAJUK_Tender_1207636.pdf,2,1,Eligibility of Consultant,As Per TDS.,As Per TDS.,no,11,11
1207636,Tender Notice_PDFs/RAJUK_Tender_1207636.pdf,2,1,Opening Date & Time,23/02/2026 15:00,10/03/2026 15:00,yes,16,16
1207636,Tender Notice_PDFs/RAJUK_Tender_1207636.pdf,2,1,Last date & time for Tender/Proposal Security Submission,23/02/2026 14:30,10/03/2026 14:30,yes,16,16
1207636,Tender Notice_PDFs/RAJUK_Tender_1207636.pdf,2,1,Closing Date & Time,23/02/2026 15:00,10/03/2026 15:00,yes,16,16
1207636,Tender Notice_PDFs/RAJUK_Tender_1207636.pdf,2,1,"Brief Description of Goods,Works or Service","Supply and installation of LED Solar Street Light in Jhilmil Residential Project (Package-5, Lot-5) [ Sector-02: Road- 2 to 26].","Supply and installation of LED Solar Street Light in Jhilmil Residential Project (Package-5, Lot-5) [ Sector-02: Road- 2 to 26].",no,128,128
1207637,Tender Notice_PDFs/RAJUK_Tender_1207637.pdf,2,1,Document last selling date & time,22/02/2026 15:00,09/03/2026 15:00,yes,16,16
1207637,Tender Notice_PDFs/RAJUK_Tender_1207637.pdf,2,1,Eligibility of Consultant,As Per TDS.,As Per TDS.,no,11,11
1207637,Tender Notice_PDFs/RAJUK_Tender_1207637.pdf,2,1,Opening Date & Time,23/02/2026 15:00,10/03/2026 15:00,yes,16,16
1207637,Tender Notice_PDFs/RAJUK_Tender_1207637.pdf,2,1,Last date & time for Tender/Proposal Security Submission,23/02/2026 14:30,10/03/2026 14:30,yes,16,16
1207637,Tender Notice_PDFs/RAJUK_Tender_1207637.pdf,2,1,Closing Date & Time,23/02/2026 15:00,10/03/2026 15:00,yes,16,16
1207637,Tender Notice_PDFs/RAJUK_Tender_1207637.pdf,2,1,"Brief Description of Goods,Works or Service","Supply and installation of LED Solar Street Light in Jhilmil Residential Project (Package-5, Lot-4) [ Sector-01: Road-1,2,3A,3B,4,4A,5,6,7].","Supply and installation of LED Solar Street Light in Jhilmil Residential Project (Package-5, Lot-4) [ Sector-01: Road-1,2,3A,3B,4,4A,5,6,7].",no,140,140
1225896,Tender Notice_PDFs/RAJUK_Tender_1225896.pdf,2,1,Document last selling date & time,25/02/2026 15:00,01/03/2026 15:00,yes,16,16
1225896,Tender Notice_PDFs/RAJUK_Tender_1225896.pdf,2,1,Opening Date & Time,26/02/2026 15:00,02/03/2026 15:00,yes,16,16
1225896,Tender Notice_PDFs/RAJUK_Tender_1225896.pdf,2,1,Last date & time for Tender/Proposal Security Submission,26/02/2026 14:30,02/03/2026 14:30,yes,16,16
1225896,Tender Notice_PDFs/RAJUK_Tender_1225896.pdf,2,1,Closing Date & Time,26/02/2026 15:00,02/03/2026 15:00,yes,16,16
1234622,Tender Notice_PDFs/RAJUK_Tender_1234622.pdf,2,1,Eligibility of Consultant,As Per TDS.,As Per TDS.,no,11,11
1234622,Tender Notice_PDFs/RAJUK_Tender_1234622.pdf,2,1,"Brief Description of Goods,Works or Service",Supply & Installation of Audio Video Conference System of RAJUK Bhaban.,Supply & Installation of Audio Video Conference System of RAJUK Bhaban.,no,71,71
125300,Tender Notice_PDFs/RAJUK_Tender_125300.pdf,2,1,Eligibility of Consultant,This invitation for Tender is open to all eligible Reputed manufacturer/sole agent as mentioned below as further detailed in the Tender Data Sheet (TDS) as well as Particular Conditions of Contract (PCC) of the Tender Document. a) The minimum number of years of general experience of the Tenderer in the electro--mechanical works shall be five (05) years for all lot/Package. b) The minimum specific experience of the Contractor(s) at least 01 (One) contract of Supply and Installation of Lift successfully completed within the last five (5) years with a value of at least Tk. 168.00 Lac only for each lot/Package Government/Semi- Government/ Autonomous Bodies / Private within Bangladesh. c) The minimum amount of Liquid Assets or Working Capital or Credit facilities of the Tenderer shall be Tk.192.00 Lac only for each lot individually [Document submitted along with the Tender must be issued in between Publication date & Submission date of the Tender. d) Tenderer must have up-to-date ABC category Contractor & Electrical Supervisory License from Bangladesh Electrical Licensing Board. e) The Tenderer must have up to date Income Tax clearance Certificate from the NBR with TIN up- to- 2015-2016. f) The Tenderer must have up- to- date VAT Registration Certificate. g) The Tenderer must have up- to- date valid Trade License.,This invitation for Tender is open to all eligible Reputed manufacturer/sole agent as mentioned below as further detailed in the Tender Data Sheet (TDS) as well as Particular Conditions of Contract (PCC) of the Tender Document. a) The minimum number of years of general experience of the Tenderer in the electro--mechanical works shall be five (05) years for all lot/Package. b) The minimum specific experience of the Contractor(s) at least 01 (One) contract of Supply and Installation of Lift successfully completed within the last five (5) years with a value of at least Tk. 168.00 Lac only for each lot/Package Government/Semi- Government/ Autonomous Bodies / Private within Bangladesh. c) The minimum amount of Liquid Assets or Working Capital or Credit facilities of the Tenderer shall be Tk.192.00 Lac only for each lot individually [Document submitted along with the Tender must be issued in between Publication date & Submission date of the Tender. d) Tenderer must have up-to-date ABC category Contractor & Electrical Supervisory License from Bangladesh Electrical Licensing Board. e) The Tenderer must have up to date Income Tax clearance Certificate from the NBR with TIN up- to- 2015-2016. f) The Tenderer must have up- to- date VAT Registration Certificate. g) The Tenderer must have up- to- date valid Trade License.,no,1330,1330
125300,Tender Notice_PDFs/RAJUK_Tender_125300.pdf,2,1,"Brief Description of Goods,Works or Service",Supply Installation Testing and Commissioning of 1350/1400 KG Passenger Lift Brand & Manufacturing Country Otis (China) Schindler (China) Mitsubishi (China) XIZI Unite (China) or equivalent Standard with Certificates issued by internationally recognized authorities like TUV/DNV for the products of the manufactures as per relevant Standard for the Building No. 13A & 13B under the Project of Construction of Residential Apartment Building for Low & Middle Income Group of people at Sector -18 of Uttara Model Town 3rd Phase Dhaka.,Supply Installation Testing and Commissioning of 1350/1400 KG Passenger Lift Brand & Manufacturing Country Otis (China) Schindler (China) Mitsubishi (China) XIZI Unite (China) or equivalent Standard with Certificates issued by internationally recognized authorities like TUV/DNV for the products of the manufactures as per relevant Standard for the Building No. 13A & 13B under the Project of Construction of Residential Apartment Building for Low & Middle Income Group of people at Sector -18 of Uttara Model Town 3rd Phase Dhaka.,no,531,531
125301,Tender Notice_PDFs/RAJUK_Tender_125301.pdf,2,1,Eligibility of Consultant,This invitation for Tender is open to all eligible Reputed manufacturer/sole agent as mentioned below as further detailed in the Tender Data Sheet (TDS) as well as Particular Conditions of Contract (PCC) of the Tender Document. a) The minimum number of years of general experience of the Tenderer in the electro--mechanical works shall be five (05) years for all lot/Package. b) The minimum specific experience of the Contractor(s) at least 01 (One) contract of Supply and Installation of Lift successfully completed within the last five (5) years with a value of at least Tk. 168.00 Lac only for each lot/Package Government/Semi- Government/ Autonomous Bodies / Private within Bangladesh. c) The minimum amount of Liquid Assets or Working Capital or Credit facilities of the Tenderer shall be Tk. 192.00 Lac only for each lot individually [Document submitted along with the Tender must be issued in between Publication date & Submission date of the Tender.] d) Tenderer must have up-to-date ABC category Contractor & Electrical Supervisory License from Bangladesh Electrical Licensing Board. e) The Tenderer must have up to date Income Tax clearance Certificate from the NBR with TIN up- to- 2015-2016. f) The Tenderer must have up- to- date VAT Registration Certificate. g) The Tenderer must have up- to- date valid Trade License.,This invitation for Tender is open to all eligible Reputed manufacturer/sole agent as mentioned below as further detailed in the Tender Data Sheet (TDS) as well as Particular Conditions of Contract (PCC) of the Tender Document. a) The minimum number of years of general experience of the Tenderer in the electro--mechanical works shall be five (05) years for all lot/Package. b) The minimum specific experience of the Contractor(s) at least 01 (One) contract of Supply and Installation of Lift successfully completed within the last five (5) years with a value of at least Tk. 168.00 Lac only for each lot/Package Government/Semi- Government/ Autonomous Bodies / Private within Bangladesh. c) The minimum amount of Liquid Assets or Working Capital or Credit facilities of the Tenderer shall be Tk. 192.00 Lac only for each lot individually [Document submitted along with the Tender must be issued in between Publication date & Submission date of the Tender.] d) Tenderer must have up-to-date ABC category Contractor & Electrical Supervisory License from Bangladesh Electrical Licensing Board. e) The Tenderer must have up to date Income Tax clearance Certificate from the NBR with TIN up- to- 2015-2016. f) The Tenderer must have up- to- date VAT Registration Certificate. g) The Tenderer must have up- to- date valid Trade License.,no,1332,1332
125301,Tender Notice_PDFs/RAJUK_Tender_125301.pdf,2,1,"Brief Description of Goods,Works or Service",Supply Installation Testing and Commissioning of 1350/1400 KG Passenger Lift Brand & Manufacturing Country Otis (China) Schindler (China) Mitsubishi (China) XIZI Unite (China) or equivalent Standard with Certificates issued by internationally recognized authorities like TUV/DNV for the products of the manufactures as per relevant Standard for the Building No. 13C & 13D under the Project of Construction of Residential Apartment Building for Low & Middle Income Group of people at Sector -18 of Uttara Model Town 3rd Phase Dhaka.,Supply Installation Testing and Commissioning of 1350/1400 KG Passenger Lift Brand & Manufacturing Country Otis (China) Schindler (China) Mitsubishi (China) XIZI Unite (China) or equivalent Standard with Certificates issued by internationally recognized authorities like TUV/DNV for the products of the manufactures as per relevant Standard for the Building No. 13C & 13D under the Project of Construction of Residential Apartment Building for Low & Middle Income Group of people at Sector -18 of Uttara Model Town 3rd Phase Dhaka.,no,531,531
1262416,Tender Notice_PDFs/RAJUK_Tender_1262416.pdf,2,2,Eligibility of Consultant,As Per TDS.,As Per TDS.,no,11,11
1262416,Tender Notice_PDFs/RAJUK_Tender_1262416.pdf,2,2,"Brief Description of Goods,Works or Service",Supply and Installation of Fire Hydrant System work for 3 Storied Rajuk Commercial Building at Nikunja-1.,Supply and Installation of Fire Hydrant System work for 3 Storied Rajuk Commercial Building at Nikunja-1.,no,105,105
1265185,Tender Notice_PDFs/RAJUK_Tender_1265185.pdf,2,1,Eligibility of Consultant,As Per TDS.,As Per TDS.,no,11,11
1265185,Tender Notice_PDFs/RAJUK_Tender_1265185.pdf,2,1,"Brief Description of Goods,Works or Service","Supply and Installation of Sub-Station, Generator & Solar System for Rajuk Commercial Building at Nikunja-1.","Supply and Installation of Sub-Station, Generator & Solar System for Rajuk Commercial Building at Nikunja-1.",no,108,108
164878,Tender Notice_PDFs/RAJUK_Tender_164878.pdf,2,2,Document last selling date & time,05/04/2018 11:00,09/04/2018 11:00,yes,16,16
164878,Tender Notice_PDFs/RAJUK_Tender_164878.pdf,2,2,Opening Date & Time,05/04/2018 13:00,09/04/2018 13:00,yes,16,16
164878,Tender Notice_PDFs/RAJUK_Tender_164878.pdf,2,2,Last date & time for Tender/Proposal Security Submission,05/04/2018 12:00,09/04/2018 12:00,yes,16,16
164878,Tender Notice_PDFs/RAJUK_Tender_164878.pdf,2,2,Closing Date & Time,05/04/2018 13:00,09/04/2018 13:00,yes,16,16
164878,Tender Notice_PDFs/RAJUK_Tender_164878.pdf,2,2,Document last selling date & time,01/04/2018 11:00,05/04/2018 11:00,yes,16,16
164878,Tender Notice_PDFs/RAJUK_Tender_164878.pdf,2,2,Opening Date & Time,01/04/2018 13:00,05/04/2018 13:00,yes,16,16
164878,Tender Notice_PDFs/RAJUK_Tender_164878.pdf,2,2,Last date & time for Tender/Proposal Security Submission,01/04/2018 12:00,05/04/2018 12:00,yes,16,16
164878,Tender Notice_PDFs/RAJUK_Tender_164878.pdf,2,2,Closing Date & Time,01/04/2018 13:00,05/04/2018 13:00,yes,16,16
164878,Tender Notice_PDFs/RAJUK_Tender_164878.pdf,2,2,"Brief Description of Goods,Works or Service","Procurrement of 06 motor vehicles for PIU of Urban Resilience Project :RAJUK part funded by IDA. These are 1) 1(One) number 4WD Sports Utility Vehicles ; 2) 4(Four) number Double Cabin 4WD Pick-up; and 3) 1(One) number Microbus In addition to 2(Two) years servicing services with necessary kits as required as explained in specic formÃ?Â ofÃ?Â "" Price Schedule for Related Services","Procurrement of 06 motor vehicles for PIU of Urban Resilience Project :RAJUK part funded by IDA. These are 1) 1(One) number 4WD Sports Utility Vehicles ; 2) 4(Four) number Double Cabin 4WD Pick-up; and 3) 1(One) number Microbus In addition to 2(Two) years servicing services with necessary kits as required as explained in specic formÃ?Â ofÃ?Â "" Price Schedule for Related Services",no,381,381
174037,Tender Notice_PDFs/RAJUK_Tender_174037.pdf,2,1,TDS/PDS--C. Qualification Criteria--,The Tenderer shall have a minimum of 10 (Ten) years of General experience in the supply of Goods and related services. The satisfactory completion of supply of similar Goods of minimum 60 Million BDT under maximum 1 (One) contracts in the last 4 (Four) of years counting backward from the date of publication of IFT in the e- GP System. As a Supplier the minimum supply capacity per year of Goods each item is : 40 nos As a Manufacturer the minimum production capacity per year of Goods each item is:160 nos,The Tenderer shall have a minimum of 10 (Ten) years of General experience in the supply of Goods and related services. The satisfactory completion of supply of similar Goods of minimum 70 Million BDT under maximum 1 (One) contracts in the last 5(Five) of years counting backward from the date of publication of IFT in the e- GP System. As a Supplier the minimum supply capacity per year of Goods each item is : 40 nos As a Manufacturer the minimum production capacity per year of Goods each item is:160 nos,yes,507,506
174670,Tender Notice_PDFs/RAJUK_Tender_174670.pdf,2,1,Document last selling date & time,19/06/2018 15:00,25/06/2018 15:00,yes,16,16
174670,Tender Notice_PDFs/RAJUK_Tender_174670.pdf,2,1,Eligibility of Consultant,"a) The minimum number of years of general experience of the Tenderer in the electro-¬mechanical works shall be five (05) years. b) The minimum specific experience of the Supplier 03 (Three) contract of Supply, Installation, Testing and Commissioning of Solar Panel system successfully completed within the last five (5) years with total summation of value at least Tk. 90.00 (Ninety) Lac only or 02 (Two) Contract with total summation of value at least Tk. 90.00 (Ninety) Lac only or Single Contract with a value of at least Tk. 90.00 (Ninety) Lac only Government/ Semi-Government/ Autonomous Bodies /Private within Bangladesh. The issued Private Certificate must be authenticated (verified) by the Executive Engineer of PWD/DPDC/DESCO/BREB/ PDB etc within his jurisdiction. c) The minimum amount of Liquid Assets or Working Capital or Letter of Commitment for Bank’s Undertaking for line of Credit as per Form e-PG3-8 of Tender and Contract Forms must be Submitted for this Purpose of the successful Tenderer shall not be less than Tk.110.00 (One hundred Ten) Lac only. The Supporting Bank’s Document submitted along with the Tender must be issued in between Publication date & Submission date of the Tender. d) Tenderer must have up-to-date ABC category Contractor & Electrical Supervisory License from Bangladesh Electrical Licensing Board. e) The Tenderer must have up to date Income Tax clearance Certificate from the NBR with TIN up- to-2016-2017 (Tax Year). f) The Tenderer must have up- to- date VAT Registration Certificate. g) The Tenderer must have up- to- date valid Trade License. * * Years/Date counting backward from the date of publication of IFT in the e-GP system in case of Sl a & b.","a) The minimum number of years of general experience of the Tenderer in the electro-¬mechanical works shall be five (05) years. b) The minimum specific experience of the Supplier 03 (Three) contract of Supply, Installation, Testing and Commissioning of Solar Panel system successfully completed within the last five (5) years with total summation of value at least Tk. 90.00 (Ninety) Lac only or 02 (Two) Contract with total summation of value at least Tk. 90.00 (Ninety) Lac only or Single Contract with a value of at least Tk. 90.00 (Ninety) Lac only Government/ Semi-Government/ Autonomous Bodies /Private within Bangladesh. The issued Private Certificate must be authenticated (verified) by the Executive Engineer of PWD/DPDC/DESCO/BREB/ PDB etc within his jurisdiction. c) The minimum amount of Liquid Assets or Working Capital or Letter of Commitment for Bank’s Undertaking for line of Credit as per Form e-PG3-8 of Tender and Contract Forms must be Submitted for this Purpose of the successful Tenderer shall not be less than Tk.110.00 (One hundred Ten) Lac only. The Supporting Bank’s Document submitted along with the Tender must be issued in between Publication date & Submission date of the Tender. d) Tenderer must have up-to-date ABC category Contractor & Electrical Supervisory License from Bangladesh Electrical Licensing Board. e) The Tenderer must have up to date Income Tax clearance Certificate from the NBR with TIN up- to-2016-2017 (Tax Year). f) The Tenderer must have up- to- date VAT Registration Certificate. g) The Tenderer must have up- to- date valid Trade License. * * Years/Date counting backward from the date of publication of IFT in the e-GP system in case of Sl a & b.",no,1702,1702
174670,Tender Notice_PDFs/RAJUK_Tender_174670.pdf,2,1,Opening Date & Time,20/06/2018 14:30,26/06/2018 14:30,yes,16,16
174670,Tender Notice_PDFs/RAJUK_Tender_174670.pdf,2,1,Last date & time for Tender/Proposal Security Submission,20/06/2018 14:00,26/06/2018 14:00,yes,16,16
174670,Tender Notice_PDFs/RAJUK_Tender_174670.pdf,2,1,Closing Date & Time,20/06/2018 14:30,26/06/2018 14:30,yes,16,16
174670,Tender Notice_PDFs/RAJUK_Tender_174670.pdf,2,1,"Brief Description of Goods,Works or Service",Supply Installation Testing and Commissioning of Solar panel system for the Building No 1A 1B & 1C 1DB under the Project of Construction of Residential Apartment Building for Low & Middle Income Group of people at Sector -18 of Uttara Model Town 3rd Phase Dhaka.,Supply Installation Testing and Commissioning of Solar panel system for the Building No 1A 1B & 1C 1DB under the Project of Construction of Residential Apartment Building for Low & Middle Income Group of people at Sector -18 of Uttara Model Town 3rd Phase Dhaka.,no,262,262
174671,Tender Notice_PDFs/RAJUK_Tender_174671.pdf,2,1,Document last selling date & time,19/06/2018 15:00,25/06/2018 15:00,yes,16,16
174671,Tender Notice_PDFs/RAJUK_Tender_174671.pdf,2,1,Eligibility of Consultant,"a) The minimum number of years of general experience of the Tenderer in the electro-¬mechanical works shall be five (05) years. b) The minimum specific experience of the Supplier 03 (Three) contract of Supply, Installation, Testing and Commissioning of Solar Panel system successfully completed within the last five (5) years with total summation of value at least Tk. 90.00 (Ninety) Lac only or 02 (Two) Contract with total summation of value at least Tk. 90.00 (Ninety) Lac only or Single Contract with a value of at least Tk. 90.00 (Ninety) Lac only Government/ Semi-Government/ Autonomous Bodies /Private within Bangladesh. The issued Private Certificate must be authenticated (verified) by the Executive Engineer of PWD/DPDC/DESCO/BREB/ PDB etc within his jurisdiction. c) The minimum amount of Liquid Assets or Working Capital or Letter of Commitment for Bank’s Undertaking for line of Credit as per Form e-PG3-8 of Tender and Contract Forms must be Submitted for this Purpose of the successful Tenderer shall not be less than Tk.110.00 (One hundred Ten) Lac only. The Supporting Bank’s Document submitted along with the Tender must be issued in between Publication date & Submission date of the Tender. d) Tenderer must have up-to-date ABC category Contractor & Electrical Supervisory License from Bangladesh Electrical Licensing Board. e) The Tenderer must have up to date Income Tax clearance Certificate from the NBR with TIN up- to-2016-2017 (Tax Year). f) The Tenderer must have up- to- date VAT Registration Certificate. g) The Tenderer must have up- to- date valid Trade License. * * Years/Date counting backward from the date of publication of IFT in the e-GP system in case of Sl a & b.","a) The minimum number of years of general experience of the Tenderer in the electro-¬mechanical works shall be five (05) years. b) The minimum specific experience of the Supplier 03 (Three) contract of Supply, Installation, Testing and Commissioning of Solar Panel system successfully completed within the last five (5) years with total summation of value at least Tk. 90.00 (Ninety) Lac only or 02 (Two) Contract with total summation of value at least Tk. 90.00 (Ninety) Lac only or Single Contract with a value of at least Tk. 90.00 (Ninety) Lac only Government/ Semi-Government/ Autonomous Bodies /Private within Bangladesh. The issued Private Certificate must be authenticated (verified) by the Executive Engineer of PWD/DPDC/DESCO/BREB/ PDB etc within his jurisdiction. c) The minimum amount of Liquid Assets or Working Capital or Letter of Commitment for Bank’s Undertaking for line of Credit as per Form e-PG3-8 of Tender and Contract Forms must be Submitted for this Purpose of the successful Tenderer shall not be less than Tk.110.00 (One hundred Ten) Lac only. The Supporting Bank’s Document submitted along with the Tender must be issued in between Publication date & Submission date of the Tender. d) Tenderer must have up-to-date ABC category Contractor & Electrical Supervisory License from Bangladesh Electrical Licensing Board. e) The Tenderer must have up to date Income Tax clearance Certificate from the NBR with TIN up- to-2016-2017 (Tax Year). f) The Tenderer must have up- to- date VAT Registration Certificate. g) The Tenderer must have up- to- date valid Trade License. * * Years/Date counting backward from the date of publication of IFT in the e-GP system in case of Sl a & b.",no,1702,1702
174671,Tender Notice_PDFs/RAJUK_Tender_174671.pdf,2,1,Opening Date & Time,20/06/2018 14:30,26/06/2018 14:30,yes,16,16
174671,Tender Notice_PDFs/RAJUK_Tender_174671.pdf,2,1,Last date & time for Tender/Proposal Security Submission,20/06/2018 14:00,26/06/2018 14:00,yes,16,16
174671,Tender Notice_PDFs/RAJUK_Tender_174671.pdf,2,1,Closing Date & Time,20/06/2018 14:30,26/06/2018 14:30,yes,16,16
174671,Tender Notice_PDFs/RAJUK_Tender_174671.pdf,2,1,"Brief Description of Goods,Works or Service",Supply Installation Testing and Commissioning of Solar panel system for the Building No 2A 2B & 2C 2D under the Project of Construction of Residential Apartment Building for Low & Middle Income Group of people at Sector -18 of Uttara Model Town 3rd Phase Dhaka.,Supply Installation Testing and Commissioning of Solar panel system for the Building No 2A 2B & 2C 2D under the Project of Construction of Residential Apartment Building for Low & Middle Income Group of people at Sector -18 of Uttara Model Town 3rd Phase Dhaka.,no,261,261
174673,Tender Notice_PDFs/RAJUK_Tender_174673.pdf,2,1,Document last selling date & time,19/06/2018 15:00,25/06/2018 15:00,yes,16,16
174673,Tender Notice_PDFs/RAJUK_Tender_174673.pdf,2,1,Eligibility of Consultant,"a) The minimum number of years of general experience of the Tenderer in the electro-¬mechanical works shall be five (05) years. b) The minimum specific experience of the Supplier 03 (Three) contract of Supply, Installation, Testing and Commissioning of Solar Panel system successfully completed within the last five (5) years with total summation of value at least Tk. 90.00 (Ninety) Lac only or 02 (Two) Contract with total summation of value at least Tk. 90.00 (Ninety) Lac only or Single Contract with a value of at least Tk. 90.00 (Ninety) Lac only Government/ Semi-Government/ Autonomous Bodies /Private within Bangladesh. The issued Private Certificate must be authenticated (verified) by the Executive Engineer of PWD/DPDC/DESCO/BREB/ PDB etc within his jurisdiction. c) The minimum amount of Liquid Assets or Working Capital or Letter of Commitment for Bank’s Undertaking for line of Credit as per Form e-PG3-8 of Tender and Contract Forms must be Submitted for this Purpose of the successful Tenderer shall not be less than Tk.110.00 (One hundred Ten) Lac only. The Supporting Bank’s Document submitted along with the Tender must be issued in between Publication date & Submission date of the Tender. d) Tenderer must have up-to-date ABC category Contractor & Electrical Supervisory License from Bangladesh Electrical Licensing Board. e) The Tenderer must have up to date Income Tax clearance Certificate from the NBR with TIN up- to-2016-2017 (Tax Year). f) The Tenderer must have up- to- date VAT Registration Certificate. g) The Tenderer must have up- to- date valid Trade License. * * Years/Date counting backward from the date of publication of IFT in the e-GP system in case of S.l a & b.","a) The minimum number of years of general experience of the Tenderer in the electro-¬mechanical works shall be five (05) years. b) The minimum specific experience of the Supplier 03 (Three) contract of Supply, Installation, Testing and Commissioning of Solar Panel system successfully completed within the last five (5) years with total summation of value at least Tk. 90.00 (Ninety) Lac only or 02 (Two) Contract with total summation of value at least Tk. 90.00 (Ninety) Lac only or Single Contract with a value of at least Tk. 90.00 (Ninety) Lac only Government/ Semi-Government/ Autonomous Bodies /Private within Bangladesh. The issued Private Certificate must be authenticated (verified) by the Executive Engineer of PWD/DPDC/DESCO/BREB/ PDB etc within his jurisdiction. c) The minimum amount of Liquid Assets or Working Capital or Letter of Commitment for Bank’s Undertaking for line of Credit as per Form e-PG3-8 of Tender and Contract Forms must be Submitted for this Purpose of the successful Tenderer shall not be less than Tk.110.00 (One hundred Ten) Lac only. The Supporting Bank’s Document submitted along with the Tender must be issued in between Publication date & Submission date of the Tender. d) Tenderer must have up-to-date ABC category Contractor & Electrical Supervisory License from Bangladesh Electrical Licensing Board. e) The Tenderer must have up to date Income Tax clearance Certificate from the NBR with TIN up- to-2016-2017 (Tax Year). f) The Tenderer must have up- to- date VAT Registration Certificate. g) The Tenderer must have up- to- date valid Trade License. * * Years/Date counting backward from the date of publication of IFT in the e-GP system in case of S.l a & b.",no,1703,1703
174673,Tender Notice_PDFs/RAJUK_Tender_174673.pdf,2,1,Opening Date & Time,20/06/2018 14:30,26/06/2018 14:30,yes,16,16
174673,Tender Notice_PDFs/RAJUK_Tender_174673.pdf,2,1,Last date & time for Tender/Proposal Security Submission,20/06/2018 14:00,26/06/2018 14:00,yes,16,16
174673,Tender Notice_PDFs/RAJUK_Tender_174673.pdf,2,1,Closing Date & Time,20/06/2018 14:30,26/06/2018 14:30,yes,16,16
174673,Tender Notice_PDFs/RAJUK_Tender_174673.pdf,2,1,"Brief Description of Goods,Works or Service",Supply Installation Testing and Commissioning of Solar panel system for the Building No 4A 4B & 4C 4D under the Project of Construction of Residential Apartment Building for Low & Middle Income Group of people at Sector -18 of Uttara Model Town 3rd Phase Dhaka.,Supply Installation Testing and Commissioning of Solar panel system for the Building No 4A 4B & 4C 4D under the Project of Construction of Residential Apartment Building for Low & Middle Income Group of people at Sector -18 of Uttara Model Town 3rd Phase Dhaka.,no,261,261
174674,Tender Notice_PDFs/RAJUK_Tender_174674.pdf,2,1,Document last selling date & time,19/06/2018 15:00,25/06/2018 15:00,yes,16,16
174674,Tender Notice_PDFs/RAJUK_Tender_174674.pdf,2,1,Eligibility of Consultant,"a) The minimum number of years of general experience of the Tenderer in the electro-¬mechanical works shall be five (05) years. b) The minimum specific experience of the Supplier 03 (Three) contract of Supply, Installation, Testing and Commissioning of Solar Panel system successfully completed within the last five (5) years with total summation of value at least Tk. 90.00 (Ninety) Lac only or 02 (Two) Contract with total summation of value at least Tk. 90.00 (Ninety) Lac only or Single Contract with a value of at least Tk. 90.00 (Ninety) Lac only Government/ Semi-Government/ Autonomous Bodies /Private within Bangladesh. The issued Private Certificate must be authenticated (verified) by the Executive Engineer of PWD/DPDC/DESCO/BREB/ PDB etc within his jurisdiction. c) The minimum amount of Liquid Assets or Working Capital or Letter of Commitment for Bank’s Undertaking for line of Credit as per Form e-PG3-8 of Tender and Contract Forms must be Submitted for this Purpose of the successful Tenderer shall not be less than Tk.110.00 (One hundred Ten) Lac only. The Supporting Bank’s Document submitted along with the Tender must be issued in between Publication date & Submission date of the Tender. d) Tenderer must have up-to-date ABC category Contractor & Electrical Supervisory License from Bangladesh Electrical Licensing Board. e) The Tenderer must have up to date Income Tax clearance Certificate from the NBR with TIN up- to-2016-2017 (Tax Year). f) The Tenderer must have up- to- date VAT Registration Certificate. g) The Tenderer must have up- to- date valid Trade License. * * Years/Date counting backward from the date of publication of IFT in the e-GP system in case of Sl a & b.","a) The minimum number of years of general experience of the Tenderer in the electro-¬mechanical works shall be five (05) years. b) The minimum specific experience of the Supplier 03 (Three) contract of Supply, Installation, Testing and Commissioning of Solar Panel system successfully completed within the last five (5) years with total summation of value at least Tk. 90.00 (Ninety) Lac only or 02 (Two) Contract with total summation of value at least Tk. 90.00 (Ninety) Lac only or Single Contract with a value of at least Tk. 90.00 (Ninety) Lac only Government/ Semi-Government/ Autonomous Bodies /Private within Bangladesh. The issued Private Certificate must be authenticated (verified) by the Executive Engineer of PWD/DPDC/DESCO/BREB/ PDB etc within his jurisdiction. c) The minimum amount of Liquid Assets or Working Capital or Letter of Commitment for Bank’s Undertaking for line of Credit as per Form e-PG3-8 of Tender and Contract Forms must be Submitted for this Purpose of the successful Tenderer shall not be less than Tk.110.00 (One hundred Ten) Lac only. The Supporting Bank’s Document submitted along with the Tender must be issued in between Publication date & Submission date of the Tender. d) Tenderer must have up-to-date ABC category Contractor & Electrical Supervisory License from Bangladesh Electrical Licensing Board. e) The Tenderer must have up to date Income Tax clearance Certificate from the NBR with TIN up- to-2016-2017 (Tax Year). f) The Tenderer must have up- to- date VAT Registration Certificate. g) The Tenderer must have up- to- date valid Trade License. * * Years/Date counting backward from the date of publication of IFT in the e-GP system in case of Sl a & b.",no,1702,1702
174674,Tender Notice_PDFs/RAJUK_Tender_174674.pdf,2,1,Opening Date & Time,20/06/2018 14:30,26/06/2018 14:30,yes,16,16
174674,Tender Notice_PDFs/RAJUK_Tender_174674.pdf,2,1,Last date & time for Tender/Proposal Security Submission,20/06/2018 14:00,26/06/2018 14:00,yes,16,16
174674,Tender Notice_PDFs/RAJUK_Tender_174674.pdf,2,1,Closing Date & Time,20/06/2018 14:30,26/06/2018 14:30,yes,16,16
174674,Tender Notice_PDFs/RAJUK_Tender_174674.pdf,2,1,"Brief Description of Goods,Works or Service",Supply Installation Testing and Commissioning of Solar panel system for the Building No 5A 5B & 5C 5D under the Project of Construction of Residential Apartment Building for Low & Middle Income Group of people at Sector -18 of Uttara Model Town 3rd Phase Dhaka.,Supply Installation Testing and Commissioning of Solar panel system for the Building No 5A 5B & 5C 5D under the Project of Construction of Residential Apartment Building for Low & Middle Income Group of people at Sector -18 of Uttara Model Town 3rd Phase Dhaka.,no,261,261
174678,Tender Notice_PDFs/RAJUK_Tender_174678.pdf,2,1,Document last selling date & time,19/06/2018 15:00,25/06/2018 15:00,yes,16,16
174678,Tender Notice_PDFs/RAJUK_Tender_174678.pdf,2,1,Eligibility of Consultant,"a) The minimum number of years of general experience of the Tenderer in the electro-mechanical works shall be five (05) years. b) The minimum specific experience of the Supplier 03 (Three) contract of Supply, Installation, Testing and Commissioning of Solar Panel system successfully completed within the last five (5) years with total summation of value at least Tk. 90.00 (Ninety) Lac only or 02 (Two) Contract with total summation of value at least Tk. 90.00 (Ninety) Lac only or Single Contract with a value of at least Tk. 90.00 (Ninety) Lac only Government/ Semi-Government/ Autonomous Bodies /Private within Bangladesh. The issued Private Certificate must be authenticated (verified) by the Executive Engineer of PWD/DPDC/DESCO/BREB/ PDB etc within his jurisdiction. c) The minimum amount of Liquid Assets or Working Capital or Letter of Commitment for Bank’s Undertaking for line of Credit as per Form e-PG3-8 of Tender and Contract Forms must be Submitted for this Purpose of the successful Tenderer shall not be less than Tk.110.00 (One hundred Ten) Lac only. The Supporting Bank’s Document submitted along with the Tender must be issued in between Publication date & Submission date of the Tender. d) Tenderer must have up-to-date ABC category Contractor & Electrical Supervisory License from Bangladesh Electrical Licensing Board. e) The Tenderer must have up to date Income Tax clearance Certificate from the NBR with TIN up- to-2016-2017 (Tax Year). f) The Tenderer must have up- to- date VAT Registration Certificate. g) The Tenderer must have up- to- date valid Trade License.* * Years/Date counting backward from the date of publication of IFT in the e-GP system in case of Sl a & b.","a) The minimum number of years of general experience of the Tenderer in the electro-mechanical works shall be five (05) years. b) The minimum specific experience of the Supplier 03 (Three) contract of Supply, Installation, Testing and Commissioning of Solar Panel system successfully completed within the last five (5) years with total summation of value at least Tk. 90.00 (Ninety) Lac only or 02 (Two) Contract with total summation of value at least Tk. 90.00 (Ninety) Lac only or Single Contract with a value of at least Tk. 90.00 (Ninety) Lac only Government/ Semi-Government/ Autonomous Bodies /Private within Bangladesh. The issued Private Certificate must be authenticated (verified) by the Executive Engineer of PWD/DPDC/DESCO/BREB/ PDB etc within his jurisdiction. c) The minimum amount of Liquid Assets or Working Capital or Letter of Commitment for Bank’s Undertaking for line of Credit as per Form e-PG3-8 of Tender and Contract Forms must be Submitted for this Purpose of the successful Tenderer shall not be less than Tk.110.00 (One hundred Ten) Lac only. The Supporting Bank’s Document submitted along with the Tender must be issued in between Publication date & Submission date of the Tender. d) Tenderer must have up-to-date ABC category Contractor & Electrical Supervisory License from Bangladesh Electrical Licensing Board. e) The Tenderer must have up to date Income Tax clearance Certificate from the NBR with TIN up- to-2016-2017 (Tax Year). f) The Tenderer must have up- to- date VAT Registration Certificate. g) The Tenderer must have up- to- date valid Trade License.* * Years/Date counting backward from the date of publication of IFT in the e-GP system in case of Sl a & b.",no,1700,1700
174678,Tender Notice_PDFs/RAJUK_Tender_174678.pdf,2,1,Opening Date & Time,20/06/2018 15:00,26/06/2018 15:00,yes,16,16
174678,Tender Notice_PDFs/RAJUK_Tender_174678.pdf,2,1,Last date & time for Tender/Proposal Security Submission,20/06/2018 14:30,26/06/2018 14:30,yes,16,16
174678,Tender Notice_PDFs/RAJUK_Tender_174678.pdf,2,1,Closing Date & Time,20/06/2018 15:00,26/06/2018 15:00,yes,16,16
174678,Tender Notice_PDFs/RAJUK_Tender_174678.pdf,2,1,"Brief Description of Goods,Works or Service",Supply Installation Testing and Commissioning of Solar panel system for the Building No 16A 16B & 16C 16D under the Project of Construction of Residential Apartment Building for Low & Middle Income Group of people at Sector -18 of Uttara Model Town 3rd Phase Dhaka.,Supply Installation Testing and Commissioning of Solar panel system for the Building No 16A 16B & 16C 16D under the Project of Construction of Residential Apartment Building for Low & Middle Income Group of people at Sector -18 of Uttara Model Town 3rd Phase Dhaka.,no,265,265
174680,Tender Notice_PDFs/RAJUK_Tender_174680.pdf,2,1,Document last selling date & time,19/06/2018 15:00,25/06/2018 15:00,yes,16,16
174680,Tender Notice_PDFs/RAJUK_Tender_174680.pdf,2,1,Eligibility of Consultant,"a) The minimum number of years of general experience of the Tenderer in the electro-¬mechanical works shall be five (05) years. b) The minimum specific experience of the Supplier 03 (Three) contract of Supply, Installation, Testing and Commissioning of Solar Panel system successfully completed within the last five (5) years with total summation of value at least Tk. 90.00 (Ninety) Lac only or 02 (Two) Contract with total summation of value at least Tk. 90.00 (Ninety) Lac only or Single Contract with a value of at least Tk. 90.00 (Ninety) Lac only Government/ Semi-Government/ Autonomous Bodies /Private within Bangladesh. The issued Private Certificate must be authenticated (verified) by the Executive Engineer of PWD/DPDC/DESCO/BREB/ PDB etc within his jurisdiction. c) The minimum amount of Liquid Assets or Working Capital or Letter of Commitment for Bank’s Undertaking for line of Credit as per Form e-PG3-8 of Tender and Contract Forms must be Submitted for this Purpose of the successful Tenderer shall not be less than Tk.110.00 (One hundred Ten) Lac only. The Supporting Bank’s Document submitted along with the Tender must be issued in between Publication date & Submission date of the Tender. d) Tenderer must have up-to-date ABC category Contractor & Electrical Supervisory License from Bangladesh Electrical Licensing Board. e) The Tenderer must have up to date Income Tax clearance Certificate from the NBR with TIN up- to-2016-2017 (Tax Year). f) The Tenderer must have up- to- date VAT Registration Certificate. g) The Tenderer must have up- to- date valid Trade License.* * Years/Date counting backward from the date of publication of IFT in the e-GP system in case of Sl a & b.","a) The minimum number of years of general experience of the Tenderer in the electro-¬mechanical works shall be five (05) years. b) The minimum specific experience of the Supplier 03 (Three) contract of Supply, Installation, Testing and Commissioning of Solar Panel system successfully completed within the last five (5) years with total summation of value at least Tk. 90.00 (Ninety) Lac only or 02 (Two) Contract with total summation of value at least Tk. 90.00 (Ninety) Lac only or Single Contract with a value of at least Tk. 90.00 (Ninety) Lac only Government/ Semi-Government/ Autonomous Bodies /Private within Bangladesh. The issued Private Certificate must be authenticated (verified) by the Executive Engineer of PWD/DPDC/DESCO/BREB/ PDB etc within his jurisdiction. c) The minimum amount of Liquid Assets or Working Capital or Letter of Commitment for Bank’s Undertaking for line of Credit as per Form e-PG3-8 of Tender and Contract Forms must be Submitted for this Purpose of the successful Tenderer shall not be less than Tk.110.00 (One hundred Ten) Lac only. The Supporting Bank’s Document submitted along with the Tender must be issued in between Publication date & Submission date of the Tender. d) Tenderer must have up-to-date ABC category Contractor & Electrical Supervisory License from Bangladesh Electrical Licensing Board. e) The Tenderer must have up to date Income Tax clearance Certificate from the NBR with TIN up- to-2016-2017 (Tax Year). f) The Tenderer must have up- to- date VAT Registration Certificate. g) The Tenderer must have up- to- date valid Trade License.* * Years/Date counting backward from the date of publication of IFT in the e-GP system in case of Sl a & b.",no,1701,1701
174680,Tender Notice_PDFs/RAJUK_Tender_174680.pdf,2,1,Opening Date & Time,20/06/2018 15:00,26/06/2018 15:00,yes,16,16
174680,Tender Notice_PDFs/RAJUK_Tender_174680.pdf,2,1,Last date & time for Tender/Proposal Security Submission,20/06/2018 14:30,26/06/2018 14:30,yes,16,16
174680,Tender Notice_PDFs/RAJUK_Tender_174680.pdf,2,1,Closing Date & Time,20/06/2018 15:00,26/06/2018 15:00,yes,16,16
174680,Tender Notice_PDFs/RAJUK_Tender_174680.pdf,2,1,"Brief Description of Goods,Works or Service",Supply Installation Testing and Commissioning of Solar panel system for the Building No 17A 17B & 17C 17D under the Project of Construction of Residential Apartment Building for Low & Middle Income Group of people at Sector -18 of Uttara Model Town 3rd Phase Dhaka.,Supply Installation Testing and Commissioning of Solar panel system for the Building No 17A 17B & 17C 17D under the Project of Construction of Residential Apartment Building for Low & Middle Income Group of people at Sector -18 of Uttara Model Town 3rd Phase Dhaka.,no,265,265
174683,Tender Notice_PDFs/RAJUK_Tender_174683.pdf,2,1,Document last selling date & time,19/06/2018 15:00,25/06/2018 15:00,yes,16,16
174683,Tender Notice_PDFs/RAJUK_Tender_174683.pdf,2,1,Eligibility of Consultant,"This invitation for Tender is open to all eligible Reputed Supplier as mentioned below as further detailed in the Tender Data Sheet (TDS) as well as Particular Conditions of Contract (PCC) of the Tender Document. a) The minimum number of years of general experience of the Tenderer in the electro-¬mechanical works shall be five (05) years. b) The minimum specific experience of the Supplier 02 (Two) contract of Supply, Installation, Testing and Commissioning of Solar Panel system successfully completed within the last five (5) years with total summation of value at least Tk.45.00 (Forty five) Lac only or Single Contract with a value of at least Tk. 45.00 (Forty Five) Lac only Government/ Semi-Government/Autonomous Bodies /Private within Bangladesh. The issued Private Certificate must be authenticated (verified) by the Executive Engineer of PWD/DPDC/DESCO/BREB/PDB etc within his jurisdiction. c) The minimum amount of Liquid Assets or Working Capital or Letter of Commitment for Bank’s Undertaking for line of Credit as per Form e-PG3-8 of Tender and Contract Forms must be Submitted for this Purpose of the successful Tenderer shall not be less than Tk.55.00 (fifty Five) Lac only. The Supporting Bank’s Document submitted along with the Tender must be issued in between Publication date & Submission date of the Tender. d) Tenderer must have up-to-date ABC category Contractor & Electrical Supervisory License from Bangladesh Electrical Licensing Board. e) The Tenderer must have up to date Income Tax clearance Certificate from the NBR with TIN up- to-2016-2017 (Tax Year). f) The Tenderer must have up- to- date VAT Registration Certificate. g) The Tenderer must have up- to- date valid Trade License.* * Years/Date counting backward from the date of publication of IFT in the e-GP system in case of Sl a & b.","This invitation for Tender is open to all eligible Reputed Supplier as mentioned below as further detailed in the Tender Data Sheet (TDS) as well as Particular Conditions of Contract (PCC) of the Tender Document. a) The minimum number of years of general experience of the Tenderer in the electro-¬mechanical works shall be five (05) years. b) The minimum specific experience of the Supplier 02 (Two) contract of Supply, Installation, Testing and Commissioning of Solar Panel system successfully completed within the last five (5) years with total summation of value at least Tk.45.00 (Forty five) Lac only or Single Contract with a value of at least Tk. 45.00 (Forty Five) Lac only Government/ Semi-Government/Autonomous Bodies /Private within Bangladesh. The issued Private Certificate must be authenticated (verified) by the Executive Engineer of PWD/DPDC/DESCO/BREB/PDB etc within his jurisdiction. c) The minimum amount of Liquid Assets or Working Capital or Letter of Commitment for Bank’s Undertaking for line of Credit as per Form e-PG3-8 of Tender and Contract Forms must be Submitted for this Purpose of the successful Tenderer shall not be less than Tk.55.00 (fifty Five) Lac only. The Supporting Bank’s Document submitted along with the Tender must be issued in between Publication date & Submission date of the Tender. d) Tenderer must have up-to-date ABC category Contractor & Electrical Supervisory License from Bangladesh Electrical Licensing Board. e) The Tenderer must have up to date Income Tax clearance Certificate from the NBR with TIN up- to-2016-2017 (Tax Year). f) The Tenderer must have up- to- date VAT Registration Certificate. g) The Tenderer must have up- to- date valid Trade License.* * Years/Date counting backward from the date of publication of IFT in the e-GP system in case of Sl a & b.",no,1823,1823
174683,Tender Notice_PDFs/RAJUK_Tender_174683.pdf,2,1,Opening Date & Time,20/06/2018 15:00,26/06/2018 15:00,yes,16,16
174683,Tender Notice_PDFs/RAJUK_Tender_174683.pdf,2,1,Last date & time for Tender/Proposal Security Submission,20/06/2018 14:30,26/06/2018 14:30,yes,16,16
174683,Tender Notice_PDFs/RAJUK_Tender_174683.pdf,2,1,Closing Date & Time,20/06/2018 15:00,26/06/2018 15:00,yes,16,16
174683,Tender Notice_PDFs/RAJUK_Tender_174683.pdf,2,1,"Brief Description of Goods,Works or Service",Supply Installation Testing and Commissioning of Solar panel system for the Building No 3A & 3B under the Project of Construction of Residential Apartment Building for Low & Middle Income Group of people at Sector -18 of Uttara Model Town 3rd Phase Dhaka.,Supply Installation Testing and Commissioning of Solar panel system for the Building No 3A & 3B under the Project of Construction of Residential Apartment Building for Low & Middle Income Group of people at Sector -18 of Uttara Model Town 3rd Phase Dhaka.,no,255,255
174685,Tender Notice_PDFs/RAJUK_Tender_174685.pdf,2,1,Document last selling date & time,19/06/2018 15:00,25/06/2018 15:00,yes,16,16
174685,Tender Notice_PDFs/RAJUK_Tender_174685.pdf,2,1,Eligibility of Consultant,"a) The minimum number of years of general experience of the Tenderer in the electro- mechanical works shall be five (05) years. b) The minimum specific experience of the Supplier 02 (Two) contract of Supply, Installation, Testing and Commissioning of Solar Panel system successfully completed within the last five (5) years with total summation of value at least Tk.45.00 (Forty five) Lac only or Single Contract with a value of at least Tk. 45.00 (Forty Five) Lac only Government/ Semi-Government/Autonomous Bodies /Private within Bangladesh. The issued Private Certificate must be authenticated (verified) by the Executive Engineer of PWD/DPDC/DESCO/BREB/PDB etc within his jurisdiction. c) The minimum amount of Liquid Assets or Working Capital or Letter of Commitment for Bank’s Undertaking for line of Credit as per Form e-PG3-8 of Tender and Contract Forms must be Submitted for this Purpose of the successful Tenderer shall not be less than Tk.55.00 (fifty Five) Lac only. The Supporting Bank’s Document submitted along with the Tender must be issued in between Publication date & Submission date of the Tender. d) Tenderer must have up-to-date ABC category Contractor & Electrical Supervisory License from Bangladesh Electrical Licensing Board. e) The Tenderer must have up to date Income Tax clearance Certificate from the NBR with TIN up- to-2016-2017 (Tax Year). f) The Tenderer must have up- to- date VAT Registration Certificate. g) The Tenderer must have up- to- date valid Trade License.* * Years/Date counting backward from the date of publication of IFT in the e-GP system in case of Sl a & b.","a) The minimum number of years of general experience of the Tenderer in the electro- mechanical works shall be five (05) years. b) The minimum specific experience of the Supplier 02 (Two) contract of Supply, Installation, Testing and Commissioning of Solar Panel system successfully completed within the last five (5) years with total summation of value at least Tk.45.00 (Forty five) Lac only or Single Contract with a value of at least Tk. 45.00 (Forty Five) Lac only Government/ Semi-Government/Autonomous Bodies /Private within Bangladesh. The issued Private Certificate must be authenticated (verified) by the Executive Engineer of PWD/DPDC/DESCO/BREB/PDB etc within his jurisdiction. c) The minimum amount of Liquid Assets or Working Capital or Letter of Commitment for Bank’s Undertaking for line of Credit as per Form e-PG3-8 of Tender and Contract Forms must be Submitted for this Purpose of the successful Tenderer shall not be less than Tk.55.00 (fifty Five) Lac only. The Supporting Bank’s Document submitted along with the Tender must be issued in between Publication date & Submission date of the Tender. d) Tenderer must have up-to-date ABC category Contractor & Electrical Supervisory License from Bangladesh Electrical Licensing Board. e) The Tenderer must have up to date Income Tax clearance Certificate from the NBR with TIN up- to-2016-2017 (Tax Year). f) The Tenderer must have up- to- date VAT Registration Certificate. g) The Tenderer must have up- to- date valid Trade License.* * Years/Date counting backward from the date of publication of IFT in the e-GP system in case of Sl a & b.",no,1610,1610
174685,Tender Notice_PDFs/RAJUK_Tender_174685.pdf,2,1,Opening Date & Time,20/06/2018 15:00,26/06/2018 15:00,yes,16,16
174685,Tender Notice_PDFs/RAJUK_Tender_174685.pdf,2,1,Last date & time for Tender/Proposal Security Submission,20/06/2018 14:30,26/06/2018 14:30,yes,16,16
174685,Tender Notice_PDFs/RAJUK_Tender_174685.pdf,2,1,Closing Date & Time,20/06/2018 15:00,26/06/2018 15:00,yes,16,16
174685,Tender Notice_PDFs/RAJUK_Tender_174685.pdf,2,1,"Brief Description of Goods,Works or Service",Supply Installation Testing and Commissioning of Solar panel system for the Building No 13A & 13B under the Project of Construction of Residential Apartment Building for Low & Middle Income Group of people at Sector -18 of Uttara Model Town 3rd Phase Dhaka.,Supply Installation Testing and Commissioning of Solar panel system for the Building No 13A & 13B under the Project of Construction of Residential Apartment Building for Low & Middle Income Group of people at Sector -18 of Uttara Model Town 3rd Phase Dhaka.,no,257,257
174686,Tender Notice_PDFs/RAJUK_Tender_174686.pdf,2,1,Document last selling date & time,19/06/2018 15:00,25/06/2018 15:00,yes,16,16
174686,Tender Notice_PDFs/RAJUK_Tender_174686.pdf,2,1,Eligibility of Consultant,"This invitation for Tender is open to all eligible Reputed Supplier as mentioned below as further detailed in the Tender Data Sheet (TDS) as well as Particular Conditions of Contract (PCC) of the Tender Document. a) The minimum number of years of general experience of the Tenderer in the electro-mechanical works shall be five (05) years. b) The minimum specific experience of the Supplier 02 (Two) contract of Supply, Installation, Testing and Commissioning of Solar Panel system successfully completed within the last five (5) years with total summation of value at least Tk.45.00 (Forty five) Lac only or Single Contract with a value of at least Tk. 45.00 (Forty Five) Lac only Government/ Semi-Government/Autonomous Bodies /Private within Bangladesh. The issued Private Certificate must be authenticated (verified) by the Executive Engineer of PWD/DPDC/DESCO/BREB/PDB etc within his jurisdiction. c) The minimum amount of Liquid Assets or Working Capital or Letter of Commitment for Bank’s Undertaking for line of Credit as per Form e-PG3-8 of Tender and Contract Forms must be Submitted for this Purpose of the successful Tenderer shall not be less than Tk.55.00 (fifty Five) Lac only. The Supporting Bank’s Document submitted along with the Tender must be issued in between Publication date & Submission date of the Tender. d) Tenderer must have up-to-date ABC category Contractor & Electrical Supervisory License from Bangladesh Electrical Licensing Board. e) The Tenderer must have up to date Income Tax clearance Certificate from the NBR with TIN up- to-2016-2017 (Tax Year). f) The Tenderer must have up- to- date VAT Registration Certificate. g) The Tenderer must have up- to- date valid Trade License.* * Years/Date counting backward from the date of publication of IFT in the e-GP system in case of Sl a & b.","This invitation for Tender is open to all eligible Reputed Supplier as mentioned below as further detailed in the Tender Data Sheet (TDS) as well as Particular Conditions of Contract (PCC) of the Tender Document. a) The minimum number of years of general experience of the Tenderer in the electro-mechanical works shall be five (05) years. b) The minimum specific experience of the Supplier 02 (Two) contract of Supply, Installation, Testing and Commissioning of Solar Panel system successfully completed within the last five (5) years with total summation of value at least Tk.45.00 (Forty five) Lac only or Single Contract with a value of at least Tk. 45.00 (Forty Five) Lac only Government/ Semi-Government/Autonomous Bodies /Private within Bangladesh. The issued Private Certificate must be authenticated (verified) by the Executive Engineer of PWD/DPDC/DESCO/BREB/PDB etc within his jurisdiction. c) The minimum amount of Liquid Assets or Working Capital or Letter of Commitment for Bank’s Undertaking for line of Credit as per Form e-PG3-8 of Tender and Contract Forms must be Submitted for this Purpose of the successful Tenderer shall not be less than Tk.55.00 (fifty Five) Lac only. The Supporting Bank’s Document submitted along with the Tender must be issued in between Publication date & Submission date of the Tender. d) Tenderer must have up-to-date ABC category Contractor & Electrical Supervisory License from Bangladesh Electrical Licensing Board. e) The Tenderer must have up to date Income Tax clearance Certificate from the NBR with TIN up- to-2016-2017 (Tax Year). f) The Tenderer must have up- to- date VAT Registration Certificate. g) The Tenderer must have up- to- date valid Trade License.* * Years/Date counting backward from the date of publication of IFT in the e-GP system in case of Sl a & b.",no,1822,1822
174686,Tender Notice_PDFs/RAJUK_Tender_174686.pdf,2,1,Opening Date & Time,20/06/2018 15:30,26/06/2018 15:30,yes,16,16
174686,Tender Notice_PDFs/RAJUK_Tender_174686.pdf,2,1,Last date & time for Tender/Proposal Security Submission,20/06/2018 15:00,26/06/2018 15:00,yes,16,16
174686,Tender Notice_PDFs/RAJUK_Tender_174686.pdf,2,1,Closing Date & Time,20/06/2018 15:30,26/06/2018 15:30,yes,16,16
174686,Tender Notice_PDFs/RAJUK_Tender_174686.pdf,2,1,"Brief Description of Goods,Works or Service",Supply Installation Testing and Commissioning of Solar panel system for the Building No 13C & 13D under the Project of Construction of Residential Apartment Building for Low & Middle Income Group of people at Sector -18 of Uttara Model Town 3rd Phase Dhaka.,Supply Installation Testing and Commissioning of Solar panel system for the Building No 13C & 13D under the Project of Construction of Residential Apartment Building for Low & Middle Income Group of people at Sector -18 of Uttara Model Town 3rd Phase Dhaka.,no,257,257
178196,Tender Notice_PDFs/RAJUK_Tender_178196.pdf,2,1,PCC--.--,"The documents to be furnished by the Supplier shall be as follows: The documents to be furnished by the Supplier as follows: a. Copies of Supplierâ??s invoice showing goodsâ?? description, quantity, unit price, total amount; b. Delivery note, railway receipt, or truck receipt; c. manufacturerâ??s/ supplierâ??s warranty certificate (if any); d. inspection certificate issued by the nominated inspection agency (or PE) and/ or the supplierâ??s factory inspection report (if any); e. Certificate of origin, if any . [Note: The above requirements should be reviewed by a PE on a case-by-case basis, with amendments being made as necessary.]","The documents to be furnished by the Supplier shall be as follows: The documents to be furnished by the Supplier as follows: a. Copies of Supplier’s invoice showing goods’ description, quantity, unit price, total amount; b. Manufacturer Authorization; c. Manufacturer’s/ supplier’s warranty certificate; d. Inspection certificate issued by the nominated inspection agency (or PE) and/ or the supplier’s factory inspection report; e. Certificate of origin (if any); [Note: The above requirements should be reviewed by a PE on a case-by-case basis, with amendments being made as necessary.]",yes,638,588
178196,Tender Notice_PDFs/RAJUK_Tender_178196.pdf,2,1,PCC--.--,j) The following documents shall also be part of the Contract: Manufacture authorization and documents related to warranty obligations,The following documents shall also be part of the Contract: j) Manufacturer's authorization for all item. k) Manufacturer's warranty certificate. l) Providing testimony that ensures maintenance and after sales service for the period mentioned in the document with adequate parts/accessories as required if the bidder is supplier.,yes,134,329
178196,Tender Notice_PDFs/RAJUK_Tender_178196.pdf,2,1,TDS/PDS--D. Tender Preparation--,The Tenderer shall submit with its e-Tender the following additional documents: m) Providing testimony that ensures maintenance and after sales service for the period mentioned in the document with adequate parts/accessories as required.,The Tenderer shall submit with its e-Tender the following additional documents: m) Manufacturer's authorization for all item. n) Manufacturer's production capacity cerificate. o) Manufacturer's warranty certificate. p) Providing testimony that ensures maintenance and after sales service for the period mentioned in the document with adequate parts/accessories as required if the bidder is supplier.,yes,237,399
198193,Tender Notice_PDFs/RAJUK_Tender_198193.pdf,2,1,Document last selling date & time,19/06/2018 15:00,25/06/2018 15:00,yes,16,16
198193,Tender Notice_PDFs/RAJUK_Tender_198193.pdf,2,1,Eligibility of Consultant,"a) The minimum number of years of general experience of the Tenderer in the electro-¬mechanical works shall be five (05) years. b) The minimum specific experience of the Supplier 02 (Two) contract of Supply, Installation, Testing and Commissioning of Solar Panel system successfully completed within the last five (5) years with total summation of value at least Tk.45.00 (Forty five) Lac only or Single Contract with a value of at least Tk. 45.00 (Forty Five) Lac only Government/ Semi-Government/Autonomous Bodies /Private within Bangladesh. The issued Private Certificate must be authenticated (verified) by the Executive Engineer of PWD/DPDC/DESCO/BREB/PDB etc within his jurisdiction. c) The minimum amount of Liquid Assets or Working Capital or Letter of Commitment for Bank’s Undertaking for line of Credit as per Form e-PG3-8 of Tender and Contract Forms must be Submitted for this Purpose of the successful Tenderer shall not be less than Tk.55.00 (fifty Five) Lac only. The Supporting Bank’s Document submitted along with the Tender must be issued in between Publication date & Submission date of the Tender. d) Tenderer must have up-to-date ABC category Contractor & Electrical Supervisory License from Bangladesh Electrical Licensing Board. e) The Tenderer must have up to date Income Tax clearance Certificate from the NBR with TIN up- to-2016-2017 (Tax Year). f) The Tenderer must have up- to- date VAT Registration Certificate. g) The Tenderer must have up- to- date valid Trade License. * * Years/Date counting backward from the date of publication of IFT in the e-GP system in case of Sl a & b.","a) The minimum number of years of general experience of the Tenderer in the electro-¬mechanical works shall be five (05) years. b) The minimum specific experience of the Supplier 02 (Two) contract of Supply, Installation, Testing and Commissioning of Solar Panel system successfully completed within the last five (5) years with total summation of value at least Tk.45.00 (Forty five) Lac only or Single Contract with a value of at least Tk. 45.00 (Forty Five) Lac only Government/ Semi-Government/Autonomous Bodies /Private within Bangladesh. The issued Private Certificate must be authenticated (verified) by the Executive Engineer of PWD/DPDC/DESCO/BREB/PDB etc within his jurisdiction. c) The minimum amount of Liquid Assets or Working Capital or Letter of Commitment for Bank’s Undertaking for line of Credit as per Form e-PG3-8 of Tender and Contract Forms must be Submitted for this Purpose of the successful Tenderer shall not be less than Tk.55.00 (fifty Five) Lac only. The Supporting Bank’s Document submitted along with the Tender must be issued in between Publication date & Submission date of the Tender. d) Tenderer must have up-to-date ABC category Contractor & Electrical Supervisory License from Bangladesh Electrical Licensing Board. e) The Tenderer must have up to date Income Tax clearance Certificate from the NBR with TIN up- to-2016-2017 (Tax Year). f) The Tenderer must have up- to- date VAT Registration Certificate. g) The Tenderer must have up- to- date valid Trade License. * * Years/Date counting backward from the date of publication of IFT in the e-GP system in case of Sl a & b.",no,1611,1611
198193,Tender Notice_PDFs/RAJUK_Tender_198193.pdf,2,1,Opening Date & Time,20/06/2018 15:30,26/06/2018 15:30,yes,16,16
198193,Tender Notice_PDFs/RAJUK_Tender_198193.pdf,2,1,Last date & time for Tender/Proposal Security Submission,20/06/2018 15:00,26/06/2018 15:00,yes,16,16
198193,Tender Notice_PDFs/RAJUK_Tender_198193.pdf,2,1,Closing Date & Time,20/06/2018 15:30,26/06/2018 15:30,yes,16,16
198193,Tender Notice_PDFs/RAJUK_Tender_198193.pdf,2,1,"Brief Description of Goods,Works or Service",Supply Installation Testing and Commissioning of Solar panel system for the Building No 12B & 12C under the Project of Construction of Residential Apartment Building for Low & Middle Income Group of people at Sector -18 of Uttara Model Town 3rd Phase Dhaka.,Supply Installation Testing and Commissioning of Solar panel system for the Building No 12B & 12C under the Project of Construction of Residential Apartment Building for Low & Middle Income Group of people at Sector -18 of Uttara Model Town 3rd Phase Dhaka.,no,257,257
198200,Tender Notice_PDFs/RAJUK_Tender_198200.pdf,2,1,Document last selling date & time,19/06/2018 15:00,25/06/2018 15:00,yes,16,16
198200,Tender Notice_PDFs/RAJUK_Tender_198200.pdf,2,1,Eligibility of Consultant,"a) The minimum number of years of general experience of the Tenderer in the electro-mechanical works shall be five (05) years. b) The minimum specific experience of the Supplier 02 (Two) contract of Supply, Installation, Testing and Commissioning of Solar Panel system successfully completed within the last five (5) years with total summation of value at least Tk.45.00 (Forty five) Lac only or Single Contract with a value of at least Tk. 45.00 (Forty Five) Lac only Government/ Semi-Government/Autonomous Bodies /Private within Bangladesh. The issued Private Certificate must be authenticated (verified) by the Executive Engineer of PWD/DPDC/DESCO/BREB/PDB etc within his jurisdiction. c) The minimum amount of Liquid Assets or Working Capital or Letter of Commitment for Bank’s Undertaking for line of Credit as per Form e-PG3-8 of Tender and Contract Forms must be Submitted for this Purpose of the successful Tenderer shall not be less than Tk.55.00 (fifty Five) Lac only. The Supporting Bank’s Document submitted along with the Tender must be issued in between Publication date & Submission date of the Tender. d) Tenderer must have up-to-date ABC category Contractor & Electrical Supervisory License from Bangladesh Electrical Licensing Board. e) The Tenderer must have up to date Income Tax clearance Certificate from the NBR with TIN up- to-2016-2017 (Tax Year). f) The Tenderer must have up- to- date VAT Registration Certificate. g) The Tenderer must have up- to- date valid Trade License.* * Years/Date counting backward from the date of publication of IFT in the e-GP system in case of Sl a & b.","a) The minimum number of years of general experience of the Tenderer in the electro-mechanical works shall be five (05) years. b) The minimum specific experience of the Supplier 02 (Two) contract of Supply, Installation, Testing and Commissioning of Solar Panel system successfully completed within the last five (5) years with total summation of value at least Tk.45.00 (Forty five) Lac only or Single Contract with a value of at least Tk. 45.00 (Forty Five) Lac only Government/ Semi-Government/Autonomous Bodies /Private within Bangladesh. The issued Private Certificate must be authenticated (verified) by the Executive Engineer of PWD/DPDC/DESCO/BREB/PDB etc within his jurisdiction. c) The minimum amount of Liquid Assets or Working Capital or Letter of Commitment for Bank’s Undertaking for line of Credit as per Form e-PG3-8 of Tender and Contract Forms must be Submitted for this Purpose of the successful Tenderer shall not be less than Tk.55.00 (fifty Five) Lac only. The Supporting Bank’s Document submitted along with the Tender must be issued in between Publication date & Submission date of the Tender. d) Tenderer must have up-to-date ABC category Contractor & Electrical Supervisory License from Bangladesh Electrical Licensing Board. e) The Tenderer must have up to date Income Tax clearance Certificate from the NBR with TIN up- to-2016-2017 (Tax Year). f) The Tenderer must have up- to- date VAT Registration Certificate. g) The Tenderer must have up- to- date valid Trade License.* * Years/Date counting backward from the date of publication of IFT in the e-GP system in case of Sl a & b.",no,1609,1609
198200,Tender Notice_PDFs/RAJUK_Tender_198200.pdf,2,1,Opening Date & Time,20/06/2018 15:30,26/06/2018 15:30,yes,16,16
198200,Tender Notice_PDFs/RAJUK_Tender_198200.pdf,2,1,Last date & time for Tender/Proposal Security Submission,20/06/2018 15:00,26/06/2018 15:00,yes,16,16
198200,Tender Notice_PDFs/RAJUK_Tender_198200.pdf,2,1,Closing Date & Time,20/06/2018 15:30,26/06/2018 15:30,yes,16,16
198200,Tender Notice_PDFs/RAJUK_Tender_198200.pdf,2,1,"Brief Description of Goods,Works or Service",Supply Installation Testing and Commissioning of Solar panel system for the Building No 3C & 3D of Lot-17 under the Project of Construction of Residential Apartment Building of Low & Middle Income Group of people at Sector -18 of Uttara Model Town 3rd Phase Dhaka.,Supply Installation Testing and Commissioning of Solar panel system for the Building No 3C & 3D of Lot-17 under the Project of Construction of Residential Apartment Building of Low & Middle Income Group of people at Sector -18 of Uttara Model Town 3rd Phase Dhaka.,no,264,264
198298,Tender Notice_PDFs/RAJUK_Tender_198298.pdf,2,1,Document last selling date & time,19/06/2018 15:00,25/06/2018 15:00,yes,16,16
198298,Tender Notice_PDFs/RAJUK_Tender_198298.pdf,2,1,Eligibility of Consultant,"a) The minimum number of years of general experience of the Tenderer in the electro-¬mechanical works shall be five (05) years. b) The minimum specific experience of the Supplier 02 (Two) contract of Supply, Installation, Testing and Commissioning of Solar Panel system successfully completed within the last five (5) years with total summation of value at least Tk.45.00 (Forty five) Lac only or Single Contract with a value of at least Tk. 45.00 (Forty Five) Lac only Government/ Semi-Government/Autonomous Bodies /Private within Bangladesh. The issued Private Certificate must be authenticated (verified) by the Executive Engineer of PWD/DPDC/DESCO/BREB/PDB etc within his jurisdiction. c) The minimum amount of Liquid Assets or Working Capital or Letter of Commitment for Bank’s Undertaking for line of Credit as per Form e-PG3-8 of Tender and Contract Forms must be Submitted for this Purpose of the successful Tenderer shall not be less than Tk.50.00 (fifty) Lac only. The Supporting Bank’s Document submitted along with the Tender must be issued in between Publication date & Submission date of the Tender. d) Tenderer must have up-to-date ABC category Contractor & Electrical Supervisory License from Bangladesh Electrical Licensing Board. e) The Tenderer must have up to date Income Tax clearance Certificate from the NBR with TIN up- to-2016-2017 (Tax Year). f) The Tenderer must have up- to- date VAT Registration Certificate. g) The Tenderer must have up- to- date valid Trade License. * * Years/Date counting backward from the date of publication of IFT in the e-GP system in case of sl a & b.","a) The minimum number of years of general experience of the Tenderer in the electro-¬mechanical works shall be five (05) years. b) The minimum specific experience of the Supplier 02 (Two) contract of Supply, Installation, Testing and Commissioning of Solar Panel system successfully completed within the last five (5) years with total summation of value at least Tk.45.00 (Forty five) Lac only or Single Contract with a value of at least Tk. 45.00 (Forty Five) Lac only Government/ Semi-Government/Autonomous Bodies /Private within Bangladesh. The issued Private Certificate must be authenticated (verified) by the Executive Engineer of PWD/DPDC/DESCO/BREB/PDB etc within his jurisdiction. c) The minimum amount of Liquid Assets or Working Capital or Letter of Commitment for Bank’s Undertaking for line of Credit as per Form e-PG3-8 of Tender and Contract Forms must be Submitted for this Purpose of the successful Tenderer shall not be less than Tk.50.00 (fifty) Lac only. The Supporting Bank’s Document submitted along with the Tender must be issued in between Publication date & Submission date of the Tender. d) Tenderer must have up-to-date ABC category Contractor & Electrical Supervisory License from Bangladesh Electrical Licensing Board. e) The Tenderer must have up to date Income Tax clearance Certificate from the NBR with TIN up- to-2016-2017 (Tax Year). f) The Tenderer must have up- to- date VAT Registration Certificate. g) The Tenderer must have up- to- date valid Trade License. * * Years/Date counting backward from the date of publication of IFT in the e-GP system in case of sl a & b.",no,1606,1606
198298,Tender Notice_PDFs/RAJUK_Tender_198298.pdf,2,1,Opening Date & Time,20/06/2018 15:30,26/06/2018 15:30,yes,16,16
198298,Tender Notice_PDFs/RAJUK_Tender_198298.pdf,2,1,Last date & time for Tender/Proposal Security Submission,20/06/2018 15:00,26/06/2018 15:00,yes,16,16
198298,Tender Notice_PDFs/RAJUK_Tender_198298.pdf,2,1,Closing Date & Time,20/06/2018 15:30,26/06/2018 15:30,yes,16,16
198298,Tender Notice_PDFs/RAJUK_Tender_198298.pdf,2,1,"Brief Description of Goods,Works or Service",Supply Installation Testing and Commissioning of Solar panel system for the Building No 14A & 14B of Lot-20 under the Project of Construction of Residential Apartment Building of Low & Middle Income Group of people at Sector -18 of Uttara Model Town 3rd Phase Dhaka.,Supply Installation Testing and Commissioning of Solar panel system for the Building No 14A & 14B of Lot-20 under the Project of Construction of Residential Apartment Building of Low & Middle Income Group of people at Sector -18 of Uttara Model Town 3rd Phase Dhaka.,no,266,266
199942,Tender Notice_PDFs/RAJUK_Tender_199942.pdf,2,2,PCC--.--,"The site(s)/ point(s) of delivery is/are: as mentioned in ""Price and Delivery Schedule for Goods The following documents shall also be part of the Contract: j) Manufacturer’s authorization for all item. k) Manufacturer’s warranty certificate. l) Providing testimony that ensures maintenance and after sales service for the period mentioned in the document with adequate parts/accessories as required if the bidder is supplier. (Form e-PG3- 3A)""","The site(s)/ point(s) of delivery is/are: as mentioned in ""Price and Delivery Schedule for Goods The following documents shall also be part of the Contract: j) Manufacturer's authorization for all item. k) Manufacturer's warranty certificate. l) ISO Certificate and FSC Certificate m) Providing testimony that ensures maintenance and after sales service for the period mentioned in the document with adequate parts/accessories as required if the bidder is supplier. (Form e-PG3- 3A)""",yes,444,483
199942,Tender Notice_PDFs/RAJUK_Tender_199942.pdf,2,2,TDS/PDS--C. Qualification Criteria--,"The Tenderer shall have a minimum of 15 years of General experience in the supply and Installation of Goods and related services. The satisfactory completion of supply of similar Goods of minimum 15 Million BDT under maximum 1 (One) contracts in the last 3 (Three) of years counting backward from the date of publication of IFT in the e- GP System As a Supplier the minimum supply capacity per year of Goods each item is : 200 nos Furnitures Manufacturer Authorization must be attached confirming the supplies mentioned in the tender. Furthermore, business relationship authorization must be provided. As a Manufacturer the minimum production capacity per year of Goods each item is: Documentation of capability to produce the tendered quality and failed produce such documentation would be treated as a cause non-responsiveness Irrespective of Suppliers or Manufacturer, the bidder must have the certification of ISO 9001 just to ensure quality management capacity. Unless the bidder would be treated as non-responsive","The Tenderer shall have a minimum of 15 years of General experience in the supply and Installation of Goods and related services. The satisfactory completion of supply of similar Goods of minimum 15 Million BDT under maximum 1 (One) contracts in the last 3 (Three) of years counting backward from the date of publication of IFT in the e- GP System As a Supplier the minimum supply capacity per year of Goods each item is : 200 nos Furnitures Manufacturer Authorization must be attached confirming the supplies mentioned in the tender. Furthermore, business relationship authorization must be provided. As a Manufacturer the minimum production capacity per year of Goods each item is: Documentation of capability to produce the tendered quality and failed produce such documentation would be treated as a cause non-responsiveness Irrespective of Suppliers or Manufacturer, the bidder must have the certification of ISO 9001 and FSC Certificate just to ensure quality management capacity. Unless the bidder would be treated as non- responsive",yes,1019,1040
199942,Tender Notice_PDFs/RAJUK_Tender_199942.pdf,2,2,TDS/PDS--D. Tender Preparation--,The Tenderer shall submit with its e-Tender the following additional documents: m) Manufacturer’s authorization for all item. n) Manufacturer’s production capacity cerificate. o) Manufacturer’s warranty certificate. p) ISO certificate q) Providing testimony that ensures maintenance and after sales service for the period mentioned in the document with adequate parts/accessories as required if the bidder is supplier.,The Tenderer shall submit with its e-Tender the following additional documents: m) Manufacturer's authorization for all item. n) Manufacturer's production capacity cerificate. o) Manufacturer's warranty certificate. p) ISO certificate and FSC certificate q) Providing testimony that ensures maintenance and after sales service for the period mentioned in the document with adequate parts/accessories as required if the bidder is supplier.,yes,418,438
199942,Tender Notice_PDFs/RAJUK_Tender_199942.pdf,2,2,Document last selling date & time,05/06/2018 16:00,06/06/2018 11:00,yes,16,16
202993,Tender Notice_PDFs/RAJUK_Tender_202993.pdf,2,2,Document last selling date & time,26/08/2018 15:00,03/09/2018 15:00,yes,16,16
202993,Tender Notice_PDFs/RAJUK_Tender_202993.pdf,2,2,Opening Date & Time,27/08/2018 15:00,04/09/2018 15:00,yes,16,16
202993,Tender Notice_PDFs/RAJUK_Tender_202993.pdf,2,2,Last date & time for Tender/Proposal Security Submission,27/08/2018 14:30,04/09/2018 14:30,yes,16,16
202993,Tender Notice_PDFs/RAJUK_Tender_202993.pdf,2,2,Closing Date & Time,27/08/2018 15:00,04/09/2018 15:00,yes,16,16
202993,Tender Notice_PDFs/RAJUK_Tender_202993.pdf,2,2,Document last selling date & time,07/08/2018 15:00,26/08/2018 15:00,yes,16,16
202993,Tender Notice_PDFs/RAJUK_Tender_202993.pdf,2,2,Eligibility of Consultant,As per TDS.,As per TDS.,no,11,11
202993,Tender Notice_PDFs/RAJUK_Tender_202993.pdf,2,2,Opening Date & Time,08/08/2018 15:00,27/08/2018 15:00,yes,16,16
202993,Tender Notice_PDFs/RAJUK_Tender_202993.pdf,2,2,Last date & time for Tender/Proposal Security Submission,08/08/2018 14:30,27/08/2018 14:30,yes,16,16
202993,Tender Notice_PDFs/RAJUK_Tender_202993.pdf,2,2,Closing Date & Time,08/08/2018 15:00,27/08/2018 15:00,yes,16,16
202993,Tender Notice_PDFs/RAJUK_Tender_202993.pdf,2,2,"Brief Description of Goods,Works or Service",Repair and Renovation work of Road No-107 & 409 including Cleaning of Surface drain at Sector No-04 of Purbachal New Town Project.,Repair and Renovation work of Road No-107 & 409 including Cleaning of Surface drain at Sector No-04 of Purbachal New Town Project.,no,130,130
209496,Tender Notice_PDFs/RAJUK_Tender_209496.pdf,2,1,Document last selling date & time,07/08/2018 15:00,26/08/2018 15:00,yes,16,16
209496,Tender Notice_PDFs/RAJUK_Tender_209496.pdf,2,1,Eligibility of Consultant,As Per TDS.,As Per TDS.,no,11,11
209496,Tender Notice_PDFs/RAJUK_Tender_209496.pdf,2,1,Opening Date & Time,08/08/2018 15:00,27/08/2018 15:00,yes,16,16
209496,Tender Notice_PDFs/RAJUK_Tender_209496.pdf,2,1,Last date & time for Tender/Proposal Security Submission,08/08/2018 14:30,27/08/2018 14:30,yes,16,16
209496,Tender Notice_PDFs/RAJUK_Tender_209496.pdf,2,1,Closing Date & Time,08/08/2018 15:00,27/08/2018 15:00,yes,16,16
209496,Tender Notice_PDFs/RAJUK_Tender_209496.pdf,2,1,"Brief Description of Goods,Works or Service",Repairing of road-116 adjacent Drain work Bridge-38 towards east up to Dhaka by pass at sector-22 & 23 of Purbachal New Town Project.,Repairing of road-116 adjacent Drain work Bridge-38 towards east up to Dhaka by pass at sector-22 & 23 of Purbachal New Town Project.,no,133,133
209498,Tender Notice_PDFs/RAJUK_Tender_209498.pdf,2,1,Document last selling date & time,07/08/2018 15:00,26/08/2018 15:00,yes,16,16
209498,Tender Notice_PDFs/RAJUK_Tender_209498.pdf,2,1,Eligibility of Consultant,As Per TDS.,As Per TDS.,no,11,11
209498,Tender Notice_PDFs/RAJUK_Tender_209498.pdf,2,1,Opening Date & Time,08/08/2018 15:00,27/08/2018 15:00,yes,16,16
209498,Tender Notice_PDFs/RAJUK_Tender_209498.pdf,2,1,Last date & time for Tender/Proposal Security Submission,08/08/2018 14:30,27/08/2018 14:30,yes,16,16
209498,Tender Notice_PDFs/RAJUK_Tender_209498.pdf,2,1,Closing Date & Time,08/08/2018 15:00,27/08/2018 15:00,yes,16,16
209498,Tender Notice_PDFs/RAJUK_Tender_209498.pdf,2,1,"Brief Description of Goods,Works or Service",Construction of Boundary Wall for Janata High School in/c RAJUK Site Office Southside Boundary Wall part at Sector-04 of Purbachal New Town Project.,Construction of Boundary Wall for Janata High School in/c RAJUK Site Office Southside Boundary Wall part at Sector-04 of Purbachal New Town Project.,no,148,148
209736,Tender Notice_PDFs/RAJUK_Tender_209736.pdf,2,1,Document last selling date & time,12/08/2018 13:00,12/08/2018 15:00,yes,16,16
209736,Tender Notice_PDFs/RAJUK_Tender_209736.pdf,2,1,Eligibility of Consultant,"This invitation for Tender is open to all Eligible Tenderers as mentioned below and as further detailed in the Tender Data Sheet (TDS) of the Tender Document. A) General Experience : (i) In case of individual Tenderer /Reputed Contractors/ Construction Firms shall have minimum 10(ten) years of general experience in Construction works. (ii) In case of JVCA, Lead Partner as well as other partners must have minimum 10(ten) years of General Experience in Building Construction works. Other details given in the Tender Data Sheet (TDS). B) Similar Experience & Work Cost (i) Successful completion experience as a Prime Contractor or Sub-Contractor or Management Contractor in construction work of at least 1(one) No. of similar construction work including related Electrical Installation & Internal Sanitary and Water Supply, etc. arrangement of minimum 8(eight) storied Single Building or Multiple building complex in a boundary (at least one 8(eight) storied Building including minimum one basement) during the last 5(Five) years. (ii) Minimum value of the above mentioned work shall be amounting Tk. 60,00,00,000.00 (Taka Sixty Crore).(iii) The above mentioned Single Building Work or multiple building complex in a boundary should be completed in a single contract under Govt. / Semi-Govt./ Autonomous bodies. C) The minimum amount of Liquid assets or credit facilities or Working Capital of the Tenderer: Tk. 12,00,00,000.00 (Taka Twelve Crore). D) Required AATO shall be greater than Tk. 50,00,00,000.00 (Taka Fifty Crore).","This invitation for Tender is open to all Eligible Tenderers as mentioned below and as further detailed in the Tender Data Sheet (TDS) of the Tender Document. A) General Experience : (i) In case of individual Tenderer /Reputed Contractors/ Construction Firms shall have minimum 10(ten) years of general experience in Construction works. (ii) In case of JVCA, Lead Partner as well as other partners must have minimum 10(ten) years of General Experience in Building Construction works. Other details given in the Tender Data Sheet (TDS). B) Similar Experience & Work Cost (i) Successful completion experience as a Prime Contractor or Sub-Contractor or Management Contractor in construction work of at least 1(one) No. of similar construction work including related Electrical Installation & Internal Sanitary and Water Supply, etc. arrangement of minimum 8(eight) storied Single Building or Multiple building complex in a boundary (at least one 8(eight) storied Building including minimum one basement) during the last 5(Five) years. (ii) Minimum value of the above mentioned work shall be amounting Tk. 60,00,00,000.00 (Taka Sixty Crore).(iii) The above mentioned Single Building Work or multiple building complex in a boundary should be completed in a single contract under Govt. / Semi-Govt./ Autonomous bodies. C) The minimum amount of Liquid assets or credit facilities or Working Capital of the Tenderer: Tk. 12,00,00,000.00 (Taka Twelve Crore). D) Required AATO shall be greater than Tk. 50,00,00,000.00 (Taka Fifty Crore).",no,1528,1528
209736,Tender Notice_PDFs/RAJUK_Tender_209736.pdf,2,1,Opening Date & Time,12/08/2018 15:00,13/08/2018 15:00,yes,16,16
209736,Tender Notice_PDFs/RAJUK_Tender_209736.pdf,2,1,Last date & time for Tender/Proposal Security Submission,12/08/2018 12:00,13/08/2018 14:00,yes,16,16
209736,Tender Notice_PDFs/RAJUK_Tender_209736.pdf,2,1,Closing Date & Time,12/08/2018 15:00,13/08/2018 15:00,yes,16,16
209736,Tender Notice_PDFs/RAJUK_Tender_209736.pdf,2,1,"Brief Description of Goods,Works or Service",• Basement construction including Parking Facilities at Basement and Ground Floor. • Construction of 10+1-storied RCC framed structure building. • Internal sanitary and water supply arrangement. • Underground Water Reservoir. • Internal Electrification. • Fire Fighting. • Gas Connection. • Anti-Termite Treatment. • Pre cast Pile driving with Pressure hammer or latest Technology for pile driving. • Other Ancillary Works.,• Basement construction including Parking Facilities at Basement and Ground Floor. • Construction of 10+1-storied RCC framed structure building. • Internal sanitary and water supply arrangement. • Underground Water Reservoir. • Internal Electrification. • Fire Fighting. • Gas Connection. • Anti-Termite Treatment. • Pre cast Pile driving with Pressure hammer or latest Technology for pile driving. • Other Ancillary Works.,no,423,423
209938,Tender Notice_PDFs/RAJUK_Tender_209938.pdf,2,1,Document last selling date & time,07/08/2018 15:00,26/08/2018 15:00,yes,16,16
209938,Tender Notice_PDFs/RAJUK_Tender_209938.pdf,2,1,Eligibility of Consultant,As per TDS,As per TDS,no,10,10
209938,Tender Notice_PDFs/RAJUK_Tender_209938.pdf,2,1,Opening Date & Time,08/08/2018 15:00,27/08/2018 15:00,yes,16,16
209938,Tender Notice_PDFs/RAJUK_Tender_209938.pdf,2,1,Last date & time for Tender/Proposal Security Submission,08/08/2018 14:30,27/08/2018 14:30,yes,16,16
209938,Tender Notice_PDFs/RAJUK_Tender_209938.pdf,2,1,Closing Date & Time,08/08/2018 15:00,27/08/2018 15:00,yes,16,16
209938,Tender Notice_PDFs/RAJUK_Tender_209938.pdf,2,1,"Brief Description of Goods,Works or Service",Construction of internal road and surface drain at sector no.-5 Part of Purbachal new town project Package-RDC-05 Lot-01.,Construction of internal road and surface drain at sector no.-5 Part of Purbachal new town project Package-RDC-05 Lot-01.,no,121,121
209939,Tender Notice_PDFs/RAJUK_Tender_209939.pdf,2,1,Document last selling date & time,07/08/2018 15:00,26/08/2018 15:00,yes,16,16
209939,Tender Notice_PDFs/RAJUK_Tender_209939.pdf,2,1,Eligibility of Consultant,As Per TDS.,As Per TDS.,no,11,11
209939,Tender Notice_PDFs/RAJUK_Tender_209939.pdf,2,1,Opening Date & Time,08/08/2018 15:00,27/08/2018 15:00,yes,16,16
209939,Tender Notice_PDFs/RAJUK_Tender_209939.pdf,2,1,Last date & time for Tender/Proposal Security Submission,08/08/2018 14:30,27/08/2018 14:30,yes,16,16
209939,Tender Notice_PDFs/RAJUK_Tender_209939.pdf,2,1,Closing Date & Time,08/08/2018 15:00,27/08/2018 15:00,yes,16,16
209939,Tender Notice_PDFs/RAJUK_Tender_209939.pdf,2,1,"Brief Description of Goods,Works or Service","Construction of internal road and surface drain at sector no.-29 (Part) of Purbachal new town project (Package-RDC-29, Lot-01).","Construction of internal road and surface drain at sector no.-29 (Part) of Purbachal new town project (Package-RDC-29, Lot-01).",no,127,127
237820,Tender Notice_PDFs/RAJUK_Tender_237820.pdf,2,1,Eligibility of Consultant,"As per Section A, Clause No. 5 of Instructions to Tenderer (ITT) and Tender Data Sheet (TDS)","As per Section A, Clause No. 5 of Instructions to Tenderer (ITT) and Tender Data Sheet (TDS)",no,92,92
237820,Tender Notice_PDFs/RAJUK_Tender_237820.pdf,2,1,"Brief Description of Goods,Works or Service",Supply and Installation of Variable Refrigerant Flow (VRF) Air Conditioning System,Supply and Installation of Variable Refrigerant Flow (VRF) Air Conditioning System,no,82,82
287337,Tender Notice_PDFs/RAJUK_Tender_287337.pdf,2,1,Document last selling date & time,20/10/2019 15:00,06/11/2019 15:00,yes,16,16
287337,Tender Notice_PDFs/RAJUK_Tender_287337.pdf,2,1,Eligibility of Consultant,"This invitation for Tender is open to all eligible Reputed Supplier/Tenderer as mentioned below as further detailed in the Tender Data Sheet (TDS) as well as Particular Conditions of Contract (PCC) of the Tender Document. a) The minimum number of years of general experience of the Tenderer in the electro-mechanical works shall be five (05) years. b) The minimum specific experience of the Supplier/Tenderer 01 (One) contract of Supply, Installation & Testing of CCTV System successfully completed within the last five (5) Years (Years/Date counting backward from the date of publication of IFT in the e-GP system) with a value of at least Tk. 13.00 Lac only Government/ Semi-Government/ Autonomous Bodies /Private within Bangladesh. The issued Private Certificate must be authenticated (verified) by the Executive Engineer of PWD with in his jurisdiction. c) The minimum amount of Liquid Assets or Working Capital or Letter of Commitment for Bank’s Undertaking for line of Credit must be submitted for this Purpose of the successful Supplier/Tenderer shall not be less than Tk. 15.00 Lac only. The Supporting Bank Document submitted along with the Tender must be issued in between Publication date & Submission date of the Tender. d) Tenderer must have up-to-date ABC/BC category Contractory License (License must be issued in favour of his own organization) & Electrical Supervisory License from Bangladesh Electrical Licensing Board. e) The Supplier/Tenderer must have up to date Income Tax clearance Certificate from the NBR with TIN upto 2018-2019 (Tax Year). f) The Supplier/Tenderer must have up- to- date VAT Registration Certificate.","This invitation for Tender is open to all eligible Reputed Supplier/Tenderer as mentioned below as further detailed in the Tender Data Sheet (TDS) as well as Particular Conditions of Contract (PCC) of the Tender Document. a) The minimum number of years of general experience of the Tenderer in the electro-mechanical works shall be five (05) years. b) The minimum specific experience of the Supplier/Tenderer 01 (One) contract of Supply, Installation & Testing of CCTV System successfully completed within the last five (5) Years (Years/Date counting backward from the date of publication of IFT in the e-GP system) with a value of at least Tk. 13.00 Lac only Government/ Semi-Government/ Autonomous Bodies /Private within Bangladesh. The issued Private Certificate must be authenticated (verified) by the Executive Engineer of PWD with in his jurisdiction. c) The minimum amount of Liquid Assets or Working Capital or Letter of Commitment for Bank’s Undertaking for line of Credit must be submitted for this Purpose of the successful Supplier/Tenderer shall not be less than Tk. 15.00 Lac only. The Supporting Bank Document submitted along with the Tender must be issued in between Publication date & Submission date of the Tender. d) Tenderer must have up-to-date ABC/BC category Contractory License (License must be issued in favour of his own organization) & Electrical Supervisory License from Bangladesh Electrical Licensing Board. e) The Supplier/Tenderer must have up to date Income Tax clearance Certificate from the NBR with TIN upto 2018-2019 (Tax Year). f) The Supplier/Tenderer must have up- to- date VAT Registration Certificate.",no,1643,1643
287337,Tender Notice_PDFs/RAJUK_Tender_287337.pdf,2,1,Opening Date & Time,31/10/2019 16:00,07/11/2019 16:00,yes,16,16
287337,Tender Notice_PDFs/RAJUK_Tender_287337.pdf,2,1,Last date & time for Tender/Proposal Security Submission,31/10/2019 15:30,07/11/2019 15:30,yes,16,16
287337,Tender Notice_PDFs/RAJUK_Tender_287337.pdf,2,1,Closing Date & Time,31/10/2019 16:00,07/11/2019 16:00,yes,16,16
287337,Tender Notice_PDFs/RAJUK_Tender_287337.pdf,2,1,"Brief Description of Goods,Works or Service",Supply Installation and Testing of 16 ways DVR type CCTV system for the Building No 14A & 14B of Lot-20 under the Project of Construction of Residential Apartment Building for Low & Middle Income Group of people at Sector -18 of Uttara Model Town 3rd Phase Dhaka.,Supply Installation and Testing of 16 ways DVR type CCTV system for the Building No 14A & 14B of Lot-20 under the Project of Construction of Residential Apartment Building for Low & Middle Income Group of people at Sector -18 of Uttara Model Town 3rd Phase Dhaka.,no,263,263
437635,Tender Notice_PDFs/RAJUK_Tender_437635.pdf,2,2,Completion Date(Lot No : 1),31/08/2020,29/09/2020,yes,10,10
437635,Tender Notice_PDFs/RAJUK_Tender_437635.pdf,2,2,Document last selling date & time,07/04/2020 17:00,28/04/2020 17:00,yes,16,16
437635,Tender Notice_PDFs/RAJUK_Tender_437635.pdf,2,2,Opening Date & Time,08/04/2020 14:00,29/04/2020 14:00,yes,16,16
437635,Tender Notice_PDFs/RAJUK_Tender_437635.pdf,2,2,Last date & time for Tender/Proposal Security Submission,08/04/2020 13:00,29/04/2020 13:00,yes,16,16
437635,Tender Notice_PDFs/RAJUK_Tender_437635.pdf,2,2,Start Date(Lot No : 1),03/05/2020,01/06/2020,yes,10,10
437635,Tender Notice_PDFs/RAJUK_Tender_437635.pdf,2,2,Closing Date & Time,08/04/2020 14:00,29/04/2020 14:00,yes,16,16
437635,Tender Notice_PDFs/RAJUK_Tender_437635.pdf,2,2,Eligibility of Consultant,"As per Section A, Clause No. 5 of Instructions to Tenderer (ITT) and Tender Data Sheet (TDS)","As per Section A, Clause No. 5 of Instructions to Tenderer (ITT) and Tender Data Sheet (TDS)",no,92,92
437635,Tender Notice_PDFs/RAJUK_Tender_437635.pdf,2,2,"Brief Description of Goods,Works or Service","Supply of Laptop, Tablet for Field use, Firewall, Switch with PoE, Access Point with AC Power Injector, Monitor (Minimum 27” Display), Video Wall Solutions, All in One Multifunction A4 / A3 Color Printer, Copier & Scanner, Laser Measuring Device, Docking Station, UPS, USB Keyboard & Mice Set, Surge Protector Power Strip and LAN Cabling with Power Supply in RAJUK Offices","Supply of Laptop, Tablet for Field use, Firewall, Switch with PoE, Access Point with AC Power Injector, Monitor (Minimum 27” Display), Video Wall Solutions, All in One Multifunction A4 / A3 Color Printer, Copier & Scanner, Laser Measuring Device, Docking Station, UPS, USB Keyboard & Mice Set, Surge Protector Power Strip and LAN Cabling with Power Supply in RAJUK Offices",no,372,372
446869,Tender Notice_PDFs/RAJUK_Tender_446869.pdf,2,2,Document last selling date & time,03/05/2020 15:00,18/05/2020 14:30,yes,16,16
446869,Tender Notice_PDFs/RAJUK_Tender_446869.pdf,2,2,Opening Date & Time,04/05/2020 15:00,19/05/2020 14:00,yes,16,16
446869,Tender Notice_PDFs/RAJUK_Tender_446869.pdf,2,2,Last date & time for Tender/Proposal Security Submission,04/05/2020 14:30,19/05/2020 13:00,yes,16,16
446869,Tender Notice_PDFs/RAJUK_Tender_446869.pdf,2,2,Closing Date & Time,04/05/2020 15:00,19/05/2020 14:00,yes,16,16
446869,Tender Notice_PDFs/RAJUK_Tender_446869.pdf,2,2,Document last selling date & time,20/04/2020 15:00,03/05/2020 15:00,yes,16,16
446869,Tender Notice_PDFs/RAJUK_Tender_446869.pdf,2,2,Eligibility of Consultant,As Per TDS.,As Per TDS.,no,11,11
446869,Tender Notice_PDFs/RAJUK_Tender_446869.pdf,2,2,Opening Date & Time,21/04/2020 15:00,04/05/2020 15:00,yes,16,16
446869,Tender Notice_PDFs/RAJUK_Tender_446869.pdf,2,2,Last date & time for Tender/Proposal Security Submission,21/04/2020 14:30,04/05/2020 14:30,yes,16,16
446869,Tender Notice_PDFs/RAJUK_Tender_446869.pdf,2,2,Closing Date & Time,21/04/2020 15:00,04/05/2020 15:00,yes,16,16
446869,Tender Notice_PDFs/RAJUK_Tender_446869.pdf,2,2,"Brief Description of Goods,Works or Service","Construction of 8 (Eight) storied Apartment Building at Plot no-2/15, Block-B, Babar Road, Mohammadpur Dhaka (Building No-6) including internal electrification, Plumbing and sanitary works, Gas connection etc.","Construction of 8 (Eight) storied Apartment Building at Plot no-2/15, Block-B, Babar Road, Mohammadpur Dhaka (Building No-6) including internal electrification, Plumbing and sanitary works, Gas connection etc.",no,209,209
447380,Tender Notice_PDFs/RAJUK_Tender_447380.pdf,2,2,Document last selling date & time,03/05/2020 15:00,18/05/2020 14:30,yes,16,16
447380,Tender Notice_PDFs/RAJUK_Tender_447380.pdf,2,2,Opening Date & Time,04/05/2020 15:00,19/05/2020 14:00,yes,16,16
447380,Tender Notice_PDFs/RAJUK_Tender_447380.pdf,2,2,Last date & time for Tender/Proposal Security Submission,04/05/2020 14:30,19/05/2020 13:00,yes,16,16
447380,Tender Notice_PDFs/RAJUK_Tender_447380.pdf,2,2,Closing Date & Time,04/05/2020 15:00,19/05/2020 14:00,yes,16,16
447380,Tender Notice_PDFs/RAJUK_Tender_447380.pdf,2,2,Document last selling date & time,20/04/2020 15:00,03/05/2020 15:00,yes,16,16
447380,Tender Notice_PDFs/RAJUK_Tender_447380.pdf,2,2,Eligibility of Consultant,As Per TDS.,As Per TDS.,no,11,11
447380,Tender Notice_PDFs/RAJUK_Tender_447380.pdf,2,2,Opening Date & Time,21/04/2020 15:00,04/05/2020 15:00,yes,16,16
447380,Tender Notice_PDFs/RAJUK_Tender_447380.pdf,2,2,Last date & time for Tender/Proposal Security Submission,21/04/2020 14:30,04/05/2020 14:30,yes,16,16
447380,Tender Notice_PDFs/RAJUK_Tender_447380.pdf,2,2,Closing Date & Time,21/04/2020 15:00,04/05/2020 15:00,yes,16,16
447380,Tender Notice_PDFs/RAJUK_Tender_447380.pdf,2,2,"Brief Description of Goods,Works or Service","Construction of 13 (Thirteen) Storied Apartment Building including 01(One) basement at Plot No-226 (old) 90 (new), Road no-21(old) 11/A (new), Dhanmondi R/A, Dhaka. (Building No-08) including internal electrification, plumbing and sanitary work, gas connection etc.","Construction of 13 (Thirteen) Storied Apartment Building including 01(One) basement at Plot No-226 (old) 90 (new), Road no-21(old) 11/A (new), Dhanmondi R/A, Dhaka. (Building No-08) including internal electrification, plumbing and sanitary work, gas connection etc.",no,265,265
466089,Tender Notice_PDFs/RAJUK_Tender_466089.pdf,2,1,Completion Date(Lot No : 1),02/02/2021,01/03/2021,yes,10,10
466089,Tender Notice_PDFs/RAJUK_Tender_466089.pdf,2,1,Document last selling date & time,14/07/2020 15:00,09/08/2020 15:00,yes,16,16
466089,Tender Notice_PDFs/RAJUK_Tender_466089.pdf,2,1,Eligibility of Consultant,As Per TDS.,As Per TDS.,no,11,11
466089,Tender Notice_PDFs/RAJUK_Tender_466089.pdf,2,1,Opening Date & Time,15/07/2020 15:00,10/08/2020 14:30,yes,16,16
466089,Tender Notice_PDFs/RAJUK_Tender_466089.pdf,2,1,Last date & time for Tender/Proposal Security Submission,15/07/2020 14:30,10/08/2020 14:00,yes,16,16
466089,Tender Notice_PDFs/RAJUK_Tender_466089.pdf,2,1,Start Date(Lot No : 1),03/08/2020,01/09/2020,yes,10,10
466089,Tender Notice_PDFs/RAJUK_Tender_466089.pdf,2,1,Closing Date & Time,15/07/2020 15:00,10/08/2020 14:30,yes,16,16
466089,Tender Notice_PDFs/RAJUK_Tender_466089.pdf,2,1,"Brief Description of Goods,Works or Service","Construction of Internal Road and surface Drain Cross Drain R.C.C walkway Road Package No-RDC-11, Lot No-3, Sector no-11 of Purbachal New Town Project.","Construction of Internal Road and surface Drain Cross Drain R.C.C walkway Road Package No-RDC-11, Lot No-3, Sector no-11 of Purbachal New Town Project.",no,151,151
466105,Tender Notice_PDFs/RAJUK_Tender_466105.pdf,2,1,Completion Date(Lot No : 1),02/02/2021,02/03/2021,yes,10,10
466105,Tender Notice_PDFs/RAJUK_Tender_466105.pdf,2,1,Document last selling date & time,14/07/2020 15:00,09/08/2020 15:00,yes,16,16
466105,Tender Notice_PDFs/RAJUK_Tender_466105.pdf,2,1,Eligibility of Consultant,As Per TDS.,As Per TDS.,no,11,11
466105,Tender Notice_PDFs/RAJUK_Tender_466105.pdf,2,1,Opening Date & Time,15/07/2020 15:30,10/08/2020 14:30,yes,16,16
466105,Tender Notice_PDFs/RAJUK_Tender_466105.pdf,2,1,Last date & time for Tender/Proposal Security Submission,15/07/2020 15:00,10/08/2020 14:00,yes,16,16
466105,Tender Notice_PDFs/RAJUK_Tender_466105.pdf,2,1,Start Date(Lot No : 1),03/08/2020,01/09/2020,yes,10,10
466105,Tender Notice_PDFs/RAJUK_Tender_466105.pdf,2,1,Closing Date & Time,15/07/2020 15:30,10/08/2020 14:30,yes,16,16
466105,Tender Notice_PDFs/RAJUK_Tender_466105.pdf,2,1,"Brief Description of Goods,Works or Service","Construction of 02 (two) Storied School Building with 06 (Six) Storied Foundation work at Sector No-03, Road No-102, Plot No-43 of Purbachal New Town Project.","Construction of 02 (two) Storied School Building with 06 (Six) Storied Foundation work at Sector No-03, Road No-102, Plot No-43 of Purbachal New Town Project.",no,158,158
466107,Tender Notice_PDFs/RAJUK_Tender_466107.pdf,2,1,Completion Date(Lot No : 1),02/02/2021,01/03/2021,yes,10,10
466107,Tender Notice_PDFs/RAJUK_Tender_466107.pdf,2,1,Document last selling date & time,14/07/2020 15:00,09/08/2020 15:00,yes,16,16
466107,Tender Notice_PDFs/RAJUK_Tender_466107.pdf,2,1,Eligibility of Consultant,As Per TDS.,As Per TDS.,no,11,11
466107,Tender Notice_PDFs/RAJUK_Tender_466107.pdf,2,1,Opening Date & Time,15/07/2020 15:30,10/08/2020 14:30,yes,16,16
466107,Tender Notice_PDFs/RAJUK_Tender_466107.pdf,2,1,Last date & time for Tender/Proposal Security Submission,15/07/2020 15:00,10/08/2020 14:00,yes,16,16
466107,Tender Notice_PDFs/RAJUK_Tender_466107.pdf,2,1,Start Date(Lot No : 1),03/08/2020,01/09/2020,yes,10,10
466107,Tender Notice_PDFs/RAJUK_Tender_466107.pdf,2,1,Closing Date & Time,15/07/2020 15:30,10/08/2020 14:30,yes,16,16
466107,Tender Notice_PDFs/RAJUK_Tender_466107.pdf,2,1,"Brief Description of Goods,Works or Service",Construction of the remaining RCC Road Surface Drain and necessary repair work in sector no-13 of purbachal New Town Project Package No-RDC13 Lot-2.,Construction of the remaining RCC Road Surface Drain and necessary repair work in sector no-13 of purbachal New Town Project Package No-RDC13 Lot-2.,no,148,148
502059,Tender Notice_PDFs/RAJUK_Tender_502059.pdf,2,1,Eligibility of Consultant,This invitation for Tender is open to all eligible Reputed Tenderer as mentioned below: a) Reputed bonafied Firm/ Organization/ Manufacturer/ Authorized Agent having minimum 05 ( Five) years experience of Lift Servicing & Maintenance. (b) The Tenderer shall have successfully completed of 15 Nos SRH (China) AND OR Masiba (Malaysia) Brand Lift Servicing and Maintenance Works in 3(Three) Contrcts with a Contract value of total Tk.14 (Fourteen) Lac OR 2(Two) Contracts having 12 Nos. same brand Lift Servicing and Maintenance Works with a Contract value of total Tk.11 (Eleven) Lac OR Single Contract having 10 Nos. same brand Lift Servicing and Maintenance Works with a Contract value of Tk.9 (Nine) Lac within last 05 ( Five) years under in Govt./ Semi Govt./ Autonomous body. The certifying authority shall be an officer not below the rank of Executive Engineer of that organization. c) Average Annual Construction Turnover shall be greater than Tk. 14 (Fourteen) Lac over the last five (05) years. d) The minimum amount of Liquid Assets or Working Capital or letter of Commitment for Bank’s Undertaking for line of Credit as per Form PW2a-3 of Tender and Contract Forms must be submitted for this Purpose of the Successful Tenderer shall not be less than Tk. 06 (Six) Lac Only. The Supporting Bank Document submitted along with the Tender must be issued in between Publication date & Submission date of the Tender. e) The minimum tender capacity of Tk.14 (Fourteen) Lac. f) Up-to-date ABC category Contractory License(License must be issued in favour of his own Organization) & Electrical Supervisory License from Bangladesh Electrical Licensing Board. g) Up-to-date Income Tax clearance Certificate. h) VAT Registration Certificate. i) Up-to-date Trade License. (Years/Date will be counted backward from the date of publication of IFT.),This invitation for Tender is open to all eligible Reputed Tenderer as mentioned below: a) Reputed bonafied Firm/ Organization/ Manufacturer/ Authorized Agent having minimum 05 ( Five) years experience of Lift Servicing & Maintenance. (b) The Tenderer shall have successfully completed SRH (China) AND OR Masiba (Malaysia) Brand Lift Servicing and Maintenance Works in 3(Three) Contrcts with a Contract value of total Tk.14 (Fourteen) Lac OR 2(Two) Contracts having same brand Lift Servicing and Maintenance Works with a Contract value of total Tk.11 (Eleven) Lac OR Single Contract having same brand Lift Servicing and Maintenance Works with a Contract value of Tk.9 (Nine) Lac within last 05 ( Five) years under in Govt./ Semi Govt./ Autonomous body. The certifying authority shall be an officer not below the rank of Executive Engineer of that organization. c) Average Annual Construction Turnover shall be greater than Tk. 14 (Fourteen) Lac over the last five (05) years. d) The minimum amount of Liquid Assets or Working Capital or letter of Commitment for Bank’s Undertaking for line of Credit as per Form PW2a-3 of Tender and Contract Forms must be submitted for this Purpose of the Successful Tenderer shall not be less than Tk. 06 (Six) Lac Only. The Supporting Bank Document submitted along with the Tender must be issued in between Publication date & Submission date of the Tender. e) The minimum tender capacity of Tk.14 (Fourteen) Lac. f) Up-to-date ABC category Contractory License(License must be issued in favour of his own Organization) & Electrical Supervisory License from Bangladesh Electrical Licensing Board. g) Up-to-date Income Tax clearance Certificate. h) VAT Registration Certificate. i) Up-to-date Trade License. (Years/Date will be counted backward from the date of publication of IFT.),yes,1841,1815
502059,Tender Notice_PDFs/RAJUK_Tender_502059.pdf,2,1,"Brief Description of Goods,Works or Service",Servicing and Maintenance of 20 nos. 1350/1400kg Passenger Lift at Uttara Apartment Project Block-A for Building no. 18A 18B 18C 18D 3C 3D 12D 12E 11H & 11I.,Servicing and Maintenance of 20 nos. 1350/1400kg Passenger Lift at Uttara Apartment Project Block-A for Building no. 18A 18B 18C 18D 3C 3D 12D 12E 11H & 11I.,no,157,157
502977,Tender Notice_PDFs/RAJUK_Tender_502977.pdf,2,1,Eligibility of Consultant,This invitation for Tender is open to all eligible Reputed Tenderer as mentioned below: a) Reputed bonafied Firm/ Organization/ Manufacturer/ Authorized Agent having minimum 05 ( Five) years experience of Lift Servicing & Maintenance. (b) The Tenderer shall have successfully completed of 33 Nos XIZI Unite (China) Brand Lift Servicing and Maintenance Works in 3(Three) Contrcts with a value of total Tk.31 (Thirty one) Lac OR 2(Two) Contracts having 26 Nos. same brand Lift Servicing and Maintenance Works with a value of total Tk.24 (Twenty four) Lac OR Single Contract having 22 Nos. same brand Lift Servicing and Maintenance Works with a value of Tk.20 (Twenty) Lac within last 05 ( Five) years under in Govt./ Semi Govt./ Autonomous body. The certifying authority shall be an officer not below the rank of Executive Engineer of that organization. c) Average Annual Construction Turnover shall be greater than Tk. 30 (Thirty) lac over the last five (05) years. d) The minimum amount of Liquid Assets or Working Capital or letter of Commitment for Bank’s Undertaking for line of Credit as per Form PW2a-3 of Tender and Contract Forms must be submitted for this Purpose of the Successful Tenderer shall not be less than Tk. 12 (Twelve) Lac Only. The Supporting Bank Document submitted along with the Tender must be issued in between Publication date & Submission date of the Tender. e) The minimum tender capacity of Tk 30 (Thirty) Lac. f) Up-to-date ABC category Contractory License(License must be issued in favour of his own Organization) & Electrical Supervisory License from Bangladesh Electrical Licensing Board. g) Up-to-date Income Tax clearance Certificate. h) VAT Registration Certificate. i) Up-to-date Trade License. (Years will be counted backward from the date of pu,This invitation for Tender is open to all eligible Reputed Tenderer as mentioned below: a) Reputed bonafied Firm/ Organization/ Manufacturer/ Authorized Agent having minimum 05 ( Five) years experience of Lift Servicing & Maintenance. (b) The Tenderer shall have successfully completed XIZI Unite (China) Brand Lift Servicing and Maintenance Works in 3(Three) Contrcts with a value of total Tk.31 (Thirty one) Lac OR 2(Two) Contracts having same brand Lift Servicing and Maintenance Works with a value of total Tk.24 (Twenty four) Lac OR Single Contract having same brand Lift Servicing and Maintenance Works with a value of Tk.20 (Twenty) Lac within last 05 ( Five) years under in Govt./ Semi Govt./ Autonomous body. The certifying authority shall be an officer not below the rank of Executive Engineer of that organization. c) Average Annual Construction Turnover shall be greater than Tk. 30 (Thirty) lac over the last five (05) years. d) The minimum amount of Liquid Assets or Working Capital or letter of Commitment for Bank’s Undertaking for line of Credit as per Form PW2a-3 of Tender and Contract Forms must be submitted for this Purpose of the Successful Tenderer shall not be less than Tk. 12 (Twelve) Lac Only. The Supporting Bank Document submitted along with the Tender must be issued in between Publication date & Submission date of the Tender. e) The minimum tender capacity of Tk 30 (Thirty) Lac. f) Up-to-date ABC category Contractory License(License must be issued in favour of his own Organization) & Electrical Supervisory License from Bangladesh Electrical Licensing Board. g) Up-to-date Income Tax clearance Certificate. h) VAT Registration Certificate. i) Up-to-date Trade License. (Years will be counted backward from the date of pu,yes,1782,1756
502977,Tender Notice_PDFs/RAJUK_Tender_502977.pdf,2,1,"Brief Description of Goods,Works or Service",Servicing and Maintenance of 44 nos. 1350/1400kg Passenger Lift at Uttara Apartment Project Block-A for Building no. 1A 1B 1C 1D 6A 6B 6C 6D 16A 16B 16C 16D 17A 17B 17C 17D 3A 3B 14A 14B 12A & 12F.,Servicing and Maintenance of 44 nos. 1350/1400kg Passenger Lift at Uttara Apartment Project Block-A for Building no. 1A 1B 1C 1D 6A 6B 6C 6D 16A 16B 16C 16D 17A 17B 17C 17D 3A 3B 14A 14B 12A & 12F.,no,197,197
502982,Tender Notice_PDFs/RAJUK_Tender_502982.pdf,2,1,Eligibility of Consultant,This invitation for Tender is open to all eligible Reputed Tenderer as mentioned below: a) Reputed bonafied Firm/ Organization/ Manufacturer/ Authorized Agent having minimum 05 ( Five) years experience of Lift Servicing & Maintenance. (b) The Tenderer shall have successfully completed of 24 Nos Schindler (China) Brand Lift Servicing and Maintenance Works in 3(Three) Contracts with a value of total Tk.23 (Twenty three) Lac OR 2(Two) Contracts having 19 Nos. same brand Lift Servicing and Maintenance Works with a value of total Tk.18 (Eighteen) Lac OR Single Contract having 16 Nos. same brand Lift Servicing and Maintenance Works with a value of Tk.15 (Fifteen) Lac within last 05 ( Five) years under in Govt./ Semi Govt./ Autonomous body. The certifying authority shall be an officer not below the rank of Executive Engineer of that organization. c) Average Annual Construction Turnover shall be greater than Tk. 20(Twenty) lac over the last five (05) years. d) The minimum amount of Liquid Assets or Working Capital or letter of Commitment for Bank’s Undertaking for line of Credit as per Form PW2a-3 of Tender and Contract Forms must be submitted for this Purpose of the Successful Tenderer shall not be less than Tk. 09 (Nine) Lac Only.The Supporting Bank Document submitted along with the Tender must be issued in between Publication date & Submission date of the Tender. e) The minimum tender capacity of Tk 22 (Twenty two) Lac. f) Up-to-date ABC category Contractory License(License must be issued in favour of his own Organization) & Electrical Supervisory License from Bangladesh Electrical Licensing Board. g) Up-to-date Income Tax clearance Certificate. h) VAT Registration Certificate. i) Up-to-date Trade License. (Years/Date will be counted backward from the date of publication of IFT.,This invitation for Tender is open to all eligible Reputed Tenderer as mentioned below: a) Reputed bonafied Firm/ Organization/ Manufacturer/ Authorized Agent having minimum 05 ( Five) years experience of Lift Servicing & Maintenance. (b) The Tenderer shall have successfully completed Schindler (China) Brand Lift Servicing and Maintenance Works in 3(Three) Contracts with a value of total Tk.23 (Twenty three) Lac OR 2(Two) Contracts having same brand Lift Servicing and Maintenance Works with a value of total Tk.18 (Eighteen) Lac OR Single Contract having same brand Lift Servicing and Maintenance Works with a value of Tk.15 (Fifteen) Lac within last 05 ( Five) years under in Govt./ Semi Govt./ Autonomous body. The certifying authority shall be an officer not below the rank of Executive Engineer of that organization. c) Average Annual Construction Turnover shall be greater than Tk. 20(Twenty) lac over the last five (05) years. d) The minimum amount of Liquid Assets or Working Capital or letter of Commitment for Bank’s Undertaking for line of Credit as per Form PW2a-3 of Tender and Contract Forms must be submitted for this Purpose of the Successful Tenderer shall not be less than Tk. 09 (Nine) Lac Only.The Supporting Bank Document submitted along with the Tender must be issued in between Publication date & Submission date of the Tender. e) The minimum tender capacity of Tk 22 (Twenty two) Lac. f) Up-to-date ABC category Contractory License(License must be issued in favour of his own Organization) & Electrical Supervisory License from Bangladesh Electrical Licensing Board. g) Up-to-date Income Tax clearance Certificate. h) VAT Registration Certificate. i) Up-to-date Trade License. (Years/Date will be counted backward from the date of publication of IFT.,yes,1804,1778
502982,Tender Notice_PDFs/RAJUK_Tender_502982.pdf,2,1,"Brief Description of Goods,Works or Service",Servicing and Maintenance of 32 nos. 1350/1400kg Passenger Lift at Uttara Apartment Project Block-A for Building no. 2A 2B 2C 2D 4A 4B 4C 4D 5A 5B 5C 5D 13A 13B 13C & 13D,Servicing and Maintenance of 32 nos. 1350/1400kg Passenger Lift at Uttara Apartment Project Block-A for Building no. 2A 2B 2C 2D 4A 4B 4C 4D 5A 5B 5C 5D 13A 13B 13C & 13D,no,170,170
502984,Tender Notice_PDFs/RAJUK_Tender_502984.pdf,2,1,Eligibility of Consultant,This invitation for Tender is open to all eligible Reputed Tenderer as mentioned below: a) Reputed bonafied Firm/ Organization/ Manufacturer/ Authorized Agent having minimum 05 ( Five) years experience of Lift Servicing & Maintenance. (b) The Tenderer shall have successfully completed of 38 Nos Fuji HD (China) Brand Lift Servicing and Maintenance Works in 3(Three) Contracts with a Contract value of total Tk.35 (Thirty five) Lac OR 2(Two) Contracts having 30 Nos. same brand Lift Servicing and Maintenance Works with a Contract value of total Tk.28 (Twenty eight) Lac OR Single Contract having 25 Nos. same brand Lift Servicing and Maintenance Works with a Contract value of Tk.23 (Twenty three) Lac within last 05 ( Five) years under in Govt./ Semi Govt./ Autonomous body. The certifying authority shall be an officer not below the rank of Executive Engineer of that organization. c) Average Annual Construction Turnover shall be greater than Tk. 35 (Thirty five) Lac over the last five (05) years. d) The minimum amount of Liquid Assets or Working Capital or letter of Commitment for Bank’s Undertaking for line of Credit as per Form PW2a-3 of Tender and Contract Forms must be submitted for this Purpose of the Successful Tenderer shall not be less than Tk. 14 (Fourteen) Lac Only. e) The minimum tender capacity of Tk 35 (Thirty five)Lac. f) Up-to-date ABC category Contractory License(License must be issued in favour of his own Organization) & Electrical Supervisory License from Bangladesh Electrical Licensing Board. g) Up-to-date Income Tax clearance Certificate. h) VAT Registration Certificate. i) Up-to-date Trade License. (Years/Date will be counted backward from the date of publication,This invitation for Tender is open to all eligible Reputed Tenderer as mentioned below: a) Reputed bonafied Firm/ Organization/ Manufacturer/ Authorized Agent having minimum 05 ( Five) years experience of Lift Servicing & Maintenance. (b) The Tenderer shall have successfully completed Fuji HD (China) Brand Lift Servicing and Maintenance Works in 3(Three) Contracts with a Contract value of total Tk.35 (Thirty five) Lac OR 2(Two) Contracts having same brand Lift Servicing and Maintenance Works with a Contract value of total Tk.28 (Twenty eight) Lac OR Single Contract having same brand Lift Servicing and Maintenance Works with a Contract value of Tk.23 (Twenty three) Lac within last 05 ( Five) years under in Govt./ Semi Govt./ Autonomous body. The certifying authority shall be an officer not below the rank of Executive Engineer of that organization. c) Average Annual Construction Turnover shall be greater than Tk. 35 (Thirty five) Lac over the last five (05) years. d) The minimum amount of Liquid Assets or Working Capital or letter of Commitment for Bank’s Undertaking for line of Credit as per Form PW2a-3 of Tender and Contract Forms must be submitted for this Purpose of the Successful Tenderer shall not be less than Tk. 14 (Fourteen) Lac Only. e) The minimum tender capacity of Tk 35 (Thirty five)Lac. f) Up-to-date ABC category Contractory License(License must be issued in favour of his own Organization) & Electrical Supervisory License from Bangladesh Electrical Licensing Board. g) Up-to-date Income Tax clearance Certificate. h) VAT Registration Certificate. i) Up-to-date Trade License. (Years/Date will be counted backward from the date of publication,yes,1703,1677
502984,Tender Notice_PDFs/RAJUK_Tender_502984.pdf,2,1,"Brief Description of Goods,Works or Service","Servicing and Maintenance of 50 nos. 1350/1400kg Passenger Lift at Uttara Apartment Project Block-A for Building no. 7A, 7B, 7C, 7D, 8A, 8B, 8C, 8D, 9A, 9B, 9C, 9D, 15A, 15B, 15C, 15D, 11F, 11G, 14C, 14D, 11A, 11B, 11C, 11D & 11E.","Servicing and Maintenance of 50 nos. 1350/1400kg Passenger Lift at Uttara Apartment Project Block-A for Building no. 7A, 7B, 7C, 7D, 8A, 8B, 8C, 8D, 9A, 9B, 9C, 9D, 15A, 15B, 15C, 15D, 11F, 11G, 14C, 14D, 11A, 11B, 11C, 11D & 11E.",no,230,230
505037,Tender Notice_PDFs/RAJUK_Tender_505037.pdf,2,1,Eligibility of Consultant,As per TDS.,As per TDS.,no,11,11
505037,Tender Notice_PDFs/RAJUK_Tender_505037.pdf,2,1,"Brief Description of Goods,Works or Service","Electrification work of RAJUK Central Mechanical Steel Structure Stack Yard at Sector No-1, Road No-102, Plot No-44 at Purbachal New Town Project.","Electrification work of RAJUK Central Mechanical Steel Structure Stack Yard at Sector No-1, Road No-102, Plot No-44 at Purbachal New Town Project.",no,146,146
514341,Tender Notice_PDFs/RAJUK_Tender_514341.pdf,2,2,Eligibility of Consultant,As per TDS.,As per TDS.,no,11,11
514341,Tender Notice_PDFs/RAJUK_Tender_514341.pdf,2,2,"Brief Description of Goods,Works or Service",Construction works of separate Male & Female Toilets with modern & standard sanitary fitting after removal of common toilets at different floor of RAJUK Main Building.,Construction works of separate Male & Female Toilets with modern & standard sanitary fitting after removal of common toilets at different floor of RAJUK Main Building.,no,167,167
514342,Tender Notice_PDFs/RAJUK_Tender_514342.pdf,2,2,Eligibility of Consultant,As Per TDS.,As Per TDS.,no,11,11
514342,Tender Notice_PDFs/RAJUK_Tender_514342.pdf,2,2,"Brief Description of Goods,Works or Service",Construction works of separate Male & Female Toilets with modern & standard sanitary fitting after removal of common toilets at different floor of RAJUK Annex. Building.,Construction works of separate Male & Female Toilets with modern & standard sanitary fitting after removal of common toilets at different floor of RAJUK Annex. Building.,no,169,169
514343,Tender Notice_PDFs/RAJUK_Tender_514343.pdf,2,2,Eligibility of Consultant,As Per TDS.,As Per TDS.,no,11,11
514343,Tender Notice_PDFs/RAJUK_Tender_514343.pdf,2,2,"Brief Description of Goods,Works or Service","Water Proofing Membrane RCC slab and neat cement plaster works ofter removal of existing lime-terracing at the roof of 2nd, 4th and 5th floor of RAJUK Main Building and Auditorium and neat cement plaster work at the roof RAJUK Annex Building.","Water Proofing Membrane RCC slab and neat cement plaster works ofter removal of existing lime-terracing at the roof of 2nd, 4th and 5th floor of RAJUK Main Building and Auditorium and neat cement plaster work at the roof RAJUK Annex Building.",no,242,242
583663,Tender Notice_PDFs/RAJUK_Tender_583663.pdf,2,1,Eligibility of Consultant,As per TDS.,As per TDS.,no,11,11
583663,Tender Notice_PDFs/RAJUK_Tender_583663.pdf,2,1,"Brief Description of Goods,Works or Service","Supply, Installation, Testing Commissioning of 1(One) Number 200KVA Sub-Station & 40KVA Generator for 4 storied Apartment Building at Mohammadpur R/A, Awrangajeb Road, Block-A, Plot-8/2, Dhaka. (Building 5).","Supply, Installation, Testing Commissioning of 1(One) Number 200KVA Sub-Station & 40KVA Generator for 4 storied Apartment Building at Mohammadpur R/A, Awrangajeb Road, Block-A, Plot-8/2, Dhaka. (Building 5).",no,207,207
583666,Tender Notice_PDFs/RAJUK_Tender_583666.pdf,2,1,Eligibility of Consultant,As Per TDS.,As Per TDS.,no,11,11
583666,Tender Notice_PDFs/RAJUK_Tender_583666.pdf,2,1,"Brief Description of Goods,Works or Service","Supply, Installation, Testing Commissioning of 1(One) Number 800 KG 10 Passenger Lift for 4 storied Apartment Building at Mohammadpur R/A, Awrangajeb Road, Block-A, Plot-8/2, Dhaka. (Building 5)","Supply, Installation, Testing Commissioning of 1(One) Number 800 KG 10 Passenger Lift for 4 storied Apartment Building at Mohammadpur R/A, Awrangajeb Road, Block-A, Plot-8/2, Dhaka. (Building 5)",no,194,194
639202,Tender Notice_PDFs/RAJUK_Tender_639202.pdf,2,2,Last date & time for Tender/Proposal Security Submission,07/03/2022 14:30,22/03/2022 14:30,yes,16,16
639202,Tender Notice_PDFs/RAJUK_Tender_639202.pdf,2,2,Document last selling date & time,06/03/2022 17:00,21/03/2022 17:00,yes,16,16
639202,Tender Notice_PDFs/RAJUK_Tender_639202.pdf,2,2,Eligibility of Consultant,As per TDS.,As per TDS.,no,11,11
639202,Tender Notice_PDFs/RAJUK_Tender_639202.pdf,2,2,Opening Date & Time,07/03/2022 15:00,22/03/2022 15:00,yes,16,16
639202,Tender Notice_PDFs/RAJUK_Tender_639202.pdf,2,2,Closing Date & Time,07/03/2022 15:00,22/03/2022 15:00,yes,16,16
639202,Tender Notice_PDFs/RAJUK_Tender_639202.pdf,2,2,"Brief Description of Goods,Works or Service",Construction of road no. 20/A at sector-03 of Uttara residential area.,Construction of road no. 20/A at sector-03 of Uttara residential area.,no,70,70
641674,Tender Notice_PDFs/RAJUK_Tender_641674.pdf,2,2,Last date & time for Tender/Proposal Security Submission,07/03/2022 14:30,22/03/2022 14:30,yes,16,16
641674,Tender Notice_PDFs/RAJUK_Tender_641674.pdf,2,2,Document last selling date & time,06/03/2022 17:00,21/03/2022 17:00,yes,16,16
641674,Tender Notice_PDFs/RAJUK_Tender_641674.pdf,2,2,Eligibility of Consultant,As per TDS.,As per TDS.,no,11,11
641674,Tender Notice_PDFs/RAJUK_Tender_641674.pdf,2,2,Opening Date & Time,07/03/2022 15:00,22/03/2022 15:00,yes,16,16
641674,Tender Notice_PDFs/RAJUK_Tender_641674.pdf,2,2,Closing Date & Time,07/03/2022 15:00,22/03/2022 15:00,yes,16,16
641674,Tender Notice_PDFs/RAJUK_Tender_641674.pdf,2,2,"Brief Description of Goods,Works or Service","Repairing works of building-01 of staff quarter at sector-06, Uttara.","Repairing works of building-01 of staff quarter at sector-06, Uttara.",no,69,69
661661,Tender Notice_PDFs/RAJUK_Tender_661661.pdf,2,2,Last date & time for Tender/Proposal Security Submission,07/03/2022 14:30,22/03/2022 14:30,yes,16,16
661661,Tender Notice_PDFs/RAJUK_Tender_661661.pdf,2,2,Document last selling date & time,06/03/2022 17:00,21/03/2022 17:00,yes,16,16
661661,Tender Notice_PDFs/RAJUK_Tender_661661.pdf,2,2,Eligibility of Consultant,As per TDS.,As per TDS.,no,11,11
661661,Tender Notice_PDFs/RAJUK_Tender_661661.pdf,2,2,Opening Date & Time,07/03/2022 15:00,22/03/2022 15:00,yes,16,16
661661,Tender Notice_PDFs/RAJUK_Tender_661661.pdf,2,2,Closing Date & Time,07/03/2022 15:00,22/03/2022 15:00,yes,16,16
661661,Tender Notice_PDFs/RAJUK_Tender_661661.pdf,2,2,"Brief Description of Goods,Works or Service","Repairing works of building-04 of staff quarter at sector-06, Uttara.","Repairing works of building-04 of staff quarter at sector-06, Uttara.",no,69,69
661888,Tender Notice_PDFs/RAJUK_Tender_661888.pdf,2,2,Last date & time for Tender/Proposal Security Submission,07/03/2022 14:30,22/03/2022 14:30,yes,16,16
661888,Tender Notice_PDFs/RAJUK_Tender_661888.pdf,2,2,Document last selling date & time,06/03/2022 17:00,21/03/2022 17:00,yes,16,16
661888,Tender Notice_PDFs/RAJUK_Tender_661888.pdf,2,2,Eligibility of Consultant,As per TDS.,As per TDS.,no,11,11
661888,Tender Notice_PDFs/RAJUK_Tender_661888.pdf,2,2,Opening Date & Time,07/03/2022 15:00,22/03/2022 15:00,yes,16,16
661888,Tender Notice_PDFs/RAJUK_Tender_661888.pdf,2,2,Closing Date & Time,07/03/2022 15:00,22/03/2022 15:00,yes,16,16
661888,Tender Notice_PDFs/RAJUK_Tender_661888.pdf,2,2,"Brief Description of Goods,Works or Service","Repairing works of building-02 of staff quarter at sector-06, Uttara.","Repairing works of building-02 of staff quarter at sector-06, Uttara.",no,69,69
702345,Tender Notice_PDFs/RAJUK_Tender_702345.pdf,2,1,Eligibility of Consultant,As Per TDS.,As Per TDS.,no,11,11
702345,Tender Notice_PDFs/RAJUK_Tender_702345.pdf,2,1,"Brief Description of Goods,Works or Service","Supply, Installation, Testing & Commissioning of 02 (Two) Numbers 800 kg (10 Passengers) Lift for Thirteen Storied Apartment Building including one basement at Dhanmondi R/A, Road No Old-21, New 11/A, Plot No. Olld-226, New- 90. (Building-8)","Supply, Installation, Testing & Commissioning of 02 (Two) Numbers 800 kg (10 Passengers) Lift for Thirteen Storied Apartment Building including one basement at Dhanmondi R/A, Road No Old-21, New 11/A, Plot No. Olld-226, New- 90. (Building-8)",no,241,241
72166,Tender Notice_PDFs/RAJUK_Tender_72166.pdf,2,1,Document last selling date & time,04/06/2017 15:00,08/06/2017 15:00,yes,16,16
72166,Tender Notice_PDFs/RAJUK_Tender_72166.pdf,2,1,Opening Date & Time,05/06/2017 14:00,11/06/2017 14:00,yes,16,16
72166,Tender Notice_PDFs/RAJUK_Tender_72166.pdf,2,1,Last date & time for Tender/Proposal Security Submission,05/06/2017 13:00,11/06/2017 13:00,yes,16,16
72166,Tender Notice_PDFs/RAJUK_Tender_72166.pdf,2,1,Closing Date & Time,05/06/2017 14:00,11/06/2017 14:00,yes,16,16
829141,Tender Notice_PDFs/RAJUK_Tender_829141.pdf,2,1,Document last selling date & time,13/06/2023 16:00,19/06/2023 16:00,yes,16,16
829141,Tender Notice_PDFs/RAJUK_Tender_829141.pdf,2,1,Eligibility of Consultant,As Per TDS.,As Per TDS.,no,11,11
829141,Tender Notice_PDFs/RAJUK_Tender_829141.pdf,2,1,Opening Date & Time,14/06/2023 14:30,20/06/2023 14:30,yes,16,16
829141,Tender Notice_PDFs/RAJUK_Tender_829141.pdf,2,1,Last date & time for Tender/Proposal Security Submission,14/06/2023 14:00,20/06/2023 14:00,yes,16,16
829141,Tender Notice_PDFs/RAJUK_Tender_829141.pdf,2,1,Closing Date & Time,14/06/2023 14:30,20/06/2023 14:30,yes,16,16
829141,Tender Notice_PDFs/RAJUK_Tender_829141.pdf,2,1,"Brief Description of Goods,Works or Service","Supply, Installation, Testing Commissioning of 1(One) Number 800KVA Sub-Station & 300 KVA Generator for Thirteen storied Apartment Building at Dhanmondi R/A, Road No. 21(Old), 11/A(New), Plot No. 226(Old), 90(New). (Building-8)","Supply, Installation, Testing Commissioning of 1(One) Number 800KVA Sub-Station & 300 KVA Generator for Thirteen storied Apartment Building at Dhanmondi R/A, Road No. 21(Old), 11/A(New), Plot No. 226(Old), 90(New). (Building-8)",no,227,227
870260,Tender Notice_PDFs/RAJUK_Tender_870260.pdf,2,1,Eligibility of Consultant,As Per TDS.,As Per TDS.,no,11,11
870260,Tender Notice_PDFs/RAJUK_Tender_870260.pdf,2,1,"Brief Description of Goods,Works or Service","Construction for Plaza Road south side of Sonargaon Janapoth Road (Bridge No-12 to Road No-08, Partly), Block No-J, Sector No-16 of RAJUK Residential Area.","Construction for Plaza Road south side of Sonargaon Janapoth Road (Bridge No-12 to Road No-08, Partly), Block No-J, Sector No-16 of RAJUK Residential Area.",no,155,155
882632,Tender Notice_PDFs/RAJUK_Tender_882632.pdf,2,1,Eligibility of Consultant,As per TDS.,As per TDS.,no,11,11
882632,Tender Notice_PDFs/RAJUK_Tender_882632.pdf,2,1,"Brief Description of Goods,Works or Service",Purchase of various printing items for official purpose of RAJUK.,Purchase of various printing items for official purpose of RAJUK.,no,65,65
889938,Tender Notice_PDFs/RAJUK_Tender_889938.pdf,2,1,Eligibility of Consultant,As Per TDS.,As Per TDS.,no,11,11
889938,Tender Notice_PDFs/RAJUK_Tender_889938.pdf,2,1,"Brief Description of Goods,Works or Service",Constructing and Renovations of Record Room and Zonal Directors Office at the west side in 2nd floor of RAJUK Zonal Office Sector-6 at Uttara.,Constructing and Renovations of Record Room and Zonal Directors Office at the west side in 2nd floor of RAJUK Zonal Office Sector-6 at Uttara.,no,142,142
89106,Tender Notice_PDFs/RAJUK_Tender_89106.pdf,2,2,Document last selling date & time,14/05/2017 16:00,21/05/2017 16:00,yes,16,16
89106,Tender Notice_PDFs/RAJUK_Tender_89106.pdf,2,2,Opening Date & Time,15/05/2017 12:00,22/05/2017 15:00,yes,16,16
89106,Tender Notice_PDFs/RAJUK_Tender_89106.pdf,2,2,Last date & time for Tender/Proposal Security Submission,30/04/2017 11:00,22/05/2017 12:00,yes,16,16
89106,Tender Notice_PDFs/RAJUK_Tender_89106.pdf,2,2,Closing Date & Time,15/05/2017 12:00,22/05/2017 15:00,yes,16,16
89106,Tender Notice_PDFs/RAJUK_Tender_89106.pdf,2,2,Document last selling date & time,27/04/2017 16:00,14/05/2017 16:00,yes,16,16
89106,Tender Notice_PDFs/RAJUK_Tender_89106.pdf,2,2,Opening Date & Time,02/05/2017 12:00,15/05/2017 12:00,yes,16,16
89106,Tender Notice_PDFs/RAJUK_Tender_89106.pdf,2,2,Closing Date & Time,02/05/2017 12:00,15/05/2017 12:00,yes,16,16
89828,Tender Notice_PDFs/RAJUK_Tender_89828.pdf,2,1,Eligibility of Consultant,"a) Reputed construction firms who have minimum 10 (ten) years of general experience in building construction works including civil & sanitary works. b) Tenderers having experience as prime contractor in successful completion of at lest 1 (one) number of 25,000 sft Building construction work including related internal sanitary and water supply arrangement, and other Ancilary work, 1 (one) basement floor work with shore proction by cust-in- situ pile in single tender amounting to Tk. 5.50 (five point five zero) crore under Govt./Semi Govt/ Autonomous Organization within last 5 (five) years. c) Certificate of authentication in respect of the work should have to be furnished by the tenderer along with tender documents in the following manner as applicable. i) In case of the work done under any Government/ Semi government/ Autonomous Bodies/ Organization, the certifying authority shall be the officer not below the rank of Executive Engineer. ii) Payment certificate and certificate of deposit is to be obtain from the Banker and is to be enclosed along with tender documents. d) The tenderers shall have a minimum average annual turn over during last 5 (five) years of at least Tk. 14.00 (Fourteen) crore for turn over submitted must be authenticated by Deputy Commissioner of Taxes. e) The tenderer shall have sanctioned credit line facilities/ lipuid asset at least Tk. 3.00 (three) crore. f) Current year trade license. g) VAT registration certificate and Update Income tax clearance certificate. h) Qualified & Experienced Technical Personnel of civil. I) If the Tenderer's quoted price 10% above or 10% less than the official cost estimete, then Tender/Temder's will treated as Non responsive.","a) Reputed construction firms who have minimum 10 (ten) years of general experience in building construction works including civil & sanitary works. b) Tenderers having experience as prime contractor in successful completion of at lest 1 (one) number of 25,000 sft Building construction work including related internal sanitary and water supply arrangement, and other Ancilary work, 1 (one) basement floor work with shore proction by cust-in- situ pile in single tender amounting to Tk. 5.50 (five point five zero) crore under Govt./Semi Govt/ Autonomous Organization within last 5 (five) years. c) Certificate of authentication in respect of the work should have to be furnished by the tenderer along with tender documents in the following manner as applicable. i) In case of the work done under any Government/ Semi government/ Autonomous Bodies/ Organization, the certifying authority shall be the officer not below the rank of Executive Engineer. ii) Payment certificate and certificate of deposit is to be obtain from the Banker and is to be enclosed along with tender documents. d) The tenderers shall have a minimum average annual turn over during last 5 (five) years of at least Tk. 14.00 (Fourteen) crore for turn over submitted must be authenticated by Deputy Commissioner of Taxes. e) The tenderer shall have sanctioned credit line facilities/ lipuid asset at least Tk. 3.00 (three) crore. f) Current year trade license. g) VAT registration certificate and Update Income tax clearance certificate. h) Qualified & Experienced Technical Personnel of civil. I) If the Tenderer's quoted price 10% above or 10% less than the official cost estimete, then Tender/Temder's will treated as Non responsive.",no,1707,1707
901824,Tender Notice_PDFs/RAJUK_Tender_901824.pdf,2,1,Eligibility of Consultant,As per TDS.,As per TDS.,no,11,11
901824,Tender Notice_PDFs/RAJUK_Tender_901824.pdf,2,1,"Brief Description of Goods,Works or Service","Construction of Remaining Internal Road and Surface Drain at Sector-17(Part) of Purbachal New Town Project (RDC-17, Lot-04).","Construction of Remaining Internal Road and Surface Drain at Sector-17(Part) of Purbachal New Town Project (RDC-17, Lot-04).",no,124,124
905028,Tender Notice_PDFs/RAJUK_Tender_905028.pdf,2,1,Document last selling date & time,19/12/2023 15:00,27/12/2023 15:00,yes,16,16
905028,Tender Notice_PDFs/RAJUK_Tender_905028.pdf,2,1,Eligibility of Consultant,As Per TDS.,As Per TDS.,no,11,11
905028,Tender Notice_PDFs/RAJUK_Tender_905028.pdf,2,1,Opening Date & Time,20/12/2023 15:00,28/12/2023 15:00,yes,16,16
905028,Tender Notice_PDFs/RAJUK_Tender_905028.pdf,2,1,Last date & time for Tender/Proposal Security Submission,20/12/2023 14:30,28/12/2023 14:30,yes,16,16
905028,Tender Notice_PDFs/RAJUK_Tender_905028.pdf,2,1,Closing Date & Time,20/12/2023 15:00,28/12/2023 15:00,yes,16,16
905028,Tender Notice_PDFs/RAJUK_Tender_905028.pdf,2,1,"Brief Description of Goods,Works or Service",Supply and Installation of LED Solar Street Light at Road No 102 in Purbachal New Town project (Lot-1).,Supply and Installation of LED Solar Street Light at Road No 102 in Purbachal New Town project (Lot-1).,no,103,103
905029,Tender Notice_PDFs/RAJUK_Tender_905029.pdf,2,1,Document last selling date & time,19/12/2023 15:00,27/12/2023 15:00,yes,16,16
905029,Tender Notice_PDFs/RAJUK_Tender_905029.pdf,2,1,Eligibility of Consultant,As Per TDS.,As Per TDS.,no,11,11
905029,Tender Notice_PDFs/RAJUK_Tender_905029.pdf,2,1,Opening Date & Time,20/12/2023 15:00,28/12/2023 15:00,yes,16,16
905029,Tender Notice_PDFs/RAJUK_Tender_905029.pdf,2,1,Last date & time for Tender/Proposal Security Submission,20/12/2023 14:30,28/12/2023 14:30,yes,16,16
905029,Tender Notice_PDFs/RAJUK_Tender_905029.pdf,2,1,Closing Date & Time,20/12/2023 15:00,28/12/2023 15:00,yes,16,16
905029,Tender Notice_PDFs/RAJUK_Tender_905029.pdf,2,1,"Brief Description of Goods,Works or Service",Supply and Installation of LED Solar Street Light at 116 in Purbachal New Town project (Lot-2).,Supply and Installation of LED Solar Street Light at 116 in Purbachal New Town project (Lot-2).,no,95,95
905030,Tender Notice_PDFs/RAJUK_Tender_905030.pdf,2,1,Document last selling date & time,19/12/2023 15:00,27/12/2023 15:00,yes,16,16
905030,Tender Notice_PDFs/RAJUK_Tender_905030.pdf,2,1,Eligibility of Consultant,As Per TDS.,As Per TDS.,no,11,11
905030,Tender Notice_PDFs/RAJUK_Tender_905030.pdf,2,1,Opening Date & Time,20/12/2023 15:00,28/12/2023 15:00,yes,16,16
905030,Tender Notice_PDFs/RAJUK_Tender_905030.pdf,2,1,Last date & time for Tender/Proposal Security Submission,20/12/2023 14:30,28/12/2023 14:30,yes,16,16
905030,Tender Notice_PDFs/RAJUK_Tender_905030.pdf,2,1,Closing Date & Time,20/12/2023 15:00,28/12/2023 15:00,yes,16,16
905030,Tender Notice_PDFs/RAJUK_Tender_905030.pdf,2,1,"Brief Description of Goods,Works or Service",Supply and Installation of LED Solar Street Light at Road No 206 and Partial Road 203 up to 116 No Road in Purbachal New Town project (Lot-3).,Supply and Installation of LED Solar Street Light at Road No 206 and Partial Road 203 up to 116 No Road in Purbachal New Town project (Lot-3).,no,142,142
905031,Tender Notice_PDFs/RAJUK_Tender_905031.pdf,2,1,Document last selling date & time,19/12/2023 15:00,27/12/2023 15:00,yes,16,16
905031,Tender Notice_PDFs/RAJUK_Tender_905031.pdf,2,1,Eligibility of Consultant,As Per TDS.,As Per TDS.,no,11,11
905031,Tender Notice_PDFs/RAJUK_Tender_905031.pdf,2,1,Opening Date & Time,20/12/2023 15:00,28/12/2023 15:00,yes,16,16
905031,Tender Notice_PDFs/RAJUK_Tender_905031.pdf,2,1,Last date & time for Tender/Proposal Security Submission,20/12/2023 14:30,28/12/2023 14:30,yes,16,16
905031,Tender Notice_PDFs/RAJUK_Tender_905031.pdf,2,1,Closing Date & Time,20/12/2023 15:00,28/12/2023 15:00,yes,16,16
905031,Tender Notice_PDFs/RAJUK_Tender_905031.pdf,2,1,"Brief Description of Goods,Works or Service","Supply and Installation of LED Solar Street Light at Partial Road 210,216 up to 116 No Road in Purbachal New Town project (Lot-4).","Supply and Installation of LED Solar Street Light at Partial Road 210,216 up to 116 No Road in Purbachal New Town project (Lot-4).",no,130,130
905032,Tender Notice_PDFs/RAJUK_Tender_905032.pdf,2,1,Document last selling date & time,19/12/2023 15:00,27/12/2023 15:00,yes,16,16
905032,Tender Notice_PDFs/RAJUK_Tender_905032.pdf,2,1,Eligibility of Consultant,As Pder TDS.,As Pder TDS.,no,12,12
905032,Tender Notice_PDFs/RAJUK_Tender_905032.pdf,2,1,Opening Date & Time,20/12/2023 15:00,28/12/2023 15:00,yes,16,16
905032,Tender Notice_PDFs/RAJUK_Tender_905032.pdf,2,1,Last date & time for Tender/Proposal Security Submission,20/12/2023 14:30,28/12/2023 14:30,yes,16,16
905032,Tender Notice_PDFs/RAJUK_Tender_905032.pdf,2,1,Closing Date & Time,20/12/2023 15:00,28/12/2023 15:00,yes,16,16
905032,Tender Notice_PDFs/RAJUK_Tender_905032.pdf,2,1,"Brief Description of Goods,Works or Service",Supply and Installation of LED Solar Street Light at Road 107 and 221 Road in Purbachal New Town project (Lot-5),Supply and Installation of LED Solar Street Light at Road 107 and 221 Road in Purbachal New Town project (Lot-5),no,112,112
905033,Tender Notice_PDFs/RAJUK_Tender_905033.pdf,2,1,Document last selling date & time,19/12/2023 15:00,27/12/2023 15:00,yes,16,16
905033,Tender Notice_PDFs/RAJUK_Tender_905033.pdf,2,1,Eligibility of Consultant,As Per TDS.,As Per TDS.,no,11,11
905033,Tender Notice_PDFs/RAJUK_Tender_905033.pdf,2,1,Opening Date & Time,20/12/2023 15:00,28/12/2023 15:00,yes,16,16
905033,Tender Notice_PDFs/RAJUK_Tender_905033.pdf,2,1,Last date & time for Tender/Proposal Security Submission,20/12/2023 14:30,28/12/2023 14:30,yes,16,16
905033,Tender Notice_PDFs/RAJUK_Tender_905033.pdf,2,1,Closing Date & Time,20/12/2023 15:00,28/12/2023 15:00,yes,16,16
905033,Tender Notice_PDFs/RAJUK_Tender_905033.pdf,2,1,"Brief Description of Goods,Works or Service","Supply and Installation of LED Solar Street Light at Partial Road 111, 114 up to CBD in Purbachal New Town project (Lot-6).","Supply and Installation of LED Solar Street Light at Partial Road 111, 114 up to CBD in Purbachal New Town project (Lot-6).",no,123,123
957875,Tender Notice_PDFs/RAJUK_Tender_957875.pdf,2,1,Eligibility of Consultant,As per ITT and TDS,As per ITT and TDS,no,18,18
957875,Tender Notice_PDFs/RAJUK_Tender_957875.pdf,2,1,"Brief Description of Goods,Works or Service",Repair (Includes exterior Painting) works of Hatirjheel Apartment Building (Allotted to the Rehabilitated Community).,Repair (Includes exterior Painting) works of Hatirjheel Apartment Building (Allotted to the Rehabilitated Community).,no,117,117
962656,Tender Notice_PDFs/RAJUK_Tender_962656.pdf,2,2,Eligibility of Consultant,As per ITT and TDS.,As per ITT and TDS.,no,19,19
962656,Tender Notice_PDFs/RAJUK_Tender_962656.pdf,2,2,"Brief Description of Goods,Works or Service","Supply, Installation and Testing of 16 ways NVR type CCTV system for the Building No: 12B & 12C under the Project of ""Construction of Residential Apartment Building for Low & Middle Income Group of People at Sector-18, Block-A, Uttara, Dhaka""","Supply, Installation and Testing of 16 ways NVR type CCTV system for the Building No: 12B & 12C under the Project of ""Construction of Residential Apartment Building for Low & Middle Income Group of People at Sector-18, Block-A, Uttara, Dhaka""",no,242,242
962659,Tender Notice_PDFs/RAJUK_Tender_962659.pdf,2,2,Eligibility of Consultant,As per ITT and TDS.,As per ITT and TDS.,no,19,19
962659,Tender Notice_PDFs/RAJUK_Tender_962659.pdf,2,2,"Brief Description of Goods,Works or Service","Supply of Desktop Computer, Smart TV, Drone, Router, Vacuum Cleaner & Toner Cartridge etc. for the Office of the Project Director of Uttara Apartment Project.","Supply of Desktop Computer, Smart TV, Drone, Router, Vacuum Cleaner & Toner Cartridge etc. for the Office of the Project Director of Uttara Apartment Project.",no,158,158
558181,Tender Notice_PDFs/RDA_Tender_558181.pdf,2,1,Document last selling date & time,30/03/2021 16:00,11/04/2021 16:00,yes,16,16
558181,Tender Notice_PDFs/RDA_Tender_558181.pdf,2,1,Eligibility of Consultant,As per TDS of STD.,As per TDS of STD.,no,18,18
558181,Tender Notice_PDFs/RDA_Tender_558181.pdf,2,1,Opening Date & Time,31/03/2021 11:30,12/04/2021 11:30,yes,16,16
558181,Tender Notice_PDFs/RDA_Tender_558181.pdf,2,1,Meeting End Date & Time,28/03/2021 17:00,08/04/2021 17:00,yes,16,16
558181,Tender Notice_PDFs/RDA_Tender_558181.pdf,2,1,Last date & time for Tender/Proposal Security Submission,31/03/2021 11:00,12/04/2021 11:00,yes,16,16
558181,Tender Notice_PDFs/RDA_Tender_558181.pdf,2,1,Start Date(Lot No : Single),15/04/2021,29/04/2021,yes,10,10
558181,Tender Notice_PDFs/RDA_Tender_558181.pdf,2,1,Closing Date & Time,31/03/2021 11:30,12/04/2021 11:30,yes,16,16
558181,Tender Notice_PDFs/RDA_Tender_558181.pdf,2,1,TDS/PDS--E. e-Tender Submission--,"The deadline for lodgment of e-Tenders is 11.30 noon ; 31 March , 2021.","The deadline for lodgment of e-Tenders is 11.30 noon ; 12 April , 2021.",yes,71,71
558181,Tender Notice_PDFs/RDA_Tender_558181.pdf,2,1,"Brief Description of Goods,Works or Service",Revision of Functional Master Plan and Detailed Area Plan to Make Rajshahi Metropolitan Development Plan (RMDP) Disaster Risk Sensitive (Sub- head: Supply of Workstation for GIS Unit.),Revision of Functional Master Plan and Detailed Area Plan to Make Rajshahi Metropolitan Development Plan (RMDP) Disaster Risk Sensitive (Sub- head: Supply of Workstation for GIS Unit.),no,184,184
591949,Tender Notice_PDFs/RDA_Tender_591949.pdf,2,1,Completion Date(Lot No : Single),30/11/2021,30/12/2021,yes,10,10
591949,Tender Notice_PDFs/RDA_Tender_591949.pdf,2,1,Document last selling date & time,14/07/2021 14:00,11/08/2021 14:00,yes,16,16
591949,Tender Notice_PDFs/RDA_Tender_591949.pdf,2,1,Eligibility of Consultant,As per TDS of STD.,As per TDS of STD.,no,18,18
591949,Tender Notice_PDFs/RDA_Tender_591949.pdf,2,1,Opening Date & Time,15/07/2021 11:00,12/08/2021 11:00,yes,16,16
591949,Tender Notice_PDFs/RDA_Tender_591949.pdf,2,1,Meeting End Date & Time,13/07/2021 17:00,11/08/2021 17:00,yes,16,16
591949,Tender Notice_PDFs/RDA_Tender_591949.pdf,2,1,Last date & time for Tender/Proposal Security Submission,15/07/2021 10:30,12/08/2021 10:30,yes,16,16
591949,Tender Notice_PDFs/RDA_Tender_591949.pdf,2,1,Start Date(Lot No : Single),01/08/2021,01/09/2021,yes,10,10
591949,Tender Notice_PDFs/RDA_Tender_591949.pdf,2,1,Closing Date & Time,15/07/2021 11:00,12/08/2021 11:00,yes,16,16
591949,Tender Notice_PDFs/RDA_Tender_591949.pdf,2,1,"Brief Description of Goods,Works or Service",Revision of Functional Master Plan and Detailed Area Plan to Make Rajshahi Metropolitan Development Plan (RMDP) Disaster Risk Sensitive (Sub- head: Supply of Workstation for GIS Unit.),Revision of Functional Master Plan and Detailed Area Plan to Make Rajshahi Metropolitan Development Plan (RMDP) Disaster Risk Sensitive (Sub- head: Supply of Workstation for GIS Unit.),no,184,184
935036,Tender Notice_PDFs/RDA_Tender_935036.pdf,2,1,Eligibility of Consultant,As per STD.,As per STD.,no,11,11
935036,Tender Notice_PDFs/RDA_Tender_935036.pdf,2,1,"Brief Description of Goods,Works or Service","Construction of the Father of the Nation Bangabandu Sheikh Mujibur Rahman square at talaimary chattar, Rajshahi (Sub-head: Painting & Granite work).","Construction of the Father of the Nation Bangabandu Sheikh Mujibur Rahman square at talaimary chattar, Rajshahi (Sub-head: Painting & Granite work).",no,148,148
