tender_id,source_file,award_template,counts_printed,documents_sold,bids_received,bids_responsive,bids_awarded,bought_but_did_not_bid,received_but_not_responsive,responsive_but_not_awarded,winner,winner_id,contract_value_taka,single_bid_received,single_bid_responsive,all_received_were_responsive,bidder_level_data_available,bidder_level_note,count_anomaly
1000267,Contract_Awards_PDFs/Tender_1000267.pdf,supplier,yes,8,5,5,1,3,0,4,M/S. Niaz Traders,co0001,104498747.1,no,no,yes,no,"the archive prints stage counts and the winner only; no bidder list, quoted price, evaluated amount, ranking or per-bidder rejection reason appears in any supplied document",
1000426,Contract_Awards_PDFs/Tender_1000426.pdf,supplier,yes,2,2,1,1,0,1,0,M/s. Moni Construction,co0002,15808878,no,yes,no,no,"the archive prints stage counts and the winner only; no bidder list, quoted price, evaluated amount, ranking or per-bidder rejection reason appears in any supplied document",
1000945,Contract_Awards_PDFs/Tender_1000945.pdf,supplier,yes,4,3,1,1,1,2,0,Momotaj Engineers Ltd.,co0003,91452674.19,no,yes,no,no,"the archive prints stage counts and the winner only; no bidder list, quoted price, evaluated amount, ranking or per-bidder rejection reason appears in any supplied document",
1001120,Contract_Awards_PDFs/Tender_1001120.pdf,supplier,yes,9,8,2,1,1,6,1,M/S. Alam & Co.,co0004,10599930,no,no,no,no,"the archive prints stage counts and the winner only; no bidder list, quoted price, evaluated amount, ranking or per-bidder rejection reason appears in any supplied document",
1001460,Contract_Awards_PDFs/Tender_1001460.pdf,supplier,yes,4,3,2,1,1,1,1,Aliza Enterprise,co0005,1060533,no,no,no,no,"the archive prints stage counts and the winner only; no bidder list, quoted price, evaluated amount, ranking or per-bidder rejection reason appears in any supplied document",
1001461,Contract_Awards_PDFs/Tender_1001461.pdf,supplier,yes,4,3,3,1,1,0,2,Aliza Enterprise,co0005,1300189.5,no,no,yes,no,"the archive prints stage counts and the winner only; no bidder list, quoted price, evaluated amount, ranking or per-bidder rejection reason appears in any supplied document",
1001613,Contract_Awards_PDFs/Tender_1001613.pdf,supplier,yes,9,7,4,1,2,3,3,Al- Arafat Services (PVT.) Limited,co0006,13217985,no,no,no,no,"the archive prints stage counts and the winner only; no bidder list, quoted price, evaluated amount, ranking or per-bidder rejection reason appears in any supplied document",
1001782,Contract_Awards_PDFs/Tender_1001782.pdf,supplier,yes,3,1,1,1,2,0,0,CPDL LTD.,co0007,52490000.531,yes,yes,yes,no,"the archive prints stage counts and the winner only; no bidder list, quoted price, evaluated amount, ranking or per-bidder rejection reason appears in any supplied document",
1001843,Contract_Awards_PDFs/Tender_1001843.pdf,supplier,yes,6,2,2,1,4,0,1,MS TECHNOLOGIES LIMITED,co0008,24247478.309,no,no,yes,no,"the archive prints stage counts and the winner only; no bidder list, quoted price, evaluated amount, ranking or per-bidder rejection reason appears in any supplied document",
1002814,Contract_Awards_PDFs/Tender_1002814.pdf,supplier,yes,2,1,1,1,1,0,0,Powercell Engineering Ltd,co0009,907067.988,yes,yes,yes,no,"the archive prints stage counts and the winner only; no bidder list, quoted price, evaluated amount, ranking or per-bidder rejection reason appears in any supplied document",
1002854,Contract_Awards_PDFs/Tender_1002854.pdf,supplier,yes,2,1,1,1,1,0,0,PROPERTY DEVELOPMENT LIMITED,co0010,1703786.4,yes,yes,yes,no,"the archive prints stage counts and the winner only; no bidder list, quoted price, evaluated amount, ranking or per-bidder rejection reason appears in any supplied document",
1003623,Contract_Awards_PDFs/Tender_1003623.pdf,supplier,yes,3,3,3,1,0,0,2,Gess Bangladesh,co0011,98995747.688,no,no,yes,no,"the archive prints stage counts and the winner only; no bidder list, quoted price, evaluated amount, ranking or per-bidder rejection reason appears in any supplied document",
100483,Contract_Awards_PDFs/Tender_100483.pdf,supplier,yes,4,4,4,1,0,0,3,M/S. Raquib & Brothers,co0012,53515977.894,no,no,yes,no,"the archive prints stage counts and the winner only; no bidder list, quoted price, evaluated amount, ranking or per-bidder rejection reason appears in any supplied document",
1007300,Contract_Awards_PDFs/Tender_1007300.pdf,supplier,yes,15,12,9,1,3,3,8,HAIDER & CO.,co0013,25463336.391,no,no,no,no,"the archive prints stage counts and the winner only; no bidder list, quoted price, evaluated amount, ranking or per-bidder rejection reason appears in any supplied document",
1008472,Contract_Awards_PDFs/Tender_1008472.pdf,supplier,yes,5,5,2,1,0,3,1,T.S Enterprise,co0014,5262343.2,no,no,no,no,"the archive prints stage counts and the winner only; no bidder list, quoted price, evaluated amount, ranking or per-bidder rejection reason appears in any supplied document",
1008542,Contract_Awards_PDFs/Tender_1008542.pdf,supplier,yes,14,10,3,1,4,7,2,CONVOY SERVICE,co0015,12005364.51,no,no,no,no,"the archive prints stage counts and the winner only; no bidder list, quoted price, evaluated amount, ranking or per-bidder rejection reason appears in any supplied document",
1008543,Contract_Awards_PDFs/Tender_1008543.pdf,supplier,yes,15,15,4,1,0,11,3,M/S. A. R. Enterprise,co0016,26924826.217,no,no,no,no,"the archive prints stage counts and the winner only; no bidder list, quoted price, evaluated amount, ranking or per-bidder rejection reason appears in any supplied document",
1008544,Contract_Awards_PDFs/Tender_1008544.pdf,supplier,yes,15,13,5,1,2,8,4,M/S. Sharif & Sons,co0017,33055372.458,no,no,no,no,"the archive prints stage counts and the winner only; no bidder list, quoted price, evaluated amount, ranking or per-bidder rejection reason appears in any supplied document",
1008545,Contract_Awards_PDFs/Tender_1008545.pdf,supplier,yes,10,9,3,1,1,6,2,Aliza Enterprise,co0005,12899794.769,no,no,no,no,"the archive prints stage counts and the winner only; no bidder list, quoted price, evaluated amount, ranking or per-bidder rejection reason appears in any supplied document",
1008546,Contract_Awards_PDFs/Tender_1008546.pdf,supplier,yes,7,6,2,1,1,4,1,M/s Mithila Enterprise,co0018,6253553.025,no,no,no,no,"the archive prints stage counts and the winner only; no bidder list, quoted price, evaluated amount, ranking or per-bidder rejection reason appears in any supplied document",
1008547,Contract_Awards_PDFs/Tender_1008547.pdf,supplier,yes,15,12,4,1,3,8,3,HAIDER & CO.,co0013,19700193.771,no,no,no,no,"the archive prints stage counts and the winner only; no bidder list, quoted price, evaluated amount, ranking or per-bidder rejection reason appears in any supplied document",
1008548,Contract_Awards_PDFs/Tender_1008548.pdf,supplier,yes,12,10,3,1,2,7,2,Starlite Services Limited,co0019,27870506.235,no,no,no,no,"the archive prints stage counts and the winner only; no bidder list, quoted price, evaluated amount, ranking or per-bidder rejection reason appears in any supplied document",
1009276,Contract_Awards_PDFs/Tender_1009276.pdf,supplier,yes,8,8,8,1,0,0,7,M.A. COMPUTER,co0020,591311.129,no,no,yes,no,"the archive prints stage counts and the winner only; no bidder list, quoted price, evaluated amount, ranking or per-bidder rejection reason appears in any supplied document",
1010247,Contract_Awards_PDFs/Tender_1010247.pdf,supplier,yes,6,3,3,1,3,0,2,NURJAHAN ENTERPRISE,co0021,1111999.96,no,no,yes,no,"the archive prints stage counts and the winner only; no bidder list, quoted price, evaluated amount, ranking or per-bidder rejection reason appears in any supplied document",
101083,Contract_Awards_PDFs/Tender_101083.pdf,supplier,yes,5,3,2,1,2,1,1,M/S. Mohshin & Brothers,co0022,3963689.307,no,no,no,no,"the archive prints stage counts and the winner only; no bidder list, quoted price, evaluated amount, ranking or per-bidder rejection reason appears in any supplied document",
1011370,Contract_Awards_PDFs/Tender_1011370.pdf,supplier,yes,11,10,6,1,1,4,5,M/S Udayan Builders,co0023,39498314.463,no,no,no,no,"the archive prints stage counts and the winner only; no bidder list, quoted price, evaluated amount, ranking or per-bidder rejection reason appears in any supplied document",
1013009,Contract_Awards_PDFs/Tender_1013009.pdf,supplier,yes,6,6,4,1,0,2,3,M/S. ROKEYA TRADERS,co0024,1220698.956,no,no,no,no,"the archive prints stage counts and the winner only; no bidder list, quoted price, evaluated amount, ranking or per-bidder rejection reason appears in any supplied document",
1013268,Contract_Awards_PDFs/Tender_1013268.pdf,supplier,yes,6,5,2,1,1,3,1,M/S. A. R. Enterprise,co0016,23590501.218,no,no,no,no,"the archive prints stage counts and the winner only; no bidder list, quoted price, evaluated amount, ranking or per-bidder rejection reason appears in any supplied document",
1013270,Contract_Awards_PDFs/Tender_1013270.pdf,supplier,yes,9,6,3,1,3,3,2,M/s Shafique and Sons,co0025,25720105.086,no,no,no,no,"the archive prints stage counts and the winner only; no bidder list, quoted price, evaluated amount, ranking or per-bidder rejection reason appears in any supplied document",
1014738,Contract_Awards_PDFs/Tender_1014738.pdf,supplier,yes,6,4,1,1,2,3,0,M/S Raj Development Construction,co0026,6008902.2,no,yes,no,no,"the archive prints stage counts and the winner only; no bidder list, quoted price, evaluated amount, ranking or per-bidder rejection reason appears in any supplied document",
1016323,Contract_Awards_PDFs/Tender_1016323.pdf,supplier,yes,4,3,3,1,1,0,2,Sumon Enterprise,co0027,3596400,no,no,yes,no,"the archive prints stage counts and the winner only; no bidder list, quoted price, evaluated amount, ranking or per-bidder rejection reason appears in any supplied document",
1016492,Contract_Awards_PDFs/Tender_1016492.pdf,supplier,yes,1,1,1,1,0,0,0,Nahar Construction,co0028,75010.025,yes,yes,yes,no,"the archive prints stage counts and the winner only; no bidder list, quoted price, evaluated amount, ranking or per-bidder rejection reason appears in any supplied document",
1016870,Contract_Awards_PDFs/Tender_1016870.pdf,supplier,yes,1,1,1,1,0,0,0,Nahar Construction,co0028,170008.102,yes,yes,yes,no,"the archive prints stage counts and the winner only; no bidder list, quoted price, evaluated amount, ranking or per-bidder rejection reason appears in any supplied document",
1023051,Contract_Awards_PDFs/Tender_1023051.pdf,supplier,yes,7,6,6,1,1,0,5,The Continantal Builders,co0029,5380000,no,no,yes,no,"the archive prints stage counts and the winner only; no bidder list, quoted price, evaluated amount, ranking or per-bidder rejection reason appears in any supplied document",
1023052,Contract_Awards_PDFs/Tender_1023052.pdf,supplier,yes,10,9,9,1,1,0,8,Speed Engineers & Technology.,co0030,10448400.407,no,no,yes,no,"the archive prints stage counts and the winner only; no bidder list, quoted price, evaluated amount, ranking or per-bidder rejection reason appears in any supplied document",
1023053,Contract_Awards_PDFs/Tender_1023053.pdf,supplier,yes,6,5,5,1,1,0,4,WALTON HI-TECH INDUSTRIES PLC.,co0031,5389730.275,no,no,yes,no,"the archive prints stage counts and the winner only; no bidder list, quoted price, evaluated amount, ranking or per-bidder rejection reason appears in any supplied document",
1023054,Contract_Awards_PDFs/Tender_1023054.pdf,supplier,yes,7,5,5,1,2,0,4,M/S. Miaze Enterprise,co0032,2499992.21,no,no,yes,no,"the archive prints stage counts and the winner only; no bidder list, quoted price, evaluated amount, ranking or per-bidder rejection reason appears in any supplied document",
1023057,Contract_Awards_PDFs/Tender_1023057.pdf,supplier,yes,14,14,14,1,0,0,13,T.S Enterprise,co0014,622304.036,no,no,yes,no,"the archive prints stage counts and the winner only; no bidder list, quoted price, evaluated amount, ranking or per-bidder rejection reason appears in any supplied document",
1023060,Contract_Awards_PDFs/Tender_1023060.pdf,supplier,yes,13,9,9,1,4,0,8,Gess Bangladesh,co0011,4371342.068,no,no,yes,no,"the archive prints stage counts and the winner only; no bidder list, quoted price, evaluated amount, ranking or per-bidder rejection reason appears in any supplied document",
1023061,Contract_Awards_PDFs/Tender_1023061.pdf,supplier,yes,14,12,12,1,2,0,11,T.S Enterprise,co0014,1978340.549,no,no,yes,no,"the archive prints stage counts and the winner only; no bidder list, quoted price, evaluated amount, ranking or per-bidder rejection reason appears in any supplied document",
1023333,Contract_Awards_PDFs/Tender_1023333.pdf,supplier,yes,2,2,1,1,0,1,0,M/S. Amanat Enterprise,co0033,11731574.383,no,yes,no,no,"the archive prints stage counts and the winner only; no bidder list, quoted price, evaluated amount, ranking or per-bidder rejection reason appears in any supplied document",
1024374,Contract_Awards_PDFs/Tender_1024374.pdf,supplier,yes,3,3,3,1,0,0,2,M/S M R Enterprise,co0034,865887.789,no,no,yes,no,"the archive prints stage counts and the winner only; no bidder list, quoted price, evaluated amount, ranking or per-bidder rejection reason appears in any supplied document",
1024391,Contract_Awards_PDFs/Tender_1024391.pdf,supplier,yes,4,4,3,1,0,1,2,PAVILLION BUILDERS,co0035,1350000.001,no,no,no,no,"the archive prints stage counts and the winner only; no bidder list, quoted price, evaluated amount, ranking or per-bidder rejection reason appears in any supplied document",
1024467,Contract_Awards_PDFs/Tender_1024467.pdf,supplier,yes,3,3,2,1,0,1,1,Jahan Enterprise,co0036,784699.145,no,no,no,no,"the archive prints stage counts and the winner only; no bidder list, quoted price, evaluated amount, ranking or per-bidder rejection reason appears in any supplied document",
1024517,Contract_Awards_PDFs/Tender_1024517.pdf,supplier,yes,2,2,2,1,0,0,1,Nahar Construction,co0028,994560.567,no,no,yes,no,"the archive prints stage counts and the winner only; no bidder list, quoted price, evaluated amount, ranking or per-bidder rejection reason appears in any supplied document",
1024525,Contract_Awards_PDFs/Tender_1024525.pdf,supplier,yes,3,3,3,1,0,0,2,Lucky Star,co0037,481950.477,no,no,yes,no,"the archive prints stage counts and the winner only; no bidder list, quoted price, evaluated amount, ranking or per-bidder rejection reason appears in any supplied document",
1024787,Contract_Awards_PDFs/Tender_1024787.pdf,supplier,yes,2,2,1,1,0,1,0,M/S Kamol Trade International,co0038,889500.456,no,yes,no,no,"the archive prints stage counts and the winner only; no bidder list, quoted price, evaluated amount, ranking or per-bidder rejection reason appears in any supplied document",
1024807,Contract_Awards_PDFs/Tender_1024807.pdf,supplier,yes,8,5,2,1,3,3,1,Smart Technologies (BD) Ltd.,co0039,3442695.162,no,no,no,no,"the archive prints stage counts and the winner only; no bidder list, quoted price, evaluated amount, ranking or per-bidder rejection reason appears in any supplied document",
1024943,Contract_Awards_PDFs/Tender_1024943.pdf,supplier,yes,4,4,2,1,0,2,1,Jahan Enterprise,co0036,1701121.801,no,no,no,no,"the archive prints stage counts and the winner only; no bidder list, quoted price, evaluated amount, ranking or per-bidder rejection reason appears in any supplied document",
1024948,Contract_Awards_PDFs/Tender_1024948.pdf,supplier,yes,7,5,3,1,2,2,2,M/S Kamol Trade International,co0038,1435753.901,no,no,no,no,"the archive prints stage counts and the winner only; no bidder list, quoted price, evaluated amount, ranking or per-bidder rejection reason appears in any supplied document",
1028832,Contract_Awards_PDFs/Tender_1028832.pdf,supplier,yes,10,7,4,1,3,3,3,md abu musa,co0040,8988920.1,no,no,no,no,"the archive prints stage counts and the winner only; no bidder list, quoted price, evaluated amount, ranking or per-bidder rejection reason appears in any supplied document",
1030720,Contract_Awards_PDFs/Tender_1030720.pdf,supplier,yes,2,1,1,1,1,0,0,M/S TANIN ENTERPRISE,co0041,2538953.352,yes,yes,yes,no,"the archive prints stage counts and the winner only; no bidder list, quoted price, evaluated amount, ranking or per-bidder rejection reason appears in any supplied document",
1031714,Contract_Awards_PDFs/Tender_1031714.pdf,supplier,yes,5,5,5,1,0,0,4,Concept Elevators & Engineering Ltd.,co0042,2899000.176,no,no,yes,no,"the archive prints stage counts and the winner only; no bidder list, quoted price, evaluated amount, ranking or per-bidder rejection reason appears in any supplied document",
1031800,Contract_Awards_PDFs/Tender_1031800.pdf,supplier,yes,3,2,2,1,1,0,1,MULTITRADE INTERNATIONAL,co0043,4473000.001,no,no,yes,no,"the archive prints stage counts and the winner only; no bidder list, quoted price, evaluated amount, ranking or per-bidder rejection reason appears in any supplied document",
1035179,Contract_Awards_PDFs/Tender_1035179.pdf,supplier,yes,14,12,11,1,2,1,10,M/S. Niaz Traders,co0001,41746974.102,no,no,no,no,"the archive prints stage counts and the winner only; no bidder list, quoted price, evaluated amount, ranking or per-bidder rejection reason appears in any supplied document",
1037582,Contract_Awards_PDFs/Tender_1037582.pdf,supplier,yes,1,1,1,1,0,0,0,S.A Enterprise,co0044,4699837.507,yes,yes,yes,no,"the archive prints stage counts and the winner only; no bidder list, quoted price, evaluated amount, ranking or per-bidder rejection reason appears in any supplied document",
1039767,Contract_Awards_PDFs/Tender_1039767.pdf,supplier,yes,2,2,2,1,0,0,1,M/S M R Enterprise,co0034,1043000,no,no,yes,no,"the archive prints stage counts and the winner only; no bidder list, quoted price, evaluated amount, ranking or per-bidder rejection reason appears in any supplied document",
1044320,Contract_Awards_PDFs/Tender_1044320.pdf,supplier,yes,7,5,2,1,2,3,1,M/S. Niaz Traders,co0001,33437797.407,no,no,no,no,"the archive prints stage counts and the winner only; no bidder list, quoted price, evaluated amount, ranking or per-bidder rejection reason appears in any supplied document",
1056195,Contract_Awards_PDFs/Tender_1056195.pdf,supplier,yes,4,4,3,1,0,1,2,Sohel Engineering & Construction Ltd.,co0045,5100000.001,no,no,no,no,"the archive prints stage counts and the winner only; no bidder list, quoted price, evaluated amount, ranking or per-bidder rejection reason appears in any supplied document",
1058290,Contract_Awards_PDFs/Tender_1058290.pdf,supplier,yes,17,16,16,1,1,0,15,Gess Bangladesh,co0011,7049879.781,no,no,yes,no,"the archive prints stage counts and the winner only; no bidder list, quoted price, evaluated amount, ranking or per-bidder rejection reason appears in any supplied document",
1058291,Contract_Awards_PDFs/Tender_1058291.pdf,supplier,yes,5,5,5,1,0,0,4,WALTON HI-TECH INDUSTRIES PLC.,co0031,13354000.588,no,no,yes,no,"the archive prints stage counts and the winner only; no bidder list, quoted price, evaluated amount, ranking or per-bidder rejection reason appears in any supplied document",
1058292,Contract_Awards_PDFs/Tender_1058292.pdf,supplier,yes,15,13,13,1,2,0,12,Gess Bangladesh,co0011,6592144.975,no,no,yes,no,"the archive prints stage counts and the winner only; no bidder list, quoted price, evaluated amount, ranking or per-bidder rejection reason appears in any supplied document",
1058293,Contract_Awards_PDFs/Tender_1058293.pdf,supplier,yes,7,5,5,1,2,0,4,WALTON HI-TECH INDUSTRIES PLC.,co0031,6347500.384,no,no,yes,no,"the archive prints stage counts and the winner only; no bidder list, quoted price, evaluated amount, ranking or per-bidder rejection reason appears in any supplied document",
1059690,Contract_Awards_PDFs/Tender_1059690.pdf,supplier,yes,6,6,1,1,0,5,0,T.S Enterprise,co0014,696150.009,no,yes,no,no,"the archive prints stage counts and the winner only; no bidder list, quoted price, evaluated amount, ranking or per-bidder rejection reason appears in any supplied document",
1060379,Contract_Awards_PDFs/Tender_1060379.pdf,supplier,yes,13,8,7,1,5,1,6,Starlite Services Limited,co0019,118272231.79,no,no,no,no,"the archive prints stage counts and the winner only; no bidder list, quoted price, evaluated amount, ranking or per-bidder rejection reason appears in any supplied document",
1060380,Contract_Awards_PDFs/Tender_1060380.pdf,supplier,yes,5,5,5,1,0,0,4,"Convoy Service JV ( JVCA Partners [Business Share]: CONVOY SERVICE [49.000%] , Starlite Services Limited [51.000%] )",co0046,68007492.722,no,no,yes,no,"the archive prints stage counts and the winner only; no bidder list, quoted price, evaluated amount, ranking or per-bidder rejection reason appears in any supplied document",
1060890,Contract_Awards_PDFs/Tender_1060890.pdf,supplier,yes,11,10,10,1,1,0,9,"KSBL-TSE JOINT VENTURE ( JVCA Partners [Business Share]: Khan and Sons (Bangladesh) Limited [51.000%] , T.S Enterprise [49.000%] )",co0047,18177929.928,no,no,yes,no,"the archive prints stage counts and the winner only; no bidder list, quoted price, evaluated amount, ranking or per-bidder rejection reason appears in any supplied document",
1060891,Contract_Awards_PDFs/Tender_1060891.pdf,supplier,yes,5,5,5,1,0,0,4,M/s Shafique and Sons,co0025,88468397.136,no,no,yes,no,"the archive prints stage counts and the winner only; no bidder list, quoted price, evaluated amount, ranking or per-bidder rejection reason appears in any supplied document",
1060895,Contract_Awards_PDFs/Tender_1060895.pdf,supplier,yes,8,8,6,1,0,2,5,"TCEL TE JV ( JVCA Partners [Business Share]: THE CIVIL ENGINEERS LIMITED [50.000%] , M/S TAJEEM ENTERPRISE [50.000%] )",co0048,111101507.721,no,no,no,no,"the archive prints stage counts and the winner only; no bidder list, quoted price, evaluated amount, ranking or per-bidder rejection reason appears in any supplied document",
1062494,Contract_Awards_PDFs/Tender_1062494.pdf,supplier,yes,2,2,2,1,0,0,1,Concept Elevators & Engineering Ltd.,co0042,27499998.838,no,no,yes,no,"the archive prints stage counts and the winner only; no bidder list, quoted price, evaluated amount, ranking or per-bidder rejection reason appears in any supplied document",
1069558,Contract_Awards_PDFs/Tender_1069558.pdf,supplier,yes,8,8,8,1,0,0,7,M/S. A. R. Enterprise,co0016,8321802.741,no,no,yes,no,"the archive prints stage counts and the winner only; no bidder list, quoted price, evaluated amount, ranking or per-bidder rejection reason appears in any supplied document",
1069559,Contract_Awards_PDFs/Tender_1069559.pdf,supplier,yes,8,8,7,1,0,1,6,M/S. A. R. Enterprise,co0016,19993058.325,no,no,no,no,"the archive prints stage counts and the winner only; no bidder list, quoted price, evaluated amount, ranking or per-bidder rejection reason appears in any supplied document",
1069560,Contract_Awards_PDFs/Tender_1069560.pdf,supplier,yes,7,6,6,1,1,0,5,M/S Udayan Builders,co0023,26892135.198,no,no,yes,no,"the archive prints stage counts and the winner only; no bidder list, quoted price, evaluated amount, ranking or per-bidder rejection reason appears in any supplied document",
1069561,Contract_Awards_PDFs/Tender_1069561.pdf,supplier,yes,6,3,3,1,3,0,2,AK- Amin Development Co. Limited,co0049,35630010.783,no,no,yes,no,"the archive prints stage counts and the winner only; no bidder list, quoted price, evaluated amount, ranking or per-bidder rejection reason appears in any supplied document",
1069562,Contract_Awards_PDFs/Tender_1069562.pdf,supplier,yes,3,3,3,1,0,0,2,"M/s. SS & MT (JV) ( JVCA Partners [Business Share]: Monir Engineering And Construction Ltd. [49.000%] , M/S. Sharif & Sons [51.000%] )",co0050,42619653.995,no,no,yes,no,"the archive prints stage counts and the winner only; no bidder list, quoted price, evaluated amount, ranking or per-bidder rejection reason appears in any supplied document",
1069564,Contract_Awards_PDFs/Tender_1069564.pdf,supplier,yes,7,4,4,1,3,0,3,"SSL- CONVOY JV ( JVCA Partners [Business Share]: CONVOY SERVICE [49.000%] , Starlite Services Limited [51.000%] )",co0051,77163422.058,no,no,yes,no,"the archive prints stage counts and the winner only; no bidder list, quoted price, evaluated amount, ranking or per-bidder rejection reason appears in any supplied document",
1071058,Contract_Awards_PDFs/Tender_1071058.pdf,supplier,yes,5,5,5,1,0,0,4,HAIDER & CO.,co0013,22604728.131,no,no,yes,no,"the archive prints stage counts and the winner only; no bidder list, quoted price, evaluated amount, ranking or per-bidder rejection reason appears in any supplied document",
1072723,Contract_Awards_PDFs/Tender_1072723.pdf,supplier,yes,3,3,3,1,0,0,2,Intimacy Computer & Solutions,co0052,2323957.303,no,no,yes,no,"the archive prints stage counts and the winner only; no bidder list, quoted price, evaluated amount, ranking or per-bidder rejection reason appears in any supplied document",
1074002,Contract_Awards_PDFs/Tender_1074002.pdf,supplier,yes,14,13,11,1,1,2,10,M/S Sunny Construction,co0053,14195340,no,no,no,no,"the archive prints stage counts and the winner only; no bidder list, quoted price, evaluated amount, ranking or per-bidder rejection reason appears in any supplied document",
1074661,Contract_Awards_PDFs/Tender_1074661.pdf,supplier,yes,3,3,2,1,0,1,1,NATIONAL DEVELOPMENT ENGINEERS LTD.,co0054,2689391.7,no,no,no,no,"the archive prints stage counts and the winner only; no bidder list, quoted price, evaluated amount, ranking or per-bidder rejection reason appears in any supplied document",
1076521,Contract_Awards_PDFs/Tender_1076521.pdf,supplier,yes,2,2,1,1,0,1,0,Rangs Limited,co0055,4495000.002,no,yes,no,no,"the archive prints stage counts and the winner only; no bidder list, quoted price, evaluated amount, ranking or per-bidder rejection reason appears in any supplied document",
1077063,Contract_Awards_PDFs/Tender_1077063.pdf,supplier,yes,5,5,1,1,0,4,0,Otobi Limited,co0056,1370110.118,no,yes,no,no,"the archive prints stage counts and the winner only; no bidder list, quoted price, evaluated amount, ranking or per-bidder rejection reason appears in any supplied document",
1081213,Contract_Awards_PDFs/Tender_1081213.pdf,supplier,yes,10,9,7,1,1,2,6,Momotaj Engineers Ltd.,co0003,38383526.286,no,no,no,no,"the archive prints stage counts and the winner only; no bidder list, quoted price, evaluated amount, ranking or per-bidder rejection reason appears in any supplied document",
1081271,Contract_Awards_PDFs/Tender_1081271.pdf,supplier,yes,3,3,1,1,0,2,0,PROPERTY DEVELOPMENT LIMITED,co0010,4320000.288,no,yes,no,no,"the archive prints stage counts and the winner only; no bidder list, quoted price, evaluated amount, ranking or per-bidder rejection reason appears in any supplied document",
1082494,Contract_Awards_PDFs/Tender_1082494.pdf,supplier,yes,12,8,3,1,4,5,2,Starlite Services Limited,co0019,64772047.737,no,no,no,no,"the archive prints stage counts and the winner only; no bidder list, quoted price, evaluated amount, ranking or per-bidder rejection reason appears in any supplied document",
1082495,Contract_Awards_PDFs/Tender_1082495.pdf,supplier,yes,12,12,6,1,0,6,5,Aliza Enterprise,co0005,3531092.112,no,no,no,no,"the archive prints stage counts and the winner only; no bidder list, quoted price, evaluated amount, ranking or per-bidder rejection reason appears in any supplied document",
1082496,Contract_Awards_PDFs/Tender_1082496.pdf,supplier,yes,13,13,9,1,0,4,8,M/S. A. R. Enterprise,co0016,14961357.135,no,no,no,no,"the archive prints stage counts and the winner only; no bidder list, quoted price, evaluated amount, ranking or per-bidder rejection reason appears in any supplied document",
1082525,Contract_Awards_PDFs/Tender_1082525.pdf,supplier,yes,8,8,4,1,0,4,3,M/S. Niaz Traders,co0001,77992693.722,no,no,no,no,"the archive prints stage counts and the winner only; no bidder list, quoted price, evaluated amount, ranking or per-bidder rejection reason appears in any supplied document",
1082896,Contract_Awards_PDFs/Tender_1082896.pdf,supplier,yes,4,3,2,1,1,1,1,Concept Elevators & Engineering Ltd.,co0042,8725500.251,no,no,no,no,"the archive prints stage counts and the winner only; no bidder list, quoted price, evaluated amount, ranking or per-bidder rejection reason appears in any supplied document",
1083479,Contract_Awards_PDFs/Tender_1083479.pdf,supplier,yes,2,2,1,1,0,1,0,DAFFODIL ELECTRIC COMPANY LIMITED,co0057,403200.072,no,yes,no,no,"the archive prints stage counts and the winner only; no bidder list, quoted price, evaluated amount, ranking or per-bidder rejection reason appears in any supplied document",
1083760,Contract_Awards_PDFs/Tender_1083760.pdf,supplier,yes,8,8,6,1,0,2,5,Aliza Enterprise,co0005,10913500,no,no,no,no,"the archive prints stage counts and the winner only; no bidder list, quoted price, evaluated amount, ranking or per-bidder rejection reason appears in any supplied document",
108836,Contract_Awards_PDFs/Tender_108836.pdf,supplier,yes,2,2,2,1,0,0,1,TD Trading,co0058,35818234.168,no,no,yes,no,"the archive prints stage counts and the winner only; no bidder list, quoted price, evaluated amount, ranking or per-bidder rejection reason appears in any supplied document",
1094618,Contract_Awards_PDFs/Tender_1094618.pdf,supplier,yes,3,3,3,1,0,0,2,The United Construction Co.,co0059,54979773.626,no,no,yes,no,"the archive prints stage counts and the winner only; no bidder list, quoted price, evaluated amount, ranking or per-bidder rejection reason appears in any supplied document",
1096839,Contract_Awards_PDFs/Tender_1096839.pdf,supplier,yes,11,8,7,1,3,1,6,Evergreen Printing press,co0060,5486186.5,no,no,no,no,"the archive prints stage counts and the winner only; no bidder list, quoted price, evaluated amount, ranking or per-bidder rejection reason appears in any supplied document",
1096909,Contract_Awards_PDFs/Tender_1096909.pdf,supplier,yes,9,6,5,1,3,1,4,ENOVA COMMUNICATIONS,co0061,2249250,no,no,no,no,"the archive prints stage counts and the winner only; no bidder list, quoted price, evaluated amount, ranking or per-bidder rejection reason appears in any supplied document",
1097226,Contract_Awards_PDFs/Tender_1097226.pdf,economic-operator,no,,,,1,,,,Aliza Enterprise,co0005,2232503.691,,,,no,"the archive prints stage counts and the winner only; no bidder list, quoted price, evaluated amount, ranking or per-bidder rejection reason appears in any supplied document",
1097756,Contract_Awards_PDFs/Tender_1097756.pdf,supplier,yes,5,5,5,1,0,0,4,Aliza Enterprise,co0005,741990.6,no,no,yes,no,"the archive prints stage counts and the winner only; no bidder list, quoted price, evaluated amount, ranking or per-bidder rejection reason appears in any supplied document",
110297,Contract_Awards_PDFs/Tender_110297.pdf,supplier,yes,6,5,2,1,1,3,1,The Engineers & Architects Limited,co0062,495240760.339,no,no,no,no,"the archive prints stage counts and the winner only; no bidder list, quoted price, evaluated amount, ranking or per-bidder rejection reason appears in any supplied document",
1109365,Contract_Awards_PDFs/Tender_1109365.pdf,supplier,yes,4,4,2,1,0,2,1,Sohel Engineering & Construction Ltd.,co0045,4300000.001,no,no,no,no,"the archive prints stage counts and the winner only; no bidder list, quoted price, evaluated amount, ranking or per-bidder rejection reason appears in any supplied document",
111480,Contract_Awards_PDFs/Tender_111480.pdf,supplier,yes,3,3,3,1,0,0,2,Md Rafiqul Islam.,co0063,3560581.224,no,no,yes,no,"the archive prints stage counts and the winner only; no bidder list, quoted price, evaluated amount, ranking or per-bidder rejection reason appears in any supplied document",
1117569,Contract_Awards_PDFs/Tender_1117569.pdf,supplier,yes,8,5,3,1,3,2,2,KHAN BROTHERS ENERGY CONSORTIUM,co0064,8969879.463,no,no,no,no,"the archive prints stage counts and the winner only; no bidder list, quoted price, evaluated amount, ranking or per-bidder rejection reason appears in any supplied document",
1119438,Contract_Awards_PDFs/Tender_1119438.pdf,supplier,yes,5,5,4,1,0,1,3,M/S Modhumati Construction,co0065,330670.094,no,no,no,no,"the archive prints stage counts and the winner only; no bidder list, quoted price, evaluated amount, ranking or per-bidder rejection reason appears in any supplied document",
112012,Contract_Awards_PDFs/Tender_112012.pdf,supplier,yes,2,1,1,1,1,0,0,Abdul Monem Ltd,co0066,899353315.989,yes,yes,yes,no,"the archive prints stage counts and the winner only; no bidder list, quoted price, evaluated amount, ranking or per-bidder rejection reason appears in any supplied document",
1121584,Contract_Awards_PDFs/Tender_1121584.pdf,supplier,yes,1,1,1,1,0,0,0,S.A.K. ENTERPRISE,co0067,1351952.357,yes,yes,yes,no,"the archive prints stage counts and the winner only; no bidder list, quoted price, evaluated amount, ranking or per-bidder rejection reason appears in any supplied document",
1123494,Contract_Awards_PDFs/Tender_1123494.pdf,supplier,yes,10,10,3,1,0,7,2,Aliza Enterprise,co0005,3048018.489,no,no,no,no,"the archive prints stage counts and the winner only; no bidder list, quoted price, evaluated amount, ranking or per-bidder rejection reason appears in any supplied document",
1128572,Contract_Awards_PDFs/Tender_1128572.pdf,supplier,yes,3,3,1,1,0,2,0,M/S. Haroon & Brothers,co0068,1875002.607,no,yes,no,no,"the archive prints stage counts and the winner only; no bidder list, quoted price, evaluated amount, ranking or per-bidder rejection reason appears in any supplied document",
113428,Contract_Awards_PDFs/Tender_113428.pdf,supplier,yes,5,2,1,1,3,1,0,GUARD FORCE SERVICES & HUMAN RESOURCE,co0069,4581878.13,no,yes,no,no,"the archive prints stage counts and the winner only; no bidder list, quoted price, evaluated amount, ranking or per-bidder rejection reason appears in any supplied document",
1134396,Contract_Awards_PDFs/Tender_1134396.pdf,supplier,yes,8,6,1,1,2,5,0,Sohel Engineering & Construction Ltd.,co0045,147100000.256,no,yes,no,no,"the archive prints stage counts and the winner only; no bidder list, quoted price, evaluated amount, ranking or per-bidder rejection reason appears in any supplied document",
1135936,Contract_Awards_PDFs/Tender_1135936.pdf,supplier,yes,10,8,3,1,2,5,2,TECHNO SOLUTION,co0070,4522500,no,no,no,no,"the archive prints stage counts and the winner only; no bidder list, quoted price, evaluated amount, ranking or per-bidder rejection reason appears in any supplied document",
1138415,Contract_Awards_PDFs/Tender_1138415.pdf,economic-operator,no,,,,1,,,,M/S MEHNUR TRADERS,co0071,1461741.579,,,,no,"the archive prints stage counts and the winner only; no bidder list, quoted price, evaluated amount, ranking or per-bidder rejection reason appears in any supplied document",
1140010,Contract_Awards_PDFs/Tender_1140010.pdf,supplier,yes,5,5,5,1,0,0,4,M/S. Mehezabin Enterprise,co0072,4470752.7,no,no,yes,no,"the archive prints stage counts and the winner only; no bidder list, quoted price, evaluated amount, ranking or per-bidder rejection reason appears in any supplied document",
1140011,Contract_Awards_PDFs/Tender_1140011.pdf,supplier,yes,3,3,1,1,0,2,0,M/S. Mehezabin Enterprise,co0072,2543126.4,no,yes,no,no,"the archive prints stage counts and the winner only; no bidder list, quoted price, evaluated amount, ranking or per-bidder rejection reason appears in any supplied document",
1140112,Contract_Awards_PDFs/Tender_1140112.pdf,supplier,yes,7,6,6,1,1,0,5,Mechanism Trade & Engineering Ltd.,co0073,4499844.64,no,no,yes,no,"the archive prints stage counts and the winner only; no bidder list, quoted price, evaluated amount, ranking or per-bidder rejection reason appears in any supplied document",
1140113,Contract_Awards_PDFs/Tender_1140113.pdf,supplier,yes,3,3,3,1,0,0,2,M/S Gazi Construction,co0074,1618510.554,no,no,yes,no,"the archive prints stage counts and the winner only; no bidder list, quoted price, evaluated amount, ranking or per-bidder rejection reason appears in any supplied document",
1142188,Contract_Awards_PDFs/Tender_1142188.pdf,supplier,yes,10,9,6,1,1,3,5,M/S HOSSAIN ENTERPRISE,co0075,12771417.6,no,no,no,no,"the archive prints stage counts and the winner only; no bidder list, quoted price, evaluated amount, ranking or per-bidder rejection reason appears in any supplied document",
114570,Contract_Awards_PDFs/Tender_114570.pdf,supplier,yes,17,15,4,1,2,11,3,M/S. R S A TRADE INTERNATIONAL,co0076,4197894.516,no,no,no,no,"the archive prints stage counts and the winner only; no bidder list, quoted price, evaluated amount, ranking or per-bidder rejection reason appears in any supplied document",
1146506,Contract_Awards_PDFs/Tender_1146506.pdf,supplier,yes,2,2,1,1,0,1,0,M/S Sunny Construction,co0053,3001426.2,no,yes,no,no,"the archive prints stage counts and the winner only; no bidder list, quoted price, evaluated amount, ranking or per-bidder rejection reason appears in any supplied document",
1146509,Contract_Awards_PDFs/Tender_1146509.pdf,supplier,yes,3,3,2,1,0,1,1,Optimal Technology (Pvt. ) Ltd.,co0077,1310184,no,no,no,no,"the archive prints stage counts and the winner only; no bidder list, quoted price, evaluated amount, ranking or per-bidder rejection reason appears in any supplied document",
1146510,Contract_Awards_PDFs/Tender_1146510.pdf,supplier,yes,3,3,2,1,0,1,1,Aliza Enterprise,co0005,1300761,no,no,no,no,"the archive prints stage counts and the winner only; no bidder list, quoted price, evaluated amount, ranking or per-bidder rejection reason appears in any supplied document",
1146511,Contract_Awards_PDFs/Tender_1146511.pdf,supplier,yes,2,2,1,1,0,1,0,Aliza Enterprise,co0005,1121947.2,no,yes,no,no,"the archive prints stage counts and the winner only; no bidder list, quoted price, evaluated amount, ranking or per-bidder rejection reason appears in any supplied document",
1147755,Contract_Awards_PDFs/Tender_1147755.pdf,supplier,yes,3,2,2,1,1,0,1,M/S Sunny Construction,co0053,1908396,no,no,yes,no,"the archive prints stage counts and the winner only; no bidder list, quoted price, evaluated amount, ranking or per-bidder rejection reason appears in any supplied document",
1148941,Contract_Awards_PDFs/Tender_1148941.pdf,supplier,yes,2,2,2,1,0,0,1,Nahar Construction,co0028,924000,no,no,yes,no,"the archive prints stage counts and the winner only; no bidder list, quoted price, evaluated amount, ranking or per-bidder rejection reason appears in any supplied document",
1150077,Contract_Awards_PDFs/Tender_1150077.pdf,supplier,yes,3,3,2,1,0,1,1,M/S Misbah Enterprise,co0078,801203.845,no,no,no,no,"the archive prints stage counts and the winner only; no bidder list, quoted price, evaluated amount, ranking or per-bidder rejection reason appears in any supplied document",
1150442,Contract_Awards_PDFs/Tender_1150442.pdf,supplier,yes,1,1,1,1,0,0,0,Nahar Construction,co0028,169190,yes,yes,yes,no,"the archive prints stage counts and the winner only; no bidder list, quoted price, evaluated amount, ranking or per-bidder rejection reason appears in any supplied document",
1150459,Contract_Awards_PDFs/Tender_1150459.pdf,supplier,yes,1,1,1,1,0,0,0,Nahar Construction,co0028,97000,yes,yes,yes,no,"the archive prints stage counts and the winner only; no bidder list, quoted price, evaluated amount, ranking or per-bidder rejection reason appears in any supplied document",
1150469,Contract_Awards_PDFs/Tender_1150469.pdf,supplier,yes,2,2,1,1,0,1,0,Nahar Construction,co0028,74900,no,yes,no,no,"the archive prints stage counts and the winner only; no bidder list, quoted price, evaluated amount, ranking or per-bidder rejection reason appears in any supplied document",
1152584,Contract_Awards_PDFs/Tender_1152584.pdf,supplier,yes,2,2,1,1,0,1,0,Charm Limited,co0079,10645125.197,no,yes,no,no,"the archive prints stage counts and the winner only; no bidder list, quoted price, evaluated amount, ranking or per-bidder rejection reason appears in any supplied document",
1152671,Contract_Awards_PDFs/Tender_1152671.pdf,supplier,yes,2,2,1,1,0,1,0,Sumon Enterprise,co0027,10710530,no,yes,no,no,"the archive prints stage counts and the winner only; no bidder list, quoted price, evaluated amount, ranking or per-bidder rejection reason appears in any supplied document",
1152766,Contract_Awards_PDFs/Tender_1152766.pdf,supplier,yes,2,1,1,1,1,0,0,M/S. Prominent Engineers,co0080,41906906.966,yes,yes,yes,no,"the archive prints stage counts and the winner only; no bidder list, quoted price, evaluated amount, ranking or per-bidder rejection reason appears in any supplied document",
1157085,Contract_Awards_PDFs/Tender_1157085.pdf,economic-operator,no,,,,1,,,,M/S. Prominent Engineers,co0080,1820904.024,,,,no,"the archive prints stage counts and the winner only; no bidder list, quoted price, evaluated amount, ranking or per-bidder rejection reason appears in any supplied document",
1160337,Contract_Awards_PDFs/Tender_1160337.pdf,economic-operator,no,,,,1,,,,Nahar Construction,co0028,682695,,,,no,"the archive prints stage counts and the winner only; no bidder list, quoted price, evaluated amount, ranking or per-bidder rejection reason appears in any supplied document",
1163081,Contract_Awards_PDFs/Tender_1163081.pdf,economic-operator,no,,,,1,,,,M/S. Prominent Engineers,co0080,1992265,,,,no,"the archive prints stage counts and the winner only; no bidder list, quoted price, evaluated amount, ranking or per-bidder rejection reason appears in any supplied document",
1163187,Contract_Awards_PDFs/Tender_1163187.pdf,economic-operator,no,,,,1,,,,Bangla Trac Limited,co0081,1069466,,,,no,"the archive prints stage counts and the winner only; no bidder list, quoted price, evaluated amount, ranking or per-bidder rejection reason appears in any supplied document",
1163354,Contract_Awards_PDFs/Tender_1163354.pdf,economic-operator,no,,,,1,,,,Nahar Construction,co0028,1829530,,,,no,"the archive prints stage counts and the winner only; no bidder list, quoted price, evaluated amount, ranking or per-bidder rejection reason appears in any supplied document",
1172101,Contract_Awards_PDFs/Tender_1172101.pdf,economic-operator,no,,,,1,,,,Nahar Construction,co0028,1807700,,,,no,"the archive prints stage counts and the winner only; no bidder list, quoted price, evaluated amount, ranking or per-bidder rejection reason appears in any supplied document",
1172974,Contract_Awards_PDFs/Tender_1172974.pdf,economic-operator,no,,,,1,,,,M/S Molla & Brothers,co0082,278000,,,,no,"the archive prints stage counts and the winner only; no bidder list, quoted price, evaluated amount, ranking or per-bidder rejection reason appears in any supplied document",
1173101,Contract_Awards_PDFs/Tender_1173101.pdf,economic-operator,no,,,,1,,,,M/S Molla & Brothers,co0082,136080,,,,no,"the archive prints stage counts and the winner only; no bidder list, quoted price, evaluated amount, ranking or per-bidder rejection reason appears in any supplied document",
1173102,Contract_Awards_PDFs/Tender_1173102.pdf,economic-operator,no,,,,1,,,,M/S Molla & Brothers,co0082,445560,,,,no,"the archive prints stage counts and the winner only; no bidder list, quoted price, evaluated amount, ranking or per-bidder rejection reason appears in any supplied document",
1173557,Contract_Awards_PDFs/Tender_1173557.pdf,economic-operator,no,,,,1,,,,M/S. Alam & Co.,co0004,1618997.68,,,,no,"the archive prints stage counts and the winner only; no bidder list, quoted price, evaluated amount, ranking or per-bidder rejection reason appears in any supplied document",
1178437,Contract_Awards_PDFs/Tender_1178437.pdf,economic-operator,no,,,,1,,,,M/S Building Construction Consultant (BCC),co0083,263425,,,,no,"the archive prints stage counts and the winner only; no bidder list, quoted price, evaluated amount, ranking or per-bidder rejection reason appears in any supplied document",
1183753,Contract_Awards_PDFs/Tender_1183753.pdf,economic-operator,no,,,,1,,,,FUJITECH,co0084,284997.15,,,,no,"the archive prints stage counts and the winner only; no bidder list, quoted price, evaluated amount, ranking or per-bidder rejection reason appears in any supplied document",
1183822,Contract_Awards_PDFs/Tender_1183822.pdf,economic-operator,no,,,,1,,,,M/S Molla & Brothers,co0082,1179300,,,,no,"the archive prints stage counts and the winner only; no bidder list, quoted price, evaluated amount, ranking or per-bidder rejection reason appears in any supplied document",
1183835,Contract_Awards_PDFs/Tender_1183835.pdf,economic-operator,no,,,,1,,,,Sumon Enterprise,co0027,1639290.492,,,,no,"the archive prints stage counts and the winner only; no bidder list, quoted price, evaluated amount, ranking or per-bidder rejection reason appears in any supplied document",
1184463,Contract_Awards_PDFs/Tender_1184463.pdf,economic-operator,no,,,,1,,,,M/S Molla & Brothers,co0082,905340,,,,no,"the archive prints stage counts and the winner only; no bidder list, quoted price, evaluated amount, ranking or per-bidder rejection reason appears in any supplied document",
1184466,Contract_Awards_PDFs/Tender_1184466.pdf,economic-operator,no,,,,1,,,,M/S Molla & Brothers,co0082,226500,,,,no,"the archive prints stage counts and the winner only; no bidder list, quoted price, evaluated amount, ranking or per-bidder rejection reason appears in any supplied document",
1184470,Contract_Awards_PDFs/Tender_1184470.pdf,economic-operator,no,,,,1,,,,Nahar Construction,co0028,1811395.726,,,,no,"the archive prints stage counts and the winner only; no bidder list, quoted price, evaluated amount, ranking or per-bidder rejection reason appears in any supplied document",
1185193,Contract_Awards_PDFs/Tender_1185193.pdf,economic-operator,no,,,,1,,,,Smart Technologies (BD) Ltd.,co0039,1994109.2,,,,no,"the archive prints stage counts and the winner only; no bidder list, quoted price, evaluated amount, ranking or per-bidder rejection reason appears in any supplied document",
1186178,Contract_Awards_PDFs/Tender_1186178.pdf,economic-operator,no,,,,1,,,,M/S. Sharif & Sons,co0017,8843877,,,,no,"the archive prints stage counts and the winner only; no bidder list, quoted price, evaluated amount, ranking or per-bidder rejection reason appears in any supplied document",
1186179,Contract_Awards_PDFs/Tender_1186179.pdf,economic-operator,no,,,,1,,,,T.S Enterprise,co0014,6488006.319,,,,no,"the archive prints stage counts and the winner only; no bidder list, quoted price, evaluated amount, ranking or per-bidder rejection reason appears in any supplied document",
1189629,Contract_Awards_PDFs/Tender_1189629.pdf,economic-operator,no,,,,1,,,,T.S Enterprise,co0014,1147531,,,,no,"the archive prints stage counts and the winner only; no bidder list, quoted price, evaluated amount, ranking or per-bidder rejection reason appears in any supplied document",
119326,Contract_Awards_PDFs/Tender_119326.pdf,supplier,yes,4,3,2,1,1,1,1,"NIAZ-NOONA-KTA JV ( JVCA Partners [Business Share]: KHOKAN TRADING AGENCY [0.000%] , Noona Traders [0.000%] , M/S. Niaz Traders [0.000%] )",co0085,135895849.382,no,no,no,no,"the archive prints stage counts and the winner only; no bidder list, quoted price, evaluated amount, ranking or per-bidder rejection reason appears in any supplied document",
119545,Contract_Awards_PDFs/Tender_119545.pdf,supplier,yes,4,3,1,1,1,2,0,M/S. A. R. Enterprise,co0016,2237776.416,no,yes,no,no,"the archive prints stage counts and the winner only; no bidder list, quoted price, evaluated amount, ranking or per-bidder rejection reason appears in any supplied document",
119636,Contract_Awards_PDFs/Tender_119636.pdf,supplier,yes,2,2,1,1,0,1,0,Chanderima Refrigeration,co0086,1380218.4,no,yes,no,no,"the archive prints stage counts and the winner only; no bidder list, quoted price, evaluated amount, ranking or per-bidder rejection reason appears in any supplied document",
1199127,Contract_Awards_PDFs/Tender_1199127.pdf,economic-operator,no,,,,1,,,,M/S Molla & Brothers,co0082,959990.4,,,,no,"the archive prints stage counts and the winner only; no bidder list, quoted price, evaluated amount, ranking or per-bidder rejection reason appears in any supplied document",
1205116,Contract_Awards_PDFs/Tender_1205116.pdf,economic-operator,no,,,,1,,,,Furniture Concept & Interior Ltd.,co0087,3600650,,,,no,"the archive prints stage counts and the winner only; no bidder list, quoted price, evaluated amount, ranking or per-bidder rejection reason appears in any supplied document",
1205153,Contract_Awards_PDFs/Tender_1205153.pdf,economic-operator,no,,,,1,,,,M/S. Bangladesh Computer Land,co0088,675000,,,,no,"the archive prints stage counts and the winner only; no bidder list, quoted price, evaluated amount, ranking or per-bidder rejection reason appears in any supplied document",
1205154,Contract_Awards_PDFs/Tender_1205154.pdf,economic-operator,no,,,,1,,,,MAAN BANGLADESH LTD.,co0089,405716.087,,,,no,"the archive prints stage counts and the winner only; no bidder list, quoted price, evaluated amount, ranking or per-bidder rejection reason appears in any supplied document",
1205157,Contract_Awards_PDFs/Tender_1205157.pdf,economic-operator,no,,,,1,,,,Hazi Traders,co0090,5177345,,,,no,"the archive prints stage counts and the winner only; no bidder list, quoted price, evaluated amount, ranking or per-bidder rejection reason appears in any supplied document",
1205162,Contract_Awards_PDFs/Tender_1205162.pdf,economic-operator,no,,,,1,,,,T.S Enterprise,co0014,491181.25,,,,no,"the archive prints stage counts and the winner only; no bidder list, quoted price, evaluated amount, ranking or per-bidder rejection reason appears in any supplied document",
1207634,Contract_Awards_PDFs/Tender_1207634.pdf,economic-operator,no,,,,1,,,,SUNTECH ENERGY LTD.,co0091,42387663.934,,,,no,"the archive prints stage counts and the winner only; no bidder list, quoted price, evaluated amount, ranking or per-bidder rejection reason appears in any supplied document",
1207635,Contract_Awards_PDFs/Tender_1207635.pdf,economic-operator,no,,,,1,,,,SUNTECH ENERGY LTD.,co0091,39054818.191,,,,no,"the archive prints stage counts and the winner only; no bidder list, quoted price, evaluated amount, ranking or per-bidder rejection reason appears in any supplied document",
1207636,Contract_Awards_PDFs/Tender_1207636.pdf,economic-operator,no,,,,1,,,,HTMS Limited,co0092,41493488.3,,,,no,"the archive prints stage counts and the winner only; no bidder list, quoted price, evaluated amount, ranking or per-bidder rejection reason appears in any supplied document",
1207637,Contract_Awards_PDFs/Tender_1207637.pdf,economic-operator,no,,,,1,,,,MULTITRADE INTERNATIONAL,co0043,33155616.2,,,,no,"the archive prints stage counts and the winner only; no bidder list, quoted price, evaluated amount, ranking or per-bidder rejection reason appears in any supplied document",
1207915,Contract_Awards_PDFs/Tender_1207915.pdf,economic-operator,no,,,,1,,,,M/S Molla & Brothers,co0082,108981.6,,,,no,"the archive prints stage counts and the winner only; no bidder list, quoted price, evaluated amount, ranking or per-bidder rejection reason appears in any supplied document",
1211856,Contract_Awards_PDFs/Tender_1211856.pdf,economic-operator,no,,,,1,,,,M/S Molla & Brothers,co0082,455667.45,,,,no,"the archive prints stage counts and the winner only; no bidder list, quoted price, evaluated amount, ranking or per-bidder rejection reason appears in any supplied document",
1215675,Contract_Awards_PDFs/Tender_1215675.pdf,economic-operator,no,,,,1,,,,Cooltech Corporation,co0093,3148760,,,,no,"the archive prints stage counts and the winner only; no bidder list, quoted price, evaluated amount, ranking or per-bidder rejection reason appears in any supplied document",
1215677,Contract_Awards_PDFs/Tender_1215677.pdf,economic-operator,no,,,,1,,,,AAYAT ENTERPRISE,co0094,1739831.102,,,,no,"the archive prints stage counts and the winner only; no bidder list, quoted price, evaluated amount, ranking or per-bidder rejection reason appears in any supplied document",
1225895,Contract_Awards_PDFs/Tender_1225895.pdf,economic-operator,no,,,,1,,,,SSL- Convoy JV (Joint Venture),co0095,82538882.71,,,,no,"the archive prints stage counts and the winner only; no bidder list, quoted price, evaluated amount, ranking or per-bidder rejection reason appears in any supplied document",
1225896,Contract_Awards_PDFs/Tender_1225896.pdf,economic-operator,no,,,,1,,,,M/S. Dawn Corporation,co0096,83872613.906,,,,no,"the archive prints stage counts and the winner only; no bidder list, quoted price, evaluated amount, ranking or per-bidder rejection reason appears in any supplied document",
1231413,Contract_Awards_PDFs/Tender_1231413.pdf,economic-operator,no,,,,1,,,,B & S ENGINEERING,co0097,2054979.681,,,,no,"the archive prints stage counts and the winner only; no bidder list, quoted price, evaluated amount, ranking or per-bidder rejection reason appears in any supplied document",
1234511,Contract_Awards_PDFs/Tender_1234511.pdf,economic-operator,no,,,,1,,,,MAA Enterprise,co0098,4628900,,,,no,"the archive prints stage counts and the winner only; no bidder list, quoted price, evaluated amount, ranking or per-bidder rejection reason appears in any supplied document",
124055,Contract_Awards_PDFs/Tender_124055.pdf,supplier,yes,5,3,1,1,2,2,0,"MSE-KCL (JV) ( JVCA Partners [Business Share]: M/S. SUMA ENGINEERS [0.000%] , Kabico Limited [0.000%] )",co0099,52530500.002,no,yes,no,no,"the archive prints stage counts and the winner only; no bidder list, quoted price, evaluated amount, ranking or per-bidder rejection reason appears in any supplied document",
125042,Contract_Awards_PDFs/Tender_125042.pdf,supplier,yes,6,3,1,1,3,2,0,Daffodil Electric Company,co0100,47660719.387,no,yes,no,no,"the archive prints stage counts and the winner only; no bidder list, quoted price, evaluated amount, ranking or per-bidder rejection reason appears in any supplied document",
1251756,Contract_Awards_PDFs/Tender_1251756.pdf,economic-operator,no,,,,1,,,,CAR RENT. COM BD,co0101,2294100,,,,no,"the archive prints stage counts and the winner only; no bidder list, quoted price, evaluated amount, ranking or per-bidder rejection reason appears in any supplied document",
1251766,Contract_Awards_PDFs/Tender_1251766.pdf,economic-operator,no,,,,1,,,,GREONY CORPORATION,co0102,1587600,,,,no,"the archive prints stage counts and the winner only; no bidder list, quoted price, evaluated amount, ranking or per-bidder rejection reason appears in any supplied document",
125294,Contract_Awards_PDFs/Tender_125294.pdf,supplier,yes,2,1,1,1,1,0,0,Daffodil Electric Company,co0100,47660719.387,yes,yes,yes,no,"the archive prints stage counts and the winner only; no bidder list, quoted price, evaluated amount, ranking or per-bidder rejection reason appears in any supplied document",
1253316,Contract_Awards_PDFs/Tender_1253316.pdf,economic-operator,no,,,,1,,,,Creative Engineering & Technology,co0103,2151360,,,,no,"the archive prints stage counts and the winner only; no bidder list, quoted price, evaluated amount, ranking or per-bidder rejection reason appears in any supplied document",
1253428,Contract_Awards_PDFs/Tender_1253428.pdf,economic-operator,no,,,,1,,,,Creative Engineering & Technology,co0103,1467648,,,,no,"the archive prints stage counts and the winner only; no bidder list, quoted price, evaluated amount, ranking or per-bidder rejection reason appears in any supplied document",
1257073,Contract_Awards_PDFs/Tender_1257073.pdf,economic-operator,no,,,,1,,,,FURNITURE SOLUTION & INTERIOR,co0104,305100,,,,no,"the archive prints stage counts and the winner only; no bidder list, quoted price, evaluated amount, ranking or per-bidder rejection reason appears in any supplied document",
1258384,Contract_Awards_PDFs/Tender_1258384.pdf,economic-operator,no,,,,1,,,,M/S Molla & Brothers,co0082,183975.5,,,,no,"the archive prints stage counts and the winner only; no bidder list, quoted price, evaluated amount, ranking or per-bidder rejection reason appears in any supplied document",
125874,Contract_Awards_PDFs/Tender_125874.pdf,supplier,yes,12,11,9,1,1,2,8,"Mir Habibul Alam & Starlite Services Ltd & M/s. Udayn Builders JV ( JVCA Partners [Business Share]: Mir Habibul Alam [0.000%] , M/S Udayan Builders [0.000%] , Starlite Services Limited [0.000%] )",co0105,78653933.892,no,no,no,no,"the archive prints stage counts and the winner only; no bidder list, quoted price, evaluated amount, ranking or per-bidder rejection reason appears in any supplied document",
125877,Contract_Awards_PDFs/Tender_125877.pdf,supplier,yes,11,11,9,1,0,2,8,"Convoy Service-M/S Paradise Traders-Moshiur Rahman Chowdhury JV ( JVCA Partners [Business Share]: M/S Paradise Traders [0.000%] , CONVOY SERVICE [0.000%] , Moshiur Rahman Chowdhury [0.000%] )",co0106,56752529.868,no,no,no,no,"the archive prints stage counts and the winner only; no bidder list, quoted price, evaluated amount, ranking or per-bidder rejection reason appears in any supplied document",
1261854,Contract_Awards_PDFs/Tender_1261854.pdf,economic-operator,no,,,,1,,,,BROTHER'S SECURITY & SUPPLY CHAIN,co0107,778464,,,,no,"the archive prints stage counts and the winner only; no bidder list, quoted price, evaluated amount, ranking or per-bidder rejection reason appears in any supplied document",
1261983,Contract_Awards_PDFs/Tender_1261983.pdf,economic-operator,no,,,,1,,,,BROTHER'S SECURITY & SUPPLY CHAIN,co0107,732672,,,,no,"the archive prints stage counts and the winner only; no bidder list, quoted price, evaluated amount, ranking or per-bidder rejection reason appears in any supplied document",
1262256,Contract_Awards_PDFs/Tender_1262256.pdf,economic-operator,no,,,,1,,,,BROTHER'S SECURITY & SUPPLY CHAIN,co0107,608232.25,,,,no,"the archive prints stage counts and the winner only; no bidder list, quoted price, evaluated amount, ranking or per-bidder rejection reason appears in any supplied document",
1267626,Contract_Awards_PDFs/Tender_1267626.pdf,economic-operator,no,,,,1,,,,Fatema Construction BD,co0108,579500,,,,no,"the archive prints stage counts and the winner only; no bidder list, quoted price, evaluated amount, ranking or per-bidder rejection reason appears in any supplied document",
1272190,Contract_Awards_PDFs/Tender_1272190.pdf,economic-operator,no,,,,1,,,,M/S Molla & Brothers,co0082,2303971.35,,,,no,"the archive prints stage counts and the winner only; no bidder list, quoted price, evaluated amount, ranking or per-bidder rejection reason appears in any supplied document",
1272697,Contract_Awards_PDFs/Tender_1272697.pdf,economic-operator,no,,,,1,,,,T.S Enterprise,co0014,1171910,,,,no,"the archive prints stage counts and the winner only; no bidder list, quoted price, evaluated amount, ranking or per-bidder rejection reason appears in any supplied document",
1273100,Contract_Awards_PDFs/Tender_1273100.pdf,economic-operator,no,,,,1,,,,M/S Molla & Brothers,co0082,1767938.6,,,,no,"the archive prints stage counts and the winner only; no bidder list, quoted price, evaluated amount, ranking or per-bidder rejection reason appears in any supplied document",
134910,Contract_Awards_PDFs/Tender_134910.pdf,supplier,yes,5,4,3,1,1,1,2,M/S. Maliha Enterprise,co0109,808560,no,no,no,no,"the archive prints stage counts and the winner only; no bidder list, quoted price, evaluated amount, ranking or per-bidder rejection reason appears in any supplied document",
144571,Contract_Awards_PDFs/Tender_144571.pdf,supplier,yes,4,4,4,1,0,0,3,M/s. Halim Enterprise.,co0110,3242100.005,no,no,yes,no,"the archive prints stage counts and the winner only; no bidder list, quoted price, evaluated amount, ranking or per-bidder rejection reason appears in any supplied document",
146376,Contract_Awards_PDFs/Tender_146376.pdf,supplier,yes,10,5,4,1,5,1,3,Dulal Enterprise (Pvt) Ltd.,co0111,18313600.652,no,no,no,no,"the archive prints stage counts and the winner only; no bidder list, quoted price, evaluated amount, ranking or per-bidder rejection reason appears in any supplied document",
146377,Contract_Awards_PDFs/Tender_146377.pdf,supplier,yes,10,7,6,1,3,1,5,Dulal Enterprise (Pvt) Ltd.,co0111,9224800.33,no,no,no,no,"the archive prints stage counts and the winner only; no bidder list, quoted price, evaluated amount, ranking or per-bidder rejection reason appears in any supplied document",
146380,Contract_Awards_PDFs/Tender_146380.pdf,supplier,yes,13,10,8,1,3,2,7,Dulal Enterprise (Pvt) Ltd.,co0111,9224800.33,no,no,no,no,"the archive prints stage counts and the winner only; no bidder list, quoted price, evaluated amount, ranking or per-bidder rejection reason appears in any supplied document",
146381,Contract_Awards_PDFs/Tender_146381.pdf,supplier,yes,13,8,7,1,5,1,6,Dulal Enterprise (Pvt) Ltd.,co0111,9156800.326,no,no,no,no,"the archive prints stage counts and the winner only; no bidder list, quoted price, evaluated amount, ranking or per-bidder rejection reason appears in any supplied document",
146449,Contract_Awards_PDFs/Tender_146449.pdf,supplier,yes,4,4,3,1,0,1,2,Sohel Engineering & Construction Ltd.,co0045,48500000.176,no,no,no,no,"the archive prints stage counts and the winner only; no bidder list, quoted price, evaluated amount, ranking or per-bidder rejection reason appears in any supplied document",
149105,Contract_Awards_PDFs/Tender_149105.pdf,supplier,yes,8,5,3,1,3,2,2,Quality Powertec Engineering Ltd.,co0112,26472001.364,no,no,no,no,"the archive prints stage counts and the winner only; no bidder list, quoted price, evaluated amount, ranking or per-bidder rejection reason appears in any supplied document",
149115,Contract_Awards_PDFs/Tender_149115.pdf,supplier,yes,6,3,2,1,3,1,1,M/S. Brothers Construction,co0113,13276000.682,no,no,no,no,"the archive prints stage counts and the winner only; no bidder list, quoted price, evaluated amount, ranking or per-bidder rejection reason appears in any supplied document",
149117,Contract_Awards_PDFs/Tender_149117.pdf,supplier,yes,7,4,2,1,3,2,1,M/S. Brothers Construction,co0113,13276000.682,no,no,no,no,"the archive prints stage counts and the winner only; no bidder list, quoted price, evaluated amount, ranking or per-bidder rejection reason appears in any supplied document",
149118,Contract_Awards_PDFs/Tender_149118.pdf,supplier,yes,6,4,3,1,2,1,2,M/S. Brothers Construction,co0113,13276000.682,no,no,no,no,"the archive prints stage counts and the winner only; no bidder list, quoted price, evaluated amount, ranking or per-bidder rejection reason appears in any supplied document",
149365,Contract_Awards_PDFs/Tender_149365.pdf,supplier,yes,10,6,2,1,4,4,1,Toma Construction & Co. Limited,co0114,222729274.8,no,no,no,no,"the archive prints stage counts and the winner only; no bidder list, quoted price, evaluated amount, ranking or per-bidder rejection reason appears in any supplied document",
15000,Contract_Awards_PDFs/Tender_15000.pdf,supplier,yes,3,2,2,1,1,0,1,OptiNet,co0115,280119.679,no,no,yes,no,"the archive prints stage counts and the winner only; no bidder list, quoted price, evaluated amount, ranking or per-bidder rejection reason appears in any supplied document",
151177,Contract_Awards_PDFs/Tender_151177.pdf,supplier,yes,7,6,3,1,1,3,2,Rafiq Construction Co. (Pvt.) Ltd.,co0116,12557304.801,no,no,no,no,"the archive prints stage counts and the winner only; no bidder list, quoted price, evaluated amount, ranking or per-bidder rejection reason appears in any supplied document",
159826,Contract_Awards_PDFs/Tender_159826.pdf,supplier,yes,6,6,6,1,0,0,5,M/S. SHAFIQUE TRADERS,co0117,2575159.201,no,no,yes,no,"the archive prints stage counts and the winner only; no bidder list, quoted price, evaluated amount, ranking or per-bidder rejection reason appears in any supplied document",
162060,Contract_Awards_PDFs/Tender_162060.pdf,supplier,yes,4,3,3,1,1,0,2,M/S. Sany Construction,co0118,29369128.5,no,no,yes,no,"the archive prints stage counts and the winner only; no bidder list, quoted price, evaluated amount, ranking or per-bidder rejection reason appears in any supplied document",
162590,Contract_Awards_PDFs/Tender_162590.pdf,supplier,yes,4,3,2,1,1,1,1,"Fire Trade - M/s Khandaker Shahin Ahmed JV ( JVCA Partners [Business Share]: M/S. Khandaker Shahin Ahmed [0.000%] , Fire Trade [0.000%] )",co0119,12293260.2,no,no,no,no,"the archive prints stage counts and the winner only; no bidder list, quoted price, evaluated amount, ranking or per-bidder rejection reason appears in any supplied document",
164878,Contract_Awards_PDFs/Tender_164878.pdf,supplier,yes,1,1,1,1,0,0,0,Pacific Motors Limited,co0120,32844000.006,yes,yes,yes,no,"the archive prints stage counts and the winner only; no bidder list, quoted price, evaluated amount, ranking or per-bidder rejection reason appears in any supplied document",
168749,Contract_Awards_PDFs/Tender_168749.pdf,supplier,yes,2,2,2,1,0,0,1,M/S Oshin Enterprise,co0121,1367468.163,no,no,yes,no,"the archive prints stage counts and the winner only; no bidder list, quoted price, evaluated amount, ranking or per-bidder rejection reason appears in any supplied document",
169223,Contract_Awards_PDFs/Tender_169223.pdf,supplier,yes,9,5,1,1,4,4,0,Silver Sun Electronics,co0122,1430370.835,no,yes,no,no,"the archive prints stage counts and the winner only; no bidder list, quoted price, evaluated amount, ranking or per-bidder rejection reason appears in any supplied document",
171570,Contract_Awards_PDFs/Tender_171570.pdf,supplier,yes,11,7,3,1,4,4,2,M/S Nur Enterprise,co0123,2283984,no,no,no,no,"the archive prints stage counts and the winner only; no bidder list, quoted price, evaluated amount, ranking or per-bidder rejection reason appears in any supplied document",
174037,Contract_Awards_PDFs/Tender_174037.pdf,supplier,yes,1,1,1,1,0,0,0,Pacific Motors Limited,co0120,48351000.009,yes,yes,yes,no,"the archive prints stage counts and the winner only; no bidder list, quoted price, evaluated amount, ranking or per-bidder rejection reason appears in any supplied document",
174670,Contract_Awards_PDFs/Tender_174670.pdf,supplier,yes,9,8,7,1,1,1,6,Sherpa Power Engineering Ltd.,co0124,5767943.372,no,no,no,no,"the archive prints stage counts and the winner only; no bidder list, quoted price, evaluated amount, ranking or per-bidder rejection reason appears in any supplied document",
174671,Contract_Awards_PDFs/Tender_174671.pdf,supplier,yes,8,7,7,1,1,0,6,Sherpa Power Engineering Ltd.,co0124,5767943.372,no,no,yes,no,"the archive prints stage counts and the winner only; no bidder list, quoted price, evaluated amount, ranking or per-bidder rejection reason appears in any supplied document",
174673,Contract_Awards_PDFs/Tender_174673.pdf,supplier,yes,8,7,7,1,1,0,6,Sherpa Power Engineering Ltd.,co0124,5767943.372,no,no,yes,no,"the archive prints stage counts and the winner only; no bidder list, quoted price, evaluated amount, ranking or per-bidder rejection reason appears in any supplied document",
174674,Contract_Awards_PDFs/Tender_174674.pdf,supplier,yes,7,6,6,1,1,0,5,Sherpa Power Engineering Ltd.,co0124,5767943.372,no,no,yes,no,"the archive prints stage counts and the winner only; no bidder list, quoted price, evaluated amount, ranking or per-bidder rejection reason appears in any supplied document",
174677,Contract_Awards_PDFs/Tender_174677.pdf,supplier,yes,8,6,5,1,2,1,4,Superstar Renweable Energy Ltd (SSG Solar),co0125,5063600.572,no,no,no,no,"the archive prints stage counts and the winner only; no bidder list, quoted price, evaluated amount, ranking or per-bidder rejection reason appears in any supplied document",
174678,Contract_Awards_PDFs/Tender_174678.pdf,supplier,yes,8,6,6,1,2,0,5,Sherpa Power Engineering Ltd.,co0124,5767943.372,no,no,yes,no,"the archive prints stage counts and the winner only; no bidder list, quoted price, evaluated amount, ranking or per-bidder rejection reason appears in any supplied document",
174680,Contract_Awards_PDFs/Tender_174680.pdf,supplier,yes,9,7,6,1,2,1,5,Sherpa Power Engineering Ltd.,co0124,5755380.572,no,no,no,no,"the archive prints stage counts and the winner only; no bidder list, quoted price, evaluated amount, ranking or per-bidder rejection reason appears in any supplied document",
174700,Contract_Awards_PDFs/Tender_174700.pdf,supplier,yes,8,5,2,1,3,3,1,Domestic Power & Engineering,co0126,13951494.999,no,no,no,no,"the archive prints stage counts and the winner only; no bidder list, quoted price, evaluated amount, ranking or per-bidder rejection reason appears in any supplied document",
174705,Contract_Awards_PDFs/Tender_174705.pdf,supplier,yes,5,2,1,1,3,1,0,M/S Razin International,co0127,16595314.2,no,yes,no,no,"the archive prints stage counts and the winner only; no bidder list, quoted price, evaluated amount, ranking or per-bidder rejection reason appears in any supplied document",
174710,Contract_Awards_PDFs/Tender_174710.pdf,supplier,yes,4,2,1,1,2,1,0,M/S Britto Construction,co0128,13855001.095,no,yes,no,no,"the archive prints stage counts and the winner only; no bidder list, quoted price, evaluated amount, ranking or per-bidder rejection reason appears in any supplied document",
174712,Contract_Awards_PDFs/Tender_174712.pdf,supplier,yes,4,3,2,1,1,1,1,MOZAHAR ENTERPRISE (PVT.) LTD.,co0129,8533464.543,no,no,no,no,"the archive prints stage counts and the winner only; no bidder list, quoted price, evaluated amount, ranking or per-bidder rejection reason appears in any supplied document",
174717,Contract_Awards_PDFs/Tender_174717.pdf,supplier,yes,5,1,1,1,4,0,0,Unity Builders & Engineering,co0130,4182472.787,yes,yes,yes,no,"the archive prints stage counts and the winner only; no bidder list, quoted price, evaluated amount, ranking or per-bidder rejection reason appears in any supplied document",
174720,Contract_Awards_PDFs/Tender_174720.pdf,supplier,yes,6,2,1,1,4,1,0,M/S. A. R. Enterprise,co0016,16625782.8,no,yes,no,no,"the archive prints stage counts and the winner only; no bidder list, quoted price, evaluated amount, ranking or per-bidder rejection reason appears in any supplied document",
178196,Contract_Awards_PDFs/Tender_178196.pdf,supplier,yes,2,2,1,1,0,1,0,Smart Technologies (BD) Ltd.,co0039,13246200.099,no,yes,no,no,"the archive prints stage counts and the winner only; no bidder list, quoted price, evaluated amount, ranking or per-bidder rejection reason appears in any supplied document",
179865,Contract_Awards_PDFs/Tender_179865.pdf,supplier,yes,9,6,3,1,3,3,2,Crescent Computers Ltd.,co0131,900000.002,no,no,no,no,"the archive prints stage counts and the winner only; no bidder list, quoted price, evaluated amount, ranking or per-bidder rejection reason appears in any supplied document",
189828,Contract_Awards_PDFs/Tender_189828.pdf,supplier,yes,2,1,1,1,1,0,0,M/S. Alam & Co.,co0004,4511829.041,yes,yes,yes,no,"the archive prints stage counts and the winner only; no bidder list, quoted price, evaluated amount, ranking or per-bidder rejection reason appears in any supplied document",
189939,Contract_Awards_PDFs/Tender_189939.pdf,supplier,yes,2,2,1,1,0,1,0,M/S. R.S. Enterprise,co0132,25693375.026,no,yes,no,no,"the archive prints stage counts and the winner only; no bidder list, quoted price, evaluated amount, ranking or per-bidder rejection reason appears in any supplied document",
18994,Contract_Awards_PDFs/Tender_18994.pdf,supplier,yes,2,1,1,1,1,0,0,ConnectBD Limited,co0133,1512000.037,yes,yes,yes,no,"the archive prints stage counts and the winner only; no bidder list, quoted price, evaluated amount, ranking or per-bidder rejection reason appears in any supplied document",
189944,Contract_Awards_PDFs/Tender_189944.pdf,supplier,yes,1,1,1,1,0,0,0,"M/S. AS - RAS Trading (JV) ( JVCA Partners [Business Share]: M/S. Abdus Salam [0.000%] , M/S RASHIA&SONS TRADING [0.000%] )",co0134,79537860.009,yes,yes,yes,no,"the archive prints stage counts and the winner only; no bidder list, quoted price, evaluated amount, ranking or per-bidder rejection reason appears in any supplied document",
192714,Contract_Awards_PDFs/Tender_192714.pdf,supplier,yes,4,4,1,1,0,3,0,Smart Digital Technologies,co0135,1480801.073,no,yes,no,no,"the archive prints stage counts and the winner only; no bidder list, quoted price, evaluated amount, ranking or per-bidder rejection reason appears in any supplied document",
198193,Contract_Awards_PDFs/Tender_198193.pdf,supplier,yes,9,5,5,1,4,0,4,Sherpa Power Engineering Ltd.,co0124,2899350.286,no,no,yes,no,"the archive prints stage counts and the winner only; no bidder list, quoted price, evaluated amount, ranking or per-bidder rejection reason appears in any supplied document",
199368,Contract_Awards_PDFs/Tender_199368.pdf,supplier,yes,5,5,2,1,0,3,1,M/S. Sany Construction,co0118,3348987.3,no,no,no,no,"the archive prints stage counts and the winner only; no bidder list, quoted price, evaluated amount, ranking or per-bidder rejection reason appears in any supplied document",
199891,Contract_Awards_PDFs/Tender_199891.pdf,supplier,yes,5,4,3,1,1,1,2,Momotaj Engineers Ltd.,co0003,155146280.114,no,no,no,no,"the archive prints stage counts and the winner only; no bidder list, quoted price, evaluated amount, ranking or per-bidder rejection reason appears in any supplied document",
199942,Contract_Awards_PDFs/Tender_199942.pdf,supplier,yes,3,2,1,1,1,1,0,Hatil Complex Ltd,co0136,9265034.203,no,yes,no,no,"the archive prints stage counts and the winner only; no bidder list, quoted price, evaluated amount, ranking or per-bidder rejection reason appears in any supplied document",
200650,Contract_Awards_PDFs/Tender_200650.pdf,supplier,yes,2,2,1,1,0,1,0,M/S. Raquib & Brothers,co0012,21090113.163,no,yes,no,no,"the archive prints stage counts and the winner only; no bidder list, quoted price, evaluated amount, ranking or per-bidder rejection reason appears in any supplied document",
201012,Contract_Awards_PDFs/Tender_201012.pdf,supplier,yes,1,1,1,1,0,0,0,M/S Habib Enterprise,co0137,8525749.689,yes,yes,yes,no,"the archive prints stage counts and the winner only; no bidder list, quoted price, evaluated amount, ranking or per-bidder rejection reason appears in any supplied document",
201451,Contract_Awards_PDFs/Tender_201451.pdf,supplier,yes,2,2,2,1,0,0,1,M/S Habib Enterprise,co0137,6827889.186,no,no,yes,no,"the archive prints stage counts and the winner only; no bidder list, quoted price, evaluated amount, ranking or per-bidder rejection reason appears in any supplied document",
202993,Contract_Awards_PDFs/Tender_202993.pdf,supplier,yes,11,7,2,1,4,5,1,M/S Udayan Builders,co0023,8150725.359,no,no,no,no,"the archive prints stage counts and the winner only; no bidder list, quoted price, evaluated amount, ranking or per-bidder rejection reason appears in any supplied document",
20558,Contract_Awards_PDFs/Tender_20558.pdf,supplier,yes,4,2,1,1,2,1,0,M/S. Shahid Brothers,co0138,11692619.969,no,yes,no,no,"the archive prints stage counts and the winner only; no bidder list, quoted price, evaluated amount, ranking or per-bidder rejection reason appears in any supplied document",
207700,Contract_Awards_PDFs/Tender_207700.pdf,supplier,yes,5,3,1,1,2,2,0,"Rithin Enterprise and Kohinoor Enterprise J.V ( JVCA Partners [Business Share]: M/S. Kohinoor Enterprise [0.000%] , Rithin Enterprise [0.000%] )",co0139,100985213.7,no,yes,no,no,"the archive prints stage counts and the winner only; no bidder list, quoted price, evaluated amount, ranking or per-bidder rejection reason appears in any supplied document",
209736,Contract_Awards_PDFs/Tender_209736.pdf,supplier,yes,8,6,6,1,2,0,5,The United Construction Co.,co0059,933196527.93,no,no,yes,no,"the archive prints stage counts and the winner only; no bidder list, quoted price, evaluated amount, ranking or per-bidder rejection reason appears in any supplied document",
209938,Contract_Awards_PDFs/Tender_209938.pdf,supplier,yes,12,8,8,1,4,0,7,Toma Construction & Co. Limited,co0114,115431333.84,no,no,yes,no,"the archive prints stage counts and the winner only; no bidder list, quoted price, evaluated amount, ranking or per-bidder rejection reason appears in any supplied document",
209939,Contract_Awards_PDFs/Tender_209939.pdf,supplier,yes,12,8,7,1,4,1,6,Toma Construction & Co. Limited,co0114,166879029.312,no,no,no,no,"the archive prints stage counts and the winner only; no bidder list, quoted price, evaluated amount, ranking or per-bidder rejection reason appears in any supplied document",
212401,Contract_Awards_PDFs/Tender_212401.pdf,supplier,yes,2,1,1,1,1,0,0,M/S. Raquib & Brothers,co0012,7370590.5,yes,yes,yes,no,"the archive prints stage counts and the winner only; no bidder list, quoted price, evaluated amount, ranking or per-bidder rejection reason appears in any supplied document",
214247,Contract_Awards_PDFs/Tender_214247.pdf,supplier,yes,5,5,4,1,0,1,3,M/S. A. R. Enterprise,co0016,2440199.7,no,no,no,no,"the archive prints stage counts and the winner only; no bidder list, quoted price, evaluated amount, ranking or per-bidder rejection reason appears in any supplied document",
214275,Contract_Awards_PDFs/Tender_214275.pdf,supplier,yes,7,6,4,1,1,2,3,CONVOY SERVICE,co0015,5906298.6,no,no,no,no,"the archive prints stage counts and the winner only; no bidder list, quoted price, evaluated amount, ranking or per-bidder rejection reason appears in any supplied document",
214561,Contract_Awards_PDFs/Tender_214561.pdf,supplier,yes,3,3,2,1,0,1,1,M/s. Halim Enterprise.,co0110,1096555.011,no,no,no,no,"the archive prints stage counts and the winner only; no bidder list, quoted price, evaluated amount, ranking or per-bidder rejection reason appears in any supplied document",
215555,Contract_Awards_PDFs/Tender_215555.pdf,supplier,yes,5,5,5,1,0,0,4,M/s. Sohel Incorporation,co0140,5058783.36,no,no,yes,no,"the archive prints stage counts and the winner only; no bidder list, quoted price, evaluated amount, ranking or per-bidder rejection reason appears in any supplied document",
223246,Contract_Awards_PDFs/Tender_223246.pdf,supplier,yes,3,3,2,1,0,1,1,M Jamal & Company Limited,co0141,632060295.568,no,no,no,no,"the archive prints stage counts and the winner only; no bidder list, quoted price, evaluated amount, ranking or per-bidder rejection reason appears in any supplied document",
234888,Contract_Awards_PDFs/Tender_234888.pdf,supplier,yes,7,5,3,1,2,2,2,M/S. Gulzar Trading,co0142,1321574.085,no,no,no,no,"the archive prints stage counts and the winner only; no bidder list, quoted price, evaluated amount, ranking or per-bidder rejection reason appears in any supplied document",
235131,Contract_Awards_PDFs/Tender_235131.pdf,supplier,yes,4,2,1,1,2,1,0,M/S. S.K. Traders & Suppliers,co0143,2070872.235,no,yes,no,no,"the archive prints stage counts and the winner only; no bidder list, quoted price, evaluated amount, ranking or per-bidder rejection reason appears in any supplied document",
235166,Contract_Awards_PDFs/Tender_235166.pdf,supplier,yes,3,2,2,1,1,0,1,M/S. National Builders,co0144,2109152.799,no,no,yes,no,"the archive prints stage counts and the winner only; no bidder list, quoted price, evaluated amount, ranking or per-bidder rejection reason appears in any supplied document",
236241,Contract_Awards_PDFs/Tender_236241.pdf,supplier,yes,14,12,5,1,2,7,4,M/S. Sany Construction,co0118,1494873,no,no,no,no,"the archive prints stage counts and the winner only; no bidder list, quoted price, evaluated amount, ranking or per-bidder rejection reason appears in any supplied document",
236242,Contract_Awards_PDFs/Tender_236242.pdf,supplier,yes,13,12,4,1,1,8,3,M/S. Sany Construction,co0118,2989746,no,no,no,no,"the archive prints stage counts and the winner only; no bidder list, quoted price, evaluated amount, ranking or per-bidder rejection reason appears in any supplied document",
237820,Contract_Awards_PDFs/Tender_237820.pdf,supplier,yes,7,2,1,1,5,1,0,MEP ENGINEERING POINT,co0145,9118701.007,no,yes,no,no,"the archive prints stage counts and the winner only; no bidder list, quoted price, evaluated amount, ranking or per-bidder rejection reason appears in any supplied document",
248616,Contract_Awards_PDFs/Tender_248616.pdf,supplier,yes,13,12,4,1,1,8,3,M/S. Sany Construction,co0118,2989746,no,no,no,no,"the archive prints stage counts and the winner only; no bidder list, quoted price, evaluated amount, ranking or per-bidder rejection reason appears in any supplied document",
248617,Contract_Awards_PDFs/Tender_248617.pdf,supplier,yes,14,13,5,1,1,8,4,M/S. Sany Construction,co0118,2989746,no,no,no,no,"the archive prints stage counts and the winner only; no bidder list, quoted price, evaluated amount, ranking or per-bidder rejection reason appears in any supplied document",
248618,Contract_Awards_PDFs/Tender_248618.pdf,supplier,yes,14,12,4,1,2,8,3,M/S. Sany Construction,co0118,2989746,no,no,no,no,"the archive prints stage counts and the winner only; no bidder list, quoted price, evaluated amount, ranking or per-bidder rejection reason appears in any supplied document",
248619,Contract_Awards_PDFs/Tender_248619.pdf,supplier,yes,14,12,4,1,2,8,3,M/S. Sany Construction,co0118,2989746,no,no,no,no,"the archive prints stage counts and the winner only; no bidder list, quoted price, evaluated amount, ranking or per-bidder rejection reason appears in any supplied document",
248621,Contract_Awards_PDFs/Tender_248621.pdf,supplier,yes,14,12,4,1,2,8,3,M/S. Sany Construction,co0118,2989746,no,no,no,no,"the archive prints stage counts and the winner only; no bidder list, quoted price, evaluated amount, ranking or per-bidder rejection reason appears in any supplied document",
248622,Contract_Awards_PDFs/Tender_248622.pdf,supplier,yes,15,13,4,1,2,9,3,M/S. Sany Construction,co0118,2989746,no,no,no,no,"the archive prints stage counts and the winner only; no bidder list, quoted price, evaluated amount, ranking or per-bidder rejection reason appears in any supplied document",
248623,Contract_Awards_PDFs/Tender_248623.pdf,supplier,yes,13,12,5,1,1,7,4,M/S. Sany Construction,co0118,1494873,no,no,no,no,"the archive prints stage counts and the winner only; no bidder list, quoted price, evaluated amount, ranking or per-bidder rejection reason appears in any supplied document",
248625,Contract_Awards_PDFs/Tender_248625.pdf,supplier,yes,12,12,5,1,0,7,4,M/S. Sany Construction,co0118,1494873,no,no,no,no,"the archive prints stage counts and the winner only; no bidder list, quoted price, evaluated amount, ranking or per-bidder rejection reason appears in any supplied document",
248630,Contract_Awards_PDFs/Tender_248630.pdf,supplier,yes,14,14,4,1,0,10,3,M/S. Sany Construction,co0118,1494873,no,no,no,no,"the archive prints stage counts and the winner only; no bidder list, quoted price, evaluated amount, ranking or per-bidder rejection reason appears in any supplied document",
248631,Contract_Awards_PDFs/Tender_248631.pdf,supplier,yes,14,14,4,1,0,10,3,M/S. Sany Construction,co0118,1494873,no,no,no,no,"the archive prints stage counts and the winner only; no bidder list, quoted price, evaluated amount, ranking or per-bidder rejection reason appears in any supplied document",
248633,Contract_Awards_PDFs/Tender_248633.pdf,supplier,yes,13,12,4,1,1,8,3,M/S. Sany Construction,co0118,1494873,no,no,no,no,"the archive prints stage counts and the winner only; no bidder list, quoted price, evaluated amount, ranking or per-bidder rejection reason appears in any supplied document",
251218,Contract_Awards_PDFs/Tender_251218.pdf,supplier,yes,3,2,2,1,1,0,1,M/S Techno Trade International,co0146,742979.674,no,no,yes,no,"the archive prints stage counts and the winner only; no bidder list, quoted price, evaluated amount, ranking or per-bidder rejection reason appears in any supplied document",
251224,Contract_Awards_PDFs/Tender_251224.pdf,supplier,yes,4,2,2,1,2,0,1,M/s Shafique and Sons,co0025,18459309.546,no,no,yes,no,"the archive prints stage counts and the winner only; no bidder list, quoted price, evaluated amount, ranking or per-bidder rejection reason appears in any supplied document",
251227,Contract_Awards_PDFs/Tender_251227.pdf,supplier,yes,13,12,9,1,1,3,8,M/S. A. R. Enterprise,co0016,11057081.796,no,no,no,no,"the archive prints stage counts and the winner only; no bidder list, quoted price, evaluated amount, ranking or per-bidder rejection reason appears in any supplied document",
260451,Contract_Awards_PDFs/Tender_260451.pdf,supplier,yes,1,1,1,1,0,0,0,Silver Sun Electronics,co0122,196020.012,yes,yes,yes,no,"the archive prints stage counts and the winner only; no bidder list, quoted price, evaluated amount, ranking or per-bidder rejection reason appears in any supplied document",
260513,Contract_Awards_PDFs/Tender_260513.pdf,supplier,yes,1,1,1,1,0,0,0,Silver Sun Electronics,co0122,379310.202,yes,yes,yes,no,"the archive prints stage counts and the winner only; no bidder list, quoted price, evaluated amount, ranking or per-bidder rejection reason appears in any supplied document",
262818,Contract_Awards_PDFs/Tender_262818.pdf,supplier,yes,2,2,2,1,0,0,1,M.A. COMPUTER,co0020,1154500.048,no,no,yes,no,"the archive prints stage counts and the winner only; no bidder list, quoted price, evaluated amount, ranking or per-bidder rejection reason appears in any supplied document",
270190,Contract_Awards_PDFs/Tender_270190.pdf,supplier,yes,2,1,1,1,1,0,0,S.S Rahman International,co0147,168263375.98,yes,yes,yes,no,"the archive prints stage counts and the winner only; no bidder list, quoted price, evaluated amount, ranking or per-bidder rejection reason appears in any supplied document",
270651,Contract_Awards_PDFs/Tender_270651.pdf,supplier,yes,1,1,1,1,0,0,0,Khan and Sons (Bangladesh) Limited,co0148,86870906.138,yes,yes,yes,no,"the archive prints stage counts and the winner only; no bidder list, quoted price, evaluated amount, ranking or per-bidder rejection reason appears in any supplied document",
276338,Contract_Awards_PDFs/Tender_276338.pdf,supplier,yes,3,2,2,1,1,0,1,Bangla Trac Limited,co0081,26450000.001,no,no,yes,no,"the archive prints stage counts and the winner only; no bidder list, quoted price, evaluated amount, ranking or per-bidder rejection reason appears in any supplied document",
276518,Contract_Awards_PDFs/Tender_276518.pdf,supplier,yes,7,6,5,1,1,1,4,Mitu Printing Press & Packaging,co0149,1588977.57,no,no,no,no,"the archive prints stage counts and the winner only; no bidder list, quoted price, evaluated amount, ranking or per-bidder rejection reason appears in any supplied document",
276885,Contract_Awards_PDFs/Tender_276885.pdf,supplier,yes,8,6,6,1,2,0,5,STRATEGIC BD LEAD CORPORATION,co0150,974300.152,no,no,yes,no,"the archive prints stage counts and the winner only; no bidder list, quoted price, evaluated amount, ranking or per-bidder rejection reason appears in any supplied document",
277364,Contract_Awards_PDFs/Tender_277364.pdf,supplier,yes,2,1,1,1,1,0,0,M/S. Khandaker Shahin Ahmed,co0151,6791000,yes,yes,yes,no,"the archive prints stage counts and the winner only; no bidder list, quoted price, evaluated amount, ranking or per-bidder rejection reason appears in any supplied document",
277365,Contract_Awards_PDFs/Tender_277365.pdf,supplier,yes,2,2,2,1,0,0,1,Mohammed Eunus & Brothers (Pvt.) Ltd.,co0152,188206438.138,no,no,yes,no,"the archive prints stage counts and the winner only; no bidder list, quoted price, evaluated amount, ranking or per-bidder rejection reason appears in any supplied document",
277368,Contract_Awards_PDFs/Tender_277368.pdf,supplier,yes,3,2,2,1,1,0,1,M/S. Monir Traders,co0153,43031474.045,no,no,yes,no,"the archive prints stage counts and the winner only; no bidder list, quoted price, evaluated amount, ranking or per-bidder rejection reason appears in any supplied document",
277369,Contract_Awards_PDFs/Tender_277369.pdf,supplier,yes,3,3,2,1,0,1,1,M/S. MRM International,co0154,44046499.949,no,no,no,no,"the archive prints stage counts and the winner only; no bidder list, quoted price, evaluated amount, ranking or per-bidder rejection reason appears in any supplied document",
282186,Contract_Awards_PDFs/Tender_282186.pdf,supplier,yes,1,1,1,1,0,0,0,S.S Rahman International,co0147,169206055.68,yes,yes,yes,no,"the archive prints stage counts and the winner only; no bidder list, quoted price, evaluated amount, ranking or per-bidder rejection reason appears in any supplied document",
284197,Contract_Awards_PDFs/Tender_284197.pdf,supplier,yes,3,1,1,1,2,0,0,Thakral Information Systems Private Limited,co0155,4296920.002,yes,yes,yes,no,"the archive prints stage counts and the winner only; no bidder list, quoted price, evaluated amount, ranking or per-bidder rejection reason appears in any supplied document",
291722,Contract_Awards_PDFs/Tender_291722.pdf,supplier,yes,10,9,9,1,1,0,8,PS Engineering,co0156,3630000.002,no,no,yes,no,"the archive prints stage counts and the winner only; no bidder list, quoted price, evaluated amount, ranking or per-bidder rejection reason appears in any supplied document",
292111,Contract_Awards_PDFs/Tender_292111.pdf,supplier,yes,12,8,7,1,4,1,6,"NIAZ-NOONA JV. ( JVCA Partners [Business Share]: Noona Traders [51.000%] , M/S. Niaz Traders [49.000%] )",co0157,217816341.219,no,no,no,no,"the archive prints stage counts and the winner only; no bidder list, quoted price, evaluated amount, ranking or per-bidder rejection reason appears in any supplied document",
293004,Contract_Awards_PDFs/Tender_293004.pdf,supplier,yes,13,10,7,1,3,3,6,"Rafiq Construction Co. (Pvt.) Ltd and M/S Shafique & Sons Consortium ( JVCA Partners [Business Share]: M/s Shafique and Sons [49.000%] , Rafiq Construction Co. (Pvt.) Ltd. [51.000%] )",co0158,54614579.067,no,no,no,no,"the archive prints stage counts and the winner only; no bidder list, quoted price, evaluated amount, ranking or per-bidder rejection reason appears in any supplied document",
293018,Contract_Awards_PDFs/Tender_293018.pdf,supplier,yes,9,7,7,1,2,0,6,M/S. Niaz Traders,co0001,25278908.373,no,no,yes,no,"the archive prints stage counts and the winner only; no bidder list, quoted price, evaluated amount, ranking or per-bidder rejection reason appears in any supplied document",
294388,Contract_Awards_PDFs/Tender_294388.pdf,supplier,yes,4,4,1,1,0,3,0,T.S Enterprise,co0014,430185.6,no,yes,no,no,"the archive prints stage counts and the winner only; no bidder list, quoted price, evaluated amount, ranking or per-bidder rejection reason appears in any supplied document",
294444,Contract_Awards_PDFs/Tender_294444.pdf,supplier,yes,5,4,2,1,1,2,1,M/S Howlader Trading International,co0159,499900.002,no,no,no,no,"the archive prints stage counts and the winner only; no bidder list, quoted price, evaluated amount, ranking or per-bidder rejection reason appears in any supplied document",
302667,Contract_Awards_PDFs/Tender_302667.pdf,supplier,yes,2,2,2,1,0,0,1,ENTECH INSTRUMENTS LTD,co0160,786000.001,no,no,yes,no,"the archive prints stage counts and the winner only; no bidder list, quoted price, evaluated amount, ranking or per-bidder rejection reason appears in any supplied document",
303865,Contract_Awards_PDFs/Tender_303865.pdf,supplier,yes,2,2,2,1,0,0,1,M/S. Mohshin & Brothers,co0022,4703277.861,no,no,yes,no,"the archive prints stage counts and the winner only; no bidder list, quoted price, evaluated amount, ranking or per-bidder rejection reason appears in any supplied document",
309557,Contract_Awards_PDFs/Tender_309557.pdf,supplier,yes,1,1,1,1,0,0,0,M/S. Gulzar Trading,co0142,2990847.654,yes,yes,yes,no,"the archive prints stage counts and the winner only; no bidder list, quoted price, evaluated amount, ranking or per-bidder rejection reason appears in any supplied document",
311188,Contract_Awards_PDFs/Tender_311188.pdf,supplier,yes,7,6,3,1,1,3,2,MAHABUB BROTHERS(PVT)LIMITED,co0161,162409362.264,no,no,no,no,"the archive prints stage counts and the winner only; no bidder list, quoted price, evaluated amount, ranking or per-bidder rejection reason appears in any supplied document",
312476,Contract_Awards_PDFs/Tender_312476.pdf,supplier,yes,12,8,5,1,4,3,4,"MRC-Techbay-JV ( JVCA Partners [Business Share]: M/s. M.R. Construction [49.000%] , Techbay International [51.000%] )",co0162,71327762.334,no,no,no,no,"the archive prints stage counts and the winner only; no bidder list, quoted price, evaluated amount, ranking or per-bidder rejection reason appears in any supplied document",
312479,Contract_Awards_PDFs/Tender_312479.pdf,supplier,yes,8,4,3,1,4,1,2,MAHABUB BROTHERS(PVT)LIMITED,co0161,69684008.14,no,no,no,no,"the archive prints stage counts and the winner only; no bidder list, quoted price, evaluated amount, ranking or per-bidder rejection reason appears in any supplied document",
316510,Contract_Awards_PDFs/Tender_316510.pdf,supplier,yes,2,2,1,1,0,1,0,M/S TANIN ENTERPRISE,co0041,570000,no,yes,no,no,"the archive prints stage counts and the winner only; no bidder list, quoted price, evaluated amount, ranking or per-bidder rejection reason appears in any supplied document",
317182,Contract_Awards_PDFs/Tender_317182.pdf,supplier,yes,4,4,3,1,0,1,2,Shell Corporation,co0163,12900000.001,no,no,no,no,"the archive prints stage counts and the winner only; no bidder list, quoted price, evaluated amount, ranking or per-bidder rejection reason appears in any supplied document",
317767,Contract_Awards_PDFs/Tender_317767.pdf,supplier,yes,2,2,2,1,0,0,1,Rangs Limited,co0055,4900000.002,no,no,yes,no,"the archive prints stage counts and the winner only; no bidder list, quoted price, evaluated amount, ranking or per-bidder rejection reason appears in any supplied document",
322093,Contract_Awards_PDFs/Tender_322093.pdf,supplier,yes,4,3,1,1,1,2,0,ADVANCE TECHNOLOGY CONSORTIUM LIMITED,co0164,1720000.004,no,yes,no,no,"the archive prints stage counts and the winner only; no bidder list, quoted price, evaluated amount, ranking or per-bidder rejection reason appears in any supplied document",
322658,Contract_Awards_PDFs/Tender_322658.pdf,supplier,yes,6,4,3,1,2,1,2,UCCL The United Construction Company Limited,co0165,159872645.259,no,no,no,no,"the archive prints stage counts and the winner only; no bidder list, quoted price, evaluated amount, ranking or per-bidder rejection reason appears in any supplied document",
329551,Contract_Awards_PDFs/Tender_329551.pdf,supplier,yes,4,3,1,1,1,2,0,M/s. Halim Enterprise.,co0110,1105000.011,no,yes,no,no,"the archive prints stage counts and the winner only; no bidder list, quoted price, evaluated amount, ranking or per-bidder rejection reason appears in any supplied document",
329552,Contract_Awards_PDFs/Tender_329552.pdf,supplier,yes,5,3,2,1,2,1,1,M/S Techno Trade International,co0146,1250199,no,no,no,no,"the archive prints stage counts and the winner only; no bidder list, quoted price, evaluated amount, ranking or per-bidder rejection reason appears in any supplied document",
329553,Contract_Awards_PDFs/Tender_329553.pdf,supplier,yes,3,2,1,1,1,1,0,M/S Techno Trade International,co0146,1250199,no,yes,no,no,"the archive prints stage counts and the winner only; no bidder list, quoted price, evaluated amount, ranking or per-bidder rejection reason appears in any supplied document",
329556,Contract_Awards_PDFs/Tender_329556.pdf,supplier,yes,4,3,2,1,1,1,1,M/S Techno Trade International,co0146,1152495,no,no,no,no,"the archive prints stage counts and the winner only; no bidder list, quoted price, evaluated amount, ranking or per-bidder rejection reason appears in any supplied document",
339042,Contract_Awards_PDFs/Tender_339042.pdf,supplier,yes,7,6,5,1,1,1,4,M/S Razin International,co0127,9630921.42,no,no,no,no,"the archive prints stage counts and the winner only; no bidder list, quoted price, evaluated amount, ranking or per-bidder rejection reason appears in any supplied document",
342502,Contract_Awards_PDFs/Tender_342502.pdf,supplier,yes,9,8,4,1,1,4,3,"S. Ananta - Abdus Salam (JV) ( JVCA Partners [Business Share]: M/S. Abdus Salam [49.000%] , S. Ananta Bikash Tripura [51.000%] )",co0166,70658480.502,no,no,no,no,"the archive prints stage counts and the winner only; no bidder list, quoted price, evaluated amount, ranking or per-bidder rejection reason appears in any supplied document",
360423,Contract_Awards_PDFs/Tender_360423.pdf,supplier,yes,5,4,1,1,1,3,0,M/S. Gulzar Trading,co0142,3555766.8,no,yes,no,no,"the archive prints stage counts and the winner only; no bidder list, quoted price, evaluated amount, ranking or per-bidder rejection reason appears in any supplied document",
366041,Contract_Awards_PDFs/Tender_366041.pdf,supplier,yes,7,4,2,1,3,2,1,Toma Construction & Co. Limited,co0114,165756363.993,no,no,no,no,"the archive prints stage counts and the winner only; no bidder list, quoted price, evaluated amount, ranking or per-bidder rejection reason appears in any supplied document",
366087,Contract_Awards_PDFs/Tender_366087.pdf,supplier,yes,7,7,3,1,0,4,2,M. M. Builders & Engineers Ltd.,co0167,125264837.7,no,no,no,no,"the archive prints stage counts and the winner only; no bidder list, quoted price, evaluated amount, ranking or per-bidder rejection reason appears in any supplied document",
376450,Contract_Awards_PDFs/Tender_376450.pdf,supplier,yes,2,2,1,1,0,1,0,M/S TANIN ENTERPRISE,co0041,865065.768,no,yes,no,no,"the archive prints stage counts and the winner only; no bidder list, quoted price, evaluated amount, ranking or per-bidder rejection reason appears in any supplied document",
383988,Contract_Awards_PDFs/Tender_383988.pdf,supplier,yes,2,1,1,1,1,0,0,The Engineers & Architects Limited,co0062,292545247.34,yes,yes,yes,no,"the archive prints stage counts and the winner only; no bidder list, quoted price, evaluated amount, ranking or per-bidder rejection reason appears in any supplied document",
387658,Contract_Awards_PDFs/Tender_387658.pdf,supplier,yes,3,3,1,1,0,2,0,M/S. Nice Enterprise,co0168,1018755.63,no,yes,no,no,"the archive prints stage counts and the winner only; no bidder list, quoted price, evaluated amount, ranking or per-bidder rejection reason appears in any supplied document",
398199,Contract_Awards_PDFs/Tender_398199.pdf,supplier,yes,15,10,4,1,5,6,3,M/s Anas Trading International,co0169,4787600.824,no,no,no,no,"the archive prints stage counts and the winner only; no bidder list, quoted price, evaluated amount, ranking or per-bidder rejection reason appears in any supplied document",
409461,Contract_Awards_PDFs/Tender_409461.pdf,supplier,yes,15,10,3,1,5,7,2,Dulal Enterprise (Pvt) Ltd.,co0111,4399000.035,no,no,no,no,"the archive prints stage counts and the winner only; no bidder list, quoted price, evaluated amount, ranking or per-bidder rejection reason appears in any supplied document",
410561,Contract_Awards_PDFs/Tender_410561.pdf,supplier,yes,2,2,1,1,0,1,0,M/S. Khaja G.N Enterpriser,co0170,1876490.289,no,yes,no,no,"the archive prints stage counts and the winner only; no bidder list, quoted price, evaluated amount, ranking or per-bidder rejection reason appears in any supplied document",
417304,Contract_Awards_PDFs/Tender_417304.pdf,supplier,yes,5,2,2,1,3,0,1,Ecom Trade International,co0171,9280000.001,no,no,yes,no,"the archive prints stage counts and the winner only; no bidder list, quoted price, evaluated amount, ranking or per-bidder rejection reason appears in any supplied document",
418364,Contract_Awards_PDFs/Tender_418364.pdf,supplier,yes,7,3,3,1,4,0,2,Bangla Trac Limited,co0081,18900000.001,no,no,yes,no,"the archive prints stage counts and the winner only; no bidder list, quoted price, evaluated amount, ranking or per-bidder rejection reason appears in any supplied document",
423315,Contract_Awards_PDFs/Tender_423315.pdf,supplier,yes,1,1,1,1,0,0,0,Innovative Online Ltd.,co0172,3910680.006,yes,yes,yes,no,"the archive prints stage counts and the winner only; no bidder list, quoted price, evaluated amount, ranking or per-bidder rejection reason appears in any supplied document",
424168,Contract_Awards_PDFs/Tender_424168.pdf,supplier,yes,2,2,1,1,0,1,0,Frontline Communications Ltd,co0173,1366203.4,no,yes,no,no,"the archive prints stage counts and the winner only; no bidder list, quoted price, evaluated amount, ranking or per-bidder rejection reason appears in any supplied document",
427246,Contract_Awards_PDFs/Tender_427246.pdf,supplier,yes,2,2,1,1,0,1,0,M/S. Gulzar Trading,co0142,844233.606,no,yes,no,no,"the archive prints stage counts and the winner only; no bidder list, quoted price, evaluated amount, ranking or per-bidder rejection reason appears in any supplied document",
427350,Contract_Awards_PDFs/Tender_427350.pdf,supplier,yes,6,3,2,1,3,1,1,Optimal Technology (Pvt. ) Ltd.,co0077,6486507.049,no,no,no,no,"the archive prints stage counts and the winner only; no bidder list, quoted price, evaluated amount, ranking or per-bidder rejection reason appears in any supplied document",
427858,Contract_Awards_PDFs/Tender_427858.pdf,supplier,yes,9,6,2,1,3,4,1,M/S. Alam & Co.,co0004,2665436.4,no,no,no,no,"the archive prints stage counts and the winner only; no bidder list, quoted price, evaluated amount, ranking or per-bidder rejection reason appears in any supplied document",
427863,Contract_Awards_PDFs/Tender_427863.pdf,supplier,yes,7,5,5,1,2,0,4,"MOZAHAR ENTERPRISE (PVT.) LTD. & M/S REZA ENTERPRISE-JV ( JVCA Partners [Business Share]: M/S REZA ENTERPRISE [90.000%] , MOZAHAR ENTERPRISE (PVT.) LTD. [10.000%] )",co0174,38993439.006,no,no,yes,no,"the archive prints stage counts and the winner only; no bidder list, quoted price, evaluated amount, ranking or per-bidder rejection reason appears in any supplied document",
42800,Contract_Awards_PDFs/Tender_42800.pdf,supplier,yes,2,2,2,1,0,0,1,M/S. Al-Arif Enterprise,co0175,3923174.101,no,no,yes,no,"the archive prints stage counts and the winner only; no bidder list, quoted price, evaluated amount, ranking or per-bidder rejection reason appears in any supplied document",
431689,Contract_Awards_PDFs/Tender_431689.pdf,supplier,yes,7,5,1,1,2,4,0,Momotaj Engineers Ltd.,co0003,25495255.777,no,yes,no,no,"the archive prints stage counts and the winner only; no bidder list, quoted price, evaluated amount, ranking or per-bidder rejection reason appears in any supplied document",
431690,Contract_Awards_PDFs/Tender_431690.pdf,supplier,yes,8,7,4,1,1,3,3,M/S. Sapna Construction,co0176,23185264.032,no,no,no,no,"the archive prints stage counts and the winner only; no bidder list, quoted price, evaluated amount, ranking or per-bidder rejection reason appears in any supplied document",
431692,Contract_Awards_PDFs/Tender_431692.pdf,supplier,yes,7,6,5,1,1,1,4,M/S Udayan Builders,co0023,25765686.207,no,no,no,no,"the archive prints stage counts and the winner only; no bidder list, quoted price, evaluated amount, ranking or per-bidder rejection reason appears in any supplied document",
431697,Contract_Awards_PDFs/Tender_431697.pdf,supplier,yes,6,6,3,1,0,3,2,Momotaj Engineers Ltd.,co0003,26794543.185,no,no,no,no,"the archive prints stage counts and the winner only; no bidder list, quoted price, evaluated amount, ranking or per-bidder rejection reason appears in any supplied document",
431699,Contract_Awards_PDFs/Tender_431699.pdf,supplier,yes,7,6,4,1,1,2,3,M/S Udayan Builders,co0023,26903358.882,no,no,no,no,"the archive prints stage counts and the winner only; no bidder list, quoted price, evaluated amount, ranking or per-bidder rejection reason appears in any supplied document",
431701,Contract_Awards_PDFs/Tender_431701.pdf,supplier,yes,7,7,4,1,0,3,3,Starlite Services Limited,co0019,24082660.683,no,no,no,no,"the archive prints stage counts and the winner only; no bidder list, quoted price, evaluated amount, ranking or per-bidder rejection reason appears in any supplied document",
431702,Contract_Awards_PDFs/Tender_431702.pdf,supplier,yes,6,5,3,1,1,2,2,M/S REZA ENTERPRISE,co0177,23615131.509,no,no,no,no,"the archive prints stage counts and the winner only; no bidder list, quoted price, evaluated amount, ranking or per-bidder rejection reason appears in any supplied document",
431704,Contract_Awards_PDFs/Tender_431704.pdf,supplier,yes,5,4,3,1,1,1,2,M/s Shafique and Sons,co0025,25662161.151,no,no,no,no,"the archive prints stage counts and the winner only; no bidder list, quoted price, evaluated amount, ranking or per-bidder rejection reason appears in any supplied document",
431706,Contract_Awards_PDFs/Tender_431706.pdf,supplier,yes,6,6,5,1,0,1,4,HAIDER & CO.,co0013,25202342.493,no,no,no,no,"the archive prints stage counts and the winner only; no bidder list, quoted price, evaluated amount, ranking or per-bidder rejection reason appears in any supplied document",
431707,Contract_Awards_PDFs/Tender_431707.pdf,supplier,yes,6,4,3,1,2,1,2,Momotaj Engineers Ltd.,co0003,20671022.142,no,no,no,no,"the archive prints stage counts and the winner only; no bidder list, quoted price, evaluated amount, ranking or per-bidder rejection reason appears in any supplied document",
431708,Contract_Awards_PDFs/Tender_431708.pdf,supplier,yes,7,4,2,1,3,2,1,Momotaj Engineers Ltd.,co0003,20926797.75,no,no,no,no,"the archive prints stage counts and the winner only; no bidder list, quoted price, evaluated amount, ranking or per-bidder rejection reason appears in any supplied document",
436738,Contract_Awards_PDFs/Tender_436738.pdf,supplier,yes,2,2,1,1,0,1,0,ELECTROMECH AUTOMATION SERVICES LTD,co0178,2656104.938,no,yes,no,no,"the archive prints stage counts and the winner only; no bidder list, quoted price, evaluated amount, ranking or per-bidder rejection reason appears in any supplied document",
446283,Contract_Awards_PDFs/Tender_446283.pdf,supplier,yes,1,1,1,1,0,0,0,M/S. Shishir Construction,co0179,5407490.335,yes,yes,yes,no,"the archive prints stage counts and the winner only; no bidder list, quoted price, evaluated amount, ranking or per-bidder rejection reason appears in any supplied document",
446869,Contract_Awards_PDFs/Tender_446869.pdf,supplier,yes,5,3,2,1,2,1,1,"HSL-RE JV. ( JVCA Partners [Business Share]: Hasan & Sons Ltd. [10.000%] , M/S REZA ENTERPRISE [90.000%] )",co0180,68731670.637,no,no,no,no,"the archive prints stage counts and the winner only; no bidder list, quoted price, evaluated amount, ranking or per-bidder rejection reason appears in any supplied document",
447380,Contract_Awards_PDFs/Tender_447380.pdf,supplier,yes,3,2,2,1,1,0,1,"HSL-RE JV. ( JVCA Partners [Business Share]: Hasan & Sons Ltd. [10.000%] , M/S REZA ENTERPRISE [90.000%] )",co0180,353523936.294,no,no,yes,no,"the archive prints stage counts and the winner only; no bidder list, quoted price, evaluated amount, ranking or per-bidder rejection reason appears in any supplied document",
448324,Contract_Awards_PDFs/Tender_448324.pdf,supplier,yes,3,2,2,1,1,0,1,NATIONAL DEVELOPMENT ENGINEERS LTD.,co0054,929999504.713,no,no,yes,no,"the archive prints stage counts and the winner only; no bidder list, quoted price, evaluated amount, ranking or per-bidder rejection reason appears in any supplied document",
448675,Contract_Awards_PDFs/Tender_448675.pdf,supplier,yes,3,3,3,1,0,0,2,MHR ENGINEERING,co0181,1355352.031,no,no,yes,no,"the archive prints stage counts and the winner only; no bidder list, quoted price, evaluated amount, ranking or per-bidder rejection reason appears in any supplied document",
459665,Contract_Awards_PDFs/Tender_459665.pdf,supplier,yes,3,3,1,1,0,2,0,MAAN BANGLADESH LTD.,co0089,3102817.5,no,yes,no,no,"the archive prints stage counts and the winner only; no bidder list, quoted price, evaluated amount, ranking or per-bidder rejection reason appears in any supplied document",
461085,Contract_Awards_PDFs/Tender_461085.pdf,supplier,yes,7,6,1,1,1,5,0,Bangla Trac Limited,co0081,18450000.001,no,yes,no,no,"the archive prints stage counts and the winner only; no bidder list, quoted price, evaluated amount, ranking or per-bidder rejection reason appears in any supplied document",
461209,Contract_Awards_PDFs/Tender_461209.pdf,supplier,yes,7,6,1,1,1,5,0,Bangla Trac Limited,co0081,17250000.001,no,yes,no,no,"the archive prints stage counts and the winner only; no bidder list, quoted price, evaluated amount, ranking or per-bidder rejection reason appears in any supplied document",
471795,Contract_Awards_PDFs/Tender_471795.pdf,supplier,yes,1,1,1,1,0,0,0,M/S. T.J Construction,co0182,2661750,yes,yes,yes,no,"the archive prints stage counts and the winner only; no bidder list, quoted price, evaluated amount, ranking or per-bidder rejection reason appears in any supplied document",
475789,Contract_Awards_PDFs/Tender_475789.pdf,supplier,yes,5,4,1,1,1,3,0,RANCON MOTOR BIKES LIMITED,co0183,2400000.03,no,yes,no,no,"the archive prints stage counts and the winner only; no bidder list, quoted price, evaluated amount, ranking or per-bidder rejection reason appears in any supplied document",
476403,Contract_Awards_PDFs/Tender_476403.pdf,supplier,yes,13,9,6,1,4,3,5,"Rafiq Construction Co. (Pvt.) Ltd. - Haider & Co-Momotaj Engineers Ltd (JV) ( JVCA Partners [Business Share]: HAIDER & CO. [25.000%] , Momotaj Engineers Ltd. [25.000%] , Rafiq Construction Co. (Pvt.) Ltd. [50.000%] )",co0184,64618703.1,no,no,no,no,"the archive prints stage counts and the winner only; no bidder list, quoted price, evaluated amount, ranking or per-bidder rejection reason appears in any supplied document",
476405,Contract_Awards_PDFs/Tender_476405.pdf,supplier,yes,12,9,4,1,3,5,3,"M/s. Udyan Builders-Starlite Services Ltd-Convoy Service JV ( JVCA Partners [Business Share]: M/S Udayan Builders [40.000%] , CONVOY SERVICE [25.000%] , Starlite Services Limited [35.000%] )",co0185,113395366.62,no,no,no,no,"the archive prints stage counts and the winner only; no bidder list, quoted price, evaluated amount, ranking or per-bidder rejection reason appears in any supplied document",
476406,Contract_Awards_PDFs/Tender_476406.pdf,supplier,yes,12,10,3,1,2,7,2,"MEPL-RE JV. ( JVCA Partners [Business Share]: M/S REZA ENTERPRISE [90.000%] , MOZAHAR ENTERPRISE (PVT.) LTD. [10.000%] )",co0186,80227876.122,no,no,no,no,"the archive prints stage counts and the winner only; no bidder list, quoted price, evaluated amount, ranking or per-bidder rejection reason appears in any supplied document",
476407,Contract_Awards_PDFs/Tender_476407.pdf,supplier,yes,17,11,4,1,6,7,3,"SA-TANNI-DAWN-JV ( JVCA Partners [Business Share]: M/S. Dawn Corporation [42.000%] , M/S. S. A. Enterprise [32.000%] , M/S. TANNI ENTERPRISE [26.000%] )",co0187,42435114.903,no,no,no,no,"the archive prints stage counts and the winner only; no bidder list, quoted price, evaluated amount, ranking or per-bidder rejection reason appears in any supplied document",
479604,Contract_Awards_PDFs/Tender_479604.pdf,supplier,yes,10,5,5,1,5,0,4,"Udayan-Starlite-Convoy JV ( JVCA Partners [Business Share]: M/S Udayan Builders [35.000%] , CONVOY SERVICE [25.000%] , Starlite Services Limited [40.000%] )",co0188,122709753.774,no,no,yes,no,"the archive prints stage counts and the winner only; no bidder list, quoted price, evaluated amount, ranking or per-bidder rejection reason appears in any supplied document",
494177,Contract_Awards_PDFs/Tender_494177.pdf,supplier,yes,4,2,1,1,2,1,0,M/S. FORMILA AKTER,co0189,7412897.946,no,yes,no,no,"the archive prints stage counts and the winner only; no bidder list, quoted price, evaluated amount, ranking or per-bidder rejection reason appears in any supplied document",
501707,Contract_Awards_PDFs/Tender_501707.pdf,supplier,yes,1,1,1,1,0,0,0,M/S. Gulzar Trading,co0142,2617523.059,yes,yes,yes,no,"the archive prints stage counts and the winner only; no bidder list, quoted price, evaluated amount, ranking or per-bidder rejection reason appears in any supplied document",
501956,Contract_Awards_PDFs/Tender_501956.pdf,supplier,yes,7,6,4,1,1,2,3,M/s. Faisal Enterprise,co0190,14550362.496,no,no,no,no,"the archive prints stage counts and the winner only; no bidder list, quoted price, evaluated amount, ranking or per-bidder rejection reason appears in any supplied document",
504349,Contract_Awards_PDFs/Tender_504349.pdf,supplier,yes,3,3,3,1,0,0,2,Md M G Azgar Hossain,co0191,2253274.281,no,no,yes,no,"the archive prints stage counts and the winner only; no bidder list, quoted price, evaluated amount, ranking or per-bidder rejection reason appears in any supplied document",
504351,Contract_Awards_PDFs/Tender_504351.pdf,supplier,yes,3,3,2,1,0,1,1,M/S KOBITA CONSTRUCTION,co0192,1902004.5,no,no,no,no,"the archive prints stage counts and the winner only; no bidder list, quoted price, evaluated amount, ranking or per-bidder rejection reason appears in any supplied document",
505037,Contract_Awards_PDFs/Tender_505037.pdf,supplier,yes,9,8,3,1,1,5,2,"Mazid Sons - Sunny Construction JV ( JVCA Partners [Business Share]: Mazid Sons Construction Ltd. [51.000%] , M/S Sunny Construction [49.000%] )",co0193,28756845.9,no,no,no,no,"the archive prints stage counts and the winner only; no bidder list, quoted price, evaluated amount, ranking or per-bidder rejection reason appears in any supplied document",
507537,Contract_Awards_PDFs/Tender_507537.pdf,supplier,yes,4,2,2,1,2,0,1,M/S. Alam & Co.,co0004,2245665.168,no,no,yes,no,"the archive prints stage counts and the winner only; no bidder list, quoted price, evaluated amount, ranking or per-bidder rejection reason appears in any supplied document",
509251,Contract_Awards_PDFs/Tender_509251.pdf,supplier,yes,7,7,3,1,0,4,2,Taher Brothers Ltd.,co0194,834238358.785,no,no,no,no,"the archive prints stage counts and the winner only; no bidder list, quoted price, evaluated amount, ranking or per-bidder rejection reason appears in any supplied document",
510186,Contract_Awards_PDFs/Tender_510186.pdf,supplier,yes,4,4,2,1,0,2,1,INQILAB ENTERPRISE,co0195,1437851.259,no,no,no,no,"the archive prints stage counts and the winner only; no bidder list, quoted price, evaluated amount, ranking or per-bidder rejection reason appears in any supplied document",
514221,Contract_Awards_PDFs/Tender_514221.pdf,supplier,yes,2,1,1,1,1,0,0,Endeavour Technologies Ltd,co0196,1045150.24,yes,yes,yes,no,"the archive prints stage counts and the winner only; no bidder list, quoted price, evaluated amount, ranking or per-bidder rejection reason appears in any supplied document",
514341,Contract_Awards_PDFs/Tender_514341.pdf,supplier,yes,9,8,3,1,1,5,2,M/S. A. R. Enterprise,co0016,5534014.518,no,no,no,no,"the archive prints stage counts and the winner only; no bidder list, quoted price, evaluated amount, ranking or per-bidder rejection reason appears in any supplied document",
514343,Contract_Awards_PDFs/Tender_514343.pdf,supplier,yes,12,9,2,1,3,7,1,M/S. AMIN TRADING CORPORATION,co0197,4165651.89,no,no,no,no,"the archive prints stage counts and the winner only; no bidder list, quoted price, evaluated amount, ranking or per-bidder rejection reason appears in any supplied document",
515366,Contract_Awards_PDFs/Tender_515366.pdf,supplier,yes,1,1,1,1,0,0,0,M/S. Shah Amanat Traders,co0198,2803601.934,yes,yes,yes,no,"the archive prints stage counts and the winner only; no bidder list, quoted price, evaluated amount, ranking or per-bidder rejection reason appears in any supplied document",
517916,Contract_Awards_PDFs/Tender_517916.pdf,supplier,yes,4,2,1,1,2,1,0,M/S Sunny Construction,co0053,4270323.6,no,yes,no,no,"the archive prints stage counts and the winner only; no bidder list, quoted price, evaluated amount, ranking or per-bidder rejection reason appears in any supplied document",
519402,Contract_Awards_PDFs/Tender_519402.pdf,supplier,yes,1,1,1,1,0,0,0,Mahmud Construction,co0199,1975027.986,yes,yes,yes,no,"the archive prints stage counts and the winner only; no bidder list, quoted price, evaluated amount, ranking or per-bidder rejection reason appears in any supplied document",
523954,Contract_Awards_PDFs/Tender_523954.pdf,supplier,yes,2,2,1,1,0,1,0,M/S. Gulzar Trading,co0142,834739.3,no,yes,no,no,"the archive prints stage counts and the winner only; no bidder list, quoted price, evaluated amount, ranking or per-bidder rejection reason appears in any supplied document",
528460,Contract_Awards_PDFs/Tender_528460.pdf,supplier,yes,3,2,1,1,1,1,0,Frontline Communications Ltd,co0173,1264004.7,no,yes,no,no,"the archive prints stage counts and the winner only; no bidder list, quoted price, evaluated amount, ranking or per-bidder rejection reason appears in any supplied document",
528756,Contract_Awards_PDFs/Tender_528756.pdf,supplier,yes,25,18,9,1,7,9,8,"SS-RI JV ( JVCA Partners [Business Share]: M/S. Raju International [51.000%] , M/S. Sharif & Sons [49.000%] )",co0200,52620082.2,no,no,no,no,"the archive prints stage counts and the winner only; no bidder list, quoted price, evaluated amount, ranking or per-bidder rejection reason appears in any supplied document",
528758,Contract_Awards_PDFs/Tender_528758.pdf,supplier,yes,22,16,8,1,6,8,7,"SC & ARE JV ( JVCA Partners [Business Share]: M/S. A. R. Enterprise [49.000%] , M/S. Sapna Construction [51.000%] )",co0201,54897254.622,no,no,no,no,"the archive prints stage counts and the winner only; no bidder list, quoted price, evaluated amount, ranking or per-bidder rejection reason appears in any supplied document",
535709,Contract_Awards_PDFs/Tender_535709.pdf,supplier,yes,19,17,8,1,2,9,7,"Udayan-Convoy JV ( JVCA Partners [Business Share]: M/S Udayan Builders [70.000%] , CONVOY SERVICE [30.000%] )",co0202,112616351.154,no,no,no,no,"the archive prints stage counts and the winner only; no bidder list, quoted price, evaluated amount, ranking or per-bidder rejection reason appears in any supplied document",
535710,Contract_Awards_PDFs/Tender_535710.pdf,supplier,yes,18,16,10,1,2,6,9,UCCL The United Construction Company Limited,co0165,65409834.609,no,no,no,no,"the archive prints stage counts and the winner only; no bidder list, quoted price, evaluated amount, ranking or per-bidder rejection reason appears in any supplied document",
535712,Contract_Awards_PDFs/Tender_535712.pdf,supplier,yes,20,17,10,1,3,7,9,"Rana Builders (Pvt.) Ltd. - M/s Shafique and Sons (JV) ( JVCA Partners [Business Share]: Rana Builders (Pvt.) Ltd. [51.000%] , M/s Shafique and Sons [49.000%] )",co0203,68842749.996,no,no,no,no,"the archive prints stage counts and the winner only; no bidder list, quoted price, evaluated amount, ranking or per-bidder rejection reason appears in any supplied document",
535719,Contract_Awards_PDFs/Tender_535719.pdf,supplier,yes,20,16,14,1,4,2,13,M/S. Niaz Traders,co0001,148210528.212,no,no,no,no,"the archive prints stage counts and the winner only; no bidder list, quoted price, evaluated amount, ranking or per-bidder rejection reason appears in any supplied document",
536842,Contract_Awards_PDFs/Tender_536842.pdf,supplier,yes,2,2,1,1,0,1,0,T.S Enterprise,co0014,517536.192,no,yes,no,no,"the archive prints stage counts and the winner only; no bidder list, quoted price, evaluated amount, ranking or per-bidder rejection reason appears in any supplied document",
536846,Contract_Awards_PDFs/Tender_536846.pdf,supplier,yes,3,2,1,1,1,1,0,M/S Sunny Construction,co0053,1634709.6,no,yes,no,no,"the archive prints stage counts and the winner only; no bidder list, quoted price, evaluated amount, ranking or per-bidder rejection reason appears in any supplied document",
538256,Contract_Awards_PDFs/Tender_538256.pdf,supplier,yes,4,4,1,1,0,3,0,Spectra Engineers Ltd.,co0204,960108457.968,no,yes,no,no,"the archive prints stage counts and the winner only; no bidder list, quoted price, evaluated amount, ranking or per-bidder rejection reason appears in any supplied document",
539744,Contract_Awards_PDFs/Tender_539744.pdf,supplier,yes,2,2,1,1,0,1,0,M/s.Suraim Enterprise,co0205,2261891.109,no,yes,no,no,"the archive prints stage counts and the winner only; no bidder list, quoted price, evaluated amount, ranking or per-bidder rejection reason appears in any supplied document",
548292,Contract_Awards_PDFs/Tender_548292.pdf,supplier,yes,3,3,1,1,0,2,0,Legacy Furniture (Pvt.) Ltd.,co0206,13553745.034,no,yes,no,no,"the archive prints stage counts and the winner only; no bidder list, quoted price, evaluated amount, ranking or per-bidder rejection reason appears in any supplied document",
548589,Contract_Awards_PDFs/Tender_548589.pdf,supplier,yes,3,1,1,1,2,0,0,Legacy Furniture (Pvt.) Ltd.,co0206,39928546.005,yes,yes,yes,no,"the archive prints stage counts and the winner only; no bidder list, quoted price, evaluated amount, ranking or per-bidder rejection reason appears in any supplied document",
549164,Contract_Awards_PDFs/Tender_549164.pdf,supplier,yes,5,4,1,1,1,3,0,Legacy Furniture (Pvt.) Ltd.,co0206,16229321.45,no,yes,no,no,"the archive prints stage counts and the winner only; no bidder list, quoted price, evaluated amount, ranking or per-bidder rejection reason appears in any supplied document",
549299,Contract_Awards_PDFs/Tender_549299.pdf,supplier,yes,5,3,3,1,2,0,2,Optimal Technology (Pvt. ) Ltd.,co0077,21843451.71,no,no,yes,no,"the archive prints stage counts and the winner only; no bidder list, quoted price, evaluated amount, ranking or per-bidder rejection reason appears in any supplied document",
549431,Contract_Awards_PDFs/Tender_549431.pdf,supplier,yes,2,2,2,1,0,0,1,Optimal Technology (Pvt. ) Ltd.,co0077,84781759.86,no,no,yes,no,"the archive prints stage counts and the winner only; no bidder list, quoted price, evaluated amount, ranking or per-bidder rejection reason appears in any supplied document",
550266,Contract_Awards_PDFs/Tender_550266.pdf,supplier,yes,2,2,1,1,0,1,0,M/S. T.J Construction,co0182,5912816.094,no,yes,no,no,"the archive prints stage counts and the winner only; no bidder list, quoted price, evaluated amount, ranking or per-bidder rejection reason appears in any supplied document",
550267,Contract_Awards_PDFs/Tender_550267.pdf,supplier,yes,3,3,1,1,0,2,0,M/S. T.J Construction,co0182,999483.11,no,yes,no,no,"the archive prints stage counts and the winner only; no bidder list, quoted price, evaluated amount, ranking or per-bidder rejection reason appears in any supplied document",
561734,Contract_Awards_PDFs/Tender_561734.pdf,supplier,yes,3,2,2,1,1,0,1,Flora Limited,co0207,438000.002,no,no,yes,no,"the archive prints stage counts and the winner only; no bidder list, quoted price, evaluated amount, ranking or per-bidder rejection reason appears in any supplied document",
564502,Contract_Awards_PDFs/Tender_564502.pdf,supplier,yes,3,2,1,1,1,1,0,Smart Technologies (BD) Ltd.,co0039,4094175.038,no,yes,no,no,"the archive prints stage counts and the winner only; no bidder list, quoted price, evaluated amount, ranking or per-bidder rejection reason appears in any supplied document",
577378,Contract_Awards_PDFs/Tender_577378.pdf,supplier,yes,1,1,1,1,0,0,0,Extreme Engineering Development Consultant,co0208,1982306.851,yes,yes,yes,no,"the archive prints stage counts and the winner only; no bidder list, quoted price, evaluated amount, ranking or per-bidder rejection reason appears in any supplied document",
581310,Contract_Awards_PDFs/Tender_581310.pdf,supplier,yes,3,2,1,1,1,1,0,"Ataur Rahman Khan Ltd & Mahabub Brothers (Pvt) Ltd JV ( JVCA Partners [Business Share]: MAHABUB BROTHERS(PVT)LIMITED [49.000%] , Ataur Rahman Khan Ltd. [51.000%] )",co0209,1434577898.254,no,yes,no,no,"the archive prints stage counts and the winner only; no bidder list, quoted price, evaluated amount, ranking or per-bidder rejection reason appears in any supplied document",
583663,Contract_Awards_PDFs/Tender_583663.pdf,supplier,yes,4,3,3,1,1,0,2,MECO INTERNATIONAL,co0210,4711111.111,no,no,yes,no,"the archive prints stage counts and the winner only; no bidder list, quoted price, evaluated amount, ranking or per-bidder rejection reason appears in any supplied document",
590111,Contract_Awards_PDFs/Tender_590111.pdf,supplier,yes,6,6,6,1,0,0,5,M/s Anas Trading International,co0169,374800.105,no,no,yes,no,"the archive prints stage counts and the winner only; no bidder list, quoted price, evaluated amount, ranking or per-bidder rejection reason appears in any supplied document",
591374,Contract_Awards_PDFs/Tender_591374.pdf,supplier,yes,6,5,5,1,1,0,4,M/S Mirza Construction,co0211,8464141.096,no,no,yes,no,"the archive prints stage counts and the winner only; no bidder list, quoted price, evaluated amount, ranking or per-bidder rejection reason appears in any supplied document",
591591,Contract_Awards_PDFs/Tender_591591.pdf,supplier,yes,3,2,2,1,1,0,1,Concept Elevators & Engineering Ltd.,co0042,8386000.423,no,no,yes,no,"the archive prints stage counts and the winner only; no bidder list, quoted price, evaluated amount, ranking or per-bidder rejection reason appears in any supplied document",
591741,Contract_Awards_PDFs/Tender_591741.pdf,supplier,yes,6,4,4,1,2,0,3,M/S Mirza Construction,co0211,7481081.361,no,no,yes,no,"the archive prints stage counts and the winner only; no bidder list, quoted price, evaluated amount, ranking or per-bidder rejection reason appears in any supplied document",
592175,Contract_Awards_PDFs/Tender_592175.pdf,supplier,yes,3,2,2,1,1,0,1,Concept Elevators & Engineering Ltd.,co0042,4200000.323,no,no,yes,no,"the archive prints stage counts and the winner only; no bidder list, quoted price, evaluated amount, ranking or per-bidder rejection reason appears in any supplied document",
595725,Contract_Awards_PDFs/Tender_595725.pdf,supplier,yes,4,3,1,1,1,2,0,Khaled Mohammad Selim,co0212,2023714.563,no,yes,no,no,"the archive prints stage counts and the winner only; no bidder list, quoted price, evaluated amount, ranking or per-bidder rejection reason appears in any supplied document",
595833,Contract_Awards_PDFs/Tender_595833.pdf,supplier,yes,14,11,11,1,3,0,10,Rafiq Construction Co. (Pvt.) Ltd.,co0116,111744601.47,no,no,yes,no,"the archive prints stage counts and the winner only; no bidder list, quoted price, evaluated amount, ranking or per-bidder rejection reason appears in any supplied document",
596661,Contract_Awards_PDFs/Tender_596661.pdf,supplier,yes,7,7,6,1,0,1,5,M/S. Jashim & Sons,co0213,88622840.523,no,no,no,no,"the archive prints stage counts and the winner only; no bidder list, quoted price, evaluated amount, ranking or per-bidder rejection reason appears in any supplied document",
597090,Contract_Awards_PDFs/Tender_597090.pdf,supplier,yes,8,6,5,1,2,1,4,NATIONAL DEVELOPMENT ENGINEERS LTD.,co0054,98788892.728,no,no,no,no,"the archive prints stage counts and the winner only; no bidder list, quoted price, evaluated amount, ranking or per-bidder rejection reason appears in any supplied document",
598954,Contract_Awards_PDFs/Tender_598954.pdf,supplier,yes,3,2,2,1,1,0,1,M/S. Gulzar Trading,co0142,1999405.152,no,no,yes,no,"the archive prints stage counts and the winner only; no bidder list, quoted price, evaluated amount, ranking or per-bidder rejection reason appears in any supplied document",
601511,Contract_Awards_PDFs/Tender_601511.pdf,supplier,yes,11,8,2,1,3,6,1,M/S Udayan Builders,co0023,26986410.486,no,no,no,no,"the archive prints stage counts and the winner only; no bidder list, quoted price, evaluated amount, ranking or per-bidder rejection reason appears in any supplied document",
601512,Contract_Awards_PDFs/Tender_601512.pdf,supplier,yes,8,7,1,1,1,6,0,H RAHMAN ENTERPRISE,co0214,11116977.075,no,yes,no,no,"the archive prints stage counts and the winner only; no bidder list, quoted price, evaluated amount, ranking or per-bidder rejection reason appears in any supplied document",
601514,Contract_Awards_PDFs/Tender_601514.pdf,supplier,yes,17,15,12,1,2,3,11,Momotaj Engineers Ltd.,co0003,54831431.367,no,no,no,no,"the archive prints stage counts and the winner only; no bidder list, quoted price, evaluated amount, ranking or per-bidder rejection reason appears in any supplied document",
601516,Contract_Awards_PDFs/Tender_601516.pdf,supplier,yes,18,16,13,1,2,3,12,M/S. AMIN TRADING CORPORATION,co0197,16055781.408,no,no,no,no,"the archive prints stage counts and the winner only; no bidder list, quoted price, evaluated amount, ranking or per-bidder rejection reason appears in any supplied document",
601519,Contract_Awards_PDFs/Tender_601519.pdf,supplier,yes,16,15,9,1,1,6,8,M/S. A. R. Enterprise,co0016,20511652.707,no,no,no,no,"the archive prints stage counts and the winner only; no bidder list, quoted price, evaluated amount, ranking or per-bidder rejection reason appears in any supplied document",
601520,Contract_Awards_PDFs/Tender_601520.pdf,supplier,yes,9,9,1,1,0,8,0,Starlite Services Limited,co0019,25907749.632,no,yes,no,no,"the archive prints stage counts and the winner only; no bidder list, quoted price, evaluated amount, ranking or per-bidder rejection reason appears in any supplied document",
608964,Contract_Awards_PDFs/Tender_608964.pdf,supplier,yes,9,8,4,1,1,4,3,M/s Anas Trading International,co0169,840000.11,no,no,no,no,"the archive prints stage counts and the winner only; no bidder list, quoted price, evaluated amount, ranking or per-bidder rejection reason appears in any supplied document",
609656,Contract_Awards_PDFs/Tender_609656.pdf,supplier,yes,8,8,4,1,0,4,3,M/s Anas Trading International,co0169,947996.112,no,no,no,no,"the archive prints stage counts and the winner only; no bidder list, quoted price, evaluated amount, ranking or per-bidder rejection reason appears in any supplied document",
614373,Contract_Awards_PDFs/Tender_614373.pdf,supplier,yes,3,1,1,1,2,0,0,Concept Elevators & Engineering Ltd.,co0042,4498200.356,yes,yes,yes,no,"the archive prints stage counts and the winner only; no bidder list, quoted price, evaluated amount, ranking or per-bidder rejection reason appears in any supplied document",
614376,Contract_Awards_PDFs/Tender_614376.pdf,supplier,yes,2,1,1,1,1,0,0,M/s J S Enterprise,co0215,5821337.259,yes,yes,yes,no,"the archive prints stage counts and the winner only; no bidder list, quoted price, evaluated amount, ranking or per-bidder rejection reason appears in any supplied document",
615021,Contract_Awards_PDFs/Tender_615021.pdf,supplier,yes,11,7,3,1,4,4,2,M/s Anas Trading International,co0169,295000.105,no,no,no,no,"the archive prints stage counts and the winner only; no bidder list, quoted price, evaluated amount, ranking or per-bidder rejection reason appears in any supplied document",
615572,Contract_Awards_PDFs/Tender_615572.pdf,supplier,yes,9,8,6,1,1,2,5,"M/S SHAFIQUE AND SONS - M/S. AMIN TRADING CORPORATION JV ( JVCA Partners [Business Share]: M/S. AMIN TRADING CORPORATION [25.000%] , M/s Shafique and Sons [75.000%] )",co0216,29216449.314,no,no,no,no,"the archive prints stage counts and the winner only; no bidder list, quoted price, evaluated amount, ranking or per-bidder rejection reason appears in any supplied document",
616293,Contract_Awards_PDFs/Tender_616293.pdf,supplier,yes,5,5,1,1,0,4,0,M/S. Sharif & Sons,co0017,3463421.4,no,yes,no,no,"the archive prints stage counts and the winner only; no bidder list, quoted price, evaluated amount, ranking or per-bidder rejection reason appears in any supplied document",
616294,Contract_Awards_PDFs/Tender_616294.pdf,supplier,yes,4,4,1,1,0,3,0,M/S Sunny Construction,co0053,3463421.4,no,yes,no,no,"the archive prints stage counts and the winner only; no bidder list, quoted price, evaluated amount, ranking or per-bidder rejection reason appears in any supplied document",
616340,Contract_Awards_PDFs/Tender_616340.pdf,supplier,yes,8,4,4,1,4,0,3,M/S. Gulzar Trading,co0142,3650723.019,no,no,yes,no,"the archive prints stage counts and the winner only; no bidder list, quoted price, evaluated amount, ranking or per-bidder rejection reason appears in any supplied document",
617410,Contract_Awards_PDFs/Tender_617410.pdf,supplier,yes,6,4,1,1,2,3,0,Rancon Industrial Solutions Ltd.,co0217,21379456.051,no,yes,no,no,"the archive prints stage counts and the winner only; no bidder list, quoted price, evaluated amount, ranking or per-bidder rejection reason appears in any supplied document",
617807,Contract_Awards_PDFs/Tender_617807.pdf,supplier,yes,10,6,4,1,4,2,3,"SCL-LB-KEC JV ( JVCA Partners [Business Share]: M/S. KARIM ENTERPRISE & CONSTRUCTION [30.000%] , Sun Flower Construction Ltd. [40.000%] , M/S LABON & BROTHERS [30.000%] )",co0218,75976418.725,no,no,no,no,"the archive prints stage counts and the winner only; no bidder list, quoted price, evaluated amount, ranking or per-bidder rejection reason appears in any supplied document",
618898,Contract_Awards_PDFs/Tender_618898.pdf,supplier,yes,9,6,2,1,3,4,1,"Hassan Techno Builders Ltd. - Taher Brothers Ltd. JV. ( JVCA Partners [Business Share]: Hassan Techno Builders Ltd. [60.000%] , Taher Brothers Ltd. [40.000%] )",co0219,94588512.789,no,no,no,no,"the archive prints stage counts and the winner only; no bidder list, quoted price, evaluated amount, ranking or per-bidder rejection reason appears in any supplied document",
620619,Contract_Awards_PDFs/Tender_620619.pdf,supplier,yes,7,5,5,1,2,0,4,M/S. A. R. Enterprise,co0016,3045193.803,no,no,yes,no,"the archive prints stage counts and the winner only; no bidder list, quoted price, evaluated amount, ranking or per-bidder rejection reason appears in any supplied document",
622539,Contract_Awards_PDFs/Tender_622539.pdf,supplier,yes,4,3,2,1,1,1,1,M/S TANIN ENTERPRISE,co0041,3097300.59,no,no,no,no,"the archive prints stage counts and the winner only; no bidder list, quoted price, evaluated amount, ranking or per-bidder rejection reason appears in any supplied document",
622586,Contract_Awards_PDFs/Tender_622586.pdf,supplier,yes,2,1,1,1,1,0,0,M/S TANIN ENTERPRISE,co0041,1279542.6,yes,yes,yes,no,"the archive prints stage counts and the winner only; no bidder list, quoted price, evaluated amount, ranking or per-bidder rejection reason appears in any supplied document",
622637,Contract_Awards_PDFs/Tender_622637.pdf,supplier,yes,2,1,1,1,1,0,0,Silver Sun Electronics,co0122,967554.72,yes,yes,yes,no,"the archive prints stage counts and the winner only; no bidder list, quoted price, evaluated amount, ranking or per-bidder rejection reason appears in any supplied document",
629331,Contract_Awards_PDFs/Tender_629331.pdf,supplier,yes,4,4,3,1,0,1,2,Power Net Enterprise,co0220,2230689.6,no,no,no,no,"the archive prints stage counts and the winner only; no bidder list, quoted price, evaluated amount, ranking or per-bidder rejection reason appears in any supplied document",
631780,Contract_Awards_PDFs/Tender_631780.pdf,supplier,yes,3,3,2,1,0,1,1,M/S. Nice Enterprise,co0168,3296663.136,no,no,no,no,"the archive prints stage counts and the winner only; no bidder list, quoted price, evaluated amount, ranking or per-bidder rejection reason appears in any supplied document",
637086,Contract_Awards_PDFs/Tender_637086.pdf,supplier,yes,2,1,1,1,1,0,0,Trade Spin,co0221,2934320.184,yes,yes,yes,no,"the archive prints stage counts and the winner only; no bidder list, quoted price, evaluated amount, ranking or per-bidder rejection reason appears in any supplied document",
637169,Contract_Awards_PDFs/Tender_637169.pdf,supplier,yes,3,2,2,1,1,0,1,Concept Elevators & Engineering Ltd.,co0042,8158500.74,no,no,yes,no,"the archive prints stage counts and the winner only; no bidder list, quoted price, evaluated amount, ranking or per-bidder rejection reason appears in any supplied document",
638918,Contract_Awards_PDFs/Tender_638918.pdf,supplier,yes,1,1,1,1,0,0,0,YSP TECHNOLOGY,co0222,15900000.014,yes,yes,yes,no,"the archive prints stage counts and the winner only; no bidder list, quoted price, evaluated amount, ranking or per-bidder rejection reason appears in any supplied document",
639927,Contract_Awards_PDFs/Tender_639927.pdf,supplier,yes,6,5,5,1,1,0,4,T.S Enterprise,co0014,6132044.298,no,no,yes,no,"the archive prints stage counts and the winner only; no bidder list, quoted price, evaluated amount, ranking or per-bidder rejection reason appears in any supplied document",
640368,Contract_Awards_PDFs/Tender_640368.pdf,supplier,yes,2,2,2,1,0,0,1,M/S Hasan & Brothers,co0223,2681912.169,no,no,yes,no,"the archive prints stage counts and the winner only; no bidder list, quoted price, evaluated amount, ranking or per-bidder rejection reason appears in any supplied document",
64165,Contract_Awards_PDFs/Tender_64165.pdf,supplier,yes,8,8,5,1,0,3,4,Md.kabir Hossain,co0224,4187780.121,no,no,no,no,"the archive prints stage counts and the winner only; no bidder list, quoted price, evaluated amount, ranking or per-bidder rejection reason appears in any supplied document",
644083,Contract_Awards_PDFs/Tender_644083.pdf,supplier,yes,2,2,2,1,0,0,1,M/S. Gulzar Trading,co0142,2384371.026,no,no,yes,no,"the archive prints stage counts and the winner only; no bidder list, quoted price, evaluated amount, ranking or per-bidder rejection reason appears in any supplied document",
647346,Contract_Awards_PDFs/Tender_647346.pdf,supplier,yes,21,17,9,1,4,8,8,The Continantal Builders,co0029,16066116.9,no,no,no,no,"the archive prints stage counts and the winner only; no bidder list, quoted price, evaluated amount, ranking or per-bidder rejection reason appears in any supplied document",
647351,Contract_Awards_PDFs/Tender_647351.pdf,supplier,yes,19,17,10,1,2,7,9,M/S Techno Trade International,co0146,17017004.7,no,no,no,no,"the archive prints stage counts and the winner only; no bidder list, quoted price, evaluated amount, ranking or per-bidder rejection reason appears in any supplied document",
647356,Contract_Awards_PDFs/Tender_647356.pdf,supplier,yes,21,19,10,1,2,9,9,Super Star Renewable Energy Limited,co0225,13534879.5,no,no,no,no,"the archive prints stage counts and the winner only; no bidder list, quoted price, evaluated amount, ranking or per-bidder rejection reason appears in any supplied document",
647361,Contract_Awards_PDFs/Tender_647361.pdf,supplier,yes,21,15,6,1,6,9,5,Auto Power Pvt. Limited,co0226,9194839.2,no,no,no,no,"the archive prints stage counts and the winner only; no bidder list, quoted price, evaluated amount, ranking or per-bidder rejection reason appears in any supplied document",
647467,Contract_Awards_PDFs/Tender_647467.pdf,supplier,yes,3,3,3,1,0,0,2,M/S LABON & BROTHERS,co0227,74887107.687,no,no,yes,no,"the archive prints stage counts and the winner only; no bidder list, quoted price, evaluated amount, ranking or per-bidder rejection reason appears in any supplied document",
647622,Contract_Awards_PDFs/Tender_647622.pdf,supplier,yes,1,1,1,1,0,0,0,Volume - 11,co0228,8963413.2,yes,yes,yes,no,"the archive prints stage counts and the winner only; no bidder list, quoted price, evaluated amount, ranking or per-bidder rejection reason appears in any supplied document",
653051,Contract_Awards_PDFs/Tender_653051.pdf,supplier,yes,1,1,1,1,0,0,0,Extreme Engineering Development Consultant,co0208,4895631.057,yes,yes,yes,no,"the archive prints stage counts and the winner only; no bidder list, quoted price, evaluated amount, ranking or per-bidder rejection reason appears in any supplied document",
658227,Contract_Awards_PDFs/Tender_658227.pdf,supplier,yes,5,4,3,1,1,1,2,Rithin Enterprise,co0229,14747701.408,no,no,no,no,"the archive prints stage counts and the winner only; no bidder list, quoted price, evaluated amount, ranking or per-bidder rejection reason appears in any supplied document",
661661,Contract_Awards_PDFs/Tender_661661.pdf,supplier,yes,10,6,6,1,4,0,5,M/S. A. R. Enterprise,co0016,3072847.077,no,no,yes,no,"the archive prints stage counts and the winner only; no bidder list, quoted price, evaluated amount, ranking or per-bidder rejection reason appears in any supplied document",
661888,Contract_Awards_PDFs/Tender_661888.pdf,supplier,yes,11,7,7,1,4,0,6,M/S. Maliha Enterprise,co0109,3032142.912,no,no,yes,no,"the archive prints stage counts and the winner only; no bidder list, quoted price, evaluated amount, ranking or per-bidder rejection reason appears in any supplied document",
663428,Contract_Awards_PDFs/Tender_663428.pdf,supplier,yes,7,5,2,1,2,3,1,Shapla Enterprise,co0230,2243561.755,no,no,no,no,"the archive prints stage counts and the winner only; no bidder list, quoted price, evaluated amount, ranking or per-bidder rejection reason appears in any supplied document",
663429,Contract_Awards_PDFs/Tender_663429.pdf,supplier,yes,10,9,8,1,1,1,7,Tithy Printing & Packaging,co0231,773944.52,no,no,no,no,"the archive prints stage counts and the winner only; no bidder list, quoted price, evaluated amount, ranking or per-bidder rejection reason appears in any supplied document",
667218,Contract_Awards_PDFs/Tender_667218.pdf,supplier,yes,1,1,1,1,0,0,0,M/S. A. F. C.,co0232,3017182.356,yes,yes,yes,no,"the archive prints stage counts and the winner only; no bidder list, quoted price, evaluated amount, ranking or per-bidder rejection reason appears in any supplied document",
667693,Contract_Awards_PDFs/Tender_667693.pdf,supplier,yes,4,4,1,1,0,3,0,Starlite Services Limited,co0019,25972842.87,no,yes,no,no,"the archive prints stage counts and the winner only; no bidder list, quoted price, evaluated amount, ranking or per-bidder rejection reason appears in any supplied document",
669151,Contract_Awards_PDFs/Tender_669151.pdf,supplier,yes,3,2,2,1,1,0,1,M/S. T.J Construction,co0182,7166727.81,no,no,yes,no,"the archive prints stage counts and the winner only; no bidder list, quoted price, evaluated amount, ranking or per-bidder rejection reason appears in any supplied document",
669414,Contract_Awards_PDFs/Tender_669414.pdf,supplier,yes,3,2,2,1,1,0,1,M/S. Gulzar Trading,co0142,2605776.228,no,no,yes,no,"the archive prints stage counts and the winner only; no bidder list, quoted price, evaluated amount, ranking or per-bidder rejection reason appears in any supplied document",
670154,Contract_Awards_PDFs/Tender_670154.pdf,supplier,yes,1,1,1,1,0,0,0,M/S. Nice Enterprise,co0168,2775181.446,yes,yes,yes,no,"the archive prints stage counts and the winner only; no bidder list, quoted price, evaluated amount, ranking or per-bidder rejection reason appears in any supplied document",
670297,Contract_Awards_PDFs/Tender_670297.pdf,supplier,yes,2,2,2,1,0,0,1,MS TECHNOLOGIES LIMITED,co0008,1544500.025,no,no,yes,no,"the archive prints stage counts and the winner only; no bidder list, quoted price, evaluated amount, ranking or per-bidder rejection reason appears in any supplied document",
671805,Contract_Awards_PDFs/Tender_671805.pdf,supplier,yes,8,4,2,1,4,2,1,"M/s. SS & MT (JV) ( JVCA Partners [Business Share]: M/S. Monir Traders [49.000%] , M/S. Sharif & Sons [51.000%] )",co0233,444989988.324,no,no,no,no,"the archive prints stage counts and the winner only; no bidder list, quoted price, evaluated amount, ranking or per-bidder rejection reason appears in any supplied document",
672061,Contract_Awards_PDFs/Tender_672061.pdf,supplier,yes,8,7,7,1,1,0,6,M/S Faith Print,co0234,199501.5,no,no,yes,no,"the archive prints stage counts and the winner only; no bidder list, quoted price, evaluated amount, ranking or per-bidder rejection reason appears in any supplied document",
680144,Contract_Awards_PDFs/Tender_680144.pdf,supplier,yes,1,1,1,1,0,0,0,Arc Bangladesh Ltd.,co0235,2595000.001,yes,yes,yes,no,"the archive prints stage counts and the winner only; no bidder list, quoted price, evaluated amount, ranking or per-bidder rejection reason appears in any supplied document",
681465,Contract_Awards_PDFs/Tender_681465.pdf,supplier,yes,1,1,1,1,0,0,0,H.A Enterprise,co0236,8202370.579,yes,yes,yes,no,"the archive prints stage counts and the winner only; no bidder list, quoted price, evaluated amount, ranking or per-bidder rejection reason appears in any supplied document",
683811,Contract_Awards_PDFs/Tender_683811.pdf,supplier,yes,3,2,1,1,1,1,0,M/S Hasan & Brothers,co0223,4284081.243,no,yes,no,no,"the archive prints stage counts and the winner only; no bidder list, quoted price, evaluated amount, ranking or per-bidder rejection reason appears in any supplied document",
684610,Contract_Awards_PDFs/Tender_684610.pdf,supplier,yes,8,6,5,1,2,1,4,M/S Raj Development Construction,co0026,5485150.044,no,no,no,no,"the archive prints stage counts and the winner only; no bidder list, quoted price, evaluated amount, ranking or per-bidder rejection reason appears in any supplied document",
685885,Contract_Awards_PDFs/Tender_685885.pdf,supplier,yes,8,7,4,1,1,3,3,M/S Sunny Construction,co0053,1321392.602,no,no,no,no,"the archive prints stage counts and the winner only; no bidder list, quoted price, evaluated amount, ranking or per-bidder rejection reason appears in any supplied document",
688763,Contract_Awards_PDFs/Tender_688763.pdf,supplier,yes,1,1,1,1,0,0,0,Rangs Limited,co0055,5685000.001,yes,yes,yes,no,"the archive prints stage counts and the winner only; no bidder list, quoted price, evaluated amount, ranking or per-bidder rejection reason appears in any supplied document",
688794,Contract_Awards_PDFs/Tender_688794.pdf,supplier,yes,1,1,1,1,0,0,0,Rangs Limited,co0055,4899000.001,yes,yes,yes,no,"the archive prints stage counts and the winner only; no bidder list, quoted price, evaluated amount, ranking or per-bidder rejection reason appears in any supplied document",
690870,Contract_Awards_PDFs/Tender_690870.pdf,supplier,yes,8,7,6,1,1,1,5,M/S. Maliha Enterprise,co0109,4862965.914,no,no,no,no,"the archive prints stage counts and the winner only; no bidder list, quoted price, evaluated amount, ranking or per-bidder rejection reason appears in any supplied document",
695670,Contract_Awards_PDFs/Tender_695670.pdf,supplier,yes,1,1,1,1,0,0,0,YSP TECHNOLOGY,co0222,2598500.001,yes,yes,yes,no,"the archive prints stage counts and the winner only; no bidder list, quoted price, evaluated amount, ranking or per-bidder rejection reason appears in any supplied document",
699109,Contract_Awards_PDFs/Tender_699109.pdf,supplier,yes,4,4,2,1,0,2,1,Concept Elevators & Engineering Ltd.,co0042,17472802.004,no,no,no,no,"the archive prints stage counts and the winner only; no bidder list, quoted price, evaluated amount, ranking or per-bidder rejection reason appears in any supplied document",
699111,Contract_Awards_PDFs/Tender_699111.pdf,supplier,yes,4,3,2,1,1,1,1,M/S Chowdhury Enterprise,co0237,22498801.427,no,no,no,no,"the archive prints stage counts and the winner only; no bidder list, quoted price, evaluated amount, ranking or per-bidder rejection reason appears in any supplied document",
699961,Contract_Awards_PDFs/Tender_699961.pdf,supplier,yes,4,4,4,1,0,0,3,M/s B. D. & CO,co0238,2142865.125,no,no,yes,no,"the archive prints stage counts and the winner only; no bidder list, quoted price, evaluated amount, ranking or per-bidder rejection reason appears in any supplied document",
703479,Contract_Awards_PDFs/Tender_703479.pdf,supplier,yes,2,2,2,1,0,0,1,PARVEZ CONSTRUCTION LIMITED,co0239,7829999.1,no,no,yes,no,"the archive prints stage counts and the winner only; no bidder list, quoted price, evaluated amount, ranking or per-bidder rejection reason appears in any supplied document",
706666,Contract_Awards_PDFs/Tender_706666.pdf,supplier,yes,4,4,1,1,0,3,0,M/S. Bangladesh Computer Land,co0088,1517292,no,yes,no,no,"the archive prints stage counts and the winner only; no bidder list, quoted price, evaluated amount, ranking or per-bidder rejection reason appears in any supplied document",
710843,Contract_Awards_PDFs/Tender_710843.pdf,supplier,yes,8,4,1,1,4,3,0,M/S Britto Construction,co0128,2401706.133,no,yes,no,no,"the archive prints stage counts and the winner only; no bidder list, quoted price, evaluated amount, ranking or per-bidder rejection reason appears in any supplied document",
713622,Contract_Awards_PDFs/Tender_713622.pdf,supplier,yes,2,2,1,1,0,1,0,Donatien International,co0240,10179659.646,no,yes,no,no,"the archive prints stage counts and the winner only; no bidder list, quoted price, evaluated amount, ranking or per-bidder rejection reason appears in any supplied document",
727612,Contract_Awards_PDFs/Tender_727612.pdf,supplier,yes,6,4,1,1,2,3,0,M/S. Khan Enterprise,co0241,2273120.991,no,yes,no,no,"the archive prints stage counts and the winner only; no bidder list, quoted price, evaluated amount, ranking or per-bidder rejection reason appears in any supplied document",
728690,Contract_Awards_PDFs/Tender_728690.pdf,supplier,yes,6,2,2,1,4,0,1,Add construction solution,co0242,1582766.15,no,no,yes,no,"the archive prints stage counts and the winner only; no bidder list, quoted price, evaluated amount, ranking or per-bidder rejection reason appears in any supplied document",
728691,Contract_Awards_PDFs/Tender_728691.pdf,supplier,yes,5,3,3,1,2,0,2,Add construction solution,co0242,1434449.004,no,no,yes,no,"the archive prints stage counts and the winner only; no bidder list, quoted price, evaluated amount, ranking or per-bidder rejection reason appears in any supplied document",
728692,Contract_Awards_PDFs/Tender_728692.pdf,supplier,yes,5,2,2,1,3,0,1,Add construction solution,co0242,1421549.007,no,no,yes,no,"the archive prints stage counts and the winner only; no bidder list, quoted price, evaluated amount, ranking or per-bidder rejection reason appears in any supplied document",
728810,Contract_Awards_PDFs/Tender_728810.pdf,supplier,yes,2,2,2,1,0,0,1,Trade Spin,co0221,1251155.511,no,no,yes,no,"the archive prints stage counts and the winner only; no bidder list, quoted price, evaluated amount, ranking or per-bidder rejection reason appears in any supplied document",
730799,Contract_Awards_PDFs/Tender_730799.pdf,supplier,yes,4,3,2,1,1,1,1,CPDL LTD.,co0007,3743397.001,no,no,no,no,"the archive prints stage counts and the winner only; no bidder list, quoted price, evaluated amount, ranking or per-bidder rejection reason appears in any supplied document",
732686,Contract_Awards_PDFs/Tender_732686.pdf,supplier,yes,8,5,5,1,3,0,4,"M/S. Udayan Builders - M/S. Tanni Enterprise JV ( JVCA Partners [Business Share]: M/S Udayan Builders [75.000%] , M/S. TANNI ENTERPRISE [25.000%] )",co0243,78671412.468,no,no,yes,no,"the archive prints stage counts and the winner only; no bidder list, quoted price, evaluated amount, ranking or per-bidder rejection reason appears in any supplied document",
733637,Contract_Awards_PDFs/Tender_733637.pdf,supplier,yes,3,2,1,1,1,1,0,M/S N Mohammed Trading,co0244,3501581.85,no,yes,no,no,"the archive prints stage counts and the winner only; no bidder list, quoted price, evaluated amount, ranking or per-bidder rejection reason appears in any supplied document",
735107,Contract_Awards_PDFs/Tender_735107.pdf,supplier,yes,1,1,1,1,0,0,0,Spectra Engineers Ltd.,co0204,115180656.255,yes,yes,yes,no,"the archive prints stage counts and the winner only; no bidder list, quoted price, evaluated amount, ranking or per-bidder rejection reason appears in any supplied document",
736874,Contract_Awards_PDFs/Tender_736874.pdf,supplier,yes,2,1,1,1,1,0,0,Power Net Enterprise,co0220,6304878,yes,yes,yes,no,"the archive prints stage counts and the winner only; no bidder list, quoted price, evaluated amount, ranking or per-bidder rejection reason appears in any supplied document",
737121,Contract_Awards_PDFs/Tender_737121.pdf,supplier,yes,3,1,1,1,2,0,0,Concept Elevators & Engineering Ltd.,co0042,14050000.783,yes,yes,yes,no,"the archive prints stage counts and the winner only; no bidder list, quoted price, evaluated amount, ranking or per-bidder rejection reason appears in any supplied document",
745109,Contract_Awards_PDFs/Tender_745109.pdf,supplier,yes,2,2,1,1,0,1,0,The Decode Ltd.,co0245,9969999.758,no,yes,no,no,"the archive prints stage counts and the winner only; no bidder list, quoted price, evaluated amount, ranking or per-bidder rejection reason appears in any supplied document",
747343,Contract_Awards_PDFs/Tender_747343.pdf,supplier,yes,1,1,1,1,0,0,0,MULTITRADE INTERNATIONAL,co0043,795600.009,yes,yes,yes,no,"the archive prints stage counts and the winner only; no bidder list, quoted price, evaluated amount, ranking or per-bidder rejection reason appears in any supplied document",
747837,Contract_Awards_PDFs/Tender_747837.pdf,supplier,yes,6,6,5,1,0,1,4,M/S. AMIN TRADING CORPORATION,co0197,25461859.446,no,no,no,no,"the archive prints stage counts and the winner only; no bidder list, quoted price, evaluated amount, ranking or per-bidder rejection reason appears in any supplied document",
752801,Contract_Awards_PDFs/Tender_752801.pdf,supplier,yes,6,6,2,1,0,4,1,"M/s. Udayan Builders (JV) ( JVCA Partners [Business Share]: M/S Udayan Builders [51.000%] , Starlite Services Limited [49.000%] )",co0246,452992528.197,no,no,no,no,"the archive prints stage counts and the winner only; no bidder list, quoted price, evaluated amount, ranking or per-bidder rejection reason appears in any supplied document",
755274,Contract_Awards_PDFs/Tender_755274.pdf,supplier,yes,2,1,1,1,1,0,0,T.S Enterprise,co0014,751429.8,yes,yes,yes,no,"the archive prints stage counts and the winner only; no bidder list, quoted price, evaluated amount, ranking or per-bidder rejection reason appears in any supplied document",
755479,Contract_Awards_PDFs/Tender_755479.pdf,supplier,yes,2,2,2,1,0,0,1,M/S. Maliha Enterprise,co0109,648090.009,no,no,yes,no,"the archive prints stage counts and the winner only; no bidder list, quoted price, evaluated amount, ranking or per-bidder rejection reason appears in any supplied document",
756104,Contract_Awards_PDFs/Tender_756104.pdf,supplier,yes,2,2,2,1,0,0,1,Aliza Enterprise,co0005,833300.005,no,no,yes,no,"the archive prints stage counts and the winner only; no bidder list, quoted price, evaluated amount, ranking or per-bidder rejection reason appears in any supplied document",
770669,Contract_Awards_PDFs/Tender_770669.pdf,supplier,yes,7,3,3,1,4,0,2,MEP ENGINEERING POINT,co0145,32168480.56,no,no,yes,no,"the archive prints stage counts and the winner only; no bidder list, quoted price, evaluated amount, ranking or per-bidder rejection reason appears in any supplied document",
773275,Contract_Awards_PDFs/Tender_773275.pdf,supplier,yes,2,2,1,1,0,1,0,M/S. Nice Enterprise,co0168,778000,no,yes,no,no,"the archive prints stage counts and the winner only; no bidder list, quoted price, evaluated amount, ranking or per-bidder rejection reason appears in any supplied document",
775105,Contract_Awards_PDFs/Tender_775105.pdf,supplier,yes,4,2,2,1,2,0,1,Spectra Engineers Ltd.,co0204,8812446857.066,no,no,yes,no,"the archive prints stage counts and the winner only; no bidder list, quoted price, evaluated amount, ranking or per-bidder rejection reason appears in any supplied document",
775307,Contract_Awards_PDFs/Tender_775307.pdf,supplier,yes,4,2,1,1,2,1,0,"SSL-CONVOY JV ( JVCA Partners [Business Share]: CONVOY SERVICE [30.000%] , Starlite Services Limited [70.000%] )",co0247,53908596.9,no,yes,no,no,"the archive prints stage counts and the winner only; no bidder list, quoted price, evaluated amount, ranking or per-bidder rejection reason appears in any supplied document",
775518,Contract_Awards_PDFs/Tender_775518.pdf,supplier,yes,6,3,3,1,3,0,2,M/S Sunny Construction,co0053,1446505.75,no,no,yes,no,"the archive prints stage counts and the winner only; no bidder list, quoted price, evaluated amount, ranking or per-bidder rejection reason appears in any supplied document",
780102,Contract_Awards_PDFs/Tender_780102.pdf,supplier,yes,2,2,1,1,0,1,0,MS TECHNOLOGIES LIMITED,co0008,1339640.111,no,yes,no,no,"the archive prints stage counts and the winner only; no bidder list, quoted price, evaluated amount, ranking or per-bidder rejection reason appears in any supplied document",
781011,Contract_Awards_PDFs/Tender_781011.pdf,supplier,yes,2,2,1,1,0,1,0,M/S N Mohammed Trading,co0244,1889502.525,no,yes,no,no,"the archive prints stage counts and the winner only; no bidder list, quoted price, evaluated amount, ranking or per-bidder rejection reason appears in any supplied document",
781266,Contract_Awards_PDFs/Tender_781266.pdf,supplier,yes,3,3,1,1,0,2,0,Spectra Engineers Ltd.,co0204,791796036.692,no,yes,no,no,"the archive prints stage counts and the winner only; no bidder list, quoted price, evaluated amount, ranking or per-bidder rejection reason appears in any supplied document",
783087,Contract_Awards_PDFs/Tender_783087.pdf,supplier,yes,5,2,1,1,3,1,0,MAHABUB BROTHERS(PVT)LIMITED,co0161,965147418.58,no,yes,no,no,"the archive prints stage counts and the winner only; no bidder list, quoted price, evaluated amount, ranking or per-bidder rejection reason appears in any supplied document",
789918,Contract_Awards_PDFs/Tender_789918.pdf,supplier,yes,6,6,6,1,0,0,5,M/S. A. R. Enterprise,co0016,25399867.617,no,no,yes,no,"the archive prints stage counts and the winner only; no bidder list, quoted price, evaluated amount, ranking or per-bidder rejection reason appears in any supplied document",
789921,Contract_Awards_PDFs/Tender_789921.pdf,supplier,yes,6,6,6,1,0,0,5,M/S. Niaz Traders,co0001,86650791.903,no,no,yes,no,"the archive prints stage counts and the winner only; no bidder list, quoted price, evaluated amount, ranking or per-bidder rejection reason appears in any supplied document",
791688,Contract_Awards_PDFs/Tender_791688.pdf,supplier,yes,2,2,2,1,0,0,1,MS TECHNOLOGIES LIMITED,co0008,2888470.843,no,no,yes,no,"the archive prints stage counts and the winner only; no bidder list, quoted price, evaluated amount, ranking or per-bidder rejection reason appears in any supplied document",
79395,Contract_Awards_PDFs/Tender_79395.pdf,supplier,yes,18,14,9,1,4,5,8,"M.A.H Construction Ltd,RAB-RC(PVT)Ltd and Dawn Corporation JV ( JVCA Partners [Business Share]: M/S. Dawn Corporation [0.000%] , RAB-RC (PVT) LIMITED [0.000%] , M.A.H. CONSTRUCTION LTD. [0.000%] )",co0248,79802128.8,no,no,no,no,"the archive prints stage counts and the winner only; no bidder list, quoted price, evaluated amount, ranking or per-bidder rejection reason appears in any supplied document",
80585,Contract_Awards_PDFs/Tender_80585.pdf,supplier,yes,17,12,11,1,5,1,10,"M.A.H Construction Ltd,RAB-RC(PVT)Ltd and Dawn Corporation JV ( JVCA Partners [Business Share]: M/S. Dawn Corporation [0.000%] , RAB-RC (PVT) LIMITED [0.000%] , M.A.H. CONSTRUCTION LTD. [0.000%] )",co0248,83879558.1,no,no,no,no,"the archive prints stage counts and the winner only; no bidder list, quoted price, evaluated amount, ranking or per-bidder rejection reason appears in any supplied document",
80586,Contract_Awards_PDFs/Tender_80586.pdf,supplier,yes,12,7,5,1,5,2,4,"M.A.H Construction Ltd,RAB-RC(PVT)Ltd and Dawn Corporation JV ( JVCA Partners [Business Share]: M/S. Dawn Corporation [0.000%] , RAB-RC (PVT) LIMITED [0.000%] , M.A.H. CONSTRUCTION LTD. [0.000%] )",co0248,71975651.4,no,no,no,no,"the archive prints stage counts and the winner only; no bidder list, quoted price, evaluated amount, ranking or per-bidder rejection reason appears in any supplied document",
807903,Contract_Awards_PDFs/Tender_807903.pdf,supplier,yes,9,8,3,1,1,5,2,"M/S RAHMAN ENGINEERING - M/S TANNI ENTERPRISE (JV) ( JVCA Partners [Business Share]: M/S Rahman Engineering [51.000%] , M/S. TANNI ENTERPRISE [49.000%] )",co0249,36704663.586,no,no,no,no,"the archive prints stage counts and the winner only; no bidder list, quoted price, evaluated amount, ranking or per-bidder rejection reason appears in any supplied document",
808097,Contract_Awards_PDFs/Tender_808097.pdf,supplier,yes,1,1,1,1,0,0,0,H.A Enterprise,co0236,9998620.468,yes,yes,yes,no,"the archive prints stage counts and the winner only; no bidder list, quoted price, evaluated amount, ranking or per-bidder rejection reason appears in any supplied document",
815786,Contract_Awards_PDFs/Tender_815786.pdf,supplier,yes,1,1,1,1,0,0,0,Solution World Limited,co0250,4292000,yes,yes,yes,no,"the archive prints stage counts and the winner only; no bidder list, quoted price, evaluated amount, ranking or per-bidder rejection reason appears in any supplied document",
824096,Contract_Awards_PDFs/Tender_824096.pdf,supplier,yes,2,2,2,1,0,0,1,M/s.Suraim Enterprise,co0205,3388017.55,no,no,yes,no,"the archive prints stage counts and the winner only; no bidder list, quoted price, evaluated amount, ranking or per-bidder rejection reason appears in any supplied document",
826146,Contract_Awards_PDFs/Tender_826146.pdf,supplier,yes,3,2,2,1,1,0,1,Momotaj Engineers Ltd.,co0003,74638988.254,no,no,yes,no,"the archive prints stage counts and the winner only; no bidder list, quoted price, evaluated amount, ranking or per-bidder rejection reason appears in any supplied document",
827087,Contract_Awards_PDFs/Tender_827087.pdf,supplier,yes,2,2,2,1,0,0,1,M/S S.R Construction,co0251,949250.535,no,no,yes,no,"the archive prints stage counts and the winner only; no bidder list, quoted price, evaluated amount, ranking or per-bidder rejection reason appears in any supplied document",
827548,Contract_Awards_PDFs/Tender_827548.pdf,supplier,yes,7,6,3,1,1,3,2,HAIDER & CO.,co0013,39109436.181,no,no,no,no,"the archive prints stage counts and the winner only; no bidder list, quoted price, evaluated amount, ranking or per-bidder rejection reason appears in any supplied document",
828053,Contract_Awards_PDFs/Tender_828053.pdf,supplier,yes,10,9,8,1,1,1,7,M/S TANIN ENTERPRISE,co0041,7198146,no,no,no,no,"the archive prints stage counts and the winner only; no bidder list, quoted price, evaluated amount, ranking or per-bidder rejection reason appears in any supplied document",
832064,Contract_Awards_PDFs/Tender_832064.pdf,supplier,yes,5,3,3,1,2,0,2,Star Tech & Engineering Ltd.,co0252,10540782.332,no,no,yes,no,"the archive prints stage counts and the winner only; no bidder list, quoted price, evaluated amount, ranking or per-bidder rejection reason appears in any supplied document",
834339,Contract_Awards_PDFs/Tender_834339.pdf,supplier,yes,2,2,2,1,0,0,1,Smart Technologies (BD) Ltd.,co0039,2394588.278,no,no,yes,no,"the archive prints stage counts and the winner only; no bidder list, quoted price, evaluated amount, ranking or per-bidder rejection reason appears in any supplied document",
835443,Contract_Awards_PDFs/Tender_835443.pdf,supplier,yes,3,2,2,1,1,0,1,ADVANCE TECHNOLOGY CONSORTIUM LIMITED,co0164,3995000.016,no,no,yes,no,"the archive prints stage counts and the winner only; no bidder list, quoted price, evaluated amount, ranking or per-bidder rejection reason appears in any supplied document",
835607,Contract_Awards_PDFs/Tender_835607.pdf,supplier,yes,1,1,1,1,0,0,0,Hatil Complex Ltd,co0136,3889900.292,yes,yes,yes,no,"the archive prints stage counts and the winner only; no bidder list, quoted price, evaluated amount, ranking or per-bidder rejection reason appears in any supplied document",
835662,Contract_Awards_PDFs/Tender_835662.pdf,supplier,yes,3,3,2,1,0,1,1,Global Office Automation Ltd.,co0253,568279.892,no,no,no,no,"the archive prints stage counts and the winner only; no bidder list, quoted price, evaluated amount, ranking or per-bidder rejection reason appears in any supplied document",
835847,Contract_Awards_PDFs/Tender_835847.pdf,supplier,yes,1,1,1,1,0,0,0,M/S S.R Construction,co0251,711206.814,yes,yes,yes,no,"the archive prints stage counts and the winner only; no bidder list, quoted price, evaluated amount, ranking or per-bidder rejection reason appears in any supplied document",
836225,Contract_Awards_PDFs/Tender_836225.pdf,supplier,yes,1,1,1,1,0,0,0,ETASA ENTERPRISE,co0254,1450736.1,yes,yes,yes,no,"the archive prints stage counts and the winner only; no bidder list, quoted price, evaluated amount, ranking or per-bidder rejection reason appears in any supplied document",
836329,Contract_Awards_PDFs/Tender_836329.pdf,supplier,yes,4,4,2,1,0,2,1,Verbal,co0255,1725135.081,no,no,no,no,"the archive prints stage counts and the winner only; no bidder list, quoted price, evaluated amount, ranking or per-bidder rejection reason appears in any supplied document",
837643,Contract_Awards_PDFs/Tender_837643.pdf,supplier,yes,2,1,1,1,1,0,0,Smart Technologies (BD) Ltd.,co0039,16885994.57,yes,yes,yes,no,"the archive prints stage counts and the winner only; no bidder list, quoted price, evaluated amount, ranking or per-bidder rejection reason appears in any supplied document",
837644,Contract_Awards_PDFs/Tender_837644.pdf,supplier,yes,2,1,1,1,1,0,0,Smart Technologies (BD) Ltd.,co0039,19786172.511,yes,yes,yes,no,"the archive prints stage counts and the winner only; no bidder list, quoted price, evaluated amount, ranking or per-bidder rejection reason appears in any supplied document",
840372,Contract_Awards_PDFs/Tender_840372.pdf,supplier,yes,1,1,1,1,0,0,0,M/S. J.J. Traders,co0256,2322988.272,yes,yes,yes,no,"the archive prints stage counts and the winner only; no bidder list, quoted price, evaluated amount, ranking or per-bidder rejection reason appears in any supplied document",
842165,Contract_Awards_PDFs/Tender_842165.pdf,supplier,yes,11,11,2,1,0,9,1,Gess Bangladesh,co0011,1842091.095,no,no,no,no,"the archive prints stage counts and the winner only; no bidder list, quoted price, evaluated amount, ranking or per-bidder rejection reason appears in any supplied document",
848555,Contract_Awards_PDFs/Tender_848555.pdf,supplier,yes,6,3,1,1,3,2,0,"SUNNY-RS-TML JV ( JVCA Partners [Business Share]: M/S Sunny Construction [50.000%] , TRADEMAJESTIC LIMITED [25.000%] , M/S. R.S ENTERPRISE [25.000%] )",co0257,51133146.948,no,yes,no,no,"the archive prints stage counts and the winner only; no bidder list, quoted price, evaluated amount, ranking or per-bidder rejection reason appears in any supplied document",
851863,Contract_Awards_PDFs/Tender_851863.pdf,supplier,yes,3,2,2,1,1,0,1,M/S. Khan Corporation,co0258,2707964.064,no,no,yes,no,"the archive prints stage counts and the winner only; no bidder list, quoted price, evaluated amount, ranking or per-bidder rejection reason appears in any supplied document",
851864,Contract_Awards_PDFs/Tender_851864.pdf,supplier,yes,3,2,1,1,1,1,0,M/S. Nice Enterprise,co0168,12402992.043,no,yes,no,no,"the archive prints stage counts and the winner only; no bidder list, quoted price, evaluated amount, ranking or per-bidder rejection reason appears in any supplied document",
851865,Contract_Awards_PDFs/Tender_851865.pdf,supplier,yes,3,2,1,1,1,1,0,M/S. Shah Jabbaria Construction & Co.,co0259,12814150.311,no,yes,no,no,"the archive prints stage counts and the winner only; no bidder list, quoted price, evaluated amount, ranking or per-bidder rejection reason appears in any supplied document",
857646,Contract_Awards_PDFs/Tender_857646.pdf,supplier,yes,10,4,3,1,6,1,2,"National Development Engineers Ltd. - M/S. Niaz Traders JV (NDE-NT JV) ( JVCA Partners [Business Share]: NATIONAL DEVELOPMENT ENGINEERS LTD. [20.000%] , M/S. Niaz Traders [80.000%] )",co0260,831424240.458,no,no,no,no,"the archive prints stage counts and the winner only; no bidder list, quoted price, evaluated amount, ranking or per-bidder rejection reason appears in any supplied document",
858747,Contract_Awards_PDFs/Tender_858747.pdf,supplier,yes,3,2,2,1,1,0,1,Concept Elevators & Engineering Ltd.,co0042,20293330.08,no,no,yes,no,"the archive prints stage counts and the winner only; no bidder list, quoted price, evaluated amount, ranking or per-bidder rejection reason appears in any supplied document",
859008,Contract_Awards_PDFs/Tender_859008.pdf,supplier,yes,2,2,2,1,0,0,1,"Noor Hossain Ltd. (JV) ( JVCA Partners [Business Share]: MD. DOLLAR [80.000%] , Noor Hossain Limited [20.000%] )",co0261,90465350.411,no,no,yes,no,"the archive prints stage counts and the winner only; no bidder list, quoted price, evaluated amount, ranking or per-bidder rejection reason appears in any supplied document",
860503,Contract_Awards_PDFs/Tender_860503.pdf,supplier,yes,8,4,3,1,4,1,2,"SS-RC (JV) ( JVCA Partners [Business Share]: Rafiq Construction Co. (Pvt.) Ltd. [60.000%] , M/S. Sharif & Sons [40.000%] )",co0262,446902393.401,no,no,no,no,"the archive prints stage counts and the winner only; no bidder list, quoted price, evaluated amount, ranking or per-bidder rejection reason appears in any supplied document",
860822,Contract_Awards_PDFs/Tender_860822.pdf,supplier,yes,1,1,1,1,0,0,0,Premier Trading International,co0263,40471936.052,yes,yes,yes,no,"the archive prints stage counts and the winner only; no bidder list, quoted price, evaluated amount, ranking or per-bidder rejection reason appears in any supplied document",
860823,Contract_Awards_PDFs/Tender_860823.pdf,supplier,yes,3,2,2,1,1,0,1,M/S.Modina Enterprise,co0264,7358692.5,no,no,yes,no,"the archive prints stage counts and the winner only; no bidder list, quoted price, evaluated amount, ranking or per-bidder rejection reason appears in any supplied document",
862601,Contract_Awards_PDFs/Tender_862601.pdf,supplier,yes,4,3,3,1,1,0,2,Flowater Solutions Ltd.,co0265,5388565.65,no,no,yes,no,"the archive prints stage counts and the winner only; no bidder list, quoted price, evaluated amount, ranking or per-bidder rejection reason appears in any supplied document",
862635,Contract_Awards_PDFs/Tender_862635.pdf,supplier,yes,2,2,1,1,0,1,0,CPDL LTD.,co0007,25299889.08,no,yes,no,no,"the archive prints stage counts and the winner only; no bidder list, quoted price, evaluated amount, ranking or per-bidder rejection reason appears in any supplied document",
863109,Contract_Awards_PDFs/Tender_863109.pdf,supplier,yes,3,3,1,1,0,2,0,M/s J S Enterprise,co0215,18605443.464,no,yes,no,no,"the archive prints stage counts and the winner only; no bidder list, quoted price, evaluated amount, ranking or per-bidder rejection reason appears in any supplied document",
865422,Contract_Awards_PDFs/Tender_865422.pdf,supplier,yes,5,4,3,1,1,1,2,Total Accessories,co0266,1426506.247,no,no,no,no,"the archive prints stage counts and the winner only; no bidder list, quoted price, evaluated amount, ranking or per-bidder rejection reason appears in any supplied document",
865423,Contract_Awards_PDFs/Tender_865423.pdf,supplier,yes,6,5,2,1,1,3,1,Total Accessories,co0266,1268712.037,no,no,no,no,"the archive prints stage counts and the winner only; no bidder list, quoted price, evaluated amount, ranking or per-bidder rejection reason appears in any supplied document",
865569,Contract_Awards_PDFs/Tender_865569.pdf,supplier,yes,2,2,1,1,0,1,0,M/s. Bhuiyan Traders,co0267,4403775.886,no,yes,no,no,"the archive prints stage counts and the winner only; no bidder list, quoted price, evaluated amount, ranking or per-bidder rejection reason appears in any supplied document",
867256,Contract_Awards_PDFs/Tender_867256.pdf,supplier,yes,8,7,5,1,1,2,4,M/S RAFID TRADERS,co0268,107298313.662,no,no,no,no,"the archive prints stage counts and the winner only; no bidder list, quoted price, evaluated amount, ranking or per-bidder rejection reason appears in any supplied document",
868640,Contract_Awards_PDFs/Tender_868640.pdf,supplier,yes,2,2,2,1,0,0,1,DIENCO LIMITED,co0269,604963771.954,no,no,yes,no,"the archive prints stage counts and the winner only; no bidder list, quoted price, evaluated amount, ranking or per-bidder rejection reason appears in any supplied document",
870250,Contract_Awards_PDFs/Tender_870250.pdf,supplier,yes,5,5,2,1,0,3,1,M/s. M.R. Construction,co0270,119111709.123,no,no,no,no,"the archive prints stage counts and the winner only; no bidder list, quoted price, evaluated amount, ranking or per-bidder rejection reason appears in any supplied document",
870252,Contract_Awards_PDFs/Tender_870252.pdf,supplier,yes,6,6,6,1,0,0,5,M/S. Maliha Enterprise,co0109,8805050.955,no,no,yes,no,"the archive prints stage counts and the winner only; no bidder list, quoted price, evaluated amount, ranking or per-bidder rejection reason appears in any supplied document",
870258,Contract_Awards_PDFs/Tender_870258.pdf,supplier,yes,7,7,3,1,0,4,2,M/S. Maliha Enterprise,co0109,14920046.541,no,no,no,no,"the archive prints stage counts and the winner only; no bidder list, quoted price, evaluated amount, ranking or per-bidder rejection reason appears in any supplied document",
870259,Contract_Awards_PDFs/Tender_870259.pdf,supplier,yes,6,6,2,1,0,4,1,HAIDER & CO.,co0013,19308532.5,no,no,no,no,"the archive prints stage counts and the winner only; no bidder list, quoted price, evaluated amount, ranking or per-bidder rejection reason appears in any supplied document",
870260,Contract_Awards_PDFs/Tender_870260.pdf,supplier,yes,8,6,2,1,2,4,1,M/S. A. R. Enterprise,co0016,8637145.857,no,no,no,no,"the archive prints stage counts and the winner only; no bidder list, quoted price, evaluated amount, ranking or per-bidder rejection reason appears in any supplied document",
870261,Contract_Awards_PDFs/Tender_870261.pdf,supplier,yes,6,6,5,1,0,1,4,M/S. AMIN TRADING CORPORATION,co0197,22753866.771,no,no,no,no,"the archive prints stage counts and the winner only; no bidder list, quoted price, evaluated amount, ranking or per-bidder rejection reason appears in any supplied document",
879523,Contract_Awards_PDFs/Tender_879523.pdf,supplier,yes,5,3,2,1,2,1,1,Rangpur Metal Industries Limited,co0271,14058755.285,no,no,no,no,"the archive prints stage counts and the winner only; no bidder list, quoted price, evaluated amount, ranking or per-bidder rejection reason appears in any supplied document",
882631,Contract_Awards_PDFs/Tender_882631.pdf,supplier,yes,4,4,1,1,0,3,0,Shapla Enterprise,co0230,4863789.367,no,yes,no,no,"the archive prints stage counts and the winner only; no bidder list, quoted price, evaluated amount, ranking or per-bidder rejection reason appears in any supplied document",
882632,Contract_Awards_PDFs/Tender_882632.pdf,supplier,yes,4,4,1,1,0,3,0,Evergreen Printing press,co0060,1537990.205,no,yes,no,no,"the archive prints stage counts and the winner only; no bidder list, quoted price, evaluated amount, ranking or per-bidder rejection reason appears in any supplied document",
887587,Contract_Awards_PDFs/Tender_887587.pdf,supplier,yes,2,1,1,1,1,0,0,Aliza Enterprise,co0005,839337.005,yes,yes,yes,no,"the archive prints stage counts and the winner only; no bidder list, quoted price, evaluated amount, ranking or per-bidder rejection reason appears in any supplied document",
887588,Contract_Awards_PDFs/Tender_887588.pdf,supplier,yes,4,3,3,1,1,0,2,MULTITRADE INTERNATIONAL,co0043,825000.011,no,no,yes,no,"the archive prints stage counts and the winner only; no bidder list, quoted price, evaluated amount, ranking or per-bidder rejection reason appears in any supplied document",
887589,Contract_Awards_PDFs/Tender_887589.pdf,supplier,yes,3,3,3,1,0,0,2,M/S. Maliha Enterprise,co0109,836825.011,no,no,yes,no,"the archive prints stage counts and the winner only; no bidder list, quoted price, evaluated amount, ranking or per-bidder rejection reason appears in any supplied document",
888738,Contract_Awards_PDFs/Tender_888738.pdf,supplier,yes,2,1,1,1,1,0,0,Concept Elevators & Engineering Ltd.,co0042,17878787.727,yes,yes,yes,no,"the archive prints stage counts and the winner only; no bidder list, quoted price, evaluated amount, ranking or per-bidder rejection reason appears in any supplied document",
888828,Contract_Awards_PDFs/Tender_888828.pdf,supplier,yes,1,1,1,1,0,0,0,Daffodil Electric Company,co0100,2130000.096,yes,yes,yes,no,"the archive prints stage counts and the winner only; no bidder list, quoted price, evaluated amount, ranking or per-bidder rejection reason appears in any supplied document",
889937,Contract_Awards_PDFs/Tender_889937.pdf,supplier,yes,4,2,1,1,2,1,0,Starlite Services Limited,co0019,25273304.235,no,yes,no,no,"the archive prints stage counts and the winner only; no bidder list, quoted price, evaluated amount, ranking or per-bidder rejection reason appears in any supplied document",
889938,Contract_Awards_PDFs/Tender_889938.pdf,supplier,yes,3,3,2,1,0,1,1,M/S. AMIN TRADING CORPORATION,co0197,5685032.997,no,no,no,no,"the archive prints stage counts and the winner only; no bidder list, quoted price, evaluated amount, ranking or per-bidder rejection reason appears in any supplied document",
89106,Contract_Awards_PDFs/Tender_89106.pdf,supplier,yes,9,5,1,1,4,4,0,"Starlite Services Ltd & Convoy Service JV ( JVCA Partners [Business Share]: CONVOY SERVICE [0.000%] , Starlite Services Limited [0.000%] )",co0272,126193349.781,no,yes,no,no,"the archive prints stage counts and the winner only; no bidder list, quoted price, evaluated amount, ranking or per-bidder rejection reason appears in any supplied document",
891746,Contract_Awards_PDFs/Tender_891746.pdf,supplier,yes,2,2,2,1,0,0,1,M/S TANIN ENTERPRISE,co0041,2388323.727,no,no,yes,no,"the archive prints stage counts and the winner only; no bidder list, quoted price, evaluated amount, ranking or per-bidder rejection reason appears in any supplied document",
89768,Contract_Awards_PDFs/Tender_89768.pdf,supplier,yes,4,2,2,1,2,0,1,M/S. Mukta Enterprise,co0273,2729526.828,no,no,yes,no,"the archive prints stage counts and the winner only; no bidder list, quoted price, evaluated amount, ranking or per-bidder rejection reason appears in any supplied document",
901824,Contract_Awards_PDFs/Tender_901824.pdf,supplier,yes,11,11,1,1,0,10,0,"SS-RI JV ( JVCA Partners [Business Share]: M/S. Raju International [49.000%] , M/S. Sharif & Sons [51.000%] )",co0274,43936248.816,no,yes,no,no,"the archive prints stage counts and the winner only; no bidder list, quoted price, evaluated amount, ranking or per-bidder rejection reason appears in any supplied document",
902293,Contract_Awards_PDFs/Tender_902293.pdf,supplier,yes,6,5,1,1,1,4,0,"Rana Builders (Pvt.) Ltd. - M/s. Shafique and Sons (JV) ( JVCA Partners [Business Share]: Rana Builders (Pvt.) Ltd. [51.000%] , M/s Shafique and Sons [49.000%] )",co0203,105822700.038,no,yes,no,no,"the archive prints stage counts and the winner only; no bidder list, quoted price, evaluated amount, ranking or per-bidder rejection reason appears in any supplied document",
909179,Contract_Awards_PDFs/Tender_909179.pdf,supplier,yes,3,2,2,1,1,0,1,MS TECHNOLOGIES LIMITED,co0008,2640523.644,no,no,yes,no,"the archive prints stage counts and the winner only; no bidder list, quoted price, evaluated amount, ranking or per-bidder rejection reason appears in any supplied document",
909193,Contract_Awards_PDFs/Tender_909193.pdf,supplier,yes,8,6,2,1,2,4,1,Ocean Electrical Limited,co0275,53131569.948,no,no,no,no,"the archive prints stage counts and the winner only; no bidder list, quoted price, evaluated amount, ranking or per-bidder rejection reason appears in any supplied document",
909196,Contract_Awards_PDFs/Tender_909196.pdf,supplier,yes,2,2,2,1,0,0,1,MS TECHNOLOGIES LIMITED,co0008,5896865.104,no,no,yes,no,"the archive prints stage counts and the winner only; no bidder list, quoted price, evaluated amount, ranking or per-bidder rejection reason appears in any supplied document",
91142,Contract_Awards_PDFs/Tender_91142.pdf,supplier,yes,15,12,4,1,3,8,3,M/S. Raquib & Brothers,co0012,17986218.291,no,no,no,no,"the archive prints stage counts and the winner only; no bidder list, quoted price, evaluated amount, ranking or per-bidder rejection reason appears in any supplied document",
916128,Contract_Awards_PDFs/Tender_916128.pdf,supplier,yes,2,2,2,1,0,0,1,R R Enterprise,co0276,2241467.989,no,no,yes,no,"the archive prints stage counts and the winner only; no bidder list, quoted price, evaluated amount, ranking or per-bidder rejection reason appears in any supplied document",
917088,Contract_Awards_PDFs/Tender_917088.pdf,supplier,yes,1,1,1,1,0,0,0,"RNYB Ltd - A.T Construction JV. JV. ( JVCA Partners [Business Share]: RN Yakub & Brothers Private Limited. [51.000%] , M/S. A.T. Construction [49.000%] )",co0277,161596296.849,yes,yes,yes,no,"the archive prints stage counts and the winner only; no bidder list, quoted price, evaluated amount, ranking or per-bidder rejection reason appears in any supplied document",
918775,Contract_Awards_PDFs/Tender_918775.pdf,supplier,yes,2,1,1,1,1,0,0,Cooltech Corporation,co0093,74713501.266,yes,yes,yes,no,"the archive prints stage counts and the winner only; no bidder list, quoted price, evaluated amount, ranking or per-bidder rejection reason appears in any supplied document",
920946,Contract_Awards_PDFs/Tender_920946.pdf,supplier,yes,8,8,3,1,0,5,2,M/S. Sharif & Sons,co0017,52288766.803,no,no,no,no,"the archive prints stage counts and the winner only; no bidder list, quoted price, evaluated amount, ranking or per-bidder rejection reason appears in any supplied document",
925146,Contract_Awards_PDFs/Tender_925146.pdf,supplier,yes,2,1,1,1,1,0,0,R R Enterprise,co0276,759747.893,yes,yes,yes,no,"the archive prints stage counts and the winner only; no bidder list, quoted price, evaluated amount, ranking or per-bidder rejection reason appears in any supplied document",
925988,Contract_Awards_PDFs/Tender_925988.pdf,supplier,yes,2,2,1,1,0,1,0,H.A Enterprise,co0236,9995244.021,no,yes,no,no,"the archive prints stage counts and the winner only; no bidder list, quoted price, evaluated amount, ranking or per-bidder rejection reason appears in any supplied document",
926607,Contract_Awards_PDFs/Tender_926607.pdf,supplier,yes,7,5,5,1,2,0,4,"Anik Trading and Construction-Fastbuild JV ( JVCA Partners [Business Share]: FASTBUILD [75.000%] , Anik Trading and Construction Limited [25.000%] )",co0278,250839121.923,no,no,yes,no,"the archive prints stage counts and the winner only; no bidder list, quoted price, evaluated amount, ranking or per-bidder rejection reason appears in any supplied document",
926623,Contract_Awards_PDFs/Tender_926623.pdf,supplier,yes,6,6,2,1,0,4,1,Nur Traders,co0279,4722959.142,no,no,no,no,"the archive prints stage counts and the winner only; no bidder list, quoted price, evaluated amount, ranking or per-bidder rejection reason appears in any supplied document",
932337,Contract_Awards_PDFs/Tender_932337.pdf,supplier,yes,7,3,1,1,4,2,0,Khokan Construction & Engineering Ltd,co0280,153774163.71,no,yes,no,no,"the archive prints stage counts and the winner only; no bidder list, quoted price, evaluated amount, ranking or per-bidder rejection reason appears in any supplied document",
935037,Contract_Awards_PDFs/Tender_935037.pdf,supplier,yes,2,2,1,1,0,1,0,RUPOKAR,co0281,4498000.001,no,yes,no,no,"the archive prints stage counts and the winner only; no bidder list, quoted price, evaluated amount, ranking or per-bidder rejection reason appears in any supplied document",
935064,Contract_Awards_PDFs/Tender_935064.pdf,supplier,yes,4,4,2,1,0,2,1,S. R. Trade International,co0282,1719003.45,no,no,no,no,"the archive prints stage counts and the winner only; no bidder list, quoted price, evaluated amount, ranking or per-bidder rejection reason appears in any supplied document",
935084,Contract_Awards_PDFs/Tender_935084.pdf,supplier,yes,5,3,3,1,2,0,2,"UCC-SC JV ( JVCA Partners [Business Share]: M/S Sunny Construction [60.000%] , The United Construction Co. [40.000%] )",co0283,42162305.121,no,no,yes,no,"the archive prints stage counts and the winner only; no bidder list, quoted price, evaluated amount, ranking or per-bidder rejection reason appears in any supplied document",
935090,Contract_Awards_PDFs/Tender_935090.pdf,supplier,yes,3,3,2,1,0,1,1,"Nur Enterprise-Amin Trading Corporation JV ( JVCA Partners [Business Share]: M/S Nur Enterprise [51.000%] , M/S. AMIN TRADING CORPORATION [49.000%] )",co0284,40484581.128,no,no,no,no,"the archive prints stage counts and the winner only; no bidder list, quoted price, evaluated amount, ranking or per-bidder rejection reason appears in any supplied document",
935093,Contract_Awards_PDFs/Tender_935093.pdf,supplier,yes,5,3,3,1,2,0,2,"NDE-UCC-SC JV ( JVCA Partners [Business Share]: M/S Sunny Construction [35.000%] , NATIONAL DEVELOPMENT ENGINEERS LTD. [40.000%] , The United Construction Co. [25.000%] )",co0285,134602376.4,no,no,yes,no,"the archive prints stage counts and the winner only; no bidder list, quoted price, evaluated amount, ranking or per-bidder rejection reason appears in any supplied document",
935863,Contract_Awards_PDFs/Tender_935863.pdf,supplier,yes,2,1,1,1,1,0,0,M/S Shapla Traders,co0286,9516411,yes,yes,yes,no,"the archive prints stage counts and the winner only; no bidder list, quoted price, evaluated amount, ranking or per-bidder rejection reason appears in any supplied document",
936176,Contract_Awards_PDFs/Tender_936176.pdf,supplier,yes,6,3,1,1,3,2,0,Optimal Technology (Pvt. ) Ltd.,co0077,4160942.1,no,yes,no,no,"the archive prints stage counts and the winner only; no bidder list, quoted price, evaluated amount, ranking or per-bidder rejection reason appears in any supplied document",
936225,Contract_Awards_PDFs/Tender_936225.pdf,supplier,yes,4,3,2,1,1,1,1,M/S TANIN ENTERPRISE,co0041,2520856.8,no,no,no,no,"the archive prints stage counts and the winner only; no bidder list, quoted price, evaluated amount, ranking or per-bidder rejection reason appears in any supplied document",
936227,Contract_Awards_PDFs/Tender_936227.pdf,supplier,yes,3,2,1,1,1,1,0,MULTITRADE INTERNATIONAL,co0043,4960174.5,no,yes,no,no,"the archive prints stage counts and the winner only; no bidder list, quoted price, evaluated amount, ranking or per-bidder rejection reason appears in any supplied document",
936248,Contract_Awards_PDFs/Tender_936248.pdf,supplier,yes,3,2,1,1,1,1,0,Concept Elevators & Engineering Ltd.,co0042,31299998.782,no,yes,no,no,"the archive prints stage counts and the winner only; no bidder list, quoted price, evaluated amount, ranking or per-bidder rejection reason appears in any supplied document",
937128,Contract_Awards_PDFs/Tender_937128.pdf,supplier,yes,2,1,1,1,1,0,0,R R Enterprise,co0276,1373069.08,yes,yes,yes,no,"the archive prints stage counts and the winner only; no bidder list, quoted price, evaluated amount, ranking or per-bidder rejection reason appears in any supplied document",
938968,Contract_Awards_PDFs/Tender_938968.pdf,supplier,yes,2,2,2,1,0,0,1,MULTITRADE INTERNATIONAL,co0043,726750.009,no,no,yes,no,"the archive prints stage counts and the winner only; no bidder list, quoted price, evaluated amount, ranking or per-bidder rejection reason appears in any supplied document",
941420,Contract_Awards_PDFs/Tender_941420.pdf,supplier,yes,2,2,2,1,0,0,1,"DIENCO-MIR AKHTER JV ( JVCA Partners [Business Share]: DIENCO LIMITED [50.000%] , MIR AKHTER HOSSAIN LIMITED [50.000%] )",co0287,806242304.971,no,no,yes,no,"the archive prints stage counts and the winner only; no bidder list, quoted price, evaluated amount, ranking or per-bidder rejection reason appears in any supplied document",
941511,Contract_Awards_PDFs/Tender_941511.pdf,supplier,yes,3,3,1,1,0,2,0,KEECO LIMITED,co0288,15234595.177,no,yes,no,no,"the archive prints stage counts and the winner only; no bidder list, quoted price, evaluated amount, ranking or per-bidder rejection reason appears in any supplied document",
941590,Contract_Awards_PDFs/Tender_941590.pdf,supplier,yes,2,2,2,1,0,0,1,MD. DOLLAR,co0289,15090531.058,no,no,yes,no,"the archive prints stage counts and the winner only; no bidder list, quoted price, evaluated amount, ranking or per-bidder rejection reason appears in any supplied document",
941603,Contract_Awards_PDFs/Tender_941603.pdf,supplier,yes,3,3,2,1,0,1,1,Md. Badrul Iqbal Ltd.,co0290,199711775.7,no,no,no,no,"the archive prints stage counts and the winner only; no bidder list, quoted price, evaluated amount, ranking or per-bidder rejection reason appears in any supplied document",
943936,Contract_Awards_PDFs/Tender_943936.pdf,supplier,yes,1,1,1,1,0,0,0,"RNYB Ltd. - Alif Enterprise JV. ( JVCA Partners [Business Share]: RN Yakub & Brothers Private Limited. [60.000%] , Alif Enterprise [40.000%] )",co0291,30185717.777,yes,yes,yes,no,"the archive prints stage counts and the winner only; no bidder list, quoted price, evaluated amount, ranking or per-bidder rejection reason appears in any supplied document",
944366,Contract_Awards_PDFs/Tender_944366.pdf,supplier,yes,2,1,1,1,1,0,0,M/S. AMIN TRADING CORPORATION,co0197,2953145.394,yes,yes,yes,no,"the archive prints stage counts and the winner only; no bidder list, quoted price, evaluated amount, ranking or per-bidder rejection reason appears in any supplied document",
944909,Contract_Awards_PDFs/Tender_944909.pdf,supplier,yes,5,4,2,1,1,2,1,Ocean Electrical Limited,co0275,24792000.192,no,no,no,no,"the archive prints stage counts and the winner only; no bidder list, quoted price, evaluated amount, ranking or per-bidder rejection reason appears in any supplied document",
945416,Contract_Awards_PDFs/Tender_945416.pdf,supplier,yes,2,2,2,1,0,0,1,M/S. Gulzar Trading,co0142,1867479.381,no,no,yes,no,"the archive prints stage counts and the winner only; no bidder list, quoted price, evaluated amount, ranking or per-bidder rejection reason appears in any supplied document",
945875,Contract_Awards_PDFs/Tender_945875.pdf,supplier,yes,2,2,1,1,0,1,0,The Gausia Metalic Products,co0292,1263578.184,no,yes,no,no,"the archive prints stage counts and the winner only; no bidder list, quoted price, evaluated amount, ranking or per-bidder rejection reason appears in any supplied document",
948434,Contract_Awards_PDFs/Tender_948434.pdf,supplier,yes,6,5,4,1,1,1,3,Momotaj Engineers Ltd.,co0003,345195688.905,no,no,no,no,"the archive prints stage counts and the winner only; no bidder list, quoted price, evaluated amount, ranking or per-bidder rejection reason appears in any supplied document",
948435,Contract_Awards_PDFs/Tender_948435.pdf,supplier,yes,2,2,2,1,0,0,1,M/S TANIN ENTERPRISE,co0041,1875194.127,no,no,yes,no,"the archive prints stage counts and the winner only; no bidder list, quoted price, evaluated amount, ranking or per-bidder rejection reason appears in any supplied document",
948446,Contract_Awards_PDFs/Tender_948446.pdf,supplier,yes,3,2,1,1,1,1,0,M/S Sunny Construction,co0053,2904340.5,no,yes,no,no,"the archive prints stage counts and the winner only; no bidder list, quoted price, evaluated amount, ranking or per-bidder rejection reason appears in any supplied document",
948448,Contract_Awards_PDFs/Tender_948448.pdf,supplier,yes,5,3,3,1,2,0,2,S.M.S. SYSTEMS,co0293,8869597.429,no,no,yes,no,"the archive prints stage counts and the winner only; no bidder list, quoted price, evaluated amount, ranking or per-bidder rejection reason appears in any supplied document",
948745,Contract_Awards_PDFs/Tender_948745.pdf,supplier,yes,5,5,1,1,0,4,0,CONVOY SERVICE,co0015,23712858.252,no,yes,no,no,"the archive prints stage counts and the winner only; no bidder list, quoted price, evaluated amount, ranking or per-bidder rejection reason appears in any supplied document",
948746,Contract_Awards_PDFs/Tender_948746.pdf,supplier,yes,12,11,5,1,1,6,4,M/S. Raju International,co0294,37161258.687,no,no,no,no,"the archive prints stage counts and the winner only; no bidder list, quoted price, evaluated amount, ranking or per-bidder rejection reason appears in any supplied document",
949817,Contract_Awards_PDFs/Tender_949817.pdf,supplier,yes,1,1,1,1,0,0,0,Nahar Construction,co0028,75000.008,yes,yes,yes,no,"the archive prints stage counts and the winner only; no bidder list, quoted price, evaluated amount, ranking or per-bidder rejection reason appears in any supplied document",
949919,Contract_Awards_PDFs/Tender_949919.pdf,supplier,yes,2,2,2,1,0,0,1,Nahar Construction,co0028,913580.494,no,no,yes,no,"the archive prints stage counts and the winner only; no bidder list, quoted price, evaluated amount, ranking or per-bidder rejection reason appears in any supplied document",
950811,Contract_Awards_PDFs/Tender_950811.pdf,supplier,yes,3,3,3,1,0,0,2,M/S Modhumati Construction,co0065,378000.021,no,no,yes,no,"the archive prints stage counts and the winner only; no bidder list, quoted price, evaluated amount, ranking or per-bidder rejection reason appears in any supplied document",
951146,Contract_Awards_PDFs/Tender_951146.pdf,supplier,yes,2,2,2,1,0,0,1,S. R. Trade International,co0282,662552.559,no,no,yes,no,"the archive prints stage counts and the winner only; no bidder list, quoted price, evaluated amount, ranking or per-bidder rejection reason appears in any supplied document",
954661,Contract_Awards_PDFs/Tender_954661.pdf,supplier,yes,1,1,1,1,0,0,0,BM Energy (BD) limited,co0295,2445000.12,yes,yes,yes,no,"the archive prints stage counts and the winner only; no bidder list, quoted price, evaluated amount, ranking or per-bidder rejection reason appears in any supplied document",
957252,Contract_Awards_PDFs/Tender_957252.pdf,supplier,yes,11,8,4,1,3,4,3,HAIDER & CO.,co0013,47768606.613,no,no,no,no,"the archive prints stage counts and the winner only; no bidder list, quoted price, evaluated amount, ranking or per-bidder rejection reason appears in any supplied document",
957254,Contract_Awards_PDFs/Tender_957254.pdf,supplier,yes,13,10,4,1,3,6,3,M/S. Sharif & Sons,co0017,50088046.635,no,no,no,no,"the archive prints stage counts and the winner only; no bidder list, quoted price, evaluated amount, ranking or per-bidder rejection reason appears in any supplied document",
957255,Contract_Awards_PDFs/Tender_957255.pdf,supplier,yes,8,8,4,1,0,4,3,M/S. Maliha Enterprise,co0109,25012452.159,no,no,no,no,"the archive prints stage counts and the winner only; no bidder list, quoted price, evaluated amount, ranking or per-bidder rejection reason appears in any supplied document",
957256,Contract_Awards_PDFs/Tender_957256.pdf,supplier,yes,10,7,1,1,3,6,0,M/S Laila Enterprise,co0296,44644840.479,no,yes,no,no,"the archive prints stage counts and the winner only; no bidder list, quoted price, evaluated amount, ranking or per-bidder rejection reason appears in any supplied document",
957875,Contract_Awards_PDFs/Tender_957875.pdf,supplier,yes,11,9,5,1,2,4,4,Nur Traders,co0279,7006021.695,no,no,no,no,"the archive prints stage counts and the winner only; no bidder list, quoted price, evaluated amount, ranking or per-bidder rejection reason appears in any supplied document",
95841,Contract_Awards_PDFs/Tender_95841.pdf,supplier,yes,54,54,0,1,0,54,-1,Md. Abdus Sobhan Dablu,co0297,475000,no,no,no,no,"the archive prints stage counts and the winner only; no bidder list, quoted price, evaluated amount, ranking or per-bidder rejection reason appears in any supplied document",a winner is named although the responsive count is zero
959288,Contract_Awards_PDFs/Tender_959288.pdf,supplier,yes,8,5,5,1,3,0,4,Gess Bangladesh,co0011,3443779.584,no,no,yes,no,"the archive prints stage counts and the winner only; no bidder list, quoted price, evaluated amount, ranking or per-bidder rejection reason appears in any supplied document",
959962,Contract_Awards_PDFs/Tender_959962.pdf,supplier,yes,3,2,2,1,1,0,1,"RNYB Ltd. - EBL - Alif JV. ( JVCA Partners [Business Share]: Escape Bangladesh Limited [25.000%] , RN Yakub & Brothers Private Limited. [40.000%] , Alif Enterprise [35.000%] )",co0298,100790743.232,no,no,yes,no,"the archive prints stage counts and the winner only; no bidder list, quoted price, evaluated amount, ranking or per-bidder rejection reason appears in any supplied document",
960601,Contract_Awards_PDFs/Tender_960601.pdf,supplier,yes,1,1,1,1,0,0,0,M/S Gazi Construction,co0074,1965000,yes,yes,yes,no,"the archive prints stage counts and the winner only; no bidder list, quoted price, evaluated amount, ranking or per-bidder rejection reason appears in any supplied document",
962656,Contract_Awards_PDFs/Tender_962656.pdf,supplier,yes,10,7,7,1,3,0,6,Gess Bangladesh,co0011,1697789.794,no,no,yes,no,"the archive prints stage counts and the winner only; no bidder list, quoted price, evaluated amount, ranking or per-bidder rejection reason appears in any supplied document",
962658,Contract_Awards_PDFs/Tender_962658.pdf,supplier,yes,7,6,6,1,1,0,5,M/s. Active International,co0299,12700200,no,no,yes,no,"the archive prints stage counts and the winner only; no bidder list, quoted price, evaluated amount, ranking or per-bidder rejection reason appears in any supplied document",
962659,Contract_Awards_PDFs/Tender_962659.pdf,supplier,yes,3,3,3,1,0,0,2,Net Planet Soft & Engineering,co0300,1249799.272,no,no,yes,no,"the archive prints stage counts and the winner only; no bidder list, quoted price, evaluated amount, ranking or per-bidder rejection reason appears in any supplied document",
963987,Contract_Awards_PDFs/Tender_963987.pdf,supplier,yes,1,1,1,1,0,0,0,H.A Enterprise,co0236,1490274.643,yes,yes,yes,no,"the archive prints stage counts and the winner only; no bidder list, quoted price, evaluated amount, ranking or per-bidder rejection reason appears in any supplied document",
965239,Contract_Awards_PDFs/Tender_965239.pdf,supplier,yes,3,3,3,1,0,0,2,M/s.Suraim Enterprise,co0205,2678023.363,no,no,yes,no,"the archive prints stage counts and the winner only; no bidder list, quoted price, evaluated amount, ranking or per-bidder rejection reason appears in any supplied document",
966347,Contract_Awards_PDFs/Tender_966347.pdf,supplier,yes,2,2,2,1,0,0,1,MECHATRONICS ENGINEERING,co0301,939670.172,no,no,yes,no,"the archive prints stage counts and the winner only; no bidder list, quoted price, evaluated amount, ranking or per-bidder rejection reason appears in any supplied document",
969450,Contract_Awards_PDFs/Tender_969450.pdf,supplier,yes,2,1,1,1,1,0,0,MEP ENGINEERING POINT,co0145,11385916.9,yes,yes,yes,no,"the archive prints stage counts and the winner only; no bidder list, quoted price, evaluated amount, ranking or per-bidder rejection reason appears in any supplied document",
969481,Contract_Awards_PDFs/Tender_969481.pdf,supplier,yes,7,5,5,1,2,0,4,Creatus Computer,co0302,9864800.395,no,no,yes,no,"the archive prints stage counts and the winner only; no bidder list, quoted price, evaluated amount, ranking or per-bidder rejection reason appears in any supplied document",
969489,Contract_Awards_PDFs/Tender_969489.pdf,supplier,yes,7,5,5,1,2,0,4,Creatus Computer,co0302,7477300.251,no,no,yes,no,"the archive prints stage counts and the winner only; no bidder list, quoted price, evaluated amount, ranking or per-bidder rejection reason appears in any supplied document",
969822,Contract_Awards_PDFs/Tender_969822.pdf,supplier,yes,2,2,2,1,0,0,1,M/S. Maliha Enterprise,co0109,2525937.3,no,no,yes,no,"the archive prints stage counts and the winner only; no bidder list, quoted price, evaluated amount, ranking or per-bidder rejection reason appears in any supplied document",
971720,Contract_Awards_PDFs/Tender_971720.pdf,supplier,yes,1,1,1,1,0,0,0,M/S Quashem Construction,co0303,174971612.328,yes,yes,yes,no,"the archive prints stage counts and the winner only; no bidder list, quoted price, evaluated amount, ranking or per-bidder rejection reason appears in any supplied document",
971832,Contract_Awards_PDFs/Tender_971832.pdf,supplier,yes,8,5,3,1,3,2,2,Nyta Computer & Technology,co0304,441661.071,no,no,no,no,"the archive prints stage counts and the winner only; no bidder list, quoted price, evaluated amount, ranking or per-bidder rejection reason appears in any supplied document",
971997,Contract_Awards_PDFs/Tender_971997.pdf,supplier,yes,2,2,2,1,0,0,1,Icon Developments & Holdings Ltd,co0305,8741984.554,no,no,yes,no,"the archive prints stage counts and the winner only; no bidder list, quoted price, evaluated amount, ranking or per-bidder rejection reason appears in any supplied document",
974362,Contract_Awards_PDFs/Tender_974362.pdf,supplier,yes,5,3,1,1,2,2,0,Donatien International,co0240,26265169.503,no,yes,no,no,"the archive prints stage counts and the winner only; no bidder list, quoted price, evaluated amount, ranking or per-bidder rejection reason appears in any supplied document",
975322,Contract_Awards_PDFs/Tender_975322.pdf,supplier,yes,3,3,2,1,0,1,1,M/S. Niaz Traders,co0001,28469847.681,no,no,no,no,"the archive prints stage counts and the winner only; no bidder list, quoted price, evaluated amount, ranking or per-bidder rejection reason appears in any supplied document",
975403,Contract_Awards_PDFs/Tender_975403.pdf,supplier,yes,1,1,1,1,0,0,0,Smart Technologies (BD) Ltd.,co0039,1798750.11,yes,yes,yes,no,"the archive prints stage counts and the winner only; no bidder list, quoted price, evaluated amount, ranking or per-bidder rejection reason appears in any supplied document",
975516,Contract_Awards_PDFs/Tender_975516.pdf,supplier,yes,8,3,3,1,5,0,2,"IH-RSE-SHJ (JV) ( JVCA Partners [Business Share]: M/S Saiful Hasan Joarder [25.000%] , M/S R. S. Enterprise [35.000%] , M/S ISMAIL HOSSAIN [40.000%] )",co0306,623250056,no,no,yes,no,"the archive prints stage counts and the winner only; no bidder list, quoted price, evaluated amount, ranking or per-bidder rejection reason appears in any supplied document",
976291,Contract_Awards_PDFs/Tender_976291.pdf,supplier,yes,1,1,1,1,0,0,0,M/S M R Enterprise,co0034,1656583.77,yes,yes,yes,no,"the archive prints stage counts and the winner only; no bidder list, quoted price, evaluated amount, ranking or per-bidder rejection reason appears in any supplied document",
976553,Contract_Awards_PDFs/Tender_976553.pdf,supplier,yes,2,2,1,1,0,1,0,MD. DOLLAR,co0289,13176504.57,no,yes,no,no,"the archive prints stage counts and the winner only; no bidder list, quoted price, evaluated amount, ranking or per-bidder rejection reason appears in any supplied document",
976770,Contract_Awards_PDFs/Tender_976770.pdf,supplier,yes,2,2,1,1,0,1,0,M/S M R Enterprise,co0034,1158632.338,no,yes,no,no,"the archive prints stage counts and the winner only; no bidder list, quoted price, evaluated amount, ranking or per-bidder rejection reason appears in any supplied document",
978265,Contract_Awards_PDFs/Tender_978265.pdf,supplier,yes,1,1,1,1,0,0,0,Nahar Construction,co0028,1219771.524,yes,yes,yes,no,"the archive prints stage counts and the winner only; no bidder list, quoted price, evaluated amount, ranking or per-bidder rejection reason appears in any supplied document",
980083,Contract_Awards_PDFs/Tender_980083.pdf,supplier,yes,5,3,2,1,2,1,1,M/S Mirza Construction,co0211,3723940.8,no,no,no,no,"the archive prints stage counts and the winner only; no bidder list, quoted price, evaluated amount, ranking or per-bidder rejection reason appears in any supplied document",
980096,Contract_Awards_PDFs/Tender_980096.pdf,supplier,yes,4,3,2,1,1,1,1,Aliza Enterprise,co0005,2499710.4,no,no,no,no,"the archive prints stage counts and the winner only; no bidder list, quoted price, evaluated amount, ranking or per-bidder rejection reason appears in any supplied document",
980099,Contract_Awards_PDFs/Tender_980099.pdf,supplier,yes,6,6,6,1,0,0,5,M/S Sunny Construction,co0053,6560583.3,no,no,yes,no,"the archive prints stage counts and the winner only; no bidder list, quoted price, evaluated amount, ranking or per-bidder rejection reason appears in any supplied document",
980158,Contract_Awards_PDFs/Tender_980158.pdf,supplier,yes,2,2,2,1,0,0,1,Aliza Enterprise,co0005,823713,no,no,yes,no,"the archive prints stage counts and the winner only; no bidder list, quoted price, evaluated amount, ranking or per-bidder rejection reason appears in any supplied document",
98112,Contract_Awards_PDFs/Tender_98112.pdf,supplier,yes,21,14,7,1,7,7,6,"M.A.H Construction Ltd,RAB-RC(PVT)Ltd and Dawn Corporation JV ( JVCA Partners [Business Share]: M/S. Dawn Corporation [0.000%] , RAB-RC (PVT) LIMITED [0.000%] , M.A.H. CONSTRUCTION LTD. [0.000%] )",co0248,31685427,no,no,no,no,"the archive prints stage counts and the winner only; no bidder list, quoted price, evaluated amount, ranking or per-bidder rejection reason appears in any supplied document",
984794,Contract_Awards_PDFs/Tender_984794.pdf,supplier,yes,5,3,2,1,2,1,1,M/S Sunny Construction,co0053,52895972.758,no,no,no,no,"the archive prints stage counts and the winner only; no bidder list, quoted price, evaluated amount, ranking or per-bidder rejection reason appears in any supplied document",
98617,Contract_Awards_PDFs/Tender_98617.pdf,supplier,yes,2,2,2,1,0,0,1,M/s Manik & Brothers,co0307,25899212.7,no,no,yes,no,"the archive prints stage counts and the winner only; no bidder list, quoted price, evaluated amount, ranking or per-bidder rejection reason appears in any supplied document",
98996,Contract_Awards_PDFs/Tender_98996.pdf,supplier,yes,6,4,1,1,2,3,0,SHAMIM ENTERPRISE (PVT) LTD,co0308,356723044.2,no,yes,no,no,"the archive prints stage counts and the winner only; no bidder list, quoted price, evaluated amount, ranking or per-bidder rejection reason appears in any supplied document",
991635,Contract_Awards_PDFs/Tender_991635.pdf,supplier,yes,4,3,3,1,1,0,2,"IH-RSE (JV) ( JVCA Partners [Business Share]: M/S R. S. Enterprise [60.000%] , M/S ISMAIL HOSSAIN [40.000%] )",co0309,442452500,no,no,yes,no,"the archive prints stage counts and the winner only; no bidder list, quoted price, evaluated amount, ranking or per-bidder rejection reason appears in any supplied document",
99692,Contract_Awards_PDFs/Tender_99692.pdf,supplier,yes,3,3,2,1,0,1,1,M Jamal & Company Limited,co0141,237118580.877,no,no,no,no,"the archive prints stage counts and the winner only; no bidder list, quoted price, evaluated amount, ranking or per-bidder rejection reason appears in any supplied document",
