id,name,match_key,other_printed_names,printed_name_variants,roles,documents,first_document,first_page,name_read_from_interleaved_layout,contracts_won,total_contract_value_taka,contracts_with_no_value_printed,first_award_date,last_award_date,tender_ids,procuring_entities,procuring_entity_count,agencies,districts,addresses_printed,tenderer_ids_printed,beneficial_owners_declared
co0001,M/S. Niaz Traders,NIAZ TRADERS,,1,contract awarded,8,Contract_Awards_PDFs/Tender_1000267.pdf,1,,8,546286288.5,0,2019-09-04,2025-05-19,1000267;1035179;1044320;1082525;293018;535719;789921;975322,Superintending Engineer (Civil Circle-3) | Development of Residential and commercial Infrastructure at Jhilmil Residential Project Area | Superintending Engineer (Civil Circle-4) | Office of the Chief Engineer (Implementation) | Purbachal New Town Project,5,Rajdhani Unnayan Kartripakkha (RAJUK),Dhaka,"154, Motijheel C/A. Masjid Market (2nd Floor), Room No.301-303, Dhaka-1000.",,0
co0002,M/s. Moni Construction,MONI CONSTRUCTION,,1,contract awarded,1,Contract_Awards_PDFs/Tender_1000426.pdf,1,,1,15808878,0,2024-09-19,2024-09-19,1000426,Office of the Project Director,1,Rajshahi Development Authority,Rajshahi,"Thikadar para, Alam Nagar, Rangpur-5402",,0
co0003,Momotaj Engineers Ltd.,MOMOTAJ ENGINEERS LTD,,1,contract awarded,10,Contract_Awards_PDFs/Tender_1000945.pdf,1,,10,853536207.97,0,2018-10-04,2025-05-19,1000945;1081213;199891;431689;431697;431707;431708;601514;826146;948434,"Construction of multi-storied apartment Buildings on 9(Nine) nos abandoned plot at Gulshan,Mohammadpur, Lalmatia & Dhanmondi, Dhaka. | Superintending Engineer (Civil Circle-4) | Office of the Chief Engineer (Implementation) | Uttara 3rd Phase Project | Purbachal New Town Project | Uttara Apartment Project | Development of Residential and commercial Infrastructure at Jhilmil Residential Project Area",7,Rajdhani Unnayan Kartripakkha (RAJUK),Dhaka,"Kha-202/c, Progatisharani, Middle Badda, Dhaka-1212.",,0
co0004,M/S. Alam & Co.,ALAM CO,,1,contract awarded,5,Contract_Awards_PDFs/Tender_1001120.pdf,1,,5,21641858.289,0,2018-07-01,2025-12-23,1001120;1173557;189828;427858;507537,"Superintending Engineer (Civil Circle-1) | Construction of multi-storied apartment Buildings on 9(Nine) nos abandoned plot at Gulshan,Mohammadpur, Lalmatia & Dhanmondi, Dhaka. | Office of the Chief Engineer (Implementation) | Purbachal New Town Project | Superintending Engineer (Civil Circle-3)",5,Rajdhani Unnayan Kartripakkha (RAJUK),Dhaka,"61, Satish Sarker Road, Gandaria, Dhaka Bangladesh",1030557,1
co0005,Aliza Enterprise,ALIZA ENTERPRISE,,1,contract awarded,14,Contract_Awards_PDFs/Tender_1001460.pdf,1,,14,43146390.771,0,2023-03-06,2026-05-10,1001460;1001461;1008545;1082495;1083760;1097226;1097756;1123494;1146510;1146511;756104;887587;980096;980158,Office of the Superintending Engineer (Mechanical) | Purbachal New Town Project | Superintending Engineer (Civil Circle-4) | Office of the Superintending Engineer (Electrical) | Superintending Engineer (Civil Circle-1),5,Rajdhani Unnayan Kartripakkha (RAJUK),Dhaka,"610, Shewrapara, Mirpur, Dhaka-1216",1126694,5
co0006,Al- Arafat Services (PVT.) Limited,AL ARAFAT SERVICES PVT LIMITED,,1,contract awarded,1,Contract_Awards_PDFs/Tender_1001613.pdf,1,,1,13217985,0,2024-10-22,2024-10-22,1001613,Superintending Engineer (Civil Circle-1),1,Rajdhani Unnayan Kartripakkha (RAJUK),Dhaka,"Ka-23, Kalachandpur (1st Floor), Baridhara, North Road, Gulshan, Dhaka-1212, Bangladesh.",,0
co0007,CPDL LTD.,CPDL LTD,,1,contract awarded,3,Contract_Awards_PDFs/Tender_1001782.pdf,1,,3,81533286.612,0,2022-10-19,2024-08-22,1001782;730799;862635,Project Director (CDA Square) | Project Director (Dewanhat),2,Chittagong Development Authority,Chattogram,"CPDL LTD. 81/A S.S Khaled Road, Chittagong-4000 Tel:-031-2854442",,0
co0008,MS TECHNOLOGIES LIMITED,MS TECHNOLOGIES LIMITED,,1,contract awarded,6,Contract_Awards_PDFs/Tender_1001843.pdf,1,,6,38557478.036,0,2022-05-10,2024-08-25,1001843;670297;780102;791688;909179;909196,"Project Director (CDA Square) | Project Director (Master Plan) | Management Information System (MIS) | Project Director (Dewanhat) | Construction Division-1, Chattogram Development Authority",5,Chittagong Development Authority,Chattogram,"MM Tower (5th), CDA Avenue Road, Besides Sanmar Ocean City, PO: Khulshi, PS: Panchlaish. Chattogram.",,0
co0009,Powercell Engineering Ltd,POWERCELL ENGINEERING LTD,,1,contract awarded,1,Contract_Awards_PDFs/Tender_1002814.pdf,1,,1,907067.988,0,2024-12-18,2024-12-18,1002814,Office of the Superintending Engineer (Electrical),1,Rajdhani Unnayan Kartripakkha (RAJUK),Dhaka,"623/1 (2nd & 3rd floor) Begum Rokeya Sarani, Kazipara, Mirpur, Dhaka-1216, Bangladesh",,0
co0010,PROPERTY DEVELOPMENT LIMITED,PROPERTY DEVELOPMENT LIMITED,,1,contract awarded,2,Contract_Awards_PDFs/Tender_1002854.pdf,1,,2,6023786.688,0,2024-12-18,2025-08-24,1002854;1081271,Office of the Superintending Engineer (Electrical),1,Rajdhani Unnayan Kartripakkha (RAJUK),Dhaka,"PRAN-RFL Center, 105 Pragati Sarani, Middle Badda, Dhaka-1212, Bangladesh",,0
co0011,Gess Bangladesh,GESS BANGLADESH,,1,contract awarded,7,Contract_Awards_PDFs/Tender_1003623.pdf,1,,7,123992774.985,0,2023-12-10,2025-05-22,1003623;1023060;1058290;1058292;842165;959288;962656,"Uttara Apartment Project | Development of Residential and commercial Infrastructure at Jhilmil Residential Project Area | Construction of multi-storied apartment Buildings on 9(Nine) nos abandoned plot at Gulshan,Mohammadpur, Lalmatia & Dhanmondi, Dhaka.",3,Rajdhani Unnayan Kartripakkha (RAJUK),Dhaka,"53-54 ,Gess Bangladesh ,Ocean City ,Chakaria ,Cox'sBazar",,0
co0012,M/S. Raquib & Brothers,RAQUIB BROTHERS,,1,contract awarded,4,Contract_Awards_PDFs/Tender_100483.pdf,1,,4,99962899.848,0,2017-04-27,2018-08-09,100483;200650;212401;91142,Project Director(Silimpur) | Project Division | Project Director(Shishukanon),3,Chittagong Development Authority,Chittagong,"34/B, Buddhist Temple Road, Nandankanan, Chittagong.",,0
co0013,HAIDER & CO.,HAIDER CO,,1,contract awarded,7,Contract_Awards_PDFs/Tender_1007300.pdf,1,,7,199157176.08,0,2020-10-21,2025-03-27,1007300;1008547;1071058;431706;827548;870259;957252,Superintending Engineer (Civil Circle-4) | Purbachal New Town Project | Uttara 3rd Phase Project,3,Rajdhani Unnayan Kartripakkha (RAJUK),Dhaka,"1/1 KAMALAPUR BAZAR ROAD, DHAKA",,0
co0014,T.S Enterprise,T S ENTERPRISE,,1,contract awarded,12,Contract_Awards_PDFs/Tender_1008472.pdf,1,,12,25688962.253,0,2019-08-04,2026-06-24,1008472;1023057;1023061;1059690;1186179;1189629;1205162;1272697;294388;536842;639927;755274,"Office of the Superintending Engineer (Electrical) | Uttara Apartment Project | Office of the Superintending Engineer (Mechanical) | office of the Chief Engineer ( Project & Design) | Construction of multi-storied apartment Buildings on 9(Nine) nos abandoned plot at Gulshan,Mohammadpur, Lalmatia & Dhanmondi, Dhaka.",5,Rajdhani Unnayan Kartripakkha (RAJUK),Dhaka,"28, Malibagh Chowdhury Para, Dhaka.",1045849,4
co0015,CONVOY SERVICE,CONVOY SERVICE,,1,contract awarded,3,Contract_Awards_PDFs/Tender_1008542.pdf,1,,3,41624521.362,0,2018-10-15,2024-10-17,1008542;214275;948745,Purbachal New Town Project | Office of the Chief Engineer (Implementation) | Superintending Engineer (Civil Circle-4),3,Rajdhani Unnayan Kartripakkha (RAJUK),Dhaka,"ABC Skyrise Tower, Level 2 Shahjalal Avenue, Sector No. 04, Uttara, Dhaka-1230, Bangladesh.",,0
co0016,M/S. A. R. Enterprise,A R ENTERPRISE,,1,contract awarded,15,Contract_Awards_PDFs/Tender_1008543.pdf,1,,15,192353107.927,0,2017-11-23,2025-05-19,1008543;1013268;1069558;1069559;1082496;119545;174720;214247;251227;514341;601519;620619;661661;789918;870260,Purbachal New Town Project | Superintending Engineer (Civil Circle-4) | Office of the Chief Engineer (Implementation) | Superintending Engineer (Civil Circle-1),4,Rajdhani Unnayan Kartripakkha (RAJUK),Dhaka,"House-08, Road-02, Diyabari, Uttara, Dhaka-1230 Contact No:01935968075, 01707568905",,0
co0017,M/S. Sharif & Sons,SHARIF SONS,,1,contract awarded,5,Contract_Awards_PDFs/Tender_1008544.pdf,1,,5,147739484.296,0,2022-01-26,2026-05-21,1008544;1186178;616293;920946;957254,Purbachal New Town Project | Office of the Superintending Engineer (Electrical),2,Rajdhani Unnayan Kartripakkha (RAJUK),Dhaka,"Eastern Arzoo, Suite No: 11/08, 61, Bijoynagar, Dhaka-1000.",1007117,1
co0018,M/s Mithila Enterprise,MITHILA ENTERPRISE,,1,contract awarded,1,Contract_Awards_PDFs/Tender_1008546.pdf,1,,1,6253553.025,0,2024-10-17,2024-10-17,1008546,Purbachal New Town Project,1,Rajdhani Unnayan Kartripakkha (RAJUK),Dhaka,"HOUSE NO 7, ROAD NO 3, NIKUNJA-2, KHILKHET, DHAKA-1229.",,0
co0019,Starlite Services Limited,STARLITE SERVICES LIMITED,,1,contract awarded,7,Contract_Awards_PDFs/Tender_1008548.pdf,1,,7,312151343.182,0,2020-10-21,2025-08-17,1008548;1060379;1082494;431701;601520;667693;889937,Purbachal New Town Project | Development of Residential and commercial Infrastructure at Jhilmil Residential Project Area | Superintending Engineer (Civil Circle-4) | Uttara 3rd Phase Project | Gulshan-Banani-Baridhara Lake Development Project,5,Rajdhani Unnayan Kartripakkha (RAJUK),Dhaka,"Planners Tower(16th Floor), Suit No: 8-11,13/A, Sonargaon Road, Dhaka-1000.",,0
co0020,M.A. COMPUTER,M A COMPUTER,,1,contract awarded,2,Contract_Awards_PDFs/Tender_1009276.pdf,1,,2,1745811.177,0,2019-02-06,2024-09-10,1009276;262818,Office of the Assistant Programmer,1,Khulna Development Authority (KDA),Khulna,"3/4, KHULNA COMPUTER CITY, JALIL TOWER (1ST FLOOR), 77, KHAN-A-SABUR ROAD, KHULNA-9000.",,0
co0021,NURJAHAN ENTERPRISE,NURJAHAN ENTERPRISE,,1,contract awarded,1,Contract_Awards_PDFs/Tender_1010247.pdf,1,,1,1111999.96,0,2024-10-01,2024-10-01,1010247,Office of Exen (Maintenance),1,Khulna Development Authority (KDA),Khulna,"10/A, ROAD-6, PLOT-1, MIRPUR, Pallabi",,0
co0022,M/S. Mohshin & Brothers,MOHSHIN BROTHERS,,1,contract awarded,2,Contract_Awards_PDFs/Tender_101083.pdf,1,,2,8666967.168,0,2017-06-11,2019-07-17,101083;303865,Project Director(DC Road) | Project Director(Mohammad Hasan),2,Chittagong Development Authority,Chittagong;Chattogram,"Kader Villa 1st Floor ,O R, Nizam Road Chittagong",,0
co0023,M/S Udayan Builders,UDAYAN BUILDERS,,1,contract awarded,6,Contract_Awards_PDFs/Tender_1011370.pdf,1,,6,154196630.595,0,2018-12-03,2025-03-27,1011370;1069560;202993;431692;431699;601511,Purbachal New Town Project | Office of the Chief Engineer (Implementation) | Uttara 3rd Phase Project,3,Rajdhani Unnayan Kartripakkha (RAJUK),Dhaka,"Dhaka Trtade Centre,Level #15, Block # H 99 Kazi Nazrul Islam Avenue, Kawran Bazar C/A, Dhaka-1215",,0
co0024,M/S. ROKEYA TRADERS,ROKEYA TRADERS,,1,contract awarded,1,Contract_Awards_PDFs/Tender_1013009.pdf,1,,1,1220698.956,0,2024-10-15,2024-10-15,1013009,Office of Exen (Maintenance),1,Khulna Development Authority (KDA),Khulna,"Dorbesh Chamber, Railway Hospital Road, Khulna",,0
co0025,M/s Shafique and Sons,SHAFIQUE AND SONS,,1,contract awarded,4,Contract_Awards_PDFs/Tender_1013270.pdf,1,,4,158309972.919,0,2019-07-01,2025-03-09,1013270;1060891;251224;431704,Superintending Engineer (Civil Circle-4) | Purbachal New Town Project | Office of the Chief Engineer (Implementation) | Uttara 3rd Phase Project,4,Rajdhani Unnayan Kartripakkha (RAJUK),Dhaka,"Cha-72/1, North Badda, Badda Tower (10th FL), Badda, Dhaka-1212",,0
co0026,M/S Raj Development Construction,RAJ DEVELOPMENT CONSTRUCTION,,1,contract awarded,2,Contract_Awards_PDFs/Tender_1014738.pdf,1,,2,11494052.244,0,2022-06-23,2024-12-12,1014738;684610,Office of the Superintending Engineer (Electrical) | Superintending Engineer (Civil Circle-1),2,Rajdhani Unnayan Kartripakkha (RAJUK),Dhaka,"Dogair Natun Utturpara, Sarulia, Demra, Dhaka",,0
co0027,Sumon Enterprise,SUMON ENTERPRISE,,1,contract awarded,3,Contract_Awards_PDFs/Tender_1016323.pdf,1,,3,15946220.492,0,2024-11-07,2025-12-31,1016323;1152671;1183835,"Cox's Bazar Development Authority | Office of the Project Director, CoxDA Residential Flat Project-1",2,Cox's Bazar Development Authority,Cox's Bazar,"House#8, Avenue#2, Block#G, Sec#2, Mirpur, Dhaka-1216",1036497,1
co0028,Nahar Construction,NAHAR CONSTRUCTION,,1,contract awarded,14,Contract_Awards_PDFs/Tender_1016492.pdf,1,,14,10844341.446,0,2024-03-11,2025-12-31,1016492;1016870;1024517;1148941;1150442;1150459;1150469;1160337;1163354;1172101;1184470;949817;949919;978265,Cox's Bazar Development Authority,1,Cox's Bazar Development Authority,Cox's Bazar,"2/1, Mobarok mension, Janata road, Tekpara, Cox'sbazar-4700, Bangladesh.",1094543,4
co0029,The Continantal Builders,THE CONTINANTAL BUILDERS,,1,contract awarded,2,Contract_Awards_PDFs/Tender_1023051.pdf,1,,2,21446116.9,0,2022-03-16,2025-01-23,1023051;647346,Uttara Apartment Project | Uttara 3rd Phase Project,2,Rajdhani Unnayan Kartripakkha (RAJUK),Dhaka,"370/A Khilgaon, Tilpapara, Dhaka.",,0
co0030,Speed Engineers & Technology.,SPEED ENGINEERS TECHNOLOGY,,1,contract awarded,1,Contract_Awards_PDFs/Tender_1023052.pdf,1,,1,10448400.407,0,2025-01-19,2025-01-19,1023052,Uttara Apartment Project,1,Rajdhani Unnayan Kartripakkha (RAJUK),Dhaka,"Plot No-711/1-2, Road No-11, Baitul Aman Housing Society,Adabor, Shyamoli ,Dhaka-1207,Bangladesh.",,0
co0031,WALTON HI-TECH INDUSTRIES PLC.,WALTON HI TECH INDUSTRIES PLC,,1,contract awarded,3,Contract_Awards_PDFs/Tender_1023053.pdf,1,,3,25091231.247,0,2025-02-04,2025-05-22,1023053;1058291;1058293,Uttara Apartment Project | Development of Residential and commercial Infrastructure at Jhilmil Residential Project Area,2,Rajdhani Unnayan Kartripakkha (RAJUK),Dhaka,"Plot-1088,Block-I,Bashundhara R/A, P.O-Khilkhet, P.S- Vatara, Dhaka-1229",,0
co0032,M/S. Miaze Enterprise,MIAZE ENTERPRISE,,1,contract awarded,1,Contract_Awards_PDFs/Tender_1023054.pdf,1,,1,2499992.21,0,2025-02-20,2025-02-20,1023054,Uttara Apartment Project,1,Rajdhani Unnayan Kartripakkha (RAJUK),Dhaka,"Plot # 1,1/1 Naya Paltan Rupayan Taj, Office Suit-D1, Box Culvert Road, Dhaka-1000, Bangladesh.",,0
co0033,M/S. Amanat Enterprise,AMANAT ENTERPRISE,,1,contract awarded,1,Contract_Awards_PDFs/Tender_1023333.pdf,1,,1,11731574.383,0,2025-03-19,2025-03-19,1023333,"Construction Division-1, Chattogram Development Authority",1,Chittagong Development Authority,Chattogram,"39, Urdu Road, Lalbag, Dhaka",,0
co0034,M/S M R Enterprise,M R ENTERPRISE,,1,contract awarded,4,Contract_Awards_PDFs/Tender_1024374.pdf,1,,4,4724103.897,0,2024-05-15,2024-12-18,1024374;1039767;976291;976770,Cox's Bazar Development Authority | CoxDA Master Plan,2,Cox's Bazar Development Authority,Cox's Bazar,"23/D, Puran Paltan Line, Dhaka, PO-1000",,0
co0035,PAVILLION BUILDERS,PAVILLION BUILDERS,,1,contract awarded,1,Contract_Awards_PDFs/Tender_1024391.pdf,1,,1,1350000.001,0,2024-11-14,2024-11-14,1024391,Cox's Bazar Development Authority,1,Cox's Bazar Development Authority,Cox's Bazar,"LIGHT HOUSE ROAD ,KOLATOLI COXBAZAR",,0
co0036,Jahan Enterprise,JAHAN ENTERPRISE,,1,contract awarded,2,Contract_Awards_PDFs/Tender_1024467.pdf,1,,2,2485820.946,0,2024-11-14,2024-12-04,1024467;1024943,Cox's Bazar Development Authority,1,Cox's Bazar Development Authority,Cox's Bazar,"115/A, Tejturibazar Choklane East Rajabazar. Dhaka 1215.",,0
co0037,Lucky Star,LUCKY STAR,,1,contract awarded,1,Contract_Awards_PDFs/Tender_1024525.pdf,1,,1,481950.477,0,2024-11-20,2024-11-20,1024525,Cox's Bazar Development Authority,1,Cox's Bazar Development Authority,Cox's Bazar,"790/3-A,West Kajipara,Mirpur,Dhaka-1216,Bangladesh.",,0
co0038,M/S Kamol Trade International,KAMOL TRADE INTERNATIONAL,,1,contract awarded,2,Contract_Awards_PDFs/Tender_1024787.pdf,1,,2,2325254.357,0,2024-11-18,2024-11-20,1024787;1024948,Cox's Bazar Development Authority,1,Cox's Bazar Development Authority,Cox's Bazar,"Kader Shopping mall,10 hatkhola, Frist Floor Suit No:-F-11 Dhaka-1203",,0
co0039,Smart Technologies (BD) Ltd.,SMART TECHNOLOGIES BD LTD,,1,contract awarded,8,Contract_Awards_PDFs/Tender_1024807.pdf,1,,8,63642684.968,0,2018-06-05,2025-12-31,1024807;1185193;178196;564502;834339;837643;837644;975403,"Cox's Bazar Development Authority | Office of the Project Director, Urban Resilience Project-RAJUK Part,RAJUK,Dhaka | CoxDA Master Plan",3,Cox's Bazar Development Authority | Rajdhani Unnayan Kartripakkha (RAJUK),Cox's Bazar;Dhaka,"Jahir Smart Tower, 205/1 and 205/1/A, West Kafrul, Begum Rokeya Sharani, Dhaka-1206, Bangladesh",1010312,2
co0040,md abu musa,MD ABU MUSA,,1,contract awarded,1,Contract_Awards_PDFs/Tender_1028832.pdf,1,,1,8988920.1,0,2024-11-20,2024-11-20,1028832,Project Director (CDA Square),1,Chittagong Development Authority,Chattogram,"goshail danga, bohutola moshjid road, chittagong.",,0
co0041,M/S TANIN ENTERPRISE,TANIN ENTERPRISE,,1,contract awarded,9,Contract_Awards_PDFs/Tender_1030720.pdf,1,,9,22333382.964,0,2019-08-05,2024-12-11,1030720;316510;376450;622539;622586;828053;891746;936225;948435,Office of the Superintending Engineer (Electrical) | office of the Chief Engineer ( Project & Design),2,Rajdhani Unnayan Kartripakkha (RAJUK),Dhaka,"150 MOTIJHEEL, NAHAR MANSION 3RD FLOOR, C/A DHAKA.",,0
co0042,Concept Elevators & Engineering Ltd.,CONCEPT ELEVATORS ENGINEERING LTD,,1,contract awarded,12,Contract_Awards_PDFs/Tender_1031714.pdf,1,,12,165362120.483,0,2021-08-09,2025-06-15,1031714;1062494;1082896;591591;592175;614373;637169;699109;737121;858747;888738;936248,"Office of the Superintending Engineer (Electrical) | Construction of multi-storied apartment Buildings on 9(Nine) nos abandoned plot at Gulshan,Mohammadpur, Lalmatia & Dhanmondi, Dhaka. | Uttara Apartment Project | Purbachal New Town Project",4,Rajdhani Unnayan Kartripakkha (RAJUK),Dhaka,"Reg. Office: 656, Road-14, Baitul Aman Housing Society Adabor, Mohammadpur, Dhaka-1207",,0
co0043,MULTITRADE INTERNATIONAL,MULTITRADE INTERNATIONAL,,1,contract awarded,6,Contract_Awards_PDFs/Tender_1031800.pdf,1,,6,44936140.73,0,2023-02-27,2026-06-28,1031800;1207637;747343;887588;936227;938968,Office of the Superintending Engineer (Mechanical) | Development of Residential and commercial Infrastructure at Jhilmil Residential Project Area | Office of the Superintending Engineer (Electrical),3,Rajdhani Unnayan Kartripakkha (RAJUK),Dhaka,"113/2/1 BCC ROAD, 1ST FLOOR, WARI, DHAKA-1203",1052936,1
co0044,S.A Enterprise,S A ENTERPRISE,,1,contract awarded,1,Contract_Awards_PDFs/Tender_1037582.pdf,1,,1,4699837.507,0,2024-12-17,2024-12-17,1037582,Office of the Project Director (KDA Bus Terminal),1,Khulna Development Authority (KDA),Khulna,"1/1, Sabujbag, Charerhat Main Road, Khalishpur, Khulna.",,0
co0045,Sohel Engineering & Construction Ltd.,SOHEL ENGINEERING CONSTRUCTION LTD,,1,contract awarded,4,Contract_Awards_PDFs/Tender_1056195.pdf,1,,4,205000000.434,0,2018-05-03,2025-10-16,1056195;1109365;1134396;146449,Office of the Superintending Engineer (Mechanical) | office of the Chief Engineer ( Project & Design),2,Rajdhani Unnayan Kartripakkha (RAJUK),Dhaka,"Tropicana Tower (3rd Floor), 218 Shaheed Syed Nazrul Islam Saranee, Dhaka-1000",,4
co0046,"Convoy Service JV ( JVCA Partners [Business Share]: CONVOY SERVICE [49.000%] , Starlite Services Limited [51.000%] )",CONVOY SERVICE JV JVCA PARTNERS BUSINESS SHARE CONVOY SERVICE 49 000 STARLITE SERVICES LIMITED 51 000,,1,contract awarded,1,Contract_Awards_PDFs/Tender_1060380.pdf,1,,1,68007492.722,0,2025-08-17,2025-08-17,1060380,Development of Residential and commercial Infrastructure at Jhilmil Residential Project Area,1,Rajdhani Unnayan Kartripakkha (RAJUK),Dhaka,"ABC Skyrise Tower, Level 2 Shahjalal Avenue, Sector No. 04, Uttara, Dhaka-1230, Bangladesh.",,0
co0047,"KSBL-TSE JOINT VENTURE ( JVCA Partners [Business Share]: Khan and Sons (Bangladesh) Limited [51.000%] , T.S Enterprise [49.000%] )",KSBL TSE JOINT VENTURE JVCA PARTNERS BUSINESS SHARE KHAN AND SONS BANGLADESH LIMITED 51 000 T S ENTERPRISE 49 000,,1,contract awarded,1,Contract_Awards_PDFs/Tender_1060890.pdf,1,,1,18177929.928,0,2025-03-27,2025-03-27,1060890,Purbachal New Town Project,1,Rajdhani Unnayan Kartripakkha (RAJUK),Dhaka,"Al-Khalif Trust Tower (1st Floor), 92, Arambag, Motijheel C/A, Dhaka-1000.00",,0
co0048,"TCEL TE JV ( JVCA Partners [Business Share]: THE CIVIL ENGINEERS LIMITED [50.000%] , M/S TAJEEM ENTERPRISE [50.000%] )",TCEL TE JV JVCA PARTNERS BUSINESS SHARE THE CIVIL ENGINEERS LIMITED 50 000 M S TAJEEM ENTERPRISE 50 000,,1,contract awarded,1,Contract_Awards_PDFs/Tender_1060895.pdf,1,,1,111101507.721,0,2025-03-18,2025-03-18,1060895,Purbachal New Town Project,1,Rajdhani Unnayan Kartripakkha (RAJUK),Dhaka,"197, Dr. Kudrat-e-khuda Road(Judge Goli), Elephant Road, Dhaka-1205, Bangladesh",,0
co0049,AK- Amin Development Co. Limited,AK AMIN DEVELOPMENT CO LIMITED,,1,contract awarded,1,Contract_Awards_PDFs/Tender_1069561.pdf,1,,1,35630010.783,0,2025-03-18,2025-03-18,1069561,Purbachal New Town Project,1,Rajdhani Unnayan Kartripakkha (RAJUK),Dhaka,"Mir Mahbub Tower, 304, Sheikh Mujib Road, Dewanhat, Double Muring, Chattogram, PO : 4100, Bangladesh",,0
co0050,"M/s. SS & MT (JV) ( JVCA Partners [Business Share]: Monir Engineering And Construction Ltd. [49.000%] , M/S. Sharif & Sons [51.000%] )",SS MT JV JVCA PARTNERS BUSINESS SHARE MONIR ENGINEERING AND CONSTRUCTION LTD 49 000 M S SHARIF SONS 51 000,,1,contract awarded,1,Contract_Awards_PDFs/Tender_1069562.pdf,1,,1,42619653.995,0,2025-03-18,2025-03-18,1069562,Purbachal New Town Project,1,Rajdhani Unnayan Kartripakkha (RAJUK),Dhaka,"61, Bijoy Nagar, Eastern Arzoo, Suit No: 11/08, Dhaka-1000.",,0
co0051,"SSL- CONVOY JV ( JVCA Partners [Business Share]: CONVOY SERVICE [49.000%] , Starlite Services Limited [51.000%] )",SSL CONVOY JV JVCA PARTNERS BUSINESS SHARE CONVOY SERVICE 49 000 STARLITE SERVICES LIMITED 51 000,,1,contract awarded,1,Contract_Awards_PDFs/Tender_1069564.pdf,1,,1,77163422.058,0,2025-03-16,2025-03-16,1069564,Purbachal New Town Project,1,Rajdhani Unnayan Kartripakkha (RAJUK),Dhaka,"ABC Skyrise Tower, Level 2 Shahjalal Avenue, Sector No. 04, Uttara, Dhaka-1230, Bangladesh.",,0
co0052,Intimacy Computer & Solutions,INTIMACY COMPUTER SOLUTIONS,,1,contract awarded,1,Contract_Awards_PDFs/Tender_1072723.pdf,1,,1,2323957.303,0,2025-06-22,2025-06-22,1072723,Office of the Assistant Programmer,1,Khulna Development Authority (KDA),Khulna,"28/C-3 Toyenbee Circular Road (1st Floor), Motijheel C/A, Dhaka",,0
co0053,M/S Sunny Construction,SUNNY CONSTRUCTION,,1,contract awarded,11,Contract_Awards_PDFs/Tender_1074002.pdf,1,,11,93602411.71,0,2021-04-29,2025-12-30,1074002;1146506;1147755;517916;536846;616294;685885;775518;948446;980099;984794,Office of the Superintending Engineer (Electrical) | Purbachal New Town Project | Uttara Apartment Project,3,Rajdhani Unnayan Kartripakkha (RAJUK),Dhaka,"58/Cha/1,Tejturi Bazar Chak,West Razabazar,Dhaka-1215",,0
co0054,NATIONAL DEVELOPMENT ENGINEERS LTD.,NATIONAL DEVELOPMENT ENGINEERS LTD,,1,contract awarded,3,Contract_Awards_PDFs/Tender_1074661.pdf,1,,3,1031477789.141,0,2020-10-08,2025-05-24,1074661;448324;597090,Office of the Superintending Engineer (Electrical) | Cox's Bazar Development Authority | Uttara Apartment Project,3,Rajdhani Unnayan Kartripakkha (RAJUK) | Cox's Bazar Development Authority,Dhaka;Cox's Bazar,"House No. # 22, Road # 04, Block - C, Banani, Dhaka-1213",,0
co0055,Rangs Limited,RANGS LIMITED,,1,contract awarded,4,Contract_Awards_PDFs/Tender_1076521.pdf,1,,4,19979000.006,0,2019-06-11,2025-04-15,1076521;317767;688763;688794,Office of Exen (Maintenance) | Office of Planning Officer,2,Khulna Development Authority (KDA),Khulna,"215, Bir Uttam Mir Shawkat Sarak, Tejgaon I/A, Dhaka-1208",,0
co0056,Otobi Limited,OTOBI LIMITED,,1,contract awarded,1,Contract_Awards_PDFs/Tender_1077063.pdf,1,,1,1370110.118,0,2025-09-02,2025-09-02,1077063,Office of the Superintending Engineer (Mechanical),1,Rajdhani Unnayan Kartripakkha (RAJUK),Dhaka,"OTOBI Limited, OTOBI Centre (3rd Floor), Plot-12, Block CWS(C) Gulshan South Avenue, Gulshan-1, Dhaka-1212",,0
co0057,DAFFODIL ELECTRIC COMPANY LIMITED,DAFFODIL ELECTRIC COMPANY LIMITED,,1,contract awarded,1,Contract_Awards_PDFs/Tender_1083479.pdf,1,,1,403200.072,0,2025-08-24,2025-08-24,1083479,Office of the Superintending Engineer (Electrical),1,Rajdhani Unnayan Kartripakkha (RAJUK),Dhaka,"Kazi Tower, Flat 6B, 86, Inner Circular VIP Road Naya Paltan, Dhaka-1000.",,0
co0058,TD Trading,TD TRADING,,1,contract awarded,1,Contract_Awards_PDFs/Tender_108836.pdf,1,,1,35818234.168,0,2017-08-23,2017-08-23,108836,Project Director (Muradpur Flyover),1,Chittagong Development Authority,Chittagong,"233/450 Ramna Market, Electrict Lane, Hotel Unique, Reazuddin Bazar, Chittagong",,0
co0059,The United Construction Co.,THE UNITED CONSTRUCTION CO,,1,contract awarded,2,Contract_Awards_PDFs/Tender_1094618.pdf,1,,2,988176301.556,0,2018-12-04,2025-04-20,1094618;209736,Uttara Apartment Project | Office of the Chief Engineer (Implementation),2,Rajdhani Unnayan Kartripakkha (RAJUK),Dhaka,"House # 300/1, South Monipur, Mirpur, Dhaka 1216.",,0
co0060,Evergreen Printing press,EVERGREEN PRINTING PRESS,,1,contract awarded,2,Contract_Awards_PDFs/Tender_1096839.pdf,1,,2,7024176.705,0,2024-02-12,2025-09-21,1096839;882632,Director (Admin),1,Rajdhani Unnayan Kartripakkha (RAJUK),Dhaka,"2/3 Mohini Mohon Das Lane Shambazar,Dhaka-1100",,0
co0061,ENOVA COMMUNICATIONS,ENOVA COMMUNICATIONS,,1,contract awarded,1,Contract_Awards_PDFs/Tender_1096909.pdf,1,,1,2249250,0,2025-09-21,2025-09-21,1096909,Director (Admin),1,Rajdhani Unnayan Kartripakkha (RAJUK),Dhaka,"71, Fakirapool, Motijheel, Dhaka-1000",,0
co0062,The Engineers & Architects Limited,THE ENGINEERS ARCHITECTS LIMITED,,1,contract awarded,2,Contract_Awards_PDFs/Tender_110297.pdf,1,,2,787786007.679,0,2017-11-16,2020-02-03,110297;383988,Project Director (Saltgola) | Office of the Chairman,2,Chittagong Development Authority | Rajshahi Development Authority,Chittagong;Rajshahi,"10 Toyenbee Circular Road, Motijheel C/A, Dhaka.",,0
co0063,Md Rafiqul Islam.,MD RAFIQUL ISLAM,,1,contract awarded,1,Contract_Awards_PDFs/Tender_111480.pdf,1,,1,3560581.224,0,2017-09-19,2017-09-19,111480,"Office of the Executive Engineer, LGED, Satkhira",1,Local Government Engineering Department (LGED),Satkhira,"Situlpur, Kaligonj, Satkhira.",,0
co0064,KHAN BROTHERS ENERGY CONSORTIUM,KHAN BROTHERS ENERGY CONSORTIUM,,1,contract awarded,1,Contract_Awards_PDFs/Tender_1117569.pdf,1,,1,8969879.463,0,2025-07-28,2025-07-28,1117569,"Construction of multi-storied apartment Buildings on 9(Nine) nos abandoned plot at Gulshan,Mohammadpur, Lalmatia & Dhanmondi, Dhaka.",1,Rajdhani Unnayan Kartripakkha (RAJUK),Dhaka,"11/A,Main Road-3,Plot-10,Pallabi; Pallabi PS; Dhaka-1216; Bangladesh (Present Address: 63/4, Panthanivas - 2, Lake Circus Kalabagan, Panthapath, Dhaka - 1205)",,0
co0065,M/S Modhumati Construction,MODHUMATI CONSTRUCTION,,1,contract awarded,2,Contract_Awards_PDFs/Tender_1119438.pdf,1,,2,708670.115,0,2024-04-02,2025-06-19,1119438;950811,Cox's Bazar Development Authority,1,Cox's Bazar Development Authority,Cox's Bazar,"East Karulia, Munshirbil, Karulia, Coxs Bazar",,0
co0066,Abdul Monem Ltd,ABDUL MONEM LTD,,1,contract awarded,1,Contract_Awards_PDFs/Tender_112012.pdf,1,,1,899353315.989,0,2017-12-31,2017-12-31,112012,Office of the Chairman,1,Rajshahi Development Authority,Rajshahi,"Monem Business District, 111, Bir Uttam C.R. Datta Road (Sonargaon Road), Dhaka - 1205",,0
co0067,S.A.K. ENTERPRISE,S A K ENTERPRISE,,1,contract awarded,1,Contract_Awards_PDFs/Tender_1121584.pdf,1,,1,1351952.357,0,2025-06-19,2025-06-19,1121584,Cox's Bazar Development Authority,1,Cox's Bazar Development Authority,Cox's Bazar,"Advocate MD. Ali Market (1st Floor) Main Road, Kalordokan, Cox's Bazar Pourashava",,0
co0068,M/S. Haroon & Brothers,HAROON BROTHERS,,1,contract awarded,1,Contract_Awards_PDFs/Tender_1128572.pdf,1,,1,1875002.607,0,2025-07-30,2025-07-30,1128572,"Project Director(M.Uddin), Chittagong Development Authority",1,Chittagong Development Authority,Chattogram,16 north nalapara,,0
co0069,GUARD FORCE SERVICES & HUMAN RESOURCE,GUARD FORCE SERVICES HUMAN RESOURCE,,1,contract awarded,1,Contract_Awards_PDFs/Tender_113428.pdf,1,,1,4581878.13,0,2017-11-21,2017-11-21,113428,Office of the Chief Engineer (Implementation),1,Rajdhani Unnayan Kartripakkha (RAJUK),Dhaka,"House # 79, Road # 9A, Dhanmondi R/A, Dhaka-1209.",,0
co0070,TECHNO SOLUTION,TECHNO SOLUTION,,1,contract awarded,1,Contract_Awards_PDFs/Tender_1135936.pdf,1,,1,4522500,0,2025-11-05,2025-11-05,1135936,Office of the Superintending Engineer (Electrical),1,Rajdhani Unnayan Kartripakkha (RAJUK),Dhaka,"KA-11/9,Bashundhara Road,Dhaka-1229",,0
co0071,M/S MEHNUR TRADERS,MEHNUR TRADERS,,1,contract awarded,1,Contract_Awards_PDFs/Tender_1138415.pdf,1,,1,1461741.579,0,2026-05-12,2026-05-12,1138415,"Construction of multi-storied apartment Buildings on 9(Nine) nos abandoned plot at Gulshan,Mohammadpur, Lalmatia & Dhanmondi, Dhaka.",1,Rajdhani Unnayan Kartripakkha (RAJUK),Dhaka,"East Bamonsur, Ati,Keranigonj,Dhaka.",1070119,1
co0072,M/S. Mehezabin Enterprise,MEHEZABIN ENTERPRISE,,1,contract awarded,2,Contract_Awards_PDFs/Tender_1140010.pdf,1,,2,7013879.1,0,2025-12-17,2025-12-17,1140010;1140011,Office of the Superintending Engineer (Mechanical),1,Rajdhani Unnayan Kartripakkha (RAJUK),Dhaka,20/21/B Gonoktuli Lane Hazaribagh Dhaka-1205,,0
co0073,Mechanism Trade & Engineering Ltd.,MECHANISM TRADE ENGINEERING LTD,,1,contract awarded,1,Contract_Awards_PDFs/Tender_1140112.pdf,1,,1,4499844.64,0,2025-11-17,2025-11-17,1140112,Office of the Chairman,1,Rajshahi Development Authority,Rajshahi,"House#21. Level-7, Sonargaon Janapath Road, Sector#07, Uttara",,0
co0074,M/S Gazi Construction,GAZI CONSTRUCTION,,1,contract awarded,2,Contract_Awards_PDFs/Tender_1140113.pdf,1,,2,3583510.554,0,2024-04-09,2025-11-17,1140113;960601,Office of the Chairman,1,Rajshahi Development Authority,Rajshahi,"Holding-34, Bokhtiarbad, Sopura, Boalia, Rajshahi-6203",,0
co0075,M/S HOSSAIN ENTERPRISE,HOSSAIN ENTERPRISE,,1,contract awarded,1,Contract_Awards_PDFs/Tender_1142188.pdf,1,,1,12771417.6,0,2025-11-17,2025-11-17,1142188,Office of the Chairman,1,Rajshahi Development Authority,Rajshahi,"House No. 180, Ramchandrapur, Ghoramara, Boalia, Rajshahi.",,0
co0076,M/S. R S A TRADE INTERNATIONAL,R S A TRADE INTERNATIONAL,,1,contract awarded,1,Contract_Awards_PDFs/Tender_114570.pdf,1,,1,4197894.516,0,2017-10-08,2017-10-08,114570,Project Director (MehedibagSQ),1,Chittagong Development Authority,Chittagong,"62, Alkoron Road, Kotwali, Chittagong",,0
co0077,Optimal Technology (Pvt. ) Ltd.,OPTIMAL TECHNOLOGY PVT LTD,,1,contract awarded,5,Contract_Awards_PDFs/Tender_1146509.pdf,1,,5,118582844.719,0,2020-05-10,2026-01-11,1146509;427350;549299;549431;936176,"Office of the Superintending Engineer (Electrical) | Office of the Project Director, Urban Resilience Project-RAJUK Part,RAJUK,Dhaka | Cox's Bazar Development Authority",3,Rajdhani Unnayan Kartripakkha (RAJUK) | Cox's Bazar Development Authority,Dhaka;Cox's Bazar,"186, Shahid Sayed Nazrul Islam Soroni & 40, Bijoy Nagar, Ally's Center,Dhaka-1000.Bangladesh",,7
co0078,M/S Misbah Enterprise,MISBAH ENTERPRISE,,1,contract awarded,1,Contract_Awards_PDFs/Tender_1150077.pdf,1,,1,801203.845,0,2025-10-29,2025-10-29,1150077,Cox's Bazar Development Authority,1,Cox's Bazar Development Authority,Cox's Bazar,"Mosjit Road, Tekpara, Coxs Bazar Pourashava, Coxs Bazar",,0
co0079,Charm Limited,CHARM LIMITED,,1,contract awarded,1,Contract_Awards_PDFs/Tender_1152584.pdf,1,,1,10645125.197,0,2025-10-13,2025-10-13,1152584,"Office of the Project Director, CoxDA Residential Flat Project-1",1,Cox's Bazar Development Authority,Cox's Bazar,"194 Bangabandhu Road, Samabay Market, Narayanganj",,0
co0080,M/S. Prominent Engineers,PROMINENT ENGINEERS,,1,contract awarded,3,Contract_Awards_PDFs/Tender_1152766.pdf,1,,3,45720075.99,0,2025-10-13,2026-04-24,1152766;1157085;1163081,"Office of the Project Director, CoxDA Residential Flat Project-1 | Cox's Bazar Development Authority | CoxDA Master Plan",3,Cox's Bazar Development Authority,Cox's Bazar,"Sabbir Tower, Holding No. 3/4-A (6th floor), Purana Paltan, Dhaka-1000.",1084044,2
co0081,Bangla Trac Limited,BANGLA TRAC LIMITED,,1,contract awarded,5,Contract_Awards_PDFs/Tender_1163187.pdf,1,,5,82119466.004,0,2019-03-10,2025-12-07,1163187;276338;418364;461085;461209,Cox's Bazar Development Authority,1,Cox's Bazar Development Authority,Cox's Bazar,"House No #68, Block # H, Road # 11, Banani, Dhaka-1213",1017753,3
co0082,M/S Molla & Brothers,MOLLA BROTHERS,,1,contract awarded,12,Contract_Awards_PDFs/Tender_1172974.pdf,1,,12,8951304.9,0,2025-11-25,2026-06-11,1172974;1173101;1173102;1183822;1184463;1184466;1199127;1207915;1211856;1258384;1272190;1273100,Cox's Bazar Development Authority | CoxDA Master Plan,2,Cox's Bazar Development Authority,Cox's Bazar,"2/5-1, East Ahmed nagar, Mirpur-1, Dhaka-1216",1157678,12
co0083,M/S Building Construction Consultant (BCC),BUILDING CONSTRUCTION CONSULTANT BCC,,1,contract awarded,1,Contract_Awards_PDFs/Tender_1178437.pdf,1,,1,263425,0,2026-01-27,2026-01-27,1178437,Cox's Bazar Development Authority,1,Cox's Bazar Development Authority,Cox's Bazar,"Morshed Market (1st Floor) Rajgonj, Comilla",1005954,1
co0084,FUJITECH,FUJITECH,,1,contract awarded,1,Contract_Awards_PDFs/Tender_1183753.pdf,1,,1,284997.15,0,2025-12-30,2025-12-30,1183753,Cox's Bazar Development Authority,1,Cox's Bazar Development Authority,Cox's Bazar,"Aziz Market (1st Floor), Atorar Dipo,",1133065,1
co0085,"NIAZ-NOONA-KTA JV ( JVCA Partners [Business Share]: KHOKAN TRADING AGENCY [0.000%] , Noona Traders [0.000%] , M/S. Niaz Traders [0.000%] )",NIAZ NOONA KTA JV JVCA PARTNERS BUSINESS SHARE KHOKAN TRADING AGENCY 0 000 NOONA TRADERS 0 000 M S NIAZ TRADERS 0 000,,1,contract awarded,1,Contract_Awards_PDFs/Tender_119326.pdf,1,,1,135895849.382,0,2017-12-05,2017-12-05,119326,Office of the Chief Engineer (Implementation),1,Rajdhani Unnayan Kartripakkha (RAJUK),Dhaka,"154, Motijheel C/A, Motijheel Mosque Building (2nd Floor), Room No.301~303, Dhaka-1000",,0
co0086,Chanderima Refrigeration,CHANDERIMA REFRIGERATION,,1,contract awarded,1,Contract_Awards_PDFs/Tender_119636.pdf,1,,1,1380218.4,0,2018-01-24,2018-01-24,119636,office of the Chief Engineer ( Project & Design),1,Rajdhani Unnayan Kartripakkha (RAJUK),Dhaka,"100/A Bashir Uddin Road, Kalabagan Dhanmondi, Dhaka-1205",,0
co0087,Furniture Concept & Interior Ltd.,FURNITURE CONCEPT INTERIOR LTD,,1,contract awarded,1,Contract_Awards_PDFs/Tender_1205116.pdf,1,,1,3600650,0,2026-04-26,2026-04-26,1205116,Office of the Superintending Engineer (Mechanical),1,Rajdhani Unnayan Kartripakkha (RAJUK),Dhaka,"170, Ahammed Shorony Road, Satarkul Uttar Para, Badda, Dhaka-1212, Phone-029886908, Cell-01711805052, Cell- 01321169973",1047082,2
co0088,M/S. Bangladesh Computer Land,BANGLADESH COMPUTER LAND,,1,contract awarded,2,Contract_Awards_PDFs/Tender_1205153.pdf,1,,2,2192292,0,2022-10-16,2026-04-21,1205153;706666,Office of the Superintending Engineer (Electrical),1,Rajdhani Unnayan Kartripakkha (RAJUK),Dhaka,"44/3, Tejtury Bazer Chalk, Sher-e-Bangla Nagor, Dhaka.",1034557,1
co0089,MAAN BANGLADESH LTD.,MAAN BANGLADESH LTD,,1,contract awarded,2,Contract_Awards_PDFs/Tender_1205154.pdf,1,,2,3508533.587,0,2020-06-23,2026-04-21,1205154;459665,Office of the Superintending Engineer (Electrical) | Office of the Executive Engineer (Works),2,Rajdhani Unnayan Kartripakkha (RAJUK) | Khulna Development Authority (KDA),Dhaka;Khulna,"Chandrashila Suvastu Tower (15th Floor), 69/1, Panthapath, Dhaka-1205",1013628,1
co0090,Hazi Traders,HAZI TRADERS,,1,contract awarded,1,Contract_Awards_PDFs/Tender_1205157.pdf,1,,1,5177345,0,2026-04-21,2026-04-21,1205157,Office of the Superintending Engineer (Electrical),1,Rajdhani Unnayan Kartripakkha (RAJUK),Dhaka,"28/G/1, Toynobee Circular Road, Gause Pak Bhaban, Motijheel C/A, Dhaka-1000.",1025524,1
co0091,SUNTECH ENERGY LTD.,SUNTECH ENERGY LTD,,1,contract awarded,2,Contract_Awards_PDFs/Tender_1207634.pdf,1,,2,81442482.125,0,2026-06-28,2026-06-28,1207634;1207635,Development of Residential and commercial Infrastructure at Jhilmil Residential Project Area,1,Rajdhani Unnayan Kartripakkha (RAJUK),Dhaka,"68/4, Green Road- 2nd floor, Dhaka",1075279,2
co0092,HTMS Limited,HTMS LIMITED,,1,contract awarded,1,Contract_Awards_PDFs/Tender_1207636.pdf,1,,1,41493488.3,0,2026-06-28,2026-06-28,1207636,Development of Residential and commercial Infrastructure at Jhilmil Residential Project Area,1,Rajdhani Unnayan Kartripakkha (RAJUK),Dhaka,"Park Heights, Level-7, Plot # 02, Road # 09, Dhanmondi, Dhaka-1205",1038088,2
co0093,Cooltech Corporation,COOLTECH CORPORATION,,1,contract awarded,2,Contract_Awards_PDFs/Tender_1215675.pdf,1,,2,77862261.266,0,2024-01-16,2026-05-12,1215675;918775,Office of the Superintending Engineer (Electrical) | Superintending Engineer-2,2,Rajdhani Unnayan Kartripakkha (RAJUK) | Chittagong Development Authority,Dhaka;Chattogram,"29 MM Ali Road, Lalkhan Bazar, Chattogram, Bangladesh",1043656,1
co0094,AAYAT ENTERPRISE,AAYAT ENTERPRISE,,1,contract awarded,1,Contract_Awards_PDFs/Tender_1215677.pdf,1,,1,1739831.102,0,2026-05-12,2026-05-12,1215677,Office of the Superintending Engineer (Electrical),1,Rajdhani Unnayan Kartripakkha (RAJUK),Dhaka,"Roghunathpur, Shealkole, Sirajganj, Bangladesh.",1163340,1
co0095,SSL- Convoy JV (Joint Venture),SSL CONVOY JV JOINT VENTURE,,1,contract awarded,1,Contract_Awards_PDFs/Tender_1225895.pdf,1,,1,82538882.71,0,2026-04-26,2026-04-26,1225895,Gulshan-Banani-Baridhara Lake Development Project,1,Rajdhani Unnayan Kartripakkha (RAJUK),Dhaka,"Planners Tower (16th Floor) 13/A, Bipanan C/A, Sonargaon Road, Dhaka-1000.",1224243,3
co0096,M/S. Dawn Corporation,DAWN CORPORATION,,1,contract awarded,1,Contract_Awards_PDFs/Tender_1225896.pdf,1,,1,83872613.906,0,2026-04-26,2026-04-26,1225896,Gulshan-Banani-Baridhara Lake Development Project,1,Rajdhani Unnayan Kartripakkha (RAJUK),Dhaka,"10 North Mugdha ( 7th Floor), P.S. Mugdha, Dhaka-1214",1006051,1
co0097,B & S ENGINEERING,B S ENGINEERING,,1,contract awarded,1,Contract_Awards_PDFs/Tender_1231413.pdf,1,,1,2054979.681,0,2026-05-05,2026-05-05,1231413,Management Information System (MIS),1,Chittagong Development Authority,Chattogram,"Plot No.: 87, B, N, S, Center, Sector: 07, Uttara, Dhaka-1230, Bangladesh.",1109887,1
co0098,MAA Enterprise,MAA ENTERPRISE,,1,contract awarded,1,Contract_Awards_PDFs/Tender_1234511.pdf,1,,1,4628900,0,2026-04-02,2026-04-02,1234511,Office of the Chairman,1,Rajshahi Development Authority,Rajshahi,"Hetem Khan, Boalia, Rajshahi City Corporation, Rajshahi",1068523,1
co0099,"MSE-KCL (JV) ( JVCA Partners [Business Share]: M/S. SUMA ENGINEERS [0.000%] , Kabico Limited [0.000%] )",MSE KCL JV JVCA PARTNERS BUSINESS SHARE M S SUMA ENGINEERS 0 000 KABICO LIMITED 0 000,,1,contract awarded,1,Contract_Awards_PDFs/Tender_124055.pdf,1,,1,52530500.002,0,2017-11-15,2017-11-15,124055,Office of the Project Director (KDA Rest House Project-Khulna),1,Khulna Development Authority (KDA),Khulna,"Plot # 55, Road # 150, Housing Estate, Khalishpur, Khulna-9000",,0
co0100,Daffodil Electric Company,DAFFODIL ELECTRIC COMPANY,,1,contract awarded,3,Contract_Awards_PDFs/Tender_125042.pdf,1,,3,97451438.87,0,2017-12-07,2024-01-23,125042;125294;888828,office of the Chief Engineer ( Project & Design) | Office of the Superintending Engineer (Electrical),2,Rajdhani Unnayan Kartripakkha (RAJUK),Dhaka,"Kazi Tower, Flat 6B, 86, Inner Circular VIP Road Naya Paltan, Dhaka-1000.",,0
co0101,CAR RENT. COM BD,CAR RENT COM BD,,1,contract awarded,1,Contract_Awards_PDFs/Tender_1251756.pdf,1,,1,2294100,0,2026-05-12,2026-05-12,1251756,"Office of the Chief Engineer, Gazipur Development Authority",1,Gazipur Development Authority,Gazipur,"Cha- 90/A, Pragati Sharani, Badda, Dhaka-1212",1190183,1
co0102,GREONY CORPORATION,GREONY CORPORATION,,1,contract awarded,1,Contract_Awards_PDFs/Tender_1251766.pdf,1,,1,1587600,0,2026-05-12,2026-05-12,1251766,"Office of the Chief Engineer, Gazipur Development Authority",1,Gazipur Development Authority,Gazipur,"56, Eastern Trade Centre, Purana Paltan Lane, VIP Road, Paltan, Dhaka 1000",1210318,1
co0103,Creative Engineering & Technology,CREATIVE ENGINEERING TECHNOLOGY,,1,contract awarded,2,Contract_Awards_PDFs/Tender_1253316.pdf,1,,2,3619008,0,2026-05-24,2026-05-29,1253316;1253428,"Planning Section, Gazipur Development Authority | Office of the Member,Administration and Finance Department, Gazipur Development Authority",2,Gazipur Development Authority,Gazipur,"295, Holylane Road, Shayamoli, Adabor, Dhaka-1207.",1093414,2
co0104,FURNITURE SOLUTION & INTERIOR,FURNITURE SOLUTION INTERIOR,,1,contract awarded,1,Contract_Awards_PDFs/Tender_1257073.pdf,1,,1,305100,0,2026-05-06,2026-05-06,1257073,"Admin and Finance Section, Gazipur Development Authority",1,Gazipur Development Authority,Gazipur,"33/15 Johuri Mohollah, Babar Road, Mohammadpur, Dhaka-1207",1127738,2
co0105,"Mir Habibul Alam & Starlite Services Ltd & M/s. Udayn Builders JV ( JVCA Partners [Business Share]: Mir Habibul Alam [0.000%] , M/S Udayan Builders [0.000%] , Starlite Services Limited [0.000%] )",MIR HABIBUL ALAM STARLITE SERVICES LTD M S UDAYN BUILDERS JV JVCA PARTNERS BUSINESS SHARE MIR HABIBUL ALAM 0 000 M S UDAYAN BUILDERS 0 000 STARLITE SERVICES LIMITED 0 000,,1,contract awarded,1,Contract_Awards_PDFs/Tender_125874.pdf,1,,1,78653933.892,0,2018-01-21,2018-01-21,125874,Office of the Chief Engineer (Implementation),1,Rajdhani Unnayan Kartripakkha (RAJUK),Dhaka,"Block - B (5th floor), Dhaka Trade Center, 99, Kawran Bazar Dhaka",,0
co0106,"Convoy Service-M/S Paradise Traders-Moshiur Rahman Chowdhury JV ( JVCA Partners [Business Share]: M/S Paradise Traders [0.000%] , CONVOY SERVICE [0.000%] , Moshiur Rahman Chowdhury [0.000%] )",CONVOY SERVICE M S PARADISE TRADERS MOSHIUR RAHMAN CHOWDHURY JV JVCA PARTNERS BUSINESS SHARE M S PARADISE TRADERS 0 000 CONVOY SERVICE 0 000 MOSHIUR RAHMAN CHOWDHURY 0 000,,1,contract awarded,1,Contract_Awards_PDFs/Tender_125877.pdf,1,,1,56752529.868,0,2018-01-15,2018-01-15,125877,Office of the Chief Engineer (Implementation),1,Rajdhani Unnayan Kartripakkha (RAJUK),Dhaka,"House # 7, Road # 19/A, Sector # 4, Uttara, Dhaka-1230, Bangladesh",,0
co0107,BROTHER'S SECURITY & SUPPLY CHAIN,BROTHER S SECURITY SUPPLY CHAIN,,1,contract awarded,3,Contract_Awards_PDFs/Tender_1261854.pdf,1,,3,2119368.25,0,2026-05-20,2026-06-04,1261854;1261983;1262256,"Office of the Chief Engineer, Gazipur Development Authority | Planning Section, Gazipur Development Authority | Office of the Member,Administration and Finance Department, Gazipur Development Authority",3,Gazipur Development Authority,Gazipur,"762 Asma Monjil, West Shewrapara, Mirpur, Dhaka-1216.",1176260,3
co0108,Fatema Construction BD,FATEMA CONSTRUCTION BD,,1,contract awarded,1,Contract_Awards_PDFs/Tender_1267626.pdf,1,,1,579500,0,2026-06-25,2026-06-25,1267626,Management Information System (MIS),1,Chittagong Development Authority,Chattogram,"Pahartali Railway School Moor, Pahartali, Khulshi, Chattogram-4202",1187489,1
co0109,M/S. Maliha Enterprise,MALIHA ENTERPRISE,,1,contract awarded,9,Contract_Awards_PDFs/Tender_134910.pdf,1,,9,61452070.801,0,2020-01-14,2024-09-17,134910;661888;690870;755479;870252;870258;887589;957255;969822,office of the Chief Engineer ( Project & Design) | Superintending Engineer (Civil Circle-4) | Superintending Engineer (Civil Circle-1) | Office of the Superintending Engineer (Mechanical) | Purbachal New Town Project | Office of the Superintending Engineer (Electrical),6,Rajdhani Unnayan Kartripakkha (RAJUK),Dhaka,"8, Layal Street, Patuatuli Road, Kotoali, Dhaka.",,0
co0110,M/s. Halim Enterprise.,HALIM ENTERPRISE,,1,contract awarded,3,Contract_Awards_PDFs/Tender_144571.pdf,1,,3,5443655.027,0,2018-05-22,2020-01-14,144571;214561;329551,office of the Chief Engineer ( Project & Design),1,Rajdhani Unnayan Kartripakkha (RAJUK),Dhaka,"9 Nawab Street, Nawab Tower,Flat # B/C (1st floor ), Wari, Dhaka.",,0
co0111,Dulal Enterprise (Pvt) Ltd.,DULAL ENTERPRISE PVT LTD,,1,contract awarded,5,Contract_Awards_PDFs/Tender_146376.pdf,1,,5,50319001.673,0,2018-04-30,2020-10-18,146376;146377;146380;146381;409461,office of the Chief Engineer ( Project & Design) | Electrical & Mechanical Engineering (EME),2,Rajdhani Unnayan Kartripakkha (RAJUK) | Chittagong Development Authority,Dhaka;Chattogram,"House # 01(2nd Floor), Road # 06, Sector # 01, Uttara Commercial Area, Dhaka-1230.",,0
co0112,Quality Powertec Engineering Ltd.,QUALITY POWERTEC ENGINEERING LTD,,1,contract awarded,1,Contract_Awards_PDFs/Tender_149105.pdf,1,,1,26472001.364,0,2018-04-30,2018-04-30,149105,office of the Chief Engineer ( Project & Design),1,Rajdhani Unnayan Kartripakkha (RAJUK),Dhaka,"476/C, DIT Road (4th Floor) Malibagh Dhaka-1219",,0
co0113,M/S. Brothers Construction,BROTHERS CONSTRUCTION,,1,contract awarded,3,Contract_Awards_PDFs/Tender_149115.pdf,1,,3,39828002.046,0,2018-04-30,2018-04-30,149115;149117;149118,office of the Chief Engineer ( Project & Design),1,Rajdhani Unnayan Kartripakkha (RAJUK),Dhaka,"House No: 409, Sagorpara, P.O: Ghoramara, P.S: Boalia, Dist: Rajshahi",,0
co0114,Toma Construction & Co. Limited,TOMA CONSTRUCTION CO LIMITED,,1,contract awarded,4,Contract_Awards_PDFs/Tender_149365.pdf,1,,4,670796001.945,0,2018-05-17,2020-01-27,149365;209938;209939;366041,Office of Chief Engineer | Office of the Chief Engineer (Implementation),2,Khulna Development Authority (KDA) | Rajdhani Unnayan Kartripakkha (RAJUK),Khulna;Dhaka,"Toma Tower, 77/1 Bir Uttam Samsul Alam Sarak, Kakrail, Ramna, Dhaka",,0
co0115,OptiNet,OPTINET,,1,contract awarded,1,Contract_Awards_PDFs/Tender_15000.pdf,1,,1,280119.679,0,2015-02-26,2015-02-26,15000,"Grid Maintenance Division, Comilla",1,Power Grid Company of Bangladesh Ltd. (PGCB),Comilla,"33, Kazi Nazrul islam avenue, Hafiz Mansion(2nd floor), Kawran Bazar, Dhaka-1215.",,0
co0116,Rafiq Construction Co. (Pvt.) Ltd.,RAFIQ CONSTRUCTION CO PVT LTD,,1,contract awarded,2,Contract_Awards_PDFs/Tender_151177.pdf,1,,2,124301906.271,0,2018-04-18,2021-10-21,151177;595833,Office of the Chief Engineer (Implementation) | Uttara 3rd Phase Project,2,Rajdhani Unnayan Kartripakkha (RAJUK),Dhaka,18/1 Nayapaltan Dhaka-1000,,0
co0117,M/S. SHAFIQUE TRADERS,SHAFIQUE TRADERS,,1,contract awarded,1,Contract_Awards_PDFs/Tender_159826.pdf,1,,1,2575159.201,0,2018-03-15,2018-03-15,159826,"Office of the Executive Engineer, LGED, Pabna",1,Local Government Engineering Department (LGED),Pabna,"Khairul Tower, (3rd Floor) M.M Ali Road, Shibrampur, Pabna-6600.",,0
co0118,M/S. Sany Construction,SANY CONSTRUCTION,,1,contract awarded,15,Contract_Awards_PDFs/Tender_162060.pdf,1,,15,62615575.8,0,2018-05-06,2019-07-28,162060;199368;236241;236242;248616;248617;248618;248619;248621;248622;248623;248625;248630;248631;248633,office of the Chief Engineer ( Project & Design),1,Rajdhani Unnayan Kartripakkha (RAJUK),Dhaka,"123 Kakrail, Dhaka-1000",,0
co0119,"Fire Trade - M/s Khandaker Shahin Ahmed JV ( JVCA Partners [Business Share]: M/S. Khandaker Shahin Ahmed [0.000%] , Fire Trade [0.000%] )",FIRE TRADE M S KHANDAKER SHAHIN AHMED JV JVCA PARTNERS BUSINESS SHARE M S KHANDAKER SHAHIN AHMED 0 000 FIRE TRADE 0 000,,1,contract awarded,1,Contract_Awards_PDFs/Tender_162590.pdf,1,,1,12293260.2,0,2018-05-06,2018-05-06,162590,office of the Chief Engineer ( Project & Design),1,Rajdhani Unnayan Kartripakkha (RAJUK),Dhaka,"Akram Tower (4th floor ),Room No: 504, 199 Shahid Sayed Nazrul Islam Sawrani, Bijoynagar, Dhaka- 1000.Ph:+88028392391",,0
co0120,Pacific Motors Limited,PACIFIC MOTORS LIMITED,,1,contract awarded,2,Contract_Awards_PDFs/Tender_164878.pdf,1,,2,81195000.015,0,2018-05-09,2018-05-09,164878;174037,"Office of the Project Director, Urban Resilience Project-RAJUK Part,RAJUK,Dhaka",1,Rajdhani Unnayan Kartripakkha (RAJUK),Dhaka,"Pacific Motors Limited 206/1-207/1, Bir Uttam Mir Shawkat Sarak, Tejgaon Industrial Area, Dhaka-1208, Bangladesh.",,0
co0121,M/S Oshin Enterprise,OSHIN ENTERPRISE,,1,contract awarded,1,Contract_Awards_PDFs/Tender_168749.pdf,1,,1,1367468.163,0,2018-03-24,2018-03-24,168749,"Office of the Executive Engineer, LGED, Barisal",1,Local Government Engineering Department (LGED),Barisal,"M/S Oshin Enterprise Pro: Shakel Ahamed Polash Srinath Chaterjilane ,Kalibari Road ,Barisal",,0
co0122,Silver Sun Electronics,SILVER SUN ELECTRONICS,,1,contract awarded,4,Contract_Awards_PDFs/Tender_169223.pdf,1,,4,2973255.769,0,2018-07-24,2022-03-27,169223;260451;260513;622637,office of the Chief Engineer ( Project & Design) | Office of the Superintending Engineer (Electrical),2,Rajdhani Unnayan Kartripakkha (RAJUK),Dhaka,"Room # 09, Ground Floor, Electric Plaza, Tropicana Tower, 218, shahid Seyad Nazrul Islam Sharani, Old 45, Topkhana Road, Purana Paltan, Dhaka-1000.",,0
co0123,M/S Nur Enterprise,NUR ENTERPRISE,,1,contract awarded,1,Contract_Awards_PDFs/Tender_171570.pdf,1,,1,2283984,0,2018-07-24,2018-07-24,171570,office of the Chief Engineer ( Project & Design),1,Rajdhani Unnayan Kartripakkha (RAJUK),Dhaka,"99,Karim Chember,7th floor, Room no-702,Motijheel C/A, Dhaka-1000.",,0
co0124,Sherpa Power Engineering Ltd.,SHERPA POWER ENGINEERING LTD,,1,contract awarded,7,Contract_Awards_PDFs/Tender_174670.pdf,1,,7,37494447.718,0,2018-10-15,2018-10-15,174670;174671;174673;174674;174678;174680;198193,office of the Chief Engineer ( Project & Design),1,Rajdhani Unnayan Kartripakkha (RAJUK),Dhaka,"10/3 Arambagh, Mokbul Plaza, Motijheel C/A, Dhaka-1000, Bangladesh Kanij Fatema Mitu Executive Secretary Contact:+88017-09380850,+88018-33010136",,0
co0125,Superstar Renweable Energy Ltd (SSG Solar),SUPERSTAR RENWEABLE ENERGY LTD SSG SOLAR,,1,contract awarded,1,Contract_Awards_PDFs/Tender_174677.pdf,1,,1,5063600.572,0,2018-11-18,2018-11-18,174677,office of the Chief Engineer ( Project & Design),1,Rajdhani Unnayan Kartripakkha (RAJUK),Dhaka,"SSG Center (3rd Floor), Nabosrista Plot No.: 1/A, Tejgaon I/A, Dhaka",,0
co0126,Domestic Power & Engineering,DOMESTIC POWER ENGINEERING,,1,contract awarded,1,Contract_Awards_PDFs/Tender_174700.pdf,1,,1,13951494.999,0,2018-08-05,2018-08-05,174700,Office of the Chief Engineer (Implementation),1,Rajdhani Unnayan Kartripakkha (RAJUK),Dhaka,"8/A,-8/B, Nilkhet, Babupura, Gausul Azam Super Market, Dhaka.",,0
co0127,M/S Razin International,RAZIN INTERNATIONAL,,1,contract awarded,2,Contract_Awards_PDFs/Tender_174705.pdf,1,,2,26226235.62,0,2018-07-25,2019-07-22,174705;339042,Office of the Chief Engineer (Implementation),1,Rajdhani Unnayan Kartripakkha (RAJUK),Dhaka,"M/S Razin International 63/C, Lake Circus, Kalabagan, Dhanmondi, Dhaka-1205, Phone-9614672, Cell-01711079979, 01729292988",,0
co0128,M/S Britto Construction,BRITTO CONSTRUCTION,,1,contract awarded,2,Contract_Awards_PDFs/Tender_174710.pdf,1,,2,16256707.228,0,2018-07-31,2022-12-21,174710;710843,Office of the Chief Engineer (Implementation) | Superintending Engineer (Civil Circle-4),2,Rajdhani Unnayan Kartripakkha (RAJUK),Dhaka,"125, Romna Century Avenue Boro Mog Bazar, Dhaka-1217",,0
co0129,MOZAHAR ENTERPRISE (PVT.) LTD.,MOZAHAR ENTERPRISE PVT LTD,,1,contract awarded,1,Contract_Awards_PDFs/Tender_174712.pdf,1,,1,8533464.543,0,2018-08-05,2018-08-05,174712,Office of the Chief Engineer (Implementation),1,Rajdhani Unnayan Kartripakkha (RAJUK),Dhaka,"40-41, M.A Bari Sarak (Gollamari-Sonadanga Link Road), Khulna.",,0
co0130,Unity Builders & Engineering,UNITY BUILDERS ENGINEERING,,1,contract awarded,1,Contract_Awards_PDFs/Tender_174717.pdf,1,,1,4182472.787,0,2018-07-31,2018-07-31,174717,Office of the Chief Engineer (Implementation),1,Rajdhani Unnayan Kartripakkha (RAJUK),Dhaka,"37, Bir Uttam C.R. Dutta Road, Nahar Plaza, Suite No-709 (6th Floor) Shahabag, Dhaka-1000",,0
co0131,Crescent Computers Ltd.,CRESCENT COMPUTERS LTD,,1,contract awarded,1,Contract_Awards_PDFs/Tender_179865.pdf,1,,1,900000.002,0,2018-04-22,2018-04-22,179865,Office of the Assistant Programmer,1,Khulna Development Authority (KDA),Khulna,"1103/A(2nd floor),Road No-1/A,Ring Road,Adabor,Dhaka-1207",,0
co0132,M/S. R.S. Enterprise,R S ENTERPRISE,,1,contract awarded,1,Contract_Awards_PDFs/Tender_189939.pdf,1,,1,25693375.026,0,2018-06-12,2018-06-12,189939,Project Director (Muradpur Flyover),1,Chittagong Development Authority,Chittagong,"1684, O.R. Nizam Road, Panchlaish, Chittagong.",,0
co0133,ConnectBD Limited,CONNECTBD LIMITED,,1,contract awarded,1,Contract_Awards_PDFs/Tender_18994.pdf,1,,1,1512000.037,0,2015-04-16,2015-04-16,18994,office of Chief Engineer ( Project & Design),1,Rajdhani Unnayan Kartripakkha (RAJUK),Dhaka,"Plot 21, Akash Plaza, 5th Floor, Road 7/D, Sector 9, Uttara, Dhaka",,0
co0134,"M/S. AS - RAS Trading (JV) ( JVCA Partners [Business Share]: M/S. Abdus Salam [0.000%] , M/S RASHIA&SONS TRADING [0.000%] )",AS RAS TRADING JV JVCA PARTNERS BUSINESS SHARE M S ABDUS SALAM 0 000 M S RASHIA SONS TRADING 0 000,,1,contract awarded,1,Contract_Awards_PDFs/Tender_189944.pdf,1,,1,79537860.009,0,2018-06-04,2018-06-04,189944,Project Director (Muradpur Flyover),1,Chittagong Development Authority,Chittagong,"350/A, CDA Avenue, Muradpur, Chittagong.",,0
co0135,Smart Digital Technologies,SMART DIGITAL TECHNOLOGIES,,1,contract awarded,1,Contract_Awards_PDFs/Tender_192714.pdf,1,,1,1480801.073,0,2018-10-16,2018-10-16,192714,Management Information System (MIS),1,Chittagong Development Authority,Chittagong,"Corporate Office: Suite # 608, 51, Alpona Plaza, New Elepant Road, Dhaka.",,0
co0136,Hatil Complex Ltd,HATIL COMPLEX LTD,,1,contract awarded,2,Contract_Awards_PDFs/Tender_199942.pdf,1,,2,13154934.495,0,2018-07-22,2023-06-07,199942;835607,"Office of the Project Director, Urban Resilience Project-RAJUK Part,RAJUK,Dhaka | CoxDA Master Plan",2,Rajdhani Unnayan Kartripakkha (RAJUK) | Cox's Bazar Development Authority,Dhaka;Cox's Bazar,"Hatil Complex Ltd. 8 Shewrapara, Rokeya Sharani, Mirpur, Dhaka-1216",,0
co0137,M/S Habib Enterprise,HABIB ENTERPRISE,,1,contract awarded,2,Contract_Awards_PDFs/Tender_201012.pdf,1,,2,15353638.875,0,2018-06-10,2018-06-12,201012;201451,Project Director(Silimpur),1,Chittagong Development Authority,Chittagong,"Southland Center (3rd floor), 5, Agrabad C/A, Chittagong-4100.",,0
co0138,M/S. Shahid Brothers,SHAHID BROTHERS,,1,contract awarded,1,Contract_Awards_PDFs/Tender_20558.pdf,1,,1,11692619.969,0,2015-04-23,2015-04-23,20558,Dinajpur O&M Division,1,Bangladesh Water Development Board (BWDB),Dinajpur,"Hasan Court (5th Floor), 23/1, Motijheel C/A Dhaka-1000.",,0
co0139,"Rithin Enterprise and Kohinoor Enterprise J.V ( JVCA Partners [Business Share]: M/S. Kohinoor Enterprise [0.000%] , Rithin Enterprise [0.000%] )",RITHIN ENTERPRISE AND KOHINOOR ENTERPRISE J V JVCA PARTNERS BUSINESS SHARE M S KOHINOOR ENTERPRISE 0 000 RITHIN ENTERPRISE 0 000,,1,contract awarded,1,Contract_Awards_PDFs/Tender_207700.pdf,1,,1,100985213.7,0,2018-09-23,2018-09-23,207700,Office of the Chairman,1,Rajshahi Development Authority,Rajshahi,"542,Dorikharbona,Boalia,G.p.o-6000",,0
co0140,M/s. Sohel Incorporation,SOHEL INCORPORATION,,1,contract awarded,1,Contract_Awards_PDFs/Tender_215555.pdf,1,,1,5058783.36,0,2018-09-24,2018-09-24,215555,Project Director (Muradpur Flyover),1,Chittagong Development Authority,Chittagong,"450,Hotel Unique(3rd Floor), Post office Lane, Reazuddin Bazar, Chittagong.",,0
co0141,M Jamal & Company Limited,M JAMAL COMPANY LIMITED,,1,contract awarded,2,Contract_Awards_PDFs/Tender_223246.pdf,1,,2,869178876.445,0,2017-08-27,2018-12-11,223246;99692,Project Director (CDA Square) | Project Director (Dewanhat),2,Chittagong Development Authority,Chittagong,"House No 18 (New), 405 (Old), 1st Floor, Road No. 16 (New), 27 (Old), Dhanmondi, Dhaka-1205.",,0
co0142,M/S. Gulzar Trading,GULZAR TRADING,,1,contract awarded,11,Contract_Awards_PDFs/Tender_234888.pdf,1,,11,24672439.31,0,2019-01-31,2024-03-28,234888;309557;360423;427246;501707;523954;598954;616340;644083;669414;945416,"Project Director(M.Uddin) | Construction Division-3 | Project Director(M.Uddin), Chittagong Development Authority",3,Chittagong Development Authority,Chittagong;Chattogram,"Hazi Monsur Ali Road, Mia Khan Nagar, Chittagong.",,0
co0143,M/S. S.K. Traders & Suppliers,S K TRADERS SUPPLIERS,,1,contract awarded,1,Contract_Awards_PDFs/Tender_235131.pdf,1,,1,2070872.235,0,2019-01-17,2019-01-17,235131,Project Director(M.Uddin),1,Chittagong Development Authority,Chittagong,"Sadar Ali Munshi Bari, Moulavi Bazar, Mohora, Chandgaon, Chittagong.",,0
co0144,M/S. National Builders,NATIONAL BUILDERS,,1,contract awarded,1,Contract_Awards_PDFs/Tender_235166.pdf,1,,1,2109152.799,0,2019-01-17,2019-01-17,235166,Project Director(M.Uddin),1,Chittagong Development Authority,Chittagong,"120 CDA Avenue, Panchlaish, Chittagong.",,0
co0145,MEP ENGINEERING POINT,MEP ENGINEERING POINT,,1,contract awarded,3,Contract_Awards_PDFs/Tender_237820.pdf,1,,3,52673098.467,0,2018-11-26,2024-09-17,237820;770669;969450,"Office of the Project Director, Urban Resilience Project-RAJUK Part,RAJUK,Dhaka | Uttara Apartment Project | Office of the Superintending Engineer (Electrical)",3,Rajdhani Unnayan Kartripakkha (RAJUK),Dhaka,"11/2, Baisteki, Mirpur-13, Dhaka-1216",,0
co0146,M/S Techno Trade International,TECHNO TRADE INTERNATIONAL,,1,contract awarded,5,Contract_Awards_PDFs/Tender_251218.pdf,1,,5,21412877.374,0,2019-03-03,2022-03-16,251218;329552;329553;329556;647351,Office of the Chief Engineer (Implementation) | office of the Chief Engineer ( Project & Design) | Uttara 3rd Phase Project,3,Rajdhani Unnayan Kartripakkha (RAJUK),Dhaka,"58/Cha/1, West Razabazar, Tejgaon, Dhaka.",,0
co0147,S.S Rahman International,S S RAHMAN INTERNATIONAL,,1,contract awarded,2,Contract_Awards_PDFs/Tender_270190.pdf,1,,2,337469431.66,0,2019-02-19,2019-03-20,270190;282186,Cox's Bazar Development Authority,1,Cox's Bazar Development Authority,Cox's Bazar,"TCB Bhaban, 1 Kawran Bazar, (8thFloor), Dhaka-1215",,0
co0148,Khan and Sons (Bangladesh) Limited,KHAN AND SONS BANGLADESH LIMITED,,1,contract awarded,1,Contract_Awards_PDFs/Tender_270651.pdf,1,,1,86870906.138,0,2019-02-28,2019-02-28,270651,Cox's Bazar Development Authority,1,Cox's Bazar Development Authority,Cox's Bazar,"86, Nabin Chandra Goshwani Road, Faridabad, Dhaka-1204",,0
co0149,Mitu Printing Press & Packaging,MITU PRINTING PRESS PACKAGING,,1,contract awarded,1,Contract_Awards_PDFs/Tender_276518.pdf,1,,1,1588977.57,0,2019-06-30,2019-06-30,276518,office of the Chief Engineer ( Project & Design),1,Rajdhani Unnayan Kartripakkha (RAJUK),Dhaka,"10/1, Naya Paltan, Dhaka-1000.",,0
co0150,STRATEGIC BD LEAD CORPORATION,STRATEGIC BD LEAD CORPORATION,,1,contract awarded,1,Contract_Awards_PDFs/Tender_276885.pdf,1,,1,974300.152,0,2019-04-07,2019-04-07,276885,Office of the Assistant Programmer,1,Khulna Development Authority (KDA),Khulna,"Mariam Mention , 334/2,(4th Floor), Shewrapara, Dhaka-1216",,0
co0151,M/S. Khandaker Shahin Ahmed,KHANDAKER SHAHIN AHMED,,1,contract awarded,1,Contract_Awards_PDFs/Tender_277364.pdf,1,,1,6791000,0,2019-05-07,2019-05-07,277364,Office of Chief Engineer,1,Khulna Development Authority (KDA),Khulna,"Holding No: 162/2,0007,Road No:01, Goalchamot, Faridpur Sadar",,0
co0152,Mohammed Eunus & Brothers (Pvt.) Ltd.,MOHAMMED EUNUS BROTHERS PVT LTD,,1,contract awarded,1,Contract_Awards_PDFs/Tender_277365.pdf,1,,1,188206438.138,0,2019-05-07,2019-05-07,277365,Office of Chief Engineer,1,Khulna Development Authority (KDA),Khulna,"MOHAMMED EUNUS & BROTHERS (PVT.) LTD. Eunus Business Centre, Equity G.F. Fortune Mall (7th Fl.), 01 No. Baizid Bostami Road, Nasirabad, Panchlaish, Chattogram City, Dist: Chattogram. GPO-4000",,0
co0153,M/S. Monir Traders,MONIR TRADERS,,1,contract awarded,1,Contract_Awards_PDFs/Tender_277368.pdf,1,,1,43031474.045,0,2019-05-07,2019-05-07,277368,Office of Chief Engineer,1,Khulna Development Authority (KDA),Khulna,"269, Miapara, Gopalgonj-8100.",,0
co0154,M/S. MRM International,MRM INTERNATIONAL,,1,contract awarded,1,Contract_Awards_PDFs/Tender_277369.pdf,1,,1,44046499.949,0,2019-05-07,2019-05-07,277369,Office of Chief Engineer,1,Khulna Development Authority (KDA),Khulna,"Ejab Rabeyas Heritage (Level-4), 147 Green Road, Dhaka-1215.",,0
co0155,Thakral Information Systems Private Limited,THAKRAL INFORMATION SYSTEMS PRIVATE LIMITED,,1,contract awarded,1,Contract_Awards_PDFs/Tender_284197.pdf,1,,1,4296920.002,0,2019-03-24,2019-03-24,284197,Office of the Chairman,1,Rajshahi Development Authority,Rajshahi,BDBDL Bhaban(11th Floor-East) 12 Kawran Bazar Dhaka-1215.,,0
co0156,PS Engineering,PS ENGINEERING,,1,contract awarded,1,Contract_Awards_PDFs/Tender_291722.pdf,1,,1,3630000.002,0,2019-06-18,2019-06-18,291722,Office of the Chairman,1,Rajshahi Development Authority,Rajshahi,"House# 6, Road# 3/B, Sector# 9, Uttara, Dhaka-1230",,0
co0157,"NIAZ-NOONA JV. ( JVCA Partners [Business Share]: Noona Traders [51.000%] , M/S. Niaz Traders [49.000%] )",NIAZ NOONA JV JVCA PARTNERS BUSINESS SHARE NOONA TRADERS 51 000 M S NIAZ TRADERS 49 000,,1,contract awarded,1,Contract_Awards_PDFs/Tender_292111.pdf,1,,1,217816341.219,0,2019-09-04,2019-09-04,292111,Office of the Chief Engineer (Implementation),1,Rajdhani Unnayan Kartripakkha (RAJUK),Dhaka,"154 Motijheel C/A, 2nd floor, Dhaka-1000.",,0
co0158,"Rafiq Construction Co. (Pvt.) Ltd and M/S Shafique & Sons Consortium ( JVCA Partners [Business Share]: M/s Shafique and Sons [49.000%] , Rafiq Construction Co. (Pvt.) Ltd. [51.000%] )",RAFIQ CONSTRUCTION CO PVT LTD AND M S SHAFIQUE SONS CONSORTIUM JVCA PARTNERS BUSINESS SHARE M S SHAFIQUE AND SONS 49 000 RAFIQ CONSTRUCTION CO PVT LTD 51 000,,1,contract awarded,1,Contract_Awards_PDFs/Tender_293004.pdf,1,,1,54614579.067,0,2019-09-04,2019-09-04,293004,Office of the Chief Engineer (Implementation),1,Rajdhani Unnayan Kartripakkha (RAJUK),Dhaka,"18/1, Nayapaltan, Dhaka-1000.",,0
co0159,M/S Howlader Trading International,HOWLADER TRADING INTERNATIONAL,,1,contract awarded,1,Contract_Awards_PDFs/Tender_294444.pdf,1,,1,499900.002,0,2019-07-21,2019-07-21,294444,office of the Chief Engineer ( Project & Design),1,Rajdhani Unnayan Kartripakkha (RAJUK),Dhaka,"405, Muradpur Madrasha Road, Kadamtoli, Dhaka",,0
co0160,ENTECH INSTRUMENTS LTD,ENTECH INSTRUMENTS LTD,,1,contract awarded,1,Contract_Awards_PDFs/Tender_302667.pdf,1,,1,786000.001,0,2019-05-20,2019-05-20,302667,Office of Planning Officer,1,Khulna Development Authority (KDA),Khulna,"Office Space No. 13-D, Hometown Complex (Level - 14), 87 New Eskaton Road, Dhaka-1000.",,0
co0161,MAHABUB BROTHERS(PVT)LIMITED,MAHABUB BROTHERS PVT LIMITED,,1,contract awarded,3,Contract_Awards_PDFs/Tender_311188.pdf,1,,3,1197240788.984,0,2019-08-05,2023-06-15,311188;312479;783087,Office of the Chief Engineer (Implementation) | Office of the Project Director (KDA Bipone Bitan),2,Rajdhani Unnayan Kartripakkha (RAJUK) | Khulna Development Authority (KDA),Dhaka;Khulna,"Akankha Tower 454, Upper Jashore Road, Daulatpur, Khulna-9000",,0
co0162,"MRC-Techbay-JV ( JVCA Partners [Business Share]: M/s. M.R. Construction [49.000%] , Techbay International [51.000%] )",MRC TECHBAY JV JVCA PARTNERS BUSINESS SHARE M S M R CONSTRUCTION 49 000 TECHBAY INTERNATIONAL 51 000,,1,contract awarded,1,Contract_Awards_PDFs/Tender_312476.pdf,1,,1,71327762.334,0,2019-08-05,2019-08-05,312476,Office of the Chief Engineer (Implementation),1,Rajdhani Unnayan Kartripakkha (RAJUK),Dhaka,"147,Sultan Building(2nd floor),Motijheel,Dhaka",,0
co0163,Shell Corporation,SHELL CORPORATION,,1,contract awarded,1,Contract_Awards_PDFs/Tender_317182.pdf,1,,1,12900000.001,0,2019-06-11,2019-06-11,317182,Office of Planning Officer,1,Khulna Development Authority (KDA),Khulna,"147, Motijheel C/A, Dhaka-1000",,0
co0164,ADVANCE TECHNOLOGY CONSORTIUM LIMITED,ADVANCE TECHNOLOGY CONSORTIUM LIMITED,,1,contract awarded,2,Contract_Awards_PDFs/Tender_322093.pdf,1,,2,5715000.02,0,2019-06-24,2023-06-07,322093;835443,Office of the Chairman | CoxDA Master Plan,2,Rajshahi Development Authority | Cox's Bazar Development Authority,Rajshahi;Cox's Bazar,"14/A and 31/A, 12-A (12th Floor), Center Point, Concord Tower Tejkunipara, Farmgate",,0
co0165,UCCL The United Construction Company Limited,UCCL THE UNITED CONSTRUCTION COMPANY LIMITED,,1,contract awarded,2,Contract_Awards_PDFs/Tender_322658.pdf,1,,2,225282479.868,0,2019-10-02,2021-06-16,322658;535710,Office of the Chief Engineer (Implementation) | Purbachal New Town Project,2,Rajdhani Unnayan Kartripakkha (RAJUK),Dhaka,"House # 116(10th floor), Road # 11, Block - E, Bir Uttam Khademul Basher Sarak, Banani C/A, Dhaka - 1213.",,0
co0166,"S. Ananta - Abdus Salam (JV) ( JVCA Partners [Business Share]: M/S. Abdus Salam [49.000%] , S. Ananta Bikash Tripura [51.000%] )",S ANANTA ABDUS SALAM JV JVCA PARTNERS BUSINESS SHARE M S ABDUS SALAM 49 000 S ANANTA BIKASH TRIPURA 51 000,,1,contract awarded,1,Contract_Awards_PDFs/Tender_342502.pdf,1,,1,70658480.502,0,2019-12-05,2019-12-05,342502,Project Director(Rajib Das),1,Chittagong Development Authority,Chattogram,"Milonpur, Khagrachari Sadar, Khagrachari.",,0
co0167,M. M. Builders & Engineers Ltd.,M M BUILDERS ENGINEERS LTD,,1,contract awarded,1,Contract_Awards_PDFs/Tender_366087.pdf,1,,1,125264837.7,0,2020-01-27,2020-01-27,366087,Office of Chief Engineer,1,Khulna Development Authority (KDA),Khulna,"House No. - 127(6th Floor), Road - 10, Block - C, Niketon, Gulshan - 1, Dhaka - 1212",,0
co0168,M/S. Nice Enterprise,NICE ENTERPRISE,,1,contract awarded,5,Contract_Awards_PDFs/Tender_387658.pdf,1,,5,20271592.255,0,2020-01-21,2023-10-04,387658;631780;670154;773275;851864,"Project Director(M.Uddin) | Project Director(M.Uddin), Chittagong Development Authority | Construction Division-1, Chattogram Development Authority",3,Chittagong Development Authority,Chattogram,"758/C, Moidermill School Road, South Bakalia, Chittagong.",,0
co0169,M/s Anas Trading International,ANAS TRADING INTERNATIONAL,,1,contract awarded,5,Contract_Awards_PDFs/Tender_398199.pdf,1,,5,7245397.256,0,2020-10-18,2021-12-19,398199;590111;608964;609656;615021,"Electrical & Mechanical Engineering (EME) | Construction of multi-storied apartment Buildings on 9(Nine) nos abandoned plot at Gulshan,Mohammadpur, Lalmatia & Dhanmondi, Dhaka.",2,Chittagong Development Authority | Rajdhani Unnayan Kartripakkha (RAJUK),Chattogram;Dhaka,"37, Bir Uttam C.R. Datta Road, Nahar Plaza, Room No-1506, Dhaka-1000, Bangladesh.",,0
co0170,M/S. Khaja G.N Enterpriser,KHAJA G N ENTERPRISER,,1,contract awarded,1,Contract_Awards_PDFs/Tender_410561.pdf,1,,1,1876490.289,0,2020-03-23,2020-03-23,410561,Project Director(M.Uddin),1,Chittagong Development Authority,Chattogram,"Acharja Para, P.O: Alamin Baria, Chandgaon, Chittagong",,0
co0171,Ecom Trade International,ECOM TRADE INTERNATIONAL,,1,contract awarded,1,Contract_Awards_PDFs/Tender_417304.pdf,1,,1,9280000.001,0,2020-02-23,2020-02-23,417304,Cox's Bazar Development Authority,1,Cox's Bazar Development Authority,Cox's Bazar,"Erectors House, 18, Kamal Ataturk Avenue, Banani, Dhaka-1213",,0
co0172,Innovative Online Ltd.,INNOVATIVE ONLINE LTD,,1,contract awarded,1,Contract_Awards_PDFs/Tender_423315.pdf,1,,1,3910680.006,0,2020-07-08,2020-07-08,423315,Management Information System (MIS),1,Chittagong Development Authority,Chattogram,"Minar Bhaban (2nd Floor), 15, O R Nizam Road,; Panchlaish PS; Chittagong-4203; Bangladesh",,0
co0173,Frontline Communications Ltd,FRONTLINE COMMUNICATIONS LTD,,1,contract awarded,2,Contract_Awards_PDFs/Tender_424168.pdf,1,,2,2630208.1,0,2020-03-01,2021-01-19,424168;528460,Cox's Bazar Development Authority,1,Cox's Bazar Development Authority,Cox's Bazar,"City Center (Level-11), Unit ID: 10th C-1, 90/1 Motijheel C/A, Dhaka-1000,Bangladesh",,0
co0174,"MOZAHAR ENTERPRISE (PVT.) LTD. & M/S REZA ENTERPRISE-JV ( JVCA Partners [Business Share]: M/S REZA ENTERPRISE [90.000%] , MOZAHAR ENTERPRISE (PVT.) LTD. [10.000%] )",MOZAHAR ENTERPRISE PVT LTD M S REZA ENTERPRISE JV JVCA PARTNERS BUSINESS SHARE M S REZA ENTERPRISE 90 000 MOZAHAR ENTERPRISE PVT LTD 10 000,,1,contract awarded,1,Contract_Awards_PDFs/Tender_427863.pdf,1,,1,38993439.006,0,2020-07-21,2020-07-21,427863,Purbachal New Town Project,1,Rajdhani Unnayan Kartripakkha (RAJUK),Dhaka,"27 Central Bashaboo,Dhaka",,0
co0175,M/S. Al-Arif Enterprise,AL ARIF ENTERPRISE,,1,contract awarded,1,Contract_Awards_PDFs/Tender_42800.pdf,1,,1,3923174.101,0,2016-03-21,2016-03-21,42800,"Office of the Executive Engineer, LGED, Chittagong",1,Local Government Engineering Department (LGED),Chittagong,"Dakkin Joldi, Word No. Banshkhali Pourashava, Banshkhali, Chittagong",,0
co0176,M/S. Sapna Construction,SAPNA CONSTRUCTION,,1,contract awarded,1,Contract_Awards_PDFs/Tender_431690.pdf,1,,1,23185264.032,0,2020-10-21,2020-10-21,431690,Uttara 3rd Phase Project,1,Rajdhani Unnayan Kartripakkha (RAJUK),Dhaka,"230/1-A, Road No. 06, Tilpapara, Khilgaon, Dhaka-1219",,0
co0177,M/S REZA ENTERPRISE,REZA ENTERPRISE,,1,contract awarded,1,Contract_Awards_PDFs/Tender_431702.pdf,1,,1,23615131.509,0,2020-10-21,2020-10-21,431702,Uttara 3rd Phase Project,1,Rajdhani Unnayan Kartripakkha (RAJUK),Dhaka,"27 Central Bashaboo,Dhaka",,0
co0178,ELECTROMECH AUTOMATION SERVICES LTD,ELECTROMECH AUTOMATION SERVICES LTD,,1,contract awarded,1,Contract_Awards_PDFs/Tender_436738.pdf,1,,1,2656104.938,0,2020-03-23,2020-03-23,436738,Project Director (Saltgola),1,Chittagong Development Authority,Chattogram,"14, PURANA PALTAN, DARUS-SALMAN ARCADE BHABAN (6TH FLOOR); Palton PS: Dhaka-1000; Bangladesh",,0
co0179,M/S. Shishir Construction,SHISHIR CONSTRUCTION,,1,contract awarded,1,Contract_Awards_PDFs/Tender_446283.pdf,1,,1,5407490.335,0,2020-04-07,2020-04-07,446283,Cox's Bazar Development Authority,1,Cox's Bazar Development Authority,Cox's Bazar,"110, Green Road. Firmgate Dhaka-1215",,0
co0180,"HSL-RE JV. ( JVCA Partners [Business Share]: Hasan & Sons Ltd. [10.000%] , M/S REZA ENTERPRISE [90.000%] )",HSL RE JV JVCA PARTNERS BUSINESS SHARE HASAN SONS LTD 10 000 M S REZA ENTERPRISE 90 000,,1,contract awarded,2,Contract_Awards_PDFs/Tender_446869.pdf,1,,2,422255606.931,0,2020-07-02,2020-09-06,446869;447380,"Construction of multi-storied apartment Buildings on 9(Nine) nos abandoned plot at Gulshan,Mohammadpur, Lalmatia & Dhanmondi, Dhaka.",1,Rajdhani Unnayan Kartripakkha (RAJUK),Dhaka,"27, Central Bassabo, Dhaka-1000.",,0
co0181,MHR ENGINEERING,MHR ENGINEERING,,1,contract awarded,1,Contract_Awards_PDFs/Tender_448675.pdf,1,,1,1355352.031,0,2020-06-15,2020-06-15,448675,Office of the Assistant Programmer,1,Khulna Development Authority (KDA),Khulna,"E-3 (KA), JALIL SHARANI, IN FRONT OF PMG OFFICE, BOYRA, KHULNA",,0
co0182,M/S. T.J Construction,T J CONSTRUCTION,,1,contract awarded,4,Contract_Awards_PDFs/Tender_471795.pdf,1,,4,16740777.014,0,2020-07-06,2022-04-11,471795;550266;550267;669151,Cox's Bazar Development Authority,1,Cox's Bazar Development Authority,Cox's Bazar,"Holding No.02, Firingi Bazar, Kotwali, Chittagong",,0
co0183,RANCON MOTOR BIKES LIMITED,RANCON MOTOR BIKES LIMITED,,1,contract awarded,1,Contract_Awards_PDFs/Tender_475789.pdf,1,,1,2400000.03,0,2020-07-31,2020-07-31,475789,"Office of the Project Director, Urban Resilience Project-RAJUK Part,RAJUK,Dhaka",1,Rajdhani Unnayan Kartripakkha (RAJUK),Dhaka,"387,Tejgaon I/A , Tejgaon , Dhaka , PO : 1208",,0
co0184,"Rafiq Construction Co. (Pvt.) Ltd. - Haider & Co-Momotaj Engineers Ltd (JV) ( JVCA Partners [Business Share]: HAIDER & CO. [25.000%] , Momotaj Engineers Ltd. [25.000%] , Rafiq Construction Co. (Pvt.) Ltd. [50.000%] )",RAFIQ CONSTRUCTION CO PVT LTD HAIDER CO MOMOTAJ ENGINEERS LTD JV JVCA PARTNERS BUSINESS SHARE HAIDER CO 25 000 MOMOTAJ ENGINEERS LTD 25 000 RAFIQ CONSTRUCTION CO PVT LTD 50 000,,1,contract awarded,1,Contract_Awards_PDFs/Tender_476403.pdf,1,,1,64618703.1,0,2020-12-23,2020-12-23,476403,Development of Residential and commercial Infrastructure at Jhilmil Residential Project Area,1,Rajdhani Unnayan Kartripakkha (RAJUK),Dhaka,18/1 Naya Paltan Dhaka-100,,0
co0185,"M/s. Udyan Builders-Starlite Services Ltd-Convoy Service JV ( JVCA Partners [Business Share]: M/S Udayan Builders [40.000%] , CONVOY SERVICE [25.000%] , Starlite Services Limited [35.000%] )",UDYAN BUILDERS STARLITE SERVICES LTD CONVOY SERVICE JV JVCA PARTNERS BUSINESS SHARE M S UDAYAN BUILDERS 40 000 CONVOY SERVICE 25 000 STARLITE SERVICES LIMITED 35 000,,1,contract awarded,1,Contract_Awards_PDFs/Tender_476405.pdf,1,,1,113395366.62,0,2020-12-23,2020-12-23,476405,Development of Residential and commercial Infrastructure at Jhilmil Residential Project Area,1,Rajdhani Unnayan Kartripakkha (RAJUK),Dhaka,"Dhaka Trade Center (15th floor), Block # H, 99 Kawran Bazar, C/A, Dhaka-1215",,0
co0186,"MEPL-RE JV. ( JVCA Partners [Business Share]: M/S REZA ENTERPRISE [90.000%] , MOZAHAR ENTERPRISE (PVT.) LTD. [10.000%] )",MEPL RE JV JVCA PARTNERS BUSINESS SHARE M S REZA ENTERPRISE 90 000 MOZAHAR ENTERPRISE PVT LTD 10 000,,1,contract awarded,1,Contract_Awards_PDFs/Tender_476406.pdf,1,,1,80227876.122,0,2020-12-23,2020-12-23,476406,Development of Residential and commercial Infrastructure at Jhilmil Residential Project Area,1,Rajdhani Unnayan Kartripakkha (RAJUK),Dhaka,"27 Central Bashaboo,Dhaka",,0
co0187,"SA-TANNI-DAWN-JV ( JVCA Partners [Business Share]: M/S. Dawn Corporation [42.000%] , M/S. S. A. Enterprise [32.000%] , M/S. TANNI ENTERPRISE [26.000%] )",SA TANNI DAWN JV JVCA PARTNERS BUSINESS SHARE M S DAWN CORPORATION 42 000 M S S A ENTERPRISE 32 000 M S TANNI ENTERPRISE 26 000,,1,contract awarded,1,Contract_Awards_PDFs/Tender_476407.pdf,1,,1,42435114.903,0,2020-12-23,2020-12-23,476407,Development of Residential and commercial Infrastructure at Jhilmil Residential Project Area,1,Rajdhani Unnayan Kartripakkha (RAJUK),Dhaka,Road 07 House 27 Sector 11 Uttara Dhaka1230,,0
co0188,"Udayan-Starlite-Convoy JV ( JVCA Partners [Business Share]: M/S Udayan Builders [35.000%] , CONVOY SERVICE [25.000%] , Starlite Services Limited [40.000%] )",UDAYAN STARLITE CONVOY JV JVCA PARTNERS BUSINESS SHARE M S UDAYAN BUILDERS 35 000 CONVOY SERVICE 25 000 STARLITE SERVICES LIMITED 40 000,,1,contract awarded,1,Contract_Awards_PDFs/Tender_479604.pdf,1,,1,122709753.774,0,2020-11-30,2020-11-30,479604,"Construction of multi-storied apartment Buildings on 9(Nine) nos abandoned plot at Gulshan,Mohammadpur, Lalmatia & Dhanmondi, Dhaka.",1,Rajdhani Unnayan Kartripakkha (RAJUK),Dhaka,"Dhaka Trade Center (15th floor), Block # H, 99 Kawran Bazar, C/A, Dhaka-1215",,0
co0189,M/S. FORMILA AKTER,FORMILA AKTER,,1,contract awarded,1,Contract_Awards_PDFs/Tender_494177.pdf,1,,1,7412897.946,0,2020-10-22,2020-10-22,494177,"Office of the Project Director, Urban Resilience Project-RAJUK Part,RAJUK,Dhaka",1,Rajdhani Unnayan Kartripakkha (RAJUK),Dhaka,1216 east monipur mirpur,,0
co0190,M/s. Faisal Enterprise,FAISAL ENTERPRISE,,1,contract awarded,1,Contract_Awards_PDFs/Tender_501956.pdf,1,,1,14550362.496,0,2020-12-14,2020-12-14,501956,Uttara Apartment Project,1,Rajdhani Unnayan Kartripakkha (RAJUK),Dhaka,"Rupayan Taj (Office Suite-E1 & F1) Plot # 1,1/1 Naya Paltan, (Box Culvert Road) Dhaka-1000 Bangladesh",,0
co0191,Md M G Azgar Hossain,MD M G AZGAR HOSSAIN,,1,contract awarded,1,Contract_Awards_PDFs/Tender_504349.pdf,1,,1,2253274.281,0,2020-12-03,2020-12-03,504349,Construction Division-3,1,Chittagong Development Authority,Chattogram,563/3 Shahid Lain Pahartoli Chittagong,,0
co0192,M/S KOBITA CONSTRUCTION,KOBITA CONSTRUCTION,,1,contract awarded,1,Contract_Awards_PDFs/Tender_504351.pdf,1,,1,1902004.5,0,2020-12-03,2020-12-03,504351,Construction Division-3,1,Chittagong Development Authority,Chattogram,"4078, Manila Plaza,Bahadderhat, Chandgaon, Chattogram.",,0
co0193,"Mazid Sons - Sunny Construction JV ( JVCA Partners [Business Share]: Mazid Sons Construction Ltd. [51.000%] , M/S Sunny Construction [49.000%] )",MAZID SONS SUNNY CONSTRUCTION JV JVCA PARTNERS BUSINESS SHARE MAZID SONS CONSTRUCTION LTD 51 000 M S SUNNY CONSTRUCTION 49 000,,1,contract awarded,1,Contract_Awards_PDFs/Tender_505037.pdf,1,,1,28756845.9,0,2021-03-18,2021-03-18,505037,Purbachal New Town Project,1,Rajdhani Unnayan Kartripakkha (RAJUK),Dhaka,"58/Cha/1, Tejtury Bazar Chak, West Rajabazar, Dhaka-1215",,0
co0194,Taher Brothers Ltd.,TAHER BROTHERS LTD,,1,contract awarded,1,Contract_Awards_PDFs/Tender_509251.pdf,1,,1,834238358.785,0,2021-02-15,2021-02-15,509251,Cox's Bazar Development Authority,1,Cox's Bazar Development Authority,Cox's Bazar,"Steel Mill Bazar, North Patenga, Post Code No. 4204, Chittagong",,0
co0195,INQILAB ENTERPRISE,INQILAB ENTERPRISE,,1,contract awarded,1,Contract_Awards_PDFs/Tender_510186.pdf,1,,1,1437851.259,0,2021-05-27,2021-05-27,510186,Superintending Engineer (Civil Circle-1),1,Rajdhani Unnayan Kartripakkha (RAJUK),Dhaka,"24, Naya Paltan,Old-36, Paltan, Dhaka-1000.",,0
co0196,Endeavour Technologies Ltd,ENDEAVOUR TECHNOLOGIES LTD,,1,contract awarded,1,Contract_Awards_PDFs/Tender_514221.pdf,1,,1,1045150.24,0,2021-12-01,2021-12-01,514221,Management Information System (MIS),1,Chittagong Development Authority,Chattogram,"Suite#O-11, Gufesha Plaza, 8, Shahid sangbadik Selina parvin Sarak, Mogbazar, Dhaka-1217",,0
co0197,M/S. AMIN TRADING CORPORATION,AMIN TRADING CORPORATION,,1,contract awarded,6,Contract_Awards_PDFs/Tender_514343.pdf,1,,6,77075337.906,0,2021-04-27,2024-06-11,514343;601516;747837;870261;889938;944366,Superintending Engineer (Civil Circle-1) | Purbachal New Town Project | Uttara Apartment Project | Superintending Engineer (Civil Circle-4),4,Rajdhani Unnayan Kartripakkha (RAJUK),Dhaka,"99, Motijeel, C/A, Korim Chamber, Room No- 702 (6th Floor)",,0
co0198,M/S. Shah Amanat Traders,SHAH AMANAT TRADERS,,1,contract awarded,1,Contract_Awards_PDFs/Tender_515366.pdf,1,,1,2803601.934,0,2021-01-04,2021-01-04,515366,Construction Division-3,1,Chittagong Development Authority,Chattogram,"227/A, Sardar Bari, Dovash Lane, Poet Nazrul Islam Road, Firingee Bazar, Kotwali, Chittagong.",,0
co0199,Mahmud Construction,MAHMUD CONSTRUCTION,,1,contract awarded,1,Contract_Awards_PDFs/Tender_519402.pdf,1,,1,1975027.986,0,2021-01-04,2021-01-04,519402,Construction Division-3,1,Chittagong Development Authority,Chattogram,"43/44 New 44/45, Nazir Ahmed Chowdhury Road, Anderkilla, Kotwali, Chittagong.",,0
co0200,"SS-RI JV ( JVCA Partners [Business Share]: M/S. Raju International [51.000%] , M/S. Sharif & Sons [49.000%] )",SS RI JV JVCA PARTNERS BUSINESS SHARE M S RAJU INTERNATIONAL 51 000 M S SHARIF SONS 49 000,,1,contract awarded,1,Contract_Awards_PDFs/Tender_528756.pdf,1,,1,52620082.2,0,2021-06-16,2021-06-16,528756,Purbachal New Town Project,1,Rajdhani Unnayan Kartripakkha (RAJUK),Dhaka,"Modumati Supar Market, 717, Panchuria, Gopalgonj-8100.",,0
co0201,"SC & ARE JV ( JVCA Partners [Business Share]: M/S. A. R. Enterprise [49.000%] , M/S. Sapna Construction [51.000%] )",SC ARE JV JVCA PARTNERS BUSINESS SHARE M S A R ENTERPRISE 49 000 M S SAPNA CONSTRUCTION 51 000,,1,contract awarded,1,Contract_Awards_PDFs/Tender_528758.pdf,1,,1,54897254.622,0,2021-06-16,2021-06-16,528758,Purbachal New Town Project,1,Rajdhani Unnayan Kartripakkha (RAJUK),Dhaka,"230/1-A, Tilpapara, Road No-06 Khilgaon, Dhaka-1219",,0
co0202,"Udayan-Convoy JV ( JVCA Partners [Business Share]: M/S Udayan Builders [70.000%] , CONVOY SERVICE [30.000%] )",UDAYAN CONVOY JV JVCA PARTNERS BUSINESS SHARE M S UDAYAN BUILDERS 70 000 CONVOY SERVICE 30 000,,1,contract awarded,1,Contract_Awards_PDFs/Tender_535709.pdf,1,,1,112616351.154,0,2021-06-16,2021-06-16,535709,Purbachal New Town Project,1,Rajdhani Unnayan Kartripakkha (RAJUK),Dhaka,"Level # 02, Plot # 26, Shahajalal Avenue, Sector # 04, Uttara, Dhaka-1230, Bangladesh",,0
co0203,"Rana Builders (Pvt.) Ltd. - M/s Shafique and Sons (JV) ( JVCA Partners [Business Share]: Rana Builders (Pvt.) Ltd. [51.000%] , M/s Shafique and Sons [49.000%] )",RANA BUILDERS PVT LTD M S SHAFIQUE AND SONS JV JVCA PARTNERS BUSINESS SHARE RANA BUILDERS PVT LTD 51 000 M S SHAFIQUE AND SONS 49 000,"Rana Builders (Pvt.) Ltd. - M/s. Shafique and Sons (JV) ( JVCA Partners [Business Share]: Rana Builders (Pvt.) Ltd. [51.000%] , M/s Shafique and Sons [49.000%] )",2,contract awarded,2,Contract_Awards_PDFs/Tender_535712.pdf,1,,2,174665450.034,0,2021-06-16,2023-12-24,535712;902293,Purbachal New Town Project,1,Rajdhani Unnayan Kartripakkha (RAJUK),Dhaka,"Cha-72/1, Progoti Sarani, North Badda, Dhaka-1212. | Cha-72/1, Pragoti Sarani, North Badda, Dhaka-1212.",,0
co0204,Spectra Engineers Ltd.,SPECTRA ENGINEERS LTD,,1,contract awarded,4,Contract_Awards_PDFs/Tender_538256.pdf,1,,4,10679532007.980999,0,2021-12-29,2023-07-30,538256;735107;775105;781266,"Project Director (CCORRP) | Project Director(KK Newaz), Chittagong Development Authority | Project Director(Rajib Das) | Project Director (Loop Road)",4,Chittagong Development Authority,Chattogram,"House # 17, Road #106, Block-CEN(F), Gulshan-2, Dhaka-1212",,0
co0205,M/s.Suraim Enterprise,M S SURAIM ENTERPRISE,,1,contract awarded,3,Contract_Awards_PDFs/Tender_539744.pdf,1,,3,8327932.022,0,2021-05-05,2024-04-24,539744;824096;965239,"Project Director(M.Uddin) | Construction Division-1, Chattogram Development Authority | Superintending Engineer-2",3,Chittagong Development Authority,Chattogram,"152, Alkoron Road, Sadaghat, Chittagong",,0
co0206,Legacy Furniture (Pvt.) Ltd.,LEGACY FURNITURE PVT LTD,,1,contract awarded,3,Contract_Awards_PDFs/Tender_548292.pdf,1,,3,69711612.489,0,2021-04-13,2021-04-13,548292;548589;549164,Cox's Bazar Development Authority,1,Cox's Bazar Development Authority,Cox's Bazar,"60, Gulshan Avenue, Taher Mansion, Gulshan-1, Dhaka-1212",,0
co0207,Flora Limited,FLORA LIMITED,,1,contract awarded,1,Contract_Awards_PDFs/Tender_561734.pdf,1,,1,438000.002,0,2021-07-08,2021-07-08,561734,Office of the Assistant Programmer,1,Khulna Development Authority (KDA),Khulna,"Flora Limited DR Tower (3rd Floor) 65/2/2, Bir Protik Gazi Golam Dostogir Road (Box Calvert Road), Purana Paltan Dhaka-1000, Bangladesh.",,0
co0208,Extreme Engineering Development Consultant,EXTREME ENGINEERING DEVELOPMENT CONSULTANT,,1,contract awarded,2,Contract_Awards_PDFs/Tender_577378.pdf,1,,2,6877937.908,0,2021-05-27,2022-03-03,577378;653051,Cox's Bazar Development Authority,1,Cox's Bazar Development Authority,Cox's Bazar,"47/B, Road No:02, Samata Tower, Chand Housing ,Mohammadpur , Dhaka-1207",,0
co0209,"Ataur Rahman Khan Ltd & Mahabub Brothers (Pvt) Ltd JV ( JVCA Partners [Business Share]: MAHABUB BROTHERS(PVT)LIMITED [49.000%] , Ataur Rahman Khan Ltd. [51.000%] )",ATAUR RAHMAN KHAN LTD MAHABUB BROTHERS PVT LTD JV JVCA PARTNERS BUSINESS SHARE MAHABUB BROTHERS PVT LIMITED 49 000 ATAUR RAHMAN KHAN LTD 51 000,,1,contract awarded,1,Contract_Awards_PDFs/Tender_581310.pdf,1,,1,1434577898.254,0,2021-12-28,2021-12-28,581310,Office of Exen (works),1,Khulna Development Authority (KDA),Khulna,"Firoz Tower (5th Floor), 152/3/B, Bir Uttom Kazi-Nur-Uz-Zaman Road, Panthpath, Dhaka.",,0
co0210,MECO INTERNATIONAL,MECO INTERNATIONAL,,1,contract awarded,1,Contract_Awards_PDFs/Tender_583663.pdf,1,,1,4711111.111,0,2021-08-29,2021-08-29,583663,"Construction of multi-storied apartment Buildings on 9(Nine) nos abandoned plot at Gulshan,Mohammadpur, Lalmatia & Dhanmondi, Dhaka.",1,Rajdhani Unnayan Kartripakkha (RAJUK),Dhaka,"House No-37, Road No-4, Block-Kha, Pisciculture Housing Society, Mohammadpur, Dhaka",,0
co0211,M/S Mirza Construction,MIRZA CONSTRUCTION,,1,contract awarded,3,Contract_Awards_PDFs/Tender_591374.pdf,1,,3,19669163.257,0,2021-09-08,2024-07-15,591374;591741;980083,"Construction of multi-storied apartment Buildings on 9(Nine) nos abandoned plot at Gulshan,Mohammadpur, Lalmatia & Dhanmondi, Dhaka. | Office of the Superintending Engineer (Electrical)",2,Rajdhani Unnayan Kartripakkha (RAJUK),Dhaka,"J.C. Road, Dhanbandi, Sirajganj",,0
co0212,Khaled Mohammad Selim,KHALED MOHAMMAD SELIM,,1,contract awarded,1,Contract_Awards_PDFs/Tender_595725.pdf,1,,1,2023714.563,0,2021-09-14,2021-09-14,595725,Office of the Chairman,1,Rajshahi Development Authority,Rajshahi,"109, New Market, Rajshahi-6100.",,0
co0213,M/S. Jashim & Sons,JASHIM SONS,,1,contract awarded,1,Contract_Awards_PDFs/Tender_596661.pdf,1,,1,88622840.523,0,2022-03-30,2022-03-30,596661,"Project Director(KK Newaz), Chittagong Development Authority",1,Chittagong Development Authority,Chattogram,"6, Hossain Shahid Soharwardi Road, Kotwali, Chittagong.",,0
co0214,H RAHMAN ENTERPRISE,H RAHMAN ENTERPRISE,,1,contract awarded,1,Contract_Awards_PDFs/Tender_601512.pdf,1,,1,11116977.075,0,2022-01-03,2022-01-03,601512,Purbachal New Town Project,1,Rajdhani Unnayan Kartripakkha (RAJUK),Dhaka,"177, Shohid Syed Nazrul Islam Sharani, Bijoy Nagar, Dhaka-1000.",,0
co0215,M/s J S Enterprise,J S ENTERPRISE,,1,contract awarded,2,Contract_Awards_PDFs/Tender_614376.pdf,1,,2,24426780.723,0,2022-01-10,2024-01-30,614376;863109,"Project Director(M.Uddin), Chittagong Development Authority | Project Director (CDA Square)",2,Chittagong Development Authority,Chattogram,"North Gasbaria ,Bodurpara , Chandanaish , Chittagong.",,0
co0216,"M/S SHAFIQUE AND SONS - M/S. AMIN TRADING CORPORATION JV ( JVCA Partners [Business Share]: M/S. AMIN TRADING CORPORATION [25.000%] , M/s Shafique and Sons [75.000%] )",SHAFIQUE AND SONS M S AMIN TRADING CORPORATION JV JVCA PARTNERS BUSINESS SHARE M S AMIN TRADING CORPORATION 25 000 M S SHAFIQUE AND SONS 75 000,,1,contract awarded,1,Contract_Awards_PDFs/Tender_615572.pdf,1,,1,29216449.314,0,2021-11-23,2021-11-23,615572,Uttara 3rd Phase Project,1,Rajdhani Unnayan Kartripakkha (RAJUK),Dhaka,"Cha-72/1, Progoti Sarani, Uttar Badda, Dhaka-1212",,0
co0217,Rancon Industrial Solutions Ltd.,RANCON INDUSTRIAL SOLUTIONS LTD,,1,contract awarded,1,Contract_Awards_PDFs/Tender_617410.pdf,1,,1,21379456.051,0,2021-12-30,2021-12-30,617410,Cox's Bazar Development Authority,1,Cox's Bazar Development Authority,Cox's Bazar,"117, Tejkunipara, Old Airport Road, Bijoy Shoroni, Tejgaon, Dhaka.",,0
co0218,"SCL-LB-KEC JV ( JVCA Partners [Business Share]: M/S. KARIM ENTERPRISE & CONSTRUCTION [30.000%] , Sun Flower Construction Ltd. [40.000%] , M/S LABON & BROTHERS [30.000%] )",SCL LB KEC JV JVCA PARTNERS BUSINESS SHARE M S KARIM ENTERPRISE CONSTRUCTION 30 000 SUN FLOWER CONSTRUCTION LTD 40 000 M S LABON BROTHERS 30 000,,1,contract awarded,1,Contract_Awards_PDFs/Tender_617807.pdf,1,,1,75976418.725,0,2021-12-30,2021-12-30,617807,Cox's Bazar Development Authority,1,Cox's Bazar Development Authority,Cox's Bazar,"10 Dilkusha Jibon Bima Tower 8th Floor Motijheel, Dhaka",,0
co0219,"Hassan Techno Builders Ltd. - Taher Brothers Ltd. JV. ( JVCA Partners [Business Share]: Hassan Techno Builders Ltd. [60.000%] , Taher Brothers Ltd. [40.000%] )",HASSAN TECHNO BUILDERS LTD TAHER BROTHERS LTD JV JVCA PARTNERS BUSINESS SHARE HASSAN TECHNO BUILDERS LTD 60 000 TAHER BROTHERS LTD 40 000,,1,contract awarded,1,Contract_Awards_PDFs/Tender_618898.pdf,1,,1,94588512.789,0,2021-12-30,2021-12-30,618898,Cox's Bazar Development Authority,1,Cox's Bazar Development Authority,Cox's Bazar,"Punam Palace, Holding No: 464, 1st Kandirpar, Badurtala, Cumilla",,0
co0220,Power Net Enterprise,POWER NET ENTERPRISE,,1,contract awarded,2,Contract_Awards_PDFs/Tender_629331.pdf,1,,2,8535567.6,0,2022-02-01,2023-01-16,629331;736874,"Electrical & Mechanical Engineering (EME) | Project Director(KK Newaz), Chittagong Development Authority",2,Chittagong Development Authority,Chattogram,"Khan Mansion Khulshi Colony Road, Nasirabad, Chittagong-4209",,0
co0221,Trade Spin,TRADE SPIN,,1,contract awarded,2,Contract_Awards_PDFs/Tender_637086.pdf,1,,2,4185475.695,0,2022-02-17,2022-10-19,637086;728810,"Project Director(M.Uddin), Chittagong Development Authority | Project Director (Dewanhat)",2,Chittagong Development Authority,Chattogram,"4, BGB Super Market, Halishahar Housing Estate, Chattogram.",,0
co0222,YSP TECHNOLOGY,YSP TECHNOLOGY,,1,contract awarded,2,Contract_Awards_PDFs/Tender_638918.pdf,1,,2,18498500.015,0,2022-03-07,2022-06-27,638918;695670,Office of the Chairman | Office of Planning Officer,2,Rajshahi Development Authority | Khulna Development Authority (KDA),Rajshahi;Khulna,"37 Bir Uttam C R Datta Road, Nahar Plaza, Dhaka",,0
co0223,M/S Hasan & Brothers,HASAN BROTHERS,,1,contract awarded,2,Contract_Awards_PDFs/Tender_640368.pdf,1,,2,6965993.412,0,2022-03-23,2022-06-06,640368;683811,"Project Director(M.Uddin), Chittagong Development Authority",1,Chittagong Development Authority,Chattogram,"265/262 Mamtaj Market, Khatungonj, Chittagong.",,0
co0224,Md.kabir Hossain,MD KABIR HOSSAIN,,1,contract awarded,1,Contract_Awards_PDFs/Tender_64165.pdf,1,,1,4187780.121,0,2016-10-03,2016-10-03,64165,Office of the Chaiman,1,Rajshahi Development Authority,Rajshahi,"In front of Rajshahi City Bhaban, Greater road, Rajshahi, Bangladesh.",,0
co0225,Super Star Renewable Energy Limited,SUPER STAR RENEWABLE ENERGY LIMITED,,1,contract awarded,1,Contract_Awards_PDFs/Tender_647356.pdf,1,,1,13534879.5,0,2022-03-16,2022-03-16,647356,Uttara 3rd Phase Project,1,Rajdhani Unnayan Kartripakkha (RAJUK),Dhaka,"SSG Center (3rd Floor), Nabosrista Plot No.: 1/A, Tejgaon I/A, Dhaka",,0
co0226,Auto Power Pvt. Limited,AUTO POWER PVT LIMITED,,1,contract awarded,1,Contract_Awards_PDFs/Tender_647361.pdf,1,,1,9194839.2,0,2022-03-16,2022-03-16,647361,Uttara 3rd Phase Project,1,Rajdhani Unnayan Kartripakkha (RAJUK),Dhaka,"24, MIRPUR ROAD , GLOBE CENTER (3RD FLOOR), DHAKA",,0
co0227,M/S LABON & BROTHERS,LABON BROTHERS,,1,contract awarded,1,Contract_Awards_PDFs/Tender_647467.pdf,1,,1,74887107.687,0,2022-02-09,2022-02-09,647467,Cox's Bazar Development Authority,1,Cox's Bazar Development Authority,Cox's Bazar,"10/2, Kashem Centre, 12/A, Arambagh, Motijhil, Dhaka1000",,0
co0228,Volume - 11,VOLUME 11,,1,contract awarded,1,Contract_Awards_PDFs/Tender_647622.pdf,1,,1,8963413.2,0,2022-05-11,2022-05-11,647622,"Project Director(M.Uddin), Chittagong Development Authority",1,Chittagong Development Authority,Chattogram,"20/C, Road No- 2, Amirbag R/A, Mehedibag, Chattogram.",,0
co0229,Rithin Enterprise,RITHIN ENTERPRISE,,1,contract awarded,1,Contract_Awards_PDFs/Tender_658227.pdf,1,,1,14747701.408,0,2022-05-11,2022-05-11,658227,Office of the Chairman,1,Rajshahi Development Authority,Rajshahi,"Rithin Enterprise, Proprietor-Tured Al Masud, 1st class contractor & supplier , Dorikharbona, Boalia, Rajshahi.",,0
co0230,Shapla Enterprise,SHAPLA ENTERPRISE,,1,contract awarded,2,Contract_Awards_PDFs/Tender_663428.pdf,1,,2,7107351.122,0,2022-06-02,2024-02-12,663428;882631,Director (Admin),1,Rajdhani Unnayan Kartripakkha (RAJUK),Dhaka,"9K,Motijheel, C/A, Dhaka-1000.",,0
co0231,Tithy Printing & Packaging,TITHY PRINTING PACKAGING,,1,contract awarded,1,Contract_Awards_PDFs/Tender_663429.pdf,1,,1,773944.52,0,2022-06-02,2022-06-02,663429,Director (Admin),1,Rajdhani Unnayan Kartripakkha (RAJUK),Dhaka,"Tithy Printing & Packaging 28/C-1, Toyenbee Circular Road, Motijheel C/A, Dhaka-1000, Bangladesh, Phone: 9550412, 9553303, Mobile: 01819263481",,0
co0232,M/S. A. F. C.,A F C,,1,contract awarded,1,Contract_Awards_PDFs/Tender_667218.pdf,1,,1,3017182.356,0,2022-06-06,2022-06-06,667218,"Project Director(M.Uddin), Chittagong Development Authority",1,Chittagong Development Authority,Chattogram,"Bara Dighir Par, Hathazari Road, Hathazari, Chittagong.",,0
co0233,"M/s. SS & MT (JV) ( JVCA Partners [Business Share]: M/S. Monir Traders [49.000%] , M/S. Sharif & Sons [51.000%] )",SS MT JV JVCA PARTNERS BUSINESS SHARE M S MONIR TRADERS 49 000 M S SHARIF SONS 51 000,,1,contract awarded,1,Contract_Awards_PDFs/Tender_671805.pdf,1,,1,444989988.324,0,2022-06-15,2022-06-15,671805,Uttara Apartment Project,1,Rajdhani Unnayan Kartripakkha (RAJUK),Dhaka,"Modumati Supar Market, 717, Panchuria, Gopalgonj-8100.",,0
co0234,M/S Faith Print,FAITH PRINT,,1,contract awarded,1,Contract_Awards_PDFs/Tender_672061.pdf,1,,1,199501.5,0,2022-06-02,2022-06-02,672061,Director (Admin),1,Rajdhani Unnayan Kartripakkha (RAJUK),Dhaka,"Arambag,Motijheel",,0
co0235,Arc Bangladesh Ltd.,ARC BANGLADESH LTD,,1,contract awarded,1,Contract_Awards_PDFs/Tender_680144.pdf,1,,1,2595000.001,0,2022-05-17,2022-05-17,680144,Office of the Chairman,1,Rajshahi Development Authority,Rajshahi,"60, West Agargaon (1st Floor), Sher-e-Bangla Nagar, Dhaka-1207.",,0
co0236,H.A Enterprise,H A ENTERPRISE,,1,contract awarded,4,Contract_Awards_PDFs/Tender_681465.pdf,1,,4,29686509.711,0,2022-04-20,2024-05-07,681465;808097;925988;963987,Cox's Bazar Development Authority,1,Cox's Bazar Development Authority,Cox's Bazar,"Laldigir Par, Main Road, Coxs Bazar, Bangladesh",,0
co0237,M/S Chowdhury Enterprise,CHOWDHURY ENTERPRISE,,1,contract awarded,1,Contract_Awards_PDFs/Tender_699111.pdf,1,,1,22498801.427,0,2022-06-30,2022-06-30,699111,Uttara Apartment Project,1,Rajdhani Unnayan Kartripakkha (RAJUK),Dhaka,"06, Madan Shaha Lane, Sutrapur, Dhaka-1100.",,0
co0238,M/s B. D. & CO,B D CO,,1,contract awarded,1,Contract_Awards_PDFs/Tender_699961.pdf,1,,1,2142865.125,0,2022-06-12,2022-06-12,699961,Office of the Assistant Programmer,1,Khulna Development Authority (KDA),Khulna,"Pani Gati, Hazigram, Digholia, Khulna-9222",,0
co0239,PARVEZ CONSTRUCTION LIMITED,PARVEZ CONSTRUCTION LIMITED,,1,contract awarded,1,Contract_Awards_PDFs/Tender_703479.pdf,1,,1,7829999.1,0,2022-06-26,2022-06-26,703479,Office of the Chairman,1,Rajshahi Development Authority,Rajshahi,"House # 701, Road # 01, Bus Terminal Road, Tatultala, Alamnagar-5402, Rangpur",,0
co0240,Donatien International,DONATIEN INTERNATIONAL,,1,contract awarded,2,Contract_Awards_PDFs/Tender_713622.pdf,1,,2,36444829.149,0,2022-11-03,2024-07-14,713622;974362,Superintending Engineer (Civil Circle-1) | Uttara Apartment Project,2,Rajdhani Unnayan Kartripakkha (RAJUK),Dhaka,"33 South Khilgaon, Dhaka 1219.",,0
co0241,M/S. Khan Enterprise,KHAN ENTERPRISE,,1,contract awarded,1,Contract_Awards_PDFs/Tender_727612.pdf,1,,1,2273120.991,0,2022-12-21,2022-12-21,727612,Superintending Engineer (Civil Circle-4),1,Rajdhani Unnayan Kartripakkha (RAJUK),Dhaka,"P-67/1, Middle Badda, Badda, Dhaka-1212.",,0
co0242,Add construction solution,ADD CONSTRUCTION SOLUTION,,1,contract awarded,3,Contract_Awards_PDFs/Tender_728690.pdf,1,,3,4438764.161,0,2022-10-20,2022-10-20,728690;728691;728692,Office of Exen (Maintenance),1,Khulna Development Authority (KDA),Khulna,"353/1 ( DSCC) Zia Shoroni Road, Matuail,; Jatrabari PS; Dhaka-1232; Bangladesh",,0
co0243,"M/S. Udayan Builders - M/S. Tanni Enterprise JV ( JVCA Partners [Business Share]: M/S Udayan Builders [75.000%] , M/S. TANNI ENTERPRISE [25.000%] )",UDAYAN BUILDERS M S TANNI ENTERPRISE JV JVCA PARTNERS BUSINESS SHARE M S UDAYAN BUILDERS 75 000 M S TANNI ENTERPRISE 25 000,,1,contract awarded,1,Contract_Awards_PDFs/Tender_732686.pdf,1,,1,78671412.468,0,2023-02-19,2023-02-19,732686,Uttara Apartment Project,1,Rajdhani Unnayan Kartripakkha (RAJUK),Dhaka,"Road # 07, House # 27, Sector # 11, Uttara, Dhaka-1230",,0
co0244,M/S N Mohammed Trading,N MOHAMMED TRADING,,1,contract awarded,2,Contract_Awards_PDFs/Tender_733637.pdf,1,,2,5391084.375,0,2022-10-06,2023-03-06,733637;781011,Cox's Bazar Development Authority,1,Cox's Bazar Development Authority,Cox's Bazar,"Khurushkul Road, Uttar Taraboniarchara, Coxs Bazar Pourshava, Coxs Bazar",,0
co0245,The Decode Ltd.,THE DECODE LTD,,1,contract awarded,1,Contract_Awards_PDFs/Tender_745109.pdf,1,,1,9969999.758,0,2022-11-28,2022-11-28,745109,Project Director (Master Plan),1,Chittagong Development Authority,Chattogram,BDBL Bhaban (6th Level) 12 Karwan Bazar,,0
co0246,"M/s. Udayan Builders (JV) ( JVCA Partners [Business Share]: M/S Udayan Builders [51.000%] , Starlite Services Limited [49.000%] )",UDAYAN BUILDERS JV JVCA PARTNERS BUSINESS SHARE M S UDAYAN BUILDERS 51 000 STARLITE SERVICES LIMITED 49 000,,1,contract awarded,1,Contract_Awards_PDFs/Tender_752801.pdf,1,,1,452992528.197,0,2023-08-27,2023-08-27,752801,Uttara Lake Development Project,1,Rajdhani Unnayan Kartripakkha (RAJUK),Dhaka,"Dhaka Trade Center (15th Floor), Block-H, 99 Kazi Nazrul Islam Avenue, Kawran Bazar C/A, Dhaka-1215",,0
co0247,"SSL-CONVOY JV ( JVCA Partners [Business Share]: CONVOY SERVICE [30.000%] , Starlite Services Limited [70.000%] )",SSL CONVOY JV JVCA PARTNERS BUSINESS SHARE CONVOY SERVICE 30 000 STARLITE SERVICES LIMITED 70 000,,1,contract awarded,1,Contract_Awards_PDFs/Tender_775307.pdf,1,,1,53908596.9,0,2023-04-12,2023-04-12,775307,Uttara Apartment Project,1,Rajdhani Unnayan Kartripakkha (RAJUK),Dhaka,"Level # 02, Plot # 26, Shahajalal Avenue, Sector # 04, Uttara, Dhaka-1230, Bangladesh",,0
co0248,"M.A.H Construction Ltd,RAB-RC(PVT)Ltd and Dawn Corporation JV ( JVCA Partners [Business Share]: M/S. Dawn Corporation [0.000%] , RAB-RC (PVT) LIMITED [0.000%] , M.A.H. CONSTRUCTION LTD. [0.000%] )",M A H CONSTRUCTION LTD RAB RC PVT LTD AND DAWN CORPORATION JV JVCA PARTNERS BUSINESS SHARE M S DAWN CORPORATION 0 000 RAB RC PVT LIMITED 0 000 M A H CONSTRUCTION LTD 0 000,,1,contract awarded,4,Contract_Awards_PDFs/Tender_79395.pdf,1,,4,267342765.3,0,2017-08-22,2017-08-22,79395;80585;80586;98112,Office of the Chief Engineer (Implementation),1,Rajdhani Unnayan Kartripakkha (RAJUK),Dhaka,"1307/2,East Monipur, kafrul,Dhaka-1216",,0
co0249,"M/S RAHMAN ENGINEERING - M/S TANNI ENTERPRISE (JV) ( JVCA Partners [Business Share]: M/S Rahman Engineering [51.000%] , M/S. TANNI ENTERPRISE [49.000%] )",RAHMAN ENGINEERING M S TANNI ENTERPRISE JV JVCA PARTNERS BUSINESS SHARE M S RAHMAN ENGINEERING 51 000 M S TANNI ENTERPRISE 49 000,,1,contract awarded,1,Contract_Awards_PDFs/Tender_807903.pdf,1,,1,36704663.586,0,2023-08-10,2023-08-10,807903,Purbachal New Town Project,1,Rajdhani Unnayan Kartripakkha (RAJUK),Dhaka,"House #27, Road #07, Sector #11. Uttara, Dhaka",,0
co0250,Solution World Limited,SOLUTION WORLD LIMITED,,1,contract awarded,1,Contract_Awards_PDFs/Tender_815786.pdf,1,,1,4292000,0,2023-06-12,2023-06-12,815786,Management Information System (MIS),1,Chittagong Development Authority,Chattogram,"152, Shantinagar, Flat # B-6, Rupayan Angel, Dhaka-1217.",,0
co0251,M/S S.R Construction,S R CONSTRUCTION,,1,contract awarded,2,Contract_Awards_PDFs/Tender_827087.pdf,1,,2,1660457.349,0,2023-05-29,2023-06-07,827087;835847,Cox's Bazar Development Authority | CoxDA Master Plan,2,Cox's Bazar Development Authority,Cox's Bazar,"North Rumaliarchara, Cox's Bazar Sadar, Coxs Bazar",,0
co0252,Star Tech & Engineering Ltd.,STAR TECH ENGINEERING LTD,,1,contract awarded,1,Contract_Awards_PDFs/Tender_832064.pdf,1,,1,10540782.332,0,2023-09-26,2023-09-26,832064,Office of the Superintending Engineer (Electrical),1,Rajdhani Unnayan Kartripakkha (RAJUK),Dhaka,"Kushali Bhaban, 238/1, Begum Rokeya Sharanee, Taltala, Dhaka 1216",,0
co0253,Global Office Automation Ltd.,GLOBAL OFFICE AUTOMATION LTD,,1,contract awarded,1,Contract_Awards_PDFs/Tender_835662.pdf,1,,1,568279.892,0,2023-06-07,2023-06-07,835662,CoxDA Master Plan,1,Cox's Bazar Development Authority,Cox's Bazar,"160, Lake Circus, Kalabagan, Dhaka.",,0
co0254,ETASA ENTERPRISE,ETASA ENTERPRISE,,1,contract awarded,1,Contract_Awards_PDFs/Tender_836225.pdf,1,,1,1450736.1,0,2023-06-26,2023-06-26,836225,Office of the Chairman,1,Rajshahi Development Authority,Rajshahi,"CAPTAIN MOHIUDDIN ZAHANGIR SWARANI Seroil, Post- Ghoramara, Police Station- Boalia, Dist- Rajshahi.",,0
co0255,Verbal,VERBAL,,1,contract awarded,1,Contract_Awards_PDFs/Tender_836329.pdf,1,,1,1725135.081,0,2023-06-15,2023-06-15,836329,Management Information System (MIS),1,Chittagong Development Authority,Chattogram,"120/A, R.S Bhaban (2nd Floor), Suite-310, Motijheel C/A, Dhaka-1000",,0
co0256,M/S. J.J. Traders,J J TRADERS,,1,contract awarded,1,Contract_Awards_PDFs/Tender_840372.pdf,1,,1,2322988.272,0,2023-09-04,2023-09-04,840372,"Project Director(M.Uddin), Chittagong Development Authority",1,Chittagong Development Authority,Chattogram,"62, Natab Bhaban (2nd Floor), Panchlaish, Chittagong.",,0
co0257,"SUNNY-RS-TML JV ( JVCA Partners [Business Share]: M/S Sunny Construction [50.000%] , TRADEMAJESTIC LIMITED [25.000%] , M/S. R.S ENTERPRISE [25.000%] )",SUNNY RS TML JV JVCA PARTNERS BUSINESS SHARE M S SUNNY CONSTRUCTION 50 000 TRADEMAJESTIC LIMITED 25 000 M S R S ENTERPRISE 25 000,,1,contract awarded,1,Contract_Awards_PDFs/Tender_848555.pdf,1,,1,51133146.948,0,2023-08-31,2023-08-31,848555,Project Director (Loop Road),1,Chittagong Development Authority,Chattogram,"House # 09 (1st Floor), Road # 1, Block-G, Beside A.C Mosjid, Halishahar H/E, Halishahar, Chattogram, Bangladesh.",,0
co0258,M/S. Khan Corporation,KHAN CORPORATION,,1,contract awarded,1,Contract_Awards_PDFs/Tender_851863.pdf,1,,1,2707964.064,0,2023-10-04,2023-10-04,851863,"Construction Division-1, Chattogram Development Authority",1,Chittagong Development Authority,Chattogram,"129/143, D.C Road, Khan Bhaban, West Bakalia, Dewanbazar, Chittagong.",,0
co0259,M/S. Shah Jabbaria Construction & Co.,SHAH JABBARIA CONSTRUCTION CO,,1,contract awarded,1,Contract_Awards_PDFs/Tender_851865.pdf,1,,1,12814150.311,0,2023-11-22,2023-11-22,851865,"Construction Division-1, Chattogram Development Authority",1,Chittagong Development Authority,Chattogram,"69/7, Mohammadia Plaza, Reazuddin Bazar, Chattogram",,0
co0260,"National Development Engineers Ltd. - M/S. Niaz Traders JV (NDE-NT JV) ( JVCA Partners [Business Share]: NATIONAL DEVELOPMENT ENGINEERS LTD. [20.000%] , M/S. Niaz Traders [80.000%] )",NATIONAL DEVELOPMENT ENGINEERS LTD M S NIAZ TRADERS JV NDE NT JV JVCA PARTNERS BUSINESS SHARE NATIONAL DEVELOPMENT ENGINEERS LTD 20 000 M S NIAZ TRADERS 80 000,,1,contract awarded,1,Contract_Awards_PDFs/Tender_857646.pdf,1,,1,831424240.458,0,2023-11-23,2023-11-23,857646,"Construction of multi-storied apartment Buildings on 9(Nine) nos abandoned plot at Gulshan,Mohammadpur, Lalmatia & Dhanmondi, Dhaka.",1,Rajdhani Unnayan Kartripakkha (RAJUK),Dhaka,"House-22, Road-04, Block- C Banani Dhaka-1213",,0
co0261,"Noor Hossain Ltd. (JV) ( JVCA Partners [Business Share]: MD. DOLLAR [80.000%] , Noor Hossain Limited [20.000%] )",NOOR HOSSAIN LTD JV JVCA PARTNERS BUSINESS SHARE MD DOLLAR 80 000 NOOR HOSSAIN LIMITED 20 000,,1,contract awarded,1,Contract_Awards_PDFs/Tender_859008.pdf,1,,1,90465350.411,0,2023-10-11,2023-10-11,859008,Office of the Chairman,1,Rajshahi Development Authority,Rajshahi,"Nur Manjil, Kadirganj, Rajshahi.",,0
co0262,"SS-RC (JV) ( JVCA Partners [Business Share]: Rafiq Construction Co. (Pvt.) Ltd. [60.000%] , M/S. Sharif & Sons [40.000%] )",SS RC JV JVCA PARTNERS BUSINESS SHARE RAFIQ CONSTRUCTION CO PVT LTD 60 000 M S SHARIF SONS 40 000,,1,contract awarded,1,Contract_Awards_PDFs/Tender_860503.pdf,1,,1,446902393.401,0,2024-01-03,2024-01-03,860503,Uttara Apartment Project,1,Rajdhani Unnayan Kartripakkha (RAJUK),Dhaka,"Modumati Supar Market, 717, Panchuria, Gopalgonj-8100.",,0
co0263,Premier Trading International,PREMIER TRADING INTERNATIONAL,,1,contract awarded,1,Contract_Awards_PDFs/Tender_860822.pdf,1,,1,40471936.052,0,2023-10-11,2023-10-11,860822,Office of the Project Director,1,Rajshahi Development Authority,Rajshahi,"201/206, Nasirabad Industrial Area Baijid Bostami Road",,0
co0264,M/S.Modina Enterprise,M S MODINA ENTERPRISE,,1,contract awarded,1,Contract_Awards_PDFs/Tender_860823.pdf,1,,1,7358692.5,0,2023-10-11,2023-10-11,860823,Office of the Project Director,1,Rajshahi Development Authority,Rajshahi,"48/B, West Dholairpar, Dhaka-1204.",,0
co0265,Flowater Solutions Ltd.,FLOWATER SOLUTIONS LTD,,1,contract awarded,1,Contract_Awards_PDFs/Tender_862601.pdf,1,,1,5388565.65,0,2024-01-29,2024-01-29,862601,Project Director (CDA Square),1,Chittagong Development Authority,Chattogram,"309, SK Mujib Road, Unit 7&8, Level 6, North Agrabad, Chittagong, Bangladesh.",,0
co0266,Total Accessories,TOTAL ACCESSORIES,,1,contract awarded,2,Contract_Awards_PDFs/Tender_865422.pdf,1,,2,2695218.284,0,2024-02-12,2024-02-12,865422;865423,Director (Admin),1,Rajdhani Unnayan Kartripakkha (RAJUK),Dhaka,"112/1 Fakirapool (3rd Floor), Dhaka-1000",,0
co0267,M/s. Bhuiyan Traders,BHUIYAN TRADERS,,1,contract awarded,1,Contract_Awards_PDFs/Tender_865569.pdf,1,,1,4403775.886,0,2023-11-30,2023-11-30,865569,"Project Director(M.Uddin), Chittagong Development Authority",1,Chittagong Development Authority,Chattogram,"B.O.C. Mor,Katgar,Dohazari,Satkania,Chittagong-4382",,0
co0268,M/S RAFID TRADERS,RAFID TRADERS,,1,contract awarded,1,Contract_Awards_PDFs/Tender_867256.pdf,1,,1,107298313.662,0,2023-11-15,2023-11-15,867256,Office of the Project Director (KDA Bus Terminal),1,Khulna Development Authority (KDA),Khulna,"17/2 Deana South para, Daulatpur, Khulna.",,0
co0269,DIENCO LIMITED,DIENCO LIMITED,,1,contract awarded,1,Contract_Awards_PDFs/Tender_868640.pdf,1,,1,604963771.954,0,2024-02-22,2024-02-22,868640,Office of the Project Director (3Link Road),1,Khulna Development Authority (KDA),Khulna,"Suite-4A, Nakshi Homes, 6/1/A, Topkhana Road, Segunbagicha, Topkhana Road, Dhaka-1000.",,0
co0270,M/s. M.R. Construction,M R CONSTRUCTION,,1,contract awarded,1,Contract_Awards_PDFs/Tender_870250.pdf,1,,1,119111709.123,0,2023-12-04,2023-12-04,870250,Purbachal New Town Project,1,Rajdhani Unnayan Kartripakkha (RAJUK),Dhaka,"147 Motijheel C/A, Sultan Building, (1st Floor) Dhaka.",,0
co0271,Rangpur Metal Industries Limited,RANGPUR METAL INDUSTRIES LIMITED,,1,contract awarded,1,Contract_Awards_PDFs/Tender_879523.pdf,1,,1,14058755.285,0,2023-12-10,2023-12-10,879523,"Construction of multi-storied apartment Buildings on 9(Nine) nos abandoned plot at Gulshan,Mohammadpur, Lalmatia & Dhanmondi, Dhaka.",1,Rajdhani Unnayan Kartripakkha (RAJUK),Dhaka,PRAN RFL Center 105 Middle Badda Dhaka,,0
co0272,"Starlite Services Ltd & Convoy Service JV ( JVCA Partners [Business Share]: CONVOY SERVICE [0.000%] , Starlite Services Limited [0.000%] )",STARLITE SERVICES LTD CONVOY SERVICE JV JVCA PARTNERS BUSINESS SHARE CONVOY SERVICE 0 000 STARLITE SERVICES LIMITED 0 000,,1,contract awarded,1,Contract_Awards_PDFs/Tender_89106.pdf,1,,1,126193349.781,0,2017-08-16,2017-08-16,89106,Office of the Chief Engineer (Implementation),1,Rajdhani Unnayan Kartripakkha (RAJUK),Dhaka,"Planners Tower (16th Floor), 13/A, Bipanan C/A, Sonargaon Road, Dhaka-1000",,0
co0273,M/S. Mukta Enterprise,MUKTA ENTERPRISE,,1,contract awarded,1,Contract_Awards_PDFs/Tender_89768.pdf,1,,1,2729526.828,0,2017-04-11,2017-04-11,89768,"Office of the Executive Engineer DPHE, Lakshmipur",1,Department of Public Health Engineering (DPHE),Laksmipur,"Uttar Te-muhuni, Upazila- Sadar, Dist.- Laxmipur.",,0
co0274,"SS-RI JV ( JVCA Partners [Business Share]: M/S. Raju International [49.000%] , M/S. Sharif & Sons [51.000%] )",SS RI JV JVCA PARTNERS BUSINESS SHARE M S RAJU INTERNATIONAL 49 000 M S SHARIF SONS 51 000,,1,contract awarded,1,Contract_Awards_PDFs/Tender_901824.pdf,1,,1,43936248.816,0,2024-01-01,2024-01-01,901824,Purbachal New Town Project,1,Rajdhani Unnayan Kartripakkha (RAJUK),Dhaka,"Modhumati Super Market, 717, Panchuria, Gopalgonj-8100.",,0
co0275,Ocean Electrical Limited,OCEAN ELECTRICAL LIMITED,,1,contract awarded,2,Contract_Awards_PDFs/Tender_909193.pdf,1,,2,77923570.14,0,2024-01-30,2024-04-29,909193;944909,Project Director (CDA Square),1,Chittagong Development Authority,Chattogram,"Charpatherghata, Azim Para, Karnaphulli, Chittagong.",,0
co0276,R R Enterprise,R R ENTERPRISE,,1,contract awarded,3,Contract_Awards_PDFs/Tender_916128.pdf,1,,3,4374284.962,0,2024-01-04,2024-02-13,916128;925146;937128,Cox's Bazar Development Authority,1,Cox's Bazar Development Authority,Cox's Bazar,"North Peskerpara, Coxs Bazar Pourashava, Sadar, Coxs Bazar",,0
co0277,"RNYB Ltd - A.T Construction JV. JV. ( JVCA Partners [Business Share]: RN Yakub & Brothers Private Limited. [51.000%] , M/S. A.T. Construction [49.000%] )",RNYB LTD A T CONSTRUCTION JV JV JVCA PARTNERS BUSINESS SHARE RN YAKUB BROTHERS PRIVATE LIMITED 51 000 M S A T CONSTRUCTION 49 000,,1,contract awarded,1,Contract_Awards_PDFs/Tender_917088.pdf,1,,1,161596296.849,0,2024-04-23,2024-04-23,917088,Project Director (CCORRP),1,Chittagong Development Authority,Chattogram,"Azad Bhaban (6th floor), Jamal Khan Road, Chattogram",,0
co0278,"Anik Trading and Construction-Fastbuild JV ( JVCA Partners [Business Share]: FASTBUILD [75.000%] , Anik Trading and Construction Limited [25.000%] )",ANIK TRADING AND CONSTRUCTION FASTBUILD JV JVCA PARTNERS BUSINESS SHARE FASTBUILD 75 000 ANIK TRADING AND CONSTRUCTION LIMITED 25 000,,1,contract awarded,1,Contract_Awards_PDFs/Tender_926607.pdf,1,,1,250839121.923,0,2024-06-03,2024-06-03,926607,Development of Residential and commercial Infrastructure at Jhilmil Residential Project Area,1,Rajdhani Unnayan Kartripakkha (RAJUK),Dhaka,"House #8/4A (4th & 5th Floor), Block #A, Lalmatia, Dhaka-1207, Bangladesh",,0
co0279,Nur Traders,NUR TRADERS,,1,contract awarded,2,Contract_Awards_PDFs/Tender_926623.pdf,1,,2,11728980.837,0,2024-05-19,2024-06-11,926623;957875,Superintending Engineer (Civil Circle-2) | Superintending Engineer (Civil Circle-1),2,Rajdhani Unnayan Kartripakkha (RAJUK),Dhaka,"51, Naya Paltan, Paltan, Dhaka-1000",,0
co0280,Khokan Construction & Engineering Ltd,KHOKAN CONSTRUCTION ENGINEERING LTD,,1,contract awarded,1,Contract_Awards_PDFs/Tender_932337.pdf,1,,1,153774163.71,0,2024-04-15,2024-04-15,932337,Purbachal New Town Project,1,Rajdhani Unnayan Kartripakkha (RAJUK),Dhaka,"154, Mosjid Bhaban, Room# 310, Level: 2, Motijheel C/A, Dhaka-1000",,0
co0281,RUPOKAR,RUPOKAR,,1,contract awarded,1,Contract_Awards_PDFs/Tender_935037.pdf,1,,1,4498000.001,0,2024-03-23,2024-03-23,935037,Office of the Chairman,1,Rajshahi Development Authority,Rajshahi,"69/3, Road-7/A, 4th floor, Dhanmondi, Dhaka-1209",,0
co0282,S. R. Trade International,S R TRADE INTERNATIONAL,,1,contract awarded,2,Contract_Awards_PDFs/Tender_935064.pdf,1,,2,2381556.009,0,2024-02-13,2024-04-02,935064;951146,Cox's Bazar Development Authority,1,Cox's Bazar Development Authority,Cox's Bazar,"3/A, Kawran Bazar, Hasne Tower, Tejgaon, Dhaka-1215, Cell-01680575060",,0
co0283,"UCC-SC JV ( JVCA Partners [Business Share]: M/S Sunny Construction [60.000%] , The United Construction Co. [40.000%] )",UCC SC JV JVCA PARTNERS BUSINESS SHARE M S SUNNY CONSTRUCTION 60 000 THE UNITED CONSTRUCTION CO 40 000,,1,contract awarded,1,Contract_Awards_PDFs/Tender_935084.pdf,1,,1,42162305.121,0,2024-03-21,2024-03-21,935084,Uttara Apartment Project,1,Rajdhani Unnayan Kartripakkha (RAJUK),Dhaka,"House No. 116 (10th Floor), Road No.11, Block-E, Banani, Dhaka-1213.",,0
co0284,"Nur Enterprise-Amin Trading Corporation JV ( JVCA Partners [Business Share]: M/S Nur Enterprise [51.000%] , M/S. AMIN TRADING CORPORATION [49.000%] )",NUR ENTERPRISE AMIN TRADING CORPORATION JV JVCA PARTNERS BUSINESS SHARE M S NUR ENTERPRISE 51 000 M S AMIN TRADING CORPORATION 49 000,,1,contract awarded,1,Contract_Awards_PDFs/Tender_935090.pdf,1,,1,40484581.128,0,2024-05-10,2024-05-10,935090,Uttara Apartment Project,1,Rajdhani Unnayan Kartripakkha (RAJUK),Dhaka,"99, Motijheel Karim Chamber, Room No-702, 6th floor, Dhaka",,0
co0285,"NDE-UCC-SC JV ( JVCA Partners [Business Share]: M/S Sunny Construction [35.000%] , NATIONAL DEVELOPMENT ENGINEERS LTD. [40.000%] , The United Construction Co. [25.000%] )",NDE UCC SC JV JVCA PARTNERS BUSINESS SHARE M S SUNNY CONSTRUCTION 35 000 NATIONAL DEVELOPMENT ENGINEERS LTD 40 000 THE UNITED CONSTRUCTION CO 25 000,,1,contract awarded,1,Contract_Awards_PDFs/Tender_935093.pdf,1,,1,134602376.4,0,2024-03-21,2024-03-21,935093,Uttara Apartment Project,1,Rajdhani Unnayan Kartripakkha (RAJUK),Dhaka,"House No. 116 (10th Floor), Road No.11, Block-E, Banani, Dhaka-1213.",,0
co0286,M/S Shapla Traders,SHAPLA TRADERS,,1,contract awarded,1,Contract_Awards_PDFs/Tender_935863.pdf,1,,1,9516411,0,2024-03-23,2024-03-23,935863,Office of the Project Director,1,Rajshahi Development Authority,Rajshahi,"Laxmipur Ghoshmohol More, Rajpara, Rajshahi",,0
co0287,"DIENCO-MIR AKHTER JV ( JVCA Partners [Business Share]: DIENCO LIMITED [50.000%] , MIR AKHTER HOSSAIN LIMITED [50.000%] )",DIENCO MIR AKHTER JV JVCA PARTNERS BUSINESS SHARE DIENCO LIMITED 50 000 MIR AKHTER HOSSAIN LIMITED 50 000,,1,contract awarded,1,Contract_Awards_PDFs/Tender_941420.pdf,1,,1,806242304.971,0,2024-05-16,2024-05-16,941420,Office of the Project Director (3Link Road),1,Khulna Development Authority (KDA),Khulna,"Suite#4/A, Nakshi Homes, 6/1/A Topkhana Road, Segunbagicha,",,0
co0288,KEECO LIMITED,KEECO LIMITED,,1,contract awarded,1,Contract_Awards_PDFs/Tender_941511.pdf,1,,1,15234595.177,0,2024-03-23,2024-03-23,941511,Office of the Chairman,1,Rajshahi Development Authority,Rajshahi,"335, Ramiz Villa, 2nd Floor, Segunbagicha, Dhaka-1000, Bangladesh.",,0
co0289,MD. DOLLAR,MD DOLLAR,,1,contract awarded,2,Contract_Awards_PDFs/Tender_941590.pdf,1,,2,28267035.628,0,2024-03-23,2024-06-23,941590;976553,Office of the Chairman | Office of the Project Director,2,Rajshahi Development Authority,Rajshahi,"Nur Manjil, Kadirganj, Rajshahi.",,0
co0290,Md. Badrul Iqbal Ltd.,MD BADRUL IQBAL LTD,,1,contract awarded,1,Contract_Awards_PDFs/Tender_941603.pdf,1,,1,199711775.7,0,2024-03-23,2024-03-23,941603,Office of the Project Director,1,Rajshahi Development Authority,Rajshahi,"Block# F, Road #4, House#33, Flat #6-B Banani, Dhaka",,0
co0291,"RNYB Ltd. - Alif Enterprise JV. ( JVCA Partners [Business Share]: RN Yakub & Brothers Private Limited. [60.000%] , Alif Enterprise [40.000%] )",RNYB LTD ALIF ENTERPRISE JV JVCA PARTNERS BUSINESS SHARE RN YAKUB BROTHERS PRIVATE LIMITED 60 000 ALIF ENTERPRISE 40 000,,1,contract awarded,1,Contract_Awards_PDFs/Tender_943936.pdf,1,,1,30185717.777,0,2024-04-22,2024-04-22,943936,Project Director(CRBKRKBC),1,Chittagong Development Authority,Chattogram,"Azad Bhaban 6th Floor, Jamal Khan, ctg",,0
co0292,The Gausia Metalic Products,THE GAUSIA METALIC PRODUCTS,,1,contract awarded,1,Contract_Awards_PDFs/Tender_945875.pdf,1,,1,1263578.184,0,2024-03-28,2024-03-28,945875,"Project Director(M.Uddin), Chittagong Development Authority",1,Chittagong Development Authority,Chattogram,"77, Nowab Sirajuddullah Road, Dewan Bazar, Kotwali, Chittagong.",,0
co0293,S.M.S. SYSTEMS,S M S SYSTEMS,,1,contract awarded,1,Contract_Awards_PDFs/Tender_948448.pdf,1,,1,8869597.429,0,2024-06-30,2024-06-30,948448,Office of the Superintending Engineer (Electrical),1,Rajdhani Unnayan Kartripakkha (RAJUK),Dhaka,"69-71, Mirpur Road (New Elephant Road), Multi Plan Center, Shop No: 201, Dhaka-1205.",,0
co0294,M/S. Raju International,RAJU INTERNATIONAL,,1,contract awarded,1,Contract_Awards_PDFs/Tender_948746.pdf,1,,1,37161258.687,0,2024-05-28,2024-05-28,948746,Superintending Engineer (Civil Circle-4),1,Rajdhani Unnayan Kartripakkha (RAJUK),Dhaka,"Preetam Zaman Tower (12th Floor), 37/2, Purana Paltan, Dhaka-1000.",,0
co0295,BM Energy (BD) limited,BM ENERGY BD LIMITED,,1,contract awarded,1,Contract_Awards_PDFs/Tender_954661.pdf,1,,1,2445000.12,0,2024-04-29,2024-04-29,954661,Project Director (CDA Square),1,Chittagong Development Authority,Chattogram,"Alinagar, Barabkunda, Sitakunda",,0
co0296,M/S Laila Enterprise,LAILA ENTERPRISE,,1,contract awarded,1,Contract_Awards_PDFs/Tender_957256.pdf,1,,1,44644840.479,0,2024-05-23,2024-05-23,957256,Purbachal New Town Project,1,Rajdhani Unnayan Kartripakkha (RAJUK),Dhaka,"27 Sheik Mujib Road, Agrabad, Chittagong.",,0
co0297,Md. Abdus Sobhan Dablu,MD ABDUS SOBHAN DABLU,,1,contract awarded,1,Contract_Awards_PDFs/Tender_95841.pdf,1,,1,475000,0,2017-05-31,2017-05-31,95841,"Zila Parishad, Sirajganj",1,"Zilla Parishad, Sirajganj",Sirajganj,"Anderkotha para, Shajadpur, Sirajganj-6770",,0
co0298,"RNYB Ltd. - EBL - Alif JV. ( JVCA Partners [Business Share]: Escape Bangladesh Limited [25.000%] , RN Yakub & Brothers Private Limited. [40.000%] , Alif Enterprise [35.000%] )",RNYB LTD EBL ALIF JV JVCA PARTNERS BUSINESS SHARE ESCAPE BANGLADESH LIMITED 25 000 RN YAKUB BROTHERS PRIVATE LIMITED 40 000 ALIF ENTERPRISE 35 000,,1,contract awarded,1,Contract_Awards_PDFs/Tender_959962.pdf,1,,1,100790743.232,0,2024-05-20,2024-05-20,959962,Construction Division-2,1,Chittagong Development Authority,Chattogram,"Azad Bhaban (6th floor), Jamal khan Road, Ctg.",,0
co0299,M/s. Active International,ACTIVE INTERNATIONAL,,1,contract awarded,1,Contract_Awards_PDFs/Tender_962658.pdf,1,,1,12700200,0,2024-08-20,2024-08-20,962658,Uttara Apartment Project,1,Rajdhani Unnayan Kartripakkha (RAJUK),Dhaka,"Cosmic Tower, 106/KA, Naya Paltan,Suit-4/C, Box Culvert Road, Dhaka-1000",,0
co0300,Net Planet Soft & Engineering,NET PLANET SOFT ENGINEERING,,1,contract awarded,1,Contract_Awards_PDFs/Tender_962659.pdf,1,,1,1249799.272,0,2024-06-11,2024-06-11,962659,Uttara Apartment Project,1,Rajdhani Unnayan Kartripakkha (RAJUK),Dhaka,"Ka-53, Khapara, Khilkhet, Dhaka-1229",,0
co0301,MECHATRONICS ENGINEERING,MECHATRONICS ENGINEERING,,1,contract awarded,1,Contract_Awards_PDFs/Tender_966347.pdf,1,,1,939670.172,0,2024-05-07,2024-05-07,966347,Cox's Bazar Development Authority,1,Cox's Bazar Development Authority,Cox's Bazar,"Room No.-05,Nurjahan Sharif Plaza,(4th floor) 34,Purana Paltan,Dhaka-1000",,0
co0302,Creatus Computer,CREATUS COMPUTER,,1,contract awarded,2,Contract_Awards_PDFs/Tender_969481.pdf,1,,2,17342100.646,0,2024-09-01,2024-09-01,969481;969489,Office of the Superintending Engineer (Electrical),1,Rajdhani Unnayan Kartripakkha (RAJUK),Dhaka,"69-71, Mirpur Road, Shop no:749-750, Multiplan Center, Dhaka-1205",,0
co0303,M/S Quashem Construction,QUASHEM CONSTRUCTION,,1,contract awarded,1,Contract_Awards_PDFs/Tender_971720.pdf,1,,1,174971612.328,0,2024-05-21,2024-05-21,971720,"Office of the Project Director, CoxDA Residential Flat Project-1",1,Cox's Bazar Development Authority,Cox's Bazar,"52, Katalgonj, Panchlaish, Chittagong.",,0
co0304,Nyta Computer & Technology,NYTA COMPUTER TECHNOLOGY,,1,contract awarded,1,Contract_Awards_PDFs/Tender_971832.pdf,1,,1,441661.071,0,2024-05-21,2024-05-21,971832,Cox's Bazar Development Authority,1,Cox's Bazar Development Authority,Cox's Bazar,"New Circuit House Road, Coxs Bazar Sadar, Coxs Bazar",,0
co0305,Icon Developments & Holdings Ltd,ICON DEVELOPMENTS HOLDINGS LTD,,1,contract awarded,1,Contract_Awards_PDFs/Tender_971997.pdf,1,,1,8741984.554,0,2024-05-27,2024-05-27,971997,"Project Director(M.Uddin), Chittagong Development Authority",1,Chittagong Development Authority,Chattogram,"House-21, Road-6, Block-B, Bonosree, Rampura, Dhaka",,0
co0306,"IH-RSE-SHJ (JV) ( JVCA Partners [Business Share]: M/S Saiful Hasan Joarder [25.000%] , M/S R. S. Enterprise [35.000%] , M/S ISMAIL HOSSAIN [40.000%] )",IH RSE SHJ JV JVCA PARTNERS BUSINESS SHARE M S SAIFUL HASAN JOARDER 25 000 M S R S ENTERPRISE 35 000 M S ISMAIL HOSSAIN 40 000,,1,contract awarded,1,Contract_Awards_PDFs/Tender_975516.pdf,1,,1,623250056,0,2024-10-06,2024-10-06,975516,Office of the Project Director (3Link Road),1,Khulna Development Authority (KDA),Khulna,"House No. 8/19, Flat No. 6/B, Block-A Sir Syed Road, Mohammadpur, Dhaka-1207",,0
co0307,M/s Manik & Brothers,MANIK BROTHERS,,1,contract awarded,1,Contract_Awards_PDFs/Tender_98617.pdf,1,,1,25899212.7,0,2017-10-19,2017-10-19,98617,office of the Chief Engineer ( Project & Design),1,Rajdhani Unnayan Kartripakkha (RAJUK),Dhaka,"House No- 150,Lake Circus Abed Dhali Road,kalabagan, Dhanmondi, Dhaka",,0
co0308,SHAMIM ENTERPRISE (PVT) LTD,SHAMIM ENTERPRISE PVT LTD,,1,contract awarded,1,Contract_Awards_PDFs/Tender_98996.pdf,1,,1,356723044.2,0,2017-10-15,2017-10-15,98996,Office of the Chairman,1,Rajshahi Development Authority,Rajshahi,"4. K.B. Ismail road, Mymensingh.",,0
co0309,"IH-RSE (JV) ( JVCA Partners [Business Share]: M/S R. S. Enterprise [60.000%] , M/S ISMAIL HOSSAIN [40.000%] )",IH RSE JV JVCA PARTNERS BUSINESS SHARE M S R S ENTERPRISE 60 000 M S ISMAIL HOSSAIN 40 000,,1,contract awarded,1,Contract_Awards_PDFs/Tender_991635.pdf,1,,1,442452500,0,2024-10-06,2024-10-06,991635,Office of the Project Director (3Link Road),1,Khulna Development Authority (KDA),Khulna,"House No. 8/19, Flat No. 6/B, Block-A Sir Syed Road, Mohammadpur, Dhaka-1207",,0
