tender_id,award_file,award_pages,award_template,award_ministry,award_ministry_id,award_agency,award_agency_id,award_procuring_entity,award_procuring_entity_id,award_procuring_entity_code,award_district,award_for,award_method,award_source_of_funds,award_development_partner,award_project,award_project_id,award_invitation_ref,award_package_no,award_package_name,contract_no,contract_description,work_location,winner,winner_id,winner_page,winner_location,winner_tenderer_id,contract_value_taka,contract_value_original,advertised_date,noa_date,signed_date,work_start_date,work_completion_date,tenders_sold,tenders_received,tenders_responsive,bid_counts_printed,performance_security_on_time,contract_signed_on_time,award_officer,award_officer_id,award_officer_designation,beneficial_owners
1000267,Contract_Awards_PDFs/Tender_1000267.pdf,1,supplier,Ministry of Housing and Public Works,og0001,Rajdhani Unnayan Kartripakkha (RAJUK),og0002,Superintending Engineer (Civil Circle-3),og0003,,Dhaka,Works,OTM,Own Fund Own fund,NA,Building Repair and Maintenance,pr0001,RAJUK/SECC-3/20,RAJUK/SECC-3/18,Repair and maintenance work of Madani Avenue (100ft) Road Due to excavation for inatallation Transmission and Distribution pipe line for Dhaka WASA DESWSP Project (Package-P2).,RAJUK/SECC-3/20,Repair and maintenance work of Madani Avenue (100ft) Road Due to excavation for inatallation Transmission and Distribution pipe line for Dhaka WASA DESWSP Project (Package-P2).,Madani Avenue Road,M/S. Niaz Traders,co0001,1,"154, Motijheel C/A. Masjid Market (2nd Floor), Room No.301-303, Dhaka-1000.",,104498747.1,104498747.100,2024-06-25,2024-09-10,2024-10-08,2024-08-14,2025-02-10,8,5,5,yes,yes,yes,Saber Ahmed,pp0001,Superintending Engineer,0
1000426,Contract_Awards_PDFs/Tender_1000426.pdf,1,supplier,Ministry of Housing and Public Works,og0001,Rajshahi Development Authority,og0004,Office of the Project Director,og0005,,Rajshahi,Works,OTM,Own Fund Own fund,NA,Development of PRANTIK Residential Area (3rd Revised),pr0002,25.40.0000.002.14.742.24.308 date:24.06.2024,RDA/PRANTIK/W/2024-2025/01,Development of PRANTIK Residential Area (Sub-head : Supply & installation of Electric supply line.),25.40.0000.002.14.742.24.384/NOA date:19.09.2024,Development of PRANTIK Residential Area (Sub-head : Supply & installation of Electric supply line.),"PRANTIK Residential Area, Kasiadanga More, Rajshahi",M/s. Moni Construction,co0002,1,"Thikadar para, Alam Nagar, Rangpur-5402",,15808878,15808878.000,2024-06-25,2024-09-19,2024-09-26,2024-08-14,2024-12-18,2,2,1,yes,yes,yes,Md. Abdullah Al Tarique,pp0002,Superintending Engineer,0
1000945,Contract_Awards_PDFs/Tender_1000945.pdf,1,supplier,Ministry of Housing and Public Works,og0001,Rajdhani Unnayan Kartripakkha (RAJUK),og0002,"Construction of multi-storied apartment Buildings on 9(Nine) nos abandoned plot at Gulshan,Mohammadpur, Lalmatia & Dhanmondi, Dhaka.",og0006,,Dhaka,Works,OTM,Own Fund Own Fund,NA,NA,pr0003,RAJUK/PD_9apt/Building_03,RAJUK/PD-9apt/Bldg-03,"Construction of 06 (six) storied Apartment Building (Civil, Sanitary & Internal Electrification works) at Plot No. 8/15, Sir Syed Road, Block-A, Mohammadpur, Dhaka (Building-03).",RAJUK/PD_9apt/Building_03,"Construction of 06 (six) storied Apartment Building (Civil, Sanitary & Internal Electrification works) at Plot No. 8/15, Sir Syed Road, Block-A, Mohammadpur, Dhaka (Building-03).","Sir Syed Road, Block-A, Mohammadpur, Dhaka",Momotaj Engineers Ltd.,co0003,1,"Kha-202/c, Progatisharani, Middle Badda, Dhaka-1212.",,91452674.19,91452674.190,2024-06-30,2024-08-27,2024-09-09,2024-10-08,2026-03-25,4,3,1,yes,yes,yes,Rahat Muslemin,pp0003,PD (9apt),0
1001120,Contract_Awards_PDFs/Tender_1001120.pdf,1,supplier,Ministry of Housing and Public Works,og0001,Rajdhani Unnayan Kartripakkha (RAJUK),og0002,Superintending Engineer (Civil Circle-1),og0007,,Dhaka,Works,OTM,Own Fund Own Fund,NA,NA,pr0003,RAJUK/SE/CC-1/EE/HQ/Hatirjheel/W-13/P-1,SE/CC-1/EE/HQ/Hatirjheel/W-13/P-1,"Cleaning, Sweeping &Gardening of the Expressway, Service Road, Footpath, and Walkway from FDC to Merul Badda in the Hatirjheel Area.",RAJUK/SE/CC-1/EE/HQ/Hatirjheel/W-13/P-1,"Cleaning, Sweeping &Gardening of the Expressway, Service Road, Footpath, and Walkway from FDC to Merul Badda in the Hatirjheel Area.",Hatirjheel Area,M/S. Alam & Co.,co0004,1,"61, Satish Sarker Road, Gandaria, Dhaka Bangladesh",,10599930,10599930.000,2024-07-03,2024-10-22,2024-11-19,2024-11-01,2026-11-01,9,8,2,yes,yes,yes,Mohammad Muzaffar Uddin,pp0004,Superintending Engineer,0
1001460,Contract_Awards_PDFs/Tender_1001460.pdf,1,supplier,Ministry of Housing and Public Works,og0001,Rajdhani Unnayan Kartripakkha (RAJUK),og0002,Office of the Superintending Engineer (Mechanical),og0008,,Dhaka,Works,OTM,Own Fund Own fund,NA,Repair Maintenance of Heavy Machinery & Equipment,pr0004,SEMECH-10,SEMECH-9,Repair and maintenance work of Rajuk's Germany Payloader No.1,SEMECH-10,Repair and maintenance work of Rajuk's Germany Payloader No.1,Mohakhali,Aliza Enterprise,co0005,1,"610, Shewrapara, Mirpur, Dhaka-1216",,1060533,1060533.000,2024-07-09,2024-10-08,2024-11-05,2024-08-01,2024-10-30,4,3,2,yes,yes,yes,Sabbir Bin Taher,pp0005,Sup. Eng. (Mechanical),0
1001461,Contract_Awards_PDFs/Tender_1001461.pdf,1,supplier,Ministry of Housing and Public Works,og0001,Rajdhani Unnayan Kartripakkha (RAJUK),og0002,Office of the Superintending Engineer (Mechanical),og0008,,Dhaka,Works,OTM,Own Fund Own fund,NA,Repair Maintenance of Heavy Machinery & Equipment,pr0004,SEMECH-11,SEMECH-8,Supply and repair Spare parts (in cluding accessories) for RAJUK wheel excavator no-01.,SEMECH-11,Supply and repair Spare parts (in cluding accessories) for RAJUK wheel excavator no -01.,Mohakhali,Aliza Enterprise,co0005,1,"610, Shewrapara, Mirpur, Dhaka-1216",,1300189.5,1300189.500,2024-07-09,2024-10-08,2024-11-05,2024-08-01,2024-10-30,4,3,3,yes,yes,yes,Sabbir Bin Taher,pp0005,Sup. Eng. (Mechanical),0
1001613,Contract_Awards_PDFs/Tender_1001613.pdf,1,supplier,Ministry of Housing and Public Works,og0001,Rajdhani Unnayan Kartripakkha (RAJUK),og0002,Superintending Engineer (Civil Circle-1),og0007,,Dhaka,Works,OTM,Own Fund Own Fund,NA,NA,pr0003,RAJUK/SE/CC-1/EE/HQ/HatirjheelW-13/P-2,SE/CC-1/EE/HQ/HatirjheelW-13/P-2,"Cleaning, Sweeping &Gardening of the Expressway, Service Road, Footpath, and Walkway from Rampura to Mogbazar including rail crossing-BIAM-Banglamotor in the Hatirjheel Area.",RAJUK/SE/CC-1/EE/HQ/HatirjheelW-13/P-2,"Cleaning, Sweeping &Gardening of the Expressway, Service Road, Footpath, and Walkway from Rampura to Mogbazar including rail crossing-BIAM-Banglamotor in the Hatirjheel Area.",Hatirjheel Area,Al- Arafat Services (PVT.) Limited,co0006,1,"Ka-23, Kalachandpur (1st Floor), Baridhara, North Road, Gulshan, Dhaka-1212, Bangladesh.",,13217985,13217985.000,2024-07-03,2024-10-22,2024-11-19,2024-11-01,2026-11-01,9,7,4,yes,yes,yes,Mohammad Muzaffar Uddin,pp0004,Superintending Engineer,0
1001782,Contract_Awards_PDFs/Tender_1001782.pdf,1,supplier,Ministry of Housing and Public Works,og0001,Chittagong Development Authority,og0009,Project Director (CDA Square),og0010,,Chattogram,Works,OTM,Own Fund Own fund,NA,"Construction of CDA Square at Nasirabad, Chittagong",pr0005,PD/CDASQR/lift/E-65/01,PD/CDAsqr/lift/65/02,"Supply, Installation, Testing & Commissioning of Lift at CDA SQUARE Project (Lot-2).",PD/CDAsqr/lift/65/02/015,"Supply, Installation, Testing & Commissioning of Lift at CDA SQUARE Project (Lot-2).","Nasirabad, Chattogram",CPDL LTD.,co0007,1,"CPDL LTD. 81/A S.S Khaled Road, Chittagong-4000 Tel:-031-2854442",,52490000.531,52490000.531,2024-07-08,2024-08-22,2024-09-09,2024-08-10,2024-12-31,3,1,1,yes,yes,yes,Kazi Kader Newaz,pp0006,Assistant Engineer,0
1001843,Contract_Awards_PDFs/Tender_1001843.pdf,1,supplier,Ministry of Housing and Public Works,og0001,Chittagong Development Authority,og0009,Project Director (CDA Square),og0010,,Chattogram,Works,OTM,Own Fund Own fund,NA,"Construction of CDA Square at Nasirabad, Chittagong",pr0005,PD/CDASQR/e64/02,PD/CDAsqr/CCTV/e-64,"CCTV, IP System & Fire Fighting Remaining Works at CDA SQUARE Project, Chattogram.",PD/CDAsqr/CCTV/e-64/017,"CCTV, IP System & Fire Fighting Remaining Works at CDA SQUARE Project, Chattogram.","Nasirabad, Chattogram",MS TECHNOLOGIES LIMITED,co0008,1,"MM Tower (5th), CDA Avenue Road, Besides Sanmar Ocean City, PO: Khulshi, PS: Panchlaish. Chattogram.",,24247478.309,24247478.309,2024-07-08,2024-08-25,2024-09-09,2024-08-05,2024-12-31,6,2,2,yes,yes,yes,Kazi Kader Newaz,pp0006,Assistant Engineer,0
1002814,Contract_Awards_PDFs/Tender_1002814.pdf,1,supplier,Ministry of Housing and Public Works,og0001,Rajdhani Unnayan Kartripakkha (RAJUK),og0002,Office of the Superintending Engineer (Electrical),og0011,,Dhaka,Works,OTM,Own Fund Own fund,NA,Lift and Electrical Equipement Repare,pr0006,Rajuk/Electrical-2/24/W-01,Rajuk/Electrical-2/24/W-01,"03 (Three) Years Servicing, Operation & Maintenance 01 No. 800 KG Passenger Lift in Uttara Rajuk Zonal Office.",25.39.0000.064.07.004.2024,"03 (Three) Years Servicing, Operation & Maintenance 01 No. 800 KG Passenger Lift in Uttara Rajuk Zonal Office.",Uttara Rajuk Zonal Office,Powercell Engineering Ltd,co0009,1,"623/1 (2nd & 3rd floor) Begum Rokeya Sarani, Kazipara, Mirpur, Dhaka-1216, Bangladesh",,907067.988,907067.988,2024-08-28,2024-12-18,2025-01-14,2024-10-02,2027-10-01,2,1,1,yes,yes,yes,MOHAMMAD NAZMUS SAKIB JAMALI,pp0007,Sup. Eng. (Elec.),0
1002854,Contract_Awards_PDFs/Tender_1002854.pdf,1,supplier,Ministry of Housing and Public Works,og0001,Rajdhani Unnayan Kartripakkha (RAJUK),og0002,Office of the Superintending Engineer (Electrical),og0011,,Dhaka,Works,OTM,Own Fund Own fund,NA,Lift and Electrical Equipement Repare,pr0006,Rajuk/Electrical-2/24/W-02,Rajuk/Electrical-2/24/W-02,"03 (Three) Years Servicing, Operation & Maintenance of 02 Nos. 630 KG Passenger Lift in Mohakhali Rajuk Zonal Office.",25.39.0000.064.07.005.2024,"03 (Three) Years Servicing, Operation & Maintenance of 02 Nos. 630 KG Passenger Lift in Mohakhali Rajuk Zonal Office.",Mohakhali Rajuk Zonal Office,PROPERTY DEVELOPMENT LIMITED,co0010,1,"PRAN-RFL Center, 105 Pragati Sarani, Middle Badda, Dhaka-1212, Bangladesh",,1703786.4,1703786.400,2024-08-28,2024-12-18,2025-01-14,2024-10-02,2027-10-01,2,1,1,yes,yes,yes,MOHAMMAD NAZMUS SAKIB JAMALI,pp0007,Sup. Eng. (Elec.),0
1003623,Contract_Awards_PDFs/Tender_1003623.pdf,1,supplier,Ministry of Housing and Public Works,og0001,Rajdhani Unnayan Kartripakkha (RAJUK),og0002,Uttara Apartment Project,og0012,,Dhaka,Goods,OTM,Own Fund Own Fund,NA,NA,pr0003,RAJUK/UAP/PD/IFT/Generator-R10,UAP/EM/2023-2024/GD-10,"Supply, Installation, Testing and Commissioning of Automatic Synchronized Emergency Power Supply Panel along with 06 Nos. 250KVA Diesel Generator for the Commercial Complex including Community Center & Kitchen Super shop under the Project of ""Construction of Residential Apartment Building for Low & Middle Income Group of people at Sector-18, Block-A, Uttara, Dhaka.",RAJUK/UAP/PD/IFT/Generator-R10-Gess,"Supply, Installation, Testing and Commissioning of Automatic Synchronized Emergency Power Supply Panel along with 06 Nos. 250KVA Diesel Generator for the Commercial Complex including Community Center & Kitchen Super shop under the Project of ""Construction of Residential Apartment Building for Low & Middle Income Group of people at Sector-18, Block-A, Uttara, Dhaka.",Sector-18 Block-A Uttara Dhaka,Gess Bangladesh,co0011,1,"53-54 ,Gess Bangladesh ,Ocean City ,Chakaria ,Cox'sBazar",,98995747.688,98995747.688,2024-07-14,2024-09-26,2024-10-24,2024-08-07,2024-12-31,3,3,3,yes,yes,yes,Mohammad Muzaffar Uddin,pp0004,PD (Uttara Appartment),0
100483,Contract_Awards_PDFs/Tender_100483.pdf,1,supplier,Ministry of Housing and Public Works,og0001,Chittagong Development Authority,og0009,Project Director(Silimpur),og0013,,Chittagong,Works,OTM,Own Fund Own fund,NA,Widening and Improvement of Silimpur Residential Area (East),pr0007,pd/silimpur-R/A/A/E-17,e-TENDERSRA-06,Site Development/Improvement Retaining wall & R.C.C L-Canal & ancillary works of Silimpur R/A East,pd/silimpur-R/A/E-17/118,"Site Development/Improvement, Retaining wall & R.C.C L-Canal & ancillary works of Silimpur R/A (East)",Silimpur,M/S. Raquib & Brothers,co0012,1,"34/B, Buddhist Temple Road, Nandankanan, Chittagong.",,53515977.894,53515977.894,2017-05-02,2017-06-19,2017-07-03,2017-06-21,2018-06-20,4,4,4,yes,yes,yes,Mohammad Hasan,pp0008,Project Director,0
1007300,Contract_Awards_PDFs/Tender_1007300.pdf,1,supplier,Ministry of Housing and Public Works,og0001,Rajdhani Unnayan Kartripakkha (RAJUK),og0002,Superintending Engineer (Civil Circle-4),og0014,,Dhaka,Works,OTM,Own Fund Own Fund,NA,NA,pr0003,RAJUK/SECC-4/Road-13,RAJUK/SECC-4/Road-13,"Repair & renovation work of Av#01 (Partly) in/c internal road of Block-A1 of Sector-15 at Uttara Residential Area of RAJUK, Dhaka.",RAJUK/SECC-4/Road-13,"Repair & renovation work of Av#01 (Partly) in/c internal road of Block-A1 of Sector-15 at Uttara Residential Area of RAJUK, Dhaka.",Uttara Residential Area of RAJUK,HAIDER & CO.,co0013,1,"1/1 KAMALAPUR BAZAR ROAD, DHAKA",,25463336.391,25463336.391,2024-09-25,2024-12-01,2024-12-29,2024-12-15,2025-06-13,15,12,9,yes,yes,yes,Md Mobarak Hossain,pp0009,Superintending Engineer,0
1008472,Contract_Awards_PDFs/Tender_1008472.pdf,1,supplier,Ministry of Housing and Public Works,og0001,Rajdhani Unnayan Kartripakkha (RAJUK),og0002,Office of the Superintending Engineer (Electrical),og0011,,Dhaka,Works,OTM,Own Fund Own fund,NA,Construction of Staff Quarter for officer/employees,pr0008,RAJUK/Electrical-2,RAJUK/Electrical-2,"Electrical works of 84 Nos. Flat in Building No-12/B, (Tista-1) at Uttara Apartment (Block-A, Sector No-18).",RAJUK/Electrical-2,"Electrical works of 84 Nos. Flat in Building No-12/B, (Tista-1) at Uttara Apartment (Block-A, Sector No-18).",Uttara Apartment Project,T.S Enterprise,co0014,1,"28, Malibagh Chowdhury Para, Dhaka.",,5262343.2,5262343.200,2024-08-19,2024-09-12,2024-10-01,2024-09-18,2024-11-17,5,5,2,yes,yes,yes,MOHAMMAD NAZMUS SAKIB JAMALI,pp0007,Sup. Eng. (Elec.),0
1008542,Contract_Awards_PDFs/Tender_1008542.pdf,1,supplier,Ministry of Housing and Public Works,og0001,Rajdhani Unnayan Kartripakkha (RAJUK),og0002,Purbachal New Town Project,og0015,,Dhaka,Works,OTM,Own Fund Own fund,NA,Purbachal New town Project,pr0009,RAJUK/PD_Purbachal/100,RAJUK/PD_Purbachal/100,"Construction of Remaining Internal Road and Surface Drain at Sector - 16(part) of Purbachal New Town Project (Package-PNTP/RDC/S-16, Lot-03).",RAJUK/PD_Purbachal/100,"Construction of Remaining Internal Road and Surface Drain at Sector - 16(part) of Purbachal New Town Project (Package-PNTP/RDC/S-16, Lot-03).",Purbachal New Town Project,CONVOY SERVICE,co0015,1,"ABC Skyrise Tower, Level 2 Shahjalal Avenue, Sector No. 04, Uttara, Dhaka-1230, Bangladesh.",,12005364.51,12005364.510,2024-08-20,2024-10-17,2024-11-11,2024-10-01,2024-12-30,14,10,3,yes,yes,yes,Md. Nurul Islam,pp0010,Project Director,0
1008543,Contract_Awards_PDFs/Tender_1008543.pdf,1,supplier,Ministry of Housing and Public Works,og0001,Rajdhani Unnayan Kartripakkha (RAJUK),og0002,Purbachal New Town Project,og0015,,Dhaka,Works,OTM,Own Fund Own fund,NA,Purbachal New town Project,pr0009,RAJUK/PD_Purbachal/101,RAJUK/PD_Purbachal/101,"Maintenance and Renovation of Internal Road & Surface Drain at Sector -09 (part) of Purbachal New Town Project (Package# PNTP/RP/S_09, Lot-01).",RAJUK/PD_Purbachal/101,"Maintenance and Renovation of Internal Road & Surface Drain at Sector -09 (part) of Purbachal New Town Project (Package# PNTP/RP/S_09, Lot-01).",Purbachal New Town Project,M/S. A. R. Enterprise,co0016,1,"House-08, Road-02, Diyabari, Uttara, Dhaka-1230 Contact No:01935968075, 01707568905",,26924826.217,26924826.217,2024-08-20,2024-10-17,2024-11-11,2024-10-01,2024-12-30,15,15,4,yes,yes,yes,Md. Nurul Islam,pp0010,Project Director,0
1008544,Contract_Awards_PDFs/Tender_1008544.pdf,1,supplier,Ministry of Housing and Public Works,og0001,Rajdhani Unnayan Kartripakkha (RAJUK),og0002,Purbachal New Town Project,og0015,,Dhaka,Works,OTM,Own Fund Own fund,NA,Purbachal New town Project,pr0009,RAJUK/PD_Purbachal/102,RAJUK/PD_Purbachal/102,"Construction of Remaining Internal RCC Road and Surface Drain at Sector-07 (part) Purbachal New Town Project. (Package: PNTP/RDC/S-07, Lot-04).",RAJUK/PD_Purbachal/102,"Construction of Remaining Internal RCC Road and Surface Drain at Sector-07 (part) Purbachal New Town Project. (Package: PNTP/RDC/S-07, Lot-04).",Purbachal New Town Project,M/S. Sharif & Sons,co0017,1,"Eastern Arzoo, Suite No: 11/08, 61, Bijoynagar, Dhaka-1000.",,33055372.458,33055372.458,2024-08-20,2024-10-17,2024-11-14,2024-10-01,2024-12-30,15,13,5,yes,yes,yes,Md. Nurul Islam,pp0010,Project Director,0
1008545,Contract_Awards_PDFs/Tender_1008545.pdf,1,supplier,Ministry of Housing and Public Works,og0001,Rajdhani Unnayan Kartripakkha (RAJUK),og0002,Purbachal New Town Project,og0015,,Dhaka,Works,OTM,Own Fund Own fund,NA,Purbachal New town Project,pr0009,RAJUK/PD_Purbachal/103,RAJUK/PD_Purbachal/103,"Construction of Remaining Internal Road & Surface Drain work at sector-10 of Purbachal New Town Project (Package- PNTP/RDC/S-10, Lot-05).",RAJUK/PD_Purbachal/103,"Construction of Remaining Internal Road & Surface Drain work at sector-10 of Purbachal New Town Project (Package- PNTP/RDC/S-10, Lot-05).",Purbachal New Town Project,Aliza Enterprise,co0005,1,"610, Shewrapara, Mirpur, Dhaka-1216",,12899794.769,12899794.769,2024-08-20,2024-10-17,2024-11-11,2024-10-01,2024-12-30,10,9,3,yes,yes,yes,Md. Nurul Islam,pp0010,Project Director,0
1008546,Contract_Awards_PDFs/Tender_1008546.pdf,1,supplier,Ministry of Housing and Public Works,og0001,Rajdhani Unnayan Kartripakkha (RAJUK),og0002,Purbachal New Town Project,og0015,,Dhaka,Works,OTM,Own Fund Own fund,NA,Purbachal New town Project,pr0009,RAJUK/PD_Purbachal/104,RAJUK/PD_Purbachal/104,"Construction of Remaining RCC Road & Surface Drain work at Sector no-05 of Purbachal New Town Project (Package: PNTP/RDC/S-05, Lot-04).",RAJUK/PD_Purbachal/104,"Construction of Remaining RCC Road & Surface Drain work at Sector no-05 of Purbachal New Town Project (Package: PNTP/RDC/S-05, Lot-04).",Purbachal New Town Project,M/s Mithila Enterprise,co0018,1,"HOUSE NO 7, ROAD NO 3, NIKUNJA-2, KHILKHET, DHAKA-1229.",,6253553.025,6253553.025,2024-08-20,2024-10-17,2024-11-06,2024-10-01,2024-12-30,7,6,2,yes,yes,yes,Md. Nurul Islam,pp0010,Project Director,0
1008547,Contract_Awards_PDFs/Tender_1008547.pdf,1,supplier,Ministry of Housing and Public Works,og0001,Rajdhani Unnayan Kartripakkha (RAJUK),og0002,Purbachal New Town Project,og0015,,Dhaka,Works,OTM,Own Fund Own fund,NA,Purbachal New town Project,pr0009,RAJUK/PD_Purbachal/105,RAJUK/PD_Purbachal/105,"Construction of Remaining Internal Road and Surface Drain Work at Sector-15 (part) of Purbachal New Town Project (Package-PNTP/RDC/S-15, Lot-03).",RAJUK/PD_Purbachal/105,"Construction of Remaining Internal Road and Surface Drain Work at Sector-15 (part) of Purbachal New Town Project (Package-PNTP/RDC/S-15, Lot-03).",Purbachal New Project,HAIDER & CO.,co0013,1,"1/1 KAMALAPUR BAZAR ROAD, DHAKA",,19700193.771,19700193.771,2024-08-20,2024-10-17,2024-11-11,2024-10-01,2024-12-30,15,12,4,yes,yes,yes,Md. Nurul Islam,pp0010,Project Director,0
1008548,Contract_Awards_PDFs/Tender_1008548.pdf,1,supplier,Ministry of Housing and Public Works,og0001,Rajdhani Unnayan Kartripakkha (RAJUK),og0002,Purbachal New Town Project,og0015,,Dhaka,Works,OTM,Own Fund Own fund,NA,Purbachal New town Project,pr0009,RAJUK/PD_Purbachal/106,RAJUK/PD_Purbachal/106,"Construction of Remaining Internal Road and Surface Drain Work at Sector-30 (Part) of Purbachal New Town Project (Package # PNTP/RDC/S-30, Lot-03).",RAJUK/PD_Purbachal/106,"Construction of Remaining Internal Road and Surface Drain Work at Sector-30 (Part) of Purbachal New Town Project (Package # PNTP/RDC/S-30, Lot-03).",Purbachal New Town Project,Starlite Services Limited,co0019,1,"Planners Tower(16th Floor), Suit No: 8-11,13/A, Sonargaon Road, Dhaka-1000.",,27870506.235,27870506.235,2024-08-20,2024-10-17,2024-11-06,2024-10-01,2024-12-30,12,10,3,yes,yes,yes,Md. Nurul Islam,pp0010,Project Director,0
1009276,Contract_Awards_PDFs/Tender_1009276.pdf,1,supplier,Ministry of Housing and Public Works,og0001,Khulna Development Authority (KDA),og0016,Office of the Assistant Programmer,og0017,,Khulna,Goods,OTM,Own Fund Own Fund,NA,NA,pr0003,Computer/2024-2025/01,Computer/2024-2025/01,"Supply of Computer, Projector, Printer, UPS and other accessories at KDA",25.41.0000.006.00.051.24,"Supply of Computer, Projector, Printer, UPS and other accessories at KDA",KDA Office Building,M.A. COMPUTER,co0020,1,"3/4, KHULNA COMPUTER CITY, JALIL TOWER (1ST FLOOR), 77, KHAN-A-SABUR ROAD, KHULNA-9000.",,591311.129,591311.129,2024-08-18,2024-09-10,2024-10-03,2024-09-15,2024-10-02,8,8,8,yes,yes,yes,Md Shoeb Howlader,pp0011,Assistant Programmer,0
1010247,Contract_Awards_PDFs/Tender_1010247.pdf,1,supplier,Ministry of Housing and Public Works,og0001,Khulna Development Authority (KDA),og0016,Office of Exen (Maintenance),og0018,,Khulna,Works,OTM,Own Fund Own Fund,NA,NA,pr0003,KDA/2024-2025/06.,KDA/2024-2025/06.,Supply of file racks for different section of KDA.,25.41.0000.027.0838.24,Supply of file racks for different section of KDA.,KDA Office Bhavan,NURJAHAN ENTERPRISE,co0021,1,"10/A, ROAD-6, PLOT-1, MIRPUR, Pallabi",,1111999.96,1111999.960,2024-08-21,2024-10-01,2024-10-06,2024-09-15,2024-10-15,6,3,3,yes,yes,yes,Montasir Mamun,pp0012,Executive Engineer (M),0
101083,Contract_Awards_PDFs/Tender_101083.pdf,1,supplier,Ministry of Housing and Public Works,og0001,Chittagong Development Authority,og0009,Project Director(DC Road),og0019,,Chittagong,Works,OTM,"Development Government, Own fund",NA,Widening and Improvement of DC Road,pr0010,pd/dcroad/25/est-19,e-TENDERDC-06,Construction work of affected areas boundary wall column septic tank water tank silk coat road marking and ancillary work under the project of widening and improvement of DC Road.,PD/DC Road/25/Est-19/117,"Construction work of affected area's boundary wall, column septic tank, water tank, silk coat, road marking and ancillary work under the project of widening and improvement of DC Road.",DC Road,M/S. Mohshin & Brothers,co0022,1,"Kader Villa 1st Floor ,O R, Nizam Road Chittagong",,3963689.307,3963689.307,2017-05-04,2017-06-11,2017-06-15,2017-06-01,2017-06-29,5,3,2,yes,yes,yes,Mohammad Hasan,pp0008,Project Director,0
1011370,Contract_Awards_PDFs/Tender_1011370.pdf,1,supplier,Ministry of Housing and Public Works,og0001,Rajdhani Unnayan Kartripakkha (RAJUK),og0002,Purbachal New Town Project,og0015,,Dhaka,Works,OTM,Own Fund Own fund,NA,Purbachal New town Project,pr0009,RAJUK/PD_Purbachal/107,RAJUK/PD_Purbachal/107,"Maintenance and Renovation of Internal Road & Surface Drain at sector-01 (Part) of Purbachal New Town Project (Package-PNTP/RP/S-01, Lot-01).",RAJUK/PD_Purbachal/107,"Maintenance and Renovation of Internal Road & Surface Drain at sector-01 (Part) of Purbachal New Town Project (Package-PNTP/RP/S-01, Lot-01).",Purbachal New Project Area,M/S Udayan Builders,co0023,1,"Dhaka Trtade Centre,Level #15, Block # H 99 Kazi Nazrul Islam Avenue, Kawran Bazar C/A, Dhaka-1215",,39498314.463,39498314.463,2024-09-01,2024-10-17,2024-11-12,2024-10-15,2024-12-29,11,10,6,yes,yes,yes,Md. Nurul Islam,pp0010,Project Director,0
1013009,Contract_Awards_PDFs/Tender_1013009.pdf,1,supplier,Ministry of Housing and Public Works,og0001,Khulna Development Authority (KDA),og0016,Office of Exen (Maintenance),og0018,,Khulna,Works,OTM,Own Fund Own Fund,NA,NA,pr0003,KDA/2024-2025/07,KDA/2024-2025/07,"Supply, fitting and fixing of work station at different section of KDA",25.41.0000.027.0842.24,"Supply, fitting and fixing of work station at different section of KDA",KDA Office Building,M/S. ROKEYA TRADERS,co0024,1,"Dorbesh Chamber, Railway Hospital Road, Khulna",,1220698.956,1220698.956,2024-09-04,2024-10-15,2024-10-23,2024-10-01,2024-12-30,6,6,4,yes,yes,yes,Montasir Mamun,pp0012,Executive Engineer (M),0
1013268,Contract_Awards_PDFs/Tender_1013268.pdf,1,supplier,Ministry of Housing and Public Works,og0001,Rajdhani Unnayan Kartripakkha (RAJUK),og0002,Superintending Engineer (Civil Circle-4),og0014,,Dhaka,Works,OTM,Own Fund Own fund,NA,Construction of different types of Buildings/Roads/Infrastructure under RAJUK Jurisdiction,pr0011,RAJUK/SECC-4/Road-10,RAJUK/SECC-4/Road-10,"Drain Construction work by Concrete Solid Block of Sector-15, Block-D & E at Uttara Residential Area Of Rajuk, Dhaka.",RAJUK/SECC-4/Road-10,"Drain Construction work by Concrete Solid Block of Sector-15,Block-D & E at Uttara Residential Area Of Rajuk, Dhaka.",Uttara Residential area,M/S. A. R. Enterprise,co0016,1,"House-08, Road-02, Diyabari, Uttara, Dhaka-1230 Contact No:01935968075, 01707568905",,23590501.218,23590501.218,2024-09-10,2024-10-30,2024-11-27,2024-11-10,2025-03-10,6,5,2,yes,yes,yes,Md Mobarak Hossain,pp0009,Superintending Engineer,0
1013270,Contract_Awards_PDFs/Tender_1013270.pdf,1,supplier,Ministry of Housing and Public Works,og0001,Rajdhani Unnayan Kartripakkha (RAJUK),og0002,Superintending Engineer (Civil Circle-4),og0014,,Dhaka,Works,OTM,Own Fund Own fund,NA,Construction of different types of Buildings/Roads/Infrastructure under RAJUK Jurisdiction,pr0011,RAJUK/SECC-4/Road-12,RAJUK/SECC-4/Road-12,"Drain Construction work by Brick of Sector-16, Block-G & H at Uttara Residential Area Of Rajuk, Dhaka.",RAJUK/SECC-4/Road-12,"Drain Construction work by Brick of Sector-16, Block-G & H at Uttara Residential Area Of Rajuk, Dhaka.",Uttara Residential area,M/s Shafique and Sons,co0025,1,"Cha-72/1, North Badda, Badda Tower (10th FL), Badda, Dhaka-1212",,25720105.086,25720105.086,2024-09-10,2024-10-30,2024-11-25,2024-11-10,2025-03-03,9,6,3,yes,yes,yes,Md Mobarak Hossain,pp0009,Superintending Engineer,0
1014738,Contract_Awards_PDFs/Tender_1014738.pdf,1,supplier,Ministry of Housing and Public Works,og0001,Rajdhani Unnayan Kartripakkha (RAJUK),og0002,Office of the Superintending Engineer (Electrical),og0011,,Dhaka,Works,OTM,Own Fund Own fund,NA,"Instalation of CCTV, Solar, PABX",pr0012,Rajuk/Electrical-1/24/W-08,Rajuk/Electrical-1/24/W-08,Yearly Servicing & Maintenance of CCTV and PABX System (Including Spare Parts) for Rajuk Main and Annex Building.,25.39.0000.063.07.008.2024,Yearly Servicing & Maintenance of CCTV and PABX System (Including Spare Parts) for Rajuk Main and Annex Building.,Rajuk Main and Annex Building,M/S Raj Development Construction,co0026,1,"Dogair Natun Utturpara, Sarulia, Demra, Dhaka",,6008902.2,6008902.200,2024-10-06,2024-12-12,2025-01-06,2024-12-01,2025-12-01,6,4,1,yes,yes,yes,MOHAMMAD NAZMUS SAKIB JAMALI,pp0007,Sup. Eng. (Elec.),0
1016323,Contract_Awards_PDFs/Tender_1016323.pdf,1,supplier,Ministry of Housing and Public Works,og0001,Cox's Bazar Development Authority,og0020,Cox's Bazar Development Authority,og0020,,Cox's Bazar,Works,OTM,Revenue Government,NA,NA,pr0003,CoxDA/Rev/Works/OTM/OBMR/FY2024-25,CoxDA/Rev/Works/OTM/OBMR/FY2024-25,Maintenance and repair works of CoxDA office building. FY2024-25,CoxDA/Rev/Works/OTM/OBMR/FY2024-25,Maintenance and repair of CoxDA office building. FY2024-25,"CoxDA Bhaban, Coxsbazar",Sumon Enterprise,co0027,1,"House#8, Avenue#2, Block#G, Sec#2, Mirpur, Dhaka-1216",,3596400,3596400.000,2024-09-19,2024-11-07,2024-11-21,2024-11-08,2025-02-05,4,3,3,yes,yes,yes,Tahsin Bin Alam,pp0013,Member (Engineer),0
1016492,Contract_Awards_PDFs/Tender_1016492.pdf,1,supplier,Ministry of Housing and Public Works,og0001,Cox's Bazar Development Authority,og0020,Cox's Bazar Development Authority,og0020,,Cox's Bazar,Goods,OTM,Revenue Government,NA,NA,pr0003,CoxDA/Rev/2024-25/Speedboat,CoxDA/Rev/2024-25/Goods/Speedboat,Supply & installation of speed boat spare parts of CoxDA. (FY 2024-2025),CoxDA/Rev/2024-25/Speedboat,Supply & installation of speed boat spare parts of CoxDA. (FY 2024-2025),Coxs Bazar Sadar,Nahar Construction,co0028,1,"2/1, Mobarok mension, Janata road, Tekpara, Cox'sbazar-4700, Bangladesh.",,75010.025,75010.025,2024-09-19,2024-11-04,2024-11-18,2024-10-24,2024-11-28,1,1,1,yes,yes,yes,Tahsin Bin Alam,pp0013,Member (Engineer),0
1016870,Contract_Awards_PDFs/Tender_1016870.pdf,1,supplier,Ministry of Housing and Public Works,og0001,Cox's Bazar Development Authority,og0020,Cox's Bazar Development Authority,og0020,,Cox's Bazar,Goods,OTM,Revenue Government,NA,NA,pr0003,CoxDA/Rev/2024-25/Goods/LightVehicle,CoxDA/Rev/2024-25/Goods/LightVehicle,"Supply & Installation of spare parts of Light Vehicles (Toyota Yaris, Mitsubishi ASX & Motorcycle) of CoxDA. (FY 2024- 2025)",CoxDA/Rev/2024-25/Goods/LightVehicle,"Supply & Installation of spare parts of Light Vehicles (Toyota Yaris, Mitsubishi ASX & Motorcycle) of CoxDA. (FY 2024- 2025)",Coxs Bazar Sadar,Nahar Construction,co0028,1,"2/1, Mobarok mension, Janata road, Tekpara, Cox'sbazar-4700, Bangladesh.",,170008.102,170008.102,2024-09-19,2024-11-04,2024-11-18,2024-10-24,2024-11-28,1,1,1,yes,yes,yes,Tahsin Bin Alam,pp0013,Member (Engineer),0
1023051,Contract_Awards_PDFs/Tender_1023051.pdf,1,supplier,Ministry of Housing and Public Works,og0001,Rajdhani Unnayan Kartripakkha (RAJUK),og0002,Uttara Apartment Project,og0012,,Dhaka,Goods,OTM,Own Fund Own Fund,NA,NA,pr0003,RAJUK/UAP/PD/IFT/Temple/SS-08,UAP/EM/2024-2025/GD-08,"Supply, Installation, Testing and Commissioning of 01 No. 150 KVA, 11/0.415 KV 50 Hz Electric Sub-station for the 02 (two) storied Hindus Temple under the Project of ""Construction of Residential Apartment Building for Low & Middle Income Group of people at Sector-18, Block-A, Uttara, Dhaka.""",RAJUK/UAP/PD/IFT/Temple/SS-08,"Supply, Installation, Testing and Commissioning of 01 No. 150 KVA, 11/0.415 KV 50 Hz Electric Sub-station for the 02 (two) storied Hindus Temple under the Project of ""Construction of Residential Apartment Building for Low & Middle Income Group of people at Sector-18, Block-A, Uttara, Dhaka.""",Uttara Apartment Project Sector-18 Block-A Uttara Dhaka,The Continantal Builders,co0029,1,"370/A Khilgaon, Tilpapara, Dhaka.",,5380000,5380000.000,2024-10-07,2025-01-23,2025-02-20,2024-12-04,2025-06-02,7,6,6,yes,yes,yes,Mohammad Muzaffar Uddin,pp0004,PD (Uttara Appartment),0
1023052,Contract_Awards_PDFs/Tender_1023052.pdf,1,supplier,Ministry of Housing and Public Works,og0001,Rajdhani Unnayan Kartripakkha (RAJUK),og0002,Uttara Apartment Project,og0012,,Dhaka,Goods,OTM,Own Fund Own Fund,NA,NA,pr0003,RAJUK/UAP/PD/IFT/Central Mosque/Lift-13,UAP/EM/2024-2025/GD-13,"Supply, Installation, Testing and Commissioning of 02 Nos 2000 KG Passenger Lift for 05 Storied Central Mosque Building under the Project of ""Construction of Residential Apartment Building for Low & Middle Income Group of people at Sector-18, Block-A, Uttara, Dhaka.""",RAJUK/UAP/PD/IFT/Central Mosque/Lift-13,"Supply, Installation, Testing and Commissioning of 02 Nos 2000 KG Passenger Lift for 05 Storied Central Mosque Building under the Project of ""Construction of Residential Apartment Building for Low & Middle Income Group of people at Sector-18, Block-A, Uttara, Dhaka.""",Uttara Apartment Project Sector 18 Block A Uttara Dhaka,Speed Engineers & Technology.,co0030,1,"Plot No-711/1-2, Road No-11, Baitul Aman Housing Society,Adabor, Shyamoli ,Dhaka-1207,Bangladesh.",,10448400.407,10448400.407,2024-10-14,2025-01-19,2025-02-16,2024-12-02,2025-03-02,10,9,9,yes,yes,yes,Mohammad Muzaffar Uddin,pp0004,PD (Uttara Appartment),0
1023053,Contract_Awards_PDFs/Tender_1023053.pdf,1,supplier,Ministry of Housing and Public Works,og0001,Rajdhani Unnayan Kartripakkha (RAJUK),og0002,Uttara Apartment Project,og0012,,Dhaka,Goods,OTM,Own Fund Own Fund,NA,NA,pr0003,RAJUK/UAP/PD/IFT/Lift/Parking-13,UAP/EM/GD-13,"Supply, Installation, Testing and Commissioning of 02 Nos 630 KG Passenger Lift for the Parking Building under the Project of ""Construction of Residential Apartment Building for Low & Middle Income Group of people at Sector-18, Block- A, Uttara, Dhaka.",RAJUK/UAP/PD/IFT/Lift/Parking-13,"Supply, Installation, Testing and Commissioning of 02 Nos 630 KG Passenger Lift for the Parking Building under the Project of ""Construction of Residential Apartment Building for Low & Middle Income Group of people at Sector-18, Block- A, Uttara, Dhaka.","Uttara Apartment Project, Sector-18, Block-A, Uttara, Dhaka",WALTON HI-TECH INDUSTRIES PLC.,co0031,1,"Plot-1088,Block-I,Bashundhara R/A, P.O-Khilkhet, P.S- Vatara, Dhaka-1229",,5389730.275,5389730.275,2024-11-28,2025-02-04,2025-02-24,2024-12-24,2025-06-22,6,5,5,yes,yes,yes,Mohammad Muzaffar Uddin,pp0004,PD (Uttara Appartment),0
1023054,Contract_Awards_PDFs/Tender_1023054.pdf,1,supplier,Ministry of Housing and Public Works,og0001,Rajdhani Unnayan Kartripakkha (RAJUK),og0002,Uttara Apartment Project,og0012,,Dhaka,Goods,OTM,Own Fund Own Fund,NA,NA,pr0003,RAJUK/UAP/PD/IFT/Gen/Parking-02,UAP/EM/GD-02,"Supply, Installation, Testing and Commissioning of 01 No 100 KVA Generator for the Parking Building under the Project of ""Construction of Residential Apartment Building for Low & Middle Income Group of people at Sector-18, Block-A, Uttara, Dhaka"".",RAJUK/UAP/PD/IFT/Gen/Parking-02,"Supply, Installation, Testing and Commissioning of 01 No 100 KVA Generator for the Parking Building under the Project of ""Construction of Residential Apartment Building for Low & Middle Income Group of people at Sector-18, Block-A, Uttara, Dhaka"".","Uttara Apartment Project, Sector-18, Block-A, Uttara, Dhaka",M/S. Miaze Enterprise,co0032,1,"Plot # 1,1/1 Naya Paltan Rupayan Taj, Office Suit-D1, Box Culvert Road, Dhaka-1000, Bangladesh.",,2499992.21,2499992.210,2024-11-24,2025-02-20,2025-03-18,2024-12-24,2025-06-22,7,5,5,yes,yes,yes,Mohammad Muzaffar Uddin,pp0004,PD (Uttara Appartment),0
1023057,Contract_Awards_PDFs/Tender_1023057.pdf,1,supplier,Ministry of Housing and Public Works,og0001,Rajdhani Unnayan Kartripakkha (RAJUK),og0002,Uttara Apartment Project,og0012,,Dhaka,Goods,OTM,Own Fund Own Fund,NA,NA,pr0003,RAJUK/UAP/PD/IFT/CCTV/Temple-18,UAP/EM/GD-18,"Supply, Installation, Testing and Commissioning of CCTV System for the Hindus Temple under the Project of ""Construction of Residential Apartment Building for Low & Middle Income Group of people at Sector-18, Block-A, Uttara ,Dhaka"".",RAJUK/UAP/PD/IFT/CCTV/Temple-18,"Supply, Installation, Testing and Commissioning of CCTV System for the Hindus Temple under the Project of ""Construction of Residential Apartment Building for Low & Middle Income Group of people at Sector-18, Block-A, Uttara ,Dhaka"".","Uttara Apartment Project, Sector-18, Block-A, Uttara, Dhaka",T.S Enterprise,co0014,1,"28, Malibagh Chowdhury Para, Dhaka.",,622304.036,622304.036,2024-11-24,2025-02-04,2025-02-24,2024-12-26,2025-02-24,14,14,14,yes,yes,yes,Mohammad Muzaffar Uddin,pp0004,PD (Uttara Appartment),0
1023060,Contract_Awards_PDFs/Tender_1023060.pdf,1,supplier,Ministry of Housing and Public Works,og0001,Rajdhani Unnayan Kartripakkha (RAJUK),og0002,Uttara Apartment Project,og0012,,Dhaka,Goods,OTM,Own Fund Own Fund,NA,NA,pr0003,RAJUK/UAP/PD/IFT/Solar/Commercial-28,UAP/EM/GD-28,"Supply, Installation, Testing and Commissioning of additional Solar panel system for the Commercial Complex including Community Center & Kitchen Super shop under the Project of ""Construction of Residential Apartment Building for Low & Middle Income Group of people at Sector-18, Block-A, Uttara, Dhaka"".",RAJUK/UAP/PD/IFT/Solar/Commercial-28,"Supply, Installation, Testing and Commissioning of additional Solar panel system for the Commercial Complex including Community Center & Kitchen Super shop under the Project of ""Construction of Residential Apartment Building for Low & Middle Income Group of people at Sector-18, Block-A, Uttara, Dhaka"".","Uttara Apartment Project, Sector-18, Block-A, Uttara, Dhaka",Gess Bangladesh,co0011,1,"53-54 ,Gess Bangladesh ,Ocean City ,Chakaria ,Cox'sBazar",,4371342.068,4371342.068,2025-02-17,2025-04-20,2025-05-14,2025-03-27,2025-06-25,13,9,9,yes,yes,yes,Mohammad Muzaffar Uddin,pp0004,PD (Uttara Appartment),0
1023061,Contract_Awards_PDFs/Tender_1023061.pdf,1,supplier,Ministry of Housing and Public Works,og0001,Rajdhani Unnayan Kartripakkha (RAJUK),og0002,Uttara Apartment Project,og0012,,Dhaka,Goods,OTM,Own Fund Own Fund,NA,NA,pr0003,RAJUK/UAP/PD/IFT/CCTV/Parking-19,UAP/EM/GD-19,"Supply, Installation, Testing and Commissioning of CCTV System for the Parking Building under the Project of ""Construction of Residential Apartment Building for Low & Middle Income Group of people at Sector-18, Block-A, Uttara, Dhaka"".",RAJUK/UAP/PD/IFT/CCTV/Parking-19,"Supply, Installation, Testing and Commissioning of CCTV System for the Parking Building under the Project of ""Construction of Residential Apartment Building for Low & Middle Income Group of people at Sector-18, Block-A, Uttara, Dhaka"".","Uttara Apartment Project, Sector-18, Block-A, Uttara, Dhaka",T.S Enterprise,co0014,1,"28, Malibagh Chowdhury Para, Dhaka.",,1978340.549,1978340.549,2024-11-24,2025-02-20,2025-03-19,2024-12-24,2025-03-24,14,12,12,yes,yes,yes,Mohammad Muzaffar Uddin,pp0004,PD (Uttara Appartment),0
1023333,Contract_Awards_PDFs/Tender_1023333.pdf,1,supplier,Ministry of Housing and Public Works,og0001,Chittagong Development Authority,og0009,"Construction Division-1, Chattogram Development Authority",og0021,2001,Chattogram,Works,OTM,Own Fund Own Fund,NA,NA,pr0003,CD1/dewanhat/remwrk/e39,CD1/dewanhat/rw/e/39,"Remaining Works at CDA Dewanhat Apartment Complex, Chattogram.",CD1/dewanhat/remwrk/e39/110,"Remaining Works at CDA Dewanhat Apartment Complex, Chattogram.","Dewanhat, Chittagong",M/S. Amanat Enterprise,co0033,1,"39, Urdu Road, Lalbag, Dhaka",,11731574.383,11731574.383,2024-10-07,2025-03-19,2025-04-13,2025-04-16,2025-10-10,2,2,1,yes,yes,yes,Kazi Kader Newaz,pp0006,Executive Engineer,0
1024374,Contract_Awards_PDFs/Tender_1024374.pdf,1,supplier,Ministry of Housing and Public Works,og0001,Cox's Bazar Development Authority,og0020,Cox's Bazar Development Authority,og0020,,Cox's Bazar,Goods,OTM,Revenue Government,NA,NA,pr0003,CoxDA/Rev/2024-25/Goods/Seminar,CoxDA/Rev/2024-24/Goods/Seminar,"Supply of Goods and Related Service for Organizing Various Seminars by Coxâ??s Bazar Development Authority, Cox's Bazar. FY 2024-25",CoxDA/Rev/2024- 25/Goods/Seminar/1024374,"Supply of Goods and Related Service for Organizing Various Seminars by Coxâ??s Bazar Development Authority, Cox's Bazar. FY 2024-25",CoxsBazar,M/S M R Enterprise,co0034,1,"23/D, Puran Paltan Line, Dhaka, PO-1000",,865887.789,865887.789,2024-10-09,2024-11-14,2024-12-10,2024-11-14,2025-06-19,3,3,3,yes,yes,yes,Tahsin Bin Alam,pp0013,Member (Engineer),0
1024391,Contract_Awards_PDFs/Tender_1024391.pdf,1,supplier,Ministry of Housing and Public Works,og0001,Cox's Bazar Development Authority,og0020,Cox's Bazar Development Authority,og0020,,Cox's Bazar,Works,OTM,Revenue Government,NA,NA,pr0003,CoxDA/Rev/2024-25/Works/Street Light,CoxDA/Rev/2024-24/Works/Street Light,"Supply, Installation & Commissioning of Street Lights in Kutubdia Upazilla of Coxs Bazar District. FY 2024-25",CoxDA/Rev/2024- 25/Works/Street Light/1024391,"Supply, Installation & Commissioning of Street Lights in Kutubdia Upazilla of Coxs Bazar District. FY 2024-25",Kutubdia Upazilla,PAVILLION BUILDERS,co0035,1,"LIGHT HOUSE ROAD ,KOLATOLI COXBAZAR",,1350000.001,1350000.001,2024-10-09,2024-11-14,2024-12-03,2024-12-08,2025-05-30,4,4,3,yes,yes,yes,Tahsin Bin Alam,pp0013,Member (Engineer),0
1024467,Contract_Awards_PDFs/Tender_1024467.pdf,1,supplier,Ministry of Housing and Public Works,og0001,Cox's Bazar Development Authority,og0020,Cox's Bazar Development Authority,og0020,,Cox's Bazar,Goods,OTM,Revenue Government,NA,NA,pr0003,CoxDA/Rev/2024-25/Deep Cleaning,CoxDA/Rev/2024-25/Deep Cleaning,Purchasing of Cleaning Materials for Cox's Bazar Development Authority. FY 2024-25.,CoxDA/Rev/2024- 25/Deep Cleaning/1024467,Purchasing of Cleaning Materials for Cox's Bazar Development Authority. FY 2024-25.,Coxs Bazar,Jahan Enterprise,co0036,1,"115/A, Tejturibazar Choklane East Rajabazar. Dhaka 1215.",,784699.145,784699.145,2024-10-09,2024-11-14,2024-12-08,2024-11-17,2025-06-19,3,3,2,yes,yes,yes,Tahsin Bin Alam,pp0013,Member (Engineer),0
1024517,Contract_Awards_PDFs/Tender_1024517.pdf,1,supplier,Ministry of Housing and Public Works,og0001,Cox's Bazar Development Authority,og0020,Cox's Bazar Development Authority,og0020,,Cox's Bazar,Goods,OTM,Revenue Government,NA,NA,pr0003,CoxDA/Rev/2024-25/Goods/Heavy-Equipment,CoxDA/Rev/2024-2025/Goods/Heavy-Equipment,"Procurement of Various Parts of CoxDA Heavy Vehicles, Generator, Air Cooler & Fire Pump for Repair and Maintenance. (FY 2024-2025)",CoxDA/Rev/2024-2025/Goods/Heavy-Equipment,"Procurement of Various Parts of CoxDA Heavy Vehicles, Generator, Air Cooler & Fire Pump for Repair and Maintenance. (FY 2024-2025)",Coxs Bazar Sadar,Nahar Construction,co0028,1,"2/1, Mobarok mension, Janata road, Tekpara, Cox'sbazar-4700, Bangladesh.",,994560.567,994560.567,2024-10-09,2024-11-20,2024-11-21,2024-11-05,2024-12-19,2,2,2,yes,yes,yes,Tahsin Bin Alam,pp0013,Member (Engineer),0
1024525,Contract_Awards_PDFs/Tender_1024525.pdf,1,supplier,Ministry of Housing and Public Works,og0001,Cox's Bazar Development Authority,og0020,Cox's Bazar Development Authority,og0020,,Cox's Bazar,Goods,OTM,Revenue Government,NA,NA,pr0003,CoxDA/Rev/2024-25/OTM/Goods/Furniture,CoxDA/Rev/2024-2025/Goods/Furniture,Procurement and Repair of CoxDA Furniture (FY 2024-2025),CoxDA/Rev/2024-2025/Goods/Furniture,Procurement and Repair of CoxDA Furniture (FY 2024-2025),Coxs Bazar Sadar,Lucky Star,co0037,1,"790/3-A,West Kajipara,Mirpur,Dhaka-1216,Bangladesh.",,481950.477,481950.477,2024-10-09,2024-11-20,2024-12-18,2024-12-05,2024-12-31,3,3,3,yes,yes,yes,Tahsin Bin Alam,pp0013,Member (Engineer),0
1024787,Contract_Awards_PDFs/Tender_1024787.pdf,1,supplier,Ministry of Housing and Public Works,og0001,Cox's Bazar Development Authority,og0020,Cox's Bazar Development Authority,og0020,,Cox's Bazar,Goods,OTM,Revenue Government,NA,NA,pr0003,CoxDA/Rev/Goods/OTM/EE/FY2024-25,CoxDA/Rev/Goods/OTM/EE/FY2024-25,Purchases of engineering tools and other equipment. FY2024-25,CoxDA/Rev/Goods/OTM/EE/FY2024-25,Purchases of engineering tools and other equipment. FY2024-25,"CoxDA Bhaban, Coxsbazar",M/S Kamol Trade International,co0038,1,"Kader Shopping mall,10 hatkhola, Frist Floor Suit No:-F-11 Dhaka-1203",,889500.456,889500.456,2024-10-09,2024-11-18,2024-12-10,2024-11-24,2024-12-26,2,2,1,yes,yes,yes,Tahsin Bin Alam,pp0013,Member (Engineer),0
1024807,Contract_Awards_PDFs/Tender_1024807.pdf,1,supplier,Ministry of Housing and Public Works,og0001,Cox's Bazar Development Authority,og0020,Cox's Bazar Development Authority,og0020,,Cox's Bazar,Goods,OTM,Revenue Government,NA,NA,pr0003,CoxDA/Rev/Goods/OTM/Com/FY2024-25,CoxDA/Rev/Goods/OTM/Com/FY2024-25,Purchases of Computers and other equipment. FY2024-25,CoxDA/Rev/Goods/OTM/Com/FY2024-25,Purchases of Computers and other equipment. FY2024-25,"CoxDA Bhaban, Coxsbazar",Smart Technologies (BD) Ltd.,co0039,1,"Jahir Smart Tower, 205/1 and 205/1/A, West Kafrul, Begum Rokeya Sharani, Dhaka-1206, Bangladesh",,3442695.162,3442695.162,2024-10-09,2024-11-20,2024-12-18,2024-11-21,2024-12-23,8,5,2,yes,yes,yes,Tahsin Bin Alam,pp0013,Member (Engineer),0
1024943,Contract_Awards_PDFs/Tender_1024943.pdf,1,supplier,Ministry of Housing and Public Works,og0001,Cox's Bazar Development Authority,og0020,Cox's Bazar Development Authority,og0020,,Cox's Bazar,Goods,OTM,Revenue Government,NA,NA,pr0003,CoxDA/Rev/2024-25/OTM/Goods/Gift-Item,CoxDA/Rev/2024-25/OTM/Goods/Gift-Item,Supply of Gift Items for Cox's Bazar Development Authority at Cox's Bazar. (FY 2024-25),CoxDA/Rev/2024-25/OTM/Goods/Gift-Item,Supply of Gift Items for Cox's Bazar Development Authority at Cox's Bazar. (FY 2024-25),Coxs Bazar Development Authority,Jahan Enterprise,co0036,1,"115/A, Tejturibazar Choklane East Rajabazar. Dhaka 1215.",,1701121.801,1701121.801,2024-10-14,2024-12-04,2024-12-22,2024-11-20,2024-12-31,4,4,2,yes,yes,yes,Tahsin Bin Alam,pp0013,Member (Engineer),0
1024948,Contract_Awards_PDFs/Tender_1024948.pdf,1,supplier,Ministry of Housing and Public Works,og0001,Cox's Bazar Development Authority,og0020,Cox's Bazar Development Authority,og0020,,Cox's Bazar,Goods,OTM,Revenue Government,NA,NA,pr0003,CoxDA/Rev/2024-25/OTM/Goods/Stationery,CoxDA/Rev/2024-25/OTM/Goods/Stationery,Supply of different Stationery Items for Cox's Bazar Development Authority at Cox's Bazar. (FY 2024-25),CoxDA/Rev/2024-25/OTM/Goods/Stationery,Supply of different Stationery Items for Cox's Bazar Development Authority at Cox's Bazar. (FY 2024-25),Coxs Bazar Development Authority,M/S Kamol Trade International,co0038,1,"Kader Shopping mall,10 hatkhola, Frist Floor Suit No:-F-11 Dhaka-1203",,1435753.901,1435753.901,2024-10-15,2024-11-20,2024-12-10,2024-11-20,2024-12-31,7,5,3,yes,yes,yes,Tahsin Bin Alam,pp0013,Member (Engineer),0
1028832,Contract_Awards_PDFs/Tender_1028832.pdf,1,supplier,Ministry of Housing and Public Works,og0001,Chittagong Development Authority,og0009,Project Director (CDA Square),og0010,,Chattogram,Works,OTM,Own Fund Own Fund,NA,NA,pr0003,PD/CDASQR/S.P/e68/1,PD/CDAsqr/S.P/E68,"Swimming Pool, Jacuzzi, Sauna, Fountain & Ancilary Work at CDA Square Project",PD/CDAsqr/S.P/E68/40,"Swimming Pool, Jacuzzi, Sauna, Fountain & Ancilary Work at CDA Square Project.","Nasirabad, Chattogram",md abu musa,co0040,1,"goshail danga, bohutola moshjid road, chittagong.",,8988920.1,8988920.100,2024-10-24,2024-11-20,2024-11-26,2024-11-07,2024-12-31,10,7,4,yes,yes,yes,Kazi Kader Newaz,pp0006,Assistant Engineer,0
1030720,Contract_Awards_PDFs/Tender_1030720.pdf,1,supplier,Ministry of Housing and Public Works,og0001,Rajdhani Unnayan Kartripakkha (RAJUK),og0002,Office of the Superintending Engineer (Electrical),og0011,,Dhaka,Works,OTM,Own Fund Own fund,NA,Festival/event/contribution,pr0013,Rajuk/Electrical-1/24/W-10,Rajuk/Electrical-1/24/W-10,"Temporary illumination Work of Rajuk Bhaban, Zone Office, Site Office and Quarters in deferent Religious & State Festivals.",25.39.0000.063.07.017.2024,"Temporary illumination Work of Rajuk Bhaban, Zone Office, Site Office and Quarters in deferent Religious & State Festivals.","Rajuk Bhaban, Zone Office, Site Office and Quarters",M/S TANIN ENTERPRISE,co0041,1,"150 MOTIJHEEL, NAHAR MANSION 3RD FLOOR, C/A DHAKA.",,2538953.352,2538953.352,2024-11-13,2024-12-11,2024-12-12,2024-12-12,2025-12-12,2,1,1,yes,yes,yes,MOHAMMAD NAZMUS SAKIB JAMALI,pp0007,Sup. Eng. (Elec.),0
1031714,Contract_Awards_PDFs/Tender_1031714.pdf,1,supplier,Ministry of Housing and Public Works,og0001,Rajdhani Unnayan Kartripakkha (RAJUK),og0002,Office of the Superintending Engineer (Electrical),og0011,,Dhaka,Goods,OTM,Own Fund Own fund,NA,Construction of Zonal office,pr0014,Rajuk/Electrical-1/24/G-11,Rajuk/Electrical-1/24/G-11,"Supply, Installation, Testing & Commissioning of 800 KG Passenger Lift in the Newly Built Zonal Office (Zone-8,Plot-09, Khanpur C/A) in Narayanganj.",25.39.0000.063.07.068.2024,"Supply, Installation, Testing & Commissioning of 800 KG Passenger Lift in the Newly Built Zonal Office (Zone-8,Plot-09, Khanpur C/A) in Narayanganj.",Rajuk Zonal Office at Narayanganj,Concept Elevators & Engineering Ltd.,co0042,1,"Reg. Office: 656, Road-14, Baitul Aman Housing Society Adabor, Mohammadpur, Dhaka-1207",,2899000.176,2899000.176,2024-11-13,2025-03-25,2025-04-20,2025-01-01,2025-05-29,5,5,5,yes,yes,yes,MOHAMMAD NAZMUS SAKIB JAMALI,pp0007,Sup. Eng. (Elec.),0
1031800,Contract_Awards_PDFs/Tender_1031800.pdf,1,supplier,Ministry of Housing and Public Works,og0001,Rajdhani Unnayan Kartripakkha (RAJUK),og0002,Office of the Superintending Engineer (Mechanical),og0008,,Dhaka,Goods,OTM,Own Fund Own fund,NA,Procurement of Heavy Machinary and Equipment,pr0015,SEMECH-1,SEMECH-1,Supply and fitting of Hydraulic Breaker for Wheel Excavator No-2 of RAJUK,SEMECH-1,Supply and fitting of Hydraulic Breaker for Wheel Excavator No-2 of RAJUK,Mohakhali,MULTITRADE INTERNATIONAL,co0043,1,"113/2/1 BCC ROAD, 1ST FLOOR, WARI, DHAKA-1203",,4473000.001,4473000.001,2024-11-27,2025-01-27,2025-02-19,2025-01-01,2025-03-31,3,2,2,yes,yes,yes,Sabbir Bin Taher,pp0005,Sup. Eng. (Mechanical),0
1035179,Contract_Awards_PDFs/Tender_1035179.pdf,1,supplier,Ministry of Housing and Public Works,og0001,Rajdhani Unnayan Kartripakkha (RAJUK),og0002,Superintending Engineer (Civil Circle-3),og0003,,Dhaka,Works,OTM,Own Fund Own fund,NA,Commmercial Complex Construction in various Places of RAJUK,pr0016,RAJUK/SECC-3/Building-1,RAJUK/SECC-3/Building-1,"Construction of 3(Three) Storied Nikunja Commercial Building including Civil, Sanitary & internal Electrification work at Plot No- 2 & 4 , Road No.-9, Nikunja-1 (South), Dhaka.",RAJUK/SECC-3/Building-1,"Construction of 3(Three) Storied Nikunja Commercial Building including Civil, Sanitary & internal Electrification work at Plot No- 2 & 4 , Road No.-9, Nikunja-1 (South), Dhaka.",Nikunja-1,M/S. Niaz Traders,co0001,1,"154, Motijheel C/A. Masjid Market (2nd Floor), Room No.301-303, Dhaka-1000.",,41746974.102,41746974.102,2024-11-20,2025-02-26,2025-03-25,2025-02-02,2026-02-02,14,12,11,yes,yes,yes,Saber Ahmed,pp0001,Superintending Engineer,0
1037582,Contract_Awards_PDFs/Tender_1037582.pdf,1,supplier,Ministry of Housing and Public Works,og0001,Khulna Development Authority (KDA),og0016,Office of the Project Director (KDA Bus Terminal),og0022,,Khulna,Works,OTM,Own Fund Own Fund,NA,NA,pr0003,KDA/Busterminal/W2/2024-25,KDA/Busterminal/W2/2024-25,Installation of Toll station machine and electrification works at KDA Bus Terminal,25.41.0000.021.0245.24,Installation of Toll station machine and electrification works at KDA Bus Terminal,Khulna Sonadanga Bus Terminal,S.A Enterprise,co0044,1,"1/1, Sabujbag, Charerhat Main Road, Khalishpur, Khulna.",,4699837.507,4699837.507,2024-11-14,2024-12-17,2024-12-19,2024-12-10,2024-12-25,1,1,1,yes,yes,yes,Mortoza Al Mamun,pp0014,Project Director,0
1039767,Contract_Awards_PDFs/Tender_1039767.pdf,1,supplier,Ministry of Housing and Public Works,og0001,Cox's Bazar Development Authority,og0020,Cox's Bazar Development Authority,og0020,,Cox's Bazar,Goods,OTM,Revenue Government,NA,NA,pr0003,CoxDA/Rev/2024-25/OTM/Goods/ND-RE,CoxDA/Rev/2024-25/OTM/Goods/ND,Supply & installation of Veroius Goods for the Celebration of National Days of CoxDA> (FY 2024-25),CoxDA/Rev/2024-25/OTM/Goods/ND-RE,Supply & installation of Veroius Goods for the Celebration of National Days of CoxDA> (FY 2024-25,Coxs Bazar Sadar,M/S M R Enterprise,co0034,1,"23/D, Puran Paltan Line, Dhaka, PO-1000",,1043000,1043000.000,2024-11-24,2024-12-18,2025-01-05,2024-12-15,2025-04-30,2,2,2,yes,yes,yes,Tahsin Bin Alam,pp0013,Member (Engineer),0
1044320,Contract_Awards_PDFs/Tender_1044320.pdf,1,supplier,Ministry of Housing and Public Works,og0001,Rajdhani Unnayan Kartripakkha (RAJUK),og0002,Development of Residential and commercial Infrastructure at Jhilmil Residential Project Area,og0023,,Dhaka,Works,OTM,Own Fund Own fund,NA,Development of Residential and Commercial Infrastructure at Jhilmil Residential Project Area.,pr0017,RAJUK/PD_JHILMIL/Graveyard,RAJUK/PD_JHILMIL/Graveyard,Development of Sector-1 Graveyard of Development of Residential and commercial Infrastructure at Jhilmil Residential Project Area.,RAJUK/PD_JHILMIL/Graveyard,Development of Sector-1 Graveyard of Development of Residential and commercial Infrastructure at Jhilmil Residential Project Area.,Jhilmil Residential Project Area,M/S. Niaz Traders,co0001,1,"154, Motijheel C/A. Masjid Market (2nd Floor), Room No.301-303, Dhaka-1000.",,33437797.407,33437797.407,2024-12-17,2025-02-10,2025-03-09,2025-02-27,2025-06-29,7,5,2,yes,yes,yes,Md. Aminur Rahman,pp0015,PD (Jhilmil),0
1056195,Contract_Awards_PDFs/Tender_1056195.pdf,1,supplier,Ministry of Housing and Public Works,og0001,Rajdhani Unnayan Kartripakkha (RAJUK),og0002,Office of the Superintending Engineer (Mechanical),og0008,,Dhaka,Goods,OTM,Own Fund Own fund,NA,Procurement of Heavy Machinary and Equipment,pr0015,SEMECH-3,SEMECH-03,Supply and Fitting of Hydraulic Breaker for Wheel Excavator No-01 of RAJUK.,SEMECH-4,Supply and Fitting of Hydraulic Breaker for Wheel Excavator No-01 of RAJUK.,Mohakhali,Sohel Engineering & Construction Ltd.,co0045,1,"Tropicana Tower (3rd Floor), 218 Shaheed Syed Nazrul Islam Saranee, Dhaka-1000",,5100000.001,5100000.001,2025-01-15,2025-03-23,2025-04-20,2025-03-02,2025-06-02,4,4,3,yes,yes,yes,Sabbir Bin Taher,pp0005,Sup. Eng. (Mechanical),0
1058290,Contract_Awards_PDFs/Tender_1058290.pdf,1,supplier,Ministry of Housing and Public Works,og0001,Rajdhani Unnayan Kartripakkha (RAJUK),og0002,Development of Residential and commercial Infrastructure at Jhilmil Residential Project Area,og0023,,Dhaka,Goods,OTM,Own Fund Own fund,NA,Development of Residential and Commercial Infrastructure at Jhilmil Residential Project Area.,pr0017,RAJUK/PD_JHILMIL/EM-1,RAJUK/PD_JHILMIL/EM-1,Supply & Installation of 500 KVA Sub-Station and ON Grid Solar System for Construction of Jhilmeel School & Collage at Development of Residential and Commercial infrastructure at Jhilmil Residential Project area.,RAJUK/PD_JHILMIL/EM-1,Supply & Installation of 500 KVA Sub-Station and ON Grid Solar System for Construction of Jhilmeel School & Collage at Development of Residential and Commercial infrastructure at Jhilmil Residential Project area.,Jhilmil Residential Project Area,Gess Bangladesh,co0011,1,"53-54 ,Gess Bangladesh ,Ocean City ,Chakaria ,Cox'sBazar",,7049879.781,7049879.781,2025-02-02,2025-05-22,2025-06-18,2025-04-30,2026-05-31,17,16,16,yes,yes,yes,Md. Aminur Rahman,pp0015,PD (Jhilmil),0
1058291,Contract_Awards_PDFs/Tender_1058291.pdf,1,supplier,Ministry of Housing and Public Works,og0001,Rajdhani Unnayan Kartripakkha (RAJUK),og0002,Development of Residential and commercial Infrastructure at Jhilmil Residential Project Area,og0023,,Dhaka,Goods,OTM,Own Fund Own fund,NA,Development of Residential and Commercial Infrastructure at Jhilmil Residential Project Area.,pr0017,RAJUK/PD_JHILMIL/EM-2,RAJUK/PD_JHILMIL/EM-2,"Supply, Installation, Testing & Commissioning of 04 Nos. 1250 KG Passenger Lift for Construction of Jhilmeel School & Collage at Development of Residential and Commercial infrastructure at Jhilmil Residential Project area.",RAJUK/PD_JHILMIL/EM-2,"Supply, Installation, Testing & Commissioning of 04 Nos. 1250 KG Passenger Lift for Construction of Jhilmeel School & Collage at Development of Residential and Commercial infrastructure at Jhilmil Residential Project area.",Jhilmil Residential Project Area,WALTON HI-TECH INDUSTRIES PLC.,co0031,1,"Plot-1088,Block-I,Bashundhara R/A, P.O-Khilkhet, P.S- Vatara, Dhaka-1229",,13354000.588,13354000.588,2025-02-02,2025-05-22,2025-06-04,2025-04-30,2026-05-31,5,5,5,yes,yes,yes,Md. Aminur Rahman,pp0015,PD (Jhilmil),0
1058292,Contract_Awards_PDFs/Tender_1058292.pdf,1,supplier,Ministry of Housing and Public Works,og0001,Rajdhani Unnayan Kartripakkha (RAJUK),og0002,Development of Residential and commercial Infrastructure at Jhilmil Residential Project Area,og0023,,Dhaka,Goods,OTM,Own Fund Own fund,NA,Development of Residential and Commercial Infrastructure at Jhilmil Residential Project Area.,pr0017,RAJUK/PD_JHILMIL/EM-3,RAJUK/PD_JHILMIL/EM-3,Supply & Installation of 300 KVA Sub-Station and ON Grid Solar System for Construction of Jhilmeel Mosque at Development of Residential and Commercial infrastructure at Jhilmil Residential Project area.,RAJUK/PD_JHILMIL/EM-3,Supply & Installation of 300 KVA Sub-Station and ON Grid Solar System for Construction of Jhilmeel Mosque at Development of Residential and Commercial infrastructure at Jhilmil Residential Project area.,Jhilmil Residential Project Area,Gess Bangladesh,co0011,1,"53-54 ,Gess Bangladesh ,Ocean City ,Chakaria ,Cox'sBazar",,6592144.975,6592144.975,2025-02-02,2025-05-22,2025-06-18,2025-04-30,2026-05-31,15,13,13,yes,yes,yes,Md. Aminur Rahman,pp0015,PD (Jhilmil),0
1058293,Contract_Awards_PDFs/Tender_1058293.pdf,1,supplier,Ministry of Housing and Public Works,og0001,Rajdhani Unnayan Kartripakkha (RAJUK),og0002,Development of Residential and commercial Infrastructure at Jhilmil Residential Project Area,og0023,,Dhaka,Goods,OTM,Own Fund Own fund,NA,Development of Residential and Commercial Infrastructure at Jhilmil Residential Project Area.,pr0017,RAJUK/PD_JHILMIL/EM-4,RAJUK/PD_JHILMIL/EM-4,"Supply, Installation, Testing & Commissioning of 02 Nos. 1250 KG Passenger Lift for Construction of Jhilmeel Mosque at Development of Residential and Commercial infrastructure at Jhilmil Residential Project area.",RAJUK/PD_JHILMIL/EM-4,"Supply, Installation, Testing & Commissioning of 02 Nos. 1250 KG Passenger Lift for Construction of Jhilmeel Mosque at Development of Residential and Commercial infrastructure at Jhilmil Residential Project area.",Jhilmil Residential Project area,WALTON HI-TECH INDUSTRIES PLC.,co0031,1,"Plot-1088,Block-I,Bashundhara R/A, P.O-Khilkhet, P.S- Vatara, Dhaka-1229",,6347500.384,6347500.384,2025-02-02,2025-05-22,2025-06-04,2025-04-30,2026-05-31,7,5,5,yes,yes,yes,Md. Aminur Rahman,pp0015,PD (Jhilmil),0
1059690,Contract_Awards_PDFs/Tender_1059690.pdf,1,supplier,Ministry of Housing and Public Works,og0001,Rajdhani Unnayan Kartripakkha (RAJUK),og0002,Office of the Superintending Engineer (Mechanical),og0008,,Dhaka,Goods,OTM,Own Fund Own fund,NA,Repair Maintenance of Heavy Machinery & Equipment,pr0004,SEMECH-11,SEMECH-11,Supply and fixing of 09 (Nine) nos. New tyre ( with tube & flap) for RAJUK wheel excavator no -01.,06-Feb-2025 15:00,Supply and fixing of 09 (Nine) nos. New tyre ( with tube & flap) for RAJUK wheel excavator no -01.,Mohakhali,T.S Enterprise,co0014,1,"28, Malibagh Chowdhury Para, Dhaka.",,696150.009,696150.009,2025-01-15,2025-07-23,2025-08-12,2025-03-02,2025-06-02,6,6,1,yes,yes,yes,Sabbir Bin Taher,pp0005,Sup. Eng. (Mechanical),0
1060379,Contract_Awards_PDFs/Tender_1060379.pdf,1,supplier,Ministry of Housing and Public Works,og0001,Rajdhani Unnayan Kartripakkha (RAJUK),og0002,Development of Residential and commercial Infrastructure at Jhilmil Residential Project Area,og0023,,Dhaka,Works,OTM,Own Fund Own fund,NA,Development of Residential and Commercial Infrastructure at Jhilmil Residential Project Area.,pr0017,RAJUK/PD_JHILMIL/DC-8,RAJUK/PD_JHILMIL/DC-8,"Construction of Surface drain at Jhilmil Residential Project Area.Sector-4(Pakage#3,Lot-3.)",RAJUK/PD_JHILMIL/DC-8,"Construction of Surface drain at Jhilmil Residential Project Area.Sector-4(Pakage#3,Lot-3.)",Jhilmil Residential Project Area,Starlite Services Limited,co0019,1,"Planners Tower(16th Floor), Suit No: 8-11,13/A, Sonargaon Road, Dhaka-1000.",,118272231.79,118272231.790,2025-01-20,2025-08-17,2025-09-02,2025-05-04,2026-05-04,13,8,7,yes,yes,yes,Md. Aminur Rahman,pp0015,PD (Jhilmil),0
1060380,Contract_Awards_PDFs/Tender_1060380.pdf,1,supplier,Ministry of Housing and Public Works,og0001,Rajdhani Unnayan Kartripakkha (RAJUK),og0002,Development of Residential and commercial Infrastructure at Jhilmil Residential Project Area,og0023,,Dhaka,Works,OTM,Own Fund Own fund,NA,Development of Residential and Commercial Infrastructure at Jhilmil Residential Project Area.,pr0017,RAJUK/PD_JHILMIL/DC-9,RAJUK/PD_JHILMIL/DC-9,"Construction of Surface drain at Jhilmil Residential Project Area.Sector-5(Pakage#3,Lot-4.)",RAJUK/PD_JHILMIL/DC-9,"Construction of Surface drain at Jhilmil Residential Project Area.Sector-5(Pakage#3,Lot-4.)",Jhilmil Residential Project Area,"Convoy Service JV ( JVCA Partners [Business Share]: CONVOY SERVICE [49.000%] , Starlite Services Limited [51.000%] )",co0046,1,"ABC Skyrise Tower, Level 2 Shahjalal Avenue, Sector No. 04, Uttara, Dhaka-1230, Bangladesh.",,68007492.722,68007492.722,2025-01-20,2025-08-17,2025-09-01,2025-05-04,2026-05-04,5,5,5,yes,yes,yes,Md. Aminur Rahman,pp0015,PD (Jhilmil),0
1060890,Contract_Awards_PDFs/Tender_1060890.pdf,1,supplier,Ministry of Housing and Public Works,og0001,Rajdhani Unnayan Kartripakkha (RAJUK),og0002,Purbachal New Town Project,og0015,,Dhaka,Works,OTM,Own Fund Own fund,NA,Purbachal New town Project,pr0009,RAJUK/PD_Purbachal/109,RAJUK/PD_Purbachal/109,"Painting and ancillary Works of 26 Nos Bridge (Bridge no- 3, 4, 6, 7, 10, 12, 13, 14, 15, 16, 17, 25, 26, 27, 28, 29, 30, 31, 32, 33, 34, 36, 37, 38, 39, 42) of Different Sector at Purbachal New Town Project (Package-PNTP/RP/BR_02).",RAJUK/PD_Purbachal/109,"Painting and ancillary Works of 26 Nos Bridge (Bridge no- 3, 4, 6, 7, 10, 12, 13, 14, 15, 16, 17, 25, 26, 27, 28, 29, 30, 31, 32, 33, 34, 36, 37, 38, 39, 42) of Different Sector at Purbachal New Town Project (Package-PNTP/RP/BR_02).",Purbachal New Project Area,"KSBL-TSE JOINT VENTURE ( JVCA Partners [Business Share]: Khan and Sons (Bangladesh) Limited [51.000%] , T.S Enterprise [49.000%] )",co0047,1,"Al-Khalif Trust Tower (1st Floor), 92, Arambag, Motijheel C/A, Dhaka-1000.00",,18177929.928,18177929.928,2025-01-20,2025-03-27,2025-04-15,2025-03-02,2025-06-30,11,10,10,yes,yes,yes,Khandakar Md. Wahid Sadique,pp0016,Project Director,0
1060891,Contract_Awards_PDFs/Tender_1060891.pdf,1,supplier,Ministry of Housing and Public Works,og0001,Rajdhani Unnayan Kartripakkha (RAJUK),og0002,Purbachal New Town Project,og0015,,Dhaka,Works,OTM,Own Fund Own fund,NA,Purbachal New town Project,pr0009,RAJUK/PD_Purbachal/110,RAJUK/PD_Purbachal/110,"Construction of Remaining Internal Road & Surface Drain at Sector No-04 of Purbachal New Town Project (Package- PNTP/RDC/S-04, Lot-03).",RAJUK/PD_Purbachal/110,"Construction of Remaining Internal Road & Surface Drain at Sector No-04 of Purbachal New Town Project (Package- PNTP/RDC/S-04, Lot-03).",Purbachal New Project Area,M/s Shafique and Sons,co0025,1,"Cha-72/1, North Badda, Badda Tower (10th FL), Badda, Dhaka-1212",,88468397.136,88468397.136,2025-01-20,2025-03-09,2025-03-25,2025-03-02,2025-06-30,5,5,5,yes,yes,yes,Khandakar Md. Wahid Sadique,pp0016,Project Director,0
1060895,Contract_Awards_PDFs/Tender_1060895.pdf,1,supplier,Ministry of Housing and Public Works,og0001,Rajdhani Unnayan Kartripakkha (RAJUK),og0002,Purbachal New Town Project,og0015,,Dhaka,Works,OTM,Own Fund Own fund,NA,Purbachal New town Project,pr0009,RAJUK/PD_Purbachal/114,RAJUK/PD_Purbachal/114,Maintenance and Renovation of Road No-216 (100 ft Wide) Attached Surface Drain at Purbachal New Town Project (Package-PNTP/RP/R-216).,RAJUK/PD_Purbachal/114,Maintenance and Renovation of Road No-216 (100 ft Wide) Attached Surface Drain at Purbachal New Town Project (Package-PNTP/RP/R-216).,Purbachal New Project Area,"TCEL TE JV ( JVCA Partners [Business Share]: THE CIVIL ENGINEERS LIMITED [50.000%] , M/S TAJEEM ENTERPRISE [50.000%] )",co0048,1,"197, Dr. Kudrat-e-khuda Road(Judge Goli), Elephant Road, Dhaka-1205, Bangladesh",,111101507.721,111101507.721,2025-01-27,2025-03-18,2025-04-15,2025-03-16,2025-06-29,8,8,6,yes,yes,yes,Khandakar Md. Wahid Sadique,pp0016,Project Director,0
1062494,Contract_Awards_PDFs/Tender_1062494.pdf,1,supplier,Ministry of Housing and Public Works,og0001,Rajdhani Unnayan Kartripakkha (RAJUK),og0002,"Construction of multi-storied apartment Buildings on 9(Nine) nos abandoned plot at Gulshan,Mohammadpur, Lalmatia & Dhanmondi, Dhaka.",og0006,,Dhaka,Goods,OTM,Own Fund Own Fund,NA,NA,pr0003,RAJUK/PD_9apt/Building_01/Lift(Re-Tender),RAJUK/PD_9apt/Bldg_01/Lift,"Supply, Installation, Testing, Commissioning of 02 (Two) Nos. 1250 kg Lift in 15 (fifteen) Storied Apartment Building including one basement at Plot No. CWN(B)-8, Road No. 35. Gulshan-2 Residential Area.",RAJUK/PD_9apt/Building_01/Lift,"Supply, Installation, Testing, Commissioning of 02 (Two) Nos. 1250 kg Lift in 15 (fifteen) Storied Apartment Building including one basement at Plot No. CWN(B)-8, Road No. 35. Gulshan-2 Residential Area.","Gulshan, Dhaka",Concept Elevators & Engineering Ltd.,co0042,1,"Reg. Office: 656, Road-14, Baitul Aman Housing Society Adabor, Mohammadpur, Dhaka-1207",,27499998.838,27499998.838,2025-01-16,2025-02-19,2025-03-13,2025-03-03,2026-03-03,2,2,2,yes,yes,yes,Rahat Muslemin,pp0003,PD (9apt),0
1069558,Contract_Awards_PDFs/Tender_1069558.pdf,1,supplier,Ministry of Housing and Public Works,og0001,Rajdhani Unnayan Kartripakkha (RAJUK),og0002,Purbachal New Town Project,og0015,,Dhaka,Works,OTM,Own Fund Own fund,NA,Purbachal New town Project,pr0009,RAJUK/PD_Purbachal/118,RAJUK/PD_Purbachal/118,"Construction of Internal remaining east side Lane including Surface Drain at Road # 125 of Sector No-30 of Purbachal New Town Project (Package PNTP/RDC/S-30, Lot-05).",RAJUK/PD_Purbachal/119,"Construction of Internal remaining east side Lane including Surface Drain at Road # 125 of Sector No-30 of Purbachal New Town Project (Package PNTP/RDC/S-30, Lot-05).",Purbachal New Town Project,M/S. A. R. Enterprise,co0016,1,"House-08, Road-02, Diyabari, Uttara, Dhaka-1230 Contact No:01935968075, 01707568905",,8321802.741,8321802.741,2025-02-03,2025-03-27,2025-04-24,2025-04-01,2025-06-30,8,8,8,yes,yes,yes,Khandakar Md. Wahid Sadique,pp0016,Project Director,0
1069559,Contract_Awards_PDFs/Tender_1069559.pdf,1,supplier,Ministry of Housing and Public Works,og0001,Rajdhani Unnayan Kartripakkha (RAJUK),og0002,Purbachal New Town Project,og0015,,Dhaka,Works,OTM,Own Fund Own fund,NA,Purbachal New town Project,pr0009,RAJUK/PD_Purbachal/119,RAJUK/PD_Purbachal/119,"Maintenance and Renovation of Internal Roads and Surface Drain at Sector-08 (Part) of Purbachal New Town Project. (PNTP/RP/S_08, Lot-01).",RAJUK/PD_Purbachal/126,"Maintenance and Renovation of Internal Roads and Surface Drain at Sector-08 (Part) of Purbachal New Town Project. (PNTP/RP/S_08, Lot-01).",Purbachal New Town Project,M/S. A. R. Enterprise,co0016,1,"House-08, Road-02, Diyabari, Uttara, Dhaka-1230 Contact No:01935968075, 01707568905",,19993058.325,19993058.325,2025-02-03,2025-03-27,2025-04-24,2025-04-01,2025-06-30,8,8,7,yes,yes,yes,Khandakar Md. Wahid Sadique,pp0016,Project Director,0
1069560,Contract_Awards_PDFs/Tender_1069560.pdf,1,supplier,Ministry of Housing and Public Works,og0001,Rajdhani Unnayan Kartripakkha (RAJUK),og0002,Purbachal New Town Project,og0015,,Dhaka,Works,OTM,Own Fund Own fund,NA,Purbachal New town Project,pr0009,RAJUK/PD_Purbachal/120,RAJUK/PD_Purbachal/120,"Maintenance and Renovation of Internal Roads and Surface Drain at Sector-29 of Purbachal New Town Project. (PNTP/RP/S_29, Lot-01).",RAJUK/PD_Purbachal/120,"Maintenance and Renovation of Internal Roads and Surface Drain at Sector-29 of Purbachal New Town Project. (PNTP/RP/S_29, Lot-01).",Purbachal New Town Project,M/S Udayan Builders,co0023,1,"Dhaka Trtade Centre,Level #15, Block # H 99 Kazi Nazrul Islam Avenue, Kawran Bazar C/A, Dhaka-1215",,26892135.198,26892135.198,2025-02-03,2025-03-27,2025-04-24,2025-06-30,2025-06-30,7,6,6,yes,yes,yes,Khandakar Md. Wahid Sadique,pp0016,Project Director,0
1069561,Contract_Awards_PDFs/Tender_1069561.pdf,1,supplier,Ministry of Housing and Public Works,og0001,Rajdhani Unnayan Kartripakkha (RAJUK),og0002,Purbachal New Town Project,og0015,,Dhaka,Works,OTM,Own Fund Own fund,NA,Purbachal New town Project,pr0009,RAJUK/PD_Purbachal/121,RAJUK/PD_Purbachal/121,"Construction of remaining internal Road and Surface Drain work at Sector No # 29 (Part) of Purbachal New Town Project (Package PNTP/RDC-29, Lot-3).",RAJUK/PD_Purbachal/121,"Construction of remaining internal Road and Surface Drain work at Sector No # 29 (Part) of Purbachal New Town Project (Package PNTP/RDC-29, Lot-3).",Purbachal New Town Project,AK- Amin Development Co. Limited,co0049,1,"Mir Mahbub Tower, 304, Sheikh Mujib Road, Dewanhat, Double Muring, Chattogram, PO : 4100, Bangladesh",,35630010.783,35630010.783,2025-02-03,2025-03-18,2025-04-15,2025-04-01,2025-06-30,6,3,3,yes,yes,yes,Khandakar Md. Wahid Sadique,pp0016,Project Director,0
1069562,Contract_Awards_PDFs/Tender_1069562.pdf,1,supplier,Ministry of Housing and Public Works,og0001,Rajdhani Unnayan Kartripakkha (RAJUK),og0002,Purbachal New Town Project,og0015,,Dhaka,Works,OTM,Own Fund Own fund,NA,Purbachal New town Project,pr0009,RAJUK/PD_Purbachal/122,RAJUK/PD_Purbachal/122,"Construction of remaining Internal Road & Surface Drain work at Sector No-30 (Part) of Purbachal New Town Project (Package PNTP/RDC/S-30, Lot-04).",RAJUK/PD_Purbachal/122,"Construction of remaining Internal Road & Surface Drain work at Sector No-30 (Part) of Purbachal New Town Project (Package PNTP/RDC/S-30, Lot-04).",Purbachal New Town Project,"M/s. SS & MT (JV) ( JVCA Partners [Business Share]: Monir Engineering And Construction Ltd. [49.000%] , M/S. Sharif & Sons [51.000%] )",co0050,1,"61, Bijoy Nagar, Eastern Arzoo, Suit No: 11/08, Dhaka-1000.",,42619653.995,42619653.995,2025-02-03,2025-03-18,2025-04-15,2025-04-01,2025-06-30,3,3,3,yes,yes,yes,Khandakar Md. Wahid Sadique,pp0016,Project Director,0
1069564,Contract_Awards_PDFs/Tender_1069564.pdf,1,supplier,Ministry of Housing and Public Works,og0001,Rajdhani Unnayan Kartripakkha (RAJUK),og0002,Purbachal New Town Project,og0015,,Dhaka,Works,OTM,Own Fund Own fund,NA,Purbachal New town Project,pr0009,RAJUK/PD_Purbachal/124,RAJUK/PD_Purbachal/124,"Repair and Renovation of Internal Roads and Surface Drain at Sector-21 of Purbachal New Town Project. (PNTP/RP/S_21, Lot-05).",RAJUK/PD_Purbachal/124,"Repair and Renovation of Internal Roads and Surface Drain at Sector-21 of Purbachal New Town Project. (PNTP/RP/S_21, Lot-05).",Purbachal New Town Project,"SSL- CONVOY JV ( JVCA Partners [Business Share]: CONVOY SERVICE [49.000%] , Starlite Services Limited [51.000%] )",co0051,1,"ABC Skyrise Tower, Level 2 Shahjalal Avenue, Sector No. 04, Uttara, Dhaka-1230, Bangladesh.",,77163422.058,77163422.058,2025-02-03,2025-03-16,2025-04-09,2025-04-01,2025-06-30,7,4,4,yes,yes,yes,Khandakar Md. Wahid Sadique,pp0016,Project Director,0
1071058,Contract_Awards_PDFs/Tender_1071058.pdf,1,supplier,Ministry of Housing and Public Works,og0001,Rajdhani Unnayan Kartripakkha (RAJUK),og0002,Purbachal New Town Project,og0015,,Dhaka,Works,OTM,Own Fund Own fund,NA,Purbachal New town Project,pr0009,RAJUK/PD_Purbachal/125,RAJUK/PD_Purbachal/125,Construction of Remaining Internal RCC Walkway and Surface Drain at Scetor No -22 (part) of Purbachal New Town Project (Package RDC/S-22. Lot-02).,RAJUK/PD_Purbachal/125,Construction of Remaining Internal RCC Walkway and Surface Drain at Scetor No -22 (part) of Purbachal New Town Project (Package RDC/S-22. Lot-02).,Purbachal New Town Project,HAIDER & CO.,co0013,1,"1/1 KAMALAPUR BAZAR ROAD, DHAKA",,22604728.131,22604728.131,2025-02-05,2025-03-27,2025-04-15,2025-04-01,2025-06-30,5,5,5,yes,yes,yes,Khandakar Md. Wahid Sadique,pp0016,Project Director,0
1072723,Contract_Awards_PDFs/Tender_1072723.pdf,1,supplier,Ministry of Housing and Public Works,og0001,Khulna Development Authority (KDA),og0016,Office of the Assistant Programmer,og0017,,Khulna,Goods,OTM,Own Fund Own Fund,NA,NA,pr0003,computer/2024-2025/02,computer/2024-2025/02,"Supply of Laptop, Desktop Computer, Projector, Printer, Scanner and other accessories at KDA",25.41.0000.006.00.005.13-24,"Supply of Laptop, Desktop Computer, Projector, Printer, Scanner and other accessories at KDA",KDA Office Bhavan,Intimacy Computer & Solutions,co0052,1,"28/C-3 Toyenbee Circular Road (1st Floor), Motijheel C/A, Dhaka",,2323957.303,2323957.303,2025-05-15,2025-06-22,2025-06-22,2025-06-04,2025-06-29,3,3,3,yes,yes,yes,Md Shoeb Howlader,pp0011,Assistant Programmer,0
1074002,Contract_Awards_PDFs/Tender_1074002.pdf,1,supplier,Ministry of Housing and Public Works,og0001,Rajdhani Unnayan Kartripakkha (RAJUK),og0002,Office of the Superintending Engineer (Electrical),og0011,,Dhaka,Works,OTM,Own Fund Own fund,NA,"Instalation of CCTV, Solar, PABX",pr0012,Rajuk / Electrical-2 / 24 / W-03,Rajuk / Electrical-2 / 24 / W-03,"Supply, Fitting & Fixing of Solar LED Street Light in the Lake Drive Road at Sector No-18 (East Side) in Uttara (3rd Phase).",25.39.0000.064.07.001.2024,"Supply, Fitting & Fixing of Solar LED Street Light in the Lake Drive Road at Sector No-18 (East Side) in Uttara (3rd Phase).",Sector No-18 (East Side) in Uttara (3rd Phase),M/S Sunny Construction,co0053,1,"58/Cha/1,Tejturi Bazar Chak,West Razabazar,Dhaka-1215",,14195340,14195340.000,2025-02-26,2025-07-10,2025-07-31,2025-06-01,2025-09-29,14,13,11,yes,yes,yes,MOHAMMAD NAZMUS SAKIB JAMALI,pp0007,Sup. Eng. (Elec.),0
1074661,Contract_Awards_PDFs/Tender_1074661.pdf,1,supplier,Ministry of Housing and Public Works,og0001,Rajdhani Unnayan Kartripakkha (RAJUK),og0002,Office of the Superintending Engineer (Electrical),og0011,,Dhaka,Works,OTM,Own Fund Own fund,NA,Building Repair & Maintenance,pr0018,Rajuk/Electrical-2/25/W-02,Rajuk/Electrical-2/25/W-02,"Electrification Work of Rajuk Chairman Banglo ( House No-01, Road No-06) at Gulshan-1.",25.39.0000.064.07.023.2024,"Electrification Work of Rajuk Chairman Banglo ( House No-01, Road No-06) at Gulshan-1.",Rajuk Chairman Banglo,NATIONAL DEVELOPMENT ENGINEERS LTD.,co0054,1,"House No. # 22, Road # 04, Block - C, Banani, Dhaka-1213",,2689391.7,2689391.700,2025-02-26,2025-05-24,2025-06-16,2025-05-04,2025-07-03,3,3,2,yes,yes,yes,MOHAMMAD NAZMUS SAKIB JAMALI,pp0007,Sup. Eng. (Elec.),0
1076521,Contract_Awards_PDFs/Tender_1076521.pdf,1,supplier,Ministry of Housing and Public Works,og0001,Khulna Development Authority (KDA),og0016,Office of Exen (Maintenance),og0018,,Khulna,Goods,OTM,Own Fund Own Fund,NA,NA,pr0003,KDA/OTM/2024-2025/25,KDA/OTM/2024-2025/25,Supplying of a brand new latest model sedan car maximum 1600cc at KDA,25.41.0000.027.0812.25,Supplying of a brand new latest model sedan car maximum 1600cc at KDA.,KDA Office Building,Rangs Limited,co0055,1,"215, Bir Uttam Mir Shawkat Sarak, Tejgaon I/A, Dhaka-1208",,4495000.002,4495000.002,2025-02-19,2025-04-15,2025-04-27,2025-04-01,2025-04-30,2,2,1,yes,yes,yes,Montasir Mamun,pp0012,Executive Engineer (M),0
1077063,Contract_Awards_PDFs/Tender_1077063.pdf,1,supplier,Ministry of Housing and Public Works,og0001,Rajdhani Unnayan Kartripakkha (RAJUK),og0002,Office of the Superintending Engineer (Mechanical),og0008,,Dhaka,Goods,OTM,Own Fund Own fund,NA,Purchase of Furniture,pr0019,RAJUKSEMEC-2,RAJUKSEMEC-2,Supply and installation of furniture at Rajuk (Zone-7).,RAJUKSEMEC-2,Supply and installation of furniture at Rajuk (Zone-7).,Rajuk Zone-7 Office,Otobi Limited,co0056,1,"OTOBI Limited, OTOBI Centre (3rd Floor), Plot-12, Block CWS(C) Gulshan South Avenue, Gulshan-1, Dhaka-1212",,1370110.118,1370110.118,2025-02-24,2025-09-02,2025-09-15,2025-04-01,2025-04-30,5,5,1,yes,yes,yes,Sabbir Bin Taher,pp0005,Sup. Eng. (Mechanical),0
1081213,Contract_Awards_PDFs/Tender_1081213.pdf,1,supplier,Ministry of Housing and Public Works,og0001,Rajdhani Unnayan Kartripakkha (RAJUK),og0002,Superintending Engineer (Civil Circle-4),og0014,,Dhaka,Works,OTM,Own Fund Own fund,NA,Construction and repair of different types of Buildings/Roads/Infrastructure under RAJUK Jurisdiction,pr0020,RAJUK/SECC4-IMP6/RoadRepair/SurfaceDrain-1,RAJUK/SECC4-IMP6/RoadRepair/SurfaceDrain-1,"Repair & Renovation work of internal road of Block-A and construction of open surface drain of Sector-15 at Uttara Residential Area, RAJUK.",RAJUK/SECC4-IMP6/RoadRepair/SurfaceDrain-1,"Repair & Renovation work of internal road of Block-A and construction of open surface drain of Sector-15 at Uttara Residential Area, RAJUK.",Uttara Residential Area RAJUK,Momotaj Engineers Ltd.,co0003,1,"Kha-202/c, Progatisharani, Middle Badda, Dhaka-1212.",,38383526.286,38383526.286,2025-03-10,2025-05-19,2025-06-15,2025-07-01,2025-12-28,10,9,7,yes,yes,yes,Saber Ahmed,pp0001,Superintending Engineer,0
1081271,Contract_Awards_PDFs/Tender_1081271.pdf,1,supplier,Ministry of Housing and Public Works,og0001,Rajdhani Unnayan Kartripakkha (RAJUK),og0002,Office of the Superintending Engineer (Electrical),og0011,,Dhaka,Works,OTM,Own Fund Own fund,NA,Lift and Electrical Equipement Repare,pr0006,Rajuk/Electrical-2/25/W-01,Rajuk/Electrical-2/25/W-01,"03 (Three) Years Operation, Servicing & Maintenance of 04 Nos Passenger Lift at Gulshan Car Parking cum Office Building.",25.39.0000.064.07.024.2024,"03 (Three) Years Operation, Servicing & Maintenance of 04 Nos Passenger Lift at Gulshan Car Parking cum Office Building.",Gulshan Car Parking cum Office Building,PROPERTY DEVELOPMENT LIMITED,co0010,1,"PRAN-RFL Center, 105 Pragati Sarani, Middle Badda, Dhaka-1212, Bangladesh",,4320000.288,4320000.288,2025-04-22,2025-08-24,2025-09-18,2025-07-01,2028-06-30,3,3,1,yes,yes,yes,MOHAMMAD NAZMUS SAKIB JAMALI,pp0007,Sup. Eng. (Elec.),0
1082494,Contract_Awards_PDFs/Tender_1082494.pdf,1,supplier,Ministry of Housing and Public Works,og0001,Rajdhani Unnayan Kartripakkha (RAJUK),og0002,Superintending Engineer (Civil Circle-4),og0014,,Dhaka,Works,OTM,Own Fund Own fund,NA,Construction and repair of different types of Buildings/Roads/Infrastructure under RAJUK Jurisdiction,pr0020,RAJUK/SECC4-IMP6/RoadRepair/SurfaceDrain-2,RAJUK/SECC4-IMP6/RoadRepair/SurfaceDrain-2,"Repair & Renovation work of internal road and construction of open surface drain of Block-B of Sector-15 at Uttara Residential Area, RAJUK",RAJUK/SECC4-IMP6/RoadRepair/SurfaceDrain-2,"Repair & Renovation work of internal road and construction of open surface drain of Block-B of Sector-15 at Uttara Residential Area, RAJUK",Uttara Residential area,Starlite Services Limited,co0019,1,"Planners Tower(16th Floor), Suit No: 8-11,13/A, Sonargaon Road, Dhaka-1000.",,64772047.737,64772047.737,2025-03-10,2025-05-19,2025-06-15,2025-07-01,2026-03-28,12,8,3,yes,yes,yes,Saber Ahmed,pp0001,Superintending Engineer,0
1082495,Contract_Awards_PDFs/Tender_1082495.pdf,1,supplier,Ministry of Housing and Public Works,og0001,Rajdhani Unnayan Kartripakkha (RAJUK),og0002,Superintending Engineer (Civil Circle-4),og0014,,Dhaka,Works,OTM,Own Fund Own fund,NA,Construction and repair of different types of Buildings/Roads/Infrastructure under RAJUK Jurisdiction,pr0020,RAJUK/SECC4-IMP6/ParkRenovation-1,RAJUK/SECC4-IMP6/ParkRenovation-1,"Repair, Renovaiton and Painting work of Boundary wall at North, South and West side of the Park/Play Ground at Sector- 04, Uttara Residential Area, RAJUK",RAJUK/SECC4-IMP6/ParkRenovation-1,"Repair, Renovaiton and Painting work of Boundary wall at North, South and West side of the Park/Play Ground at Sector- 04, Uttara Residential Area, RAJUK",Purbachal New Town Project,Aliza Enterprise,co0005,1,"610, Shewrapara, Mirpur, Dhaka-1216",,3531092.112,3531092.112,2025-03-10,2025-05-19,2025-06-15,2025-07-01,2025-10-29,12,12,6,yes,yes,yes,Saber Ahmed,pp0001,Superintending Engineer,0
1082496,Contract_Awards_PDFs/Tender_1082496.pdf,1,supplier,Ministry of Housing and Public Works,og0001,Rajdhani Unnayan Kartripakkha (RAJUK),og0002,Superintending Engineer (Civil Circle-4),og0014,,Dhaka,Works,OTM,Own Fund Own fund,NA,Construction and repair of different types of Buildings/Roads/Infrastructure under RAJUK Jurisdiction,pr0020,RAJUK/SECC4-IMP6/ParkRenovation-2,RAJUK/SECC4-IMP6/ParkRenovation-2,"Park development work at Block- C & C1 at Sector- 15, Uttara Residential Area, RAJUK",RAJUK/SECC4-IMP6/ParkRenovation-2,"Park development work at Block- C & C1 at Sector- 15, Uttara Residential Area, RAJUK",Uttara Residential Area RAJUK,M/S. A. R. Enterprise,co0016,1,"House-08, Road-02, Diyabari, Uttara, Dhaka-1230 Contact No:01935968075, 01707568905",,14961357.135,14961357.135,2025-03-10,2025-05-19,2025-06-15,2025-07-01,2025-12-28,13,13,9,yes,yes,yes,Saber Ahmed,pp0001,Superintending Engineer,0
1082525,Contract_Awards_PDFs/Tender_1082525.pdf,1,supplier,Ministry of Housing and Public Works,og0001,Rajdhani Unnayan Kartripakkha (RAJUK),og0002,Superintending Engineer (Civil Circle-4),og0014,,Dhaka,Works,OTM,Own Fund Own fund,NA,Construction of different types of Buildings/Roads/Infrastructure under RAJUK Jurisdiction,pr0011,RAJUK/SECC4-IMP6/SurfaceDrain-1,RAJUK/SECC4-IMP6/SurfaceDrain-1,"Construction of open surface drain (by Concrete Solid Block) in Block-B, C, D, E at Sector-17 of Uttara Residential Area, RAJUK",RAJUK/SECC4-IMP6/SurfaceDrain-1,"Construction of open surface drain (by Concrete Solid Block) in Block-B, C, D, E at Sector-17 of Uttara Residential Area, RAJUK",Uttara Residential area,M/S. Niaz Traders,co0001,1,"154, Motijheel C/A. Masjid Market (2nd Floor), Room No.301-303, Dhaka-1000.",,77992693.722,77992693.722,2025-03-10,2025-05-19,2025-06-15,2025-07-01,2026-03-28,8,8,4,yes,yes,yes,Saber Ahmed,pp0001,Superintending Engineer,0
1082896,Contract_Awards_PDFs/Tender_1082896.pdf,1,supplier,Ministry of Housing and Public Works,og0001,Rajdhani Unnayan Kartripakkha (RAJUK),og0002,"Construction of multi-storied apartment Buildings on 9(Nine) nos abandoned plot at Gulshan,Mohammadpur, Lalmatia & Dhanmondi, Dhaka.",og0006,,Dhaka,Goods,OTM,Own Fund Own Fund,NA,NA,pr0003,RAJUK/PD_9apt/Building_03/Lift,Rajuk/PD_9apt/Bldg_03/Lift,"Supply, Installation, Testing & Commissioning of 01 No 1000 KG Passenger Lift in 06(Six) storied apartment building at Plot No. 8/15, Sir Syed Road, Block-A, Mohammadpur, Dhaka (Building -3)",RAJUK/PD_9apt/Building_03/Lift,"Supply, Installation, Testing & Commissioning of 01 No 1000 KG Passenger Lift in 06(Six) storied apartment building at Plot No. 8/15, Sir Syed Road, Block-A, Mohammadpur, Dhaka (Building -3)","Mohammadpur, Dhaka",Concept Elevators & Engineering Ltd.,co0042,1,"Reg. Office: 656, Road-14, Baitul Aman Housing Society Adabor, Mohammadpur, Dhaka-1207",,8725500.251,8725500.251,2025-03-10,2025-06-15,2025-07-09,2025-06-01,2026-06-01,4,3,2,yes,yes,yes,Rahat Muslemin,pp0003,PD (9apt),0
1083479,Contract_Awards_PDFs/Tender_1083479.pdf,1,supplier,Ministry of Housing and Public Works,og0001,Rajdhani Unnayan Kartripakkha (RAJUK),og0002,Office of the Superintending Engineer (Electrical),og0011,,Dhaka,Works,OTM,Own Fund Own fund,NA,Lift and Electrical Equipement Repare,pr0006,Rajuk/Electrical-2/24/W-04,Rajuk/Electrical-2/24/W-04,03 (Three) Years Servicing & Maintenance of 2 Nos Lift in Banani Rajuk Officers Quarter.,25.39.0000.064.07.020.2024,03 (Three) Years Servicing & Maintenance of 2 Nos Lift in Banani Rajuk Officers Quarter.,Rajuk Officers Quarter,DAFFODIL ELECTRIC COMPANY LIMITED,co0057,1,"Kazi Tower, Flat 6B, 86, Inner Circular VIP Road Naya Paltan, Dhaka-1000.",,403200.072,403200.072,2025-04-22,2025-08-24,2025-09-15,2025-07-01,2028-06-30,2,2,1,yes,yes,yes,MOHAMMAD NAZMUS SAKIB JAMALI,pp0007,Sup. Eng. (Elec.),0
1083760,Contract_Awards_PDFs/Tender_1083760.pdf,1,supplier,Ministry of Housing and Public Works,og0001,Rajdhani Unnayan Kartripakkha (RAJUK),og0002,Office of the Superintending Engineer (Electrical),og0011,,Dhaka,Goods,OTM,Own Fund Own fund,NA,"Computer, Office Accessiories and Parts Purchage.",pr0021,Rajuk/Electrical-1/24/G-12,Rajuk/Electrical-1/24/G-12,"Supply & Installation of Computer, Printer, Scanner & UPS etc. in different Section of Rajuk.",25.39.0000.063.07.021.2024,"Supply & Installation of Computer, Printer, Scanner & UPS etc. in different Section of Rajuk.",Rajuk Bhaban,Aliza Enterprise,co0005,1,"610, Shewrapara, Mirpur, Dhaka-1216",,10913500,10913500.000,2025-04-22,2025-08-24,2025-09-15,2025-07-01,2025-10-30,8,8,6,yes,yes,yes,MOHAMMAD NAZMUS SAKIB JAMALI,pp0007,Sup. Eng. (Elec.),0
108836,Contract_Awards_PDFs/Tender_108836.pdf,1,supplier,Ministry of Housing and Public Works,og0001,Chittagong Development Authority,og0009,Project Director (Muradpur Flyover),og0024,,Chittagong,Works,OTM,Development Government,NA,"Construction of Flyover at Muradpur, 2 No. Gate, GEC Junction",pr0022,pd/mflyover/e-5797/t-01,e-TENDER mflyover-01,Removal of existing 33/11/.4 KV electric pole sub-station and road crossing line from alignment and re-installation work by alternative method under construction of Muradpur 2 no. Gate and GEC Junction Flyover 2 no. gate to Lalkhan bazaar and 2 no. gate to Baby Super Market,pd/mflyover/e-5797/noa-938,"Removal of existing 33/11/.4 KV electric pole, sub-station and road crossing line from alignment and re-installation work by alternative method under construction of Muradpur, 2 no. Gate and GEC Junction Flyover (2 no. gate to Lalkhan bazaar and 2 no. gate to Baby Super Market)",gate no 2 to Lalkhan bazaar and 2 no gate to Baby Super Market,TD Trading,co0058,1,"233/450 Ramna Market, Electrict Lane, Hotel Unique, Reazuddin Bazar, Chittagong",,35818234.168,35818234.168,2017-06-21,2017-08-23,2017-09-18,2017-08-16,2018-02-15,2,2,2,yes,yes,yes,Md. Mahfuzur Rahman,pp0017,Executive Engineer,0
1094618,Contract_Awards_PDFs/Tender_1094618.pdf,1,supplier,Ministry of Housing and Public Works,og0001,Rajdhani Unnayan Kartripakkha (RAJUK),og0002,Uttara Apartment Project,og0012,,Dhaka,Goods,OTM,Own Fund Own Fund,NA,NA,pr0003,RAJUK/UAP/PD/IFT/Electrification/Swimming-27(R),UAP/EM/GD-27,"External Electrification of Swimming pool complex/Health Club (Sub-station, Generator, Solar Panel, CCTV System, Lightning Protection System etc.) at Uttara Apartment Project of Block-A, Sector-18, Uttara, Dhaka.",RAJUK/UAP/PD/IFT/Electrification/Swimming-27(R),"External Electrification of Swimming pool complex/Health Club (Sub-station, Generator, Solar Panel, CCTV System, Lightning Protection System etc.) at Uttara Apartment Project of Block-A, Sector-18, Uttara, Dhaka.",Sector-18 Block-A Uttara Dhaka,The United Construction Co.,co0059,1,"House # 300/1, South Monipur, Mirpur, Dhaka 1216.",,54979773.626,54979773.626,2025-03-27,2025-04-20,2025-05-08,2025-04-30,2025-06-29,3,3,3,yes,yes,yes,Mohammad Muzaffar Uddin,pp0004,PD (Uttara Appartment),0
1096839,Contract_Awards_PDFs/Tender_1096839.pdf,1,supplier,Ministry of Housing and Public Works,og0001,Rajdhani Unnayan Kartripakkha (RAJUK),og0002,Director (Admin),og0025,,Dhaka,Goods,OTM,Own Fund Own fund,NA,Printing and stationery,pr0023,Rajuk/ Admin-3/25/G-01,Rajuk/ Admin-3/25/G-01,Supply of Different Stationery Items for Official Purpose of Rajuk.,Rajuk/ Admin-3/25/G-01,Supply of Different Stationery Items for Official Purpose of Rajuk.,Rajuk Bhaban,Evergreen Printing press,co0060,1,"2/3 Mohini Mohon Das Lane Shambazar,Dhaka-1100",,5486186.5,5486186.500,2025-05-14,2025-09-21,2025-10-19,2025-07-01,2026-06-30,11,8,7,yes,yes,yes,A. B. M. Ehsanul Mamun,pp0018,Director (Admin),0
1096909,Contract_Awards_PDFs/Tender_1096909.pdf,1,supplier,Ministry of Housing and Public Works,og0001,Rajdhani Unnayan Kartripakkha (RAJUK),og0002,Director (Admin),og0025,,Dhaka,Goods,OTM,Own Fund Own fund,NA,Printing and stationery,pr0023,Rajuk/ Admin-3/25/G-02,Rajuk/ Admin-3/25/G-02,Supply of Different Printing Items for Official Purpose of Rajuk.,Rajuk/ Admin-3/25/G-02,Supply of Different Printing Items for Official Purpose of Rajuk.,Rajuk Bhaban,ENOVA COMMUNICATIONS,co0061,1,"71, Fakirapool, Motijheel, Dhaka-1000",,2249250,2249250.000,2025-05-14,2025-09-21,2025-10-19,2025-07-01,2026-06-30,9,6,5,yes,yes,yes,A. B. M. Ehsanul Mamun,pp0018,Director (Admin),0
1097226,Contract_Awards_PDFs/Tender_1097226.pdf,1,economic-operator,Ministry of Housing and Public Works,og0001,Rajdhani Unnayan Kartripakkha (RAJUK),og0002,Office of the Superintending Engineer (Electrical),og0011,,Dhaka,Goods,OTM,Own Fund Own fund,NA,"Instalation of CCTV, Solar, PABX",pr0012,RAJUK/SE/ELECTRICAL-CCTV-001,RAJUK/SE/ELECTRICAL-CCTV-001,Supply And Installation Of CCTV Camera System For Different Section Of Rajuk & Malibagh Officers Quarter.,,,"Rajuk Malibagh Officers Quarter,Malibag,Dhaka",Aliza Enterprise,co0005,1,"610, Shewrapara, Mirpur, Dhaka-1216",1126694,2232503.691,2232503.691,2026-01-26,2026-05-10,2026-05-21,2026-03-18,2026-04-19,,,,no,,,MOHAMMAD NAZMUS SAKIB JAMALI,pp0007,Sup. Eng. (Elec.),1
1097756,Contract_Awards_PDFs/Tender_1097756.pdf,1,supplier,Ministry of Housing and Public Works,og0001,Rajdhani Unnayan Kartripakkha (RAJUK),og0002,Office of the Superintending Engineer (Electrical),og0011,,Dhaka,Works,OTM,Own Fund Own fund,NA,Building Repair & Maintenance,pr0018,Rajuk/Electrical-1/25/W-10,Rajuk/Electrical-1/25/W-10,Electrical work at Rajuk Zonal Office in BCIC Bhaban(Zone-7).,25.39.0000.063.07.018.2024,Electrical work at Rajuk Zonal Office in BCIC Bhaban(Zone-7).,"Motijheel BCIC Bhaban,Dhaka",Aliza Enterprise,co0005,1,"610, Shewrapara, Mirpur, Dhaka-1216",,741990.6,741990.600,2025-09-11,2025-11-16,2025-12-10,2025-11-05,2025-12-05,5,5,5,yes,yes,yes,MOHAMMAD NAZMUS SAKIB JAMALI,pp0007,Sup. Eng. (Elec.),1
110297,Contract_Awards_PDFs/Tender_110297.pdf,1,supplier,Ministry of Housing and Public Works,og0001,Chittagong Development Authority,og0009,Project Director (Saltgola),og0026,,Chittagong,Works,OTM,Own Fund Own fund,NA,"Construction of Dormitory for Working Women and Commercial Building at Salttgola, Chittagong",pr0024,cd-1/e-saltgola/1458,e-TENDER CD1/e-saltgola/1458,Construction of 6 Storied Building with 2 basement including 20 storied Foundation integrated civil works like casting situ pile mat foundation sub-structure work super structure work sanitary and plumbing work internal electrical work installation of deep tube well lift escalator electrical sub-station standby generator etc.,CD-1/e-saltgola/1458/part-1/01,"Construction of 6 Storied Building with 2 basement including 20 storied Foundation integrated civil works like casting situ pile, mat foundation, sub-structure work, super structure work, sanitary and plumbing work, internal electrical work, installation of deep tube well, lift, escalator, electrical sub-station, standby generator, etc.",Saltgola,The Engineers & Architects Limited,co0062,1,"10 Toyenbee Circular Road, Motijheel C/A, Dhaka.",,495240760.339,495240760.339,2017-07-04,2017-11-16,2017-12-10,2017-08-10,2019-08-08,6,5,2,yes,yes,yes,A. A. M. Habibur Rahman,pp0020,Project Director,0
1109365,Contract_Awards_PDFs/Tender_1109365.pdf,1,supplier,Ministry of Housing and Public Works,og0001,Rajdhani Unnayan Kartripakkha (RAJUK),og0002,Office of the Superintending Engineer (Mechanical),og0008,,Dhaka,Goods,OTM,Own Fund Own fund,NA,Procurement of Heavy Machinary and Equipment,pr0015,SEMECH-12,SEMECH-12,Supply and fitting of Hydraulic Breaker for Wheel Excavator No-3 of RAJUK.,SEMECH-12,Supply and fitting of Hydraulic Breaker for Wheel Excavator No-3 of RAJUK.,Mohakhali,Sohel Engineering & Construction Ltd.,co0045,1,"Tropicana Tower (3rd Floor), 218 Shaheed Syed Nazrul Islam Saranee, Dhaka-1000",,4300000.001,4300000.001,2025-05-26,2025-09-04,2025-10-02,2025-07-01,2025-09-30,4,4,2,yes,yes,yes,Sabbir Bin Taher,pp0005,Sup. Eng. (Mechanical),0
111480,Contract_Awards_PDFs/Tender_111480.pdf,1,supplier,Local Government Division,og0027,Local Government Engineering Department (LGED),og0028,"Office of the Executive Engineer, LGED, Satkhira",og0029,,Satkhira,Works,OTM,Development Government,NA,Important Rural Infrastructures Development Project on Priority Basis-2,pr0025,APP ID : 56410,IRIDP-2/STK/MW-147,Maintenance of Simulia Primary School Koborstan Sub-Register Gheer road at Ch 00-2437m under Debhata Upazila District Satkhira Road ID No. 287254012.,Contact No : 30/2017-18 (111480),"Maintenance of Simulia Primary School (Koborstan) Sub-Register Gheer road at Ch: 00-2437m under Debhata Upazila, District : Satkhira (Road ID No. 287254012).",Debhata,Md Rafiqul Islam.,co0063,1,"Situlpur, Kaligonj, Satkhira.",,3560581.224,3560581.224,2017-08-06,2017-09-19,2017-10-03,2017-09-28,2018-06-27,3,3,3,yes,yes,yes,Md Samsuzzaman,pp0021,Executive Engineer,0
1117569,Contract_Awards_PDFs/Tender_1117569.pdf,1,supplier,Ministry of Housing and Public Works,og0001,Rajdhani Unnayan Kartripakkha (RAJUK),og0002,"Construction of multi-storied apartment Buildings on 9(Nine) nos abandoned plot at Gulshan,Mohammadpur, Lalmatia & Dhanmondi, Dhaka.",og0006,,Dhaka,Goods,OTM,Own Fund Own Fund,NA,NA,pr0003,Rajuk/PD_9apt/Bldg_03/Sub_Gen_Solar(Re-Tender),Rajuk/PD_9apt/Bldg_03/Sub_Gen_Solar,"Supply & Installation of 250 KVA Sub-Station, 60 KVA Generator & 6 KWp On-Grid Solar Panel in 06(Six) storied apartment building at Plot No.-8/15, Block-A, Sir Syed Road, Mohammadpur, Dhaka (Building -3)",Rajuk/PD_9apt/Bldg_03/Sub_Gen_Solar,"Supply & Installation of 250 KVA Sub-Station, 60 KVA Generator & 6 KWp On-Grid Solar Panel in 06(Six) storied apartment building at Plot No.-8/15, Block-A, Sir Syed Road, Mohammadpur, Dhaka (Building -3)","Mohammadpur, Dhaka",KHAN BROTHERS ENERGY CONSORTIUM,co0064,1,"11/A,Main Road-3,Plot-10,Pallabi; Pallabi PS; Dhaka-1216; Bangladesh (Present Address: 63/4, Panthanivas - 2, Lake Circus Kalabagan, Panthapath, Dhaka - 1205)",,8969879.463,8969879.463,2025-06-18,2025-07-28,2025-08-20,2025-08-21,2026-08-20,8,5,3,yes,yes,yes,Rahat Muslemin,pp0003,PD (9apt),0
1119438,Contract_Awards_PDFs/Tender_1119438.pdf,1,supplier,Ministry of Housing and Public Works,og0001,Cox's Bazar Development Authority,og0020,Cox's Bazar Development Authority,og0020,,Cox's Bazar,Goods,OTM,Revenue Government,NA,NA,pr0003,CoxDA/Rev/2024-25/OTM/Goods/FPM-01,CoxDA/Rev/2024-25/OTM/Goods/FPM,Procurement of Furniture for CoxDA FY 2024-2025,CoxDA/Rev/2024-25/OTM/Goods/FPM,Procurement of Furniture for CoxDA FY 2024-2025,Coxs Bazar,M/S Modhumati Construction,co0065,1,"East Karulia, Munshirbil, Karulia, Coxs Bazar",,330670.094,330670.094,2025-05-28,2025-06-19,2025-06-22,2025-06-18,2025-06-25,5,5,4,yes,yes,yes,Abu Nayeem Md.Talat,pp0022,Member (Engineer),0
112012,Contract_Awards_PDFs/Tender_112012.pdf,1,supplier,Ministry of Housing and Public Works,og0001,Rajshahi Development Authority,og0004,Office of the Chairman,og0030,,Rajshahi,Works,OTM,Development Government,NA,Construction of Connecting Road From Natore Road (RUET) To Rajshahi By-Pass Road (1st Revised),pr0026,040.002.828.000.2010.321,RDA/RUETROAD/W/2017-2018/01,Construction of Connecting Road From Natore Road RUET To Rajshahi By-Pass Road .,RDA/RUET Road/2017-2018/02,Construction of Connecting Road From Natore Road (RUET) To Rajshahi By-Pass Road .,Natore Road RUET To Rajshahi By Pass Road,Abdul Monem Ltd,co0066,1,"Monem Business District, 111, Bir Uttam C.R. Datta Road (Sonargaon Road), Dhaka - 1205",,899353315.989,899353315.989,2017-08-31,2017-12-31,2018-01-11,2017-11-01,2019-01-31,2,1,1,yes,yes,yes,Freedom Fighter Principal Md. Bazlur Rahman,pp0023,Chaiman,0
1121584,Contract_Awards_PDFs/Tender_1121584.pdf,1,supplier,Ministry of Housing and Public Works,og0001,Cox's Bazar Development Authority,og0020,Cox's Bazar Development Authority,og0020,,Cox's Bazar,Works,OTM,Own Fund Own Fund,NA,NA,pr0003,CoxDA/OwnFund/24-25/OTM/Works-BoundaryWall,CoxDA/OwnFund/24-25/OTM/Works-BoundaryWall,Construction of Boundary Wall on Own Land for CoxDA (FY 2024-2025),CoxDA/OwnFund/24-25/OTM/Works-BoundaryWall,Construction of Boundary Wall on Own Land for CoxDA (FY 2024-2025)â?�,Coxs Bazar,S.A.K. ENTERPRISE,co0067,1,"Advocate MD. Ali Market (1st Floor) Main Road, Kalordokan, Cox's Bazar Pourashava",,1351952.357,1351952.357,2025-05-28,2025-06-19,2025-06-19,2025-06-22,2025-06-29,1,1,1,yes,yes,yes,Abu Nayeem Md.Talat,pp0022,Member (Engineer),0
1123494,Contract_Awards_PDFs/Tender_1123494.pdf,1,supplier,Ministry of Housing and Public Works,og0001,Rajdhani Unnayan Kartripakkha (RAJUK),og0002,Superintending Engineer (Civil Circle-1),og0007,,Dhaka,Works,OTM,Own Fund Own Fund,NA,NA,pr0003,RAJUK/SECC1/EE/HQ/W-02RM,SECC1/EE/HQ/W-02,Renovation works of RAJUK Annex Building (Driveway repair work in front of RAJUK Annex Building),RAJUK/SECC1/EE/HQ/W-02RM,Renovation works of RAJUK Annex Building (Driveway repair work in front of RAJUK Annex Building),"Annex Building, RAJUK Bhaban, Dhaka-1000",Aliza Enterprise,co0005,1,"610, Shewrapara, Mirpur, Dhaka-1216",,3048018.489,3048018.489,2025-06-17,2025-10-15,2025-11-06,2025-11-02,2026-01-01,10,10,3,yes,yes,yes,Mohammad Muzaffar Uddin,pp0004,Superintending Engineer,1
1128572,Contract_Awards_PDFs/Tender_1128572.pdf,1,supplier,Ministry of Housing and Public Works,og0001,Chittagong Development Authority,og0009,"Project Director(M.Uddin), Chittagong Development Authority",og0031,,Chattogram,Works,OTM,Own Fund Own Fund,NA,NA,pr0003,ExEn/Meh.Sta.Qtr/E-122/269,ExEn/Meh.Staff.Qtr/E122,"Installation of Gas pipe line connection works for installation of prepaid meter at CDA hill, CDA office, Mehedibag CDA staff Quarter Chattogram.",ExEn/Meh.Sta.Qtr/E-122/276,"Installation of Gas pipe line connection works for installation of prepaid meter at CDA hill, CDA office, Mehedibag CDA staff Quarter Chattogram.",Mehedibag Chattogram,M/S. Haroon & Brothers,co0068,1,16 north nalapara,,1875002.607,1875002.607,2025-07-07,2025-07-30,2025-08-04,2025-07-31,2025-10-28,3,3,1,yes,yes,yes,A. H. M. Mesbah Uddin,pp0024,Project Director,0
113428,Contract_Awards_PDFs/Tender_113428.pdf,1,supplier,Ministry of Housing and Public Works,og0001,Rajdhani Unnayan Kartripakkha (RAJUK),og0002,Office of the Chief Engineer (Implementation),og0032,CE-01,Dhaka,Works,OTM,Own Fund Own fund,NA,Purbachal New town Project,pr0009,Rajuk/PD_Purbachal/4,Rajuk/Purbachal/P-4,Providing Private security and cleaning service for site office at sector no-1 one of Purbachal New town Project.,Rajuk/PD_Purbachal/4,Providing Private security and cleaning service for site office at sector no-1 (one) of Purbachal New town Project.,Purbachal New Town Project,GUARD FORCE SERVICES & HUMAN RESOURCE,co0069,1,"House # 79, Road # 9A, Dhanmondi R/A, Dhaka-1209.",,4581878.13,4581878.130,2017-09-13,2017-11-21,2017-12-19,2017-12-19,2020-12-20,5,2,1,yes,yes,yes,Md. Anwar Hossain,pp0025,"Chief Engineer, Implementation",0
1134396,Contract_Awards_PDFs/Tender_1134396.pdf,1,supplier,Ministry of Housing and Public Works,og0001,Rajdhani Unnayan Kartripakkha (RAJUK),og0002,Office of the Superintending Engineer (Mechanical),og0008,,Dhaka,Goods,OTM,Own Fund Own fund,NA,Procurement of Heavy Machinary and Equipment,pr0015,SEMECH-04,SEMECH-04,Procurement of 2(Two) Nos. Brand New Wheel Excavators for RAJUK.,SEMECH-04,Procurement of 2(Two) Nos. Brand New Wheel Excavators for RAJUK.,Mohakhali,Sohel Engineering & Construction Ltd.,co0045,1,"Tropicana Tower (3rd Floor), 218 Shaheed Syed Nazrul Islam Saranee, Dhaka-1000",,147100000.256,147100000.256,2025-08-06,2025-10-16,2025-10-23,2025-09-15,2026-01-15,8,6,1,yes,yes,yes,Sabbir Bin Taher,pp0005,Sup. Eng. (Mechanical),4
1135936,Contract_Awards_PDFs/Tender_1135936.pdf,1,supplier,Ministry of Housing and Public Works,og0001,Rajdhani Unnayan Kartripakkha (RAJUK),og0002,Office of the Superintending Engineer (Electrical),og0011,,Dhaka,Goods,OTM,Own Fund Own fund,NA,Other equipment and accessories,pr0027,Rajuk/Electrical-1/25/G-01,Rajuk/Electrical-1/25/G-1,"Supply, Installation, Testing, Commissioning & Operation of Intelligent Entrance Access Control (Flap Barrier) System at Rajuk Bhaban.",25.39.0000.063.07.009.2025,"Supply, Installation, Testing, Commissioning & Operation of Intelligent Entrance Access Control (Flap Barrier) System at Rajuk Bhaban.",Rajuk Bhaban,TECHNO SOLUTION,co0070,1,"KA-11/9,Bashundhara Road,Dhaka-1229",,4522500,4522500.000,2025-08-03,2025-11-05,2025-11-17,2025-10-01,2025-11-30,10,8,3,yes,yes,yes,MOHAMMAD NAZMUS SAKIB JAMALI,pp0007,Sup. Eng. (Elec.),0
1138415,Contract_Awards_PDFs/Tender_1138415.pdf,1,economic-operator,Ministry of Housing and Public Works,og0001,Rajdhani Unnayan Kartripakkha (RAJUK),og0002,"Construction of multi-storied apartment Buildings on 9(Nine) nos abandoned plot at Gulshan,Mohammadpur, Lalmatia & Dhanmondi, Dhaka.",og0006,,Dhaka,Works,OTM,Own Fund Own Fund,NA,NA,pr0003,RAJUK/PD_9apt/Bldg_01/Arboriculture,RAJUK/PD_9apt/Bldg_01/Arboriculture,"Arboriculture & landscaping work at Plot No- CWN(B)-8, Road No - 35, Gulshan, Dhaka (Building-01)",,,"Gulshan, Dhaka",M/S MEHNUR TRADERS,co0071,1,"East Bamonsur, Ati,Keranigonj,Dhaka.",1070119,1461741.579,1461741.579,2026-04-07,2026-05-12,2026-05-24,2026-06-18,2026-12-01,,,,no,,,Rahat Muslemin,pp0003,PD (9apt),1
1140010,Contract_Awards_PDFs/Tender_1140010.pdf,1,supplier,Ministry of Housing and Public Works,og0001,Rajdhani Unnayan Kartripakkha (RAJUK),og0002,Office of the Superintending Engineer (Mechanical),og0008,,Dhaka,Works,OTM,Own Fund Own fund,NA,Service Maintenance and related works of Hatirjheel,pr0028,SEMECH-05,SEMECH-05,"Physical Service and works for the lake management of Removal garbage & other solid waste from 06 different section areas of lake & shore of Hatirjheel Project, RAJUK.",SEMECH-05,"Physical Service and works for the lake management of Removal garbage & other solid waste from 06 different section areas of lake & shore of Hatirjheel Project, RAJUK.",Hatirjheel RAJUK,M/S. Mehezabin Enterprise,co0072,1,20/21/B Gonoktuli Lane Hazaribagh Dhaka-1205,,4470752.7,4470752.700,2025-08-26,2025-12-17,2026-01-13,2025-10-01,2026-10-01,5,5,5,yes,yes,yes,Sabbir Bin Taher,pp0005,Sup. Eng. (Mechanical),0
1140011,Contract_Awards_PDFs/Tender_1140011.pdf,1,supplier,Ministry of Housing and Public Works,og0001,Rajdhani Unnayan Kartripakkha (RAJUK),og0002,Office of the Superintending Engineer (Mechanical),og0008,,Dhaka,Works,OTM,Own Fund Own fund,NA,Service Maintenance and related works of Hatirjheel,pr0028,SEMECH-06,SEMECH-06,"Repairing, supplying, and installing essential components for the operation of 07 no's mechanical screens at SSDS-1, 2, 3, and 10 (Sonargaon, Maghbazar, Madhubag, and Niketon) within the lake management area of the Hatirjheel integrated development project by RAJUK.",SEMECH-06,"Repairing, supplying, and installing essential components for the operation of 07 no's mechanical screens at SSDS-1, 2, 3, and 10 (Sonargaon, Maghbazar, Madhubag, and Niketon) within the lake management area of the Hatirjheel integrated development project by RAJUK.",Hatirjheel RAJUK,M/S. Mehezabin Enterprise,co0072,1,20/21/B Gonoktuli Lane Hazaribagh Dhaka-1205,,2543126.4,2543126.400,2025-08-26,2025-12-17,2026-01-13,2025-09-01,2025-10-31,3,3,1,yes,yes,yes,Sabbir Bin Taher,pp0005,Sup. Eng. (Mechanical),0
1140112,Contract_Awards_PDFs/Tender_1140112.pdf,1,supplier,Ministry of Housing and Public Works,og0001,Rajshahi Development Authority,og0004,Office of the Chairman,og0030,,Rajshahi,Goods,OTM,Own Fund Own Fund,NA,NA,pr0003,25.40.0000.000.002.14.04.25.267 date:14/08/2025,RDA/Own Fund/2025-26/GD-01,"Installation of Substation at RDA Complex, Rajshahi.",25.40.0000.000.002.14.04.25.487 date:17-11-2025,"Installation of Substation at RDA Complex, Rajshahi.",RDA Complex Rajshahi,Mechanism Trade & Engineering Ltd.,co0073,1,"House#21. Level-7, Sonargaon Janapath Road, Sector#07, Uttara",,4499844.64,4499844.640,2025-08-14,2025-11-17,2025-11-24,2025-10-01,2025-12-31,7,6,6,yes,yes,yes,Md. Abdullah Al Tarique,pp0002,Executive Engineer,0
1140113,Contract_Awards_PDFs/Tender_1140113.pdf,1,supplier,Ministry of Housing and Public Works,og0001,Rajshahi Development Authority,og0004,Office of the Chairman,og0030,,Rajshahi,Works,OTM,Own Fund Own Fund,NA,NA,pr0003,25.40.0000.000.002.14.04.25.268 date:14/08/2025,RDA/Own Fund/2025-26/W-01,"Replace the Broken Glass at RDA Complex, Rajshahi.",25.40.0000.000.002.14.04.25.486 date:17-11-2025,"Replace the Broken Glass at RDA Complex, Rajshahi.",RDA Complex Rajshahi,M/S Gazi Construction,co0074,1,"Holding-34, Bokhtiarbad, Sopura, Boalia, Rajshahi-6203",,1618510.554,1618510.554,2025-08-20,2025-11-17,2025-11-20,2025-10-01,2025-12-30,3,3,3,yes,yes,yes,Md. Abdullah Al Tarique,pp0002,Executive Engineer,0
1142188,Contract_Awards_PDFs/Tender_1142188.pdf,1,supplier,Ministry of Housing and Public Works,og0001,Rajshahi Development Authority,og0004,Office of the Chairman,og0030,,Rajshahi,Works,OTM,Own Fund Own Fund,NA,NA,pr0003,25.40.0000.000.002.14.984.22.278 date:20/08/2025,RDA/Own Fund/2025-26/W-02,"Construction of Ticket Counter for Dhaka Coach at Inter-District Bus Terminal, Nawdapara, Rajshahi.",25.40.0000.000.002.14.984.22.488 date:17-11-2025,"Construction of Ticket Counter for Dhaka Coach at Inter-District Bus Terminal, Nawdapara, Rajshahi.",Nawdapara Rajshahi,M/S HOSSAIN ENTERPRISE,co0075,1,"House No. 180, Ramchandrapur, Ghoramara, Boalia, Rajshahi.",,12771417.6,12771417.600,2025-08-24,2025-11-17,2025-11-20,2025-10-01,2026-03-30,10,9,6,yes,yes,yes,Md. Abdullah Al Tarique,pp0002,Executive Engineer,0
114570,Contract_Awards_PDFs/Tender_114570.pdf,1,supplier,Ministry of Housing and Public Works,og0001,Chittagong Development Authority,og0009,Project Director (MehedibagSQ),og0033,,Chittagong,Works,OTM,Own Fund Own fund,NA,CDA Mehedibag Staff Quarter,pr0029,pd/mehedibagstq/e-33,e-tender/Mehedibagsq/B-07,Renovation and other work of 07no building at CDA Mehedibag staff Quarter,pd/mehedibagstq/e-33/56,Renovation and other work of 07no building at CDA Mehedibag staff Quarter,CDA mehedibagStaff Quarter Chgittagong,M/S. R S A TRADE INTERNATIONAL,co0076,1,"62, Alkoron Road, Kotwali, Chittagong",,4197894.516,4197894.516,2017-08-20,2017-10-08,2017-10-15,2017-10-02,2018-04-01,17,15,4,yes,yes,yes,A H M Mesbah Uddin,pp0024,Project Director,0
1146506,Contract_Awards_PDFs/Tender_1146506.pdf,1,supplier,Ministry of Housing and Public Works,og0001,Rajdhani Unnayan Kartripakkha (RAJUK),og0002,Office of the Superintending Engineer (Electrical),og0011,,Dhaka,Works,OTM,Own Fund Own fund,NA,Electrical accessories repair,pr0030,Rajuk/Electrical-1/25/W-02,Rajuk/Electrical-1/25/W-02,"01 (One) Year Servicing & Maintenance of Existing Air-Cooler at Rajuk Main Bhaban, Annex Bhaban & Zonal / Site Office.",25.39.0000.063.07.010.2025,"01 (One) Year Servicing & Maintenance of Existing Air-Cooler at Rajuk Main Bhaban, Annex Bhaban & Zonal / Site Office.","Rajuk Main Bhaban, Annex Bhaban & Zonal / Site Office.",M/S Sunny Construction,co0053,1,"58/Cha/1,Tejturi Bazar Chak,West Razabazar,Dhaka-1215",,3001426.2,3001426.200,2025-09-11,2025-11-16,2025-12-10,2025-11-05,2026-11-05,2,2,1,yes,yes,yes,MOHAMMAD NAZMUS SAKIB JAMALI,pp0007,Sup. Eng. (Elec.),0
1146509,Contract_Awards_PDFs/Tender_1146509.pdf,2,supplier,Ministry of Housing and Public Works,og0001,Rajdhani Unnayan Kartripakkha (RAJUK),og0002,Office of the Superintending Engineer (Electrical),og0011,,Dhaka,Goods,OTM,Own Fund Own fund,NA,"Internet, LAN, WAN connection repair and maintenance",pr0031,Rajuk/Electrical-1/25/G-06,Rajuk/Electrical-1/25/G-06,"Supply & Installation of 10 KVA Online UPS, 32A STS at MIS Data Center of Rajuk and Maintenance of Existing 10 KVA UPS.",25.39.0000.063.07.005.2025,"Supply & Installation of 10 KVA Online UPS, 32A STS at MIS Data Center of Rajuk and Maintenance of Existing 10 KVA UPS.",Rajuk Bhaban,Optimal Technology (Pvt. ) Ltd.,co0077,1,"186, Shahid Sayed Nazrul Islam Soroni & 40, Bijoy Nagar, Ally's Center,Dhaka-1000.Bangladesh",,1310184,1310184.000,2025-09-11,2026-01-11,2026-02-05,2025-11-05,2026-02-02,3,3,2,yes,yes,yes,MOHAMMAD NAZMUS SAKIB JAMALI,pp0007,Sup. Eng. (Elec.),7
1146510,Contract_Awards_PDFs/Tender_1146510.pdf,1,supplier,Ministry of Housing and Public Works,og0001,Rajdhani Unnayan Kartripakkha (RAJUK),og0002,Office of the Superintending Engineer (Electrical),og0011,,Dhaka,Goods,OTM,Own Fund Own fund,NA,"Internet, LAN, WAN connection repair and maintenance",pr0031,Rajuk/Electrical-1/25/G-07,Rajuk/Electrical-1/25/G-07,Supply and Installation of 1U Rack Server for MIS Data Center at Rajuk.,25.39.0000.063.07.008.2025,Supply and Installation of 1U Rack Server for MIS Data Center at Rajuk.,Rajuk Bhaban,Aliza Enterprise,co0005,1,"610, Shewrapara, Mirpur, Dhaka-1216",,1300761,1300761.000,2025-09-11,2025-12-30,2026-01-27,2025-11-05,2025-12-04,3,3,2,yes,yes,yes,MOHAMMAD NAZMUS SAKIB JAMALI,pp0007,Sup. Eng. (Elec.),1
1146511,Contract_Awards_PDFs/Tender_1146511.pdf,1,supplier,Ministry of Housing and Public Works,og0001,Rajdhani Unnayan Kartripakkha (RAJUK),og0002,Office of the Superintending Engineer (Electrical),og0011,,Dhaka,Works,OTM,Own Fund Own fund,NA,Equipment accessories repair,pr0032,Rajuk/Electrical-1/25/W-1,Rajuk/Electrical-1/25/W-1,03 (Three) Years Servicing & Maintenance of Photocopy Machine at Rajuk.,25.39.0000.063.07.028.2024,03 (Three) Years Servicing & Maintenance of Photocopy Machine at Rajuk.,Rajuk Bhaban,Aliza Enterprise,co0005,1,"610, Shewrapara, Mirpur, Dhaka-1216",,1121947.2,1121947.200,2025-09-11,2025-11-16,2025-12-10,2025-11-05,2028-11-04,2,2,1,yes,yes,yes,MOHAMMAD NAZMUS SAKIB JAMALI,pp0007,Sup. Eng. (Elec.),1
1147755,Contract_Awards_PDFs/Tender_1147755.pdf,1,supplier,Ministry of Housing and Public Works,og0001,Rajdhani Unnayan Kartripakkha (RAJUK),og0002,Office of the Superintending Engineer (Electrical),og0011,,Dhaka,Works,OTM,Own Fund Own fund,NA,Construction of Staff Quarter for officer/employees,pr0008,Rajuk/Electrical-2/25/W-03,Rajuk/Electrical-2/25/W-03,"Providing, Fitting & Fixing of Single Phase Meter With Electrical works of 84 Nos. Flat in Building No-12/B (Tista-1) at Uttara Apartment Project (Block-A, Sector No-18).",25.39.0000.064.07.029.2024,"Providing, Fitting & Fixing of Single Phase Meter With Electrical works of 84 Nos. Flat in Building No-12/B (Tista-1) at Uttara Apartment Project (Block-A, Sector No-18).",Uttara Apartment Project,M/S Sunny Construction,co0053,1,"58/Cha/1,Tejturi Bazar Chak,West Razabazar,Dhaka-1215",,1908396,1908396.000,2025-09-11,2025-12-30,2026-01-27,2025-11-05,2026-01-04,3,2,2,yes,yes,yes,MOHAMMAD NAZMUS SAKIB JAMALI,pp0007,Sup. Eng. (Elec.),0
1148941,Contract_Awards_PDFs/Tender_1148941.pdf,1,supplier,Ministry of Housing and Public Works,og0001,Cox's Bazar Development Authority,og0020,Cox's Bazar Development Authority,og0020,,Cox's Bazar,Goods,OTM,Revenue Government,NA,NA,pr0003,CoxDa/Rev/2025-26/National_Days/GR-03,CoxDa/Rev/National_Days/GR-03,Supply & installation of Various Goods for the Celebration of National Days of CoxDA. FY 2025-26,CoxDa/Rev/2025-26/National_Days/GR- 03/1148941,Supply & installation of Various Goods for the Celebration of National Days of CoxDA. FY 2025-26,Coxs Bazar,Nahar Construction,co0028,1,"2/1, Mobarok mension, Janata road, Tekpara, Cox'sbazar-4700, Bangladesh.",,924000,924000.000,2025-09-07,2025-09-25,2025-09-25,2025-10-05,2026-03-26,2,2,2,yes,yes,yes,Abu Nayeem Md.Talat,pp0022,Member (Engineer),0
1150077,Contract_Awards_PDFs/Tender_1150077.pdf,1,supplier,Ministry of Housing and Public Works,og0001,Cox's Bazar Development Authority,og0020,Cox's Bazar Development Authority,og0020,,Cox's Bazar,Goods,OTM,Revenue Government,NA,NA,pr0003,CoxDA/Rev/2025-26/OTM/Goods/Furniture,CoxDA/Rev/2025-26/OTM/Goods/Furniture,Procurement of Furniture for CoxDA. FY 2025-26,CoxDA/Rev/2025-26/OTM/Goods/Furniture,Procurement of Furniture for CoxDA. FY 2025-26,Coxs Bazar,M/S Misbah Enterprise,co0078,1,"Mosjit Road, Tekpara, Coxs Bazar Pourashava, Coxs Bazar",,801203.845,801203.845,2025-09-15,2025-10-29,2025-11-09,2025-10-30,2025-12-31,3,3,2,yes,yes,yes,Abu Nayeem Md.Talat,pp0022,Member (Engineer),0
1150442,Contract_Awards_PDFs/Tender_1150442.pdf,1,supplier,Ministry of Housing and Public Works,og0001,Cox's Bazar Development Authority,og0020,Cox's Bazar Development Authority,og0020,,Cox's Bazar,Goods,OTM,Revenue Government,NA,NA,pr0003,CoxDA/Rev/2025-26/OTM/Goods/Light_Vehicle,CoxDA/Rev/2025-26/OTM/Goods/Light_Vehicle,"Supply & installation of spare parts of light vehicles (Toyota, Mitsubishi ASX & Motorcycle) of CoxDA. FY 2025-26",CoxDA/Rev/2025-26/OTM/Goods/Light_Vehicle,"Supply & installation of spare parts of light vehicles (Toyota, Mitsubishi ASX & Motorcycle) of CoxDA. FY 2025-26",Coxs Bazar,Nahar Construction,co0028,1,"2/1, Mobarok mension, Janata road, Tekpara, Cox'sbazar-4700, Bangladesh.",,169190,169190.000,2025-09-15,2025-10-29,2025-11-09,2025-10-30,2025-12-31,1,1,1,yes,yes,yes,Abu Nayeem Md.Talat,pp0022,Member (Engineer),0
1150459,Contract_Awards_PDFs/Tender_1150459.pdf,1,supplier,Ministry of Housing and Public Works,og0001,Cox's Bazar Development Authority,og0020,Cox's Bazar Development Authority,og0020,,Cox's Bazar,Goods,OTM,Revenue Government,NA,NA,pr0003,CoxDA/Rev/2025-26/OTM/Goods/WR-04,CoxDA/Rev/2025-26/OTM/Goods/WR-04,Procurement and repair of CoxDA Furniture. FY 2025-26,CoxDA/Rev/2025-26/OTM/Goods/WR-04,Procurement and repair of CoxDA Furniture. FY 2025-26,Coxs Bazar,Nahar Construction,co0028,1,"2/1, Mobarok mension, Janata road, Tekpara, Cox'sbazar-4700, Bangladesh.",,97000,97000.000,2025-09-16,2025-10-29,2025-11-09,2025-10-30,2025-12-31,1,1,1,yes,yes,yes,Abu Nayeem Md.Talat,pp0022,Member (Engineer),0
1150469,Contract_Awards_PDFs/Tender_1150469.pdf,1,supplier,Ministry of Housing and Public Works,og0001,Cox's Bazar Development Authority,og0020,Cox's Bazar Development Authority,og0020,,Cox's Bazar,Goods,OTM,Revenue Government,NA,NA,pr0003,CoxDA/Rev/2025-26/OTM/Goods/WR-02,CoxDA/Rev/2025-26/OTM/Goods/WR-02,Supply & Installation of speed boat spare parts of CoxDA. FY 2025-26,CoxDA/Rev/2025-26/OTM/Goods/WR-02,Supply & Installation of speed boat spare parts of CoxDA. FY 2025-26,Coxs Bazar,Nahar Construction,co0028,1,"2/1, Mobarok mension, Janata road, Tekpara, Cox'sbazar-4700, Bangladesh.",,74900,74900.000,2025-09-15,2025-10-29,2025-11-09,2025-10-30,2025-12-31,2,2,1,yes,yes,yes,Abu Nayeem Md.Talat,pp0022,Member (Engineer),0
1152584,Contract_Awards_PDFs/Tender_1152584.pdf,1,supplier,Ministry of Housing and Public Works,og0001,Cox's Bazar Development Authority,og0020,"Office of the Project Director, CoxDA Residential Flat Project-1",og0034,CoxDA Flat Proj,Cox's Bazar,Works,OTM,Own Fund Own Fund,NA,NA,pr0003,CoxDA/OF/Flat Project-1/2025-26/W10,CoxDA/OF/Flat Project-1/2025-26/W10,Construction of Sewerage Treatment Plant (STP) 4 Nos (15cum/day) for 4 Nos Nos 15 Storied (With One basement) Residential Buildings under Cox's Bazar Development Authority Residential Flat Project-1,CoxDA/OF/Flat Project-1/2025-26/W10/1152584,Construction of Sewerage Treatment Plant (STP) 4 Nos (15cum/day) for 4 Nos Nos 15 Storied (With One basement) Residential Buildings under Cox's Bazar Development Authority Residential Flat Project-1,Coxs Bazar,Charm Limited,co0079,1,"194 Bangabandhu Road, Samabay Market, Narayanganj",,10645125.197,10645125.197,2025-09-17,2025-10-13,2025-10-22,2025-11-02,2025-12-20,2,2,1,yes,yes,yes,Md. Abdulla,pp0038,Executive Engineer,0
1152671,Contract_Awards_PDFs/Tender_1152671.pdf,1,supplier,Ministry of Housing and Public Works,og0001,Cox's Bazar Development Authority,og0020,"Office of the Project Director, CoxDA Residential Flat Project-1",og0034,CoxDA Flat Proj,Cox's Bazar,Works,OTM,Own Fund Own Fund,NA,NA,pr0003,CoxDA/OF/Flat Project-1/2025-26/W9,CoxDA/OF/Flat Project-1/2025-26/W9,Construction of 4 Nos Deep TubeWell for the Residential Flats in 4 Nos 15 Storied (With One basement) Residential Buildings under Cox's Bazar Development Authority Residential Flat Project-1,CoxDA/OF/Flat Project-1/2025-26/W9/1152671,Construction of 4 Nos Deep TubeWell for the Residential Flats in 4 Nos 15 Storied (With One basement) Residential Buildings under Cox's Bazar Development Authority Residential Flat Project-1,Coxs Bazar,Sumon Enterprise,co0027,1,"House#8, Avenue#2, Block#G, Sec#2, Mirpur, Dhaka-1216",,10710530,10710530.000,2025-09-17,2025-10-13,2025-11-06,2025-11-02,2025-12-20,2,2,1,yes,yes,yes,Md. Abdulla,pp0038,Executive Engineer,0
1152766,Contract_Awards_PDFs/Tender_1152766.pdf,1,supplier,Ministry of Housing and Public Works,og0001,Cox's Bazar Development Authority,og0020,"Office of the Project Director, CoxDA Residential Flat Project-1",og0034,CoxDA Flat Proj,Cox's Bazar,Works,OTM,Own Fund Own Fund,NA,NA,pr0003,CoxDA/OF/Flat Project-1/2025-26/W11,CoxDA/OF/Flat Project-1/2025-26/W11,"Construction of Car Wash, Watch Tower, Security Server Room, Barbour Laundry, Super Shop, CCTV, Street Light and Miscellaneous Civil, Electrical and Plumbing Works (Mosque) of the Residential Flats under Cox's Bazar Development Authority Residential Flat Project-1",CoxDA/OF/Flat Project-1/2025-26/W11/1152766,"Construction of Car Wash, Watch Tower, Security Server Room, Barbour Laundry, Super Shop, CCTV, Street Light and Miscellaneous Civil, Electrical and Plumbing Works (Mosque) of the Residential Flats under Cox's Bazar Development Authority Residential Flat Project-1",Coxs Bazar,M/S. Prominent Engineers,co0080,1,"Sabbir Tower, Holding No. 3/4-A (6th floor), Purana Paltan, Dhaka-1000.",,41906906.966,41906906.966,2025-09-17,2025-10-13,2025-11-06,2025-11-09,2026-02-28,2,1,1,yes,yes,yes,Md. Abdulla,pp0038,Executive Engineer,0
1157085,Contract_Awards_PDFs/Tender_1157085.pdf,1,economic-operator,Ministry of Housing and Public Works,og0001,Cox's Bazar Development Authority,og0020,Cox's Bazar Development Authority,og0020,,Cox's Bazar,Works,OTM,Revenue Government,NA,NA,pr0003,CoxDA/Rev/2025-26/OTM/Works/WR-05/1,CoxDA/Rev/2025-26/OTM/Works/WR-05/1,Maintenance and Repair of Civil & Electrical Works at CoxDA Office Building. FY 2025-26,,,Coxs Bazar,M/S. Prominent Engineers,co0080,1,"Sabbir Tower, Holding No. 3/4-A (6th floor), Purana Paltan, Dhaka-1000.",1084044,1820904.024,1820904.024,2025-11-10,2025-12-07,2025-12-11,2025-12-21,2026-02-05,,,,no,,,Abu Nayeem Md.Talat,pp0022,Member (Engineer),1
1160337,Contract_Awards_PDFs/Tender_1160337.pdf,1,economic-operator,Ministry of Housing and Public Works,og0001,Cox's Bazar Development Authority,og0020,Cox's Bazar Development Authority,og0020,,Cox's Bazar,Goods,OTM,Revenue Government,NA,NA,pr0003,CoxDA/Rev/2025-26/OTM/Goods/WR-07,CoxDA/Rev/2025-26/OTM/Goods/WR-07,"Procurement of Various Parts and service of CoxDA Roller, Pump, Grnaretor, AC & Speed Boat for repair and Maintenance. FY 2025-26",,,Coxs Bazar,Nahar Construction,co0028,1,"2/1, Mobarok mension, Janata road, Tekpara, Cox'sbazar-4700, Bangladesh.",1094543,682695,682695.000,2025-11-05,2025-12-07,2025-12-11,2025-11-30,2026-01-29,,,,no,,,Abu Nayeem Md.Talat,pp0022,Member (Engineer),1
1163081,Contract_Awards_PDFs/Tender_1163081.pdf,1,economic-operator,Ministry of Housing and Public Works,og0001,Cox's Bazar Development Authority,og0020,CoxDA Master Plan,og0035,,Cox's Bazar,Goods,OTM,Development Government,NA,Master Plan Preparation for Cox's Bazar District,pr0033,CoxDA/Dev/25-26/MP/Workshop-Seminar,CoxDA/Dev/25-26/MP/Workshop-Seminar,"Supply, Installation, Testing, Commissioning of different items for 9 workshops, 2 seminars and arrangement of 9 workshops, 2 seminars at 9 Upazilas of Cox's Bazar District under ""Master Plan Preparation for Cox's Bazar District"" Project as per direction of Procuring Entity (PE)",,,"Room No 522, CoxDA Office",M/S. Prominent Engineers,co0080,1,"Sabbir Tower, Holding No. 3/4-A (6th floor), Purana Paltan, Dhaka-1000.",1084044,1992265,1992265.000,2025-11-27,2026-04-24,2026-04-29,2025-12-10,2026-02-15,,,,no,,,Md Tanvir Hasan Rezaul,pp0041,Deputy Town Planner,1
1163187,Contract_Awards_PDFs/Tender_1163187.pdf,1,economic-operator,Ministry of Housing and Public Works,og0001,Cox's Bazar Development Authority,og0020,Cox's Bazar Development Authority,og0020,,Cox's Bazar,Goods,OTM,Revenue Government,NA,NA,pr0003,CoxDA/Rev/2025-26/OTM/Works/WR-07(1),CoxDA/Rev/2025-26/OTM/Goods/WR-07/1,Procurement of Various Parts of CoxDA Heavy Vehicles (2 Nos. Excavators) for repair and Maintenance. FY 2025-26,,,Coxs Bazar,Bangla Trac Limited,co0081,1,"House No #68, Block # H, Road # 11, Banani, Dhaka-1213",1017753,1069466,1069466.000,2025-11-04,2025-12-07,2025-12-17,2025-12-01,2026-03-31,,,,no,,,Abu Nayeem Md.Talat,pp0022,Member (Engineer),3
1163354,Contract_Awards_PDFs/Tender_1163354.pdf,1,economic-operator,Ministry of Housing and Public Works,og0001,Cox's Bazar Development Authority,og0020,Cox's Bazar Development Authority,og0020,,Cox's Bazar,Goods,OTM,Revenue Government,NA,NA,pr0003,CoxDa/Rev/2025-26/Stationery/GR-05/02,CoxDa/Rev/2025-26/Stationery/GR-05/02,Supply of different Stationary items for CoxDA at Coxs Bazer. FY 2025-26,,,Coxs Bazar,Nahar Construction,co0028,1,"2/1, Mobarok mension, Janata road, Tekpara, Cox'sbazar-4700, Bangladesh.",1094543,1829530,1829530.000,2025-11-04,2025-11-25,2025-11-27,2025-11-17,2026-06-21,,,,no,,,Abu Nayeem Md.Talat,pp0022,Member (Engineer),1
1172101,Contract_Awards_PDFs/Tender_1172101.pdf,1,economic-operator,Ministry of Housing and Public Works,og0001,Cox's Bazar Development Authority,og0020,Cox's Bazar Development Authority,og0020,,Cox's Bazar,Goods,OTM,Revenue Government,NA,NA,pr0003,CoxDA/Rev/2025-26/OTM/Goods/GR-2Add.,CoxDA/Rev/2025-26/OTM/Goods/WR-02Add.,Supply of Gift Items for Cox's Bazar Development Authority. FY 2025-26,,,Coxs Bazar,Nahar Construction,co0028,1,"2/1, Mobarok mension, Janata road, Tekpara, Cox'sbazar-4700, Bangladesh.",1094543,1807700,1807700.000,2025-11-09,2025-12-07,2025-12-11,2025-12-04,2026-01-29,,,,no,,,Abu Nayeem Md.Talat,pp0022,Member (Engineer),1
1172974,Contract_Awards_PDFs/Tender_1172974.pdf,1,economic-operator,Ministry of Housing and Public Works,og0001,Cox's Bazar Development Authority,og0020,Cox's Bazar Development Authority,og0020,,Cox's Bazar,Goods,OTM,Revenue Government,NA,NA,pr0003,CoxDa/Rev/2025-26/Publication/GR-11,CoxDa/Rev/2025-26/Publication/GR-11,Procurement of different type of Publication. FY 2025-26,,,Coxs Bazar,M/S Molla & Brothers,co0082,1,"2/5-1, East Ahmed nagar, Mirpur-1, Dhaka-1216",1157678,278000,278000.000,2025-11-10,2025-11-25,2025-12-07,2025-12-01,2025-12-31,,,,no,,,Abu Nayeem Md.Talat,pp0022,Member (Engineer),1
1173101,Contract_Awards_PDFs/Tender_1173101.pdf,1,economic-operator,Ministry of Housing and Public Works,og0001,Cox's Bazar Development Authority,og0020,Cox's Bazar Development Authority,og0020,,Cox's Bazar,Goods,OTM,Revenue Government,NA,NA,pr0003,CoxDa/Rev/2025-26/Uniform/WR-10,CoxDa/Rev/2025-26/Uniform/WR-10,Procurement of uniform for CoxDA. FY 2025-26,,,Coxs Bazar,M/S Molla & Brothers,co0082,1,"2/5-1, East Ahmed nagar, Mirpur-1, Dhaka-1216",1157678,136080,136080.000,2025-11-10,2025-11-25,2025-12-07,2025-12-01,2025-12-31,,,,no,,,Abu Nayeem Md.Talat,pp0022,Member (Engineer),1
1173102,Contract_Awards_PDFs/Tender_1173102.pdf,1,economic-operator,Ministry of Housing and Public Works,og0001,Cox's Bazar Development Authority,og0020,Cox's Bazar Development Authority,og0020,,Cox's Bazar,Goods,OTM,Revenue Government,NA,NA,pr0003,CoxDa/Rev/2025-26/Computer_Maintenance/WR-03,CoxDa/Rev/2025-26/Computer_Maintenance/WR-03,Maintenance and repair of Computer and related items of CoxDA. FY 2025-26,,,Coxs Bazar,M/S Molla & Brothers,co0082,1,"2/5-1, East Ahmed nagar, Mirpur-1, Dhaka-1216",1157678,445560,445560.000,2025-11-10,2025-11-25,2025-12-07,2025-12-01,2026-05-31,,,,no,,,Abu Nayeem Md.Talat,pp0022,Member (Engineer),1
1173557,Contract_Awards_PDFs/Tender_1173557.pdf,1,economic-operator,Ministry of Housing and Public Works,og0001,Rajdhani Unnayan Kartripakkha (RAJUK),og0002,"Construction of multi-storied apartment Buildings on 9(Nine) nos abandoned plot at Gulshan,Mohammadpur, Lalmatia & Dhanmondi, Dhaka.",og0006,,Dhaka,Physical Services,OTM,Own Fund Own Fund,NA,NA,pr0003,Rajuk/PD_9apt/PSN_01,Rajuk/PD_9apt/PSN,"Providing manpower (Draftsman, Security Guard and MLSS) by outsourcing method for Nine Apartment Building Project, RAJUK, Dhaka.",,,ENTITY DETAILS,M/S. Alam & Co.,co0004,1,"61, Satish Sarker Road, Gandaria, Dhaka Bangladesh",1030557,1618997.68,1618997.680,2025-11-16,2025-12-23,2025-12-29,2026-01-01,2026-12-31,,,,no,,,Rahat Muslemin,pp0003,PD (9apt),1
1178437,Contract_Awards_PDFs/Tender_1178437.pdf,1,economic-operator,Ministry of Housing and Public Works,og0001,Cox's Bazar Development Authority,og0020,Cox's Bazar Development Authority,og0020,,Cox's Bazar,Physical Services,OTM,Revenue Government,NA,NA,pr0003,CoxDA/Rev/2025-26/OTM/WR-09,CoxDA/Rev/2025-26/OTM/WR-09,Procurement of Land Survey. FY 2025-26,,,ENTITY DETAILS,M/S Building Construction Consultant (BCC),co0083,1,"Morshed Market (1st Floor) Rajgonj, Comilla",1005954,263425,263425.000,2025-12-22,2026-01-27,2026-02-09,2026-02-12,2026-04-30,,,,no,,,Abu Nayeem Md.Talat,pp0022,Member (Engineer),1
1183753,Contract_Awards_PDFs/Tender_1183753.pdf,1,economic-operator,Ministry of Housing and Public Works,og0001,Cox's Bazar Development Authority,og0020,Cox's Bazar Development Authority,og0020,,Cox's Bazar,Physical Services,OTM,Revenue Government,NA,NA,pr0003,CoxDA/Rev/2025-26/OTM/PS-11,CoxDA/Rev/2025-26/OTM/PS-11,"Supply, Installation, and Maintenance of Various parts of CoxDA Lift. FY 2025-26",,,ENTITY DETAILS,FUJITECH,co0084,1,"Aziz Market (1st Floor), Atorar Dipo,",1133065,284997.15,284997.150,2025-12-07,2025-12-30,2026-01-13,2026-02-01,2026-06-15,,,,no,,,Abu Nayeem Md.Talat,pp0022,Member (Engineer),1
1183822,Contract_Awards_PDFs/Tender_1183822.pdf,1,economic-operator,Ministry of Housing and Public Works,og0001,Cox's Bazar Development Authority,og0020,Cox's Bazar Development Authority,og0020,,Cox's Bazar,Goods,OTM,Revenue Government,NA,NA,pr0003,CoxDA/Revenue/Goods/Cleaning/FY2025-26,CoxDA/Revenue/Goods/Cleaning/FY2025-26,Purchasing of Cleaning Materials for Coxs Bazar Development Authority. FY 2025-26,,,"CoxDA Bhaban, Coxsbazar",M/S Molla & Brothers,co0082,1,"2/5-1, East Ahmed nagar, Mirpur-1, Dhaka-1216",1157678,1179300,1179300.000,2025-11-27,2025-12-31,2026-01-08,2025-12-21,2026-01-25,,,,no,,,Abu Nayeem Md.Talat,pp0022,Member (Engineer),1
1183835,Contract_Awards_PDFs/Tender_1183835.pdf,1,economic-operator,Ministry of Housing and Public Works,og0001,Cox's Bazar Development Authority,og0020,Cox's Bazar Development Authority,og0020,,Cox's Bazar,Works,OTM,Revenue Government,NA,NA,pr0003,CoxDA/Revenue/Works/OP/FY2025-26,CoxDA/Revenue/Works/OP/FY2025-26,CoxDA office building Ornamental and Plumbing Works. FY 2025-26,,,"CoxDA Bhaban, Coxsbazar",Sumon Enterprise,co0027,1,"House#8, Avenue#2, Block#G, Sec#2, Mirpur, Dhaka-1216",1036497,1639290.492,1639290.492,2025-11-27,2025-12-31,2026-01-07,2025-12-21,2026-02-19,,,,no,,,Abu Nayeem Md.Talat,pp0022,Member (Engineer),1
1184463,Contract_Awards_PDFs/Tender_1184463.pdf,1,economic-operator,Ministry of Housing and Public Works,og0001,Cox's Bazar Development Authority,og0020,Cox's Bazar Development Authority,og0020,,Cox's Bazar,Goods,OTM,Revenue Government,NA,NA,pr0003,CoxDA/Revenue/Goods/OTM/ET/FY2025-26,CoxDA/Revenue/Goods/OTM/ET/FY2025-26,Supply & installation of Engineering tools and other equipment. FY 2025-26,,,"CoxDA Bhaban, Coxsbazar",M/S Molla & Brothers,co0082,1,"2/5-1, East Ahmed nagar, Mirpur-1, Dhaka-1216",1157678,905340,905340.000,2025-11-27,2025-12-31,2026-01-08,2025-12-21,2026-01-28,,,,no,,,Abu Nayeem Md.Talat,pp0022,Member (Engineer),1
1184466,Contract_Awards_PDFs/Tender_1184466.pdf,1,economic-operator,Ministry of Housing and Public Works,og0001,Cox's Bazar Development Authority,og0020,Cox's Bazar Development Authority,og0020,,Cox's Bazar,Goods,OTM,Revenue Government,NA,NA,pr0003,CoxDA/Revenue/Goods/OTM/G/FY2025-26,CoxDA/Revenue/Goods/OTM/G/FY2025-26,Purchasing of Gardening for Cox's Bazar Development Authority.FY 2025-25,,,"CoxDA Bhaban, Coxsbazar",M/S Molla & Brothers,co0082,1,"2/5-1, East Ahmed nagar, Mirpur-1, Dhaka-1216",1157678,226500,226500.000,2025-11-27,2025-12-31,2026-01-08,2025-12-28,2026-01-25,,,,no,,,Abu Nayeem Md.Talat,pp0022,Member (Engineer),1
1184470,Contract_Awards_PDFs/Tender_1184470.pdf,1,economic-operator,Ministry of Housing and Public Works,og0001,Cox's Bazar Development Authority,og0020,Cox's Bazar Development Authority,og0020,,Cox's Bazar,Works,OTM,Revenue Government,NA,NA,pr0003,CoxDA/Revenue/Works/OTM/EW/FY2025-26,CoxDA/Revenue/Works/OTM/EW/FY2025-26,Supply & Installation of electrical equipmentÃ¢??s of CoxÃ¢??s Bazar district. FY 2025-26,,,"CoxDA Bhaban, Coxsbazar",Nahar Construction,co0028,1,"2/1, Mobarok mension, Janata road, Tekpara, Cox'sbazar-4700, Bangladesh.",1094543,1811395.726,1811395.726,2025-11-27,2025-12-31,2026-01-07,2026-02-04,2026-02-19,,,,no,,,Abu Nayeem Md.Talat,pp0022,Member (Engineer),1
1185193,Contract_Awards_PDFs/Tender_1185193.pdf,1,economic-operator,Ministry of Housing and Public Works,og0001,Cox's Bazar Development Authority,og0020,Cox's Bazar Development Authority,og0020,,Cox's Bazar,Goods,OTM,Revenue Government,NA,NA,pr0003,CoxDA/Revenue/Goods/Computer/FY2025-26,CoxDA/Revenue/Goods/Computer/FY2025-26,Supply & installation of Computers and other equipment. FY 2025-26,,,"CoxDA Bhaban, Coxsbazar",Smart Technologies (BD) Ltd.,co0039,1,"Jahir Smart Tower, 205/1 and 205/1/A, West Kafrul, Begum Rokeya Sharani, Dhaka-1206, Bangladesh",1010312,1994109.2,1994109.200,2025-11-27,2025-12-31,2026-01-07,2025-12-21,2026-01-25,,,,no,,,Abu Nayeem Md.Talat,pp0022,Member (Engineer),2
1186178,Contract_Awards_PDFs/Tender_1186178.pdf,1,economic-operator,Ministry of Housing and Public Works,og0001,Rajdhani Unnayan Kartripakkha (RAJUK),og0002,Office of the Superintending Engineer (Electrical),og0011,,Dhaka,Works,OTM,Own Fund Own fund,NA,Maintenance and related works of Hatirjheel,pr0034,Hatirjheel/elec/01-2021-22,RAJUK/Electrical-1/Hatirjheel/W_LED-1,Supply & Installation of walk way LED Light at RAJUK Hatirjheel Integrated Project Area (Package-1).,,,Hatirjheel Integrated Project Area,M/S. Sharif & Sons,co0017,1,"Eastern Arzoo, Suite No: 11/08, 61, Bijoynagar, Dhaka-1000.",1007117,8843877,8843877.000,2026-01-05,2026-05-21,2026-06-04,2026-02-15,2026-05-16,,,,no,,,MOHAMMAD NAZMUS SAKIB JAMALI,pp0007,Sup. Eng. (Elec.),1
1186179,Contract_Awards_PDFs/Tender_1186179.pdf,1,economic-operator,Ministry of Housing and Public Works,og0001,Rajdhani Unnayan Kartripakkha (RAJUK),og0002,Office of the Superintending Engineer (Electrical),og0011,,Dhaka,Works,OTM,Own Fund Own fund,NA,Maintenance and related works of Hatirjheel,pr0034,RAJUK/Electrical-1/Hatirjheel/W_LED-2,RAJUK/Electrical-1/Hatirjheel/W_LED-2,Supply & Installation of walk way LED Light at RAJUK Hatirjheel Integrated Project Area (Package-2).,,,Hatirjheel Integrated Project Area,T.S Enterprise,co0014,1,"28, Malibagh Chowdhury Para, Dhaka.",1045849,6488006.319,6488006.319,2026-01-04,2026-05-21,2026-06-04,2026-02-15,2026-05-16,,,,no,,,MOHAMMAD NAZMUS SAKIB JAMALI,pp0007,Sup. Eng. (Elec.),1
1189629,Contract_Awards_PDFs/Tender_1189629.pdf,1,economic-operator,Ministry of Housing and Public Works,og0001,Rajdhani Unnayan Kartripakkha (RAJUK),og0002,Office of the Superintending Engineer (Electrical),og0011,,Dhaka,Goods,OTM,Own Fund Own fund,NA,"Instalation of CCTV, Solar, PABX",pr0012,Rajuk/Electrical-1/25/G-10,Rajuk/Electrical-1/25/G-10,"Supply & Installation of CCTV Camera System Chief Engineer (P&D), Director (Audit) , Deputy Director (Admin-1) and Electrical Division at Rajuk.",,,Rajuk Bhaban,T.S Enterprise,co0014,1,"28, Malibagh Chowdhury Para, Dhaka.",1045849,1147531,1147531.000,2026-02-02,2026-05-12,2026-05-21,2026-04-01,2026-04-30,,,,no,,,MOHAMMAD NAZMUS SAKIB JAMALI,pp0007,Sup. Eng. (Elec.),1
119326,Contract_Awards_PDFs/Tender_119326.pdf,1,supplier,Ministry of Housing and Public Works,og0001,Rajdhani Unnayan Kartripakkha (RAJUK),og0002,Office of the Chief Engineer (Implementation),og0032,CE-01,Dhaka,Works,OTM,Own Fund Own fund,NA,Uttara Residential Model Town (3rd Phase),pr0035,Rajuk/PD_Uttara_P-1,5-3205-3111-UMT/08,Remaining sand/earth filling with palisading work of group no 14 & 15 in sector-17 Uttara RMT 3rd phase Project.,Rajuk/PD_Uttara_P-1,"Remaining sand/earth filling with palisading work of group no 14 & 15 in sector-17, Uttara RMT (3rd phase) Project.",Uttara RMT 3rd phase Project,"NIAZ-NOONA-KTA JV ( JVCA Partners [Business Share]: KHOKAN TRADING AGENCY [0.000%] , Noona Traders [0.000%] , M/S. Niaz Traders [0.000%] )",co0085,1,"154, Motijheel C/A, Motijheel Mosque Building (2nd Floor), Room No.301~303, Dhaka-1000",,135895849.382,135895849.382,2017-09-13,2017-12-05,2018-01-02,2018-01-15,2018-06-03,4,3,2,yes,yes,yes,Md. Anwar Hossain,pp0025,"Chief Engineer, Implementation",0
119545,Contract_Awards_PDFs/Tender_119545.pdf,1,supplier,Ministry of Housing and Public Works,og0001,Rajdhani Unnayan Kartripakkha (RAJUK),og0002,Office of the Chief Engineer (Implementation),og0032,CE-01,Dhaka,Works,OTM,Own Fund Own fund,NA,Uttara Residential Model Town (3rd Phase),pr0035,Rajuk/PD_Uttara_P-4,5-3205-3111-UMT/07,Engaging security guard gardener and providing cleaning service for site office of Uttara Residential Model Town 3rd Phase Project.,Rajuk/PD_Uttara_P-4,"Engaging security guard, gardener and providing cleaning service for site office of Uttara Residential Model Town (3rd Phase) Project.",Uttara 3rd Phase Project,M/S. A. R. Enterprise,co0016,1,"House-08, Road-02, Diyabari, Uttara, Dhaka-1230 Contact No:01935968075, 01707568905",,2237776.416,2237776.416,2017-09-13,2017-11-23,2018-01-10,2017-11-15,2019-07-02,4,3,1,yes,yes,no,Md. Anwar Hossain,pp0025,"Chief Engineer, Implementation",0
119636,Contract_Awards_PDFs/Tender_119636.pdf,1,supplier,Ministry of Housing and Public Works,og0001,Rajdhani Unnayan Kartripakkha (RAJUK),og0002,office of the Chief Engineer ( Project & Design),og0036,CE-02,Dhaka,Works,OTM,Own Fund Own fund,NA,Lift and Electrical Equipment Repair,pr0036,Rajuk/Electrical-01/08,Rajuk/Electrical-1,2 Two years Servicing & Maintenance of Existing Air Cooler at RAJUK Main & Annex Bhaban.,Rajuk/Electrical-01/15,2 (Two) years Servicing & Maintenance of Existing Air Cooler at RAJUK Main & Annex Bhaban.,RAJUK Main and Annex Bhaban,Chanderima Refrigeration,co0086,1,"100/A Bashir Uddin Road, Kalabagan Dhanmondi, Dhaka-1205",,1380218.4,1380218.400,2017-09-20,2018-01-24,2018-04-09,2017-11-01,2019-10-31,2,2,1,yes,yes,no,A S M Raihanul Ferodus,pp0053,"Chief Engineer, Project & Design",0
1199127,Contract_Awards_PDFs/Tender_1199127.pdf,1,economic-operator,Ministry of Housing and Public Works,og0001,Cox's Bazar Development Authority,og0020,Cox's Bazar Development Authority,og0020,,Cox's Bazar,Physical Services,OTM,Own Fund Own Fund,NA,NA,pr0003,CoxDA/OF/2025-26/Vehicle_Hiring,CoxDA/OF/2025-26/Vehicle_Hiring,Hiring of Vehicle for CoxDA for the FY 2025-26,,,ENTITY DETAILS,M/S Molla & Brothers,co0082,1,"2/5-1, East Ahmed nagar, Mirpur-1, Dhaka-1216",1157678,959990.4,959990.400,2025-12-17,2025-12-30,2026-01-08,2026-02-01,2026-12-31,,,,no,,,Abu Nayeem Md.Talat,pp0022,Member (Engineer),1
1205116,Contract_Awards_PDFs/Tender_1205116.pdf,1,economic-operator,Ministry of Housing and Public Works,og0001,Rajdhani Unnayan Kartripakkha (RAJUK),og0002,Office of the Superintending Engineer (Mechanical),og0008,,Dhaka,Goods,OTM,Own Fund Own fund,NA,Purchase of Furniture,pr0019,RAJUK/SEMEC-4,RAJUK/SEMEC-4,Regarding the supply and installation of furniture for various departments of RAJUK.,,,"Motijhell, Dhaka",Furniture Concept & Interior Ltd.,co0087,1,"170, Ahammed Shorony Road, Satarkul Uttar Para, Badda, Dhaka-1212, Phone-029886908, Cell-01711805052, Cell- 01321169973",1047082,3600650,3600650.000,2026-01-14,2026-04-26,2026-05-10,2026-03-01,2026-04-30,,,,no,,,Sabbir Bin Taher,pp0005,Sup. Eng. (Mechanical),2
1205153,Contract_Awards_PDFs/Tender_1205153.pdf,1,economic-operator,Ministry of Housing and Public Works,og0001,Rajdhani Unnayan Kartripakkha (RAJUK),og0002,Office of the Superintending Engineer (Electrical),og0011,,Dhaka,Works,OTM,Own Fund Own fund,NA,Electrical accessories repair,pr0030,Rajuk/Electrical-1/25/W-03,Rajuk/Electrical-1/25/W-03,"01 (One) Year Servicing & Maintenance of Existing Computer at Rajuk Main Bhaban, Annex Bhaban & Zonal Office.",,,Rajuk Bhaban,M/S. Bangladesh Computer Land,co0088,1,"44/3, Tejtury Bazer Chalk, Sher-e-Bangla Nagor, Dhaka.",1034557,675000,675000.000,2026-01-15,2026-04-21,2026-05-03,2026-03-01,2027-03-01,,,,no,,,MOHAMMAD NAZMUS SAKIB JAMALI,pp0007,Sup. Eng. (Elec.),1
1205154,Contract_Awards_PDFs/Tender_1205154.pdf,1,economic-operator,Ministry of Housing and Public Works,og0001,Rajdhani Unnayan Kartripakkha (RAJUK),og0002,Office of the Superintending Engineer (Electrical),og0011,,Dhaka,Works,OTM,Own Fund Own fund,NA,Lift Repair,pr0037,Rajuk/Electrical-1/25/W-05,Rajuk/Electrical-1/25/W-05,3 (Three) Years Servicing & Maintenance of 02 Nos Passenger Lift at Rajuk Main Building.,,,Rajuk Bhaban,MAAN BANGLADESH LTD.,co0089,1,"Chandrashila Suvastu Tower (15th Floor), 69/1, Panthapath, Dhaka-1205",1013628,405716.087,405716.087,2026-01-15,2026-04-21,2026-05-05,2026-03-01,2029-02-28,,,,no,,,MOHAMMAD NAZMUS SAKIB JAMALI,pp0007,Sup. Eng. (Elec.),1
1205157,Contract_Awards_PDFs/Tender_1205157.pdf,1,economic-operator,Ministry of Housing and Public Works,og0001,Rajdhani Unnayan Kartripakkha (RAJUK),og0002,Office of the Superintending Engineer (Electrical),og0011,,Dhaka,Goods,OTM,Own Fund Own fund,NA,"Print, Binding and Stationery accessories",pr0038,Rajuk/Electrical-1/25/G-08,Rajuk/Electrical-1/25/G-08,Supply of Printer and Photocopy Machine Toner/ Cartridge for Various Offices in Rajuk.,,,Rajuk Bhaban,Hazi Traders,co0090,1,"28/G/1, Toynobee Circular Road, Gause Pak Bhaban, Motijheel C/A, Dhaka-1000.",1025524,5177345,5177345.000,2026-01-15,2026-04-21,2026-05-05,2026-03-01,2027-02-28,,,,no,,,MOHAMMAD NAZMUS SAKIB JAMALI,pp0007,Sup. Eng. (Elec.),1
1205162,Contract_Awards_PDFs/Tender_1205162.pdf,1,economic-operator,Ministry of Housing and Public Works,og0001,Rajdhani Unnayan Kartripakkha (RAJUK),og0002,Office of the Superintending Engineer (Electrical),og0011,,Dhaka,Works,OTM,Own Fund Own fund,NA,Building Repair & Maintenance,pr0018,Rajuk/Electrical-1/25/W-07,Rajuk/Electrical-1/25/W-07,Electrical Renovation Work of Security Light in Rajuk Bhaban Boundary Wall.,,,Rajuk Bhaban,T.S Enterprise,co0014,1,"28, Malibagh Chowdhury Para, Dhaka.",1045849,491181.25,491181.250,2026-01-15,2026-04-21,2026-05-05,2026-03-01,2026-03-31,,,,no,,,MOHAMMAD NAZMUS SAKIB JAMALI,pp0007,Sup. Eng. (Elec.),1
1207634,Contract_Awards_PDFs/Tender_1207634.pdf,1,economic-operator,Ministry of Housing and Public Works,og0001,Rajdhani Unnayan Kartripakkha (RAJUK),og0002,Development of Residential and commercial Infrastructure at Jhilmil Residential Project Area,og0023,,Dhaka,Goods,OTM,Own Fund Own fund,NA,Development of Residential and Commercial Infrastructure at Jhilmil Residential Project Area.,pr0017,RAJUK/PD_JHILMIL/LSSL-2,RAJUK/PD_JHILMIL/LSSL-2,"Supply and installation of LED Solar Street Light in Jhilmil Residential Project (Package-5, Lot-2) [ Sector-04: Road-1 to 20 and Lake Drive Road)].",,,Jhilmil Residential Project area,SUNTECH ENERGY LTD.,co0091,1,"68/4, Green Road- 2nd floor, Dhaka",1075279,42387663.934,42387663.934,2026-02-01,2026-06-28,2026-07-12,2026-05-03,2027-05-30,,,,no,,,Md. Aminur Rahman,pp0015,PD (Jhilmil),1
1207635,Contract_Awards_PDFs/Tender_1207635.pdf,1,economic-operator,Ministry of Housing and Public Works,og0001,Rajdhani Unnayan Kartripakkha (RAJUK),og0002,Development of Residential and commercial Infrastructure at Jhilmil Residential Project Area,og0023,,Dhaka,Goods,OTM,Own Fund Own fund,NA,Development of Residential and Commercial Infrastructure at Jhilmil Residential Project Area.,pr0017,RAJUK/PD_JHILMIL/LSSL-3,RAJUK/PD_JHILMIL/LSSL-3,"Supply and installation of LED Solar Street Light in Jhilmil Residential Project (Package-5, Lot-3) [Sector-05: Road- 1,2,3,4,4A,4B, and Sector-6: Road-1,2,2A,2B,3,4A,4B,5,6,7].",,,Jhilmil Residential Project area,SUNTECH ENERGY LTD.,co0091,1,"68/4, Green Road- 2nd floor, Dhaka",1075279,39054818.191,39054818.191,2026-02-01,2026-06-28,2026-07-12,2026-05-03,2027-05-30,,,,no,,,Md. Aminur Rahman,pp0015,PD (Jhilmil),1
1207636,Contract_Awards_PDFs/Tender_1207636.pdf,1,economic-operator,Ministry of Housing and Public Works,og0001,Rajdhani Unnayan Kartripakkha (RAJUK),og0002,Development of Residential and commercial Infrastructure at Jhilmil Residential Project Area,og0023,,Dhaka,Goods,OTM,Own Fund Own fund,NA,Development of Residential and Commercial Infrastructure at Jhilmil Residential Project Area.,pr0017,RAJUK/PD_JHILMIL/LSSL-5,RAJUK/PD_JHILMIL/LSSL-5,"Supply and installation of LED Solar Street Light in Jhilmil Residential Project (Package-5, Lot-5) [ Sector-02: Road- 2 to 26].",,,Jhilmil Residential Project area,HTMS Limited,co0092,1,"Park Heights, Level-7, Plot # 02, Road # 09, Dhanmondi, Dhaka-1205",1038088,41493488.3,41493488.300,2026-02-01,2026-06-28,2026-07-12,2026-05-03,2027-05-30,,,,no,,,Md. Aminur Rahman,pp0015,PD (Jhilmil),2
1207637,Contract_Awards_PDFs/Tender_1207637.pdf,1,economic-operator,Ministry of Housing and Public Works,og0001,Rajdhani Unnayan Kartripakkha (RAJUK),og0002,Development of Residential and commercial Infrastructure at Jhilmil Residential Project Area,og0023,,Dhaka,Goods,OTM,Own Fund Own fund,NA,Development of Residential and Commercial Infrastructure at Jhilmil Residential Project Area.,pr0017,RAJUK/PD_JHILMIL/LSSL-4,RAJUK/PD_JHILMIL/LSSL-4,"Supply and installation of LED Solar Street Light in Jhilmil Residential Project (Package-5, Lot-4) [ Sector-01: Road- 1,2,3A,3B,4,4A,5,6,7].",,,Jhilmil Residential Project area,MULTITRADE INTERNATIONAL,co0043,1,"113/2/1 BCC ROAD, 1ST FLOOR, WARI, DHAKA-1203",1052936,33155616.2,33155616.200,2026-02-01,2026-06-28,2026-07-12,2026-05-03,2027-05-30,,,,no,,,Md. Aminur Rahman,pp0015,PD (Jhilmil),1
1207915,Contract_Awards_PDFs/Tender_1207915.pdf,1,economic-operator,Ministry of Housing and Public Works,og0001,Cox's Bazar Development Authority,og0020,Cox's Bazar Development Authority,og0020,,Cox's Bazar,Goods,OTM,Revenue Government,NA,NA,pr0003,CoxDA/Rev/Goods/Books/FY2025-26,CoxDA/Revenue/Goods/OTM/BP/FY2025-26,Procurement of Books and Periodical. FY 2025-26,,,"CoxDA Bhaban, Coxsbazar",M/S Molla & Brothers,co0082,1,"2/5-1, East Ahmed nagar, Mirpur-1, Dhaka-1216",1157678,108981.6,108981.600,2026-01-13,2026-01-27,2026-02-02,2026-01-29,2026-02-26,,,,no,,,Abu Nayeem Md.Talat,pp0022,Member (Engineer),1
1211856,Contract_Awards_PDFs/Tender_1211856.pdf,1,economic-operator,Ministry of Housing and Public Works,og0001,Cox's Bazar Development Authority,og0020,Cox's Bazar Development Authority,og0020,,Cox's Bazar,Works,OTM,Revenue Government,NA,NA,pr0003,CoxDa/Rev/2025-26/Innovation/SR-01,CoxDa/Rev/2025-26/Innovation/SR-01,Procurement and Installation of different items for Innovation of establishing a low cost STP,,,Coxs Bazar,M/S Molla & Brothers,co0082,1,"2/5-1, East Ahmed nagar, Mirpur-1, Dhaka-1216",1157678,455667.45,455667.450,2026-01-11,2026-01-25,2026-02-02,2026-02-15,2026-06-15,,,,no,,,Abu Nayeem Md.Talat,pp0022,Member (Engineer),1
1215675,Contract_Awards_PDFs/Tender_1215675.pdf,1,economic-operator,Ministry of Housing and Public Works,og0001,Rajdhani Unnayan Kartripakkha (RAJUK),og0002,Office of the Superintending Engineer (Electrical),og0011,,Dhaka,Goods,OTM,Own Fund Own fund,NA,"Computer, Office Accessiories and Parts Purchage.",pr0021,Rajuk/Electrical-1/25/G-02,Rajuk/Electrical-1/25/G-02,Supply and Installation of Air-Cooler in Different Section of Rajuk.,,,Rajuk Bhaban,Cooltech Corporation,co0093,1,"29 MM Ali Road, Lalkhan Bazar, Chattogram, Bangladesh",1043656,3148760,3148760.000,2026-02-02,2026-05-12,2026-05-24,2026-04-01,2026-05-31,,,,no,,,MOHAMMAD NAZMUS SAKIB JAMALI,pp0007,Sup. Eng. (Elec.),1
1215677,Contract_Awards_PDFs/Tender_1215677.pdf,1,economic-operator,Ministry of Housing and Public Works,og0001,Rajdhani Unnayan Kartripakkha (RAJUK),og0002,Office of the Superintending Engineer (Electrical),og0011,,Dhaka,Goods,OTM,Own Fund Own fund,NA,"Computer, Office Accessiories and Parts Purchage.",pr0021,Rajuk/Electrical-1/25/G-05,Rajuk/Electrical-1/25/G-05,Supply & Installation of Digital Photocopy Machine in Different Section of Rajuk.,,,Rajuk Bhaban,AAYAT ENTERPRISE,co0094,1,"Roghunathpur, Shealkole, Sirajganj, Bangladesh.",1163340,1739831.102,1739831.102,2026-02-02,2026-05-12,2026-05-21,2026-04-01,2026-04-30,,,,no,,,MOHAMMAD NAZMUS SAKIB JAMALI,pp0007,Sup. Eng. (Elec.),1
1225895,Contract_Awards_PDFs/Tender_1225895.pdf,1,economic-operator,Ministry of Housing and Public Works,og0001,Rajdhani Unnayan Kartripakkha (RAJUK),og0002,Gulshan-Banani-Baridhara Lake Development Project,og0037,,Dhaka,Works,OTM,Own Fund Own fund,NA,Gulshan-Banani-Baridhara Lake Development,pr0039,RAJUK/PD/GBBL/RCW-1,RAJUK/PD/GBBL/RCW-1,Repair and Construction of walkways along the eastern and western banks of the Gulshan-Banani lake from the Niketon Bridge to the Banani Graveyard (Package # RCW-01).,,,Gulshan-Banani lake,SSL- Convoy JV (Joint Venture),co0095,1,"Planners Tower (16th Floor) 13/A, Bipanan C/A, Sonargaon Road, Dhaka-1000.",1224243,82538882.71,82538882.710,2026-02-09,2026-04-26,2026-05-17,2026-04-15,2026-10-12,,,,no,,,Saber Ahmed,pp0001,PD ( Gulshan-Banani-Baridhara Lake Development Project),3
1225896,Contract_Awards_PDFs/Tender_1225896.pdf,1,economic-operator,Ministry of Housing and Public Works,og0001,Rajdhani Unnayan Kartripakkha (RAJUK),og0002,Gulshan-Banani-Baridhara Lake Development Project,og0037,,Dhaka,Works,OTM,Own Fund Own fund,NA,Gulshan-Banani-Baridhara Lake Development,pr0039,RAJUK/PD/GBBL/RCW-2,RAJUK/PD/GBBL/RCW-2,Repair and Construction of walkways along the eastern and western banks of the Gulshan-Baridhara lake from the Shooting club of Gulshan-01 to the North end of Baridhara Lake (Package # RCW-02).,,,Baridhara Lake,M/S. Dawn Corporation,co0096,1,"10 North Mugdha ( 7th Floor), P.S. Mugdha, Dhaka-1214",1006051,83872613.906,83872613.906,2026-02-09,2026-04-26,2026-05-17,2026-03-15,2026-09-11,,,,no,,,Saber Ahmed,pp0001,PD ( Gulshan-Banani-Baridhara Lake Development Project),1
1231413,Contract_Awards_PDFs/Tender_1231413.pdf,1,economic-operator,Ministry of Housing and Public Works,og0001,Chittagong Development Authority,og0009,Management Information System (MIS),og0038,,Chattogram,Goods,OTM,Own Fund Own Fund,NA,NA,pr0003,MIS/SnUPSP/HP/2018/84/P-2,MIS/SnUPSP/HP/2018/84/P-2,Supply and Installation of 64 battery and related works,,,CDA Building,B & S ENGINEERING,co0097,1,"Plot No.: 87, B, N, S, Center, Sector: 07, Uttara, Dhaka-1230, Bangladesh.",1109887,2054979.681,2054979.681,2026-03-02,2026-05-05,2026-05-19,2026-03-15,2026-04-30,,,,no,,,Md Mostafa Jamal,pp0069,System Analyst,1
1234511,Contract_Awards_PDFs/Tender_1234511.pdf,1,economic-operator,Ministry of Housing and Public Works,og0001,Rajshahi Development Authority,og0004,Office of the Chairman,og0030,,Rajshahi,Goods,OTM,Own Fund Own Fund,NA,NA,pr0003,25.40.0000.000.002.14.05.25/78 date:22/02/2026,RDA/Own Fund/2025-26/GD-02,"Supply and Installation of Merry Go Round, Paddle Boat and fiber glass sheet at RDA Park, Rajshahi.",,,"RDA Park, Rajshahi",MAA Enterprise,co0098,1,"Hetem Khan, Boalia, Rajshahi City Corporation, Rajshahi",1068523,4628900,4628900.000,2026-02-24,2026-04-02,2026-04-09,2026-04-01,2026-06-30,,,,no,,,Md. Abdullah Al Tarique,pp0002,Executive Engineer,1
124055,Contract_Awards_PDFs/Tender_124055.pdf,1,supplier,Ministry of Housing and Public Works,og0001,Khulna Development Authority (KDA),og0016,Office of the Project Director (KDA Rest House Project-Khulna),og0039,,Khulna,Works,OTM,Own Fund Own fund,NA,Construction of KDA Rest House at Khulna,pr0040,"25.41.0000.021.0109.17/5554, Date: 02/10/2017",WORKS REST HOUSE-KHULNA-01,Construction of KDA Rest House at Khulna,25.41.0000.021.0109.17/6652,"Civil Works, Sanitary & Water Supply, Electrical Works",KDA,"MSE-KCL (JV) ( JVCA Partners [Business Share]: M/S. SUMA ENGINEERS [0.000%] , Kabico Limited [0.000%] )",co0099,1,"Plot # 55, Road # 150, Housing Estate, Khalishpur, Khulna-9000",,52530500.002,52530500.002,2017-10-04,2017-11-15,2017-11-28,2017-12-03,2018-05-31,5,3,1,yes,yes,yes,KAZI ENAYET HOSSAIN,pp0072,Project Director,0
125042,Contract_Awards_PDFs/Tender_125042.pdf,1,supplier,Ministry of Housing and Public Works,og0001,Rajdhani Unnayan Kartripakkha (RAJUK),og0002,office of the Chief Engineer ( Project & Design),og0036,CE-02,Dhaka,Goods,OTM,Own Fund Own fund,NA,Uttara Apment Project,pr0041,GD/UAPE/M/2016-2017/L/03,GD/UAPE/M/2016-2017/L/03,Supply Installation Testing and Commissioning of 1350/1400 KG Passenger Lift Brand & Manufacturing Country Otis China Schindler China Mitsubishi China XIZI Unite China or equivalent Standard with Certificates issued by internationally recognized authorities like TUV/DNV for the products of the manufactures as per relevant Standard for the Building No. 1A 1B & 1C 1D under the Project of Construction of Residential Apartment Building for Low & Middle Income Group of people at Sector -18 of Uttara Model Town 3rd Phase Dhaka.,GD/UAPE/M/2016-2017/L/03,"Supply, Installation, Testing and Commissioning of 1350/1400 KG Passenger Lift, Brand & Manufacturing Country: Otis (China), Schindler (China), Mitsubishi (China), XIZI Unite (China) or equivalent Standard with Certificates issued by internationally recognized authorities like TUV/DNV for the products of the manufactures as per relevant Standard for the Building No. 1A, 1B & 1C, 1D under the Project of â??Construction of Residential Apartment Building for Low & Middle Income Group of people at Sector -18 of Uttara Model Town (3rd Phase), Dhakaâ?�.",Uttara Apartment Project,Daffodil Electric Company,co0100,1,"Kazi Tower, Flat 6B, 86, Inner Circular VIP Road Naya Paltan, Dhaka-1000.",,47660719.387,47660719.387,2017-10-08,2017-12-07,2018-01-04,2018-01-16,2018-04-15,6,3,1,yes,yes,yes,A S M Raihanul Ferodus,pp0053,"Chief Engineer, Project & Design",0
1251756,Contract_Awards_PDFs/Tender_1251756.pdf,1,economic-operator,Ministry of Housing and Public Works,og0001,Gazipur Development Authority,og0040,"Office of the Chief Engineer, Gazipur Development Authority",og0041,PE-GDA-006,Gazipur,Physical Services,OTM,Development Government,NA,Road construction survey project mentioned in DAP in the area under the jurisdiction of Gazipur Development Authority.,pr0042,gda-dev-2025-2026-2-1,gda-dev-2025-2026-2-1,"Hiring transportation for inspection through outsourcing under the project titled Ã?Â¢??Road Construction Survey as mentioned in DAP, in the areas under the jurisdiction of Gazipur Development Authority Ã?Â¢?Ã¯Â¿Â½.",,,ENTITY DETAILS,CAR RENT. COM BD,co0101,1,"Cha- 90/A, Pragati Sharani, Badda, Dhaka-1212",1190183,2294100,2294100.000,2026-04-05,2026-05-12,2026-05-20,2026-05-20,2027-06-30,,,,no,,,Ripon Kumer Roy,pp0073,Chief Engineer,1
1251766,Contract_Awards_PDFs/Tender_1251766.pdf,1,economic-operator,Ministry of Housing and Public Works,og0001,Gazipur Development Authority,og0040,"Office of the Chief Engineer, Gazipur Development Authority",og0041,PE-GDA-006,Gazipur,Goods,OTM,Development Government,NA,Road construction survey project mentioned in DAP in the area under the jurisdiction of Gazipur Development Authority.,pr0042,gda-dev-2025-2026-2-4,gda-dev-2025-2026-2-4,Supply of Survey Drone (RTK) under the project titled Road Construction Survey mentioned in DAP in the areas under the jurisdiction of Gazipur Development Authority.,,,"gazipur chawrasta, gazipur",GREONY CORPORATION,co0102,1,"56, Eastern Trade Centre, Purana Paltan Lane, VIP Road, Paltan, Dhaka 1000",1210318,1587600,1587600.000,2026-04-05,2026-05-12,2026-05-18,2026-05-14,2026-05-24,,,,no,,,Ripon Kumer Roy,pp0073,Chief Engineer,1
125294,Contract_Awards_PDFs/Tender_125294.pdf,1,supplier,Ministry of Housing and Public Works,og0001,Rajdhani Unnayan Kartripakkha (RAJUK),og0002,office of the Chief Engineer ( Project & Design),og0036,CE-02,Dhaka,Goods,OTM,Own Fund Own fund,NA,Uttara Apment Project,pr0041,GD/UAPE/M/2016-2017/L/05,GD/UAPE/M/2016-2017/L/05,Supply Installation Testing and Commissioning of 1350/1400 KG Passenger Lift Brand & Manufacturing Country Otis China Schindler China Mitsubishi China XIZI Unite China or equivalent Standard with Certificates issued by internationally recognized authorities like TUV/DNV for the products of the manufactures as per relevant Standard for the Building No. 6A 6B & 6C 6D under the Project of Construction of Residential Apartment Building for Low & Middle Income Group of people at Sector -18 of Uttara Model Town 3rd Phase Dhaka.,GD/UAPE/M/2016-2017/L/05,"Supply, Installation, Testing and Commissioning of 1350/1400 KG Passenger Lift, Brand & Manufacturing Country: Otis (China), Schindler (China), Mitsubishi (China), XIZI Unite (China) or equivalent Standard with Certificates issued by internationally recognized authorities like TUV/DNV for the products of the manufactures as per relevant Standard for the Building No. 6A, 6B & 6C, 6D under the Project of â??Construction of Residential Apartment Building for Low & Middle Income Group of people at Sector -18 of Uttara Model Town (3rd Phase), Dhakaâ?�.",Uttara Apartment Project,Daffodil Electric Company,co0100,1,"Kazi Tower, Flat 6B, 86, Inner Circular VIP Road Naya Paltan, Dhaka-1000.",,47660719.387,47660719.387,2017-10-08,2017-12-07,2018-01-14,2017-12-04,2018-03-04,2,1,1,yes,yes,no,A S M Raihanul Ferodus,pp0053,"Chief Engineer, Project & Design",0
1253316,Contract_Awards_PDFs/Tender_1253316.pdf,1,economic-operator,Ministry of Housing and Public Works,og0001,Gazipur Development Authority,og0040,"Planning Section, Gazipur Development Authority",og0042,PE-GDA-002,Gazipur,Physical Services,OTM,"Development Government, Own fund",NA,"Feasibility study project for the planned housing development in Gazipur district, comprising three projects over an area of more than 200 acres and eight projects within 20 acres.",pr0043,gda-dev-2025-2026-1-3,gda-dev-2025-2026-1-3,Supply of vehicles under the project titled Planned Housing (3 plots of more than 200 acres and 8 plots of 20 acres) in Gazipur district.,,,ENTITY DETAILS,Creative Engineering & Technology,co0103,1,"295, Holylane Road, Shayamoli, Adabor, Dhaka-1207.",1093414,2151360,2151360.000,2026-04-05,2026-05-24,2026-06-07,2026-06-15,2027-06-30,,,,no,,,Md. Mumitur Rahman,pp0076,Member (Planning),1
1253428,Contract_Awards_PDFs/Tender_1253428.pdf,1,economic-operator,Ministry of Housing and Public Works,og0001,Gazipur Development Authority,og0040,"Office of the Member,Administration and Finance Department, Gazipur Development Authority",og0043,PE-GDA-003,Gazipur,Physical Services,OTM,Development Government,NA,"Study project titled ""Feasibility of research through surveys, surveys, and random sampling on low-income housing""",pr0044,gda-dev-2025-2026-3-3,gda-dev-2025-2026-3-3,"Supply of vehicles under the project titled Survey, Random Selection, and Feasibility Study on Low-income Housing.",,,ENTITY DETAILS,Creative Engineering & Technology,co0103,1,"295, Holylane Road, Shayamoli, Adabor, Dhaka-1207.",1093414,1467648,1467648.000,2026-04-05,2026-05-29,2026-06-07,2026-06-15,2026-12-31,,,,no,,,Dewan Mahmudul Haque,pp0078,Member (Administration and Finance),1
1257073,Contract_Awards_PDFs/Tender_1257073.pdf,1,economic-operator,Ministry of Housing and Public Works,og0001,Gazipur Development Authority,og0040,"Admin and Finance Section, Gazipur Development Authority",og0044,PE-GDA-007,Gazipur,Goods,OTM,Revenue Government,NA,yearly works/goods supply/physical services with rev budget.,pr0045,gda-rev-2025-2026-1,gda-rev-2025-2026-1,Purchase of furniture for newly appointed officers and employees of the Gazipur Development Authority.,,,"GDA, chawrasta, gazipur",FURNITURE SOLUTION & INTERIOR,co0104,1,"33/15 Johuri Mohollah, Babar Road, Mohammadpur, Dhaka-1207",1127738,305100,305100.000,2026-04-12,2026-05-06,2026-05-18,2026-05-10,2026-05-24,,,,no,,,MD. Mehedi Hassan,pp0079,Secretary,2
1258384,Contract_Awards_PDFs/Tender_1258384.pdf,1,economic-operator,Ministry of Housing and Public Works,og0001,Cox's Bazar Development Authority,og0020,Cox's Bazar Development Authority,og0020,,Cox's Bazar,Works,OTM,Revenue Government,NA,NA,pr0003,CoxDA/Revenue/Goods/E/FY2025-26,CoxDA/Revenue/Goods/E/FY2025-26,Supply & Installation of electrical indoor LED screen of CoxDA. FY 2025-26,,,"CoxDA Bhaban, Coxsbazar",M/S Molla & Brothers,co0082,1,"2/5-1, East Ahmed nagar, Mirpur-1, Dhaka-1216",1157678,183975.5,183975.500,2026-04-22,2026-05-24,2026-06-02,2026-06-28,2026-06-28,,,,no,,,Abu Nayeem Md.Talat,pp0022,Member (Engineer),1
125874,Contract_Awards_PDFs/Tender_125874.pdf,1,supplier,Ministry of Housing and Public Works,og0001,Rajdhani Unnayan Kartripakkha (RAJUK),og0002,Office of the Chief Engineer (Implementation),og0032,CE-01,Dhaka,Works,OTM,Own Fund Own fund,NA,Uttara Residential Model Town (3rd Phase),pr0035,Rajuk/PD_Uttara_P-7,Rajuk/PD_Uttara_P-7,Construction of lake drive road at the west side of lake-12 in sector-18 Uttara RMT 3rd Phase Project.,Rajuk/PD_Uttara_P-7,"Construction of lake drive road at the west side of lake-12 in sector-18, Uttara RMT (3rd Phase) Project.",Uttara 3rd Phase Project Sector-18,"Mir Habibul Alam & Starlite Services Ltd & M/s. Udayn Builders JV ( JVCA Partners [Business Share]: Mir Habibul Alam [0.000%] , M/S Udayan Builders [0.000%] , Starlite Services Limited [0.000%] )",co0105,1,"Block - B (5th floor), Dhaka Trade Center, 99, Kawran Bazar Dhaka",,78653933.892,78653933.892,2017-10-11,2018-01-21,2018-03-21,2017-12-03,2018-04-02,12,11,9,yes,yes,no,Md. Anwar Hossain,pp0025,"Chief Engineer, Implementation",0
125877,Contract_Awards_PDFs/Tender_125877.pdf,1,supplier,Ministry of Housing and Public Works,og0001,Rajdhani Unnayan Kartripakkha (RAJUK),og0002,Office of the Chief Engineer (Implementation),og0032,CE-01,Dhaka,Works,OTM,Own Fund Own fund,NA,Uttara Residential Model Town (3rd Phase),pr0035,Rajuk/PD_Uttara_P-8,5-3205-3111-UMT/11,Construction of periphery road including road at Block-A1 partly Block-G & Block-G1 partly with periphery road in sector- 17 Uttara RMT 3rd phase Project.,Rajuk/PD_Uttara_P-8,"Construction of periphery road including road at Block-A1 (partly), Block-G & Block-G1 (partly) with periphery road in sector-17, Uttara RMT (3rd phase) Project.",Uttara 3rd Phase Project sector 17,"Convoy Service-M/S Paradise Traders-Moshiur Rahman Chowdhury JV ( JVCA Partners [Business Share]: M/S Paradise Traders [0.000%] , CONVOY SERVICE [0.000%] , Moshiur Rahman Chowdhury [0.000%] )",co0106,1,"House # 7, Road # 19/A, Sector # 4, Uttara, Dhaka-1230, Bangladesh",,56752529.868,56752529.868,2017-10-11,2018-01-15,2018-03-25,2017-12-03,2018-04-02,11,11,9,yes,yes,no,Md. Anwar Hossain,pp0025,"Chief Engineer, Implementation",0
1261854,Contract_Awards_PDFs/Tender_1261854.pdf,1,economic-operator,Ministry of Housing and Public Works,og0001,Gazipur Development Authority,og0040,"Office of the Chief Engineer, Gazipur Development Authority",og0041,PE-GDA-006,Gazipur,Physical Services,OTM,Development Government,NA,Road construction survey project mentioned in DAP in the area under the jurisdiction of Gazipur Development Authority.,pr0042,gda-dev-2025-2026-2-3,gda-dev-2025-2026-2-3,Supply of manpower through outsourcing for computing services and survey services under the project titled Road Construction Survey mentioned in DAP in the areas under the jurisdiction of Gazipur Development Authority.,,,ENTITY DETAILS,BROTHER'S SECURITY & SUPPLY CHAIN,co0107,1,"762 Asma Monjil, West Shewrapara, Mirpur, Dhaka-1216.",1176260,778464,778464.000,2026-04-20,2026-05-20,2026-05-21,2026-06-01,2027-06-30,,,,no,,,Ripon Kumer Roy,pp0073,Chief Engineer,1
1261983,Contract_Awards_PDFs/Tender_1261983.pdf,1,economic-operator,Ministry of Housing and Public Works,og0001,Gazipur Development Authority,og0040,"Planning Section, Gazipur Development Authority",og0042,PE-GDA-002,Gazipur,Physical Services,OTM,"Development Government, Own fund",NA,"Feasibility study project for the planned housing development in Gazipur district, comprising three projects over an area of more than 200 acres and eight projects within 20 acres.",pr0043,gda-dev-2025-2026-1-1,gda-dev-2025-2026-1-1,"Supply of manpower through outsourcing for computing services and survey services under the project titled ""Planned Housing (3 of more than 200 acres and 8 of 20 acres) in Gazipur district.""",,,ENTITY DETAILS,BROTHER'S SECURITY & SUPPLY CHAIN,co0107,1,"762 Asma Monjil, West Shewrapara, Mirpur, Dhaka-1216.",1176260,732672,732672.000,2026-04-22,2026-05-21,2026-05-24,2026-06-01,2027-06-30,,,,no,,,Md. Mumitur Rahman,pp0076,Member (Planning),1
1262256,Contract_Awards_PDFs/Tender_1262256.pdf,1,economic-operator,Ministry of Housing and Public Works,og0001,Gazipur Development Authority,og0040,"Office of the Member,Administration and Finance Department, Gazipur Development Authority",og0043,PE-GDA-003,Gazipur,Physical Services,OTM,Development Government,NA,"Study project titled ""Feasibility of research through surveys, surveys, and random sampling on low-income housing""",pr0044,gda-dev-2025-2026-3-1,gda-dev-2025-2026-3-1,"Supply of manpower through outsourcing for computing services and survey services under the project titled ""Low-income housing survey, survey, random selection research, feasibility study"" in Gazipur district",,,ENTITY DETAILS,BROTHER'S SECURITY & SUPPLY CHAIN,co0107,1,"762 Asma Monjil, West Shewrapara, Mirpur, Dhaka-1216.",1176260,608232.25,608232.250,2026-04-20,2026-06-04,2026-06-10,2026-06-15,2026-12-31,,,,no,,,Dewan Mahmudul Haque,pp0078,Member (Administration and Finance),1
1267626,Contract_Awards_PDFs/Tender_1267626.pdf,1,economic-operator,Ministry of Housing and Public Works,og0001,Chittagong Development Authority,og0009,Management Information System (MIS),og0038,,Chattogram,Goods,OTM,Own Fund Own Fund,NA,NA,pr0003,25.47.1500.111.30.01.24,25.47.1500.111.30.01.24,Procurement of toner for printers of different department of CDA,,,CDA Building,Fatema Construction BD,co0108,1,"Pahartali Railway School Moor, Pahartali, Khulshi, Chattogram-4202",1187489,579500,579500.000,2026-05-06,2026-06-25,2026-07-07,2026-07-07,2027-07-07,,,,no,,,Md Mostafa Jamal,pp0069,System Analyst,1
1272190,Contract_Awards_PDFs/Tender_1272190.pdf,1,economic-operator,Ministry of Housing and Public Works,og0001,Cox's Bazar Development Authority,og0020,CoxDA Master Plan,og0035,,Cox's Bazar,Goods,OTM,Development Government,NA,Master Plan Preparation for Cox's Bazar District,pr0033,CoxDA/Dev/25-26/MP/Printing-Binding,CoxDA/Dev/25-26/MP/Printing-Binding,"Printing, Binding and Supply of Different types of Survey Maps for ""Master Plan Preparation for Cox's Bazar District"" Project",,,"Room No 522, CoxDA Office",M/S Molla & Brothers,co0082,1,"2/5-1, East Ahmed nagar, Mirpur-1, Dhaka-1216",1157678,2303971.35,2303971.350,2026-05-10,2026-06-11,2026-06-14,2026-05-24,2026-06-23,,,,no,,,Md Tanvir Hasan Rezaul,pp0041,Deputy Town Planner,1
1272697,Contract_Awards_PDFs/Tender_1272697.pdf,1,economic-operator,Ministry of Housing and Public Works,og0001,Rajdhani Unnayan Kartripakkha (RAJUK),og0002,Office of the Superintending Engineer (Electrical),og0011,,Dhaka,Works,OTM,Own Fund Own fund,NA,Equipment accessories repair,pr0032,Rajuk/Electrical-1/26/W-03,Rajuk/Electrical-1/26/W-03,Repair & Maintenance of RAJUK Tower Clock at RAJUK Main Bhaban.,,,Rajuk Bhaban,T.S Enterprise,co0014,1,"28, Malibagh Chowdhury Para, Dhaka.",1045849,1171910,1171910.000,2026-05-10,2026-06-24,2026-07-08,2026-07-01,2026-08-30,,,,no,,,MOHAMMAD NAZMUS SAKIB JAMALI,pp0007,Sup. Eng. (Elec.),1
1273100,Contract_Awards_PDFs/Tender_1273100.pdf,1,economic-operator,Ministry of Housing and Public Works,og0001,Cox's Bazar Development Authority,og0020,CoxDA Master Plan,og0035,,Cox's Bazar,Goods,OTM,Development Government,NA,Master Plan Preparation for Cox's Bazar District,pr0033,CoxDA/Dev/25-26/MP/Stationery,CoxDA/Dev/25-26/MP/Stationery,"Procurement of Different types of Stationery for ""Master Plan Preparation for Cox's Bazar District"" Project",,,"Room No 522, CoxDA Office",M/S Molla & Brothers,co0082,1,"2/5-1, East Ahmed nagar, Mirpur-1, Dhaka-1216",1157678,1767938.6,1767938.600,2026-05-10,2026-06-11,2026-06-14,2026-05-24,2026-06-23,,,,no,,,Md Tanvir Hasan Rezaul,pp0041,Deputy Town Planner,1
134910,Contract_Awards_PDFs/Tender_134910.pdf,1,supplier,Ministry of Housing and Public Works,og0001,Rajdhani Unnayan Kartripakkha (RAJUK),og0002,office of the Chief Engineer ( Project & Design),og0036,CE-02,Dhaka,Works,OTM,Own Fund Own fund,NA,Repair Maintenance of Heavy Machinery & Equipment,pr0004,Rajuk/Mechanical/2,Rajuk/Mechanical/2,Fuel pump Clutch system Deferential Gearbox and others Repairing with Supplying of Spare parts & fitting fixing of Road Roller No-17.,Rajuk/Mechanical/2,"Fuel pump, Clutch system, Deferential Gearbox and others Repairing with Supplying of Spare parts & fitting fixing of Road Roller No-17.",Mohakhali Zonal office,M/S. Maliha Enterprise,co0109,1,"8, Layal Street, Patuatuli Road, Kotoali, Dhaka.",,808560,808560.000,2019-08-25,2020-01-14,2020-02-11,2020-02-11,2020-04-12,5,4,3,yes,yes,yes,A S M Raihanul Ferdous,pp0084,"Chief Engineer, Project & Design",0
144571,Contract_Awards_PDFs/Tender_144571.pdf,1,supplier,Ministry of Housing and Public Works,og0001,Rajdhani Unnayan Kartripakkha (RAJUK),og0002,office of the Chief Engineer ( Project & Design),og0036,CE-02,Dhaka,Goods,OTM,Own Fund Own fund,NA,Repair Maintenance of Heavy Machinery & Equipment,pr0004,Rajuk/Mechanical-1/01/P-3,Rajuk/Mechanical-1/01/P-2,Supply and fitting fixing 5(Five) Nos. New Tube lass Tyre for the Germany Tyre Dozer No. 02 of RAJUK.,Rajuk/Mechanical-1/01/P-3,Supply and fitting fixing 5(Five) Nos. New Tube lass Tyre for the Germany Tyre Dozer No. 02 of RAJUK.,Mohakhali Zonal office,M/s. Halim Enterprise.,co0110,1,"9 Nawab Street, Nawab Tower,Flat # B/C (1st floor ), Wari, Dhaka.",,3242100.005,3242100.005,2018-01-03,2018-05-22,2018-08-09,2018-03-01,2018-04-01,4,4,4,yes,yes,no,A S M Raihanul Ferodus,pp0053,"Chief Engineer, Project & Design",0
146376,Contract_Awards_PDFs/Tender_146376.pdf,1,supplier,Ministry of Housing and Public Works,og0001,Rajdhani Unnayan Kartripakkha (RAJUK),og0002,office of the Chief Engineer ( Project & Design),og0036,CE-02,Dhaka,Goods,OTM,Own Fund Own fund,NA,Uttara Apment Project,pr0041,GD/UAP/EM/2016-2017/G/7,GD/UAPE/M/2016-2017/G/7,Supply Installation Testing and Commissioning of 04Nos 250 KVA Generator for the building No 17A 17B & 17C 17D under the Project of Construction of Residential Apartment Building for Low & Middle Income Group of people at Sector- 18 of Uttara Model Town 3rd Phase Dhaka.,GD/UAP/EM/2016-2017/G/7,"Supply, Installation, Testing and Commissioning of 04Nos 250 KVA Generator for the building No: 17A, 17B & 17C, 17D under the Project of â??Construction of Residential Apartment Building for Low & Middle Income Group of people at Sector-18 of Uttara Model Town (3rd Phase), Dhakaâ?�.",Uttara Apartment Project,Dulal Enterprise (Pvt) Ltd.,co0111,1,"House # 01(2nd Floor), Road # 06, Sector # 01, Uttara Commercial Area, Dhaka-1230.",,18313600.652,18313600.652,2017-12-27,2018-04-30,2018-07-17,2018-02-01,2018-04-30,10,5,4,yes,yes,no,A S M Raihanul Ferodus,pp0053,"Chief Engineer, Project & Design",0
146377,Contract_Awards_PDFs/Tender_146377.pdf,1,supplier,Ministry of Housing and Public Works,og0001,Rajdhani Unnayan Kartripakkha (RAJUK),og0002,office of the Chief Engineer ( Project & Design),og0036,CE-02,Dhaka,Goods,OTM,Own Fund Own fund,NA,Uttara Apment Project,pr0041,GD/UAP/EM/2016-2017/G/8,GD/UAPE/M/2016-2017/G/8,Supply Installation Testing and Commissioning of 02Nos 250 KVA Generator for the building No 03A & 03B under the Project of Construction of Residential Apartment Building for Low & Middle Income Group of people at Sector-18 of Uttara Model Town 3rd Phase Dhaka.,GD/UAP/EM/2016-2017/G/8,"Supply, Installation, Testing and Commissioning of 02Nos 250 KVA Generator for the building No: 03A & 03B under the Project of â??Construction of Residential Apartment Building for Low & Middle Income Group of people at Sector-18 of Uttara Model Town (3rd Phase), Dhakaâ?�.",Uttara Apartment Project,Dulal Enterprise (Pvt) Ltd.,co0111,1,"House # 01(2nd Floor), Road # 06, Sector # 01, Uttara Commercial Area, Dhaka-1230.",,9224800.33,9224800.330,2017-12-27,2018-04-30,2018-07-17,2018-02-01,2018-04-30,10,7,6,yes,yes,no,A S M Raihanul Ferodus,pp0053,"Chief Engineer, Project & Design",0
146380,Contract_Awards_PDFs/Tender_146380.pdf,1,supplier,Ministry of Housing and Public Works,og0001,Rajdhani Unnayan Kartripakkha (RAJUK),og0002,office of the Chief Engineer ( Project & Design),og0036,CE-02,Dhaka,Goods,OTM,Own Fund Own fund,NA,Uttara Apment Project,pr0041,GD/UAP/EM/2016-2017/G/9,GD/UAPE/M/2016-2017/G/9,Supply Installation Testing and Commissioning of 02Nos 250 KVA Generator for the building No 13A & 13B under the Project of Construction of Residential Apartment Building for Low & Middle Income Group of people at Sector-18 of Uttara Model Town 3rd Phase Dhaka.,GD/UAP/EM/2016-2017/G/9,"Supply, Installation, Testing and Commissioning of 02Nos 250 KVA Generator for the building No: 13A & 13B under the Project of â??Construction of Residential Apartment Building for Low & Middle Income Group of people at Sector-18 of Uttara Model Town (3rd Phase), Dhakaâ?�.",Uttara Apartment Project,Dulal Enterprise (Pvt) Ltd.,co0111,1,"House # 01(2nd Floor), Road # 06, Sector # 01, Uttara Commercial Area, Dhaka-1230.",,9224800.33,9224800.330,2017-12-27,2018-04-30,2018-07-17,2018-02-01,2018-04-30,13,10,8,yes,yes,no,A S M Raihanul Ferodus,pp0053,"Chief Engineer, Project & Design",0
146381,Contract_Awards_PDFs/Tender_146381.pdf,1,supplier,Ministry of Housing and Public Works,og0001,Rajdhani Unnayan Kartripakkha (RAJUK),og0002,office of the Chief Engineer ( Project & Design),og0036,CE-02,Dhaka,Goods,OTM,Own Fund Own fund,NA,Uttara Apment Project,pr0041,GD/UAP/EM/2016-2017/G/10,GD/UAPE/M/2016-2017/G/10,Supply Installation Testing and Commissioning of 02Nos 250 KVA Generator for the building No 13C & 13D under the Project of Construction of Residential Apartment Building for Low & Middle Income Group of people at Sector-18 of Uttara Model Town 3rd Phase Dhaka.,GD/UAP/EM/2016-2017/G/10,"Supply, Installation, Testing and Commissioning of 02Nos 250 KVA Generator for the building No: 13C & 13D under the Project of â??Construction of Residential Apartment Building for Low & Middle Income Group of people at Sector-18 of Uttara Model Town (3rd Phase), Dhakaâ?�.",Uttara Apartment Project,Dulal Enterprise (Pvt) Ltd.,co0111,1,"House # 01(2nd Floor), Road # 06, Sector # 01, Uttara Commercial Area, Dhaka-1230.",,9156800.326,9156800.326,2017-12-27,2018-04-30,2018-07-17,2018-02-01,2018-04-30,13,8,7,yes,yes,no,A S M Raihanul Ferodus,pp0053,"Chief Engineer, Project & Design",0
146449,Contract_Awards_PDFs/Tender_146449.pdf,1,supplier,Ministry of Housing and Public Works,og0001,Rajdhani Unnayan Kartripakkha (RAJUK),og0002,office of the Chief Engineer ( Project & Design),og0036,CE-02,Dhaka,Goods,OTM,Own Fund Own fund,NA,Purbachal New town Project,pr0009,Rajuk/Purbachal_Mechanical/2,Rajuk/Purbachal_Mechanical/2,Procurement of 2 TWO Nos. Brand New Wheel Excavators Under Purbachal New Town Project of RAJUK,Rajuk/Purbachal_Mechanical/2,Procurement of 2 (TWO) Nos. Brand New Wheel Excavators Under Purbachal New Town Project of RAJUK,Mohakhali Zonal office,Sohel Engineering & Construction Ltd.,co0045,1,"Tropicana Tower (3rd Floor), 218 Shaheed Syed Nazrul Islam Saranee, Dhaka-1000",,48500000.176,48500000.176,2018-01-03,2018-05-03,2018-05-21,2018-03-01,2018-07-01,4,4,3,yes,yes,yes,A S M Raihanul Ferodus,pp0053,"Chief Engineer, Project & Design",0
149105,Contract_Awards_PDFs/Tender_149105.pdf,1,supplier,Ministry of Housing and Public Works,og0001,Rajdhani Unnayan Kartripakkha (RAJUK),og0002,office of the Chief Engineer ( Project & Design),og0036,CE-02,Dhaka,Goods,OTM,Own Fund Own fund,NA,Uttara Apment Project,pr0041,GD/UAPE/M/2016-2017/S/04,GD/UAPE/M/2016-2017/S/04,Supply Installation Testing & Commissioning of 4Nos 800 KVA 11/0.415kv 50Hz Electric Sub-Station for the building No- 5A 5B & 5C 5D under the Project of Construction of Residential Apartment Building for Low & Middle Income Group of people at Sector-18 Of Uttara Model Town 3rd Phase Dhaka.,GD/UAPE/M/2016-2017/S/04,"Supply, Installation, Testing & Commissioning of 4Nos 800 KVA, 11/0.415kv 50Hz Electric Sub-Station for the building No- 5A, 5B & 5C, 5D under the Project of â??Construction of Residential Apartment Building for Low & Middle Income Group of people at Sector-18 Of Uttara, Model Town (3rd Phase) Dhakaâ?�.",Uttara Apartment Project,Quality Powertec Engineering Ltd.,co0112,1,"476/C, DIT Road (4th Floor) Malibagh Dhaka-1219",,26472001.364,26472001.364,2018-01-01,2018-04-30,2018-05-28,2018-05-28,2018-08-28,8,5,3,yes,yes,yes,A S M Raihanul Ferodus,pp0053,"Chief Engineer, Project & Design",0
149115,Contract_Awards_PDFs/Tender_149115.pdf,1,supplier,Ministry of Housing and Public Works,og0001,Rajdhani Unnayan Kartripakkha (RAJUK),og0002,office of the Chief Engineer ( Project & Design),og0036,CE-02,Dhaka,Goods,OTM,Own Fund Own fund,NA,Uttara Apment Project,pr0041,GD/UAPE/M/2016-2017/S/08,GD/UAPE/M/2016-2017/S/08,Supply Installation Testing & Commissioning of 2Nos 800 KVA 11/0.415kv 50Hz Electric Sub-Station for the building No- 3A & 3B under the Project of Construction of Residential Apartment Building for Low & Middle Income Group of people at Sector-18 Of Uttara Model Town 3rd Phase Dhaka.,GD/UAPE/M/2016-2017/S/08,"Supply, Installation, Testing & Commissioning of 2Nos 800 KVA, 11/0.415kv 50Hz Electric Sub-Station for the building No- 3A & 3B under the Project of â??Construction of Residential Apartment Building for Low & Middle Income Group of people at Sector-18 Of Uttara, Model Town (3rd Phase) Dhakaâ?�.",Uttara Apartment Project,M/S. Brothers Construction,co0113,1,"House No: 409, Sagorpara, P.O: Ghoramara, P.S: Boalia, Dist: Rajshahi",,13276000.682,13276000.682,2018-01-01,2018-04-30,2018-08-30,2018-02-15,2018-04-15,6,3,2,yes,yes,no,A S M Raihanul Ferodus,pp0053,"Chief Engineer, Project & Design",0
149117,Contract_Awards_PDFs/Tender_149117.pdf,1,supplier,Ministry of Housing and Public Works,og0001,Rajdhani Unnayan Kartripakkha (RAJUK),og0002,office of the Chief Engineer ( Project & Design),og0036,CE-02,Dhaka,Goods,OTM,Own Fund Own fund,NA,Uttara Apment Project,pr0041,GD/UAPE/M/2016-2017/S/09,GD/UAPE/M/2016-2017/S/09,Supply Installation Testing & Commissioning of 2Nos 800 KVA 11/0.415kv 50Hz Electric Sub-Station for the building No- 13A & 13B under the Project of Construction of Residential Apartment Building for Low & Middle Income Group of people at Sector-18 Of Uttara Model Town 3rd Phase Dhaka.,GD/UAPE/M/2016-2017/S/09,"Supply, Installation, Testing & Commissioning of 2Nos 800 KVA, 11/0.415kv 50Hz Electric Sub-Station for the building No- 13A & 13B under the Project of â??Construction of Residential Apartment Building for Low & Middle Income Group of people at Sector-18 Of Uttara, Model Town (3rd Phase) Dhakaâ?�.",Uttara Apartment Project,M/S. Brothers Construction,co0113,1,"House No: 409, Sagorpara, P.O: Ghoramara, P.S: Boalia, Dist: Rajshahi",,13276000.682,13276000.682,2018-01-01,2018-04-30,2018-08-30,2018-02-15,2018-04-15,7,4,2,yes,yes,no,A S M Raihanul Ferodus,pp0053,"Chief Engineer, Project & Design",0
149118,Contract_Awards_PDFs/Tender_149118.pdf,1,supplier,Ministry of Housing and Public Works,og0001,Rajdhani Unnayan Kartripakkha (RAJUK),og0002,office of the Chief Engineer ( Project & Design),og0036,CE-02,Dhaka,Goods,OTM,Own Fund Own fund,NA,Uttara Apment Project,pr0041,GD/UAPE/M/2016-2017/S/10,GD/UAPE/M/2016-2017/S/10,Supply Installation Testing & Commissioning of 2Nos 800 KVA 11/0.415kv 50Hz Electric Sub-Station for the building No- 13C & 13D under the Project of Construction of Residential Apartment Building for Low & Middle Income Group of people at Sector-18 Of Uttara Model Town 3rd Phase Dhaka.,GD/UAPE/M/2016-2017/S/10,"Supply, Installation, Testing & Commissioning of 2Nos 800 KVA, 11/0.415kv 50Hz Electric Sub-Station for the building No- 13C & 13D under the Project of â??Construction of Residential Apartment Building for Low & Middle Income Group of people at Sector-18 Of Uttara, Model Town (3rd Phase) Dhakaâ?�.",Uttara Apartment Project,M/S. Brothers Construction,co0113,1,"House No: 409, Sagorpara, P.O: Ghoramara, P.S: Boalia, Dist: Rajshahi",,13276000.682,13276000.682,2018-01-01,2018-04-30,2018-08-30,2018-02-15,2018-04-15,6,4,3,yes,yes,no,A S M Raihanul Ferodus,pp0053,"Chief Engineer, Project & Design",0
149365,Contract_Awards_PDFs/Tender_149365.pdf,1,supplier,Ministry of Housing and Public Works,og0001,Khulna Development Authority (KDA),og0016,Office of Chief Engineer,og0045,,Khulna,Works,OTM,Own Fund Own Fund,NA,NA,pr0003,e-GP/01/KDA/Khulna/2017-2018,Land Development WD-01,Land Development Of Ahanabad Residential Area under KDA Khulna during the year 2017-2018.,e-GP/01/KDA/Khulna/2017-2018 (ID No. 149365),"Land Development Of Ahanabad Residential Area under KDA, Khulna during the year 2017-2018.",Land Development Of Ahanabad Residential Area,Toma Construction & Co. Limited,co0114,1,"Toma Tower, 77/1 Bir Uttam Samsul Alam Sarak, Kakrail, Ramna, Dhaka",,222729274.8,222729274.800,2017-12-27,2018-05-17,2018-05-29,2018-03-14,2018-09-10,10,6,2,yes,yes,yes,Kazi Md. Sabirul Alam,pp0085,Chief Engineer,0
15000,Contract_Awards_PDFs/Tender_15000.pdf,1,supplier,Power Division,og0046,Power Grid Company of Bangladesh Ltd. (PGCB),og0047,"Grid Maintenance Division, Comilla",og0048,014,Comilla,Works,OTM,Own Fund Own Fund,NA,NA,pr0003,PGCB/GMD/Com/Ac-2/14/2187 Dated 24/11/14,eT:gmd/com/com(n)ss/14/03,"4 nos IP based security surveillance system camera supply and commissioning at Comilla (N) 230 kv Grid Substation under GMD, Comilla.",PGCB/Grid/com/Ac-3/15/211 dated 26/02/15,"4 nos IP based security surveillance system camera supply and commissioning at Comilla (N) 230 kv Grid Substation under GMD, Comilla.",Comilla,OptiNet,co0115,1,"33, Kazi Nazrul islam avenue, Hafiz Mansion(2nd floor), Kawran Bazar, Dhaka-1215.",,280119.679,280119.679,2014-12-01,2015-02-26,2015-03-11,2015-01-04,2015-01-25,3,2,2,yes,yes,yes,Mir Abul Kashem,pp0086,Executive Engineer,0
151177,Contract_Awards_PDFs/Tender_151177.pdf,1,supplier,Ministry of Housing and Public Works,og0001,Rajdhani Unnayan Kartripakkha (RAJUK),og0002,Office of the Chief Engineer (Implementation),og0032,CE-01,Dhaka,Works,OTM,Own Fund Own fund,NA,Gulshan-Banani-Baridhara Lake Development,pr0039,Rajuk/Pd_lake/04,Rajuk/Pd_lake/04,Construction of 50 mm DBS with ancillary works at Lake Drive Road at the East bank of Gulshan-Baridhara Lake from Gulshan-Badda Link Road to Morium Tower-2.,Rajuk/Pd_lake/04,Construction of 50 mm DBS with ancillary works at Lake Drive Road at the East bank of Gulshan-Baridhara Lake from Gulshan-Badda Link Road to Morium Tower-2.,Gulshan-Badda Link Road to Morium Tower,Rafiq Construction Co. (Pvt.) Ltd.,co0116,1,18/1 Nayapaltan Dhaka-1000,,12557304.801,12557304.801,2018-01-14,2018-04-18,2018-05-16,2018-03-01,2018-04-30,7,6,3,yes,yes,yes,Md. Anwar Hossain,pp0025,"Chief Engineer, Implementation",0
159826,Contract_Awards_PDFs/Tender_159826.pdf,1,supplier,Local Government Division,og0027,Local Government Engineering Department (LGED),og0028,"Office of the Executive Engineer, LGED, Pabna",og0049,,Pabna,Works,OTM,Development Government,NA,Greater Pabna & Bogra District Rural Infrastructures Development Project,pr0046,APP ID NO-86001,GPBRIDP/RD-232,Improvement of Miapur UZR H/O Kader-Dhatalpur Khetupara road at Ch.1430m-1930m under Santhia Upazila District Pabna Road ID-176725062,GPBRIDP/RD-232,"Improvement of Miapur UZR H/O Kader-Dhatalpur Khetupara road at (Ch.1430m-1930m) under Santhia Upazila, District : Pabna [Road ID-176725062]",Santhia,M/S. SHAFIQUE TRADERS,co0117,1,"Khairul Tower, (3rd Floor) M.M Ali Road, Shibrampur, Pabna-6600.",,2575159.201,2575159.201,2018-02-04,2018-03-15,2018-04-08,2018-02-25,2018-06-25,6,6,6,yes,yes,yes,Md. Rezaul Karim,pp0087,Executive Engineer,0
162060,Contract_Awards_PDFs/Tender_162060.pdf,1,supplier,Ministry of Housing and Public Works,og0001,Rajdhani Unnayan Kartripakkha (RAJUK),og0002,office of the Chief Engineer ( Project & Design),og0036,CE-02,Dhaka,Works,OTM,Own Fund Own fund,NA,Residents for Rajuk Officer and Staff,pr0047,Rajuk/Electrical-01/18/w-4,Rajuk/Electrical-1/20,Internal and External Electrification of 14 storied with Basement-1 Rajuk Officers Quarters Building at Malibagh.,25.39.0000.063.07.018.17,Internal and External Electrification of 14 storied with (+ Basement-1) Rajuk Officers Quarters Building at Malibagh.,Malibagh Rajuk Officers Quarters,M/S. Sany Construction,co0118,1,"123 Kakrail, Dhaka-1000",,29369128.5,29369128.500,2018-02-15,2018-05-06,2018-05-28,2018-05-03,2018-07-31,4,3,3,yes,yes,yes,A S M Raihanul Ferodus,pp0053,"Chief Engineer, Project & Design",0
162590,Contract_Awards_PDFs/Tender_162590.pdf,1,supplier,Ministry of Housing and Public Works,og0001,Rajdhani Unnayan Kartripakkha (RAJUK),og0002,office of the Chief Engineer ( Project & Design),og0036,CE-02,Dhaka,Works,OTM,Own Fund Own fund,NA,Residents for Rajuk Officer and Staff,pr0047,Rajuk/Electrical-01/18/w-5,Rajuk/Electrical-1/19,Supply Installation of Fire Hydrant System for 14th storied with Basement-1 Rajuk Officers Quarters building at Malibagh.,25.39.0000.063.07.026.17,"Supply, Installation of Fire Hydrant System for 14th storied (with Basement-1) Rajuk Officers Quarters building at Malibagh.",Malibagh Rajuk Officers Quarters,"Fire Trade - M/s Khandaker Shahin Ahmed JV ( JVCA Partners [Business Share]: M/S. Khandaker Shahin Ahmed [0.000%] , Fire Trade [0.000%] )",co0119,1,"Akram Tower (4th floor ),Room No: 504, 199 Shahid Sayed Nazrul Islam Sawrani, Bijoynagar, Dhaka- 1000.Ph:+88028392391",,12293260.2,12293260.200,2018-02-15,2018-05-06,2018-07-02,2018-05-03,2018-06-28,4,3,2,yes,yes,no,A S M Raihanul Ferodus,pp0053,"Chief Engineer, Project & Design",0
164878,Contract_Awards_PDFs/Tender_164878.pdf,1,supplier,Ministry of Housing and Public Works,og0001,Rajdhani Unnayan Kartripakkha (RAJUK),og0002,"Office of the Project Director, Urban Resilience Project-RAJUK Part,RAJUK,Dhaka",og0050,,Dhaka,Goods,OTM,Development Aid or Grant,World Bank,Urban Resilience Project-RAJUK Part,pr0048,APP ID: 89768,URP/RAJUK/G-3-1,Procurement of Motor Vehicle for PIU of URPRAJUK-Phase1 i 1no 4WD Sports Utility Vehicle ii 4 nos Double Cabin 4WD Pick-up and iii 1 no Microbus,Contract No : G-2,Procurement of Motor Vehicle for PIU of URPRAJUK-Phase1 : i) 1no 4WD Sports Utility Vehicle ii) 4 nos Double Cabin 4WD Pick-up and iii) 1 no Microbus,Dhaka,Pacific Motors Limited,co0120,1,"Pacific Motors Limited 206/1-207/1, Bir Uttam Mir Shawkat Sarak, Tejgaon Industrial Area, Dhaka-1208, Bangladesh.",,32844000.006,32844000.006,2018-03-08,2018-05-09,2018-06-06,2018-04-19,2019-03-31,1,1,1,yes,yes,yes,Mr. Abdul Latif Helaly,pp0088,Project Director,0
168749,Contract_Awards_PDFs/Tender_168749.pdf,1,supplier,Local Government Division,og0027,Local Government Engineering Department (LGED),og0028,"Office of the Executive Engineer, LGED, Barisal",og0051,,Barisal,Works,OTM,Revenue Government,NA,NA,pr0003,APP ID: 89671,e-Tender/LGED/Bari/GOBM/17-18/W-51,Periodic Maintenance of Chorhogla Mosarraf Dr. House- H/O Ruhul Amin Master Laskarpur Road from Ch. 00m-1000m Mehendiganj Road Code 506625126,168749,Periodic Maintenance of Chorhogla Mosarraf Dr. House- H/O Ruhul Amin Master Laskarpur Road from Ch. 00m-1000m [Mehendiganj] [Road Code : 506625126],Mehendiganj,M/S Oshin Enterprise,co0121,1,"M/S Oshin Enterprise Pro: Shakel Ahamed Polash Srinath Chaterjilane ,Kalibari Road ,Barisal",,1367468.163,1367468.163,2018-02-22,2018-03-24,2018-04-02,2018-04-12,2018-06-12,2,2,2,yes,yes,yes,Molla Mizanur Rahman,pp0089,Executive Engineer,0
169223,Contract_Awards_PDFs/Tender_169223.pdf,1,supplier,Ministry of Housing and Public Works,og0001,Rajdhani Unnayan Kartripakkha (RAJUK),og0002,office of the Chief Engineer ( Project & Design),og0036,CE-02,Dhaka,Goods,OTM,Own Fund Own fund,NA,"Computer, Office Accessories & Equipment Procurement",pr0049,Rajuk/Electrical-01/18/G-6,Rajuk/Electrical-1/14,Supply and Installation of CCTV Surveillance System inside & out Side of Rajuk Main & Annex Building and some important places of record room.,25.39.0000.063.07.004.17,Supply and Installation of CCTV Surveillance System inside & out Side of Rajuk Main & Annex Building and some important places of record room.,Rajuk Bhaban,Silver Sun Electronics,co0122,1,"Room # 09, Ground Floor, Electric Plaza, Tropicana Tower, 218, shahid Seyad Nazrul Islam Sharani, Old 45, Topkhana Road, Purana Paltan, Dhaka-1000.",,1430370.835,1430370.835,2018-03-08,2018-07-24,2018-09-30,2018-07-01,2018-08-30,9,5,1,yes,yes,no,A S M Raihanul Ferodus,pp0053,"Chief Engineer, Project & Design",0
171570,Contract_Awards_PDFs/Tender_171570.pdf,1,supplier,Ministry of Housing and Public Works,og0001,Rajdhani Unnayan Kartripakkha (RAJUK),og0002,office of the Chief Engineer ( Project & Design),og0036,CE-02,Dhaka,Works,OTM,Development Government,NA,Integrated Development of Hatirjheel Area including Begunbari Khal.,pr0050,Rajuk/Electrical-01/18/w-7,Rajuk/electrical-1/18/w-7,Supply InstallationTesting & Commissioning of Additional Solar Power System of 15th Storied Apartment Building for Rehabilitation of affected House Owner of integrated Development Hatirjheel Project at Begunbari.Group- 1& 2 .,Rajuk/Electrical-01/18/w-7,Supply InstallationTesting & Commissioning of Additional Solar Power System of 15th Storied Apartment Building for Rehabilitation of affected House Owner of integrated Development Hatirjheel Project at Begunbari.Group- 1& 2 .,Hatirjheel,M/S Nur Enterprise,co0123,1,"99,Karim Chember,7th floor, Room no-702,Motijheel C/A, Dhaka-1000.",,2283984,2283984.000,2018-03-08,2018-07-24,2018-09-17,2018-05-03,2018-06-03,11,7,3,yes,yes,no,A S M Raihanul Ferodus,pp0053,"Chief Engineer, Project & Design",0
174037,Contract_Awards_PDFs/Tender_174037.pdf,1,supplier,Ministry of Housing and Public Works,og0001,Rajdhani Unnayan Kartripakkha (RAJUK),og0002,"Office of the Project Director, Urban Resilience Project-RAJUK Part,RAJUK,Dhaka",og0050,,Dhaka,Goods,OTM,Development Aid or Grant,World Bank,Urban Resilience Project-RAJUK Part,pr0048,APP ID: 95841,URP/RAJUK/G-3-2,Procurement of Motor Vehicle for PIU of URP RAJUK-Phase2 i 1no 4WD Sports Utility Vehicle ii 5 nos Double Cabin 4WD Pick-up and iii 3 no Microbus,Contract No : G-1,Procurement of Motor Vehicle for PIU of URP RAJUK-Phase2 i 1no 4WD Sports Utility Vehicle ii 5 nos Double Cabin 4WD Pick-up and iii 3 no Microbus,Dhaka,Pacific Motors Limited,co0120,1,"Pacific Motors Limited 206/1-207/1, Bir Uttam Mir Shawkat Sarak, Tejgaon Industrial Area, Dhaka-1208, Bangladesh.",,48351000.009,48351000.009,2018-03-25,2018-05-09,2018-06-06,2018-05-01,2019-03-03,1,1,1,yes,yes,yes,Mr. Abdul Latif Helaly,pp0088,Project Director,0
174670,Contract_Awards_PDFs/Tender_174670.pdf,1,supplier,Ministry of Housing and Public Works,og0001,Rajdhani Unnayan Kartripakkha (RAJUK),og0002,office of the Chief Engineer ( Project & Design),og0036,CE-02,Dhaka,Goods,OTM,Own Fund Own fund,NA,Uttara Apment Project,pr0041,GD/UAP/EM/2016-2017/Solar/09,GD/UAP/EM/2016-2017/Solar/09,Supply Installation Testing and Commissioning of Solar panel system for the Building No 1A 1B & 1C 1DB under the Project of Construction of Residential Apartment Building for Low & Middle Income Group of people at Sector -18 of Uttara Model Town 3rd Phase Dhaka.,GD/UAP/EM/2016-2017/Solar/09,"Supply, Installation, Testing and Commissioning of Solar panel system for the Building No: 1A, 1B & 1C, 1DB under the Project of â??Construction of Residential Apartment Building for Low & Middle Income Group of people at Sector -18 of Uttara Model Town (3rd Phase) Dhakaâ?�.",Uttara Apartment Project,Sherpa Power Engineering Ltd.,co0124,1,"10/3 Arambagh, Mokbul Plaza, Motijheel C/A, Dhaka-1000, Bangladesh Kanij Fatema Mitu Executive Secretary Contact:+88017-09380850,+88018-33010136",,5767943.372,5767943.372,2018-05-27,2018-10-15,2018-11-12,2019-01-03,2019-02-17,9,8,7,yes,yes,yes,Md. Anwar Hossain,pp0025,"Chief Engineer, Project & Design",0
174671,Contract_Awards_PDFs/Tender_174671.pdf,1,supplier,Ministry of Housing and Public Works,og0001,Rajdhani Unnayan Kartripakkha (RAJUK),og0002,office of the Chief Engineer ( Project & Design),og0036,CE-02,Dhaka,Goods,OTM,Own Fund Own fund,NA,Uttara Apment Project,pr0041,GD/UAP/EM/2016-2017/Solar/03,GD/UAP/EM/2016-2017/Solar/03,Supply Installation Testing and Commissioning of Solar panel system for the Building No 2A 2B & 2C 2D under the Project of Construction of Residential Apartment Building for Low & Middle Income Group of people at Sector -18 of Uttara Model Town 3rd Phase Dhaka.,GD/UAP/EM/2016-2017/Solar/03,"Supply, Installation, Testing and Commissioning of Solar panel system for the Building No: 2A, 2B & 2C, 2D under the Project of â??Construction of Residential Apartment Building for Low & Middle Income Group of people at Sector -18 of Uttara Model Town (3rd Phase) Dhakaâ?�.",Uttara Apartment Project,Sherpa Power Engineering Ltd.,co0124,1,"10/3 Arambagh, Mokbul Plaza, Motijheel C/A, Dhaka-1000, Bangladesh Kanij Fatema Mitu Executive Secretary Contact:+88017-09380850,+88018-33010136",,5767943.372,5767943.372,2018-05-27,2018-10-15,2018-11-12,2019-01-03,2019-02-14,8,7,7,yes,yes,yes,Md. Anwar Hossain,pp0025,"Chief Engineer, Project & Design",0
174673,Contract_Awards_PDFs/Tender_174673.pdf,1,supplier,Ministry of Housing and Public Works,og0001,Rajdhani Unnayan Kartripakkha (RAJUK),og0002,office of the Chief Engineer ( Project & Design),og0036,CE-02,Dhaka,Goods,OTM,Own Fund Own fund,NA,Uttara Apment Project,pr0041,GD/UAP/EM/2016-2017/Solar/04,GD/UAP/EM/2016-2017/Solar/04,Supply Installation Testing and Commissioning of Solar panel system for the Building No 4A 4B & 4C 4D under the Project of Construction of Residential Apartment Building for Low & Middle Income Group of people at Sector -18 of Uttara Model Town 3rd Phase Dhaka.,GD/UAP/EM/2016-2017/Solar/04,"Supply, Installation, Testing and Commissioning of Solar panel system for the Building No: 4A, 4B & 4C, 4D under the Project of â??Construction of Residential Apartment Building for Low & Middle Income Group of people at Sector -18 of Uttara Model Town (3rd Phase) Dhakaâ?�.",Uttara Apartment Project,Sherpa Power Engineering Ltd.,co0124,1,"10/3 Arambagh, Mokbul Plaza, Motijheel C/A, Dhaka-1000, Bangladesh Kanij Fatema Mitu Executive Secretary Contact:+88017-09380850,+88018-33010136",,5767943.372,5767943.372,2018-05-27,2018-10-15,2018-11-12,2019-01-03,2019-02-14,8,7,7,yes,yes,yes,Md. Anwar Hossain,pp0025,"Chief Engineer, Project & Design",0
174674,Contract_Awards_PDFs/Tender_174674.pdf,1,supplier,Ministry of Housing and Public Works,og0001,Rajdhani Unnayan Kartripakkha (RAJUK),og0002,office of the Chief Engineer ( Project & Design),og0036,CE-02,Dhaka,Goods,OTM,Own Fund Own fund,NA,Uttara Apment Project,pr0041,GD/UAP/EM/2016-2017/Solar/08,GD/UAP/EM/2016-2017/Solar/08,Supply Installation Testing and Commissioning of Solar panel system for the Building No 5A 5B & 5C 5D under the Project of Construction of Residential Apartment Building for Low & Middle Income Group of people at Sector -18 of Uttara Model Town 3rd Phase Dhaka.,GD/UAP/EM/2016-2017/Solar/08,"Supply, Installation, Testing and Commissioning of Solar panel system for the Building No: 5A, 5B & 5C, 5D under the Project of â??Construction of Residential Apartment Building for Low & Middle Income Group of people at Sector -18 of Uttara Model Town (3rd Phase) Dhakaâ?�.",Uttara Apartment Project,Sherpa Power Engineering Ltd.,co0124,1,"10/3 Arambagh, Mokbul Plaza, Motijheel C/A, Dhaka-1000, Bangladesh Kanij Fatema Mitu Executive Secretary Contact:+88017-09380850,+88018-33010136",,5767943.372,5767943.372,2018-05-27,2018-10-15,2018-11-12,2019-01-03,2019-02-14,7,6,6,yes,yes,yes,Md. Anwar Hossain,pp0025,"Chief Engineer, Project & Design",0
174677,Contract_Awards_PDFs/Tender_174677.pdf,1,supplier,Ministry of Housing and Public Works,og0001,Rajdhani Unnayan Kartripakkha (RAJUK),og0002,office of the Chief Engineer ( Project & Design),og0036,CE-02,Dhaka,Goods,OTM,Own Fund Own fund,NA,Uttara Apment Project,pr0041,GD/UAP/EM/2016-2017/Solar/07,GD/UAP/EM/2016-2017/Solar/07,Supply Installation Testing and Commissioning of Solar panel system for the Building No 6A 6B & 6C 6D under the Project of Construction of Residential Apartment Building for Low & Middle Income Group of people at Sector -18 of Uttara Model Town 3rd Phase Dhaka.,GD/UAP/EM/2016-2017/Solar/07,"Supply, Installation, Testing and Commissioning of Solar panel system for the Building No: 6A, 6B & 6C, 6D under the Project of â??Construction of Residential Apartment Building for Low & Middle Income Group of people at Sector -18 of Uttara Model Town (3rd Phase) Dhakaâ?�.",Uttara Apartment Project,Superstar Renweable Energy Ltd (SSG Solar),co0125,1,"SSG Center (3rd Floor), Nabosrista Plot No.: 1/A, Tejgaon I/A, Dhaka",,5063600.572,5063600.572,2018-07-04,2018-11-18,2019-01-08,2018-08-15,2018-09-30,8,6,5,yes,yes,no,Md. Anwar Hossain,pp0025,"Chief Engineer, Project & Design",0
174678,Contract_Awards_PDFs/Tender_174678.pdf,1,supplier,Ministry of Housing and Public Works,og0001,Rajdhani Unnayan Kartripakkha (RAJUK),og0002,office of the Chief Engineer ( Project & Design),og0036,CE-02,Dhaka,Goods,OTM,Own Fund Own fund,NA,Uttara Apment Project,pr0041,GD/UAP/EM/2016-2017/Solar/05,GD/UAP/EM/2016-2017/Solar/05,Supply Installation Testing and Commissioning of Solar panel system for the Building No 16A 16B & 16C 16D under the Project of Construction of Residential Apartment Building for Low & Middle Income Group of people at Sector -18 of Uttara Model Town 3rd Phase Dhaka.,GD/UAP/EM/2016-2017/Solar/05,"Supply, Installation, Testing and Commissioning of Solar panel system for the Building No: 16A, 16B & 16C, 16D under the Project of â??Construction of Residential Apartment Building for Low & Middle Income Group of people at Sector -18 of Uttara Model Town (3rd Phase) Dhakaâ?�.",Uttara Apartment Project,Sherpa Power Engineering Ltd.,co0124,1,"10/3 Arambagh, Mokbul Plaza, Motijheel C/A, Dhaka-1000, Bangladesh Kanij Fatema Mitu Executive Secretary Contact:+88017-09380850,+88018-33010136",,5767943.372,5767943.372,2018-05-27,2018-10-15,2018-11-12,2019-01-03,2019-02-14,8,6,6,yes,yes,yes,Md. Anwar Hossain,pp0025,"Chief Engineer, Project & Design",0
174680,Contract_Awards_PDFs/Tender_174680.pdf,1,supplier,Ministry of Housing and Public Works,og0001,Rajdhani Unnayan Kartripakkha (RAJUK),og0002,office of the Chief Engineer ( Project & Design),og0036,CE-02,Dhaka,Goods,OTM,Own Fund Own fund,NA,Uttara Apment Project,pr0041,GD/UAP/EM/2016-2017/Solar/02,GD/UAP/EM/2016-2017/Solar/02,Supply Installation Testing and Commissioning of Solar panel system for the Building No 17A 17B & 17C 17D under the Project of Construction of Residential Apartment Building for Low & Middle Income Group of people at Sector -18 of Uttara Model Town 3rd Phase Dhaka.,GD/UAP/EM/2016-2017/Solar/02,"Supply, Installation, Testing and Commissioning of Solar panel system for the Building No: 17A, 17B & 17C, 17D under the Project of â??Construction of Residential Apartment Building for Low & Middle Income Group of people at Sector -18 of Uttara Model Town (3rd Phase) Dhakaâ?�.",Uttara Apartment Project,Sherpa Power Engineering Ltd.,co0124,1,"10/3 Arambagh, Mokbul Plaza, Motijheel C/A, Dhaka-1000, Bangladesh Kanij Fatema Mitu Executive Secretary Contact:+88017-09380850,+88018-33010136",,5755380.572,5755380.572,2018-05-27,2018-10-15,2018-11-12,2019-01-03,2019-02-14,9,7,6,yes,yes,yes,Md. Anwar Hossain,pp0025,"Chief Engineer, Project & Design",0
174700,Contract_Awards_PDFs/Tender_174700.pdf,1,supplier,Ministry of Housing and Public Works,og0001,Rajdhani Unnayan Kartripakkha (RAJUK),og0002,Office of the Chief Engineer (Implementation),og0032,CE-01,Dhaka,Works,OTM,Own Fund Own fund,NA,Uttara Residential Model Town (3rd Phase),pr0035,Rajuk/PD_Uttara3rd/06,Rajuk/PD_Uttara3rd/06,Construction of 40-0 wide plaza road East side of MRT construction Yard at the West side of West avenue in Sector-18 Uttara RMT 3rd Phase Project.,Rajuk/PD_Uttara3rd/06,"Construction of 40â??-0â?� wide plaza road (East side of MRT construction Yard) at the West side of West avenue in Sector-18, Uttara RMT (3rd Phase) Project.",Uttara 3rd Phase Project sector 17,Domestic Power & Engineering,co0126,1,"8/A,-8/B, Nilkhet, Babupura, Gausul Azam Super Market, Dhaka.",,13951494.999,13951494.999,2018-04-23,2018-08-05,2018-10-17,2018-06-03,2018-08-02,8,5,2,yes,yes,no,Md. Anwar Hossain,pp0025,"Chief Engineer, Implementation",0
174705,Contract_Awards_PDFs/Tender_174705.pdf,1,supplier,Ministry of Housing and Public Works,og0001,Rajdhani Unnayan Kartripakkha (RAJUK),og0002,Office of the Chief Engineer (Implementation),og0032,CE-01,Dhaka,Works,OTM,Own Fund Own fund,NA,Uttara Residential Model Town (3rd Phase),pr0035,Rajuk/PD_Uttara3rd/01,Rajuk/PD_Uttara3rd/01,Construction of road work Southern part of Block-H1 Road-3 3A 4 & Avenue-5 at Uttara RMT 3rd Phase Project.,Rajuk/PD_Uttara3rd/01,"Construction of road work Southern part of Block-H1, Road-3, 3A, 4 & Avenue-5 at Uttara RMT (3rd Phase) Project.",Uttara 3rd Phase Project,M/S Razin International,co0127,1,"M/S Razin International 63/C, Lake Circus, Kalabagan, Dhanmondi, Dhaka-1205, Phone-9614672, Cell-01711079979, 01729292988",,16595314.2,16595314.200,2018-04-23,2018-07-25,2018-10-25,2018-06-03,2018-08-02,5,2,1,yes,yes,no,Md. Anwar Hossain,pp0025,"Chief Engineer, Implementation",0
174710,Contract_Awards_PDFs/Tender_174710.pdf,1,supplier,Ministry of Housing and Public Works,og0001,Rajdhani Unnayan Kartripakkha (RAJUK),og0002,Office of the Chief Engineer (Implementation),og0032,CE-01,Dhaka,Works,OTM,Own Fund Own fund,NA,Uttara Residential Model Town (3rd Phase),pr0035,Rajuk/PD_Uttara3rd/08,Rajuk/PD_Uttara3rd/08,Construction of lake drive road at East side of lake-04 & 05 in Sector-15 & 17 Uttara RMT 3rd Phase Project.,Rajuk/PD_Uttara3rd/08,"Construction of lake drive road at East side of lake-04 & 05 in Sector-15 & 17, Uttara RMT (3rd Phase) Project.",Uttara 3rd Phase Project,M/S Britto Construction,co0128,1,"125, Romna Century Avenue Boro Mog Bazar, Dhaka-1217",,13855001.095,13855001.095,2018-04-23,2018-07-31,2018-08-28,2018-12-02,2019-03-03,4,2,1,yes,yes,yes,Md. Anwar Hossain,pp0025,"Chief Engineer, Implementation",0
174712,Contract_Awards_PDFs/Tender_174712.pdf,1,supplier,Ministry of Housing and Public Works,og0001,Rajdhani Unnayan Kartripakkha (RAJUK),og0002,Office of the Chief Engineer (Implementation),og0032,CE-01,Dhaka,Works,OTM,Own Fund Own fund,NA,Uttara Residential Model Town (3rd Phase),pr0035,Rajuk/PD_Uttara3rd/02,Rajuk/PD_Uttara3rd/02,Remaining land development in/c road construction work earth/sand filling Sector-17 Block-K around the road no.10 Uttara RMT 3rd Phase Project.,Rajuk/PD_Uttara3rd/02,"Remaining land development in/c road construction work (earth/sand filling) Sector-17, Block-K, around the road no.10, Uttara RMT (3rd Phase) Project.",Uttara 3rd Phase Project,MOZAHAR ENTERPRISE (PVT.) LTD.,co0129,1,"40-41, M.A Bari Sarak (Gollamari-Sonadanga Link Road), Khulna.",,8533464.543,8533464.543,2018-04-23,2018-08-05,2018-10-25,2018-06-03,2018-08-02,4,3,2,yes,yes,no,Md. Anwar Hossain,pp0025,"Chief Engineer, Implementation",0
174717,Contract_Awards_PDFs/Tender_174717.pdf,1,supplier,Ministry of Housing and Public Works,og0001,Rajdhani Unnayan Kartripakkha (RAJUK),og0002,Office of the Chief Engineer (Implementation),og0032,CE-01,Dhaka,Works,OTM,Own Fund Own fund,NA,Uttara Residential Model Town (3rd Phase),pr0035,Rajuk/PD_Uttara3rd/10,Rajuk/PD_Uttara3rd/10,Remaining land development work middle part of road 2 & 4 of Block-C1 earth/sand filling Sector-15 Uttara RMT 3rd Phase Project.,Rajuk/PD_Uttara3rd/10,"Remaining land development work middle part of road 2 & 4 of Block-C1 (earth/sand filling) Sector-15, Uttara RMT (3rd Phase) Project.",Uttara 3rd Phase Project,Unity Builders & Engineering,co0130,1,"37, Bir Uttam C.R. Dutta Road, Nahar Plaza, Suite No-709 (6th Floor) Shahabag, Dhaka-1000",,4182472.787,4182472.787,2018-04-23,2018-07-31,2018-08-28,2018-09-16,2018-12-16,5,1,1,yes,yes,yes,Md. Anwar Hossain,pp0025,"Chief Engineer, Implementation",0
174720,Contract_Awards_PDFs/Tender_174720.pdf,1,supplier,Ministry of Housing and Public Works,og0001,Rajdhani Unnayan Kartripakkha (RAJUK),og0002,Office of the Chief Engineer (Implementation),og0032,CE-01,Dhaka,Works,OTM,Own Fund Own fund,NA,Uttara Residential Model Town (3rd Phase),pr0035,Rajuk/PD_Uttara3rd/04,Rajuk/PD_Uttara3rd/04,Construction of remaining road work of Southern part of Block-F Road-1 2 3 1A & 2A at Uttara RMT 3rd Phase Project.,Rajuk/PD_Uttara3rd/04,"Construction of remaining road work of Southern part of Block-F, Road-1, 2, 3, 1A & 2A at Uttara RMT (3rd Phase) Project.",Uttara 3rd Phase Project,M/S. A. R. Enterprise,co0016,1,"House-08, Road-02, Diyabari, Uttara, Dhaka-1230 Contact No:01935968075, 01707568905",,16625782.8,16625782.800,2018-04-23,2018-07-31,2018-08-28,2018-10-25,2019-06-30,6,2,1,yes,yes,yes,Md. Anwar Hossain,pp0025,"Chief Engineer, Implementation",0
178196,Contract_Awards_PDFs/Tender_178196.pdf,1,supplier,Ministry of Housing and Public Works,og0001,Rajdhani Unnayan Kartripakkha (RAJUK),og0002,"Office of the Project Director, Urban Resilience Project-RAJUK Part,RAJUK,Dhaka",og0050,,Dhaka,Goods,OTM,Development Aid or Grant,World Bank,Urban Resilience Project-RAJUK Part,pr0048,APP ID: 97791,URP/RAJUK/G-1-1,Supply of Computer and Related Equipment for PIU URPRAJUK,Contract No : G-3,"Supply of Computer and Related Equipment for PIU, URP:RAJUK",Dhaka,Smart Technologies (BD) Ltd.,co0039,1,"Jahir Smart Tower, 205/1 and 205/1/A, West Kafrul, Begum Rokeya Sharani, Dhaka-1206, Bangladesh",,13246200.099,13246200.099,2018-04-02,2018-06-05,2018-06-20,2018-05-01,2021-03-30,2,2,1,yes,yes,yes,Mr. Abdul Latif Helaly,pp0088,Project Director,0
179865,Contract_Awards_PDFs/Tender_179865.pdf,1,supplier,Ministry of Housing and Public Works,og0001,Khulna Development Authority (KDA),og0016,Office of the Assistant Programmer,og0017,,Khulna,Goods,OTM,Revenue Government,NA,NA,pr0003,25.41.0000.006.0035.18,Goods-001/2017-18,Procurement of Employee Information System Software Development at KDA,25.41.0000.006.0035.18.2561,Procurement of Employee Information System Software Development at KDA,KDA,Crescent Computers Ltd.,co0131,1,"1103/A(2nd floor),Road No-1/A,Ring Road,Adabor,Dhaka-1207",,900000.002,900000.002,2018-03-29,2018-04-22,2018-04-23,2018-05-03,2018-06-14,9,6,3,yes,yes,yes,Md. Harunar Rashid,pp0090,Assistant Programmer,0
189828,Contract_Awards_PDFs/Tender_189828.pdf,1,supplier,Ministry of Housing and Public Works,og0001,Rajdhani Unnayan Kartripakkha (RAJUK),og0002,Office of the Chief Engineer (Implementation),og0032,CE-01,Dhaka,Works,OTM,Own Fund Own fund,NA,Building Repair and Maintenance,pr0001,Rajuk/SouthDivision/03,Rajuk/SouthDivision/02,Cleaning work of room corridors stair & Bathroom at different floor of RAJUK Main Building and Annex Building.,Rajuk/SouthDivision/03,"Cleaning work of room, corridors, stair & Bathroom at different floor of RAJUK Main Building and Annex Building.",Rajuk Compaund,M/S. Alam & Co.,co0004,1,"61, Satish Sarker Road, Gandaria, Dhaka Bangladesh",,4511829.041,4511829.041,2018-04-25,2018-07-01,2018-07-25,2018-07-30,2020-07-30,2,1,1,yes,yes,yes,Md. Anwar Hossain,pp0025,"Chief Engineer, Implementation",0
189939,Contract_Awards_PDFs/Tender_189939.pdf,1,supplier,Ministry of Housing and Public Works,og0001,Chittagong Development Authority,og0009,Project Director (Muradpur Flyover),og0024,,Chittagong,Works,OTM,Development Government,NA,"Construction of Flyover at Muradpur, 2 No. Gate, GEC Junction",pr0022,PD/Mfly/Beautification/E-5810,WD-06a,Beautification work from Lalkanbazar to Hotel Peninsula under construction of flyover at Muradpur gate no.-2 & Gec junction chittagong.,PD/Mfly/Beautification/E-5810,"Beautification work from Lalkanbazar to Hotel Peninsula under construction of flyover at Muradpur, gate no.-2 & Gec junction, chittagong.",LALKHAN BAZAR TO PENINSULA HOTEL,M/S. R.S. Enterprise,co0132,1,"1684, O.R. Nizam Road, Panchlaish, Chittagong.",,25693375.026,25693375.026,2018-04-25,2018-06-12,2018-06-28,2018-06-10,2018-10-09,2,2,1,yes,yes,yes,Md. Mahfuzur Rahman,pp0017,Executive Engineer,0
18994,Contract_Awards_PDFs/Tender_18994.pdf,1,supplier,Ministry of Housing and Public Works,og0001,Rajdhani Unnayan Kartripakkha (RAJUK),og0002,office of Chief Engineer ( Project & Design),og0052,,Dhaka,Works,OTM,Own Fund Own Fund,NA,NA,pr0003,e-GP-01/MIS/RAJUK/2014-15,e-GP/02/CE(P&D)/MIS/2014-15,Installation and Maintenance of dedicated 15 (fifteen) Mbps Internet Connectivity for RAJUK with Webmail services.,RAJUK/PM(MIS)/34/13/329,Installation and Maintenance of dedicated 15 (fifteen) Mbps Internet Connectivity for RAJUK with Webmail services.,RAJUK Bhaban,ConnectBD Limited,co0133,1,"Plot 21, Akash Plaza, 5th Floor, Road 7/D, Sector 9, Uttara, Dhaka",,1512000.037,1512000.037,2015-02-04,2015-04-16,2015-05-13,2015-04-22,2015-05-21,2,1,1,yes,yes,yes,Md. Anwar Hossain,pp0025,"Chief Engineer, Project & Design",0
189944,Contract_Awards_PDFs/Tender_189944.pdf,1,supplier,Ministry of Housing and Public Works,og0001,Chittagong Development Authority,og0009,Project Director (Muradpur Flyover),og0024,,Chittagong,Works,OTM,Development Government,NA,"Construction of Flyover at Muradpur, 2 No. Gate, GEC Junction",pr0022,PD/mfly/Beautification/E-5811,WD-06b,Beautification work from Hotel Peninsula to N Mohammed convention center under construction of flyover at Muradpur gate no.-2 & Gec junction chittagong.,PD/mfly/Beautification/E-5811/01,Beautification work from Hotel Peninsula to N Mohammed convention center under construction of flyover at Muradpur gate no.-2 & Gec junction chittagong.,Hotel Peninsula to N Mohammed convention center,"M/S. AS - RAS Trading (JV) ( JVCA Partners [Business Share]: M/S. Abdus Salam [0.000%] , M/S RASHIA&SONS TRADING [0.000%] )",co0134,1,"350/A, CDA Avenue, Muradpur, Chittagong.",,79537860.009,79537860.009,2018-04-25,2018-06-04,2018-06-11,2018-06-14,2018-10-14,1,1,1,yes,yes,yes,Md. Mahfuzur Rahman,pp0017,Executive Engineer,0
192714,Contract_Awards_PDFs/Tender_192714.pdf,1,supplier,Ministry of Housing and Public Works,og0001,Chittagong Development Authority,og0009,Management Information System (MIS),og0038,,Chittagong,Goods,OTM,Own Fund Own fund,NA,"Supply of Computer Accessories (Battery for APC 20 KV Online UPS, Harddisk for Dell Server & Air Conditioner for Power Station Room & Server Room) for CDA.",pr0051,MIS/Server-UPS Room/Ha:kroi:/2018/84/32,Tender bat-svr-ac-84,Supply of Computer Accessories Battery for APC 20 KV Online UPS Harddisk for Dell Server & Air Conditioner for Power Station Room & Server Room for CDA.,MIS/Server&UPSRoom/Hwrd:Purchase/2018/84/73,"Supply of Computer Accessories (Battery for APC 20 KV Online UPS, Harddisk for Dell Server & Air Conditioner for Power Station Room & Server Room) for CDA.",CDA Building,Smart Digital Technologies,co0135,1,"Corporate Office: Suite # 608, 51, Alpona Plaza, New Elepant Road, Dhaka.",,1480801.073,1480801.073,2018-07-04,2018-10-16,2018-11-07,2018-08-07,2018-09-20,4,4,1,yes,yes,yes,Md. Mostafa Jamal,pp0069,System Analyst,0
198193,Contract_Awards_PDFs/Tender_198193.pdf,1,supplier,Ministry of Housing and Public Works,og0001,Rajdhani Unnayan Kartripakkha (RAJUK),og0002,office of the Chief Engineer ( Project & Design),og0036,CE-02,Dhaka,Goods,OTM,Own Fund Own fund,NA,Uttara Apment Project,pr0041,GD/UAP/EM/2016-2017/Solar/01,GD/UAP/EM/2016-2017/Solar/01,Supply Installation Testing and Commissioning of Solar panel system for the Building No 12B & 12C under the Project of Construction of Residential Apartment Building for Low & Middle Income Group of people at Sector -18 of Uttara Model Town 3rd Phase Dhaka.,GD/UAP/EM/2016-2017/Solar/01,"Supply, Installation, Testing and Commissioning of Solar panel system for the Building No: 12B & 12C under the Project of â??Construction of Residential Apartment Building for Low & Middle Income Group of people at Sector -18 of Uttara Model Town (3rd Phase) Dhakaâ?�.",Uttara Apartment Project,Sherpa Power Engineering Ltd.,co0124,1,"10/3 Arambagh, Mokbul Plaza, Motijheel C/A, Dhaka-1000, Bangladesh Kanij Fatema Mitu Executive Secretary Contact:+88017-09380850,+88018-33010136",,2899350.286,2899350.286,2018-05-27,2018-10-15,2018-11-12,2018-11-12,2018-12-31,9,5,5,yes,yes,yes,Md. Anwar Hossain,pp0025,"Chief Engineer, Project & Design",0
199368,Contract_Awards_PDFs/Tender_199368.pdf,1,supplier,Ministry of Housing and Public Works,og0001,Rajdhani Unnayan Kartripakkha (RAJUK),og0002,office of the Chief Engineer ( Project & Design),og0036,CE-02,Dhaka,Works,OTM,Own Fund Own fund,NA,Uttara Residential Model Town (3rd Phase),pr0035,Rajuk/Electrical-2/18/W-11,Rajuk/Electrical-2/18/W-11,Supply & Installation of Street Light LED from Avenue 3 Part up to Baribad at Uttara Residential Model Town Phase-3.,25.39.0000.064.07.010.16,Supply & Installation of Street Light (LED) from Avenue 3 (Part) up to Baribad at Uttara Residential Model Town (Phase- 3).,Uttara Residential Model Town,M/S. Sany Construction,co0118,1,"123 Kakrail, Dhaka-1000",,3348987.3,3348987.300,2018-06-05,2018-10-18,2019-08-06,2018-08-01,2018-10-30,5,5,2,yes,yes,no,Md. Anwar Hossain,pp0025,"Chief Engineer, Project & Design",0
199891,Contract_Awards_PDFs/Tender_199891.pdf,1,supplier,Ministry of Housing and Public Works,og0001,Rajdhani Unnayan Kartripakkha (RAJUK),og0002,Office of the Chief Engineer (Implementation),og0032,CE-01,Dhaka,Works,OTM,Own Fund Own fund,NA,Uttara Apment Project,pr0041,RAJUK/UAP/09,BW-A/UAP-01,Construction of Boundary Wall and 6 Nos. Entry Gate sorrounding Block A of Uttara Apartment Project RAJUK.Which consists of around 2700 rm of Boundary Wall 6 nos entry Gate including security houses having RCC Grade Beam Column Lintel Brick works Piling works Electrical works sanitary works etc.,RAJUK/UAP/09,"Construction of around 2700 rm Boundary Wall, 6 nos entry Gate including security houses.",Sector-18 Uttara Dhaka,Momotaj Engineers Ltd.,co0003,1,"Kha-202/c, Progatisharani, Middle Badda, Dhaka-1212.",,155146280.114,155146280.114,2018-05-21,2018-10-04,2018-12-11,2018-07-01,2018-12-31,5,4,3,yes,yes,no,Md. Anwar Hossain,pp0025,"Chief Engineer, Implementation",0
199942,Contract_Awards_PDFs/Tender_199942.pdf,1,supplier,Ministry of Housing and Public Works,og0001,Rajdhani Unnayan Kartripakkha (RAJUK),og0002,"Office of the Project Director, Urban Resilience Project-RAJUK Part,RAJUK,Dhaka",og0050,,Dhaka,Goods,OTM,Development Aid or Grant,World Bank,Urban Resilience Project-RAJUK Part,pr0048,APP ID: 111480,URP/RAJUK/G-4,Supply and Installation of Furniture for PIU Office,Contract No : G-4,Supply and Installation of Furniture for PIU Office,Dhaka,Hatil Complex Ltd,co0136,1,"Hatil Complex Ltd. 8 Shewrapara, Rokeya Sharani, Mirpur, Dhaka-1216",,9265034.203,9265034.203,2018-05-22,2018-07-22,2018-07-29,2018-06-18,2020-05-20,3,2,1,yes,yes,yes,Mr. Abdul Latif Helaly,pp0088,Project Director,0
200650,Contract_Awards_PDFs/Tender_200650.pdf,1,supplier,Ministry of Housing and Public Works,og0001,Chittagong Development Authority,og0009,Project Director(Silimpur),og0013,,Chittagong,Works,OTM,Own Fund Own fund,NA,Widening and Improvement of Silimpur Residential Area (East),pr0007,PD/Silimpur/R/A/E-20/01,e-silimpur-02,Construction of the road and drain work at CDA Silimpur Residential Area Extension East at Silimpur Chittagong.,PD/Silimpur/R/A/E-20/33,"Construction of the road and drain work at CDA Silimpur Residential Area Extension (East) at Silimpur, Chittagong.",Silimpur,M/S. Raquib & Brothers,co0012,1,"34/B, Buddhist Temple Road, Nandankanan, Chittagong.",,21090113.163,21090113.163,2018-05-23,2018-06-19,2018-06-19,2018-06-18,2018-06-28,2,2,1,yes,yes,yes,Mohammad Hasan,pp0008,Project Director,0
201012,Contract_Awards_PDFs/Tender_201012.pdf,1,supplier,Ministry of Housing and Public Works,og0001,Chittagong Development Authority,og0009,Project Director(Silimpur),og0013,,Chittagong,Works,OTM,Own Fund Own fund,NA,Widening and Improvement of Silimpur Residential Area (East),pr0007,PD/Silimpur/R/A/E-19/01,e-silimpur-01,Supplying Fitting Fixing & laying natural gas connection and construction of 150 mm dia water supply line at Silimpur proposed CDA housing plot Sitakundo Chittagong.,PD/Silimpur/R/A-19/30,"Supplying, Fitting, Fixing & laying natural gas connection and construction of 150 mm dia water supply line at Silimpur proposed CDA housing plot, Sitakundo, Chittagong.",Silimpur,M/S Habib Enterprise,co0137,1,"Southland Center (3rd floor), 5, Agrabad C/A, Chittagong-4100.",,8525749.689,8525749.689,2018-05-24,2018-06-10,2018-06-14,2018-06-18,2018-06-28,1,1,1,yes,yes,yes,Mohammad Hasan,pp0008,Project Director,0
201451,Contract_Awards_PDFs/Tender_201451.pdf,1,supplier,Ministry of Housing and Public Works,og0001,Chittagong Development Authority,og0009,Project Director(Silimpur),og0013,,Chittagong,Works,OTM,Own Fund Own fund,NA,Widening and Improvement of Silimpur Residential Area (East),pr0007,PD/Silimpur/R/A/E-21/01,e-silimpur-03,Electrification work at proposed CDA Silimpur Residential Area East,PD/Silimpur/R/A-21/31,Electrification work at proposed CDA Silimpur Residential Area (East),Silimpur,M/S Habib Enterprise,co0137,1,"Southland Center (3rd floor), 5, Agrabad C/A, Chittagong-4100.",,6827889.186,6827889.186,2018-05-24,2018-06-12,2018-06-14,2018-06-18,2018-06-28,2,2,2,yes,yes,yes,Mohammad Hasan,pp0008,Project Director,0
202993,Contract_Awards_PDFs/Tender_202993.pdf,1,supplier,Ministry of Housing and Public Works,og0001,Rajdhani Unnayan Kartripakkha (RAJUK),og0002,Office of the Chief Engineer (Implementation),og0032,CE-01,Dhaka,Works,OTM,Own Fund Own fund,NA,Purbachal New town Project,pr0009,Rajuk/PD_Purbachal/9,Rajuk/PD_Purbachal/9,Repair and Renovation work of Road No-107 & 409 including Cleaning of Surface drain at Sector No-04 of Purbachal New Town Project.,Rajuk/PD_Purbachal/9,Repair and Renovation work of Road No-107 & 409 including Cleaning of Surface drain at Sector No-04 of Purbachal New Town Project.,Purbachal New Town Project,M/S Udayan Builders,co0023,1,"Dhaka Trtade Centre,Level #15, Block # H 99 Kazi Nazrul Islam Avenue, Kawran Bazar C/A, Dhaka-1215",,8150725.359,8150725.359,2018-07-09,2018-12-03,2019-01-29,2018-09-16,2018-12-16,11,7,2,yes,yes,no,Md. Anwar Hossain,pp0025,"Chief Engineer, Implementation",0
20558,Contract_Awards_PDFs/Tender_20558.pdf,1,supplier,Ministry of Water Resources,og0053,Bangladesh Water Development Board (BWDB),og0054,Dinajpur O&M Division,og0055,,Dinajpur,Works,OTM,Revenue Government,NA,NA,pr0003,T-22/263 Date 26-02-2015,BRBP-13/b,"Bank Protection Work on the Right Bank of Atrai River at Bontara from km. 4.362 to km. 4.487 = 125m in C/W Border River Protection & Development Project in Upazila-Sadar, Dist. Dinajpur.",W-8/Bir/582 Date : 23-04-2015,"Bank Protection Work on the Right Bank of Atrai River at Bontara from km. 4.362 to km. 4.487 = 125m in C/W Border River Protection & Development Project in Upazila-Sadar, Dist. Dinajpur.",Sadar,M/S. Shahid Brothers,co0138,1,"Hasan Court (5th Floor), 23/1, Motijheel C/A Dhaka-1000.",,11692619.969,11692619.969,2015-03-02,2015-04-23,2015-05-05,2015-04-15,2015-06-25,4,2,1,yes,yes,yes,Md. Moktar Hossain Khan,pp0091,Executive Engineer,0
207700,Contract_Awards_PDFs/Tender_207700.pdf,1,supplier,Ministry of Housing and Public Works,og0001,Rajshahi Development Authority,og0004,Office of the Chairman,og0030,,Rajshahi,Works,OTM,Own Fund Own fund,NA,Development of BARNOI Residential Area(2nd Revised).,pr0052,040.002.841.000.2010.225,RDA/BARNOI/W/2017-2018/01,Development of BARNOI Residential AreaSub-head Land Development Construction of RCC Drain Construction of Road Construction of RCC Box Culverts and Water Supply Pipe Line.,RDA/Barnoi/2018-2019/01,"Development of BARNOI Residential Area(Sub-head: Land Development, Construction of RCC Drain, Construction of Road, Construction of RCC Box Culverts and Water Supply Pipe Line).",BARNOI Residential Area,"Rithin Enterprise and Kohinoor Enterprise J.V ( JVCA Partners [Business Share]: M/S. Kohinoor Enterprise [0.000%] , Rithin Enterprise [0.000%] )",co0139,1,"542,Dorikharbona,Boalia,G.p.o-6000",,100985213.7,100985213.700,2018-06-18,2018-09-23,2018-10-01,2018-08-30,2019-06-30,5,3,1,yes,yes,yes,Freedom Fighter Principal Md. Bazlur Rahman,pp0023,Chaiman,0
209736,Contract_Awards_PDFs/Tender_209736.pdf,1,supplier,Ministry of Housing and Public Works,og0001,Rajdhani Unnayan Kartripakkha (RAJUK),og0002,Office of the Chief Engineer (Implementation),og0032,CE-01,Dhaka,Works,OTM,Own Fund Own fund,NA,Uttara Apment Project,pr0041,RAJUK/UAP/10,7-1-2,Construction of 10-storied Commercial cum Management Building and one basement floor including parking facilities Internal Sanitary Water supply Gas connection Internal electrification works and other ancillary works of Uttara Apartment Project at Block-A Sector-18 Uttara.,RAJUK/UAP/10,"Construction of 10-storied Commercial cum Management Building and one basement floor including parking facilities, Internal Sanitary, Water supply, Gas connection, Internal electrification works and other ancillary works of Uttara Apartment Project at Block-A, Sector-18, Uttara.",Urrara sector 18,The United Construction Co.,co0059,1,"House # 300/1, South Monipur, Mirpur, Dhaka 1216.",,933196527.93,933196527.930,2018-07-10,2018-12-04,2019-01-01,2020-01-22,2022-01-20,8,6,6,yes,yes,yes,Md. Anwar Hossain,pp0025,"Chief Engineer, Implementation",0
209938,Contract_Awards_PDFs/Tender_209938.pdf,1,supplier,Ministry of Housing and Public Works,og0001,Rajdhani Unnayan Kartripakkha (RAJUK),og0002,Office of the Chief Engineer (Implementation),og0032,CE-01,Dhaka,Works,OTM,Own Fund Own fund,NA,Purbachal New town Project,pr0009,Rajuk/PD_Purbachal/14,Rajuk/PD_Purbachal/14,Construction of internal road and surface drain at sector no.-5 Part of Purbachal new town project Package-RDC-05 Lot- 01.,Rajuk/PD_Purbachal/14,"Construction of internal road and surface drain at sector no.-5 (Part) of Purbachal new town project (Package-RDC-05, Lot-01).",Purbachal New Town Project,Toma Construction & Co. Limited,co0114,1,"Toma Tower, 77/1 Bir Uttam Samsul Alam Sarak, Kakrail, Ramna, Dhaka",,115431333.84,115431333.840,2018-07-09,2018-12-10,2019-01-07,2019-01-20,2020-01-20,12,8,8,yes,yes,yes,Md. Anwar Hossain,pp0025,"Chief Engineer, Implementation",0
209939,Contract_Awards_PDFs/Tender_209939.pdf,1,supplier,Ministry of Housing and Public Works,og0001,Rajdhani Unnayan Kartripakkha (RAJUK),og0002,Office of the Chief Engineer (Implementation),og0032,CE-01,Dhaka,Works,OTM,Own Fund Own fund,NA,Purbachal New town Project,pr0009,Rajuk/PD_Purbachal/16,Rajuk/PD_Purbachal/16,Construction of internal road and surface drain at sector no.-29 Part of Purbachal new town project Package-RDC-29 Lot- 01.,Rajuk/PD_Purbachal/16,"Construction of internal road and surface drain at sector no.-29 (Part) of Purbachal new town project (Package-RDC-29, Lot-01).",Purbachal New Town Project,Toma Construction & Co. Limited,co0114,1,"Toma Tower, 77/1 Bir Uttam Samsul Alam Sarak, Kakrail, Ramna, Dhaka",,166879029.312,166879029.312,2018-07-09,2018-12-10,2019-01-07,2019-01-20,2020-01-20,12,8,7,yes,yes,yes,Md. Anwar Hossain,pp0025,"Chief Engineer, Implementation",0
212401,Contract_Awards_PDFs/Tender_212401.pdf,1,supplier,Ministry of Housing and Public Works,og0001,Chittagong Development Authority,og0009,Project Division,og0056,,Chittagong,Works,OTM,Own Fund Own fund,NA,"Maintenance, Renovation & Ancillary work of CDA Banani Rest House at Dhaka",pr0053,E. E(Project)/Dhaka Rest House/E-5805/RE-TENDER.,e-Tender EE-project-dhk resthouse-e-5805-r,Maintenance Renovation & Ancillary work of CDA Banani Rest House at Dhaka,EE(PROJECT)/Dhaka Rest House/Re-Tender/e-5805,"Maintenance, Renovation & Ancillary work of CDA Banani Rest House at Dhaka",Dhaka,M/S. Raquib & Brothers,co0012,1,"34/B, Buddhist Temple Road, Nandankanan, Chittagong.",,7370590.5,7370590.500,2018-07-17,2018-08-09,2018-08-28,2018-09-18,2018-12-17,2,1,1,yes,yes,yes,Mr. Md. Mahfuzur Rahman,pp0092,Executive Engineer,0
214247,Contract_Awards_PDFs/Tender_214247.pdf,1,supplier,Ministry of Housing and Public Works,og0001,Rajdhani Unnayan Kartripakkha (RAJUK),og0002,Office of the Chief Engineer (Implementation),og0032,CE-01,Dhaka,Works,OTM,Own Fund Own fund,NA,Uttara Resedential Area 1st and 2nd Phase,pr0054,Rajuk/North Dhaka/P-6,Rajuk/North Dhaka/P-6,Re-Construction of Damaged Boundary Wall of the East side of Park/Play Ground at Sector 4 of Uttara RMT,Rajuk/North Dhaka/P-6,Re-Construction of Damaged Boundary Wall of the East side of Park/Play Ground at Sector # 4 of Uttara RMT,Uttara Model Town,M/S. A. R. Enterprise,co0016,1,"House-08, Road-02, Diyabari, Uttara, Dhaka-1230 Contact No:01935968075, 01707568905",,2440199.7,2440199.700,2018-08-12,2018-10-15,2018-11-12,2018-11-12,2018-12-27,5,5,4,yes,yes,yes,Md. Anwar Hossain,pp0025,"Chief Engineer, Implementation",0
214275,Contract_Awards_PDFs/Tender_214275.pdf,1,supplier,Ministry of Housing and Public Works,og0001,Rajdhani Unnayan Kartripakkha (RAJUK),og0002,Office of the Chief Engineer (Implementation),og0032,CE-01,Dhaka,Works,OTM,Own Fund Own fund,NA,Uttara Resedential Area 1st and 2nd Phase,pr0054,Rajuk/North Dhaka/P-9,Rajuk/North Dhaka/P-9,Construction of Road No. 16/A part at sector 10 of Uttara RMT.,Rajuk/North Dhaka/P-9,Construction of Road No. 16/A (part) at sector # 10 of Uttara RMT.,Uttara Model Town,CONVOY SERVICE,co0015,1,"ABC Skyrise Tower, Level 2 Shahjalal Avenue, Sector No. 04, Uttara, Dhaka-1230, Bangladesh.",,5906298.6,5906298.600,2018-08-12,2018-10-15,2019-02-11,2018-10-01,2018-11-15,7,6,4,yes,yes,no,Md. Anwar Hossain,pp0025,"Chief Engineer, Implementation",0
214561,Contract_Awards_PDFs/Tender_214561.pdf,1,supplier,Ministry of Housing and Public Works,og0001,Rajdhani Unnayan Kartripakkha (RAJUK),og0002,office of the Chief Engineer ( Project & Design),og0036,CE-02,Dhaka,Goods,OTM,Own Fund Own fund,NA,Repair Maintenance of Heavy Machinery & Equipment,pr0004,Rajuk/Mechanical/3,Rajuk/Mechanical/3,Supply and fitting fixing of 05Five Nos. New Tubeless Tyre with O-Ring for Japany Tyre Dozer No-04 of RAJUK.,Rajuk/Mechanical/3,Supply and fitting fixing of 05(Five) Nos. New Tubeless Tyre with O-Ring for Japany Tyre Dozer No-04 of RAJUK.,Mohakhali Zonal office,M/s. Halim Enterprise.,co0110,1,"9 Nawab Street, Nawab Tower,Flat # B/C (1st floor ), Wari, Dhaka.",,1096555.011,1096555.011,2018-12-05,2019-04-07,2019-07-28,2019-01-15,2019-03-14,3,3,2,yes,yes,no,A S M Raihanul Ferdous,pp0084,"Chief Engineer, Project & Design",0
215555,Contract_Awards_PDFs/Tender_215555.pdf,1,supplier,Ministry of Housing and Public Works,og0001,Chittagong Development Authority,og0009,Project Director (Muradpur Flyover),og0024,,Chittagong,Works,OTM,Development Government,NA,"Construction of Flyover at Muradpur, 2 No. Gate, GEC Junction .",pr0022,PD/M:Fly/E-5818,e-tender PD/MF/E5818,Supply and installation of 03 Nos 100kva 11/0.4 kv outdoor substation In line & other related works for Aktharuzzaman Flyovers PDB line connection under the project of construction of Flyover at Muradpur gate no.2 & GEC Junction.,pd/mf/e5818/NOA,Supply and installation of 03 Nos 100kva 11/0.4 kv outdoor substation (In line) & other related works for Aktharuzzaman Flyover's PDB line connection under the project of construction of Flyover at Muradpur gate no.2 & GEC Junction,Bhaddarhat Lalkhan Bazar Baby Super Market Flyover Ramps Part Chittagong,M/s. Sohel Incorporation,co0140,1,"450,Hotel Unique(3rd Floor), Post office Lane, Reazuddin Bazar, Chittagong.",,5058783.36,5058783.360,2018-08-02,2018-09-24,2018-10-18,2018-10-04,2018-11-18,5,5,5,yes,yes,yes,Md. Mahfuzur Rahman,pp0017,Executive Engineer,0
223246,Contract_Awards_PDFs/Tender_223246.pdf,1,supplier,Ministry of Housing and Public Works,og0001,Chittagong Development Authority,og0009,Project Director (CDA Square),og0010,,Chittagong,Works,OTM,Own Fund Own fund,NA,"Construction of CDA Square at Nasirabad, Chittagong",pr0005,pd/cdasquare/19,e-TENDER CDAsqt23,Construction of 18 storied & 19 storied residential building with basement pile capMat foundation underground basement Water tank Septic tank Super structuredeep tube-wells Internal Sanitary and plumbing workWater Supply Gas Connection internal electrification work Firefighting & protection work etc.,Pd/cdasquare/22/47,"Construction of 18 storied & 19 storied residential building with basement, pile cap,Mat foundation, underground basement, Water tank, Septic tank, Super structure,deep tube-wells, Internal Sanitary and plumbing work,Water Supply, Gas Connection, internal electrification work, Firefighting & protection work etc.",Nasirabad,M Jamal & Company Limited,co0141,1,"House No 18 (New), 405 (Old), 1st Floor, Road No. 16 (New), 27 (Old), Dhanmondi, Dhaka-1205.",,632060295.568,632060295.568,2018-09-19,2018-12-11,2018-12-26,2018-11-18,2020-12-31,3,3,2,yes,yes,yes,Kazi Kader Newaz,pp0006,Assistant Engineer,0
234888,Contract_Awards_PDFs/Tender_234888.pdf,1,supplier,Ministry of Housing and Public Works,og0001,Chittagong Development Authority,og0009,Project Director(M.Uddin),og0057,,Chittagong,Works,OTM,Own Fund Own Fund,NA,NA,pr0003,PD/OfficeBhaban/E-43,pd/CDAAnnex/E-43,Painting weather Coat and related works outer side of CDA Annex building,PD/ OfficeBhaban/E-43,Painting (weather Coat) and related works outer side of CDA Annex building,CDA Building kotwali court Road Chittagon,M/S. Gulzar Trading,co0142,1,"Hazi Monsur Ali Road, Mia Khan Nagar, Chittagong.",,1321574.085,1321574.085,2018-10-28,2019-01-31,2019-02-14,2019-01-03,2019-02-14,7,5,3,yes,yes,yes,A. H. M. Mesbah Uddin,pp0024,Project Director,0
235131,Contract_Awards_PDFs/Tender_235131.pdf,1,supplier,Ministry of Housing and Public Works,og0001,Chittagong Development Authority,og0009,Project Director(M.Uddin),og0057,,Chittagong,Works,OTM,Own Fund Own Fund,NA,NA,pr0003,PD/OfficeBhaban/E-42,pd/OfficeBhaban/E-42,Painting weather Coat and related works outer wall of CDA office building,PD/officeBhaban/E42,Painting (weather Coat) and related works outer wall of CDA office building,Chittagong Development Authority CDA Building kotwali court road chittagong,M/S. S.K. Traders & Suppliers,co0143,1,"Sadar Ali Munshi Bari, Moulavi Bazar, Mohora, Chandgaon, Chittagong.",,2070872.235,2070872.235,2018-10-28,2019-01-17,2019-01-27,2019-01-03,2019-02-14,4,2,1,yes,yes,yes,A. H. M. Mesbah Uddin,pp0024,Project Director,0
235166,Contract_Awards_PDFs/Tender_235166.pdf,1,supplier,Ministry of Housing and Public Works,og0001,Chittagong Development Authority,og0009,Project Director(M.Uddin),og0057,,Chittagong,Works,OTM,Own Fund Own Fund,NA,NA,pr0003,PD/OfficeBhaban/E-41,pd/mehedibagSQ/E-41,Construction of Raising Floor and necessary work for Building No- 04 and 09 of CDA mehedibag Staff Quarter,PD/ OfficeBhaban/E-41,Construction of Raising Floor and necessary work for Building No- 04 and 09 of CDA mehedibag Staff Quarter,Chittagong Development Authority CDA Building kotwali court road chittagong,M/S. National Builders,co0144,1,"120 CDA Avenue, Panchlaish, Chittagong.",,2109152.799,2109152.799,2018-10-28,2019-01-17,2019-02-03,2019-01-03,2019-02-14,3,2,2,yes,yes,yes,A. H. M. Mesbah Uddin,pp0024,Project Director,0
236241,Contract_Awards_PDFs/Tender_236241.pdf,1,supplier,Ministry of Housing and Public Works,og0001,Rajdhani Unnayan Kartripakkha (RAJUK),og0002,office of the Chief Engineer ( Project & Design),og0036,CE-02,Dhaka,Works,OTM,Own Fund Own fund,NA,Uttara Apment Project,pr0041,UAP/EM/2016-2017/EL/01,UAP/EM/2016-2017/EL/01,Supply Installation Testing & Commissioning of Special type lightning Protection system Earthing & Lightning & Surge Protection for the Building No- 13A &13B under the Project of Construction of Residential Apartment Building for Low & Middle Income Group of People at Sector-18 of Uttara Model Town 3rd Phase Dhaka.,UAP/EM/2016-2017/EL/01,"Supply, Installation, Testing & Commissioning of Special type lightning Protection system (Earthing & Lightning & Surge Protection) for the Building No- 13A &13B under the Project of â??Construction of Residential Apartment Building for Low & Middle Income Group of People at Sector-18 of Uttara Model Town (3rd Phase) Dhakaâ?�.",Uttara Apartment Project,M/S. Sany Construction,co0118,1,"123 Kakrail, Dhaka-1000",,1494873,1494873.000,2019-03-10,2019-07-28,2019-12-25,2019-04-15,2019-06-16,14,12,5,yes,yes,no,A S M Raihanul Ferdous,pp0084,"Chief Engineer, Project & Design",0
236242,Contract_Awards_PDFs/Tender_236242.pdf,1,supplier,Ministry of Housing and Public Works,og0001,Rajdhani Unnayan Kartripakkha (RAJUK),og0002,office of the Chief Engineer ( Project & Design),og0036,CE-02,Dhaka,Works,OTM,Own Fund Own fund,NA,Uttara Apment Project,pr0041,UAP/EM/2016-2017/EL/07,UAP/EM/2016-2017/EL/07,Supply Installation Testing & Commissioning of Special type lightning Protection system Earthing & Lightning & Surge Protection for the Building No- 01A 01B & 01C 01D under the Project of Construction of Residential Apartment Building for Low & Middle Income Group of People at Sector-18 of Uttara Model Town 3rd Phase Dhaka.,UAP/EM/2016-2017/EL/07,"Supply, Installation, Testing & Commissioning of Special type lightning Protection system (Earthing & Lightning & Surge Protection) for the Building No- 01A, 01B & 01C, 01D under the Project of â??Construction of Residential Apartment Building for Low & Middle Income Group of People at Sector-18 of Uttara Model Town (3rd Phase) Dhakaâ?�.",Uttara Apartment Project,M/S. Sany Construction,co0118,1,"123 Kakrail, Dhaka-1000",,2989746,2989746.000,2019-03-10,2019-07-28,2019-12-25,2019-04-15,2019-06-16,13,12,4,yes,yes,no,A S M Raihanul Ferdous,pp0084,"Chief Engineer, Project & Design",0
237820,Contract_Awards_PDFs/Tender_237820.pdf,1,supplier,Ministry of Housing and Public Works,og0001,Rajdhani Unnayan Kartripakkha (RAJUK),og0002,"Office of the Project Director, Urban Resilience Project-RAJUK Part,RAJUK,Dhaka",og0050,,Dhaka,Goods,OTM,Development Aid or Grant,World Bank,Urban Resilience Project-RAJUK Part,pr0048,APP ID: 130206,URP/RAJUK/G-14,Variable Refrigerant Flow -VRF- Air Conditioning System Supply and Installation for the Renovation Work of URP-RAJUK,Contract No : G-14,Variable Refrigerant Flow -VRF- Air Conditioning System Supply and Installation for the Renovation Work of URP-RAJUK,PIU Office (Dhaka),MEP ENGINEERING POINT,co0145,1,"11/2, Baisteki, Mirpur-13, Dhaka-1216",,9118701.007,9118701.007,2018-10-23,2018-11-26,2018-12-10,2018-11-29,2019-02-28,7,2,1,yes,yes,yes,Abdul Latif Helaly,pp0093,Project Director,0
248616,Contract_Awards_PDFs/Tender_248616.pdf,1,supplier,Ministry of Housing and Public Works,og0001,Rajdhani Unnayan Kartripakkha (RAJUK),og0002,office of the Chief Engineer ( Project & Design),og0036,CE-02,Dhaka,Works,OTM,Own Fund Own fund,NA,Uttara Apment Project,pr0041,UAP/EM/2016-2017/EL/08,UAP/EM/2016-2017/EL/08,Supply Installation Testing & Commissioning of Special type lightning Protection system Earthing & Lightning & Surge Protection for the Building No- 02A 02B & 02C 02D under the Project of Construction of Residential Apartment Building for Low & Middle Income Group of People at Sector-18 of Uttara Model Town 3rd Phase Dhaka.,UAP/EM/2016-2017/EL/08,"Supply, Installation, Testing & Commissioning of Special type lightning Protection system (Earthing & Lightning & Surge Protection) for the Building No- 02A, 02B & 02C, 02D under the Project of â??Construction of Residential Apartment Building for Low & Middle Income Group of People at Sector-18 of Uttara Model Town (3rd Phase) Dhakaâ?�.",Uttara Apartment Project,M/S. Sany Construction,co0118,1,"123 Kakrail, Dhaka-1000",,2989746,2989746.000,2019-03-10,2019-07-28,2019-12-25,2019-04-15,2019-06-16,13,12,4,yes,yes,no,A S M Raihanul Ferdous,pp0084,"Chief Engineer, Project & Design",0
248617,Contract_Awards_PDFs/Tender_248617.pdf,1,supplier,Ministry of Housing and Public Works,og0001,Rajdhani Unnayan Kartripakkha (RAJUK),og0002,office of the Chief Engineer ( Project & Design),og0036,CE-02,Dhaka,Works,OTM,Own Fund Own fund,NA,Uttara Apment Project,pr0041,UAP/EM/2016-2017/EL/09,UAP/EM/2016-2017/EL/09,Supply Installation Testing & Commissioning of Special type lightning Protection system Earthing & Lightning & Surge Protection for the Building No- 04A 04B & 04C 04D under the Project of Construction of Residential Apartment Building for Low & Middle Income Group of People at Sector-18 of Uttara Model Town 3rd Phase Dhaka.,UAP/EM/2016-2017/EL/09,"Supply, Installation, Testing & Commissioning of Special type lightning Protection system (Earthing & Lightning & Surge Protection) for the Building No- 04A, 04B & 04C, 04D under the Project of â??Construction of Residential Apartment Building for Low & Middle Income Group of People at Sector-18 of Uttara Model Town (3rd Phase) Dhakaâ?�.",Uttara Apartment Project,M/S. Sany Construction,co0118,1,"123 Kakrail, Dhaka-1000",,2989746,2989746.000,2019-03-10,2019-07-28,2019-12-25,2019-04-15,2019-06-16,14,13,5,yes,yes,no,A S M Raihanul Ferdous,pp0084,"Chief Engineer, Project & Design",0
248618,Contract_Awards_PDFs/Tender_248618.pdf,1,supplier,Ministry of Housing and Public Works,og0001,Rajdhani Unnayan Kartripakkha (RAJUK),og0002,office of the Chief Engineer ( Project & Design),og0036,CE-02,Dhaka,Works,OTM,Own Fund Own fund,NA,Uttara Apment Project,pr0041,UAP/EM/2016-2017/EL/10,UAP/EM/2016-2017/EL/10,Supply Installation Testing & Commissioning of Special type lightning Protection system Earthing & Lightning & Surge Protection for the Building No- 05A 05B & 05C 05D under the Project of Construction of Residential Apartment Building for Low & Middle Income Group of People at Sector-18 of Uttara Model Town 3rd Phase Dhaka.,UAP/EM/2016-2017/EL/10,"Supply, Installation, Testing & Commissioning of Special type lightning Protection system (Earthing & Lightning & Surge Protection) for the Building No- 05A, 05B & 05C, 05D under the Project of â??Construction of Residential Apartment Building for Low & Middle Income Group of People at Sector-18 of Uttara Model Town (3rd Phase) Dhakaâ?�.",Uttara Apartment Project,M/S. Sany Construction,co0118,1,"123 Kakrail, Dhaka-1000",,2989746,2989746.000,2019-03-10,2019-07-28,2019-12-25,2019-04-15,2019-06-16,14,12,4,yes,yes,no,A S M Raihanul Ferdous,pp0084,"Chief Engineer, Project & Design",0
248619,Contract_Awards_PDFs/Tender_248619.pdf,1,supplier,Ministry of Housing and Public Works,og0001,Rajdhani Unnayan Kartripakkha (RAJUK),og0002,office of the Chief Engineer ( Project & Design),og0036,CE-02,Dhaka,Works,OTM,Own Fund Own fund,NA,Uttara Apment Project,pr0041,UAP/EM/2016-2017/EL/11,UAP/EM/2016-2017/EL/11,Supply Installation Testing & Commissioning of Special type lightning Protection system Earthing & Lightning & Surge Protection for the Building No- 06A 06B & 06C 06D under the Project of Construction of Residential Apartment Building for Low & Middle Income Group of People at Sector-18 of Uttara Model Town 3rd Phase Dhaka.,UAP/EM/2016-2017/EL/11,"Supply, Installation, Testing & Commissioning of Special type lightning Protection system (Earthing & Lightning & Surge Protection) for the Building No- 06A, 06B & 06C, 06D under the Project of â??Construction of Residential Apartment Building for Low & Middle Income Group of People at Sector-18 of Uttara Model Town (3rd Phase) Dhakaâ?�.",Uttara Apartment Project,M/S. Sany Construction,co0118,1,"123 Kakrail, Dhaka-1000",,2989746,2989746.000,2019-03-10,2019-07-28,2019-12-25,2019-04-15,2019-06-16,14,12,4,yes,yes,no,A S M Raihanul Ferdous,pp0084,"Chief Engineer, Project & Design",0
248621,Contract_Awards_PDFs/Tender_248621.pdf,1,supplier,Ministry of Housing and Public Works,og0001,Rajdhani Unnayan Kartripakkha (RAJUK),og0002,office of the Chief Engineer ( Project & Design),og0036,CE-02,Dhaka,Works,OTM,Own Fund Own fund,NA,Uttara Apment Project,pr0041,UAP/EM/2016-2017/EL/12,UAP/EM/2016-2017/EL/12,Supply Installation Testing & Commissioning of Special type lightning Protection system Earthing & Lightning & Surge Protection for the Building No- 16A 16B & 16C 16D under the Project of Construction of Residential Apartment Building for Low & Middle Income Group of People at Sector-18 of Uttara Model Town 3rd Phase Dhaka.,UAP/EM/2016-2017/EL/12,"Supply, Installation, Testing & Commissioning of Special type lightning Protection system (Earthing & Lightning & Surge Protection) for the Building No- 16A, 16B & 16C, 16D under the Project of â??Construction of Residential Apartment Building for Low & Middle Income Group of People at Sector-18 of Uttara Model Town (3rd Phase) Dhakaâ?�.",Uttara Apartment Project,M/S. Sany Construction,co0118,1,"123 Kakrail, Dhaka-1000",,2989746,2989746.000,2019-03-10,2019-07-28,2019-12-25,2019-04-15,2019-06-16,14,12,4,yes,yes,no,A S M Raihanul Ferdous,pp0084,"Chief Engineer, Project & Design",0
248622,Contract_Awards_PDFs/Tender_248622.pdf,1,supplier,Ministry of Housing and Public Works,og0001,Rajdhani Unnayan Kartripakkha (RAJUK),og0002,office of the Chief Engineer ( Project & Design),og0036,CE-02,Dhaka,Works,OTM,Own Fund Own fund,NA,Uttara Apment Project,pr0041,UAP/EM/2016-2017/EL/13,UAP/EM/2016-2017/EL/13,Supply Installation Testing & Commissioning of Special type lightning Protection system Earthing & Lightning & Surge Protection for the Building No- 17A 17B & 17C 17D under the Project of Construction of Residential Apartment Building for Low & Middle Income Group of People at Sector-18 of Uttara Model Town 3rd Phase Dhaka.,UAP/EM/2016-2017/EL/13,"Supply, Installation, Testing & Commissioning of Special type lightning Protection system (Earthing & Lightning & Surge Protection) for the Building No- 17A, 17B & 17C, 17D under the Project of â??Construction of Residential Apartment Building for Low & Middle Income Group of People at Sector-18 of Uttara Model Town (3rd Phase) Dhakaâ?�.",Uttara Apartment Project,M/S. Sany Construction,co0118,1,"123 Kakrail, Dhaka-1000",,2989746,2989746.000,2019-03-10,2019-07-28,2019-12-25,2019-04-15,2019-06-16,15,13,4,yes,yes,no,A S M Raihanul Ferdous,pp0084,"Chief Engineer, Project & Design",0
248623,Contract_Awards_PDFs/Tender_248623.pdf,1,supplier,Ministry of Housing and Public Works,og0001,Rajdhani Unnayan Kartripakkha (RAJUK),og0002,office of the Chief Engineer ( Project & Design),og0036,CE-02,Dhaka,Works,OTM,Own Fund Own fund,NA,Uttara Apment Project,pr0041,UAP/EM/2016-2017/EL/02,UAP/EM/2016-2017/EL/02,Supply Installation Testing & Commissioning of Special type lightning Protection system Earthing & Lightning & Surge Protection for the Building No- 03A & 03B under the Project of Construction of Residential Apartment Building for Low & Middle Income Group of People at Sector-18 of Uttara Model Town 3rd Phase Dhaka.,UAP/EM/2016-2017/EL/02,"Supply, Installation, Testing & Commissioning of Special type lightning Protection system (Earthing & Lightning & Surge Protection) for the Building No- 03A & 03B under the Project of â??Construction of Residential Apartment Building for Low & Middle Income Group of People at Sector-18 of Uttara Model Town (3rd Phase) Dhakaâ?�.",Uttara Apartment Project,M/S. Sany Construction,co0118,1,"123 Kakrail, Dhaka-1000",,1494873,1494873.000,2019-03-10,2019-07-28,2019-12-25,2019-04-15,2019-06-16,13,12,5,yes,yes,no,A S M Raihanul Ferdous,pp0084,"Chief Engineer, Project & Design",0
248625,Contract_Awards_PDFs/Tender_248625.pdf,1,supplier,Ministry of Housing and Public Works,og0001,Rajdhani Unnayan Kartripakkha (RAJUK),og0002,office of the Chief Engineer ( Project & Design),og0036,CE-02,Dhaka,Works,OTM,Own Fund Own fund,NA,Uttara Apment Project,pr0041,UAP/EM/2016-2017/EL/03,UAP/EM/2016-2017/EL/03,Supply Installation Testing & Commissioning of Special type lightning Protection system Earthing & Lightning & Surge Protection for the Building No- 13C &13D under the Project of Construction of Residential Apartment Building for Low & Middle Income Group of People at Sector-18 of Uttara Model Town 3rd Phase Dhaka.,UAP/EM/2016-2017/EL/03,"Supply, Installation, Testing & Commissioning of Special type lightning Protection system (Earthing & Lightning & Surge Protection) for the Building No- 13C &13D under the Project of â??Construction of Residential Apartment Building for Low & Middle Income Group of People at Sector-18 of Uttara Model Town (3rd Phase) Dhakaâ?�.",Uttara Apartment Project,M/S. Sany Construction,co0118,1,"123 Kakrail, Dhaka-1000",,1494873,1494873.000,2019-03-10,2019-07-28,2019-12-25,2019-04-15,2019-06-16,12,12,5,yes,yes,no,A S M Raihanul Ferdous,pp0084,"Chief Engineer, Project & Design",0
248630,Contract_Awards_PDFs/Tender_248630.pdf,1,supplier,Ministry of Housing and Public Works,og0001,Rajdhani Unnayan Kartripakkha (RAJUK),og0002,office of the Chief Engineer ( Project & Design),og0036,CE-02,Dhaka,Works,OTM,Own Fund Own fund,NA,Uttara Apment Project,pr0041,UAP/EM/2016-2017/EL/04,UAP/EM/2016-2017/EL/04,Supply Installation Testing & Commissioning of Special type lightning Protection system Earthing & Lightning & Surge Protection for the Building No- 12B &12C under the Project of Construction of Residential Apartment Building for Low & Middle Income Group of People at Sector-18 of Uttara Model Town 3rd Phase Dhaka.,UAP/EM/2016-2017/EL/04,"Supply, Installation, Testing & Commissioning of Special type lightning Protection system (Earthing & Lightning & Surge Protection) for the Building No- 12B &12C under the Project of â??Construction of Residential Apartment Building for Low & Middle Income Group of People at Sector-18 of Uttara Model Town (3rd Phase) Dhakaâ?�.",Uttara Apartment Project,M/S. Sany Construction,co0118,1,"123 Kakrail, Dhaka-1000",,1494873,1494873.000,2019-03-10,2019-07-28,2019-12-25,2019-04-15,2019-06-16,14,14,4,yes,yes,no,A S M Raihanul Ferdous,pp0084,"Chief Engineer, Project & Design",0
248631,Contract_Awards_PDFs/Tender_248631.pdf,1,supplier,Ministry of Housing and Public Works,og0001,Rajdhani Unnayan Kartripakkha (RAJUK),og0002,office of the Chief Engineer ( Project & Design),og0036,CE-02,Dhaka,Works,OTM,Own Fund Own fund,NA,Uttara Apment Project,pr0041,UAP/EM/2016-2017/EL/05,UAP/EM/2016-2017/EL/05,Supply Installation Testing & Commissioning of Special type lightning Protection system Earthing & Lightning & Surge Protection for the Building No- 03C & 03D of Lot No-17 under the Project of Construction of Residential Apartment Building for Low & Middle Income Group of People at Sector-18 of Uttara Model Town 3rd Phase Dhaka.,UAP/EM/2016-2017/EL/05,"Supply, Installation, Testing & Commissioning of Special type lightning Protection system (Earthing & Lightning & Surge Protection) for the Building No- 03C & 03D of Lot No-17 under the Project of â??Construction of Residential Apartment Building for Low & Middle Income Group of People at Sector-18 of Uttara Model Town (3rd Phase) Dhakaâ?�.",Uttara Apartment Project,M/S. Sany Construction,co0118,1,"123 Kakrail, Dhaka-1000",,1494873,1494873.000,2019-03-10,2019-07-28,2019-12-25,2019-04-15,2019-06-16,14,14,4,yes,yes,no,A S M Raihanul Ferdous,pp0084,"Chief Engineer, Project & Design",0
248633,Contract_Awards_PDFs/Tender_248633.pdf,1,supplier,Ministry of Housing and Public Works,og0001,Rajdhani Unnayan Kartripakkha (RAJUK),og0002,office of the Chief Engineer ( Project & Design),og0036,CE-02,Dhaka,Works,OTM,Own Fund Own fund,NA,Uttara Apment Project,pr0041,UAP/EM/2016-2017/EL/06,UAP/EM/2016-2017/EL/06,Supply Installation Testing & Commissioning of Special type lightning Protection system Earthing & Lightning & Surge Protection for the Building No- 14A & 14B of Lot No-20 under the Project of Construction of Residential Apartment Building for Low & Middle Income Group of People at Sector-18 of Uttara Model Town 3rd Phase Dhaka.,UAP/EM/2016-2017/EL/06,"Supply, Installation, Testing & Commissioning of Special type lightning Protection system (Earthing & Lightning & Surge Protection) for the Building No- 14A & 14B of Lot No-20 under the Project of â??Construction of Residential Apartment Building for Low & Middle Income Group of People at Sector-18 of Uttara Model Town (3rd Phase) Dhakaâ?�.",Uttara Apartment Project,M/S. Sany Construction,co0118,1,"123 Kakrail, Dhaka-1000",,1494873,1494873.000,2019-03-10,2019-07-28,2019-12-25,2019-04-15,2019-06-16,13,12,4,yes,yes,no,A S M Raihanul Ferdous,pp0084,"Chief Engineer, Project & Design",0
251218,Contract_Awards_PDFs/Tender_251218.pdf,1,supplier,Ministry of Housing and Public Works,og0001,Rajdhani Unnayan Kartripakkha (RAJUK),og0002,Office of the Chief Engineer (Implementation),og0032,CE-01,Dhaka,Works,OTM,Own Fund Own fund,NA,Building Repair and Maintenance,pr0001,Rajuk/SouthDivision/05,Rajuk/SouthDivision/05,Renovation works Office decoration Aluminum partition Painting and other works in the office of the Director Zone-6 at 2nd floor North side of RAJUK Main Building.,Rajuk/SouthDivision/05,"Renovation works (Office decoration, Aluminum partition, Painting and other works) in the office of the Director (Zone-6) at 2nd floor (North side) of RAJUK Main Building.",RAJUK Main Building,M/S Techno Trade International,co0146,1,"58/Cha/1, West Razabazar, Tejgaon, Dhaka.",,742979.674,742979.674,2018-11-19,2019-03-03,2019-05-02,2019-01-01,2019-02-03,3,2,2,yes,yes,no,Md. Anwar Hossain,pp0025,"Chief Engineer, Implementation",0
251224,Contract_Awards_PDFs/Tender_251224.pdf,1,supplier,Ministry of Housing and Public Works,og0001,Rajdhani Unnayan Kartripakkha (RAJUK),og0002,Office of the Chief Engineer (Implementation),og0032,CE-01,Dhaka,Works,OTM,Own Fund Own fund,NA,Purbachal New town Project,pr0009,Rajuk/PD_Purbachal/17,Rajuk/PD_Purbachal/17,Construction of internal Road and surface drain at Sector no-09part & 10 part of Purbachal New Town Project Package RDC-09 Lot-03.,Rajuk/PD_Purbachal/17,"Construction of internal Road and surface drain at Sector no-09(part) & 10 (part) of Purbachal New Town Project (Package RDC-09, Lot-03).",Purbachal New Town Project,M/s Shafique and Sons,co0025,1,"Cha-72/1, North Badda, Badda Tower (10th FL), Badda, Dhaka-1212",,18459309.546,18459309.546,2019-03-10,2019-07-01,2019-07-29,2019-08-01,2019-12-30,4,2,2,yes,yes,yes,Abdul Latif Helaly,pp0093,"Chief Engineer, Implementation",0
251227,Contract_Awards_PDFs/Tender_251227.pdf,1,supplier,Ministry of Housing and Public Works,og0001,Rajdhani Unnayan Kartripakkha (RAJUK),og0002,Office of the Chief Engineer (Implementation),og0032,CE-01,Dhaka,Works,OTM,Own Fund Own fund,NA,Purbachal New town Project,pr0009,Rajuk/PD_Purbachal/18,Rajuk/PD_Purbachal/18,Road cutting and repair work of sector no-02 road no-201 102 210 & 304 for connection the electricity laying under ground cable line in DESCO at 132/33/11 KV Sub-Station at Purbachal New Town Project.,Rajuk/PD_Purbachal/18,"Road cutting and repair work of sector no-02, road no-201, 102, 210 & 304 for connection the electricity laying under ground cable line in DESCO at 132/33/11 KV Sub-Station at Purbachal New Town Project.",Purbachal New Town Project,M/S. A. R. Enterprise,co0016,1,"House-08, Road-02, Diyabari, Uttara, Dhaka-1230 Contact No:01935968075, 01707568905",,11057081.796,11057081.796,2019-03-10,2019-07-01,2019-07-29,2019-10-01,2020-02-19,13,12,9,yes,yes,yes,Abdul Latif Helaly,pp0093,"Chief Engineer, Implementation",0
260451,Contract_Awards_PDFs/Tender_260451.pdf,1,supplier,Ministry of Housing and Public Works,og0001,Rajdhani Unnayan Kartripakkha (RAJUK),og0002,office of the Chief Engineer ( Project & Design),og0036,CE-02,Dhaka,Works,OTM,Own Fund Own fund,NA,Maintanance of Office Equipement and Accessories,pr0055,Rajuk/ Electrical-1/18/ W-03,Rajuk/ Electrical-1/18/ W-03,Yearly Servicing & Maintenance of CCTV Surveillance System of Rajuk Main & Annex Bhaban and Bhaban Complex.,25.39.0000.063.07.030.18,Yearly Servicing & Maintenance of CCTV Surveillance System of Rajuk Main & Annex Bhaban and Bhaban Complex.,Rajuk Bhaban,Silver Sun Electronics,co0122,1,"Room # 09, Ground Floor, Electric Plaza, Tropicana Tower, 218, shahid Seyad Nazrul Islam Sharani, Old 45, Topkhana Road, Purana Paltan, Dhaka-1000.",,196020.012,196020.012,2018-12-20,2019-04-10,2019-07-22,2019-03-03,2020-03-02,1,1,1,yes,yes,no,A S M Raihanul Ferdous,pp0084,"Chief Engineer, Project & Design",0
260513,Contract_Awards_PDFs/Tender_260513.pdf,1,supplier,Ministry of Housing and Public Works,og0001,Rajdhani Unnayan Kartripakkha (RAJUK),og0002,office of the Chief Engineer ( Project & Design),og0036,CE-02,Dhaka,Works,OTM,Own Fund Own fund,NA,Maintanance of Office Equipement and Accessories,pr0055,Rajuk/ Electrical-1/18/ W-04,Rajuk/ Electrical-1/18/ W-04,Shifting of Old CCTV Control System from Executive Engineer Electrical-1 Room to 5th floor Room No-510 at Rajuk Main Building.,25.39.0000.063.07.024.18,"Shifting of Old CCTV Control System from Executive Engineer (Electrical-1) Room to 5th floor, Room No-510 at Rajuk Main Building.",Rajuk Bhaban,Silver Sun Electronics,co0122,1,"Room # 09, Ground Floor, Electric Plaza, Tropicana Tower, 218, shahid Seyad Nazrul Islam Sharani, Old 45, Topkhana Road, Purana Paltan, Dhaka-1000.",,379310.202,379310.202,2018-12-20,2019-04-10,2019-07-22,2019-03-03,2019-04-02,1,1,1,yes,yes,no,A S M Raihanul Ferdous,pp0084,"Chief Engineer, Project & Design",0
262818,Contract_Awards_PDFs/Tender_262818.pdf,1,supplier,Ministry of Housing and Public Works,og0001,Khulna Development Authority (KDA),og0016,Office of the Assistant Programmer,og0017,,Khulna,Goods,OTM,Revenue Government,NA,NA,pr0003,25.41.0000.006.00.031.18,Goods-001/2018-19,Installation & Supply Accessories for Server Room at KDA,Goods-001/2018-19,Installation & Supply Accessories for Server Room at KDA,"Khulna Development Authority, KDA",M.A. COMPUTER,co0020,1,"3/4, KHULNA COMPUTER CITY, JALIL TOWER (1ST FLOOR), 77, KHAN-A-SABUR ROAD, KHULNA-9000.",,1154500.048,1154500.048,2018-12-27,2019-02-06,2019-03-05,2019-02-03,2019-02-28,2,2,2,yes,yes,yes,Md. Harunar Rashid,pp0090,Assistant Programmer,0
270190,Contract_Awards_PDFs/Tender_270190.pdf,1,supplier,Ministry of Housing and Public Works,og0001,Cox's Bazar Development Authority,og0020,Cox's Bazar Development Authority,og0020,,Cox's Bazar,Works,OTM,Development Government,NA,"Rehabilitation and Physical Development of Laldighi, Goldighi and Bazar Ghata Pond at Coxâ??s Bazar Sadar Thana under CoxDA",pr0056,CoxDA/Project/06/2018-19,W-4 Kha,Construction Works for Rehabilitation and Physical Development of Goldighi Pond Area Earth Excavation Site Protection Walk way Retaining wall Cafeteria and Utility Building Construction Electrification Sanitary and Drainage System Musical Fountain Landscaping and Physical Development works at Coxs Bazar Sadar Thana under CoxDA during the FY 2018-19 and 2019-20,CoxDA/Project/06/2018-19,"Construction Works for Rehabilitation and Physical Development of Goldighi Pond Area (Earth Excavation, Site Protection, Walk way, Retaining wall, Cafeteria and Utility Building Construction, Electrification, Sanitary and Drainage System, Musical Fountain, Landscaping and Physical Development works) at Cox's Bazar Sadar Thana under CoxDA during the FY 2018-19 and 2019-20",Coxsbazar,S.S Rahman International,co0147,1,"TCB Bhaban, 1 Kawran Bazar, (8thFloor), Dhaka-1215",,168263375.98,168263375.980,2019-01-10,2019-02-19,2019-03-04,2019-04-01,2020-04-01,2,1,1,yes,yes,yes,Lt. Col Anwar Ul Islam,pp0094,Member (Engineer),0
270651,Contract_Awards_PDFs/Tender_270651.pdf,1,supplier,Ministry of Housing and Public Works,og0001,Cox's Bazar Development Authority,og0020,Cox's Bazar Development Authority,og0020,,Cox's Bazar,Works,OTM,Development Government,NA,"Rehabilitation and Physical Development of Laldighi, Goldighi and Bazar Ghata Pond at Coxâ??s Bazar Sadar Thana under CoxDA",pr0056,Coxda/Project/07/2018-19,W-4 Gha,Construction Works for Rehabilitation and Physical Development of Bazar Ghata Pond Area Earth Excavation Site Protection Walk way Retaining wall Library and Utility Building Construction Electrification Sanitary and Drainage System Landscaping and Physical Development works at Coxs Bazar Sadar Thana under CoxDA during the FY 2018-19 and 2019-20,Coxda/Project/07/2018-19,Construction Works for Rehabilitation and Physical Development of Bazar Ghata Pond Area (Earth Excavation Site Protection Walk way Retaining wall Library and Utility Building Construction Electrification Sanitary and Drainage System Landscaping and Physical Development works) at Coxs Bazar Sadar Thana under CoxDA during the FY 2018-19 and 2019-20,Coxsbazar,Khan and Sons (Bangladesh) Limited,co0148,1,"86, Nabin Chandra Goshwani Road, Faridabad, Dhaka-1204",,86870906.138,86870906.138,2019-01-16,2019-02-28,2019-03-14,2019-04-04,2020-04-05,1,1,1,yes,yes,yes,Lt. Col Anwar Ul Islam,pp0094,Member (Engineer),0
276338,Contract_Awards_PDFs/Tender_276338.pdf,1,supplier,Ministry of Housing and Public Works,og0001,Cox's Bazar Development Authority,og0020,Cox's Bazar Development Authority,og0020,,Cox's Bazar,Goods,OTM,Revenue Government,NA,NA,pr0003,Coxda/Project/08/2018-19,Pakage/18-19/08,Supply one 01 unit Wheel type Excavator with Bucket and Hydraulic Hammer for demolition purpose,Coxda/Project/08/2018-19,Supply one (01) unit Wheel type Excavator with Bucket and Hydraulic Hammer for demolition purpose.,Coxsbazar,Bangla Trac Limited,co0081,1,"House No #68, Block # H, Road # 11, Banani, Dhaka-1213",,26450000.001,26450000.001,2019-01-22,2019-03-10,2019-03-14,2019-04-04,2019-09-30,3,2,2,yes,yes,yes,Lt. Col Anwar Ul Islam,pp0094,Member (Engineer),0
276518,Contract_Awards_PDFs/Tender_276518.pdf,1,supplier,Ministry of Housing and Public Works,og0001,Rajdhani Unnayan Kartripakkha (RAJUK),og0002,office of the Chief Engineer ( Project & Design),og0036,CE-02,Dhaka,Goods,OTM,Own Fund Own fund,NA,printing and text content,pr0057,Rajuk/Admin/4,Rajuk/Admin/4,Purchase of different Printing items for official purpose of RAJUK.,Rajuk/Admin/4,Purchase of different Printing items for official purpose of RAJUK.,RAJUK Main Building,Mitu Printing Press & Packaging,co0149,1,"10/1, Naya Paltan, Dhaka-1000.",,1588977.57,1588977.570,2019-02-25,2019-06-30,2019-07-28,2019-08-29,2019-09-30,7,6,5,yes,yes,yes,A S M Raihanul Ferdous,pp0084,"Chief Engineer, Project & Design",0
276885,Contract_Awards_PDFs/Tender_276885.pdf,1,supplier,Ministry of Housing and Public Works,og0001,Khulna Development Authority (KDA),og0016,Office of the Assistant Programmer,og0017,,Khulna,Goods,OTM,Own Fund Own Fund,NA,NA,pr0003,25.41.0000.006.00.005.19,egp-goods-002,Supply of CPUUPSPrinterScannerSpeaker and other computer accessories,egp-goods-002/3641 Date 07.04.2019,"Supply of CPU,UPS,Printer,Scanner,Speaker and other computer accessories","Khulna Development Authority, KDA",STRATEGIC BD LEAD CORPORATION,co0150,1,"Mariam Mention , 334/2,(4th Floor), Shewrapara, Dhaka-1216",,974300.152,974300.152,2019-02-05,2019-04-07,2019-05-05,2019-05-12,2019-05-22,8,6,6,yes,yes,yes,Md. Harunar Rashid,pp0090,Assistant Programmer,0
277364,Contract_Awards_PDFs/Tender_277364.pdf,1,supplier,Ministry of Housing and Public Works,og0001,Khulna Development Authority (KDA),og0016,Office of Chief Engineer,og0045,,Khulna,Works,OTM,Own Fund Own fund,NA,Development of Ahsanabad residential area,pr0058,AHSANABAD-WD2,AHSANABAD-WD2,Plantation Park Facility & Play ground development at Ahsanabad Residential Area.,AHSANABAD-WD2 (ID No. 277364),"Plantation, Park Facility & Play ground development at Ahsanabad Residential Area.",Ahsanabad Residential Area.,M/S. Khandaker Shahin Ahmed,co0151,1,"Holding No: 162/2,0007,Road No:01, Goalchamot, Faridpur Sadar",,6791000,6791000.000,2019-01-27,2019-05-07,2019-05-26,2019-04-08,2019-10-06,2,1,1,yes,yes,yes,Kazi Md. Sabirul Alam,pp0085,Chief Engineer,0
277365,Contract_Awards_PDFs/Tender_277365.pdf,1,supplier,Ministry of Housing and Public Works,og0001,Khulna Development Authority (KDA),og0016,Office of Chief Engineer,og0045,,Khulna,Works,OTM,Own Fund Own fund,NA,Development of Ahsanabad residential area,pr0058,AHSANABAD-WD3,AHSANABAD-WD3,Construction of Internal Road at Ahsanabad residential area.,AHSANABAD-WD3 (ID No. 277365),Construction of Internal Road at Ahsanabad residential area.,Ahsanabad residential area.,Mohammed Eunus & Brothers (Pvt.) Ltd.,co0152,1,"MOHAMMED EUNUS & BROTHERS (PVT.) LTD. Eunus Business Centre, Equity G.F. Fortune Mall (7th Fl.), 01 No. Baizid Bostami Road, Nasirabad, Panchlaish, Chattogram City, Dist: Chattogram. GPO-4000",,188206438.138,188206438.138,2019-01-27,2019-05-07,2019-05-21,2019-04-08,2020-04-07,2,2,2,yes,yes,yes,Kazi Md. Sabirul Alam,pp0085,Chief Engineer,0
277368,Contract_Awards_PDFs/Tender_277368.pdf,1,supplier,Ministry of Housing and Public Works,og0001,Khulna Development Authority (KDA),og0016,Office of Chief Engineer,og0045,,Khulna,Works,OTM,Own Fund Own fund,NA,Development of Ahsanabad residential area,pr0058,AHSANABAD-WD6,AHSANABAD-WD6,Water Supply works at Ahsanabad residential area.,AHSANABAD-WD6 (ID No. 277368),Water Supply works at Ahsanabad residential area.,Ahsanabad Residential Area.,M/S. Monir Traders,co0153,1,"269, Miapara, Gopalgonj-8100.",,43031474.045,43031474.045,2019-01-27,2019-05-07,2019-05-26,2019-04-08,2019-10-06,3,2,2,yes,yes,yes,Kazi Md. Sabirul Alam,pp0085,Chief Engineer,0
277369,Contract_Awards_PDFs/Tender_277369.pdf,1,supplier,Ministry of Housing and Public Works,og0001,Khulna Development Authority (KDA),og0016,Office of Chief Engineer,og0045,,Khulna,Works,OTM,Own Fund Own fund,NA,Development of Ahsanabad residential area,pr0058,AHSANABAD-WD7,AHSANABAD-WD7,Supplying and Installation of Electrification works at Ahsanabad residential area.,AHSANABAD-WD7 (ID No. 277369),Supplying and Installation of Electrification works at Ahsanabad residential area.,Ahsanabad Residential Area.,M/S. MRM International,co0154,1,"Ejab Rabeyas Heritage (Level-4), 147 Green Road, Dhaka-1215.",,44046499.949,44046499.949,2019-01-27,2019-05-07,2019-05-26,2019-04-08,2019-10-06,3,3,2,yes,yes,yes,Kazi Md. Sabirul Alam,pp0085,Chief Engineer,0
282186,Contract_Awards_PDFs/Tender_282186.pdf,1,supplier,Ministry of Housing and Public Works,og0001,Cox's Bazar Development Authority,og0020,Cox's Bazar Development Authority,og0020,,Cox's Bazar,Works,OTM,Development Government,NA,"Rehabilitation and Physical Development of Laldighi, Goldighi and Bazar Ghata Pond at Coxâ??s Bazar Sadar Thana under CoxDA",pr0056,CoxDA/Project/09/2018-19,W-3 Kha,Construction Works for Rehabilitation and Physical Development of Laldighi Pond Area Earth Excavation Site Protection Walkway Retaining wall Community Hall Tourist Information Center and Utility Building Electrification Sanitary and Drainage System Landscaping and Physical Development works at Coxs Bazar Sadar Thana under CoxDA.17,CoxDA/Project/09/2018-19,"Construction Works for Rehabilitation and Physical Development of Laldighi Pond Area (Earth Excavation, Site Protection, Walkway, Retaining wall, Community Hall, Tourist Information Center & Utility Building, Electrification, Sanitary & Drainage System, Landscaping and Physical Development works) at Cox's Bazar Sadar Thana under CoxDA.",Coxsbazar,S.S Rahman International,co0147,1,"TCB Bhaban, 1 Kawran Bazar, (8thFloor), Dhaka-1215",,169206055.68,169206055.680,2019-02-04,2019-03-20,2019-04-02,2019-04-01,2020-04-01,1,1,1,yes,yes,yes,Lt. Col Anwar Ul Islam,pp0094,Member (Engineer),0
284197,Contract_Awards_PDFs/Tender_284197.pdf,1,supplier,Ministry of Housing and Public Works,og0001,Rajshahi Development Authority,og0004,Office of the Chairman,og0030,,Rajshahi,Goods,OTM,Development Government,NA,Revision of Functional Master Plan and Detailed Area Plan to make Rajshahi Metropolitan Development Plan (RMDP) Disaster Risk Sensitive.,pr0059,040.003.035.028.001.2019-535,RDA/RMDP/G/2018-19/01,Revision of Functional Master Plan and Detailed Area Plan to Make Rajshahi Metropolitan Development Plan RMDP Disaster Risk Sensitive Sub- head Supply of Drum Scanner & Plotter A0 Size for GIS Unit.,RDA/RMDP/2018-2019/01,Revision of Functional Master Plan and Detailed Area Plan to Make Rajshahi Metropolitan Development Plan (RMDP) Disaster Risk Sensitive (Sub- head: Supply of Drum Scanner & Plotter (A0 Size) for GIS Unit).,RDA Bhaban Rajshahi,Thakral Information Systems Private Limited,co0155,1,BDBDL Bhaban(11th Floor-East) 12 Kawran Bazar Dhaka-1215.,,4296920.002,4296920.002,2019-02-11,2019-03-24,2019-04-15,2019-04-01,2019-06-30,3,1,1,yes,yes,yes,Freedom Fighter Principal Md. Bazlur Rahman,pp0023,Chaiman,0
291722,Contract_Awards_PDFs/Tender_291722.pdf,1,supplier,Ministry of Housing and Public Works,og0001,Rajshahi Development Authority,og0004,Office of the Chairman,og0030,,Rajshahi,Goods,OTM,Revenue Government,NA,NA,pr0003,040.002.796.000.2000,RDA/GOB/G/2018-19/02,Supply and Installation of 300KVA Three Phase Generator with ATS and Sound Acoustically Treated Canopy for RDA Office Building Rajshahi.,RDA/Barnoi/2018-2019/02,"Supply and Installation of 300KVA Three Phase Generator (with ATS and Sound Acoustically Treated Canopy) for RDA Office Building, Rajshahi.",RDA Bhaban Rajshahi,PS Engineering,co0156,1,"House# 6, Road# 3/B, Sector# 9, Uttara, Dhaka-1230",,3630000.002,3630000.002,2019-03-04,2019-06-18,2019-07-16,2019-04-01,2019-06-30,10,9,9,yes,yes,yes,Freedom Fighter Principal Md. Bazlur Rahman,pp0023,Chaiman,0
292111,Contract_Awards_PDFs/Tender_292111.pdf,1,supplier,Ministry of Housing and Public Works,og0001,Rajdhani Unnayan Kartripakkha (RAJUK),og0002,Office of the Chief Engineer (Implementation),og0032,CE-01,Dhaka,Works,OTM,Own Fund Own fund,NA,Purbachal New town Project,pr0009,Rajuk/PD_Purbachal/19,Rajuk/PD_Purbachal/19,Construction of Remaining Internal Road and Surface Drain Package No-RDC-08 Lot-03 at Sector No-08 of Purbachal New Town Project.,Rajuk/PD_Purbachal/19,"Construction of Remaining Internal Road and Surface Drain (Package No-RDC-08, Lot-03) at Sector No-08 of Purbachal New Town Project.",Purbachal New Town Project,"NIAZ-NOONA JV. ( JVCA Partners [Business Share]: Noona Traders [51.000%] , M/S. Niaz Traders [49.000%] )",co0157,1,"154 Motijheel C/A, 2nd floor, Dhaka-1000.",,217816341.219,217816341.219,2019-04-07,2019-09-04,2019-10-02,2019-10-17,2020-10-18,12,8,7,yes,yes,yes,Abdul Latif Helaly,pp0093,"Chief Engineer, Implementation",0
293004,Contract_Awards_PDFs/Tender_293004.pdf,1,supplier,Ministry of Housing and Public Works,og0001,Rajdhani Unnayan Kartripakkha (RAJUK),og0002,Office of the Chief Engineer (Implementation),og0032,CE-01,Dhaka,Works,OTM,Own Fund Own fund,NA,Purbachal New town Project,pr0009,Rajuk/PD_Purbachal/21,Rajuk/PD_Purbachal/21,Construction for remaining internal Road and Drain Construction work at Sector no-18 Part of Purbachal New Town Project RDC-18 Lot-02.,Rajuk/PD_Purbachal/21,"Construction for remaining internal Road and Drain Construction work at Sector no-18 (Part) of Purbachal New Town Project (RDC-18, Lot-02).",Purbachal New Town Project,"Rafiq Construction Co. (Pvt.) Ltd and M/S Shafique & Sons Consortium ( JVCA Partners [Business Share]: M/s Shafique and Sons [49.000%] , Rafiq Construction Co. (Pvt.) Ltd. [51.000%] )",co0158,1,"18/1, Nayapaltan, Dhaka-1000.",,54614579.067,54614579.067,2019-04-07,2019-09-04,2019-09-04,2019-09-08,2019-12-03,13,10,7,yes,yes,yes,Abdul Latif Helaly,pp0093,"Chief Engineer, Implementation",0
293018,Contract_Awards_PDFs/Tender_293018.pdf,1,supplier,Ministry of Housing and Public Works,og0001,Rajdhani Unnayan Kartripakkha (RAJUK),og0002,Office of the Chief Engineer (Implementation),og0032,CE-01,Dhaka,Works,OTM,Own Fund Own fund,NA,Purbachal New town Project,pr0009,Rajuk/PD_Purbachal/22,Rajuk/PD_Purbachal/22,Construction of Remaining Internal Road and Surface Drain Package No-RDC-10 Lot-03 at Sector No-10 of Purbachal New Town Project.,Rajuk/PD_Purbachal/22,Construction of Remaining Internal Road and Surface Drain (Package No-RDC-10 Lot-03) at Sector No-10 of Purbachal New Town Project.,Purbachal New Town Project,M/S. Niaz Traders,co0001,1,"154, Motijheel C/A. Masjid Market (2nd Floor), Room No.301-303, Dhaka-1000.",,25278908.373,25278908.373,2019-04-07,2019-09-04,2019-10-01,2019-10-03,2020-03-03,9,7,7,yes,yes,yes,Abdul Latif Helaly,pp0093,"Chief Engineer, Implementation",0
294388,Contract_Awards_PDFs/Tender_294388.pdf,1,supplier,Ministry of Housing and Public Works,og0001,Rajdhani Unnayan Kartripakkha (RAJUK),og0002,office of the Chief Engineer ( Project & Design),og0036,CE-02,Dhaka,Works,OTM,Own Fund Own fund,NA,Constraction of appt/Flat in Own Land of RAJUK (Gulshan),pr0060,Rajuk/ Electrical-2/ W-11,Rajuk/ Electrical-2/ W-11,Supply & Installation of PABX System at Gulshan Apartment Project Plot-32 Road-115 Phase-2.,Rajuk/ Electrical-2/ W-11,"Supply & Installation of PABX System at Gulshan Apartment Project ( Plot-32, Road-115, Phase-2).",Gulshan,T.S Enterprise,co0014,1,"28, Malibagh Chowdhury Para, Dhaka.",,430185.6,430185.600,2019-04-07,2019-08-04,2019-11-28,2019-08-07,2019-09-05,4,4,1,yes,yes,no,A S M Raihanul Ferdous,pp0084,"Chief Engineer, Project & Design",0
294444,Contract_Awards_PDFs/Tender_294444.pdf,1,supplier,Ministry of Housing and Public Works,og0001,Rajdhani Unnayan Kartripakkha (RAJUK),og0002,office of the Chief Engineer ( Project & Design),og0036,CE-02,Dhaka,Goods,OTM,Own Fund Own fund,NA,"Computer, Office Accessories amd Equipement",pr0061,Rajuk/ Electrical-1/19/G-1,Rajuk/ Electrical-1/19/G-1,Supply & Installation of Digital Photo copier Machine for Admin & DAP Section at Rajuk.,25.39.0000.063.07.036..18,Supply & Installation of Digital Photo copier Machine for Admin & DAP Section at Rajuk.,Rajuk Bhaban,M/S Howlader Trading International,co0159,1,"405, Muradpur Madrasha Road, Kadamtoli, Dhaka",,499900.002,499900.002,2019-04-07,2019-07-21,2019-11-21,2019-08-07,2019-09-05,5,4,2,yes,yes,no,A S M Raihanul Ferdous,pp0084,"Chief Engineer, Project & Design",0
302667,Contract_Awards_PDFs/Tender_302667.pdf,1,supplier,Ministry of Housing and Public Works,og0001,Khulna Development Authority (KDA),og0016,Office of Planning Officer,og0058,,Khulna,Goods,OTM,Own Fund Own Fund,NA,NA,pr0003,KDA/EGP-01/PO/2018-2019,KDA/EGP-01/PO/2018-2019,Supplying of Total Station & others Accessories at KDA Office.,KDA/EGP-01/PO/2018-2019(302667),Supplying of Total Station & others Accessories at KDA Office.,at KDA Office.,ENTECH INSTRUMENTS LTD,co0160,1,"Office Space No. 13-D, Hometown Complex (Level - 14), 87 New Eskaton Road, Dhaka-1000.",,786000.001,786000.001,2019-04-29,2019-05-20,2019-05-26,2019-05-21,2019-05-30,2,2,2,yes,yes,yes,Md. Mazibur Rahman,pp0095,Planning Officer,0
303865,Contract_Awards_PDFs/Tender_303865.pdf,1,supplier,Ministry of Housing and Public Works,og0001,Chittagong Development Authority,og0009,Project Director(Mohammad Hasan),og0059,,Chattogram,Works,OTM,Own Fund Own Fund,NA,NA,pr0003,PD/Smrity24/est-1,PD/memorial/est-1,RCC work Brick wall tiles terracota and related works,pd/snirty24/02 date 17/07/2019,"RCC work, Brick wall, tiles, terracota and related works",Chittagong Court Buiding,M/S. Mohshin & Brothers,co0022,1,"Kader Villa 1st Floor ,O R, Nizam Road Chittagong",,4703277.861,4703277.861,2019-04-04,2019-07-17,2019-08-07,2019-04-25,2019-05-26,2,2,2,yes,yes,yes,Mohammad Hasan,pp0008,Project Director,0
309557,Contract_Awards_PDFs/Tender_309557.pdf,1,supplier,Ministry of Housing and Public Works,og0001,Chittagong Development Authority,og0009,Project Director(M.Uddin),og0057,,Chattogram,Works,OTM,Own Fund Own Fund,NA,NA,pr0003,PD/Banglow/E-51,PD/Banglow/E-51,Maintenance and other related works of CDA hill Banglow No.-02,PD/Banglow/E-51/96,"Maintenance and other related works of CDA hill, Banglow No.-02",CDA Hiil,M/S. Gulzar Trading,co0142,1,"Hazi Monsur Ali Road, Mia Khan Nagar, Chittagong.",,2990847.654,2990847.654,2019-04-23,2019-07-01,2019-07-03,2019-05-15,2019-08-14,1,1,1,yes,yes,yes,A. H. M. Mesbah Uddin,pp0024,Project Director,0
311188,Contract_Awards_PDFs/Tender_311188.pdf,1,supplier,Ministry of Housing and Public Works,og0001,Rajdhani Unnayan Kartripakkha (RAJUK),og0002,Office of the Chief Engineer (Implementation),og0032,CE-01,Dhaka,Works,OTM,Own Fund Own fund,NA,"Construction of Multistoried Appartment Building on 09 (Nine) nos. Abandoned plot at Gulshan, Mohammadpur, Lalmatia and Dhanmondi , Dhaka.",pr0062,PD_9Apt.Project/1,PD_9Apt.Project/1,Construction of 10Ten storied Apartment Building with 01One Basement at Plot CWSB28 Road-31 Gulshan Dhaka Building No-02.,PD_9Apt.Project/1,"Construction of 10(Ten) storied Apartment Building with 01(One) Basement at Plot CWS(B)28, Road-31, Gulshan, Dhaka (Building No-02).",Gulshan Area,MAHABUB BROTHERS(PVT)LIMITED,co0161,1,"Akankha Tower 454, Upper Jashore Road, Daulatpur, Khulna-9000",,162409362.264,162409362.264,2019-05-14,2019-08-05,2019-09-02,2019-09-15,2021-08-29,7,6,3,yes,yes,yes,Abdul Latif Helaly,pp0093,"Chief Engineer, Implementation",0
312476,Contract_Awards_PDFs/Tender_312476.pdf,1,supplier,Ministry of Housing and Public Works,og0001,Rajdhani Unnayan Kartripakkha (RAJUK),og0002,Office of the Chief Engineer (Implementation),og0032,CE-01,Dhaka,Works,OTM,Own Fund Own fund,NA,"Construction of Multistoried Appartment Building on 09 (Nine) nos. Abandoned plot at Gulshan, Mohammadpur, Lalmatia and Dhanmondi , Dhaka.",pr0062,PD_9Apt.Project/2,PD_9Apt.Project/2,Construction of 4Four storied Apartment Building at Plot no-8/2 Block-A Awrangajeb Road Mohammedpur Dhaka Building No-05.,PD_9Apt.Project/2,"Construction of 4(Four) storied Apartment Building at Plot no-8/2, Block-A, Awrangajeb Road, Mohammedpur, Dhaka (Building No-05).",Mohammadpur Area,"MRC-Techbay-JV ( JVCA Partners [Business Share]: M/s. M.R. Construction [49.000%] , Techbay International [51.000%] )",co0162,1,"147,Sultan Building(2nd floor),Motijheel,Dhaka",,71327762.334,71327762.334,2019-05-14,2019-08-05,2019-09-02,2019-10-31,2021-04-29,12,8,5,yes,yes,yes,Abdul Latif Helaly,pp0093,"Chief Engineer, Implementation",0
312479,Contract_Awards_PDFs/Tender_312479.pdf,1,supplier,Ministry of Housing and Public Works,og0001,Rajdhani Unnayan Kartripakkha (RAJUK),og0002,Office of the Chief Engineer (Implementation),og0032,CE-01,Dhaka,Works,OTM,Own Fund Own fund,NA,"Construction of Multistoried Appartment Building on 09 (Nine) nos. Abandoned plot at Gulshan, Mohammadpur, Lalmatia and Dhanmondi , Dhaka.",pr0062,PD_9Apt.Project/4,PD_9Apt.Project/4,Construction of 9Nine storied Apartment Building at Plot no-6/12 Block-E Lalmatia Dhaka Building No-09.,PD_9Apt.Project/4,"Construction of 9(Nine) storied Apartment Building at Plot no-6/12, Block-E, Lalmatia, Dhaka (Building No-09).",Lalmatia Area,MAHABUB BROTHERS(PVT)LIMITED,co0161,1,"Akankha Tower 454, Upper Jashore Road, Daulatpur, Khulna-9000",,69684008.14,69684008.140,2019-05-14,2019-08-05,2019-09-02,2019-09-12,2021-07-29,8,4,3,yes,yes,yes,Abdul Latif Helaly,pp0093,"Chief Engineer, Implementation",0
316510,Contract_Awards_PDFs/Tender_316510.pdf,1,supplier,Ministry of Housing and Public Works,og0001,Rajdhani Unnayan Kartripakkha (RAJUK),og0002,office of the Chief Engineer ( Project & Design),og0036,CE-02,Dhaka,Works,OTM,Own Fund Own fund,NA,"Celevration of Special Day, illumination of Building and Fair Related Expenditure.",pr0063,Rajuk/ Electrical-1/19/ W-01,Rajuk/ Electrical-1/19/ W-01,Temporary illumination of Rajuk Bhaban & Purbachal Site Office in different Religion Festivals & State Phase.,25.39.0000.063.07.004.19,Temporary illumination of Rajuk Bhaban & Purbachal Site Office in different Religion Festivals & State Phase.,Rajuk Bhaban,M/S TANIN ENTERPRISE,co0041,1,"150 MOTIJHEEL, NAHAR MANSION 3RD FLOOR, C/A DHAKA.",,570000,570000.000,2019-05-14,2019-08-05,2019-11-21,2019-08-07,2020-08-06,2,2,1,yes,yes,no,A S M Raihanul Ferdous,pp0084,"Chief Engineer, Project & Design",0
317182,Contract_Awards_PDFs/Tender_317182.pdf,1,supplier,Ministry of Housing and Public Works,og0001,Khulna Development Authority (KDA),og0016,Office of Planning Officer,og0058,,Khulna,Goods,OTM,Development Government,NA,Construction of 3 (Three) Link Roads Connecting Satkhira Road and City Bypass Road.,pr0064,KDA/EGP-02/PO/2018-2019.,KDA/EGP-02/PO/2018-2019.,Construction of 3 Three Link Roads Connecting Satkhira Road and City Bypass Road.,KDA/EGP-02/PO/2018-2019.(ID NO-317182),Construction of 3 (Three) Link Roads Connecting Satkhira Road and City Bypass Road.,KDA,Shell Corporation,co0163,1,"147, Motijheel C/A, Dhaka-1000",,12900000.001,12900000.001,2019-05-09,2019-06-11,2019-06-13,2019-07-22,2020-01-19,4,4,3,yes,yes,yes,Md. Mazibur Rahman,pp0095,Planning Officer,0
317767,Contract_Awards_PDFs/Tender_317767.pdf,1,supplier,Ministry of Housing and Public Works,og0001,Khulna Development Authority (KDA),og0016,Office of Planning Officer,og0058,,Khulna,Goods,OTM,Development Government,NA,Construction of 3 (Three) Link Roads Connecting Satkhira Road and City Bypass Road.,pr0064,KDA/EGP-03/PO/2018-2019,KDA/EGP-03/PO/2018-2019,Purchase of 1one no Double Cabin Pick-up with Carry-boy Disel Engine including Registation and MV Tax for Construction of 3ThreeLink Roads Connecting Satkhira Road and City By-Pass Road project.,KDA/EGP-03/PO/2018-2019 (ID NO 317767),Purchase of 1(one) no Double Cabin Pick-up with Carry-boy (Disel Engine) including Registation and MV Tax for Construction of 3(Three)Link Roads Connecting Satkhira Road and City By-Pass Road project.,KDA Khulna,Rangs Limited,co0055,1,"215, Bir Uttam Mir Shawkat Sarak, Tejgaon I/A, Dhaka-1208",,4900000.002,4900000.002,2019-05-12,2019-06-11,2019-06-19,2019-06-11,2019-06-23,2,2,2,yes,yes,yes,Md. Mazibur Rahman,pp0095,Planning Officer,0
322093,Contract_Awards_PDFs/Tender_322093.pdf,1,supplier,Ministry of Housing and Public Works,og0001,Rajshahi Development Authority,og0004,Office of the Chairman,og0030,,Rajshahi,Goods,OTM,Development Government,NA,Revision of Functional Master Plan and Detailed Area Plan to make Rajshahi Metropolitan Development Plan (RMDP) Disaster Risk Sensitive.,pr0059,040.003.035.013.001.2018-1777,RDA/RMDP/G/2018-19/03,Revision of Functional Master Plan and Detailed Area Plan to Make Rajshahi Metropolitan Development Plan RMDP Disaster Risk Sensitive Sub- head Supply of Total Station & Survey Support Tools for GIS Unit.,RDA/RMDP/2018-2019/02,Revision of Functional Master Plan and Detailed Area Plan to Make Rajshahi Metropolitan Development Plan (RMDP) Disaster Risk Sensitive (Sub- head: Supply of Total Station & Survey Support Tools for GIS Unit).,RDA Bhaban Rajshahi,ADVANCE TECHNOLOGY CONSORTIUM LIMITED,co0164,1,"14/A and 31/A, 12-A (12th Floor), Center Point, Concord Tower Tejkunipara, Farmgate",,1720000.004,1720000.004,2019-05-22,2019-06-24,2019-06-26,2019-06-16,2019-06-30,4,3,1,yes,yes,yes,Freedom Fighter Principal Md. Bazlur Rahman,pp0023,Chaiman,0
322658,Contract_Awards_PDFs/Tender_322658.pdf,1,supplier,Ministry of Housing and Public Works,og0001,Rajdhani Unnayan Kartripakkha (RAJUK),og0002,Office of the Chief Engineer (Implementation),og0032,CE-01,Dhaka,Works,OTM,Own Fund Own fund,NA,"Construction of Multistoried Appartment Building on 09 (Nine) nos. Abandoned plot at Gulshan, Mohammadpur, Lalmatia and Dhanmondi , Dhaka.",pr0062,PD_9Apt.Project/3,PD_9Apt.Project/3,Construction of 9Nine storied Apartment Building with 01One Basement at Plot no-22l21 Block-B Khilzi Road Mohammedpur Dhaka Building No-07.,PD_9Apt.Project/3,"Construction of 9(Nine) storied Apartment Building with 01(One) Basement at Plot no-22l21, Block-B, Khilzi Road, Mohammedpur, Dhaka (Building No-07).","Khilzi Road, Mohammedpur",UCCL The United Construction Company Limited,co0165,1,"House # 116(10th floor), Road # 11, Block - E, Bir Uttam Khademul Basher Sarak, Banani C/A, Dhaka - 1213.",,159872645.259,159872645.259,2019-05-26,2019-10-02,2019-10-30,2019-11-14,2021-09-29,6,4,3,yes,yes,yes,Abdul Latif Helaly,pp0093,"Chief Engineer, Implementation",0
329551,Contract_Awards_PDFs/Tender_329551.pdf,1,supplier,Ministry of Housing and Public Works,og0001,Rajdhani Unnayan Kartripakkha (RAJUK),og0002,office of the Chief Engineer ( Project & Design),og0036,CE-02,Dhaka,Goods,OTM,Own Fund Own fund,NA,Repair Maintenance of Heavy Machinery & Equipment,pr0004,Rajuk/Mechanical/8,Rajuk/Mechanical/8,Supply and fitting fixing of 05Five Nos. new Tyre Tubeless & O-Ring for Japanesc Pay-Loader No.-03 of RAJUK.,Rajuk/Mechanical/8,Supply and fitting fixing of 05(Five) Nos. new Tyre (Tubeless) & O-Ring for Japanesc Pay-Loader No.-03 of RAJUK.,Mohakhali Zonal office,M/s. Halim Enterprise.,co0110,1,"9 Nawab Street, Nawab Tower,Flat # B/C (1st floor ), Wari, Dhaka.",,1105000.011,1105000.011,2019-08-25,2020-01-14,2020-02-11,2020-02-11,2020-04-12,4,3,1,yes,yes,yes,A S M Raihanul Ferdous,pp0084,"Chief Engineer, Project & Design",0
329552,Contract_Awards_PDFs/Tender_329552.pdf,1,supplier,Ministry of Housing and Public Works,og0001,Rajdhani Unnayan Kartripakkha (RAJUK),og0002,office of the Chief Engineer ( Project & Design),og0036,CE-02,Dhaka,Works,OTM,Own Fund Own fund,NA,Repair Maintenance of Heavy Machinery & Equipment,pr0004,Rajuk/Mechanical/5,Rajuk/Mechanical/5,Supply spare parts of Fuel pump A/C pump and fitting fixing of 2 Nos. Sprocket repair of POLAN Chain Dozer No-01 of RAJUK.,Rajuk/Mechanical/5,"Supply spare parts of Fuel pump, A/C pump and fitting fixing of 2 Nos. Sprocket repair of POLAN Chain Dozer No-01 of RAJUK.",Mohakhali Zonal office,M/S Techno Trade International,co0146,1,"58/Cha/1, West Razabazar, Tejgaon, Dhaka.",,1250199,1250199.000,2019-08-25,2020-01-14,2020-02-11,2020-02-16,2020-05-14,5,3,2,yes,yes,yes,A S M Raihanul Ferdous,pp0084,"Chief Engineer, Project & Design",0
329553,Contract_Awards_PDFs/Tender_329553.pdf,1,supplier,Ministry of Housing and Public Works,og0001,Rajdhani Unnayan Kartripakkha (RAJUK),og0002,office of the Chief Engineer ( Project & Design),og0036,CE-02,Dhaka,Works,OTM,Own Fund Own fund,NA,Repair Maintenance of Heavy Machinery & Equipment,pr0004,Rajuk/Mechanical/6,Rajuk/Mechanical/6,Supply spare parts of Fuel pump A/C pump and fitting fixing of 2 Nos. Sprocket repair of POLAN Chain Dozer No-02 of RAJUK.,Rajuk/Mechanical/6,"Supply spare parts of Fuel pump, A/C pump and fitting fixing of 2 Nos. Sprocket repair of POLAN Chain Dozer No-02 of RAJUK.",Mohakhali Zonal office,M/S Techno Trade International,co0146,1,"58/Cha/1, West Razabazar, Tejgaon, Dhaka.",,1250199,1250199.000,2019-08-25,2020-01-14,2020-02-11,2020-02-16,2020-05-13,3,2,1,yes,yes,yes,A S M Raihanul Ferdous,pp0084,"Chief Engineer, Project & Design",0
329556,Contract_Awards_PDFs/Tender_329556.pdf,1,supplier,Ministry of Housing and Public Works,og0001,Rajdhani Unnayan Kartripakkha (RAJUK),og0002,office of the Chief Engineer ( Project & Design),og0036,CE-02,Dhaka,Works,OTM,Own Fund Own fund,NA,Repair Maintenance of Heavy Machinery & Equipment,pr0004,Rajuk/Mechanical/4,Rajuk/Mechanical/4,Engine Clutch system Overhauling and others Repairing with supplying of spare parts & fitting fixing of Road Roller No- 15.,Rajuk/Mechanical/4,"Engine, Clutch system Overhauling and others Repairing with supplying of spare parts & fitting fixing of Road Roller No- 15.",Mohakhali Zonal office,M/S Techno Trade International,co0146,1,"58/Cha/1, West Razabazar, Tejgaon, Dhaka.",,1152495,1152495.000,2019-08-25,2020-01-14,2020-02-11,2020-02-16,2020-04-16,4,3,2,yes,yes,yes,A S M Raihanul Ferdous,pp0084,"Chief Engineer, Project & Design",0
339042,Contract_Awards_PDFs/Tender_339042.pdf,1,supplier,Ministry of Housing and Public Works,og0001,Rajdhani Unnayan Kartripakkha (RAJUK),og0002,Office of the Chief Engineer (Implementation),og0032,CE-01,Dhaka,Works,OTM,Own Fund Own fund,NA,Purbachal New town Project,pr0009,Rajuk/PD_Purbachal/23,Rajuk/PD_Purbachal/23,Construction of RCC Drain at North side of Bangladesh China Friendship Exhibition center at Sector no-04 of Purbachal New Town Project.,Rajuk/PD_Purbachal/23,Construction of RCC Drain at North side of Bangladesh China Friendship Exhibition center at Sector no-04 of Purbachal New Town Project.,Purbachal New Town Project,M/S Razin International,co0127,1,"M/S Razin International 63/C, Lake Circus, Kalabagan, Dhanmondi, Dhaka-1205, Phone-9614672, Cell-01711079979, 01729292988",,9630921.42,9630921.420,2019-06-30,2019-07-22,2019-10-20,2019-08-01,2019-10-31,7,6,5,yes,yes,no,Abdul Latif Helaly,pp0093,"Chief Engineer, Implementation",0
342502,Contract_Awards_PDFs/Tender_342502.pdf,1,supplier,Ministry of Housing and Public Works,og0001,Chittagong Development Authority,og0009,Project Director(Rajib Das),og0060,,Chattogram,Works,OTM,Own Fund Own Fund,NA,NA,pr0003,PD/anyanna/Est/123,pd/Anonnya/est/127,Maintenance work of Oxyzen quaish Road,PD/anyanna/Est/123/281,Maintenance work of Oxyzen quaish Road,Oxygen,"S. Ananta - Abdus Salam (JV) ( JVCA Partners [Business Share]: M/S. Abdus Salam [49.000%] , S. Ananta Bikash Tripura [51.000%] )",co0166,1,"Milonpur, Khagrachari Sadar, Khagrachari.",,70658480.502,70658480.502,2019-08-08,2019-12-05,2019-12-19,2019-10-03,2020-04-02,9,8,4,yes,yes,yes,Rajib Das,pp0096,Executive Engineer,0
360423,Contract_Awards_PDFs/Tender_360423.pdf,1,supplier,Ministry of Housing and Public Works,og0001,Chittagong Development Authority,og0009,Project Director(M.Uddin),og0057,,Chattogram,Works,OTM,Own Fund Own Fund,NA,NA,pr0003,PD/Office/E-55,PD/MeStKo/E-55,Renovation and Others Related Works of Electrical Sub-station and Rest House of CDA Building.,PD/Office/E-55/214,Renovation and Others Related Works of Electrical Sub-station and Rest House of CDA Building.,"CDA Building, Court Road Chattogram",M/S. Gulzar Trading,co0142,1,"Hazi Monsur Ali Road, Mia Khan Nagar, Chittagong.",,3555766.8,3555766.800,2019-09-30,2020-01-12,2020-01-23,2020-06-15,2020-08-16,5,4,1,yes,yes,yes,A. H. M. Mesbah Uddin,pp0024,Project Director,0
366041,Contract_Awards_PDFs/Tender_366041.pdf,1,supplier,Ministry of Housing and Public Works,og0001,Khulna Development Authority (KDA),og0016,Office of Chief Engineer,og0045,,Khulna,Works,OTM,Own Fund Own fund,NA,Development of Ahsanabad residential area,pr0058,KDA/AHSANABAD WD5/2019-2020,AHSANABAD WD5,Construction of Bridge & Culvert at Ahsanabad residential area.,KDA/AHSANABAD WD5/2019-2020(Tender Id-366041),Construction of Bridge & Culvert at Ahsanabad residential area.,"Ahsanabad residential area,khulna",Toma Construction & Co. Limited,co0114,1,"Toma Tower, 77/1 Bir Uttam Samsul Alam Sarak, Kakrail, Ramna, Dhaka",,165756363.993,165756363.993,2019-10-03,2020-01-27,2020-02-13,2020-02-17,2020-06-30,7,4,2,yes,yes,yes,Kazi Md. Sabirul Alam,pp0085,Chief Engineer,0
366087,Contract_Awards_PDFs/Tender_366087.pdf,1,supplier,Ministry of Housing and Public Works,og0001,Khulna Development Authority (KDA),og0016,Office of Chief Engineer,og0045,,Khulna,Works,OTM,Own Fund Own fund,NA,Development of Ahsanabad residential area,pr0058,KDA/AHSANABADWD4/2019-2020,AHSANABADWD4,Construction of Drain at Ahsanabad residential area.,KDA/AHSANABAD WD4/2019-2020(tender Id-366087),Construction of Drain at Ahsanabad residential area.,"Ahsanabad residential area, khulna",M. M. Builders & Engineers Ltd.,co0167,1,"House No. - 127(6th Floor), Road - 10, Block - C, Niketon, Gulshan - 1, Dhaka - 1212",,125264837.7,125264837.700,2019-10-03,2020-01-27,2020-02-13,2020-02-17,2020-06-30,7,7,3,yes,yes,yes,Kazi Md. Sabirul Alam,pp0085,Chief Engineer,0
376450,Contract_Awards_PDFs/Tender_376450.pdf,1,supplier,Ministry of Housing and Public Works,og0001,Rajdhani Unnayan Kartripakkha (RAJUK),og0002,office of the Chief Engineer ( Project & Design),og0036,CE-02,Dhaka,Works,OTM,Own Fund Own fund,NA,"Sepcial Day Celebration,Building Lighting and fair related Expences,Fastival and Contrivution.",pr0065,Rajuk/ Electrical-2/19/ W-01,Rajuk/Electrical-2/19/W-01,Temporary illumination of Rajuk Zonal Offices & Site Offices in different Religion Festivals & State Phase.,25.39.0000.064.23.005.19,Temporary illumination of Rajuk Zonal Offices & Site Offices in different Religion Festivals & State Phase.,Rajuk Zonal & Site Office,M/S TANIN ENTERPRISE,co0041,1,"150 MOTIJHEEL, NAHAR MANSION 3RD FLOOR, C/A DHAKA.",,865065.768,865065.768,2019-11-14,2019-12-12,2020-03-12,2019-12-16,2020-12-15,2,2,1,yes,yes,no,A S M Raihanul Ferdous,pp0084,"Chief Engineer, Project & Design",0
383988,Contract_Awards_PDFs/Tender_383988.pdf,1,supplier,Ministry of Housing and Public Works,og0001,Rajshahi Development Authority,og0004,Office of the Chairman,og0030,,Rajshahi,Works,OTM,Development Government,NA,Construction of the Father of the Nation Bangabandhu Sheikh Mujibur Rahman Square at Talaimary Chattar.,pr0066,040.002.896.000.2015.351,RDA/BB Square/W/2019-2020/01,Construction of the Father of the Nation Bangabandhu Sheikh Mujibur Rahman Square at Talaimary Chattar Rajshahi Sub-Head Construction of Square.,RDA/BB square/2019-2020/01,"Construction of the Father of the Nation Bangabandhu Sheikh Mujibur Rahman Square at Talaimary Chattar, Rajshahi (Sub-Head: Construction of Square).",RDA Rajshahi,The Engineers & Architects Limited,co0062,1,"10 Toyenbee Circular Road, Motijheel C/A, Dhaka.",,292545247.34,292545247.340,2019-11-20,2020-02-03,2020-02-12,2020-01-20,2021-04-19,2,1,1,yes,yes,yes,Md. Anwar Hussain,pp0097,Chaiman,0
387658,Contract_Awards_PDFs/Tender_387658.pdf,1,supplier,Ministry of Housing and Public Works,og0001,Chittagong Development Authority,og0009,Project Director(M.Uddin),og0057,,Chattogram,Works,OTM,Own Fund Own Fund,NA,NA,pr0003,Nipro/CDAHill/E-58,NiPro/CDAHill/E-58,Installation Of Water Treatment Plant with Shed and Other related Works at CDA Hill.,Nipro/CDAHill/E-58/127,"Installation Of Water Treatment Plant with Shed and Other related Work""s at CDA Hill.",Cda hill Chattogram,M/S. Nice Enterprise,co0168,1,"758/C, Moidermill School Road, South Bakalia, Chittagong.",,1018755.63,1018755.630,2019-12-09,2020-01-21,2020-01-23,2020-01-15,2020-04-15,3,3,1,yes,yes,yes,A. H. M. Mesbah Uddin,pp0024,Project Director,0
398199,Contract_Awards_PDFs/Tender_398199.pdf,1,supplier,Ministry of Housing and Public Works,og0001,Chittagong Development Authority,og0009,Electrical & Mechanical Engineering (EME),og0061,,Chattogram,Goods,OTM,Own Fund Own Fund,NA,NA,pr0003,XEN(EM)/E-330,xen/em/e-330,Supply Installation Testing and commissioning of 400KVA Sub station at CDA office Building,XEN(EM)/E-330/976,"Supply, Installation, Testing and commissioning of 400KVA Sub station at CDA office Building",CDA Building,M/s Anas Trading International,co0169,1,"37, Bir Uttam C.R. Datta Road, Nahar Plaza, Room No-1506, Dhaka-1000, Bangladesh.",,4787600.824,4787600.824,2020-03-05,2020-10-18,2020-11-12,2020-08-03,2021-02-03,15,10,4,yes,yes,yes,Md. Zoinal Abedin,pp0098,Executive Engineer,0
409461,Contract_Awards_PDFs/Tender_409461.pdf,1,supplier,Ministry of Housing and Public Works,og0001,Chittagong Development Authority,og0009,Electrical & Mechanical Engineering (EME),og0061,,Chattogram,Goods,OTM,Own Fund Own Fund,NA,NA,pr0003,XEN(EM)/E-331,xen/em/e-331,Supply Installation Testing and commissioning of 300KVA Stand-by Generator at CDA office Building,XEN(EM)/E-331/977,"Supply, Installation, Testing and commissioning of 300KVA Stand-by Generator at CDA office Building",CDA Building,Dulal Enterprise (Pvt) Ltd.,co0111,1,"House # 01(2nd Floor), Road # 06, Sector # 01, Uttara Commercial Area, Dhaka-1230.",,4399000.035,4399000.035,2020-03-05,2020-10-18,2020-11-04,2020-08-03,2021-02-03,15,10,3,yes,yes,yes,Md. Zoinal Abedin,pp0098,Executive Engineer,0
410561,Contract_Awards_PDFs/Tender_410561.pdf,1,supplier,Ministry of Housing and Public Works,og0001,Chittagong Development Authority,og0009,Project Director(M.Uddin),og0057,,Chattogram,Works,OTM,Own Fund Own Fund,NA,NA,pr0003,NiPro/CDAHill/E-62/215,NiPro/CDAHill/E-62,Renewing of fencing around Banglow No. -2 Footpath Tiles and other related works at CDA Hill.,Nipro/CDA/Hill/e-62/132,"Renewing of fencing around Banglow No -2, Footpath , Tiles and other related works at CDA Hill.",CDA Hill Badsha Miah Road Chittagong,M/S. Khaja G.N Enterpriser,co0170,1,"Acharja Para, P.O: Alamin Baria, Chandgaon, Chittagong",,1876490.289,1876490.289,2020-02-17,2020-03-23,2020-03-25,2020-04-01,2020-05-17,2,2,1,yes,yes,yes,A. H. M. Mesbah Uddin,pp0024,Project Director,0
417304,Contract_Awards_PDFs/Tender_417304.pdf,1,supplier,Ministry of Housing and Public Works,og0001,Cox's Bazar Development Authority,og0020,Cox's Bazar Development Authority,og0020,,Cox's Bazar,Goods,OTM,Revenue Government,NA,NA,pr0003,CoxDA/eGP OTM-02/2020,CoxDA/eGP OTM-01/2020,Procurement of One No. of Twin Drum Vibratory Road Roller 4 to 6 Ton for Coxs Bazar Development Authority,CoxDA/eGP OTM-02/2020,Procurement of One No. of Twin Drum Vibratory Road Roller 4 to 6 Ton for Cox's Bazar Development Authority,CoxsBazar,Ecom Trade International,co0171,1,"Erectors House, 18, Kamal Ataturk Avenue, Banani, Dhaka-1213",,9280000.001,9280000.001,2020-01-27,2020-02-23,2020-02-27,2020-03-01,2020-05-17,5,2,2,yes,yes,yes,Lt. Col Anwar Ul Islam,pp0094,Member (Engineer),0
418364,Contract_Awards_PDFs/Tender_418364.pdf,1,supplier,Ministry of Housing and Public Works,og0001,Cox's Bazar Development Authority,og0020,Cox's Bazar Development Authority,og0020,,Cox's Bazar,Goods,OTM,Revenue Government,NA,NA,pr0003,CoxDA/eGP OTM-02/2020,CoxDA/eGP OTM-02/2020,Supply of Chain Dozer for Coxs Bazar Development Authority.,CoxDA/eGP OTM-02/2019-2020,Supply of Chain Dozer for Coxs Bazar Development Authority,CoxsBazar,Bangla Trac Limited,co0081,1,"House No #68, Block # H, Road # 11, Banani, Dhaka-1213",,18900000.001,18900000.001,2020-01-30,2020-03-01,2020-03-05,2020-03-01,2020-06-30,7,3,3,yes,yes,yes,Lt. Col Anwar Ul Islam,pp0094,Member (Engineer),0
423315,Contract_Awards_PDFs/Tender_423315.pdf,1,supplier,Ministry of Housing and Public Works,og0001,Chittagong Development Authority,og0009,Management Information System (MIS),og0038,,Chattogram,Works,OTM,Own Fund Own Fund,NA,NA,pr0003,MIS/IT Service/2019/107,MIS/ITService/2019/107-1,Maintenance and Support work for CDA IT System,MIS\IT-Service\2019\107\201,Maintenance and Support work for CDA IT System,CDA Building,Innovative Online Ltd.,co0172,1,"Minar Bhaban (2nd Floor), 15, O R Nizam Road,; Panchlaish PS; Chittagong-4203; Bangladesh",,3910680.006,3910680.006,2020-02-24,2020-07-08,2020-08-04,2020-04-01,2023-04-30,1,1,1,yes,yes,yes,Md. Mostafa Jamal,pp0069,System Analyst,0
424168,Contract_Awards_PDFs/Tender_424168.pdf,1,supplier,Ministry of Housing and Public Works,og0001,Cox's Bazar Development Authority,og0020,Cox's Bazar Development Authority,og0020,,Cox's Bazar,Goods,OTM,Revenue Government,NA,NA,pr0003,CoxDA/eGP OTM-03/2020,CoxDA/eGP OTM-03/2020,Supply of Note Book Pustani Box Pen Bag Desk Calendar Desk Calendar Box for Coxs Bazar Development Authority,CoxDA/eGP OTM-03/2020,"Supply of Note Book , Pustani, Box, Pen, Bag, Desk Calendar, Desk Calendar Box for Cox's Bazar Development Authority",CoxsBazar Pourashava,Frontline Communications Ltd,co0173,1,"City Center (Level-11), Unit ID: 10th C-1, 90/1 Motijheel C/A, Dhaka-1000,Bangladesh",,1366203.4,1366203.400,2020-02-11,2020-03-01,2020-03-04,2020-03-04,2020-04-30,2,2,1,yes,yes,yes,Lt. Col Anwar Ul Islam,pp0094,Member (Engineer),0
427246,Contract_Awards_PDFs/Tender_427246.pdf,1,supplier,Ministry of Housing and Public Works,og0001,Chittagong Development Authority,og0009,Project Director(M.Uddin),og0057,,Chattogram,Works,OTM,Own Fund Own Fund,NA,NA,pr0003,PD/MehedibagM/E-57/130,PD/MehedibagM/E-57,Thai Partition and others Related works in Ground Floor of CDA Mehedibag Jame Mashjid at CDA Mehedibag Staff Quarter. Chattogram.,PD/Me.St.Qut/E-57/131,Thai Partition and others Related works in Ground Floor of CDA Mehedibag Jame Mashjid at CDA Mehedibag Staff Quarter. Chattogram.,Mehedibag CDA Mashjid Chittagong,M/S. Gulzar Trading,co0142,1,"Hazi Monsur Ali Road, Mia Khan Nagar, Chittagong.",,844233.606,844233.606,2020-02-23,2020-03-23,2020-03-25,2020-03-29,2020-05-31,2,2,1,yes,yes,yes,A. H. M. Mesbah Uddin,pp0024,Project Director,0
427350,Contract_Awards_PDFs/Tender_427350.pdf,1,supplier,Ministry of Housing and Public Works,og0001,Rajdhani Unnayan Kartripakkha (RAJUK),og0002,"Office of the Project Director, Urban Resilience Project-RAJUK Part,RAJUK,Dhaka",og0050,,Dhaka,Goods,OTM,Development Aid or Grant,World Bank,Urban Resilience Project-RAJUK Part,pr0048,APP ID: 159826,URP/RAJUK/G-18,Supply & Installation of PA System Telecommunication Access Control & Security and General Electrical Equipment for PIU Office,Contract No. G-18,"Supply & Installation of PA System, Telecommunication, Access Control & Security and General Electrical Equipment for PIU Office","PIU Office, Dhaka",Optimal Technology (Pvt. ) Ltd.,co0077,1,"186, Shahid Sayed Nazrul Islam Soroni & 40, Bijoy Nagar, Ally's Center,Dhaka-1000.Bangladesh",,6486507.049,6486507.049,2020-02-25,2020-05-10,2020-06-03,2020-04-15,2020-07-14,6,3,2,yes,yes,yes,Abdul Latif Helaly,pp0093,Project Director,0
427858,Contract_Awards_PDFs/Tender_427858.pdf,1,supplier,Ministry of Housing and Public Works,og0001,Rajdhani Unnayan Kartripakkha (RAJUK),og0002,Purbachal New Town Project,og0015,,Dhaka,Works,OTM,Own Fund Own fund,NA,Purbachal New town Project,pr0009,Rajuk/PD_Purbachal/41,Rajuk/PD_Purbachal/41,Providing Private Security & Cleaning Service for Site Ofce at Sector No-04 of Purbachal New Town Project.,Rajuk/PD_Purbachal/41,Providing Private Security & Cleaning Service for Site Ofce at Sector No-04 of Purbachal New Town Project.,Purbachal New Town,M/S. Alam & Co.,co0004,1,"61, Satish Sarker Road, Gandaria, Dhaka Bangladesh",,2665436.4,2665436.400,2020-03-01,2020-07-21,2020-08-18,2020-09-27,2022-03-31,9,6,2,yes,yes,yes,Ujjwal Mallick,pp0099,Project Director,0
427863,Contract_Awards_PDFs/Tender_427863.pdf,1,supplier,Ministry of Housing and Public Works,og0001,Rajdhani Unnayan Kartripakkha (RAJUK),og0002,Purbachal New Town Project,og0015,,Dhaka,Works,OTM,Own Fund Own fund,NA,Purbachal New town Project,pr0009,Rajuk/PD_Purbachal/48,Rajuk/PD_Purbachal/48,Construction of internal Road and surface Drain at Sector no -05 part of purbachal new town project. Package RDC -05 Lot-02.,Rajuk/PD_Purbachal/48,Construction of internal Road and surface Drain at Sector no -05 part of purbachal new town project. Package RDC -05 Lot-02.,Purbachal New Town,"MOZAHAR ENTERPRISE (PVT.) LTD. & M/S REZA ENTERPRISE-JV ( JVCA Partners [Business Share]: M/S REZA ENTERPRISE [90.000%] , MOZAHAR ENTERPRISE (PVT.) LTD. [10.000%] )",co0174,1,"27 Central Bashaboo,Dhaka",,38993439.006,38993439.006,2020-03-01,2020-07-21,2020-08-18,2020-08-18,2021-03-18,7,5,5,yes,yes,yes,Ujjwal Mallick,pp0099,Project Director,0
42800,Contract_Awards_PDFs/Tender_42800.pdf,1,supplier,Local Government Division,og0027,Local Government Engineering Department (LGED),og0028,"Office of the Executive Engineer, LGED, Chittagong",og0062,,Chittagong,Works,OTM,Development Government,NA,Development of Union Connecting Road & Infrastructure: Greater Chittagong (Chittagong & Cox's Bazar District),pr0067,APP ID : 22112,WD-UNR-CTG-BANSH-15/49,"Development of Upazila H/Q to Gondamara UP Office Road (Dack Bangla-Gandamara UP to Mattabar Para Road) (Remaining Work) by BC at Ch: 3100m-4000m; Upazila: Banskhali, District: Chittagong (Road ID : 415083003).",397(GCCP/2015-16),"Development of Upazila H/Q to Gondamara UP Office Road (Dack Bangla-Gandamara UP to Mattabar Para Road) (Remaining Work) by BC at Ch: 3100m-4000m; Upazila: Banskhali, District: Chittagong (Road ID : 415083003).",Banskhali,M/S. Al-Arif Enterprise,co0175,1,"Dakkin Joldi, Word No. Banshkhali Pourashava, Banshkhali, Chittagong",,3923174.101,3923174.101,2016-01-17,2016-03-21,2016-04-17,2016-03-01,2016-06-30,2,2,2,yes,yes,yes,Md. Shah Alamgir,pp0100,Executive Engineer,0
431689,Contract_Awards_PDFs/Tender_431689.pdf,1,supplier,Ministry of Housing and Public Works,og0001,Rajdhani Unnayan Kartripakkha (RAJUK),og0002,Uttara 3rd Phase Project,og0063,,Dhaka,Works,OTM,Own Fund Own fund,NA,Uttara Residential Model Town (3rd Phase),pr0035,Rajuk/PD_Uttara3rd/13,Rajuk/PD_Uttara3rd/13,Repair & Renovation work of Avenue-9 bridge no- 02 to bridge no-11 of the Uttara Residential Model Town 3rd phase project.,Rajuk/PD_Uttara3rd/13,Repair & Renovation work of Avenue-9 (bridge no- 02 to bridge no-11) of the Uttara Residential Model Town (3rd phase) project.,Uttara 3rd phase project,Momotaj Engineers Ltd.,co0003,1,"Kha-202/c, Progatisharani, Middle Badda, Dhaka-1212.",,25495255.777,25495255.777,2020-03-02,2020-10-21,2020-11-15,2021-01-12,2021-03-11,7,5,1,yes,yes,yes,Md. Abdul Awal,pp0101,PD (Uttara 3rd Phase),0
431690,Contract_Awards_PDFs/Tender_431690.pdf,1,supplier,Ministry of Housing and Public Works,og0001,Rajdhani Unnayan Kartripakkha (RAJUK),og0002,Uttara 3rd Phase Project,og0063,,Dhaka,Works,OTM,Own Fund Own fund,NA,Uttara Residential Model Town (3rd Phase),pr0035,Rajuk/PD_Uttara3rd/14,Rajuk/PD_Uttara3rd/14,Repair & Renovation of roads digging by Dhaka WASA & DESCO including Remaining Land filling in the southern part of sector 15 of Uttara Residential Model Town 3rd phase project.,Rajuk/PD_Uttara3rd/14,Repair & Renovation of roads digging by Dhaka WASA & DESCO including Remaining Land filling in the southern part of sector 15 of Uttara Residential Model Town (3rd phase) project.,Uttara 3rd phase project,M/S. Sapna Construction,co0176,1,"230/1-A, Road No. 06, Tilpapara, Khilgaon, Dhaka-1219",,23185264.032,23185264.032,2020-03-02,2020-10-21,2020-11-15,2021-01-12,2021-03-11,8,7,4,yes,yes,yes,Md. Abdul Awal,pp0101,PD (Uttara 3rd Phase),0
431692,Contract_Awards_PDFs/Tender_431692.pdf,1,supplier,Ministry of Housing and Public Works,og0001,Rajdhani Unnayan Kartripakkha (RAJUK),og0002,Uttara 3rd Phase Project,og0063,,Dhaka,Works,OTM,Own Fund Own fund,NA,Uttara Residential Model Town (3rd Phase),pr0035,Rajuk/PD_Uttara3rd/15,Rajuk/PD_Uttara3rd/15,Repair & Renovation of roads digging by Dhaka WASA & DESCO including Remaining Land filling in the Block A B & C of sector 16 of Uttara Residential Model Town 3rd phase project.,Rajuk/PD_Uttara3rd/15,"Repair & Renovation of roads digging by Dhaka WASA & DESCO including Remaining Land filling in the Block A, B & C of sector 16 of Uttara Residential Model Town (3rd phase) project.",Uttara 3rd phase project,M/S Udayan Builders,co0023,1,"Dhaka Trtade Centre,Level #15, Block # H 99 Kazi Nazrul Islam Avenue, Kawran Bazar C/A, Dhaka-1215",,25765686.207,25765686.207,2020-03-02,2020-10-21,2020-11-15,2021-01-12,2021-03-11,7,6,5,yes,yes,yes,Md. Abdul Awal,pp0101,PD (Uttara 3rd Phase),0
431697,Contract_Awards_PDFs/Tender_431697.pdf,1,supplier,Ministry of Housing and Public Works,og0001,Rajdhani Unnayan Kartripakkha (RAJUK),og0002,Uttara 3rd Phase Project,og0063,,Dhaka,Works,OTM,Own Fund Own fund,NA,Uttara Residential Model Town (3rd Phase),pr0035,Rajuk/PD_Uttara3rd/16,Rajuk/PD_Uttara3rd/16,Repair & Renovation of roads digging by Dhaka WASA & DESCO including Remaining Land filling in the Block H I & J of sector 16 of Uttara Residential Model Town 3rd phase project.,Rajuk/PD_Uttara3rd/16,"Repair & Renovation of roads digging by Dhaka WASA & DESCO including Remaining Land filling in the Block H, I & J of sector 16 of Uttara Residential Model Town (3rd phase) project.",Uttara 3rd phase project,Momotaj Engineers Ltd.,co0003,1,"Kha-202/c, Progatisharani, Middle Badda, Dhaka-1212.",,26794543.185,26794543.185,2020-03-02,2020-10-21,2020-11-15,2021-01-12,2021-03-11,6,6,3,yes,yes,yes,Md. Abdul Awal,pp0101,PD (Uttara 3rd Phase),0
431699,Contract_Awards_PDFs/Tender_431699.pdf,1,supplier,Ministry of Housing and Public Works,og0001,Rajdhani Unnayan Kartripakkha (RAJUK),og0002,Uttara 3rd Phase Project,og0063,,Dhaka,Works,OTM,Own Fund Own fund,NA,Uttara Residential Model Town (3rd Phase),pr0035,Rajuk/PD_Uttara3rd/18,Rajuk/PD_Uttara3rd/18,Repair & Renovation of roads related area of e-Passport and Automated Border Control Management System Project at sector 16 of Uttara Residential model town 3rd phase project.,Rajuk/PD_Uttara3rd/18,Repair & Renovation of roads related area of â??e-Passport and Automated Border Control Management System Projectâ?� at sector 16 of Uttara Residential model town (3rd phase) project.,Uttara 3rd phase project,M/S Udayan Builders,co0023,1,"Dhaka Trtade Centre,Level #15, Block # H 99 Kazi Nazrul Islam Avenue, Kawran Bazar C/A, Dhaka-1215",,26903358.882,26903358.882,2020-03-02,2020-10-21,2020-11-15,2021-01-12,2021-03-11,7,6,4,yes,yes,yes,Md. Abdul Awal,pp0101,PD (Uttara 3rd Phase),0
431701,Contract_Awards_PDFs/Tender_431701.pdf,1,supplier,Ministry of Housing and Public Works,og0001,Rajdhani Unnayan Kartripakkha (RAJUK),og0002,Uttara 3rd Phase Project,og0063,,Dhaka,Works,OTM,Own Fund Own fund,NA,Uttara Residential Model Town (3rd Phase),pr0035,Rajuk/PD_Uttara3rd/19,Rajuk/PD_Uttara3rd/19,Repair & Renovation of roads digging by Dhaka WASA & DESCO including Remaining Land filling in the Block D E F & G of sector 16 of Uttara Residential Model Town 3rd phase project.,Rajuk/PD_Uttara3rd/19,"Repair & Renovation of roads digging by Dhaka WASA & DESCO including Remaining Land filling in the Block D, E, F & G of sector 16 of Uttara Residential Model Town (3rd phase) project.",Uttara 3rd phase project,Starlite Services Limited,co0019,1,"Planners Tower(16th Floor), Suit No: 8-11,13/A, Sonargaon Road, Dhaka-1000.",,24082660.683,24082660.683,2020-03-02,2020-10-21,2020-11-15,2021-01-12,2021-03-11,7,7,4,yes,yes,yes,Md. Abdul Awal,pp0101,PD (Uttara 3rd Phase),0
431702,Contract_Awards_PDFs/Tender_431702.pdf,1,supplier,Ministry of Housing and Public Works,og0001,Rajdhani Unnayan Kartripakkha (RAJUK),og0002,Uttara 3rd Phase Project,og0063,,Dhaka,Works,OTM,Own Fund Own fund,NA,Uttara Residential Model Town (3rd Phase),pr0035,Rajuk/PD_Uttara3rd/20,Rajuk/PD_Uttara3rd/20,Repair & Renovation of roads digging by Dhaka WASA & DESCO including Remaining Land filling in the northern part of sector 15 of Uttara Residential Model Town 3rd phase project.,Rajuk/PD_Uttara3rd/20,Repair & Renovation of roads digging by Dhaka WASA & DESCO including Remaining Land filling in the northern part of sector 15 of Uttara Residential Model Town (3rd phase) project.,Uttara 3rd phase project,M/S REZA ENTERPRISE,co0177,1,"27 Central Bashaboo,Dhaka",,23615131.509,23615131.509,2020-03-02,2020-10-21,2020-11-15,2021-01-12,2021-03-11,6,5,3,yes,yes,yes,Md. Abdul Awal,pp0101,PD (Uttara 3rd Phase),0
431704,Contract_Awards_PDFs/Tender_431704.pdf,1,supplier,Ministry of Housing and Public Works,og0001,Rajdhani Unnayan Kartripakkha (RAJUK),og0002,Uttara 3rd Phase Project,og0063,,Dhaka,Works,OTM,Own Fund Own fund,NA,Uttara Residential Model Town (3rd Phase),pr0035,Rajuk/PD_Uttara3rd/21,Rajuk/PD_Uttara3rd/22,Repair & Renovation of roads digging by Dhaka WASA & DESCO including Remaining Land filling in the Block H H1 & G1 of sector 17 of Uttara Residential Model Town 3rd phase project.,Rajuk/PD_Uttara3rd/21,"Repair & Renovation of roads digging by Dhaka WASA & DESCO including Remaining Land filling in the Block H, H1 & G1 of sector 17 of Uttara Residential Model Town (3rd phase) project.",Uttara 3rd phase project,M/s Shafique and Sons,co0025,1,"Cha-72/1, North Badda, Badda Tower (10th FL), Badda, Dhaka-1212",,25662161.151,25662161.151,2020-03-02,2020-10-21,2020-11-15,2021-01-12,2021-03-11,5,4,3,yes,yes,yes,Md. Abdul Awal,pp0101,PD (Uttara 3rd Phase),0
431706,Contract_Awards_PDFs/Tender_431706.pdf,1,supplier,Ministry of Housing and Public Works,og0001,Rajdhani Unnayan Kartripakkha (RAJUK),og0002,Uttara 3rd Phase Project,og0063,,Dhaka,Works,OTM,Own Fund Own fund,NA,Uttara Residential Model Town (3rd Phase),pr0035,Rajuk/PD_Uttara3rd/21,Rajuk/PD_Uttara3rd/21,Repair & Renovation of roads digging by Dhaka WASA & DESCO including Remaining Land filling in the southern part of sector 17 of Uttara Residential Model Town 3rd phase project.,Rajuk/PD_Uttara3rd/22,Repair & Renovation of roads digging by Dhaka WASA & DESCO including Remaining Land filling in the southern part of sector 17 of Uttara Residential Model Town (3rd phase) project.,Uttara 3rd phase project,HAIDER & CO.,co0013,1,"1/1 KAMALAPUR BAZAR ROAD, DHAKA",,25202342.493,25202342.493,2020-03-02,2020-10-21,2020-11-15,2021-01-12,2021-03-11,6,6,5,yes,yes,yes,Md. Abdul Awal,pp0101,PD (Uttara 3rd Phase),0
431707,Contract_Awards_PDFs/Tender_431707.pdf,1,supplier,Ministry of Housing and Public Works,og0001,Rajdhani Unnayan Kartripakkha (RAJUK),og0002,Uttara 3rd Phase Project,og0063,,Dhaka,Works,OTM,Own Fund Own fund,NA,Uttara Residential Model Town (3rd Phase),pr0035,Rajuk/PD_Uttara3rd/23,Rajuk/PD_Uttara3rd/23,Repair & Renovation of roads digging by Dhaka WASA & DESCO including Remaining Land filling in the Block- I of sector 17 of Uttara Residential Model Town 3rd phase project.,Rajuk/PD_Uttara3rd/23,Repair & Renovation of roads digging by Dhaka WASA & DESCO including Remaining Land filling in the Block- I of sector 17 of Uttara Residential Model Town (3rd phase) project.,Uttara 3rd phase project,Momotaj Engineers Ltd.,co0003,1,"Kha-202/c, Progatisharani, Middle Badda, Dhaka-1212.",,20671022.142,20671022.142,2020-03-02,2020-10-21,2020-11-15,2021-01-12,2021-03-11,6,4,3,yes,yes,yes,Md. Abdul Awal,pp0101,PD (Uttara 3rd Phase),0
431708,Contract_Awards_PDFs/Tender_431708.pdf,1,supplier,Ministry of Housing and Public Works,og0001,Rajdhani Unnayan Kartripakkha (RAJUK),og0002,Uttara 3rd Phase Project,og0063,,Dhaka,Works,OTM,Own Fund Own fund,NA,Uttara Residential Model Town (3rd Phase),pr0035,Rajuk/PD_Uttara3rd/24,Rajuk/PD_Uttara3rd/24,Repair & Renovation of roads digging by Dhaka WASA & DESCO including Remaining Land filling in the Block J & K of sector 17 of Uttara Residential Model Town 3rd phase project.,Rajuk/PD_Uttara3rd/24,Repair & Renovation of roads digging by Dhaka WASA & DESCO including Remaining Land filling in the Block J & K of sector 17 of Uttara Residential Model Town (3rd phase) project.,Uttara 3rd phase project,Momotaj Engineers Ltd.,co0003,1,"Kha-202/c, Progatisharani, Middle Badda, Dhaka-1212.",,20926797.75,20926797.750,2020-03-02,2020-10-21,2020-11-15,2021-01-12,2021-03-11,7,4,2,yes,yes,yes,Md. Abdul Awal,pp0101,PD (Uttara 3rd Phase),0
436738,Contract_Awards_PDFs/Tender_436738.pdf,1,supplier,Ministry of Housing and Public Works,og0001,Chittagong Development Authority,og0009,Project Director (Saltgola),og0026,,Chattogram,Works,OTM,Own Fund Own Fund,NA,NA,pr0003,CD-1/E-1470/532,CD-1/E-1470,Supply installation testing and commissioning of fire protection system Hydrent System of CDA Saltgola Shopping Mall,CD-1/E-1470/536,"Supply installation, testing and commissioning of fire protection system (Hydrent System of CDA Saltgola Shopping Mall)",Saltgola Chattogram,ELECTROMECH AUTOMATION SERVICES LTD,co0178,1,"14, PURANA PALTAN, DARUS-SALMAN ARCADE BHABAN (6TH FLOOR); Palton PS: Dhaka-1000; Bangladesh",,2656104.938,2656104.938,2020-03-05,2020-03-23,2020-04-19,2020-04-15,2020-05-17,2,2,1,yes,yes,yes,A. A. M. Habibur Rahman,pp0020,Project Director,0
446283,Contract_Awards_PDFs/Tender_446283.pdf,1,supplier,Ministry of Housing and Public Works,og0001,Cox's Bazar Development Authority,og0020,Cox's Bazar Development Authority,og0020,,Cox's Bazar,Works,OTM,Revenue Government,NA,NA,pr0003,CoxDA/eGP OTM-04/2020,CoxDA/eGP OTM-04/2020,Construction of Terracotta Feature Wall Landscaping and Beautification at Laboni Point Coxs Bazar,CoxDA/eGP OTM-04/2020,"Construction of Terracotta Feature Wall, Landscaping and Beautification at Laboni Point Coxâ??s Bazar",Coxs Bazar Pourashava,M/S. Shishir Construction,co0179,1,"110, Green Road. Firmgate Dhaka-1215",,5407490.335,5407490.335,2020-03-15,2020-04-07,2020-04-07,2020-04-05,2020-04-20,1,1,1,yes,yes,yes,Lt Col Anwar Ul Islam,pp0094,Member (Engineer),0
446869,Contract_Awards_PDFs/Tender_446869.pdf,1,supplier,Ministry of Housing and Public Works,og0001,Rajdhani Unnayan Kartripakkha (RAJUK),og0002,"Construction of multi-storied apartment Buildings on 9(Nine) nos abandoned plot at Gulshan,Mohammadpur, Lalmatia & Dhanmondi, Dhaka.",og0006,,Dhaka,Works,OTM,Own Fund Own fund,NA,"Construction of Multistoried Appartment Building on 09 (Nine) nos. Abandoned plot at Gulshan, Mohammadpur, Lalmatia and Dhanmondi , Dhaka.",pr0062,Rajuk/PD_9apt/05,Rajuk/PD_9apt/05,Construction of 8 Eight storied Apartment Building at Plot no-2/15 Block-B Babar Road Mohammadpur Dhaka Building No-6.,Rajuk/PD_9apt/05,"Construction of 8 (Eight) storied Apartment Building at Plot no-2/15, Block-B, Babar Road, Mohammadpur Dhaka (Building No-6).",Mohammadpur Dhaka,"HSL-RE JV. ( JVCA Partners [Business Share]: Hasan & Sons Ltd. [10.000%] , M/S REZA ENTERPRISE [90.000%] )",co0180,1,"27, Central Bassabo, Dhaka-1000.",,68731670.637,68731670.637,2020-03-22,2020-07-02,2020-07-29,2020-08-13,2022-02-10,5,3,2,yes,yes,yes,Rahat Muslemin,pp0003,PD (9apt),0
447380,Contract_Awards_PDFs/Tender_447380.pdf,1,supplier,Ministry of Housing and Public Works,og0001,Rajdhani Unnayan Kartripakkha (RAJUK),og0002,"Construction of multi-storied apartment Buildings on 9(Nine) nos abandoned plot at Gulshan,Mohammadpur, Lalmatia & Dhanmondi, Dhaka.",og0006,,Dhaka,Works,OTM,Own Fund Own fund,NA,"Construction of Multistoried Appartment Building on 09 (Nine) nos. Abandoned plot at Gulshan, Mohammadpur, Lalmatia and Dhanmondi , Dhaka.",pr0062,Rajuk/PD_9apt/06,Rajuk/PD_9apt/06,Construction of 13 Thirteen Storied Apartment Building including 01One basement at Plot No-226 old 90 new Road no- 21old 11/Anew Dhanmondi R/A Dhaka Building No-08.,Rajuk/PD_9apt/06,"Construction of 13 (Thirteen) Storied Apartment Building including 01(one) basement at Plot No-226,(old), 90(new), Road no-21(old), 11/A(new), Dhanmondi, R/A, Dhaka, (Building No-08 )","Dhanmondi, Dhaka","HSL-RE JV. ( JVCA Partners [Business Share]: Hasan & Sons Ltd. [10.000%] , M/S REZA ENTERPRISE [90.000%] )",co0180,1,"27, Central Bassabo, Dhaka-1000.",,353523936.294,353523936.294,2020-03-22,2020-09-06,2020-10-04,2020-10-20,2022-10-19,3,2,2,yes,yes,yes,Rahat Muslemin,pp0003,PD (9apt),0
448324,Contract_Awards_PDFs/Tender_448324.pdf,1,supplier,Ministry of Housing and Public Works,og0001,Cox's Bazar Development Authority,og0020,Cox's Bazar Development Authority,og0020,,Cox's Bazar,Works,OTM,Development Government,NA,Holiday More-Bazarghata-Larpara (Bus Stand) Main Road Re-Construction and Widening Project of Coxs Bazar District,pr0068,CoxDA/Project/eGP WD-01/2020,CoxDA/Project/eGP WD-01/2020,Improvement and Widening of Holiday Mor to Khurushkul Mor at Coxs Bazar between Ch. 0000-2450 Km,CoxDA/Project/eGP WD-01/2020,Improvement and Widening of Holiday Mor to Khurushkul Mor at Coxs Bazar between Ch. 0000-2450 Km,Cox's Bazar Pourashava,NATIONAL DEVELOPMENT ENGINEERS LTD.,co0054,1,"House No. # 22, Road # 04, Block - C, Banani, Dhaka-1213",,929999504.713,929999504.713,2020-03-19,2020-10-08,2020-10-15,2020-05-03,2022-05-31,3,2,2,yes,yes,yes,Lt Col Anwar Ul Islam,pp0094,Member (Engineer),0
448675,Contract_Awards_PDFs/Tender_448675.pdf,1,supplier,Ministry of Housing and Public Works,og0001,Khulna Development Authority (KDA),og0016,Office of the Assistant Programmer,og0017,,Khulna,Goods,OTM,Revenue Government,NA,NA,pr0003,25.41.0000.006.00.030.20-1589,Goods-Computer001/2019-20,Supply of Computer Laptop and Computer Accessories,G-Com 001/2019-20 [Tender ID 448675],"Supply of Computer, Laptop and Computer Accessories","Khulna Development Authority, KDA",MHR ENGINEERING,co0181,1,"E-3 (KA), JALIL SHARANI, IN FRONT OF PMG OFFICE, BOYRA, KHULNA",,1355352.031,1355352.031,2020-05-27,2020-06-15,2020-06-23,2020-06-15,2020-06-25,3,3,3,yes,yes,yes,Md. Saiful Islam,pp0056,Assistant Programmer,0
459665,Contract_Awards_PDFs/Tender_459665.pdf,1,supplier,Ministry of Housing and Public Works,og0001,Khulna Development Authority (KDA),og0016,Office of the Executive Engineer (Works),og0064,,Khulna,Goods,OTM,Own Fund Own Fund,NA,NA,pr0003,kda/goods/01,kda/goods/01,Supplying & Installation of 10 person capacity Passenger Lift for kda Rest house,kda/goods/01(tender Id-459665),Supplying & Installation of 10 person capacity Passenger Lift for kda Rest house,kda rest house,MAAN BANGLADESH LTD.,co0089,1,"Chandrashila Suvastu Tower (15th Floor), 69/1, Panthapath, Dhaka-1205",,3102817.5,3102817.500,2020-05-12,2020-06-23,2020-06-25,2020-06-25,2020-08-06,3,3,1,yes,yes,yes,Md. Arman Hossain,pp0102,Executive Engineer (Works),0
461085,Contract_Awards_PDFs/Tender_461085.pdf,1,supplier,Ministry of Housing and Public Works,og0001,Cox's Bazar Development Authority,og0020,Cox's Bazar Development Authority,og0020,,Cox's Bazar,Goods,OTM,Development Government,NA,Holiday More-Bazarghata-Larpara (Bus Stand) Main Road Re-Construction and Widening Project of Coxs Bazar District,pr0068,CoxDA/Project/eGP/OTM-01/2020,CoxDA/Project/eGP/OTM-01/2020,Supply of Pay Loader Wheel Type for Coxs Bazar Development Authority,CoxDA/Project/eGP/OTM-01/2020,Supply of Pay Loader (Wheel Type) for Coxâ??s Bazar Development Authority,Coxs Bazar Pourashava,Bangla Trac Limited,co0081,1,"House No #68, Block # H, Road # 11, Banani, Dhaka-1213",,18450000.001,18450000.001,2020-05-17,2020-06-08,2020-07-05,2020-06-07,2020-06-30,7,6,1,yes,yes,yes,Lt Col Anwar Ul Islam,pp0094,Member (Engineer),0
461209,Contract_Awards_PDFs/Tender_461209.pdf,1,supplier,Ministry of Housing and Public Works,og0001,Cox's Bazar Development Authority,og0020,Cox's Bazar Development Authority,og0020,,Cox's Bazar,Goods,OTM,Development Government,NA,Holiday More-Bazarghata-Larpara (Bus Stand) Main Road Re-Construction and Widening Project of Coxs Bazar District,pr0068,CoxDA/Project/eGP/OTM-02/2020,CoxDA/Project/eGP/OTM-02/2020,Supply of Excavator Wheel Type for Coxs Bazar Development Authority,CoxDA/Project/eGP/OTM-02/2020,Supply of Excavator (Wheel Type) for Coxs Bazar Development Authority,Coxs Bazar Pourashava,Bangla Trac Limited,co0081,1,"House No #68, Block # H, Road # 11, Banani, Dhaka-1213",,17250000.001,17250000.001,2020-05-17,2020-06-08,2020-07-05,2020-06-07,2020-06-30,7,6,1,yes,yes,yes,Lt Col Anwar Ul Islam,pp0094,Member (Engineer),0
471795,Contract_Awards_PDFs/Tender_471795.pdf,1,supplier,Ministry of Housing and Public Works,og0001,Cox's Bazar Development Authority,og0020,Cox's Bazar Development Authority,og0020,,Cox's Bazar,Works,OTM,Own Fund Own Fund,NA,NA,pr0003,CoxDA/eGP OTM-07/2020,CoxDA/eGP OTM-07/2020,Tree Plantation within Jurisdiction area of Coxs Bazar Development Authority,CoxDa/eGP OTM - 07/2020,Tree Plantation within Jurisdiction area of Coxs Bazar Development Authority (CoxDA),Coxs Bazar,M/S. T.J Construction,co0182,1,"Holding No.02, Firingi Bazar, Kotwali, Chittagong",,2661750,2661750.000,2020-06-17,2020-07-06,2020-07-08,2020-07-05,2020-07-19,1,1,1,yes,yes,yes,Lt Col Anwar Ul Islam,pp0094,Member (Engineer),0
475789,Contract_Awards_PDFs/Tender_475789.pdf,1,supplier,Ministry of Housing and Public Works,og0001,Rajdhani Unnayan Kartripakkha (RAJUK),og0002,"Office of the Project Director, Urban Resilience Project-RAJUK Part,RAJUK,Dhaka",og0050,,Dhaka,Goods,OTM,Development Aid or Grant,World Bank,Urban Resilience Project-RAJUK Part,pr0048,APP ID: 159826,URP/RAJUK/G-19,Procurement of Motorcycle for PIU of Urban Resilience Project RAJUK Part,Contract No. G-19,Procurement of Motorcycle for PIU of Urban Resilience Project: RAJUK Part,"PIU Office, Dhaka",RANCON MOTOR BIKES LIMITED,co0183,1,"387,Tejgaon I/A , Tejgaon , Dhaka , PO : 1208",,2400000.03,2400000.030,2020-06-29,2020-07-31,2020-08-18,2020-08-16,2020-11-15,5,4,1,yes,yes,yes,Abdul Latif Helaly,pp0093,Project Director,0
476403,Contract_Awards_PDFs/Tender_476403.pdf,1,supplier,Ministry of Housing and Public Works,og0001,Rajdhani Unnayan Kartripakkha (RAJUK),og0002,Development of Residential and commercial Infrastructure at Jhilmil Residential Project Area,og0023,,Dhaka,Works,OTM,Own Fund Own fund,NA,Development of Residential and Commercial Infrastructure at Jhilmil Residential Project Area.,pr0017,PD_JHILMIL/01,PD_JHILMIL/01,Internal road widening and maintenance for Development of Residential & Commercial Infrastructures at Jhilmil Residential Project Area. Pakage-1Lot- S-1,PD_JHILMIL/01,"Internal road widening and maintenance for Development of Residential & Commercial Infrastructures at Jhilmil Residential Project Area. (Pakage:-1,Lot:- S-1)",Jhilmil Residential Project Area,"Rafiq Construction Co. (Pvt.) Ltd. - Haider & Co-Momotaj Engineers Ltd (JV) ( JVCA Partners [Business Share]: HAIDER & CO. [25.000%] , Momotaj Engineers Ltd. [25.000%] , Rafiq Construction Co. (Pvt.) Ltd. [50.000%] )",co0184,1,18/1 Naya Paltan Dhaka-100,,64618703.1,64618703.100,2020-07-14,2020-12-23,2021-01-19,2021-01-19,2022-02-17,13,9,6,yes,yes,yes,Md. Nurul Islam,pp0010,PD (Jhilmil),0
476405,Contract_Awards_PDFs/Tender_476405.pdf,1,supplier,Ministry of Housing and Public Works,og0001,Rajdhani Unnayan Kartripakkha (RAJUK),og0002,Development of Residential and commercial Infrastructure at Jhilmil Residential Project Area,og0023,,Dhaka,Works,OTM,Own Fund Own fund,NA,Development of Residential and Commercial Infrastructure at Jhilmil Residential Project Area.,pr0017,PD_JHILMIL/02,PD_JHILMIL/02,Internal road widening and maintenance for Development of Residential & Commercial Infrastructures at Jhilmil Residential Project Area. Pakage-1Lot- S-2,PD_JHILMIL/02,"Internal road widening and maintenance for Development of Residential & Commercial Infrastructures at Jhilmil Residential Project Area. (Pakage:-1,Lot:- S-2)",Jhilmil Residential Project Area,"M/s. Udyan Builders-Starlite Services Ltd-Convoy Service JV ( JVCA Partners [Business Share]: M/S Udayan Builders [40.000%] , CONVOY SERVICE [25.000%] , Starlite Services Limited [35.000%] )",co0185,1,"Dhaka Trade Center (15th floor), Block # H, 99 Kawran Bazar, C/A, Dhaka-1215",,113395366.62,113395366.620,2020-07-14,2020-12-23,2021-01-19,2021-01-25,2022-01-18,12,9,4,yes,yes,yes,Md. Nurul Islam,pp0010,PD (Jhilmil),0
476406,Contract_Awards_PDFs/Tender_476406.pdf,1,supplier,Ministry of Housing and Public Works,og0001,Rajdhani Unnayan Kartripakkha (RAJUK),og0002,Development of Residential and commercial Infrastructure at Jhilmil Residential Project Area,og0023,,Dhaka,Works,OTM,Own Fund Own fund,NA,Development of Residential and Commercial Infrastructure at Jhilmil Residential Project Area.,pr0017,PD_JHILMIL/04,PD_JHILMIL/04,Internal road widening and maintenance for Development of Residential & Commercial Infrastructures at Jhilmil Residential Project Area. Pakage-1Lot- S-4,PD_JHILMIL/04,"Internal road widening and maintenance for Development of Residential & Commercial Infrastructures at Jhilmil Residential Project Area. (Pakage:-1,Lot:- S-4)",Jhilmil Residential Project Area,"MEPL-RE JV. ( JVCA Partners [Business Share]: M/S REZA ENTERPRISE [90.000%] , MOZAHAR ENTERPRISE (PVT.) LTD. [10.000%] )",co0186,1,"27 Central Bashaboo,Dhaka",,80227876.122,80227876.122,2020-07-14,2020-12-23,2021-01-19,2021-01-19,2022-01-19,12,10,3,yes,yes,yes,Md. Nurul Islam,pp0010,PD (Jhilmil),0
476407,Contract_Awards_PDFs/Tender_476407.pdf,1,supplier,Ministry of Housing and Public Works,og0001,Rajdhani Unnayan Kartripakkha (RAJUK),og0002,Development of Residential and commercial Infrastructure at Jhilmil Residential Project Area,og0023,,Dhaka,Works,OTM,Own Fund Own fund,NA,Development of Residential and Commercial Infrastructure at Jhilmil Residential Project Area.,pr0017,PD_JHILMIL/05,PD_JHILMIL/05,Internal road widening and maintenance for Development of Residential & Commercial Infrastructures at Jhilmil Residential Project Area. Pakage-1Lot- S-5,PD_JHILMIL/05,"Internal road widening and maintenance for Development of Residential & Commercial Infrastructures at Jhilmil Residential Project Area. (Pakage:-1,Lot:- S-5)",Jhilmil Residential Project Area,"SA-TANNI-DAWN-JV ( JVCA Partners [Business Share]: M/S. Dawn Corporation [42.000%] , M/S. S. A. Enterprise [32.000%] , M/S. TANNI ENTERPRISE [26.000%] )",co0187,1,Road 07 House 27 Sector 11 Uttara Dhaka1230,,42435114.903,42435114.903,2020-07-14,2020-12-23,2021-01-19,2021-01-19,2022-01-18,17,11,4,yes,yes,yes,Md. Nurul Islam,pp0010,PD (Jhilmil),0
479604,Contract_Awards_PDFs/Tender_479604.pdf,1,supplier,Ministry of Housing and Public Works,og0001,Rajdhani Unnayan Kartripakkha (RAJUK),og0002,"Construction of multi-storied apartment Buildings on 9(Nine) nos abandoned plot at Gulshan,Mohammadpur, Lalmatia & Dhanmondi, Dhaka.",og0006,,Dhaka,Works,OTM,Own Fund Own fund,NA,"Construction of Multistoried Appartment Building on 09 (Nine) nos. Abandoned plot at Gulshan, Mohammadpur, Lalmatia and Dhanmondi , Dhaka.",pr0062,Rajuk/PD_9apt/07,Rajuk/PD_9apt/07,Construction of 7 Seven storied Apartment Building at Plot No-13/1 Block-A Awrangjeb Road Mohammadpur Dhaka. Building No-04,Rajuk/PD_9apt/07,"Construction of 7 (Seven) storied Apartment Building at Plot No-13/1, Block-A, Awrangjeb Road, Mohammadpur, Dhaka. (Building No-04)","Mohammadpur, Dhaka","Udayan-Starlite-Convoy JV ( JVCA Partners [Business Share]: M/S Udayan Builders [35.000%] , CONVOY SERVICE [25.000%] , Starlite Services Limited [40.000%] )",co0188,1,"Dhaka Trade Center (15th floor), Block # H, 99 Kawran Bazar, C/A, Dhaka-1215",,122709753.774,122709753.774,2020-07-26,2020-11-30,2020-12-24,2021-01-10,2022-09-01,10,5,5,yes,yes,yes,Rahat Muslemin,pp0003,PD (9apt),0
494177,Contract_Awards_PDFs/Tender_494177.pdf,1,supplier,Ministry of Housing and Public Works,og0001,Rajdhani Unnayan Kartripakkha (RAJUK),og0002,"Office of the Project Director, Urban Resilience Project-RAJUK Part,RAJUK,Dhaka",og0050,,Dhaka,Works,OTM,Development Aid or Grant,World Bank,Urban Resilience Project-RAJUK Part,pr0048,APP ID: 168749,URP/RAJUK/W-2,Refurbishment of PIU Office and Renovation of Utility Spaces,Contract No. W-2,Refurbishment of PIU Office and Renovation of Utility Spaces,"PIU Office, Dhaka",M/S. FORMILA AKTER,co0189,1,1216 east monipur mirpur,,7412897.946,7412897.946,2020-09-20,2020-10-22,2020-10-29,2020-11-01,2021-01-31,4,2,1,yes,yes,yes,Abdul Latif Helaly,pp0093,Project Director,0
501707,Contract_Awards_PDFs/Tender_501707.pdf,1,supplier,Ministry of Housing and Public Works,og0001,Chittagong Development Authority,og0009,Construction Division-3,og0065,,Chattogram,Works,OTM,Own Fund Own Fund,NA,NA,pr0003,CD3/ESTI/623,cd3/esti/623,Repair and Maintenance work for Building No-01 at Sholoshohor Staff quarter,CD3/ESTI/623/,Repair and Maintenance work for Building No-01 at Sholoshohor Staff quarter,"CDASholoshohor Staff Quarter, CTG",M/S. Gulzar Trading,co0142,1,"Hazi Monsur Ali Road, Mia Khan Nagar, Chittagong.",,2617523.059,2617523.059,2020-10-22,2020-12-03,2020-12-09,2020-12-10,2021-02-11,1,1,1,yes,yes,yes,Mohd. Manzur Hasan,pp0103,Executive Engineer,0
501956,Contract_Awards_PDFs/Tender_501956.pdf,1,supplier,Ministry of Housing and Public Works,og0001,Rajdhani Unnayan Kartripakkha (RAJUK),og0002,Uttara Apartment Project,og0012,,Dhaka,Goods,OTM,Own Fund Own fund,NA,Uttara Apment Project,pr0041,WD/UAP/(E/M)/2020-21/PLC/01,WD/UAPE/M/2020-21/PLC/01,Supply fitting fixing testing and commissioning of PLC Programable Logic Controler arrangement for STP Sewage Treatment Plant for all buildings undter the project of Construciton of Residential Apartment Building for low and middle income group of people at Sector-18 of Uttara Model Town 3rd Phase Dhaka.,WD/UAP/(E/M)/2020-21/PLC/01,"Supply fitting, fixing, testing and commissioning of PLC (Programable Logic Controler) arrangement for STP (Sewage Treatment Plant) for all buildings undter the project of Construciton of Residential Apartment Building for low and middle income group of people at Sector-18 of Uttara Model Town (3rd Phase), Dhaka.","Uttara Apartment Project,Block-A,Sector-18,Uttara,Dhaka",M/s. Faisal Enterprise,co0190,1,"Rupayan Taj (Office Suite-E1 & F1) Plot # 1,1/1 Naya Paltan, (Box Culvert Road) Dhaka-1000 Bangladesh",,14550362.496,14550362.496,2020-10-18,2020-12-14,2021-01-07,2021-01-07,2021-02-07,7,6,4,yes,yes,yes,Mohammad Muzaffar Uddin,pp0004,PD (Uttara Appartment),0
504349,Contract_Awards_PDFs/Tender_504349.pdf,1,supplier,Ministry of Housing and Public Works,og0001,Chittagong Development Authority,og0009,Construction Division-3,og0065,,Chattogram,Works,OTM,Own Fund Own Fund,NA,NA,pr0003,CD3/esti/624/,cd3/esti/624,Annual Repair and Maintenance work for Building No-04 at Sholoshohor Staff quarter,CD3/ESTI/624/1166,Annual Repair and Maintenance work for Building No-01 at Sholoshohor Staff quarter,"CDA Sholoshohor Staff Quarter, Building No-04 , Chattogram",Md M G Azgar Hossain,co0191,1,563/3 Shahid Lain Pahartoli Chittagong,,2253274.281,2253274.281,2020-10-22,2020-12-03,2020-12-13,2020-12-14,2021-02-15,3,3,3,yes,yes,yes,Mohd. Manzur Hasan,pp0103,Executive Engineer,0
504351,Contract_Awards_PDFs/Tender_504351.pdf,1,supplier,Ministry of Housing and Public Works,og0001,Chittagong Development Authority,og0009,Construction Division-3,og0065,,Chattogram,Works,OTM,Own Fund Own Fund,NA,NA,pr0003,CD3/esti/625,cd3/esti/625,Annual Repair and Maintenance work for Building No-02 & 03 at Sholoshohor Staff quarter,CD3/ESTI/625/1167,Annual Repair and Maintenance work for Building No-02 & 03 at Sholoshohor Staff quarter,Sholoshar Statt Quater,M/S KOBITA CONSTRUCTION,co0192,1,"4078, Manila Plaza,Bahadderhat, Chandgaon, Chattogram.",,1902004.5,1902004.500,2020-10-22,2020-12-03,2020-12-08,2020-12-09,2021-02-28,3,3,2,yes,yes,yes,Mohd. Manzur Hasan,pp0103,Executive Engineer,0
505037,Contract_Awards_PDFs/Tender_505037.pdf,1,supplier,Ministry of Housing and Public Works,og0001,Rajdhani Unnayan Kartripakkha (RAJUK),og0002,Purbachal New Town Project,og0015,,Dhaka,Works,OTM,Own Fund Own fund,NA,Purbachal New town Project,pr0009,Rajuk/PD_Purbachal/Ele-1,Rajuk/PD_Purbachal/Ele-1,Electrification work of RAJUK Central Mechanical Steel Structure Stack Yard at Sector No-1 Road No-102 Plot No-44 At Purbachal New Town Project.,Rajuk/PD_Purbachal/Ele-1,"Electrification work of RAJUK Central Mechanical (Steel Structure) Stack Yard at Sector No-1, Road No-102, Plot No-44 At Purbachal New Town Project.",Purbachal New Town Project,"Mazid Sons - Sunny Construction JV ( JVCA Partners [Business Share]: Mazid Sons Construction Ltd. [51.000%] , M/S Sunny Construction [49.000%] )",co0193,1,"58/Cha/1, Tejtury Bazar Chak, West Rajabazar, Dhaka-1215",,28756845.9,28756845.900,2020-11-03,2021-03-18,2021-04-13,2021-05-17,2023-09-28,9,8,3,yes,yes,yes,Ujjwal Mallick,pp0099,Project Director,0
507537,Contract_Awards_PDFs/Tender_507537.pdf,1,supplier,Ministry of Housing and Public Works,og0001,Rajdhani Unnayan Kartripakkha (RAJUK),og0002,Superintending Engineer (Civil Circle-3),og0003,,Dhaka,Works,OTM,Own Fund Own fund,NA,Building Repair and Maintenance,pr0001,Rajuk/Secc3/02,Rajuk/Secc3/02,Cleaning of common space & toilets and maintenance work of garden in Gulshan RAJUK Commercial Complex cum Car Parking Building.,Rajuk/Secc3/02,Cleaning of common space & toilets and maintenance work of garden in Gulshan RAJUK Commercial Complex cum Car Parking Building.,Car Parking Building Gulshan,M/S. Alam & Co.,co0004,1,"61, Satish Sarker Road, Gandaria, Dhaka Bangladesh",,2245665.168,2245665.168,2020-10-28,2021-01-05,2021-02-02,2021-02-02,2023-02-02,4,2,2,yes,yes,yes,Ujjwal Mallick,pp0099,Superintending Engineer,0
509251,Contract_Awards_PDFs/Tender_509251.pdf,1,supplier,Ministry of Housing and Public Works,og0001,Cox's Bazar Development Authority,og0020,Cox's Bazar Development Authority,og0020,,Cox's Bazar,Works,OTM,Development Government,NA,Holiday More-Bazarghata-Larpara (Bus Stand) Main Road Re-Construction and Widening Project of Coxs Bazar District,pr0068,CoxDA/Project/eGP WD-02/ 2020,CoxDA/Project/eGP WD-02/2020,Improvement and Widening of Khurushkul Mor to Bus-Stand Mor at Coxs Bazar between Ch. 2450-4660 Km,CoxDA/Project/eGP WD-02/2021,Improvement and Widening of Khurushkul Mor to Bus-Stand Mor at Coxs Bazar between Ch. 2450-4660 Km,Coxs Bazar Pourashava,Taher Brothers Ltd.,co0194,1,"Steel Mill Bazar, North Patenga, Post Code No. 4204, Chittagong",,834238358.785,834238358.785,2020-11-01,2021-02-15,2021-02-18,2021-02-18,2022-12-29,7,7,3,yes,yes,yes,Lt Col Anwar Ul Islam,pp0094,Member (Engineer),0
510186,Contract_Awards_PDFs/Tender_510186.pdf,1,supplier,Ministry of Housing and Public Works,og0001,Rajdhani Unnayan Kartripakkha (RAJUK),og0002,Superintending Engineer (Civil Circle-1),og0007,,Dhaka,Goods,OTM,Own Fund Own fund,NA,Draperies and Liveries,pr0069,Admin-01,Admin-01,Purchase and Supplying 382 Three Hundred Eighty-Two persons Clothes for use 3rd and 4th class employees of RAJUK in Summer Season.,Admin-01,Purchase and Supplying 382(Three Hundred Eighty-Two) persons Clothes for use 3rd and 4th class employees of RAJUK in Summer Season.,RAJUK Bhaban,INQILAB ENTERPRISE,co0195,1,"24, Naya Paltan,Old-36, Paltan, Dhaka-1000.",,1437851.259,1437851.259,2021-01-18,2021-05-27,2021-06-24,2021-06-24,2021-06-24,4,4,2,yes,yes,yes,Mohammad Muzaffar Uddin,pp0004,Superintending Engineer,0
514221,Contract_Awards_PDFs/Tender_514221.pdf,1,supplier,Ministry of Housing and Public Works,og0001,Chittagong Development Authority,og0009,Management Information System (MIS),og0038,,Chattogram,Goods,OTM,Own Fund Own Fund,NA,NA,pr0003,MIS/DC/209/104/P-01,MIS/DC/209/104/P-01,Supply of EMS Access Control Fire detection and protection system of CDA Data Centre.,MIS/DC?2019/104/Part-1/340,"Supply of EMS, Access Control, Fire detection and protection system of CDA Data Centre",CDA Bulding,Endeavour Technologies Ltd,co0196,1,"Suite#O-11, Gufesha Plaza, 8, Shahid sangbadik Selina parvin Sarak, Mogbazar, Dhaka-1217",,1045150.24,1045150.240,2021-02-10,2021-12-01,2021-12-27,2022-01-02,2022-02-01,2,1,1,yes,yes,yes,Md. Mostafa Jamal,pp0069,System Analyst,0
514341,Contract_Awards_PDFs/Tender_514341.pdf,1,supplier,Ministry of Housing and Public Works,og0001,Rajdhani Unnayan Kartripakkha (RAJUK),og0002,Superintending Engineer (Civil Circle-1),og0007,,Dhaka,Works,OTM,Own Fund Own fund,NA,Building Repair and Maintenance,pr0001,Rajuk/SECC-1/,Rajuk/SECC-1/,Construction works of separate Male & Female Toilets with modern & standard sanitary fitting after removal of common toilets at different floor of RAJUK Main Building.,Rajuk/SECC-1/,Construction works of separate Male & Female Toilets with modern & standard sanitary fitting after removal of common toilets at different floor of RAJUK Main Building.,RAJUK Main Building,M/S. A. R. Enterprise,co0016,1,"House-08, Road-02, Diyabari, Uttara, Dhaka-1230 Contact No:01935968075, 01707568905",,5534014.518,5534014.518,2021-01-18,2021-04-27,2021-05-24,2021-05-24,2021-08-23,9,8,3,yes,yes,yes,Mohammad Muzaffar Uddin,pp0004,Superintending Engineer,0
514343,Contract_Awards_PDFs/Tender_514343.pdf,1,supplier,Ministry of Housing and Public Works,og0001,Rajdhani Unnayan Kartripakkha (RAJUK),og0002,Superintending Engineer (Civil Circle-1),og0007,,Dhaka,Works,OTM,Own Fund Own fund,NA,Building Repair and Maintenance,pr0001,Rajuk/SECC-3/,Rajuk/SECC-3/,Water Proofing Membrane RCC slab and neat cement plaster works ofter removal of existing lime-terracing at the roof of 2nd 4th and 5th floor of RAJUK Main Building and Auditorium and neat cement plaster work at the roof RAJUK Annex Building.,Rajuk/SECC-3/,"Water Proofing Membrane, RCC slab and neat cement plaster works ofter removal of existing lime-terracing at the roof of 2nd, 4th and 5th floor of RAJUK Main Building and Auditorium and neat cement plaster work at the roof RAJUK Annex Building.",RAJUK Annex Building,M/S. AMIN TRADING CORPORATION,co0197,1,"99, Motijeel, C/A, Korim Chamber, Room No- 702 (6th Floor)",,4165651.89,4165651.890,2021-01-18,2021-04-27,2021-05-24,2021-12-30,2022-03-29,12,9,2,yes,yes,yes,Mohammad Muzaffar Uddin,pp0004,Superintending Engineer,0
515366,Contract_Awards_PDFs/Tender_515366.pdf,1,supplier,Ministry of Housing and Public Works,og0001,Chittagong Development Authority,og0009,Construction Division-3,og0065,,Chattogram,Works,OTM,Own Fund Own Fund,NA,NA,pr0003,cd3/esti/626,cd3/esti/626,Construction of Front Boundary wall and other related works at CDA Sholoshahor Staff Quarter,CD3/ESTI/626/1171,Construction of Front Boundary wall and other related works at CDA Sholoshahor Staff Quarter,"CDA staff Quarter, Sholoshar",M/S. Shah Amanat Traders,co0198,1,"227/A, Sardar Bari, Dovash Lane, Poet Nazrul Islam Road, Firingee Bazar, Kotwali, Chittagong.",,2803601.934,2803601.934,2020-12-09,2021-01-04,2021-01-07,2021-01-14,2021-04-14,1,1,1,yes,yes,yes,Mohd. Manzur Hasan,pp0103,Executive Engineer,0
517916,Contract_Awards_PDFs/Tender_517916.pdf,1,supplier,Ministry of Housing and Public Works,og0001,Rajdhani Unnayan Kartripakkha (RAJUK),og0002,Office of the Superintending Engineer (Electrical),og0011,,Dhaka,Works,OTM,Own Fund Own fund,NA,Construction and Reservation of Park/Play ground in different places of Dhaka Mega City,pr0070,Rajuk/Electrical-2/20/W-06,Rajuk/Electrical-2/20/W-06,Supply & Installation of Street Light in Gulshan Lake Drive Road.,25.39.0000.064.14.001.2020,Supply & Installation of Street Light in Gulshan Lake Drive Road.,Gulshan Lake Drive Road,M/S Sunny Construction,co0053,1,"58/Cha/1,Tejturi Bazar Chak,West Razabazar,Dhaka-1215",,4270323.6,4270323.600,2020-12-15,2021-04-29,2021-05-27,2021-05-27,2021-05-27,4,2,1,yes,yes,yes,Md. Julfiker Ali Khan,pp0104,Sup. Eng. (Elec.),0
519402,Contract_Awards_PDFs/Tender_519402.pdf,1,supplier,Ministry of Housing and Public Works,og0001,Chittagong Development Authority,og0009,Construction Division-3,og0065,,Chattogram,Works,OTM,Own Fund Own Fund,NA,NA,pr0003,cd3/esti/627,cd3/Esti/627,Repair and Maintenance of outer surface drain Painting of Weather coat in the outer wall of the Sholosahar staff Quarters Building and other repairing works,CD3/ESTI/627/1172,"Repair and Maintenance of outer surface drain, Painting of Weather coat in the outer wall of the Sholosahar staff Quarter's Building and other repairing works","CDA staff Quarter, Sholoshar",Mahmud Construction,co0199,1,"43/44 New 44/45, Nazir Ahmed Chowdhury Road, Anderkilla, Kotwali, Chittagong.",,1975027.986,1975027.986,2020-12-09,2021-01-04,2021-01-10,2021-01-14,2021-04-13,1,1,1,yes,yes,yes,Mohd. Manzur Hasan,pp0103,Executive Engineer,0
523954,Contract_Awards_PDFs/Tender_523954.pdf,1,supplier,Ministry of Housing and Public Works,og0001,Chittagong Development Authority,og0009,Project Director(M.Uddin),og0057,,Chattogram,Works,OTM,Own Fund Own Fund,NA,NA,pr0003,PD/Office/E-69/157,PD/E-69,Renovation and other related works of Engineers office room at 5th floor CDA Building Chattogram,PD/E-69/161,"Renovation and other related works of Engineers office room at 5th floor CDA Building, Chattogram",CDA Building Court Road Chattogram,M/S. Gulzar Trading,co0142,1,"Hazi Monsur Ali Road, Mia Khan Nagar, Chittagong.",,834739.3,834739.300,2020-12-28,2021-01-31,2021-02-14,2021-02-17,2021-03-21,2,2,1,yes,yes,yes,A. H. M. Mesbah Uddin,pp0024,Project Director,0
528460,Contract_Awards_PDFs/Tender_528460.pdf,1,supplier,Ministry of Housing and Public Works,og0001,Cox's Bazar Development Authority,og0020,Cox's Bazar Development Authority,og0020,,Cox's Bazar,Goods,OTM,Own Fund Own Fund,NA,NA,pr0003,CoxDA/eGP OTM-09/2020,CoxDA/eGP OTM-09/2020,Supply of Note Book with Pustani & Box Desk Calendar with Desk Calendar Box and Bag for Coxs Bazar Development Authority. FY 2020-21,CoxDA/eGP OTM-09/2020,"Supply of Note Book with Pustani & Box, Desk Calendar with Desk Calendar Box and Bag for Coxs Bazar Development Authority. FY 2020-21",Coxs Bazar,Frontline Communications Ltd,co0173,1,"City Center (Level-11), Unit ID: 10th C-1, 90/1 Motijheel C/A, Dhaka-1000,Bangladesh",,1264004.7,1264004.700,2020-12-17,2021-01-19,2021-01-20,2021-01-20,2021-02-16,3,2,1,yes,yes,yes,Lt Col Anwar Ul Islam,pp0094,Member (Engineer),0
528756,Contract_Awards_PDFs/Tender_528756.pdf,1,supplier,Ministry of Housing and Public Works,og0001,Rajdhani Unnayan Kartripakkha (RAJUK),og0002,Purbachal New Town Project,og0015,,Dhaka,Works,OTM,Own Fund Own fund,NA,Purbachal New town Project,pr0009,Rajuk/PD_Purbachal/40,Rajuk/PD_Purbachal/40,Construction of 02 two Storied School Building with 06 Six Storied Foundation work at Sector No-03 Road No-102 Plot No-43 of Purbachal New Town Project.,Rajuk/PD_Purbachal/40,Construction of 02 two Storied School Building with 06 Six Storied Foundation work at Sector No-03 Road No-102 Plot No-43 of Purbachal New Town Project.,RAJUK Main Buildings,"SS-RI JV ( JVCA Partners [Business Share]: M/S. Raju International [51.000%] , M/S. Sharif & Sons [49.000%] )",co0200,1,"Modumati Supar Market, 717, Panchuria, Gopalgonj-8100.",,52620082.2,52620082.200,2021-01-18,2021-06-16,2021-07-14,2021-07-14,2022-11-30,25,18,9,yes,yes,yes,Ujjwal Mallick,pp0099,Project Director,0
528758,Contract_Awards_PDFs/Tender_528758.pdf,1,supplier,Ministry of Housing and Public Works,og0001,Rajdhani Unnayan Kartripakkha (RAJUK),og0002,Purbachal New Town Project,og0015,,Dhaka,Works,OTM,Own Fund Own fund,NA,Purbachal New town Project,pr0009,Rajuk/PD_Purbachal/51,Rajuk/PD_Purbachal/51,Construction of Purbachal Ideal School & Collage Bhaban which two storied Building with Six Storied foundation at Road 301 Plot 8 Sector 30 of Purbachal New Town Project.,Rajuk/PD_Purbachal/51,"Construction of Purbachal Ideal School & Collage Bhaban which two storied Building with Six Storied foundation at Road # 301, Plot # 8, Sector # 30 of Purbachal New Town Project.",Purbachal New Town Project,"SC & ARE JV ( JVCA Partners [Business Share]: M/S. A. R. Enterprise [49.000%] , M/S. Sapna Construction [51.000%] )",co0201,1,"230/1-A, Tilpapara, Road No-06 Khilgaon, Dhaka-1219",,54897254.622,54897254.622,2021-01-18,2021-06-16,2021-07-14,2021-07-14,2022-07-13,22,16,8,yes,yes,yes,Ujjwal Mallick,pp0099,Project Director,0
535709,Contract_Awards_PDFs/Tender_535709.pdf,1,supplier,Ministry of Housing and Public Works,og0001,Rajdhani Unnayan Kartripakkha (RAJUK),og0002,Purbachal New Town Project,og0015,,Dhaka,Works,OTM,Own Fund Own fund,NA,Purbachal New town Project,pr0009,Rajuk/PD_Purbachal/1,Rajuk/PD_Purbachal/1,Construction of Internal Road and Surface Drain at Sector no-10 Part of Purbachal New Town Project Package RDC-10 Lot-4.,Rajuk/PD_Purbachal/1,Construction of Internal Road and Surface Drain at Sector no-10 Part of Purbachal New Town Project Package RDC-10 Lot-4.,Purbachal New Town Project,"Udayan-Convoy JV ( JVCA Partners [Business Share]: M/S Udayan Builders [70.000%] , CONVOY SERVICE [30.000%] )",co0202,1,"Level # 02, Plot # 26, Shahajalal Avenue, Sector # 04, Uttara, Dhaka-1230, Bangladesh",,112616351.154,112616351.154,2021-01-21,2021-06-16,2021-07-14,2021-07-14,2022-03-15,19,17,8,yes,yes,yes,Ujjwal Mallick,pp0099,Project Director,0
535710,Contract_Awards_PDFs/Tender_535710.pdf,1,supplier,Ministry of Housing and Public Works,og0001,Rajdhani Unnayan Kartripakkha (RAJUK),og0002,Purbachal New Town Project,og0015,,Dhaka,Works,OTM,Own Fund Own fund,NA,Purbachal New town Project,pr0009,Rajuk/PD_Purbachal/2,Rajuk/PD_Purbachal/2,Construction of Internal Road and surface Drain Cross Drain R.C.C walkway Road Package No-RDC-11 Lot No-3 Sector no-11 of Purbachal New Town Project.,Rajuk/PD_Purbachal/2,Construction of Internal Road and surface Drain Cross Drain R.C.C walkway Road Package No-RDC-11 Lot No-3 Sector no-11 of Purbachal New Town Project.,Purbachal New Town Project,UCCL The United Construction Company Limited,co0165,1,"House # 116(10th floor), Road # 11, Block - E, Bir Uttam Khademul Basher Sarak, Banani C/A, Dhaka - 1213.",,65409834.609,65409834.609,2021-01-20,2021-06-16,2021-07-14,2021-08-01,2022-12-29,18,16,10,yes,yes,yes,Ujjwal Mallick,pp0099,Project Director,0
535712,Contract_Awards_PDFs/Tender_535712.pdf,1,supplier,Ministry of Housing and Public Works,og0001,Rajdhani Unnayan Kartripakkha (RAJUK),og0002,Purbachal New Town Project,og0015,,Dhaka,Works,OTM,Own Fund Own fund,NA,Purbachal New town Project,pr0009,Rajuk/PD_Purbachal/3,Rajuk/PD_Purbachal/3,Construction work of Internal Road and surface Drain in Sector-9 RDC-9 Lot No-4 at Purbachal New Town Project.,Rajuk/PD_Purbachal/3,Construction work of Internal Road and surface Drain in Sector-9 RDC-9 Lot No-4 at Purbachal New Town Project.,Purbachal New Town Project,"Rana Builders (Pvt.) Ltd. - M/s Shafique and Sons (JV) ( JVCA Partners [Business Share]: Rana Builders (Pvt.) Ltd. [51.000%] , M/s Shafique and Sons [49.000%] )",co0203,1,"Cha-72/1, Progoti Sarani, North Badda, Dhaka-1212.",,68842749.996,68842749.996,2021-01-20,2021-06-16,2021-06-16,2021-06-27,2022-01-27,20,17,10,yes,yes,yes,Ujjwal Mallick,pp0099,Project Director,0
535719,Contract_Awards_PDFs/Tender_535719.pdf,1,supplier,Ministry of Housing and Public Works,og0001,Rajdhani Unnayan Kartripakkha (RAJUK),og0002,Purbachal New Town Project,og0015,,Dhaka,Works,OTM,Own Fund Own fund,NA,Purbachal New town Project,pr0009,Rajuk/PD_Purbachal/47,Rajuk/PD_Purbachal/47,Construction of Internal Road and surface Drain at Sector no-04 Part of purbachal new town project Package RDC -04 Lot-01.,Rajuk/PD_Purbachal/47,Construction of Internal Road and surface Drain at Sector no-04 Part of purbachal new town project Package RDC -04 Lot-01.,Purbachal New Town Project,M/S. Niaz Traders,co0001,1,"154, Motijheel C/A. Masjid Market (2nd Floor), Room No.301-303, Dhaka-1000.",,148210528.212,148210528.212,2021-01-18,2021-06-16,2021-07-14,2021-07-20,2022-12-29,20,16,14,yes,yes,yes,Ujjwal Mallick,pp0099,Project Director,0
536842,Contract_Awards_PDFs/Tender_536842.pdf,1,supplier,Ministry of Housing and Public Works,og0001,Rajdhani Unnayan Kartripakkha (RAJUK),og0002,Office of the Superintending Engineer (Electrical),og0011,,Dhaka,Works,OTM,Own Fund Own fund,NA,Maintanance of Office Equipement and Accessories,pr0055,Rajuk/Electrical-1/20/W-08,Rajuk/Electrical-1/20/W-08,02 Two Years Servicing & Maintenance of Photocopy Machines of Rajuk.,25.39.0000.063.07.055.2019,02 (Two) Years Servicing & Maintenance of Photocopy Machines of Rajuk.,Rajuk Main & Annex Bhaban,T.S Enterprise,co0014,1,"28, Malibagh Chowdhury Para, Dhaka.",,517536.192,517536.192,2021-06-28,2021-11-01,2021-11-28,2021-11-28,2023-11-27,2,2,1,yes,yes,yes,Md. Julfiker Ali Khan,pp0104,Sup. Eng. (Elec.),0
536846,Contract_Awards_PDFs/Tender_536846.pdf,1,supplier,Ministry of Housing and Public Works,og0001,Rajdhani Unnayan Kartripakkha (RAJUK),og0002,Office of the Superintending Engineer (Electrical),og0011,,Dhaka,Works,OTM,Own Fund Own fund,NA,Lift and Electrical Equipement Repare,pr0006,Rajuk/Electrical-1/20/W-07,Rajuk/Electrical-1/20/W-07,02 Two Years Servicing & Maintenance of Existing Air-Cooler at Rajuk Main & Annex Bhaban.,25.39.0000.063.07.008.2020,02 (Two) Years Servicing & Maintenance of Existing Air-Cooler at Rajuk Main & Annex Bhaban.,Rajuk Main and Annex Bhaban,M/S Sunny Construction,co0053,1,"58/Cha/1,Tejturi Bazar Chak,West Razabazar,Dhaka-1215",,1634709.6,1634709.600,2021-06-28,2021-11-01,2021-11-28,2021-11-28,2023-11-27,3,2,1,yes,yes,yes,Md. Julfiker Ali Khan,pp0104,Sup. Eng. (Elec.),0
538256,Contract_Awards_PDFs/Tender_538256.pdf,1,supplier,Ministry of Housing and Public Works,og0001,Chittagong Development Authority,og0009,Project Director (CCORRP),og0066,,Chattogram,Works,OTM,"Development Government, Aid or Grant",Japan International Cooperation agency(JICA),Chattogram City Outer Ring Road (Patenga to Sagorika),pr0071,PD/CCORR/CEPZ/TENDER-3/354/1333,CCORRP-WD3,A 1.175 kilometer of 2-lane link road with culverts drain etc. and 1 kilometer of 4-lane feeder road with culverts drain etc. embankment slope protection work Cement Concrete Walk Way Work Construction of New Gymnasium cum Indoor Games Complex Control Both Retaining Wall and Boundary Wall etc.,PD/CCORR/CEP2/Tender-3/354/1401,"Construction of link road of CEPZ with the ""Chittagong City Outer Ring Road"" project being implemented by the Chattogram Development Authority and Execution of other ancillary works including workways, plazas.","Uttar Patenga and Halisohor, Chattogram",Spectra Engineers Ltd.,co0204,1,"House # 17, Road #106, Block-CEN(F), Gulshan-2, Dhaka-1212",,960108457.968,960108457.968,2021-02-09,2021-12-29,2022-01-02,2022-01-03,2022-11-02,4,4,1,yes,yes,yes,Kazi Hasan Bin Shams,pp0105,Chief Engineer,0
539744,Contract_Awards_PDFs/Tender_539744.pdf,1,supplier,Ministry of Housing and Public Works,og0001,Chittagong Development Authority,og0009,Project Director(M.Uddin),og0057,,Chattogram,Works,OTM,Own Fund Own Fund,NA,NA,pr0003,PD/BB/E-70/159,PD/BB/E-70,Construction of Surface Drain of Ground Floor & 1st Floor at CDA Biponi Bitan-B Block Chattogram.,PD/BB/E-70/159/10,"Construction of Surface Drain of Ground Floor & 1st Floor at CDA Biponi Bitan-B Block, Chattogram.",CDA Biponi Bitan B Block New Market Chattogram,M/s.Suraim Enterprise,co0205,1,"152, Alkoron Road, Sadaghat, Chittagong",,2261891.109,2261891.109,2021-02-09,2021-05-05,2021-05-19,2021-06-10,2021-08-11,2,2,1,yes,yes,yes,A. H. M. Mesbah Uddin,pp0024,Project Director,0
548292,Contract_Awards_PDFs/Tender_548292.pdf,1,supplier,Ministry of Housing and Public Works,og0001,Cox's Bazar Development Authority,og0020,Cox's Bazar Development Authority,og0020,,Cox's Bazar,Works,OTM,Development Government,NA,Construction of Multi Storied Office Building of Cox's Bazar Development Authority (CoxDA),pr0072,CoxDA/Dev/2020-21/Office Bldng/Acoustic,CoxDA/Dev/2020-21/Office Bldng/Acoustic,Acoustic System Works for Multi-purpose Hall of Building under Construction of Multi Storied Office Building of Coxs Bazar Development Authority CoxDA Project,CoxDA/2020-21/Dev/Office Bldng/Acoustic,Acoustic System Works for Multi-purpose Hall of Building under â??Construction of Multi Storied Office Building of Coxâ??s Bazar Development Authority (CoxDA)â?� Project,"CoxDA Office, Coxs Bazar",Legacy Furniture (Pvt.) Ltd.,co0206,1,"60, Gulshan Avenue, Taher Mansion, Gulshan-1, Dhaka-1212",,13553745.034,13553745.034,2021-02-16,2021-04-13,2021-04-22,2021-04-25,2021-05-31,3,3,1,yes,yes,yes,Lt Col Md Khijir Khan,pp0106,Member (Engineer),0
548589,Contract_Awards_PDFs/Tender_548589.pdf,1,supplier,Ministry of Housing and Public Works,og0001,Cox's Bazar Development Authority,og0020,Cox's Bazar Development Authority,og0020,,Cox's Bazar,Goods,OTM,Development Government,NA,Construction of Multi Storied Office Building of Cox's Bazar Development Authority (CoxDA),pr0072,CoxDA/Dev/2020-21/Office Bldng/Furniture,CoxDA/Dev/2020-21/Office Bldng/Furniture,Supplying Installation and Commissioning of Furniture for Office Building under Construction of Multi Storied Office Building of Coxs Bazar Development Authority CoxDA Project,CoxDA/2020-21/Dev/Office Bldng/Furniture,"Supplying, Installation and Commissioning of Furniture for Office Building under â??Construction of Multi Storied Office Building of Coxâ??s Bazar Development Authority (CoxDA)â?� Project","CoxDA Office, Coxs Bazar",Legacy Furniture (Pvt.) Ltd.,co0206,1,"60, Gulshan Avenue, Taher Mansion, Gulshan-1, Dhaka-1212",,39928546.005,39928546.005,2021-02-16,2021-04-13,2021-04-22,2021-04-25,2021-05-31,3,1,1,yes,yes,yes,Lt Col Md Khijir Khan,pp0106,Member (Engineer),0
549164,Contract_Awards_PDFs/Tender_549164.pdf,1,supplier,Ministry of Housing and Public Works,og0001,Cox's Bazar Development Authority,og0020,Cox's Bazar Development Authority,og0020,,Cox's Bazar,Works,OTM,Development Government,NA,Construction of Multi Storied Office Building of Cox's Bazar Development Authority (CoxDA),pr0072,CoxDA/Dev/2020-21/Off Bldng/Interior,CoxDA/Dev/2020-21/Office Bldng/Interior,Interior Decoration Works of Building under Construction of Multi Storied Office Building of Coxs Bazar Development Authority CoxDA Project,CoxDA/2020-21/Dev/Office Bldng/Interior,"Interior Decoration Works of Building under ""Construction of Multi Storied Office Building of Cox's Bazar Development Authority (CoxDA)"" Project","CoxDA Office, Coxs Bazar",Legacy Furniture (Pvt.) Ltd.,co0206,1,"60, Gulshan Avenue, Taher Mansion, Gulshan-1, Dhaka-1212",,16229321.45,16229321.450,2021-02-16,2021-04-13,2021-04-22,2021-04-25,2021-05-31,5,4,1,yes,yes,yes,Lt Col Md Khijir Khan,pp0106,Member (Engineer),0
549299,Contract_Awards_PDFs/Tender_549299.pdf,1,supplier,Ministry of Housing and Public Works,og0001,Cox's Bazar Development Authority,og0020,Cox's Bazar Development Authority,og0020,,Cox's Bazar,Works,OTM,Development Government,NA,Holiday More-Bazarghata-Larpara (Bus Stand) Main Road Re-Construction and Widening Project of Coxs Bazar District,pr0068,CoxDA/Dev/2020-21/Road/CCTV,CoxDA/Dev/2020-21/Road/CCTV,Supplying Installation Testing and Commissioning of CCTV Works for Holiday More-Bazarghata-Larpara Bus Stand Main Road under Holiday More-Bazarghata-Larpara Bus Stand Main Road Re-Construction and Widening Project of Coxs Bazar District,CoxDA/2020-21/Dev/Road/CCTV,"Supplying, Installation, Testing and Commissioning of CCTV Works for Holiday More-Bazarghata-Larpara Bus Stand Main Road under ""Holiday More-Bazarghata-Larpara Bus Stand Main Road Re-Construction and Widening Project of Cox's Bazar District""",Holiday More-Bazarghata-Larpara Bus Stand Main Road and As per TDS,Optimal Technology (Pvt. ) Ltd.,co0077,1,"186, Shahid Sayed Nazrul Islam Soroni & 40, Bijoy Nagar, Ally's Center,Dhaka-1000.Bangladesh",,21843451.71,21843451.710,2021-02-17,2021-06-02,2021-06-08,2021-06-08,2022-08-31,5,3,3,yes,yes,yes,Lt Col Md Khijir Khan,pp0106,Member (Engineer),0
549431,Contract_Awards_PDFs/Tender_549431.pdf,1,supplier,Ministry of Housing and Public Works,og0001,Cox's Bazar Development Authority,og0020,Cox's Bazar Development Authority,og0020,,Cox's Bazar,Works,OTM,Development Government,NA,Holiday More-Bazarghata-Larpara (Bus Stand) Main Road Re-Construction and Widening Project of Coxs Bazar District,pr0068,CoxDA/Dev/2020-21/Road/WiFi,CoxDA/Dev/2020-21/Road/WiFi,Supplying Installation Testing Commissioning and Maintenance of WiFi Works for Holiday More-Bazarghata-Larpara Bus Stand Main Road under Holiday More-Bazarghata-Larpara Bus Stand Main Road Re-Construction and Widening Project of Coxs Bazar District,CoxDA/2020-21/Dev/Road/WiFi,"Supplying, Installation, Testing, Commissioning and Maintenance of WiFi Works for Holiday More-Bazarghata-Larpara (Bus Stand) Main Road under ""Holiday More-Bazarghata-Larpara Bus Stand Main Road Re-Construction and Widening Project of Cox's Bazar District""",Holiday More-Bazarghata-Larpara Bus Stand Main Road and As per TDS,Optimal Technology (Pvt. ) Ltd.,co0077,1,"186, Shahid Sayed Nazrul Islam Soroni & 40, Bijoy Nagar, Ally's Center,Dhaka-1000.Bangladesh",,84781759.86,84781759.860,2021-02-17,2021-06-02,2021-06-08,2021-06-08,2022-09-29,2,2,2,yes,yes,yes,Lt Col Md Khijir Khan,pp0106,Member (Engineer),0
550266,Contract_Awards_PDFs/Tender_550266.pdf,1,supplier,Ministry of Housing and Public Works,og0001,Cox's Bazar Development Authority,og0020,Cox's Bazar Development Authority,og0020,,Cox's Bazar,Works,OTM,Revenue Government,NA,NA,pr0003,CoxDA/Rev/2020-21/Lighting-4/1,CoxDA/Rev/2020-21/Lighting-4/1,Supply Installation Testing and Commissioning of Street Lights and other accessories Street Light 348 Nos Service Bracket 174 Nos Circuit Breaker 10 Nos Energy Meter 8 Nos Meter Box 10 Nos Cable 20558 meter Name Plate 174 Nos at Eidgah Jalalabad Road to Faraji Para Road and Mehergona to Maizpara Road Eidgah Coxs Baza,CoxDA/Rev/2020-21/Lighting-4/1,"Supply, Installation, Testing and Commissioning of Street Lights and other accessories Street Light 348 Nos, Service Bracket 174 Nos, Circuit Breaker 10 Nos, Energy Meter 8 Nos, Meter Box 10 Nos, Cable 20558 meter, Name Plate 174 Nos at Eidgah Jalalabad Road to Faraji Para Road and Mehergona to Maizpara Road, Eidgah, Coxâ??s Baza","Eidgah-Jalalabad Road to Faraji Para Road and Mehergona to Maizpara Road, Eidgah, Coxs Bazar",M/S. T.J Construction,co0182,1,"Holding No.02, Firingi Bazar, Kotwali, Chittagong",,5912816.094,5912816.094,2021-02-18,2021-04-08,2021-04-13,2021-04-14,2021-04-29,2,2,1,yes,yes,yes,Lt Col Md Khijir Khan,pp0106,Member (Engineer),0
550267,Contract_Awards_PDFs/Tender_550267.pdf,1,supplier,Ministry of Housing and Public Works,og0001,Cox's Bazar Development Authority,og0020,Cox's Bazar Development Authority,og0020,,Cox's Bazar,Works,OTM,Revenue Government,NA,NA,pr0003,CoxDA/Rev/2020-21/Lighting-4/2,CoxDA/Rev/2020-21/Lighting-4/2,Supply Installation Testing and Commissioning of Street Lights and other accessories Street Light 42 Nos Service Bracket 42 Nos Circuit Breaker 2 Nos Energy Meter 2 Nos Meter Box 2 Nos Cable 4914 meter Name Plate 42 Nos Transformer 2 Nos Earthing 2 Nos Signboard 2 Nos at Eidgah to Uttar Maizpara Road Coxs Bazar,CoxDA/Rev/2020-2021/Lighting-4/2,"Supply, Installation, Testing and Commissioning of Street Lights and other accessories Street Light 42 Nos, Service Bracket 42 Nos, Circuit Breaker 2 Nos, Energy Meter 2 Nos, Meter Box 2 Nos, Cable 4914 meter, Name Plate 42 Nos, Transformer 2 Nos, Earthing 2 Nos, Signboard 2 Nos at Eidgah to Uttar Maizpara Road, Coxâ??s Bazar","Eidgah to Uttar Maizpara Road, Coxs Bazar",M/S. T.J Construction,co0182,1,"Holding No.02, Firingi Bazar, Kotwali, Chittagong",,999483.11,999483.110,2021-02-18,2021-04-05,2021-04-13,2021-04-15,2021-04-29,3,3,1,yes,yes,yes,Lt Col Md Khijir Khan,pp0106,Member (Engineer),0
561734,Contract_Awards_PDFs/Tender_561734.pdf,1,supplier,Ministry of Housing and Public Works,og0001,Khulna Development Authority (KDA),og0016,Office of the Assistant Programmer,og0017,,Khulna,Goods,OTM,Own Fund Own Fund,NA,NA,pr0003,25.41.0000.006.00.030.20,Goods-Computer 003/2020-21,Supply of Plotter machine at KDA,25.41.0000.006.00.030.20-2446,Supply of Plotter machine at KDA,"KDA, Khulna",Flora Limited,co0207,1,"Flora Limited DR Tower (3rd Floor) 65/2/2, Bir Protik Gazi Golam Dostogir Road (Box Calvert Road), Purana Paltan Dhaka-1000, Bangladesh.",,438000.002,438000.002,2021-05-04,2021-07-08,2021-07-08,2021-08-26,2022-01-02,3,2,2,yes,yes,yes,Md. Nazmul Huda,pp0107,Assistant Programmer,0
564502,Contract_Awards_PDFs/Tender_564502.pdf,1,supplier,Ministry of Housing and Public Works,og0001,Rajdhani Unnayan Kartripakkha (RAJUK),og0002,"Office of the Project Director, Urban Resilience Project-RAJUK Part,RAJUK,Dhaka",og0050,,Dhaka,Goods,OTM,Development Aid or Grant,World Bank,Urban Resilience Project-RAJUK Part,pr0048,APP ID: 168749,URP/RAJUK/G-21,Supply of Smart IT Equipment & Office Machinery,Contract No. G-21,Supply of Smart IT Equipment & Office Machinery,"PIU Office, Dhaka & RAJUK Zonal Offices",Smart Technologies (BD) Ltd.,co0039,1,"Jahir Smart Tower, 205/1 and 205/1/A, West Kafrul, Begum Rokeya Sharani, Dhaka-1206, Bangladesh",,4094175.038,4094175.038,2021-04-15,2021-05-20,2021-06-10,2021-06-10,2021-09-08,3,2,1,yes,yes,yes,Abdul Latif Helaly,pp0093,Project Director,0
577378,Contract_Awards_PDFs/Tender_577378.pdf,1,supplier,Ministry of Housing and Public Works,og0001,Cox's Bazar Development Authority,og0020,Cox's Bazar Development Authority,og0020,,Cox's Bazar,Works,OTM,Development Government,NA,Construction of Multi Storied Office Building of Cox's Bazar Development Authority (CoxDA),pr0072,CoxDA/Dev/2020-21/Office Bldng/Arboriculture-2nd R,CoxDA/Dev/2020-21/Office Bldng/Arboriculture,Arboriculture Works under Construction of Multi Storied Office Building of Coxs Bazar Development Authority CoxDA Project,CoxDA/Dev/2020-21/Office Bldng/Arboriculture,Arboriculture Works under Construction of Multi Storied Office Building of Cox's Bazar Development Authority (CoxDA) Project,"CoxDA Bhaban, Coxs Bazar",Extreme Engineering Development Consultant,co0208,1,"47/B, Road No:02, Samata Tower, Chand Housing ,Mohammadpur , Dhaka-1207",,1982306.851,1982306.851,2021-05-06,2021-05-27,2021-05-31,2021-06-01,2022-02-28,1,1,1,yes,yes,yes,Lt Col Md Khijir Khan,pp0106,Member (Engineer),0
581310,Contract_Awards_PDFs/Tender_581310.pdf,1,supplier,Ministry of Housing and Public Works,og0001,Khulna Development Authority (KDA),og0016,Office of Exen (works),og0067,,Khulna,Works,OTM,Development Government,NA,Widening and Improvement of Khulna Shipyard Road.,pr0073,eGp/01/KDA/khulna/2020-2021 (Re-Tender),S-WD-01.,Widening and Improvement of Khulna Shipyard Road.,eGp/01/KDA/khulna/2020-2021 (Re-Tender) Tender ID- 581310,Widening and Improvement of Khulna Shipyard Road.,100m,"Ataur Rahman Khan Ltd & Mahabub Brothers (Pvt) Ltd JV ( JVCA Partners [Business Share]: MAHABUB BROTHERS(PVT)LIMITED [49.000%] , Ataur Rahman Khan Ltd. [51.000%] )",co0209,1,"Firoz Tower (5th Floor), 152/3/B, Bir Uttom Kazi-Nur-Uz-Zaman Road, Panthpath, Dhaka.",,1434577898.254,1434577898.254,2021-05-24,2021-12-28,2022-01-11,2022-01-11,2022-06-23,3,2,1,yes,yes,yes,Md. Arman Hossain,pp0102,Project Director,0
583663,Contract_Awards_PDFs/Tender_583663.pdf,1,supplier,Ministry of Housing and Public Works,og0001,Rajdhani Unnayan Kartripakkha (RAJUK),og0002,"Construction of multi-storied apartment Buildings on 9(Nine) nos abandoned plot at Gulshan,Mohammadpur, Lalmatia & Dhanmondi, Dhaka.",og0006,,Dhaka,Goods,OTM,Own Fund Own fund,NA,"Construction of Multistoried Appartment Building on 09 (Nine) nos. Abandoned plot at Gulshan, Mohammadpur, Lalmatia and Dhanmondi , Dhaka.",pr0062,RAJUK/PD_9apt/Gen-S/S._Bldg-5,RAJUK/PD_9apt/Gen-S/S._Bldg-5,"Supply, Installation, Testing Commissioning of 1(One) Number 200KVA Sub-Station & 40KVA Generator for 4 storied Apartment Building at Mohammadpur R/A, Awrangajeb Road, Block-A, Plot-8/2, Dhaka. (Building 5).",RAJUK/PD_9apt/Gen-S/S._Bldg-5,"Supply, Installation, Testing Commissioning of 1(One) Number 200KVA Sub-Station & 40KVA Generator for 4 storied Apartment Building at Mohammadpur R/A, Awrangajeb Road, Block-A, Plot-8/2, Dhaka. (Building 5)",Mohammadpur,MECO INTERNATIONAL,co0210,1,"House No-37, Road No-4, Block-Kha, Pisciculture Housing Society, Mohammadpur, Dhaka",,4711111.111,4711111.111,2021-06-08,2021-08-29,2021-09-26,2021-09-26,2021-12-23,4,3,3,yes,yes,yes,Rahat Muslemin,pp0003,PD (9apt),0
590111,Contract_Awards_PDFs/Tender_590111.pdf,1,supplier,Ministry of Housing and Public Works,og0001,Rajdhani Unnayan Kartripakkha (RAJUK),og0002,"Construction of multi-storied apartment Buildings on 9(Nine) nos abandoned plot at Gulshan,Mohammadpur, Lalmatia & Dhanmondi, Dhaka.",og0006,,Dhaka,Goods,OTM,Own Fund Own fund,NA,"Construction of Multistoried Appartment Building on 09 (Nine) nos. Abandoned plot at Gulshan, Mohammadpur, Lalmatia and Dhanmondi , Dhaka.",pr0062,RAJUK/PD_9apt/Solar_Bldg-5,RAJUK/PD_9apt/Solar_Bldg-5,"Supply, Installation, Testing & Commissioning of 5 KWP Solar System for 4 Storied Apartment Building at Mohammadpur R/A, Awrangazeb Road, Block-A, Plot No-8/2.",RAJUK/PD_9apt/Solar_Bldg-5,"Supply, Installation, Testing & Commissioning of 5 KWP Solar System for 4 Storied Apartment Building at Mohammadpur R/A, Awrangazeb Road, Block-A, Plot No-8/2.",Mohammadpur,M/s Anas Trading International,co0169,1,"37, Bir Uttam C.R. Datta Road, Nahar Plaza, Room No-1506, Dhaka-1000, Bangladesh.",,374800.105,374800.105,2021-06-24,2021-09-22,2021-10-17,2021-10-17,2021-12-16,6,6,6,yes,yes,yes,Rahat Muslemin,pp0003,PD (9apt),0
591374,Contract_Awards_PDFs/Tender_591374.pdf,1,supplier,Ministry of Housing and Public Works,og0001,Rajdhani Unnayan Kartripakkha (RAJUK),og0002,"Construction of multi-storied apartment Buildings on 9(Nine) nos abandoned plot at Gulshan,Mohammadpur, Lalmatia & Dhanmondi, Dhaka.",og0006,,Dhaka,Goods,OTM,Own Fund Own fund,NA,"Construction of Multistoried Appartment Building on 09 (Nine) nos. Abandoned plot at Gulshan, Mohammadpur, Lalmatia and Dhanmondi , Dhaka.",pr0062,RAJUK/PD_9apt/Gen-S/S_Bldg-2,RAJUK/PD_9apt/Gen-S/S_Bldg-2,"Supply, Installation, Testing Commissioning of 1(One) Number 500KVA Sub-Station & 200KVA Generator for 10 storied Apartment Building at Gulshan, Road 31, Plot-CWS (B), 28, Dhaka. (Building 2).",RAJUK/PD_9apt/Gen-S/S_Bldg-2,"Supply, Installation, Testing Commissioning of 1(One) Number 500KVA Sub-Station & 200KVA Generator for 10 storied Apartment Building at Gulshan, Road 31, Plot-CWS (B), 28, Dhaka. (Building 2).",Gulshan,M/S Mirza Construction,co0211,1,"J.C. Road, Dhanbandi, Sirajganj",,8464141.096,8464141.096,2021-06-30,2021-09-08,2021-09-28,2021-09-28,2021-12-27,6,5,5,yes,yes,yes,Rahat Muslemin,pp0003,PD (9apt),0
591591,Contract_Awards_PDFs/Tender_591591.pdf,1,supplier,Ministry of Housing and Public Works,og0001,Rajdhani Unnayan Kartripakkha (RAJUK),og0002,"Construction of multi-storied apartment Buildings on 9(Nine) nos abandoned plot at Gulshan,Mohammadpur, Lalmatia & Dhanmondi, Dhaka.",og0006,,Dhaka,Goods,OTM,Own Fund Own fund,NA,"Construction of Multistoried Appartment Building on 09 (Nine) nos. Abandoned plot at Gulshan, Mohammadpur, Lalmatia and Dhanmondi , Dhaka.",pr0062,RAJUK/PD_9apt/Lift_Bldg-7,RAJUK/PD_9apt/Lift_Bldg-7,"Supply, Installation, Testing Commissioning of 2(Two) Number 630 KG 8 Passenger Lift for 9 storied Apartment Building at Mohammadpur R/A, Khilzi Road, Block-B, Plot-22/21, Dhaka. (Building 7)",RAJUK/PD_9apt/Lift_Bldg-7,"Supply, Installation, Testing Commissioning of 2(Two) Number 630 KG 8 Passenger Lift for 9 storied Apartment Building at Mohammadpur R/A, Khilzi Road, Block-B, Plot-22/21, Dhaka. (Building 7)",Mohammadpur,Concept Elevators & Engineering Ltd.,co0042,1,"Reg. Office: 656, Road-14, Baitul Aman Housing Society Adabor, Mohammadpur, Dhaka-1207",,8386000.423,8386000.423,2021-06-29,2021-08-09,2021-09-02,2021-09-19,2022-03-20,3,2,2,yes,yes,yes,Rahat Muslemin,pp0003,PD (9apt),0
591741,Contract_Awards_PDFs/Tender_591741.pdf,1,supplier,Ministry of Housing and Public Works,og0001,Rajdhani Unnayan Kartripakkha (RAJUK),og0002,"Construction of multi-storied apartment Buildings on 9(Nine) nos abandoned plot at Gulshan,Mohammadpur, Lalmatia & Dhanmondi, Dhaka.",og0006,,Dhaka,Goods,OTM,Own Fund Own fund,NA,"Construction of Multistoried Appartment Building on 09 (Nine) nos. Abandoned plot at Gulshan, Mohammadpur, Lalmatia and Dhanmondi , Dhaka.",pr0062,RAJUK/PD_9apt/Gen-S/S_Bldg-7,RAJUK/PD_9apt/Gen-Sub._Bldg-7,"Supply, Installation, Testing Commissioning of 1(One) Number 400KVA Sub-Station & 150 KVA Generator for 9 storied Apartment Building at Mohammadpur R/A, Khilzi Road, Block-B, Plot-22/21, Dhaka. (Building 7).",RAJUK/PD_9apt/Gen-S/S_Bldg-7,"Supply, Installation, Testing Commissioning of 1(One) Number 400KVA Sub-Station & 150 KVA Generator for 9 storied Apartment Building at Mohammadpur R/A, Khilzi Road, Block-B, Plot-22/21, Dhaka. (Building 7).",Mohammadpur,M/S Mirza Construction,co0211,1,"J.C. Road, Dhanbandi, Sirajganj",,7481081.361,7481081.361,2021-06-30,2021-09-08,2021-09-28,2021-09-28,2021-12-27,6,4,4,yes,yes,yes,Rahat Muslemin,pp0003,PD (9apt),0
592175,Contract_Awards_PDFs/Tender_592175.pdf,1,supplier,Ministry of Housing and Public Works,og0001,Rajdhani Unnayan Kartripakkha (RAJUK),og0002,"Construction of multi-storied apartment Buildings on 9(Nine) nos abandoned plot at Gulshan,Mohammadpur, Lalmatia & Dhanmondi, Dhaka.",og0006,,Dhaka,Goods,OTM,Own Fund Own fund,NA,"Construction of Multistoried Appartment Building on 09 (Nine) nos. Abandoned plot at Gulshan, Mohammadpur, Lalmatia and Dhanmondi , Dhaka.",pr0062,RAJUK/PD_9apt/Lift_Bldg-9,RAJUK/PD_9apt/Lift_Bldg-9,"Supply, Installation, Testing Commissioning of 1(One) Number 630 KG 8 Passenger Lift for 9 storied Apartment Building at Lalmatia R/A, Block-E, Plot-6/12, Dhaka. (Building 9)",RAJUK/PD_9apt/Lift_Bldg-9,"Supply, Installation, Testing Commissioning of 1(One) Number 630 KG 8 Passenger Lift for 9 storied Apartment Building at Lalmatia R/A, Block-E, Plot-6/12, Dhaka. (Building 9)",Lalmatia,Concept Elevators & Engineering Ltd.,co0042,1,"Reg. Office: 656, Road-14, Baitul Aman Housing Society Adabor, Mohammadpur, Dhaka-1207",,4200000.323,4200000.323,2021-06-29,2021-08-09,2021-09-02,2021-09-19,2022-03-20,3,2,2,yes,yes,yes,Rahat Muslemin,pp0003,PD (9apt),0
595725,Contract_Awards_PDFs/Tender_595725.pdf,1,supplier,Ministry of Housing and Public Works,og0001,Rajshahi Development Authority,og0004,Office of the Chairman,og0030,,Rajshahi,Works,OTM,Own Fund Own Fund,NA,NA,pr0003,040.002.871.000.2013-182,RDA/WF/W/2021-2022/01,Construction of Water Reservoir at RDA Market.,RDA/WF/W/2021-2022/01,Construction of Water Reservoir at RDA Market.,RDA Market Rajshahi,Khaled Mohammad Selim,co0212,1,"109, New Market, Rajshahi-6100.",,2023714.563,2023714.563,2021-08-05,2021-09-14,2021-09-27,2021-10-05,2022-03-01,4,3,1,yes,yes,yes,Md. Anwar Hussain,pp0097,Chaiman,0
595833,Contract_Awards_PDFs/Tender_595833.pdf,1,supplier,Ministry of Housing and Public Works,og0001,Rajdhani Unnayan Kartripakkha (RAJUK),og0002,Uttara 3rd Phase Project,og0063,,Dhaka,Works,OTM,Own Fund Own fund,NA,Uttara Residential Model Town (3rd Phase),pr0035,U3P-01/2021-2022,PD_U3P/1,"Repair & Renovation Works of Lake Drive Road at Eastern Side of Lake 04 & 05 And Avenue-01 (Part), 03 (Part), 05 (Part), 06 & 07 (Part) of Uttara Residential Model Town (3rd Phase) Project.",U3P-01/2021-2022,"Repair & Renovation Works of Lake Drive Road at Eastern Side of Lake 04 & 05 And Avenue-01 (Part), 03 (Part), 05 (Part), 06 & 07 (Part) of Uttara Residential Model Town (3rd Phase) Project.",Dhaka,Rafiq Construction Co. (Pvt.) Ltd.,co0116,1,18/1 Nayapaltan Dhaka-1000,,111744601.47,111744601.470,2021-08-08,2021-10-21,2021-11-18,2021-11-18,2022-05-10,14,11,11,yes,yes,yes,MD. HAFIZUL ISLAM,pp0108,PD (Uttara 3rd Phase),0
596661,Contract_Awards_PDFs/Tender_596661.pdf,1,supplier,Ministry of Housing and Public Works,og0001,Chittagong Development Authority,og0009,"Project Director(KK Newaz), Chittagong Development Authority",og0068,,Chattogram,Works,OTM,Development Government,NA,Construction work of Access Road from Sirajuddoula Road to Shah amanat Bridge Connecting road(Bakalia Acccess),pr0074,Pd/bakaliaexcess/e/44/134,Pd/Bakaliaeccess/e/44,Construction of Access Road (Partial Remaining Work) from Sirajuddaula Road to Shah Amanat Bridge Connecting Road (Bakalia Access) Chittagong (Lot-02).,Pd/bakaliaaccess/e/44/214,Construction of Access Road (Partial Remaining Work) from Sirajuddaula Road to Shah Amanat Bridge Connecting Road (Bakalia Access) Chittagong (Lot-02).,Bakalia,M/S. Jashim & Sons,co0213,1,"6, Hossain Shahid Soharwardi Road, Kotwali, Chittagong.",,88622840.523,88622840.523,2021-09-09,2022-03-30,2022-04-06,2022-04-06,2023-04-06,7,7,6,yes,yes,yes,Kazi Kader Newaz,pp0006,Executive Engineer,0
597090,Contract_Awards_PDFs/Tender_597090.pdf,1,supplier,Ministry of Housing and Public Works,og0001,Rajdhani Unnayan Kartripakkha (RAJUK),og0002,Uttara Apartment Project,og0012,,Dhaka,Goods,OTM,Own Fund Own Fund,NA,NA,pr0003,UAP/EM/GD-01,UAP/EM/GD-01,"Supply, Installation, Testing and Commissioning of PLC functional Variable Freuency Drive (VFD), PLC functional automatic synchronized power supply system, Pillar Hydrant and other ancilliary work under the project of Construction of Residential Apartment Building for Low and Middle income Group of people at Sector-18, Block-A, Uttara, Dhaka.",UAP/EM/GD-01,"Supply, Installation, Testing and Commissioning of PLC functional Variable Freuency Drive (VFD), PLC functional automatic synchronized power supply system, Pillar Hydrant and other ancilliary work under the project of Construction of Residential Apartment Building for Low and Middle income Group of people at Sector-18, Block-A, Uttara, Dhaka.","Sector-18, Block-A, Uttara, Dhaka",NATIONAL DEVELOPMENT ENGINEERS LTD.,co0054,1,"House No. # 22, Road # 04, Block - C, Banani, Dhaka-1213",,98788892.728,98788892.728,2021-08-17,2021-12-15,2022-01-12,2022-01-12,2022-07-11,8,6,5,yes,yes,yes,Mohammad Muzaffar Uddin,pp0004,PD (Uttara Appartment),0
598954,Contract_Awards_PDFs/Tender_598954.pdf,1,supplier,Ministry of Housing and Public Works,og0001,Chittagong Development Authority,og0009,"Project Director(M.Uddin), Chittagong Development Authority",og0031,,Chattogram,Works,OTM,Own Fund Own Fund,NA,NA,pr0003,ExEx/office/E-76/164,Enex/office/E-76,"Supplying and applying weather Coat on outside of Garage, rest house and other related repair maintenance work",ExEx/office/E-76/178,"Supplying and applying weather Coat on outside of Garage, rest house and other related repair maintenance work",CDA Building Chattogram,M/S. Gulzar Trading,co0142,1,"Hazi Monsur Ali Road, Mia Khan Nagar, Chittagong.",,1999405.152,1999405.152,2021-09-16,2021-11-25,2021-12-08,2021-12-09,2022-02-10,3,2,2,yes,yes,yes,A. H. M. Mesbah Uddin,pp0024,Project Director,0
601511,Contract_Awards_PDFs/Tender_601511.pdf,1,supplier,Ministry of Housing and Public Works,og0001,Rajdhani Unnayan Kartripakkha (RAJUK),og0002,Purbachal New Town Project,og0015,,Dhaka,Works,OTM,Own Fund Own fund,NA,Purbachal New town Project,pr0009,Rajuk/PD_Purbachal/59,Rajuk/PD_Purbachal/60,Construction of RAJUK Purbachal Graveyard Boundary wall at Sector-22 of Purbachal New Town Project.,Rajuk/PD_Purbachal/59,Construction of RAJUK Purbachal Graveyard Boundary wall at Sector-22 of Purbachal New Town Project.,Purbachal New Town project,M/S Udayan Builders,co0023,1,"Dhaka Trtade Centre,Level #15, Block # H 99 Kazi Nazrul Islam Avenue, Kawran Bazar C/A, Dhaka-1215",,26986410.486,26986410.486,2021-09-12,2022-01-03,2022-01-31,2022-02-15,2023-06-29,11,8,2,yes,yes,yes,Ujjwal Mallick,pp0099,Project Director,0
601512,Contract_Awards_PDFs/Tender_601512.pdf,1,supplier,Ministry of Housing and Public Works,og0001,Rajdhani Unnayan Kartripakkha (RAJUK),og0002,Purbachal New Town Project,og0015,,Dhaka,Works,OTM,Own Fund Own fund,NA,Purbachal New town Project,pr0009,Rajuk/PD_Purbachal/60,Rajuk/PD_Purbachal/61,Construction of RAJUK Purbachal Temple & Crematorium wall at Sector-04 of Purbachal New Town Project.,Rajuk/PD_Purbachal/60,Construction of RAJUK Purbachal Temple & Crematorium wall at Sector-04 of Purbachal New Town Project.,Purbachal New Town project,H RAHMAN ENTERPRISE,co0214,1,"177, Shohid Syed Nazrul Islam Sharani, Bijoy Nagar, Dhaka-1000.",,11116977.075,11116977.075,2021-09-12,2022-01-03,2022-01-30,2022-02-15,2022-12-29,8,7,1,yes,yes,yes,Ujjwal Mallick,pp0099,Project Director,0
601514,Contract_Awards_PDFs/Tender_601514.pdf,1,supplier,Ministry of Housing and Public Works,og0001,Rajdhani Unnayan Kartripakkha (RAJUK),og0002,Purbachal New Town Project,og0015,,Dhaka,Works,OTM,Own Fund Own fund,NA,Purbachal New town Project,pr0009,Rajuk/PD_Purbachal/61,Rajuk/PD_Purbachal/62,"Construction of R.C.C Road and Surface Drain at Sector-23 (Part) of Purbachal New Town Project (Package # RDC-23, Lot-01)",Rajuk/PD_Purbachal/61,"Construction of R.C.C Road and Surface Drain at Sector-23 (Part) of Purbachal New Town Project (Package # RDC-23, Lot-01)",Purbachal New Town project,Momotaj Engineers Ltd.,co0003,1,"Kha-202/c, Progatisharani, Middle Badda, Dhaka-1212.",,54831431.367,54831431.367,2021-09-12,2022-01-03,2022-01-26,2022-01-26,2022-06-30,17,15,12,yes,yes,yes,Ujjwal Mallick,pp0099,Project Director,0
601516,Contract_Awards_PDFs/Tender_601516.pdf,1,supplier,Ministry of Housing and Public Works,og0001,Rajdhani Unnayan Kartripakkha (RAJUK),og0002,Purbachal New Town Project,og0015,,Dhaka,Works,OTM,Own Fund Own fund,NA,Purbachal New town Project,pr0009,Rajuk/PD_Purbachal/62,Rajuk/PD_Purbachal/63,Construction of Internal RCC walkway including surface drain at Sector-24 of Purbachal New Town Project.,Rajuk/PD_Purbachal/62,Construction of Internal RCC walkway including surface drain at Sector-24 of Purbachal New Town Project.,Purbachal New Town project,M/S. AMIN TRADING CORPORATION,co0197,1,"99, Motijeel, C/A, Korim Chamber, Room No- 702 (6th Floor)",,16055781.408,16055781.408,2021-09-12,2022-01-03,2022-01-30,2022-01-30,2022-06-12,18,16,13,yes,yes,yes,Ujjwal Mallick,pp0099,Project Director,0
601519,Contract_Awards_PDFs/Tender_601519.pdf,1,supplier,Ministry of Housing and Public Works,og0001,Rajdhani Unnayan Kartripakkha (RAJUK),og0002,Purbachal New Town Project,og0015,,Dhaka,Works,OTM,Own Fund Own fund,NA,Purbachal New town Project,pr0009,Rajuk/PD_Purbachal/64,Rajuk/PD_Purbachal/66,Construction of Internal RCC walkway including surface drain at Sector-28 of Purbachal New Town Project.,Rajuk/PD_Purbachal/64,Construction of Internal RCC walkway including surface drain at Sector-28 of Purbachal New Town Project.,Purbachal New Town project,M/S. A. R. Enterprise,co0016,1,"House-08, Road-02, Diyabari, Uttara, Dhaka-1230 Contact No:01935968075, 01707568905",,20511652.707,20511652.707,2021-09-12,2022-01-03,2022-01-31,2022-02-20,2022-04-28,16,15,9,yes,yes,yes,Ujjwal Mallick,pp0099,Project Director,0
601520,Contract_Awards_PDFs/Tender_601520.pdf,1,supplier,Ministry of Housing and Public Works,og0001,Rajdhani Unnayan Kartripakkha (RAJUK),og0002,Purbachal New Town Project,og0015,,Dhaka,Works,OTM,Own Fund Own fund,NA,Purbachal New town Project,pr0009,Rajuk/PD_Purbachal/64,Rajuk/PD_Purbachal/67,Construction of Boundary Wall for RAJUK site office at Sector-19 of Purbachal New Town Project.,Rajuk/PD_Purbachal/67,Construction of Boundary Wall for RAJUK site office at Sector-19 of Purbachal New Town Project.,Purbachal New Town project,Starlite Services Limited,co0019,1,"Planners Tower(16th Floor), Suit No: 8-11,13/A, Sonargaon Road, Dhaka-1000.",,25907749.632,25907749.632,2021-09-12,2022-01-03,2022-01-31,2022-01-31,2023-02-28,9,9,1,yes,yes,yes,Ujjwal Mallick,pp0099,Project Director,0
608964,Contract_Awards_PDFs/Tender_608964.pdf,1,supplier,Ministry of Housing and Public Works,og0001,Rajdhani Unnayan Kartripakkha (RAJUK),og0002,"Construction of multi-storied apartment Buildings on 9(Nine) nos abandoned plot at Gulshan,Mohammadpur, Lalmatia & Dhanmondi, Dhaka.",og0006,,Dhaka,Goods,OTM,Own Fund Own Fund,NA,NA,pr0003,RAJUK/PD_9apt/Solar_Bldg-7,RAJUK/PD_9apt/Solar_Bldg-7,"Supply, Installation, Testing & Commissioning of 10 KWP Solar System for 9 Storied Apartment Building at Mohammadpur R/A, Khilzi Road, Plot No-22/21 (Building 7).",RAJUK/PD_9apt/Solar_Bldg-7,"Supply, Installation, Testing & Commissioning of 10 KWP Solar System for 9 Storied Apartment Building at Mohammadpur R/A, Khilzi Road, Plot No-22/21 (Building7).",Mohammadpur,M/s Anas Trading International,co0169,1,"37, Bir Uttam C.R. Datta Road, Nahar Plaza, Room No-1506, Dhaka-1000, Bangladesh.",,840000.11,840000.110,2021-09-15,2021-12-01,2021-12-01,2021-12-15,2022-03-15,9,8,4,yes,yes,yes,Rahat Muslemin,pp0003,PD (9apt),0
609656,Contract_Awards_PDFs/Tender_609656.pdf,1,supplier,Ministry of Housing and Public Works,og0001,Rajdhani Unnayan Kartripakkha (RAJUK),og0002,"Construction of multi-storied apartment Buildings on 9(Nine) nos abandoned plot at Gulshan,Mohammadpur, Lalmatia & Dhanmondi, Dhaka.",og0006,,Dhaka,Goods,OTM,Own Fund Own Fund,NA,NA,pr0003,RAJUK/PD_9apt/Solar._Bldg-2,RAJUK/PD_9apt/Solar._Bldg-2,"Supply, Installation, Testing & Commissioning of 12 KWP Solar System for 10 Storied Apartment Building at Gulshan R/A, Road No.- 31, Plot No-CWS(B)-28 (Building-2).",RAJUK/PD_9apt/Solar._Bldg-2,"Supply, Installation, Testing & Commissioning of 12 KWP Solar System for 10 Storied Apartment Building at Gulshan R/A, Road No.- 31, Plot No-CWS(B)-28 (Building-2).",Gulshan,M/s Anas Trading International,co0169,1,"37, Bir Uttam C.R. Datta Road, Nahar Plaza, Room No-1506, Dhaka-1000, Bangladesh.",,947996.112,947996.112,2021-09-15,2021-12-01,2021-12-29,2021-12-29,2022-02-27,8,8,4,yes,yes,yes,Rahat Muslemin,pp0003,PD (9apt),0
614373,Contract_Awards_PDFs/Tender_614373.pdf,1,supplier,Ministry of Housing and Public Works,og0001,Rajdhani Unnayan Kartripakkha (RAJUK),og0002,"Construction of multi-storied apartment Buildings on 9(Nine) nos abandoned plot at Gulshan,Mohammadpur, Lalmatia & Dhanmondi, Dhaka.",og0006,,Dhaka,Goods,OTM,Own Fund Own Fund,NA,NA,pr0003,RAJUK/PD_9apt/Lift_Bldg-6,RAJUK/PD_9apt/Lift_Bldg-6,"Supply, Installation, Testing, Commissioning of 01 (One) Number 800 kg (10 Passengers) Lift for Eight Storied Apartment Building at Mohammadpur R/A, Babor Road, Block-B, Plot-2/15 (Building-6)",RAJUK/PD_9apt/Lift_Bldg-6,"Supply, Installation, Testing, Commissioning of 01 (One) Number 800 kg (10 Passengers) Lift for Eight Storied Apartment Building at Mohammadpur R/A, Babor Road, Block-B, Plot-2/15 (Building-6)",Mohammadpur,Concept Elevators & Engineering Ltd.,co0042,1,"Reg. Office: 656, Road-14, Baitul Aman Housing Society Adabor, Mohammadpur, Dhaka-1207",,4498200.356,4498200.356,2021-10-04,2021-12-19,2022-01-13,2022-01-16,2022-06-16,3,1,1,yes,yes,yes,Rahat Muslemin,pp0003,PD (9apt),0
614376,Contract_Awards_PDFs/Tender_614376.pdf,1,supplier,Ministry of Housing and Public Works,og0001,Chittagong Development Authority,og0009,"Project Director(M.Uddin), Chittagong Development Authority",og0031,,Chattogram,Works,OTM,Own Fund Own Fund,NA,NA,pr0003,ExEn/Me.sta.qu/E-77/09,ExEn/Mestaqu/E-77,Annual repairing and Maintenance work of Building No-11 at Mehedibag CDA staff Quarter Chattogram.,ExEn/Me.sta.qu/E-77/03,Annual repairing and Maintenance work of Building No-11 at Mehedibag CDA staff Quarter Chattogram.,Mehedibag CDA staff Quarter Chattogram,M/s J S Enterprise,co0215,1,"North Gasbaria ,Bodurpara , Chandanaish , Chittagong.",,5821337.259,5821337.259,2021-10-25,2022-01-10,2022-01-26,2022-01-30,2022-05-01,2,1,1,yes,yes,yes,A. H. M. Mesbah Uddin,pp0024,Project Director,0
615021,Contract_Awards_PDFs/Tender_615021.pdf,1,supplier,Ministry of Housing and Public Works,og0001,Rajdhani Unnayan Kartripakkha (RAJUK),og0002,"Construction of multi-storied apartment Buildings on 9(Nine) nos abandoned plot at Gulshan,Mohammadpur, Lalmatia & Dhanmondi, Dhaka.",og0006,,Dhaka,Goods,OTM,Own Fund Own Fund,NA,NA,pr0003,RAJUK/PD_9apt/Solar_Bldg-6,RAJUK/PD_9apt/Solar_Bldg-6,"Supply, Installation, Testing & Commissioning of 5 KWP Solar System for Eight Storied Apartment Building at Mohammadpur R/A, Babor Road, Block-B, Plot-2/15 (Building-6)",RAJUK/PD_9apt/Solar_Bldg-6,"Supply, Installation, Testing & Commissioning of 5 KWP Solar System for Eight Storied Apartment Building at Mohammadpur R/A, Babor Road, Block-B, Plot-2/15 (Building-6)",Mohammadpur,M/s Anas Trading International,co0169,1,"37, Bir Uttam C.R. Datta Road, Nahar Plaza, Room No-1506, Dhaka-1000, Bangladesh.",,295000.105,295000.105,2021-10-04,2021-12-19,2022-01-12,2022-01-12,2022-03-13,11,7,3,yes,yes,yes,Rahat Muslemin,pp0003,PD (9apt),0
615572,Contract_Awards_PDFs/Tender_615572.pdf,1,supplier,Ministry of Housing and Public Works,og0001,Rajdhani Unnayan Kartripakkha (RAJUK),og0002,Uttara 3rd Phase Project,og0063,,Dhaka,Works,OTM,Own Fund Own fund,NA,Uttara Residential Model Town (3rd Phase),pr0035,U3P-02/2021-2022,PD_U3P/2,Repair and Renovation Work of Lake Drive Road no 06 (west side of lake no-11) Including Surface Pucca Drain and Barbed Wire Fancy around Green Belt at Sector 16 of Uttara Residential Model Town (3rd Phase) Project.,U3P-02/2021-2022,Repair and Renovation Work of Lake Drive Road no 06 (west side of lake no-11) Including Surface Pucca Drain and Barbed Wire Fancy around Green Belt at Sector 16 of Uttara Residential Model Town (3rd Phase) Project.,Uttara 3rd Phase Project,"M/S SHAFIQUE AND SONS - M/S. AMIN TRADING CORPORATION JV ( JVCA Partners [Business Share]: M/S. AMIN TRADING CORPORATION [25.000%] , M/s Shafique and Sons [75.000%] )",co0216,1,"Cha-72/1, Progoti Sarani, Uttar Badda, Dhaka-1212",,29216449.314,29216449.314,2021-10-04,2021-11-23,2021-12-21,2022-01-10,2022-05-10,9,8,6,yes,yes,yes,MD. HAFIZUL ISLAM,pp0108,PD (Uttara 3rd Phase),0
616293,Contract_Awards_PDFs/Tender_616293.pdf,1,supplier,Ministry of Housing and Public Works,og0001,Rajdhani Unnayan Kartripakkha (RAJUK),og0002,Purbachal New Town Project,og0015,,Dhaka,Works,OTM,Own Fund Own fund,NA,Purbachal New town Project,pr0009,Rajuk/PD_Purbachal/70,Rajuk/PD_Purbachal/70,"Electrification work of 02 (two) Storied Progati High Building with 06 (Six) Storied Foundation work in the Plot No-43, Road No-102 in Sector No-03 of Purbachal New Town Project.",Rajuk/PD_Purbachal/70,"Electrification work of 02 (two) Storied Progati High Building with 06 (Six) Storied Foundation work in the Plot No-43, Road No-102 in Sector No-03 of Purbachal New Town Project.",Purbachal New Town project,M/S. Sharif & Sons,co0017,1,"Eastern Arzoo, Suite No: 11/08, 61, Bijoynagar, Dhaka-1000.",,3463421.4,3463421.400,2021-10-03,2022-01-26,2022-02-23,2022-04-04,2022-06-14,5,5,1,yes,yes,yes,Ujjwal Mallick,pp0099,Project Director,0
616294,Contract_Awards_PDFs/Tender_616294.pdf,1,supplier,Ministry of Housing and Public Works,og0001,Rajdhani Unnayan Kartripakkha (RAJUK),og0002,Purbachal New Town Project,og0015,,Dhaka,Works,OTM,Own Fund Own fund,NA,Purbachal New town Project,pr0009,Rajuk/PD_Purbachal/71,Rajuk/PD_Purbachal/71,"Electrification work of 02 (two) storied Purbachal Palkhan High School Bhaban with 06 (Six) Storied foundation work in the Plot No.-8, Road No.-301 in Sector-30 of Purbachal New Town Project.",Rajuk/PD_Purbachal/71,"Electrification work of 02 (two) storied Purbachal Palkhan High School Bhaban with 06 (Six) Storied foundation work in the Plot No.-8, Road No.-301 in Sector-30 of Purbachal New Town Project.",Purbachal New Town project,M/S Sunny Construction,co0053,1,"58/Cha/1,Tejturi Bazar Chak,West Razabazar,Dhaka-1215",,3463421.4,3463421.400,2021-10-03,2022-01-26,2022-02-23,2022-02-23,2022-08-23,4,4,1,yes,yes,yes,Ujjwal Mallick,pp0099,Project Director,0
616340,Contract_Awards_PDFs/Tender_616340.pdf,1,supplier,Ministry of Housing and Public Works,og0001,Chittagong Development Authority,og0009,"Project Director(M.Uddin), Chittagong Development Authority",og0031,,Chattogram,Works,OTM,Own Fund Own Fund,NA,NA,pr0003,ExEn/Me.sta.qu/E-78/10,ExEn/Mestaqu/E-78,Construction of Garage at Mehedibag CDA staff Quarter Chattogram.,ExEn/Me.sta.qu/E-78/183,Construction of Garage at Mehedibag CDA staff Quarter Chattogram.,Mehedibag CDA staff Quarter Chattogram,M/S. Gulzar Trading,co0142,1,"Hazi Monsur Ali Road, Mia Khan Nagar, Chittagong.",,3650723.019,3650723.019,2021-10-25,2022-01-17,2022-01-27,2022-01-27,2022-03-29,8,4,4,yes,yes,yes,A. H. M. Mesbah Uddin,pp0024,Project Director,0
617410,Contract_Awards_PDFs/Tender_617410.pdf,1,supplier,Ministry of Housing and Public Works,og0001,Cox's Bazar Development Authority,og0020,Cox's Bazar Development Authority,og0020,,Cox's Bazar,Works,OTM,Development Government,NA,Holiday More-Bazarghata-Larpara (Bus Stand) Main Road Re-Construction and Widening Project of Coxs Bazar District,pr0068,CoxDA/Dev/2021-22/Road/WD-04/LED,CoxDA/Dev/2021-22/Road/WD-04/LED,"LED Display Board works with Fitting and Fixing under the ""Holiday More-Bazarghata-Larpara (Bus Stand) Main Road Re-Construction and Widening"" Project of Coxs Bazar District",CoxDA/Dev/2021-22/Road/WD-04/LED,"LED Display Board works with Fitting and Fixing under the ""Holiday More-Bazarghata-Larpara (Bus Stand) Main Road Re-Construction and Widening"" Project of Coxs Bazar District",Cox's Bazar Sadar,Rancon Industrial Solutions Ltd.,co0217,1,"117, Tejkunipara, Old Airport Road, Bijoy Shoroni, Tejgaon, Dhaka.",,21379456.051,21379456.051,2021-10-11,2021-12-30,2022-01-16,2022-01-18,2022-05-30,6,4,1,yes,yes,yes,Lt Col Md Khijir Khan,pp0106,Member (Engineer),0
617807,Contract_Awards_PDFs/Tender_617807.pdf,1,supplier,Ministry of Housing and Public Works,og0001,Cox's Bazar Development Authority,og0020,Cox's Bazar Development Authority,og0020,,Cox's Bazar,Works,OTM,Development Government,NA,Holiday More-Bazarghata-Larpara (Bus Stand) Main Road Re-Construction and Widening Project of Coxs Bazar District,pr0068,CoxDA/Dev/2021-22/Road/WD-03/Beautification,CoxDA/Dev/2021-22/Road/WD-03/Beautification,"Beautification and Arboriculture Works at Holiday Mor to (Bus-Stand) Mor Cox's Bazar Road at Ch. 0+000-4+660 Km under ""Holiday Mor- Bazarghata -Larpara (Bus-Stand) Main Road Re-Construction and Widening Project of Cox's Bazar District.""",CoxDA/Dev/2021-22/Road/WD-03/Beautification,"Beautification and Arboriculture Works at Holiday Mor to (Bus-Stand) Mor Cox's Bazar Road at Ch. 0+000-4+660 Km under ""Holiday Mor- Bazarghata -Larpara (Bus-Stand) Main Road Re-Construction and Widening Project of Cox's Bazar District.""",Cox's Bazar Sadar,"SCL-LB-KEC JV ( JVCA Partners [Business Share]: M/S. KARIM ENTERPRISE & CONSTRUCTION [30.000%] , Sun Flower Construction Ltd. [40.000%] , M/S LABON & BROTHERS [30.000%] )",co0218,1,"10 Dilkusha Jibon Bima Tower 8th Floor Motijheel, Dhaka",,75976418.725,75976418.725,2021-10-11,2021-12-30,2022-01-16,2022-01-18,2022-05-30,10,6,4,yes,yes,yes,Lt Col Md Khijir Khan,pp0106,Member (Engineer),0
618898,Contract_Awards_PDFs/Tender_618898.pdf,1,supplier,Ministry of Housing and Public Works,og0001,Cox's Bazar Development Authority,og0020,Cox's Bazar Development Authority,og0020,,Cox's Bazar,Works,OTM,Development Government,NA,Holiday More-Bazarghata-Larpara (Bus Stand) Main Road Re-Construction and Widening Project of Coxs Bazar District,pr0068,CoxDA/Dev/2021-22/Road/WD-05/Foot Over Bridge,CoxDA/Dev/2021-22/Road/WD-05/Foot Over Bridge,"Foot Over Bridge Works at Holiday Mor to (Bus-Stand) Mor Cox's Bazar Road at Ch. 0+000-4+660 under ""Holiday Mor- Bazarghata -Larpara (Bus-Stand) Main Road Re-Construction and Widening Project of Cox's Bazar District.""",CoxDA/Dev/2021-22/Road/WD-05/Foot Over Bridge,"Foot Over Bridge Works at Holiday Mor to (Bus-Stand) Mor Cox's Bazar Road at Ch. 0+000-4+660 under ""Holiday Mor- Bazarghata -Larpara (Bus-Stand) Main Road Re-Construction and Widening Project of Cox's Bazar District.""",Cox's Bazar Sadar,"Hassan Techno Builders Ltd. - Taher Brothers Ltd. JV. ( JVCA Partners [Business Share]: Hassan Techno Builders Ltd. [60.000%] , Taher Brothers Ltd. [40.000%] )",co0219,1,"Punam Palace, Holding No: 464, 1st Kandirpar, Badurtala, Cumilla",,94588512.789,94588512.789,2021-10-11,2021-12-30,2022-01-16,2022-01-18,2022-05-30,9,6,2,yes,yes,yes,Lt Col Md Khijir Khan,pp0106,Member (Engineer),0
620619,Contract_Awards_PDFs/Tender_620619.pdf,1,supplier,Ministry of Housing and Public Works,og0001,Rajdhani Unnayan Kartripakkha (RAJUK),og0002,Superintending Engineer (Civil Circle-1),og0007,,Dhaka,Works,OTM,Own Fund Own Fund,NA,NA,pr0003,SE/CC-1/HQ/W-02/2021-2022,SE/CC-1/HQ/W-02,"Renovation Works ( Plaster, Door, Window, Sanitary fittings, Painting and other Civil works) in the Building allotted for Drivers (Building No.10) at RAJUK Malibagh Officers' Quarter Area.",SE/CC-1/HQ/W-02/2021-2022,"Renovation Works ( Plaster, Door, Window, Sanitary fittings, Painting and other Civil works) in the Building allotted for Drivers (Building No.10) at RAJUK Malibagh Officers' Quarter Area.",RAJUK Malibagh Officers Quarter,M/S. A. R. Enterprise,co0016,1,"House-08, Road-02, Diyabari, Uttara, Dhaka-1230 Contact No:01935968075, 01707568905",,3045193.803,3045193.803,2021-11-04,2022-02-09,2022-02-24,2022-02-24,2022-05-23,7,5,5,yes,yes,yes,Mohammad Muzaffar Uddin,pp0004,Superintending Engineer,0
622539,Contract_Awards_PDFs/Tender_622539.pdf,1,supplier,Ministry of Housing and Public Works,og0001,Rajdhani Unnayan Kartripakkha (RAJUK),og0002,Office of the Superintending Engineer (Electrical),og0011,,Dhaka,Goods,OTM,Own Fund Own fund,NA,Electro_Mechanical Equipment Purchage,pr0075,Rajuk/Electrical-2/21/G-01,Rajuk/Electrical-2/21/G-01,"Supply, Installation, Testing & Commissioning of 100 KVA Generator and Related Works for Rajuk Zonal Office in Uttara.",25.39.0000.064.07.012.2018,"Supply, Installation, Testing & Commissioning of 100 KVA Generator and Related Works for Rajuk Zonal Office in Uttara.",Zonal Office in Uttara,M/S TANIN ENTERPRISE,co0041,1,"150 MOTIJHEEL, NAHAR MANSION 3RD FLOOR, C/A DHAKA.",,3097300.59,3097300.590,2021-11-09,2022-03-27,2022-04-17,2022-04-17,2022-07-17,4,3,2,yes,yes,yes,mohammad nazmus sakib jamali,pp0007,Sup. Eng. (Elec.),0
622586,Contract_Awards_PDFs/Tender_622586.pdf,1,supplier,Ministry of Housing and Public Works,og0001,Rajdhani Unnayan Kartripakkha (RAJUK),og0002,Office of the Superintending Engineer (Electrical),og0011,,Dhaka,Works,OTM,Own Fund Own fund,NA,"Sepcial Day Celebration,Building Lighting and fair related Expences,Fastival and Contrivution.",pr0065,Rajuk/Electrical-2/21/W-01,Rajuk/Electrical-2/21/W-01,Temporary Illumination of Rajuk Zonal Offices in different Religion Festivals & State Phase.,25.39.0000.064.07.001.2021,Temporary Illumination of Rajuk Zonal Offices in different Religion Festivals & State Phase.,Rajuk Zonal Office,M/S TANIN ENTERPRISE,co0041,1,"150 MOTIJHEEL, NAHAR MANSION 3RD FLOOR, C/A DHAKA.",,1279542.6,1279542.600,2021-11-09,2022-03-16,2022-04-13,2022-04-13,2023-04-12,2,1,1,yes,yes,yes,mohammad nazmus sakib jamali,pp0007,Sup. Eng. (Elec.),0
622637,Contract_Awards_PDFs/Tender_622637.pdf,1,supplier,Ministry of Housing and Public Works,og0001,Rajdhani Unnayan Kartripakkha (RAJUK),og0002,Office of the Superintending Engineer (Electrical),og0011,,Dhaka,Works,OTM,Own Fund Own fund,NA,Maintanance of Office Equipement and Accessories,pr0055,Rajuk/Electrical-1/21/W-01,Rajuk/Electrical-1/21/W-01,Servicing & Maintenance of CCTV Surveillance System of Rajuk Main & Annex Bhaban and Bhaban Complex for 02 (Two) Years.,25.39.0000.063.07.051.2019,Servicing & Maintenance of CCTV Surveillance System of Rajuk Main & Annex Bhaban and Bhaban Complex for 02 (Two) Years.,Rajuk Bhaban,Silver Sun Electronics,co0122,1,"Room # 09, Ground Floor, Electric Plaza, Tropicana Tower, 218, shahid Seyad Nazrul Islam Sharani, Old 45, Topkhana Road, Purana Paltan, Dhaka-1000.",,967554.72,967554.720,2021-11-09,2022-03-27,2022-04-24,2022-04-24,2024-04-23,2,1,1,yes,yes,yes,mohammad nazmus sakib jamali,pp0007,Sup. Eng. (Elec.),0
629331,Contract_Awards_PDFs/Tender_629331.pdf,1,supplier,Ministry of Housing and Public Works,og0001,Chittagong Development Authority,og0009,Electrical & Mechanical Engineering (EME),og0061,,Chattogram,Works,OTM,Own Fund Own Fund,NA,NA,pr0003,XEN(EM)/E-346,EM01,"Supply Installation, testing and commissioning of 11KV HT switchgear at CDA Biponi Bitan A block building",ExEn(EM)/E-346/1052,"Supply Installation, testing and commissioning of 11KV HT switchgear at CDA Biponi Bitan A block building",Biponi Bitan A block,Power Net Enterprise,co0220,1,"Khan Mansion Khulshi Colony Road, Nasirabad, Chittagong-4209",,2230689.6,2230689.600,2021-11-29,2022-02-01,2022-02-01,2022-02-07,2022-04-17,4,4,3,yes,yes,yes,Bishawnath Biswas,pp0109,Executive Engineer,0
631780,Contract_Awards_PDFs/Tender_631780.pdf,1,supplier,Ministry of Housing and Public Works,og0001,Chittagong Development Authority,og0009,"Project Director(M.Uddin), Chittagong Development Authority",og0031,,Chattogram,Works,OTM,Own Fund Own Fund,NA,NA,pr0003,Xen/office/hill/E-84/182,Xen/office/hill/E-84,Construction of Vertical extension of boundary wall and mesh fencing work at CDA hill south west side.,ExEx/officeHill/E-84/186,Construction of Vertical extension of boundary wall and mesh fencing work at CDA hill south west side.,"CDA hill, Chittagong",M/S. Nice Enterprise,co0168,1,"758/C, Moidermill School Road, South Bakalia, Chittagong.",,3296663.136,3296663.136,2022-01-12,2022-02-17,2022-03-03,2022-03-03,2022-05-04,3,3,2,yes,yes,yes,A. H. M. Mesbah Uddin,pp0024,Project Director,0
637086,Contract_Awards_PDFs/Tender_637086.pdf,1,supplier,Ministry of Housing and Public Works,og0001,Chittagong Development Authority,og0009,"Project Director(M.Uddin), Chittagong Development Authority",og0031,,Chattogram,Works,OTM,Own Fund Own Fund,NA,NA,pr0003,ExEn/Me.Sta.Qtr/80/179,XEN/MeStQtr/E-80,"Annual Repairing and Maintenance works of Building No. 01 & 02 Mehedibag CDA Staff Quarter, Chattogram.",ExEn/Me.sta.qu/E-80/185,"Annual Repairing and Maintenance works of Building No. 01 & 02 Mehedibag CDA Staff Quarter, Chattogram.","Mehedibag, Chattogram",Trade Spin,co0221,1,"4, BGB Super Market, Halishahar Housing Estate, Chattogram.",,2934320.184,2934320.184,2022-01-12,2022-02-17,2022-02-23,2022-02-24,2022-05-25,2,1,1,yes,yes,yes,A. H. M. Mesbah Uddin,pp0024,Project Director,0
637169,Contract_Awards_PDFs/Tender_637169.pdf,1,supplier,Ministry of Housing and Public Works,og0001,Rajdhani Unnayan Kartripakkha (RAJUK),og0002,Uttara Apartment Project,og0012,,Dhaka,Goods,OTM,Own Fund Own Fund,NA,NA,pr0003,GD/UAP/Lift-05,GD/UAP/Lift-05,"Supply, Installation, Testing and Commissioning of 01 No. 2100 KG Passenger Cum Bed Lift for the Community Center under the Project of Construction of Residential Apartment Building for Low & Middle Income Group of people at Sector- 18, Block-A, Uttara, Dhaka.",RAJUK/UAP/GD/Lift-03,"Supply, Installation, Testing and Commissioning of 01 No. 2100 KG Passenger Cum Bed Lift for the Community Center under the Project of Construction of Residential Apartment Building for Low & Middle Income Group of people at Sector- 18, Block-A, Uttara, Dhaka.",Uttara Apartment Project Sector-18 Uttara Dhaka,Concept Elevators & Engineering Ltd.,co0042,1,"Reg. Office: 656, Road-14, Baitul Aman Housing Society Adabor, Mohammadpur, Dhaka-1207",,8158500.74,8158500.740,2021-12-22,2022-05-13,2022-06-05,2022-06-05,2022-12-26,3,2,2,yes,yes,yes,Mohammad Muzaffar Uddin,pp0004,PD (Uttara Appartment),0
638918,Contract_Awards_PDFs/Tender_638918.pdf,1,supplier,Ministry of Housing and Public Works,og0001,Rajshahi Development Authority,og0004,Office of the Chairman,og0030,,Rajshahi,Goods,OTM,Development Government,NA,Revision of Functional Master Plan and Detailed Area Plan to make Rajshahi Metropolitan Development Plan (RMDP) Disaster Risk Sensitive.,pr0059,040.003.035.057.001.2021/3520,RDA/RMDP/G/2021-2022/01,Revision of Functional Master Plan and Detailed Area Plan to Make Rajshahi Metropolitan Development Plan (RMDP) Disaster Risk Sensitive (Sub- head: Supply of ArcGIS Software with Extensions for GIS Unit),RDA/RMDP/2021-2022/01,Revision of Functional Master Plan and Detailed Area Plan to Make Rajshahi Metropolitan Development Plan (RMDP) Disaster Risk Sensitive (Sub- head: Supply of ArcGIS Software with Extensions for GIS Unit),"RDA Bhaban, Rajshahi",YSP TECHNOLOGY,co0222,1,"37 Bir Uttam C R Datta Road, Nahar Plaza, Dhaka",,15900000.014,15900000.014,2021-12-14,2022-03-07,2022-03-28,2022-04-03,2022-05-02,1,1,1,yes,yes,yes,Md. Anwar Hussain,pp0097,Chaiman,0
639927,Contract_Awards_PDFs/Tender_639927.pdf,1,supplier,Ministry of Housing and Public Works,og0001,Rajdhani Unnayan Kartripakkha (RAJUK),og0002,"Construction of multi-storied apartment Buildings on 9(Nine) nos abandoned plot at Gulshan,Mohammadpur, Lalmatia & Dhanmondi, Dhaka.",og0006,,Dhaka,Goods,OTM,Own Fund Own Fund,NA,NA,pr0003,RAJUK/PD_9apt/Gen-S/S._Bldg-4,RAJUK/PD_9apt/Gen-S/S._Bldg-4,"RAJUK/PD_9apt/Gen-S/S._Bldg-4 Supply, Installation, Testing and Commissioning of 1(One) Number 300KVA Sub- Station & 80 KVA Generator for Seven Storied Apartment Building at Plot-13/1, Block-A, Awrangajeb Road, Mohammadpur R/A, Dhaka (Building-4)",RAJUK/PD_9apt/Gen-S/S._Bldg-4,"RAJUK/PD_9apt/Gen-S/S._Bldg-4 Supply, Installation, Testing and Commissioning of 1(One) Number 300KVA Sub- Station & 80 KVA Generator for Seven Storied Apartment Building at Plot-13/1, Block-A, Awrangajeb Road, Mohammadpur R/A, Dhaka (Building-4)",Mohammadpur,T.S Enterprise,co0014,1,"28, Malibagh Chowdhury Para, Dhaka.",,6132044.298,6132044.298,2021-12-22,2022-03-13,2022-04-10,2022-04-10,2022-08-09,6,5,5,yes,yes,yes,Rahat Muslemin,pp0003,PD (9apt),0
640368,Contract_Awards_PDFs/Tender_640368.pdf,1,supplier,Ministry of Housing and Public Works,og0001,Chittagong Development Authority,og0009,"Project Director(M.Uddin), Chittagong Development Authority",og0031,,Chattogram,Works,OTM,Own Fund Own Fund,NA,NA,pr0003,ExEx/office/E-79/180,XEN/office//E-79,"Repair and maintenance work of dormitory and others related work of CDA hill, Chattogram.",ExEn/office/E-79/26,Repair and maintenance work of dormitory and others related work.,CDA hill Chittagong,M/S Hasan & Brothers,co0223,1,"265/262 Mamtaj Market, Khatungonj, Chittagong.",,2681912.169,2681912.169,2022-01-12,2022-03-23,2022-04-04,2022-04-05,2022-07-04,2,2,2,yes,yes,yes,A. H. M. Mesbah Uddin,pp0024,Project Director,0
64165,Contract_Awards_PDFs/Tender_64165.pdf,1,supplier,Ministry of Housing and Public Works,og0001,Rajshahi Development Authority,og0004,Office of the Chaiman,og0069,,Rajshahi,Works,OTM,Own Fund Own fund,NA,Extention of Banalata Commercial Area and Development of Residential Area,pr0076,040.002.650.000.2007.369,RDA/Bana/W/2016-2017/01,Laying of 100 & 150mm dia water supply pipe line for Extension of Banalata Commercial Area & Development of Residential Area under Rajshahi Development Authority.,Bono/001,Laying of 100 & 150mm dia water supply pipe line for Extension of Banalata Commercial Area & Development of Residential Area under Rajshahi Development Authority.,Bonolata RA,Md.kabir Hossain,co0224,1,"In front of Rajshahi City Bhaban, Greater road, Rajshahi, Bangladesh.",,4187780.121,4187780.121,2016-08-22,2016-10-03,2016-10-17,2016-10-02,2016-12-01,8,8,5,yes,yes,yes,Freedom Fighter Principal Md. Bazlur Rahman,pp0023,Chaiman,0
644083,Contract_Awards_PDFs/Tender_644083.pdf,1,supplier,Ministry of Housing and Public Works,og0001,Chittagong Development Authority,og0009,"Project Director(M.Uddin), Chittagong Development Authority",og0031,,Chattogram,Works,OTM,Own Fund Own Fund,NA,NA,pr0003,ExEn/Me.Sta.Qu/E-81/181,ExEn/Me.Sta.Qu/E-81,"Annual Repairing and Maintenance Works of Building No. 03 and 04 Mehedibag CDA Staff Quarter, Chattogram",ExEn/Me.Sta.Qu/E-81/46,"Annual Repairing and Maintenance Works of Building No. 03 and 04 Mehedibag CDA Staff Quarter, Chattogram",Mehedibag Chattogram,M/S. Gulzar Trading,co0142,1,"Hazi Monsur Ali Road, Mia Khan Nagar, Chittagong.",,2384371.026,2384371.026,2022-02-17,2022-04-18,2022-04-28,2022-05-05,2022-08-07,2,2,2,yes,yes,yes,A. H. M. Mesbah Uddin,pp0024,Project Director,0
647346,Contract_Awards_PDFs/Tender_647346.pdf,1,supplier,Ministry of Housing and Public Works,og0001,Rajdhani Unnayan Kartripakkha (RAJUK),og0002,Uttara 3rd Phase Project,og0063,,Dhaka,Works,OTM,Own Fund Own fund,NA,Uttara Residential Model Town (3rd Phase),pr0035,PD_U3P/4,PD_U3P/4,Supply fitting & fixing of solar system LED light starting form Rail Depo underpass to south side of west Avenue Road in Uttara (3rd Phase) Project (Group-2).,PD_U3P/4,Supply fitting & fixing of solar system LED light starting form Rail Depo underpass to south side of west Avenue Road in Uttara (3rd Phase) Project (Group-2).,Uttara 3rd Phase Project,The Continantal Builders,co0029,1,"370/A Khilgaon, Tilpapara, Dhaka.",,16066116.9,16066116.900,2022-01-16,2022-03-16,2022-03-31,2022-03-31,2022-06-30,21,17,9,yes,yes,yes,MD. HAFIZUL ISLAM,pp0108,PD (Uttara 3rd Phase),0
647351,Contract_Awards_PDFs/Tender_647351.pdf,1,supplier,Ministry of Housing and Public Works,og0001,Rajdhani Unnayan Kartripakkha (RAJUK),og0002,Uttara 3rd Phase Project,og0063,,Dhaka,Works,OTM,Own Fund Own fund,NA,Uttara Residential Model Town (3rd Phase),pr0035,PD_U3P/5,PD_U3P/5,"Supply fitting & fixing of solar system LED light on part of Avenue-3 & 4 and upto Bridge No-5 of Avenue-1 in Uttara (3rd Phase) Project, (Group-3).",PD_U3P/5,"Supply fitting & fixing of solar system LED light on part of Avenue-3 & 4 and upto Bridge No-5 of Avenue-1 in Uttara (3rd Phase) Project, (Group-3).",Uttara 3rd Phase Project,M/S Techno Trade International,co0146,1,"58/Cha/1, West Razabazar, Tejgaon, Dhaka.",,17017004.7,17017004.700,2022-01-16,2022-03-16,2022-03-31,2022-03-31,2022-06-30,19,17,10,yes,yes,yes,MD. HAFIZUL ISLAM,pp0108,PD (Uttara 3rd Phase),0
647356,Contract_Awards_PDFs/Tender_647356.pdf,1,supplier,Ministry of Housing and Public Works,og0001,Rajdhani Unnayan Kartripakkha (RAJUK),og0002,Uttara 3rd Phase Project,og0063,,Dhaka,Works,OTM,Own Fund Own fund,NA,Uttara Residential Model Town (3rd Phase),pr0035,PD_U3P/6,PD_U3P/6,"Supply Fitting & fixing of Solar System LED light starting from Sector No. 14 of Graveyard to South side of Lake drive road of Avenue-7 upto Bridge 06 in Uttara.(3rd Phase) Project, (Group-4).",PD_U3P/6,"Supply Fitting & fixing of Solar System LED light starting from Sector No. 14 of Graveyard to South side of Lake drive road of Avenue-7 upto Bridge 06 in Uttara.(3rd Phase) Project, (Group-4).",Uttara 3rd Phase Project,Super Star Renewable Energy Limited,co0225,1,"SSG Center (3rd Floor), Nabosrista Plot No.: 1/A, Tejgaon I/A, Dhaka",,13534879.5,13534879.500,2022-01-16,2022-03-16,2022-03-31,2022-03-31,2022-06-30,21,19,10,yes,yes,yes,MD. HAFIZUL ISLAM,pp0108,PD (Uttara 3rd Phase),0
647361,Contract_Awards_PDFs/Tender_647361.pdf,1,supplier,Ministry of Housing and Public Works,og0001,Rajdhani Unnayan Kartripakkha (RAJUK),og0002,Uttara 3rd Phase Project,og0063,,Dhaka,Works,OTM,Own Fund Own fund,NA,Uttara Residential Model Town (3rd Phase),pr0035,PD_U3P/8,PD_U3P/8,"Supply Fitting & fixing of Solar System LED light on Part of Avenue- 6 and upto Central Circle of West Side of the part of Avenue- 5 in Uttara (3rd Phase) Project, (Group-6).",PD_U3P/8,"Supply Fitting & fixing of Solar System LED light on Part of Avenue- 6 and upto Central Circle of West Side of the part of Avenue- 5 in Uttara (3rd Phase) Project, (Group-6).",Uttara 3rd Phase Project,Auto Power Pvt. Limited,co0226,1,"24, MIRPUR ROAD , GLOBE CENTER (3RD FLOOR), DHAKA",,9194839.2,9194839.200,2022-01-16,2022-03-16,2022-03-31,2022-03-31,2022-06-30,21,15,6,yes,yes,yes,MD. HAFIZUL ISLAM,pp0108,PD (Uttara 3rd Phase),0
647467,Contract_Awards_PDFs/Tender_647467.pdf,1,supplier,Ministry of Housing and Public Works,og0001,Cox's Bazar Development Authority,og0020,Cox's Bazar Development Authority,og0020,,Cox's Bazar,Works,OTM,Development Government,NA,Holiday More-Bazarghata-Larpara (Bus Stand) Main Road Re-Construction and Widening Project of Coxs Bazar District,pr0068,CoxDA/Dev/2021-22/Road/WD-06/ Street Light,CoxDA/Dev/2021-22/Road/WD-06/Street Light,"Supplying, Installation, Commissioning and Maintenance of Street Light and Electrification Works under ""Holiday Mor- Bazarghata -Larpara (Bus-Stand) Main Road Re-Construction and Widening Project of Cox's Bazar District.""",CoxDA/Dev/2021-22/Road/WD-06/Street Light,"Supplying, Installation, Commissioning and Maintenance of Street Light and Electrification Works under ""Holiday Mor- Bazarghata -Larpara (Bus-Stand) Main Road Re-Construction and Widening Project of Cox's Bazar District.""",Coxs Bazar,M/S LABON & BROTHERS,co0227,1,"10/2, Kashem Centre, 12/A, Arambagh, Motijhil, Dhaka1000",,74887107.687,74887107.687,2022-01-17,2022-02-09,2022-02-24,2022-02-24,2022-07-31,3,3,3,yes,yes,yes,Lt Col Md Khijir Khan,pp0106,Member (Engineer),0
647622,Contract_Awards_PDFs/Tender_647622.pdf,1,supplier,Ministry of Housing and Public Works,og0001,Chittagong Development Authority,og0009,"Project Director(M.Uddin), Chittagong Development Authority",og0031,,Chattogram,Works,OTM,Own Fund Own Fund,NA,NA,pr0003,ExEn/CDA Hill/E-86/184,ExEn/CDA Hill/E-86,"Renovation and other related works of chairman Bungalow at CDA hill, Chattogram",ExEn/CDAHill/E-86/39,"Renovation and other related works of chairman Bungalow at CDA hill, Chattogram",CDA hill Chittagong,Volume - 11,co0228,1,"20/C, Road No- 2, Amirbag R/A, Mehedibag, Chattogram.",,8963413.2,8963413.200,2022-02-17,2022-05-11,2022-06-06,2022-06-07,2022-09-05,1,1,1,yes,yes,yes,A. H. M. Mesbah Uddin,pp0024,Project Director,0
653051,Contract_Awards_PDFs/Tender_653051.pdf,1,supplier,Ministry of Housing and Public Works,og0001,Cox's Bazar Development Authority,og0020,Cox's Bazar Development Authority,og0020,,Cox's Bazar,Works,OTM,Revenue Government,NA,NA,pr0003,CoxDA/Rev/2021-22/Works/OTM/Sculpture/DN-HC,CoxDA/Rev/2021-22/Works/OTM/Sculpture/HC-DN,Additional work of Sculpture at Darianagar Eco- Tourism Picnic Spot and Himchari Eco- Tourism Picnic Spot under CoxDA jurisdiction,CoxDA/Rev/2021-22/Works/OTM/Sculpture/DN-HC,Additional work of Sculpture at Darianagar Eco- Tourism Picnic Spot and Himchari Eco- Tourism Picnic Spot under CoxDA jurisdiction,"Darianagor and Himchari EcoTourism Picnic Spot, Coxs Bazar",Extreme Engineering Development Consultant,co0208,1,"47/B, Road No:02, Samata Tower, Chand Housing ,Mohammadpur , Dhaka-1207",,4895631.057,4895631.057,2022-01-26,2022-03-03,2022-03-10,2022-03-27,2022-05-25,1,1,1,yes,yes,yes,Lt Col Md Khijir Khan,pp0106,Member (Engineer),0
658227,Contract_Awards_PDFs/Tender_658227.pdf,1,supplier,Ministry of Housing and Public Works,og0001,Rajshahi Development Authority,og0004,Office of the Chairman,og0030,,Rajshahi,Works,OTM,Own Fund Own Fund,NA,NA,pr0003,040.002.941.000.000.2019-40,RDA/WF/W/2021-2022/02,"Construction of Heavy Vehicle Equipment Shade for RDA, Rajshahi.",RDA/WF/2021-2022/02,"Construction of Heavy Vehicle Equipment Shade for RDA, Rajshahi.",Bonolata RA RDA Bhaban Rajshahi,Rithin Enterprise,co0229,1,"Rithin Enterprise, Proprietor-Tured Al Masud, 1st class contractor & supplier , Dorikharbona, Boalia, Rajshahi.",,14747701.408,14747701.408,2022-02-13,2022-05-11,2022-05-12,2022-05-16,2022-11-15,5,4,3,yes,yes,yes,Md. Anwar Hussain,pp0097,Chaiman,0
661661,Contract_Awards_PDFs/Tender_661661.pdf,1,supplier,Ministry of Housing and Public Works,og0001,Rajdhani Unnayan Kartripakkha (RAJUK),og0002,Superintending Engineer (Civil Circle-4),og0014,,Dhaka,Works,OTM,Own Fund Own Fund,NA,NA,pr0003,RAJUK/CC-4/Imp-06/Sector-6/Building-04,RAJUK/imp-6/2021-22/WR4,"Repairing works of building-04 of staff quarter at sector-06, Uttara.",RAJUK/CC-4/Imp-06/Sector-6/Building-04,"Repairing works of building-04 of staff quarter at sector-06, Uttara.",Uttara,M/S. A. R. Enterprise,co0016,1,"House-08, Road-02, Diyabari, Uttara, Dhaka-1230 Contact No:01935968075, 01707568905",,3072847.077,3072847.077,2022-02-20,2022-04-28,2022-05-19,2022-05-19,2022-08-18,10,6,6,yes,yes,yes,Md Mobarak Hossain,pp0009,Superintending Engineer,0
661888,Contract_Awards_PDFs/Tender_661888.pdf,1,supplier,Ministry of Housing and Public Works,og0001,Rajdhani Unnayan Kartripakkha (RAJUK),og0002,Superintending Engineer (Civil Circle-4),og0014,,Dhaka,Works,OTM,Own Fund Own Fund,NA,NA,pr0003,RAJUK/CC-4/Imp-06/Sector-6/Building-02,RAJUK/imp-06/2021-22/WR5,"Repairing works of building-02 of staff quarter at sector-06, Uttara.",RAJUK/CC-4/Imp-06/Sector-6/Building-02,"Repairing works of building-02 of staff quarter at sector-06, Uttara.",Uttara,M/S. Maliha Enterprise,co0109,1,"8, Layal Street, Patuatuli Road, Kotoali, Dhaka.",,3032142.912,3032142.912,2022-02-20,2022-04-28,2022-05-26,2022-05-26,2022-08-25,11,7,7,yes,yes,yes,Md Mobarak Hossain,pp0009,Superintending Engineer,0
663428,Contract_Awards_PDFs/Tender_663428.pdf,1,supplier,Ministry of Housing and Public Works,og0001,Rajdhani Unnayan Kartripakkha (RAJUK),og0002,Director (Admin),og0025,,Dhaka,Goods,OTM,Own Fund Own Fund,NA,NA,pr0003,RAJUK/Admin/DD-3/stationery,RAJUK/Admin/DD-3/stationery,Supply of different stationery items for official purpose of RAJUK.,RAJUK/Admin/DD-3/stationery,Supply of different stationery items for official purpose of RAJUK,Rajuk Office Motijheel,Shapla Enterprise,co0230,1,"9K,Motijheel, C/A, Dhaka-1000.",,2243561.755,2243561.755,2022-03-15,2022-06-02,2022-06-29,2022-07-05,2022-10-17,7,5,2,yes,yes,yes,Muhammad Kamruzzaman,pp0110,Director (Admin),0
663429,Contract_Awards_PDFs/Tender_663429.pdf,1,supplier,Ministry of Housing and Public Works,og0001,Rajdhani Unnayan Kartripakkha (RAJUK),og0002,Director (Admin),og0025,,Dhaka,Goods,OTM,Own Fund Own Fund,NA,NA,pr0003,RAJUK/Admin/DD-3/printing,RAJUK/Admin/DD-3/printing,Purchase of various printing items for official purpose of RAJUK.,RAJUK/Admin/DD-3/printing,Purchase of various printing items for official purpose of RAJUK.,Rajuk Office Motijheel,Tithy Printing & Packaging,co0231,1,"Tithy Printing & Packaging 28/C-1, Toyenbee Circular Road, Motijheel C/A, Dhaka-1000, Bangladesh, Phone: 9550412, 9553303, Mobile: 01819263481",,773944.52,773944.520,2022-03-15,2022-06-02,2022-06-29,2022-07-05,2023-07-04,10,9,8,yes,yes,yes,Muhammad Kamruzzaman,pp0110,Director (Admin),0
667218,Contract_Awards_PDFs/Tender_667218.pdf,1,supplier,Ministry of Housing and Public Works,og0001,Chittagong Development Authority,og0009,"Project Director(M.Uddin), Chittagong Development Authority",og0031,,Chattogram,Works,OTM,Own Fund Own Fund,NA,NA,pr0003,ExEn/Me.St.Qt/E-85/189,ExEn/Me.St.Qt/E-85,"Annual Repairing and maintenance work of building no. 8 & 9 at mehedibag CDA staff quarter, Chattogram",ExEn/Me.St.Qt/E-85/49,"Annual Repairing and maintenance work of building no. 8 & 9 at mehedibag CDA staff quarter, Chattogram",Mehedibag CDA Staff Quarter Chattogram,M/S. A. F. C.,co0232,1,"Bara Dighir Par, Hathazari Road, Hathazari, Chittagong.",,3017182.356,3017182.356,2022-03-27,2022-06-06,2022-06-19,2022-07-17,2022-10-17,1,1,1,yes,yes,yes,A. H. M. Mesbah Uddin,pp0024,Project Director,0
667693,Contract_Awards_PDFs/Tender_667693.pdf,1,supplier,Ministry of Housing and Public Works,og0001,Rajdhani Unnayan Kartripakkha (RAJUK),og0002,Gulshan-Banani-Baridhara Lake Development Project,og0037,,Dhaka,Works,OTM,Own Fund Own fund,NA,Repare and Maintenance of verious structure/Road in the area under Rajuk.,pr0077,Rajuk/PD_GBBL/1,Rajuk/PD_GBBL/1,Lake Protection work at the west bank of Gulshan-Banani-Baridhara Lake from Gulshan Shooting Club to Gulshan- Badda link Road.,Rajuk/PD_GBBL/1,Lake Protection work at the west bank of Gulshan-Banani-Baridhara Lake from Gulshan Shooting Club to Gulshan- Badda link Road.,Gulshan,Starlite Services Limited,co0019,1,"Planners Tower(16th Floor), Suit No: 8-11,13/A, Sonargaon Road, Dhaka-1000.",,25972842.87,25972842.870,2022-03-16,2022-04-25,2022-05-23,2022-05-29,2022-09-07,4,4,1,yes,yes,yes,saber ahmed,pp0001,PD ( Gulshan-Banani-Baridhara Lake Development Project),0
669151,Contract_Awards_PDFs/Tender_669151.pdf,1,supplier,Ministry of Housing and Public Works,og0001,Cox's Bazar Development Authority,og0020,Cox's Bazar Development Authority,og0020,,Cox's Bazar,Works,OTM,Revenue Government,NA,NA,pr0003,CoxDA/Rev/2021-22/Works/OTM/Street Light-05/1,CoxDA/Rev/2021-22/Works/OTM/Street Light-05,"Marine Drive Road Boro Jornna (Near of 16 ECB) to Reju Canal bridge (8.9km) & Chowfaldandi Bridge to Chowfaldandi Bazar, CNG Station to Bottoli,Haider para to Khamar para, Uttar para to Kalo Fakir para , KhunkarKhali to Pukuria Ghuna Street Light Project (5km)",CoxDA/Rev/21-22/Street Light-5,"Marine Drive Road Boro Jornna (Near of 16 ECB) to Reju Canal bridge (8.9km) & Chowfaldandi Bridge to Chowfaldandi Bazar, CNG Station to Bottoli,Haider para to Khamar para, Uttar para to Kalo Fakir para , KhunkarKhali to Pukuria Ghuna Street Light Project (5km)",CoxsBazar Sadar,M/S. T.J Construction,co0182,1,"Holding No.02, Firingi Bazar, Kotwali, Chittagong",,7166727.81,7166727.810,2022-03-10,2022-04-11,2022-04-14,2022-04-17,2022-05-31,3,2,2,yes,yes,yes,Lt Col Md Khijir Khan,pp0106,Member (Engineer),0
669414,Contract_Awards_PDFs/Tender_669414.pdf,1,supplier,Ministry of Housing and Public Works,og0001,Chittagong Development Authority,og0009,"Project Director(M.Uddin), Chittagong Development Authority",og0031,,Chattogram,Works,OTM,Own Fund Own Fund,NA,NA,pr0003,ExEn/Me.Sta.Qt/87/32,ExEn/Me.St.Qt/E-87,"Annual repairing and maintenance work of building no. 07 & 10 at Mehedibag staff quarter, Chattogram",ExEn/Me.Sta.Qt/87/57,"Annual repairing and maintenance work of building no. 07 & 10 at Mehedibag staff quarter, Chattogram",Mehedibag Chattogram,M/S. Gulzar Trading,co0142,1,"Hazi Monsur Ali Road, Mia Khan Nagar, Chittagong.",,2605776.228,2605776.228,2022-04-24,2022-07-17,2022-08-01,2022-08-14,2022-11-15,3,2,2,yes,yes,yes,A. H. M. Mesbah Uddin,pp0024,Project Director,0
670154,Contract_Awards_PDFs/Tender_670154.pdf,1,supplier,Ministry of Housing and Public Works,og0001,Chittagong Development Authority,og0009,"Project Director(M.Uddin), Chittagong Development Authority",og0031,,Chattogram,Works,OTM,Own Fund Own Fund,NA,NA,pr0003,ExEn/Me.St.Qt/E-90/188,ExEn/Me.St.Qt/E-90,"Annual Repairing and Maintenance works of Building No. 05 & 06 at Mehedibag Staff Quarter, Chattogram",ExEn/Me.St.Qt/E-90/48,"Annual Repairing and Maintenance works of Building No. 05 & 06 at Mehedibag Staff Quarter, Chattogram",Mehedibag CDA Staff Quarter Chattogram,M/S. Nice Enterprise,co0168,1,"758/C, Moidermill School Road, South Bakalia, Chittagong.",,2775181.446,2775181.446,2022-03-27,2022-06-06,2022-06-21,2022-07-31,2022-10-31,1,1,1,yes,yes,yes,A. H. M. Mesbah Uddin,pp0024,Project Director,0
670297,Contract_Awards_PDFs/Tender_670297.pdf,1,supplier,Ministry of Housing and Public Works,og0001,Chittagong Development Authority,og0009,Project Director (Master Plan),og0070,,Chattogram,Goods,OTM,Development Government,NA,Preparation of Chattogram Metropolitan Master Plan (2020-2041),pr0078,224311100/GD-2,224311100/GD-2,"Supply of computers and electronic-equipments (computers, laptop, plotter, printer, digital camera, photocopy machine, scanner, projector, etc.) for Chattogram Metropolitan Masterplan Project at CDA, Chattogram.",25.47.1500.071.02.019.21/79,"Supply of computers and electronic equipments (computers, laptop, plotter, printer, digital camera, photocopy machine, scanner, projector, etc.) for Chattogram Metropolitan Masterplan Project at CDA, Chattogram.","CDA Building, Kotowali, Chattogram",MS TECHNOLOGIES LIMITED,co0008,1,"MM Tower (5th), CDA Avenue Road, Besides Sanmar Ocean City, PO: Khulshi, PS: Panchlaish. Chattogram.",,1544500.025,1544500.025,2022-03-08,2022-05-10,2022-05-18,2022-05-22,2022-06-26,2,2,2,yes,yes,yes,Mohammad Abu Issa Anshary,pp0111,Deputy Chief Town Planner,0
671805,Contract_Awards_PDFs/Tender_671805.pdf,1,supplier,Ministry of Housing and Public Works,og0001,Rajdhani Unnayan Kartripakkha (RAJUK),og0002,Uttara Apartment Project,og0012,,Dhaka,Works,OTM,Own Fund Own Fund,NA,NA,pr0003,UAP/CW/RCW/W-03,UAP/CW/RCW/W-03,"Remaining Construction works of 02(two) nos (Teesta-01 & Teesta-02) 16 Storied Residential Apartment Building For Low & Middle Income Group of People with 01 Basement floor in/c Parking facilities at Basement and Ground Floors, Internal Sanitary, Water supply, Fire fighting, Gas connection , Internal Electrification works and other Ancillary Works at Sector-18 of Uttara, Dhaka.",UAP/CW/RCW/W-03,"Remaining Construction works of 02(two) nos (Teesta-01 & Teesta-02) 16 Storied Residential Apartment Building For Low & Middle Income Group of People with 01 Basement floor in/c Parking facilities at Basement and Ground Floors, Internal Sanitary, Water supply, Fire fighting, Gas connection , Internal Electrification works and other Ancillary Works at Sector-18 of Uttara, Dhaka.","Uttara Apartment Project ,Sector-18,Uttara,Dhaka","M/s. SS & MT (JV) ( JVCA Partners [Business Share]: M/S. Monir Traders [49.000%] , M/S. Sharif & Sons [51.000%] )",co0233,1,"Modumati Supar Market, 717, Panchuria, Gopalgonj-8100.",,444989988.324,444989988.324,2022-03-28,2022-06-15,2022-07-12,2022-06-25,2023-05-30,8,4,2,yes,yes,yes,Mohammad Muzaffar Uddin,pp0004,PD (Uttara Appartment),0
672061,Contract_Awards_PDFs/Tender_672061.pdf,1,supplier,Ministry of Housing and Public Works,og0001,Rajdhani Unnayan Kartripakkha (RAJUK),og0002,Director (Admin),og0025,,Dhaka,Goods,OTM,Own Fund Own Fund,NA,NA,pr0003,Rajuk/DD-Admin-3/G-3,Rajuk/DD-Admin-3/G-3,Supply of Rajuk Annual Report 2020-2021 & Quarterly Rajuk Barta.,Rajuk/DD-Admin-3/G-3,Supply of Rajuk Annual Report 2020-2021 & Quarterly Rajuk Barta.,Rajuk Office Motijheel,M/S Faith Print,co0234,1,"Arambag,Motijheel",,199501.5,199501.500,2022-03-15,2022-06-02,2022-06-29,2022-07-05,2022-08-18,8,7,7,yes,yes,yes,Muhammad Kamruzzaman,pp0110,Director (Admin),0
680144,Contract_Awards_PDFs/Tender_680144.pdf,1,supplier,Ministry of Housing and Public Works,og0001,Rajshahi Development Authority,og0004,Office of the Chairman,og0030,,Rajshahi,Goods,OTM,Development Government,NA,Revision of Functional Master Plan and Detailed Area Plan to make Rajshahi Metropolitan Development Plan (RMDP) Disaster Risk Sensitive.,pr0059,040.003.035.058.001.2021/987,RDA/RMDP/G/2021-2022/02,Revision of Functional Master Plan and Detailed Area Plan to Make Rajshahi Metropolitan Development Plan (RMDP) Disaster Risk Sensitive (Sub- head: Supply of Summit Evolution Software for GIS Unit),RDA/RMDP/2021-2022/02,Revision of Functional Master Plan and Detailed Area Plan to Make Rajshahi Metropolitan Development Plan (RMDP) Disaster Risk Sensitive (Sub- head: Supply of Summit Evolution Software for GIS Unit),RDA Bhaban Rajshahi,Arc Bangladesh Ltd.,co0235,1,"60, West Agargaon (1st Floor), Sher-e-Bangla Nagar, Dhaka-1207.",,2595000.001,2595000.001,2022-03-30,2022-05-17,2022-06-06,2022-06-06,2022-06-30,1,1,1,yes,yes,yes,Md. Anwar Hussain,pp0097,Chaiman,0
681465,Contract_Awards_PDFs/Tender_681465.pdf,1,supplier,Ministry of Housing and Public Works,og0001,Cox's Bazar Development Authority,og0020,Cox's Bazar Development Authority,og0020,,Cox's Bazar,Works,OTM,Revenue Government,NA,NA,pr0003,CoxDA/Rev/21-22OTM/Works/Sculpture/06,CoxDA/Rev/21-22OTM/Works/Sculpture/06,"Construction of Sculpture at Shohid Minar (Gungach Tola Moor) Road and Motel Road, Cox's Bazar Pouroshova, Cox's Bazar. FY 2021-22",CoxDA/Rev/21-22OTM/Works/Sculpture/06,"Construction of Sculpture at Shohid Minar (Gungach Tola Moor) Road and Motel Road, Cox's Bazar Pouroshova, Cox's Bazar. FY 2021-22",Coxs Bazar,H.A Enterprise,co0236,1,"Laldigir Par, Main Road, Coxs Bazar, Bangladesh",,8202370.579,8202370.579,2022-03-31,2022-04-20,2022-05-12,2022-05-15,2022-06-26,1,1,1,yes,yes,yes,Lt Col Md Khijir Khan,pp0106,Member (Engineer),0
683811,Contract_Awards_PDFs/Tender_683811.pdf,1,supplier,Ministry of Housing and Public Works,og0001,Chittagong Development Authority,og0009,"Project Director(M.Uddin), Chittagong Development Authority",og0031,,Chattogram,Works,OTM,Own Fund Own Fund,NA,NA,pr0003,ExEn/Office/E-91/31,ExEn/Office/E-91,"Renovation works for CDA Masterplan Project & another office at CDA Building 5th floor, Chattogram",ExEn/Office/E-91/50,"Renovation works for CDA Masterplan Project & another office at CDA Building 5th floor, Chattogram",CDA Building Kotowali Chattogram,M/S Hasan & Brothers,co0223,1,"265/262 Mamtaj Market, Khatungonj, Chittagong.",,4284081.243,4284081.243,2022-04-24,2022-06-06,2022-07-03,2022-07-04,2022-10-02,3,2,1,yes,yes,yes,A. H. M. Mesbah Uddin,pp0024,Project Director,0
684610,Contract_Awards_PDFs/Tender_684610.pdf,1,supplier,Ministry of Housing and Public Works,og0001,Rajdhani Unnayan Kartripakkha (RAJUK),og0002,Superintending Engineer (Civil Circle-1),og0007,,Dhaka,Works,OTM,Own Fund Own Fund,NA,NA,pr0003,RAJUK/SE/CC-1/HQ/Hatirjheel/W-11,SE/CC-1/HQ/HatirjheelW-11,"Painting works of Bridges, Overpasses, Railings and other infra-structures of Hatirjheel Area.",RAJUK/SE/CC-1/HQ/Hatirjheel/W-11,"Painting works of Bridges, Overpasses, Railings and other infra-structures of Hatirjheel Area.",Hatirjheel Project Area,M/S Raj Development Construction,co0026,1,"Dogair Natun Utturpara, Sarulia, Demra, Dhaka",,5485150.044,5485150.044,2022-04-10,2022-06-23,2022-07-21,2022-08-29,2022-11-28,8,6,5,yes,yes,yes,Mohammad Muzaffar Uddin,pp0004,Superintending Engineer,0
685885,Contract_Awards_PDFs/Tender_685885.pdf,1,supplier,Ministry of Housing and Public Works,og0001,Rajdhani Unnayan Kartripakkha (RAJUK),og0002,Office of the Superintending Engineer (Electrical),og0011,,Dhaka,Works,OTM,Own Fund Own fund,NA,Maintenance and related works of Hatirjheel,pr0034,Rajuk/Electrical-1/21/W-04,Rajuk/Electrical-1/21/W-04,Earthing Installation for Compressor & ODB Board of different Places in Hatirjheel Area.,25.39.0000.063.07.045.2022,Earthing Installation for Compressor & ODB Board of different Places in Hatirjheel Area.,Hatirjheel integrated Area of Rajuk,M/S Sunny Construction,co0053,1,"58/Cha/1,Tejturi Bazar Chak,West Razabazar,Dhaka-1215",,1321392.602,1321392.602,2022-05-30,2022-10-16,2022-11-10,2022-11-10,2022-12-08,8,7,4,yes,yes,yes,mohammad nazmus sakib jamali,pp0007,Sup. Eng. (Elec.),0
688763,Contract_Awards_PDFs/Tender_688763.pdf,1,supplier,Ministry of Housing and Public Works,og0001,Khulna Development Authority (KDA),og0016,Office of Exen (Maintenance),og0018,,Khulna,Goods,OTM,Own Fund Own Fund,NA,NA,pr0003,KDA/M/2021-2022/Jeep,KDA/M/2021-2022/Jeep,Supply of 2000 cc Latest Model Jeep Petrol Engine at kda.,KDA/M/2021-2022/Jeep(tender Id-688763),"Supply of Band new & Latest Model up to 2000 cc ,5 door, 7 seater, Air Condition, Jeep Petrol Engine at KDA.",KDA,Rangs Limited,co0055,1,"215, Bir Uttam Mir Shawkat Sarak, Tejgaon I/A, Dhaka-1208",,5685000.001,5685000.001,2022-04-20,2022-05-17,2022-06-01,2022-06-02,2022-06-26,1,1,1,yes,yes,yes,Montasir Mamun,pp0012,Executive Engineer (M),0
688794,Contract_Awards_PDFs/Tender_688794.pdf,1,supplier,Ministry of Housing and Public Works,og0001,Khulna Development Authority (KDA),og0016,Office of Exen (Maintenance),og0018,,Khulna,Goods,OTM,Own Fund Own Fund,NA,NA,pr0003,KDA/M/2021-2022/Pickup,KDA/M/2021-2022/Pickup,Supply of 2500 cc Latest Model Double Cabin Pickup Diesel Engine at Kda.,KDA/M/2021-2022/pickup(tender Id-688794),"Supply of brand new & Latest Model Double Cabin upto 2500 cc, 5 seater, 4 WD,RHD Pickup Diesel Engine.",KDA,Rangs Limited,co0055,1,"215, Bir Uttam Mir Shawkat Sarak, Tejgaon I/A, Dhaka-1208",,4899000.001,4899000.001,2022-04-20,2022-05-17,2022-06-01,2022-06-02,2022-06-26,1,1,1,yes,yes,yes,Montasir Mamun,pp0012,Executive Engineer (M),0
690870,Contract_Awards_PDFs/Tender_690870.pdf,1,supplier,Ministry of Housing and Public Works,og0001,Rajdhani Unnayan Kartripakkha (RAJUK),og0002,Superintending Engineer (Civil Circle-1),og0007,,Dhaka,Works,OTM,Own Fund Own Fund,NA,NA,pr0003,RAJUK/SE/CC-1/HQ/ IFT-W-10,SE/CC-1/HQ/W-10,Construction of Drain and Connection Road towards sub-station and other civil works at RAJUK Malibagh Officers' Quarter Area.,RAJUK/SE/CC-1/HQ/ IFT-W-10,1,Malibagh Offucers Quarter Area,M/S. Maliha Enterprise,co0109,1,"8, Layal Street, Patuatuli Road, Kotoali, Dhaka.",,4862965.914,4862965.914,2022-05-16,2022-08-29,2022-09-26,2023-01-18,2023-04-17,8,7,6,yes,yes,yes,Mohammad Muzaffar Uddin,pp0004,Superintending Engineer,0
695670,Contract_Awards_PDFs/Tender_695670.pdf,1,supplier,Ministry of Housing and Public Works,og0001,Khulna Development Authority (KDA),og0016,Office of Planning Officer,og0058,,Khulna,Goods,OTM,Own Fund Own Fund,NA,NA,pr0003,KDA/EGP-01/PO/2021-2022,KDA/EGP-01/PO/2021-2022,Supplying of ArcGIS Software.,KDA/EGP-01/PO/2021-2022,Supplying of ArcGIS Software.,Office of the Planning Section at KDA Office.,YSP TECHNOLOGY,co0222,1,"37 Bir Uttam C R Datta Road, Nahar Plaza, Dhaka",,2598500.001,2598500.001,2022-06-05,2022-06-27,2022-06-27,2022-06-27,2022-06-28,1,1,1,yes,yes,yes,Md. Tanvir Ahmed,pp0112,Planning Officer,0
699109,Contract_Awards_PDFs/Tender_699109.pdf,1,supplier,Ministry of Housing and Public Works,og0001,Rajdhani Unnayan Kartripakkha (RAJUK),og0002,Uttara Apartment Project,og0012,,Dhaka,Goods,OTM,Own Fund Own Fund,NA,NA,pr0003,RAJUK/UAP/Lift-04/IFT-R02,GD/UAP/Lift-04,"Supply, Installation, Testing and Commissioning of (A) 02 Nos 800 KG Passenger Lift & (B) 01 No. 1250 Kg Passenger Lift for the Community Center under the Project of Construction of Residential Apartment Building for Low & Middle Income Group of people at Sector-18, Block-A, Uttara, Dhaka.",RAJUK/UAP/Lift-04/IFT-R02,"Supply, Installation, Testing and Commissioning of (A) 02 Nos 800 KG Passenger Lift & (B) 01 No. 1250 Kg Passenger Lift for the Community Center under the Project of Construction of Residential Apartment Building for Low & Middle Income Group of people at Sector-18, Block-A, Uttara, Dhaka.",Uttara Apartment Project,Concept Elevators & Engineering Ltd.,co0042,1,"Reg. Office: 656, Road-14, Baitul Aman Housing Society Adabor, Mohammadpur, Dhaka-1207",,17472802.004,17472802.004,2022-05-16,2022-06-30,2022-07-25,2022-09-18,2023-03-16,4,4,2,yes,yes,yes,Mohammad Muzaffar Uddin,pp0004,PD (Uttara Appartment),0
699111,Contract_Awards_PDFs/Tender_699111.pdf,1,supplier,Ministry of Housing and Public Works,og0001,Rajdhani Unnayan Kartripakkha (RAJUK),og0002,Uttara Apartment Project,og0012,,Dhaka,Goods,OTM,Own Fund Own Fund,NA,NA,pr0003,RAJUK/UAP/Lift-03/IFT-R01,GD/UAP/Lift-03,"Supply, Installation, Testing and Commissioning of 03 Nos 1250 KG Passenger Cum Bed Lift for the Commercial Complex including Community Center & Kitchen Super shop under the Project of Construction of Residential Apartment Building for Low & Middle Income Group of people at Sector-18, Block-A, Uttara, Dhaka.",RAJUK/UAP/Lift-03/IFT-R01,"Supply, Installation, Testing and Commissioning of 03 Nos 1250 KG Passenger Cum Bed Lift for the Commercial Complex including Community Center & Kitchen Super shop under the Project of Construction of Residential Apartment Building for Low & Middle Income Group of people at Sector-18, Block-A, Uttara, Dhaka.",Uttara Apartment Project Sector-18 Block-A Uttara Dhaka,M/S Chowdhury Enterprise,co0237,1,"06, Madan Shaha Lane, Sutrapur, Dhaka-1100.",,22498801.427,22498801.427,2022-05-16,2022-06-30,2022-07-25,2022-09-18,2023-03-16,4,3,2,yes,yes,yes,Mohammad Muzaffar Uddin,pp0004,PD (Uttara Appartment),0
699961,Contract_Awards_PDFs/Tender_699961.pdf,1,supplier,Ministry of Housing and Public Works,og0001,Khulna Development Authority (KDA),og0016,Office of the Assistant Programmer,og0017,,Khulna,Goods,OTM,Own Fund Own Fund,NA,NA,pr0003,25.41.0000.006.00.061.22,Computer/2021-22/01,"Supply of Laptop, Desktop Computer, Printer, Scanner & Other accessories at KDA",25.41.0000.006.00.061.22,"Supply of Laptop, Desktop Computer, Printer, Scanner & Other accessories at KDA","Khulna Development Authority, KDA",M/s B. D. & CO,co0238,1,"Pani Gati, Hazigram, Digholia, Khulna-9222",,2142865.125,2142865.125,2022-05-17,2022-06-12,2022-06-19,2022-06-21,2022-06-28,4,4,4,yes,yes,yes,Md Shoeb Howlader,pp0011,Assistant Programmer,0
703479,Contract_Awards_PDFs/Tender_703479.pdf,1,supplier,Ministry of Housing and Public Works,og0001,Rajshahi Development Authority,og0004,Office of the Chairman,og0030,,Rajshahi,Works,OTM,Development Government,NA,Construction of the Father of the Nation Bangabandhu Sheikh Mujibur Rahman Square at Talaimary Chattar.,pr0066,040.002.896.000.2015.191,RDA/BB square/W/2021-2022/01,Construction of Father of the Nation Bangabandhu Sheikh Mujibur Rahman Square at Talaimary chattar Rajshahi (Sub- head: Construction of Drain & Road).,RDA/BB square/W/2021-2022/01,Construction of Father of the Nation Bangabandhu Sheikh Mujibur Rahman Square at Talaimary chattar Rajshahi (Sub- head: Construction of Drain & Road).,RDA Rajshahi,PARVEZ CONSTRUCTION LIMITED,co0239,1,"House # 701, Road # 01, Bus Terminal Road, Tatultala, Alamnagar-5402, Rangpur",,7829999.1,7829999.100,2022-05-25,2022-06-26,2022-06-27,2022-06-27,2022-12-26,2,2,2,yes,yes,yes,Md. Anwar Hussain,pp0097,Chaiman,0
706666,Contract_Awards_PDFs/Tender_706666.pdf,1,supplier,Ministry of Housing and Public Works,og0001,Rajdhani Unnayan Kartripakkha (RAJUK),og0002,Office of the Superintending Engineer (Electrical),og0011,,Dhaka,Works,OTM,Own Fund Own fund,NA,Maintanance of Office Equipement and Accessories,pr0055,Rajuk/Electrical-1/21/W-07,Rajuk/Electrical-1/21/W-07,03 (Three) Years Servicing & Maintenance of Computers at Rajuk.,25.39.0000.063.07.036.2021,03 (Three) Years Servicing & Maintenance of Computers at Rajuk.,Rajuk Bhaban,M/S. Bangladesh Computer Land,co0088,1,"44/3, Tejtury Bazer Chalk, Sher-e-Bangla Nagor, Dhaka.",,1517292,1517292.000,2022-06-27,2022-10-16,2022-11-10,2022-11-10,2025-11-09,4,4,1,yes,yes,yes,mohammad nazmus sakib jamali,pp0007,Sup. Eng. (Elec.),0
710843,Contract_Awards_PDFs/Tender_710843.pdf,1,supplier,Ministry of Housing and Public Works,og0001,Rajdhani Unnayan Kartripakkha (RAJUK),og0002,Superintending Engineer (Civil Circle-4),og0014,,Dhaka,Works,OTM,Own Fund Own Fund,NA,NA,pr0003,RAJUK/CC-4/Imp-06/Sector-3/Building-04,RAJUK/Imp-06/Sec-3/Bldg-4,"Repairing works of building-04 of staff quarter at sector-03, Uttara Residential Area.",24017.06%,"Repairing works of building-04 of staff quarter at sector-03, Uttara Residential Area.",Uttara,M/S Britto Construction,co0128,1,"125, Romna Century Avenue Boro Mog Bazar, Dhaka-1217",,2401706.133,2401706.133,2022-09-11,2022-12-21,2023-01-18,2023-01-18,2023-04-18,8,4,1,yes,yes,yes,Md Mobarak Hossain,pp0009,Superintending Engineer,0
713622,Contract_Awards_PDFs/Tender_713622.pdf,1,supplier,Ministry of Housing and Public Works,og0001,Rajdhani Unnayan Kartripakkha (RAJUK),og0002,Superintending Engineer (Civil Circle-1),og0007,,Dhaka,Works,OTM,Own Fund Own Fund,NA,NA,pr0003,RAJUK/SE/CC-1/HQ/IFT-W-12,SE/CC-1/HQ/W-12,Construction of Boundary Wall at RAJUK Malibagh Newly Constructed 14 Storied Officers' Quarter Area.,RAJUK/SE/CC-1/HQ/IFT-W-12,Construction of Boundary Wall at RAJUK Malibagh Newly Constructed 14 Storied Officers' Quarter Area.,RAJUK Malibagh Officers Quarter,Donatien International,co0240,1,"33 South Khilgaon, Dhaka 1219.",,10179659.646,10179659.646,2022-06-23,2022-11-03,2022-12-01,2022-12-01,2023-04-02,2,2,1,yes,yes,yes,Mohammad Muzaffar Uddin,pp0004,Superintending Engineer,0
727612,Contract_Awards_PDFs/Tender_727612.pdf,1,supplier,Ministry of Housing and Public Works,og0001,Rajdhani Unnayan Kartripakkha (RAJUK),og0002,Superintending Engineer (Civil Circle-4),og0014,,Dhaka,Works,OTM,Own Fund Own Fund,NA,NA,pr0003,RAJUK/CC-4/Imp-06/Sector-3/Building-01,RAJUK/Imp-06/Sec-3/Bldg-1,"Repairing works of building-01 of staff quarter at sector-03, Uttara Residential Area.",22731.21%,"Repairing works of building-01 of staff quarter at sector-03, Uttara Residential Area.","Sector-3, Uttara",M/S. Khan Enterprise,co0241,1,"P-67/1, Middle Badda, Badda, Dhaka-1212.",,2273120.991,2273120.991,2022-09-11,2022-12-21,2023-01-18,2023-01-18,2023-04-18,6,4,1,yes,yes,yes,Md Mobarak Hossain,pp0009,Superintending Engineer,0
728690,Contract_Awards_PDFs/Tender_728690.pdf,1,supplier,Ministry of Housing and Public Works,og0001,Khulna Development Authority (KDA),og0016,Office of Exen (Maintenance),og0018,,Khulna,Works,OTM,Own Fund Own Fund,NA,NA,pr0003,KDA/2022-23/01,KDA/2022-23/01,Retrofitting work of KDA office building (Part-A),25.41.0000.027.0738.22,Retrofitting work of KDA office building (Part-A),KDA office building,Add construction solution,co0242,1,"353/1 ( DSCC) Zia Shoroni Road, Matuail,; Jatrabari PS; Dhaka-1232; Bangladesh",,1582766.15,1582766.150,2022-08-31,2022-10-20,2022-10-24,2022-10-25,2023-02-21,6,2,2,yes,yes,yes,Montasir Mamun,pp0012,Executive Engineer (M),0
728691,Contract_Awards_PDFs/Tender_728691.pdf,1,supplier,Ministry of Housing and Public Works,og0001,Khulna Development Authority (KDA),og0016,Office of Exen (Maintenance),og0018,,Khulna,Works,OTM,Own Fund Own Fund,NA,NA,pr0003,KDA/2022-23/02,KDA/2022-23/02,Retrofitting work of KDA office building (Part-B),25.41.0000.027.0739.22,Retrofitting work of KDA office building (Part-B),KDA office building,Add construction solution,co0242,1,"353/1 ( DSCC) Zia Shoroni Road, Matuail,; Jatrabari PS; Dhaka-1232; Bangladesh",,1434449.004,1434449.004,2022-08-31,2022-10-20,2022-10-24,2022-10-25,2023-02-21,5,3,3,yes,yes,yes,Montasir Mamun,pp0012,Executive Engineer (M),0
728692,Contract_Awards_PDFs/Tender_728692.pdf,1,supplier,Ministry of Housing and Public Works,og0001,Khulna Development Authority (KDA),og0016,Office of Exen (Maintenance),og0018,,Khulna,Works,OTM,Own Fund Own Fund,NA,NA,pr0003,KDA/2022-23/03,KDA/2022-23/03,Retrofitting work of KDA office building (Part-C),25.41.0000.027.0740.22,Retrofitting work of KDA office building (Part-C),KDA office building,Add construction solution,co0242,1,"353/1 ( DSCC) Zia Shoroni Road, Matuail,; Jatrabari PS; Dhaka-1232; Bangladesh",,1421549.007,1421549.007,2022-08-31,2022-10-20,2022-10-24,2022-10-25,2023-02-21,5,2,2,yes,yes,yes,Montasir Mamun,pp0012,Executive Engineer (M),0
728810,Contract_Awards_PDFs/Tender_728810.pdf,1,supplier,Ministry of Housing and Public Works,og0001,Chittagong Development Authority,og0009,Project Director (Dewanhat),og0071,,Chattogram,Works,OTM,Own Fund Own Fund,NA,NA,pr0003,Pd/dewanhat/e/019/254,Pd/dewanhat/e/019,Construction of Boundary Wall (with Electrification work) under the Project of â??Construction of 10 Storied Residential Building With One Semibasement at Dewanhatâ?�,Pd/dewanhat/019/273,Construction of Boundary Wall (with Electrification work) under the Project of â??Construction of 10 Storied Residential Building With One Semibasement at Dewanhatâ?�,Dewanhat Chattogram,Trade Spin,co0221,1,"4, BGB Super Market, Halishahar Housing Estate, Chattogram.",,1251155.511,1251155.511,2022-09-08,2022-10-19,2022-11-03,2022-11-06,2022-12-29,2,2,2,yes,yes,yes,Kazi Kader Newaz,pp0006,Executive Engineer,0
730799,Contract_Awards_PDFs/Tender_730799.pdf,1,supplier,Ministry of Housing and Public Works,og0001,Chittagong Development Authority,og0009,Project Director (Dewanhat),og0071,,Chattogram,Works,OTM,Own Fund Own Fund,NA,NA,pr0003,PD/Dewanhat/Lift/E-r/27/255,PD/Dewanhat/Lift/E-r/27,"SUPPLY, INSTALLATION, Testing & Commissioning of bed/stretcher Lift at Dewanhat Apartment Complex, Chattogram",Pd/dewanhat/lift/e/27/272,"SUPPLY, INSTALLATION, Testing & Commissioning of bed/stretcher Lift at Dewanhat Apartment Complex, Chattogram",Dewanhat,CPDL LTD.,co0007,1,"CPDL LTD. 81/A S.S Khaled Road, Chittagong-4000 Tel:-031-2854442",,3743397.001,3743397.001,2022-09-08,2022-10-19,2022-10-24,2022-10-25,2022-12-29,4,3,2,yes,yes,yes,Kazi Kader Newaz,pp0006,Executive Engineer,0
732686,Contract_Awards_PDFs/Tender_732686.pdf,1,supplier,Ministry of Housing and Public Works,og0001,Rajdhani Unnayan Kartripakkha (RAJUK),og0002,Uttara Apartment Project,og0012,,Dhaka,Works,OTM,Own Fund Own Fund,NA,NA,pr0003,RAJUK/UAP/PD/IFT-06,UAP/CW/WD-06,"Construction & finishing works (DBS-Wearing Course) of Roads including repairing of Footpath at sector-18, Block-A, Uttara Apartment Project.",RAJUK/UAP/PD/IFT-06,"Construction & Finishing Works (DBS-Wearing Course) of Roads including Repairing of Footpath at sector-18, Block-A, Uttara Apartment Project.","Uttara Apartment Project, Sector-18, Block-A, Uttara, Dhaka.","M/S. Udayan Builders - M/S. Tanni Enterprise JV ( JVCA Partners [Business Share]: M/S Udayan Builders [75.000%] , M/S. TANNI ENTERPRISE [25.000%] )",co0243,1,"Road # 07, House # 27, Sector # 11, Uttara, Dhaka-1230",,78671412.468,78671412.468,2022-10-04,2023-02-19,2023-03-16,2022-12-01,2023-05-30,8,5,5,yes,yes,yes,Mohammad Muzaffar Uddin,pp0004,PD (Uttara Appartment),0
733637,Contract_Awards_PDFs/Tender_733637.pdf,1,supplier,Ministry of Housing and Public Works,og0001,Cox's Bazar Development Authority,og0020,Cox's Bazar Development Authority,og0020,,Cox's Bazar,Works,OTM,Own Fund Own Fund,NA,NA,pr0003,CoxDA/OF/22-23/OTM/Works/01,CoxDA/OF/22-23/OTM/Works/01,"Special Repair and Maintainance Works for Goldighi, Bazarghata Pond and Laldighi at Cox's Bazar Pouroshova, Cox's Bazar",CoxDA/OF/22-23/OTM/Works/01,"Special Repair and Maintainance Works for Goldighi, Bazarghata Pond and Laldighi at Cox's Bazar Pouroshova, Cox's Bazar",Coxs Bazar,M/S N Mohammed Trading,co0244,1,"Khurushkul Road, Uttar Taraboniarchara, Coxs Bazar Pourshava, Coxs Bazar",,3501581.85,3501581.850,2022-09-14,2022-10-06,2022-10-11,2022-10-11,2022-10-31,3,2,1,yes,yes,yes,Lt Col Md Khijir Khan,pp0106,Member (Engineer),0
735107,Contract_Awards_PDFs/Tender_735107.pdf,1,supplier,Ministry of Housing and Public Works,og0001,Chittagong Development Authority,og0009,"Project Director(KK Newaz), Chittagong Development Authority",og0068,,Chattogram,Works,OTM,Development Government,NA,Construction work of Access Road from Sirajuddoula Road to Shah amanat Bridge Connecting road(Bakalia Acccess),pr0074,PD/bakalia/road&drain/e/0021/260,PD/Bakalia/road/e/0021,Construction of Bakalia Access Road from Sirajuddaula Road to Shah Amanat Bridge Connecting Road (Bakalia Access) Chittagong & Ancillary Work. Lot-03 (Civil Work),Pd/bakaliaexcess/road&drain/e/0021/287,Construction of Bakalia Access Road from Sirajuddaula Road to Shah Amanat Bridge Connecting Road (Bakalia Access) Chittagong & Ancillary Work. Lot-03 (Civil Work),"Chandanpura,bakalia",Spectra Engineers Ltd.,co0204,1,"House # 17, Road #106, Block-CEN(F), Gulshan-2, Dhaka-1212",,115180656.255,115180656.255,2022-09-29,2022-12-01,2022-12-07,2022-12-11,2023-06-22,1,1,1,yes,yes,yes,Kazi Kader Newaz,pp0006,Executive Engineer,0
736874,Contract_Awards_PDFs/Tender_736874.pdf,1,supplier,Ministry of Housing and Public Works,og0001,Chittagong Development Authority,og0009,"Project Director(KK Newaz), Chittagong Development Authority",og0068,,Chattogram,Works,OTM,Development Government,NA,Construction work of Access Road from Sirajuddoula Road to Shah amanat Bridge Connecting road(Bakalia Acccess),pr0074,PD/bakalia/electr/st lt/e/0022/262,PD/Bakalia/elec/st.l/e/0022,Electrification Work of Bakalia Access Road from Sirajuddaula Road to Shah Amanat Bridge Connecting Road (Bakalia Access).,Pd/bakaliaexcess/elec/str. light/e/0022,Electrification Work of Bakalia Access Road from Sirajuddaula Road to Shah Amanat Bridge Connecting Road (Bakalia Access).,"Chandanpura,bakalia",Power Net Enterprise,co0220,1,"Khan Mansion Khulshi Colony Road, Nasirabad, Chittagong-4209",,6304878,6304878.000,2022-10-04,2023-01-16,2023-01-25,2023-01-26,2023-06-29,2,1,1,yes,yes,yes,Kazi Kader Newaz,pp0006,Executive Engineer,0
737121,Contract_Awards_PDFs/Tender_737121.pdf,1,supplier,Ministry of Housing and Public Works,og0001,Rajdhani Unnayan Kartripakkha (RAJUK),og0002,"Construction of multi-storied apartment Buildings on 9(Nine) nos abandoned plot at Gulshan,Mohammadpur, Lalmatia & Dhanmondi, Dhaka.",og0006,,Dhaka,Goods,OTM,Own Fund Own Fund,NA,NA,pr0003,RAJUK/PD_9apt/Lift_Bldg-8,RAJUK/PD_9apt/Lift_Bldg-8,"Supply, Installation, Testing & Commissioning of 02 (Two) Numbers 800 kg (10 Passengers) Lift for Thirteen Storied Apartment Building including one basement at Dhanmondi R/A, Road No Old-21, New 11/A, Plot No. Olld-226, New- 90. (Building-8)",RAJUK/PD_9apt/Lift_Bldg-8,"Supply, Installation, Testing & Commissioning of 02 (Two) Numbers 800 kg (10 Passengers) Lift for Thirteen Storied Apartment Building including one basement at Dhanmondi R/A, Road No Old-21, New 11/A, Plot No. Olld-226, New- 90. (Building-8)",Dhanmondi,Concept Elevators & Engineering Ltd.,co0042,1,"Reg. Office: 656, Road-14, Baitul Aman Housing Society Adabor, Mohammadpur, Dhaka-1207",,14050000.783,14050000.783,2022-10-11,2022-12-13,2023-01-10,2023-03-01,2023-11-30,3,1,1,yes,yes,yes,Rahat Muslemin,pp0003,PD (9apt),0
745109,Contract_Awards_PDFs/Tender_745109.pdf,1,supplier,Ministry of Housing and Public Works,og0001,Chittagong Development Authority,og0009,Project Director (Master Plan),og0070,,Chattogram,Goods,OTM,Development Government,NA,Preparation of Chattogram Metropolitan Master Plan (2020-2041),pr0078,25.47.1500.071.76.45.22/GD-1,25.47.1500.071.76.45.22/GD-1,Procurement of GIS Hardware & Software and Satellite Images & Image Processing Software for Preparation of Chattogram Metropolitan Master Plan (Period: 2020-2041) Project.,25.47.1500.071.76.045.22/108,Procurement of GIS Hardware & Software and Satellite Images & Image Processing Software for Preparation of Chattogram Metropolitan Master Plan (Period: 2020-2041) Project.,"CDA, Chattogram",The Decode Ltd.,co0245,1,BDBL Bhaban (6th Level) 12 Karwan Bazar,,9969999.758,9969999.758,2022-11-08,2022-11-28,2022-12-01,2022-12-01,2023-01-31,2,2,1,yes,yes,yes,Mohammad Abu Issa Anshary,pp0111,Deputy Chief Town Planner,0
747343,Contract_Awards_PDFs/Tender_747343.pdf,1,supplier,Ministry of Housing and Public Works,og0001,Rajdhani Unnayan Kartripakkha (RAJUK),og0002,Office of the Superintending Engineer (Mechanical),og0008,,Dhaka,Goods,OTM,Own Fund Own fund,NA,Repair Maintenance of Heavy Machinery & Equipment,pr0004,RAjUK/SE-Mechanical-03,semech,Supply and fixing of 09 (Nine) nos. New tyre ( with tube & flap) for RAJUK wheel excavator no -02,RAjUK/SE-Mechanical-03,Supply and fixing of 09 (Nine) nos. New tyre ( with tube & flap) for RAJUK wheel excavator no -02,mohakhali mechanical stack yard,MULTITRADE INTERNATIONAL,co0043,1,"113/2/1 BCC ROAD, 1ST FLOOR, WARI, DHAKA-1203",,795600.009,795600.009,2022-11-14,2023-02-27,2023-03-27,2023-03-27,2023-04-27,1,1,1,yes,yes,yes,Sabbir Bin Taher,pp0005,Sup. Eng. (Mechanical),0
747837,Contract_Awards_PDFs/Tender_747837.pdf,1,supplier,Ministry of Housing and Public Works,og0001,Rajdhani Unnayan Kartripakkha (RAJUK),og0002,Uttara Apartment Project,og0012,,Dhaka,Works,OTM,Own Fund Own Fund,NA,NA,pr0003,RAJUK/UAP/PD/IFT-02,UAP/CW/WD/02,"Construction of Children's Park of Uttara Apartment Project, Block-A, Sector-18, Uttara, Dhaka.",RAJUK/UAP/PD/IFT-02,"Construction of Children's Park of Uttara Apartment Project, Block-A, Sector-18, Uttara, Dhaka.",Uttara Apartment Project Sector-18 Block-A Uttara Dhaka,M/S. AMIN TRADING CORPORATION,co0197,1,"99, Motijeel, C/A, Korim Chamber, Room No- 702 (6th Floor)",,25461859.446,25461859.446,2022-11-02,2023-03-23,2023-04-18,2023-04-18,2023-10-17,6,6,5,yes,yes,yes,Mohammad Muzaffar Uddin,pp0004,PD (Uttara Appartment),0
752801,Contract_Awards_PDFs/Tender_752801.pdf,1,supplier,Ministry of Housing and Public Works,og0001,Rajdhani Unnayan Kartripakkha (RAJUK),og0002,Uttara Lake Development Project,og0072,,Dhaka,Works,OTM,Own Fund Own fund,NA,Uttara Lake Development Project,pr0079,Rajuk/PD_UL/,Rajuk/PD_UL/,"Lake Excavation, Sludge Removal, Slope Protection and walk way construction work at Uttara Lake.",Rajuk/PD_UL/,"Lake Excavation, Sludge Removal, Slope Protection and walk way construction work at Uttara Lake.",Uttara,"M/s. Udayan Builders (JV) ( JVCA Partners [Business Share]: M/S Udayan Builders [51.000%] , Starlite Services Limited [49.000%] )",co0246,1,"Dhaka Trade Center (15th Floor), Block-H, 99 Kazi Nazrul Islam Avenue, Kawran Bazar C/A, Dhaka-1215",,452992528.197,452992528.197,2022-11-29,2023-08-27,2023-09-24,2024-02-15,2024-02-15,6,6,2,yes,yes,yes,Md Mobarak Hossain,pp0009,Superintending Engineer,0
755274,Contract_Awards_PDFs/Tender_755274.pdf,1,supplier,Ministry of Housing and Public Works,og0001,Rajdhani Unnayan Kartripakkha (RAJUK),og0002,Office of the Superintending Engineer (Electrical),og0011,,Dhaka,Works,OTM,Own Fund Own fund,NA,Building Repair & Maintenance,pr0018,Rajuk/Electrical-1/22/W-01,Rajuk/Electrical-1/22/W-01,Electrical Work of Common Toilet at Rajuk Annex Building.,25.39.0000.063.07.027.2021,Electrical Work of Common Toilet at Rajuk Annex Building.,Rajuk Annex Building.,T.S Enterprise,co0014,1,"28, Malibagh Chowdhury Para, Dhaka.",,751429.8,751429.800,2022-12-05,2023-04-12,2023-04-17,2023-04-17,2023-05-16,2,1,1,yes,yes,yes,Sabbir Bin Taher,pp0005,Sup. Eng. (Elec.),0
755479,Contract_Awards_PDFs/Tender_755479.pdf,1,supplier,Ministry of Housing and Public Works,og0001,Rajdhani Unnayan Kartripakkha (RAJUK),og0002,Office of the Superintending Engineer (Mechanical),og0008,,Dhaka,Goods,OTM,Own Fund Own fund,NA,Repair Maintenance of Heavy Machinery & Equipment,pr0004,semech-2,semech-2,supply and fitting fixing of 09 (nine) nos new tyre (with tube and flap) for rajuk wheel excavator no -03.,semech-2,supply and fitting fixing of 09 (nine) nos new tyre (with tube and flap) for rajuk wheel excavator no -03.,mohakhali mechanical stackyard,M/S. Maliha Enterprise,co0109,1,"8, Layal Street, Patuatuli Road, Kotoali, Dhaka.",,648090.009,648090.009,2022-11-27,2023-03-12,2023-04-09,2023-04-09,2023-05-09,2,2,2,yes,yes,yes,Sabbir Bin Taher,pp0005,Sup. Eng. (Mechanical),0
756104,Contract_Awards_PDFs/Tender_756104.pdf,1,supplier,Ministry of Housing and Public Works,og0001,Rajdhani Unnayan Kartripakkha (RAJUK),og0002,Office of the Superintending Engineer (Mechanical),og0008,,Dhaka,Goods,OTM,Own Fund Own fund,NA,Repair Maintenance of Heavy Machinery & Equipment,pr0004,semech-3,semech-3,supply and fitting fixing of 05(five) nos new tyre (with tube and flap) for rajuk pay- loader no -02.,semech-3,supply and fitting fixing of 05(five) nos new tyre (with tube and flap) for rajuk pay- loader no -02.,mohakhali mechanical stackyard,Aliza Enterprise,co0005,1,"610, Shewrapara, Mirpur, Dhaka-1216",,833300.005,833300.005,2022-11-27,2023-03-06,2023-03-23,2023-03-23,2023-04-23,2,2,2,yes,yes,yes,Sabbir Bin Taher,pp0005,Sup. Eng. (Mechanical),0
770669,Contract_Awards_PDFs/Tender_770669.pdf,1,supplier,Ministry of Housing and Public Works,og0001,Rajdhani Unnayan Kartripakkha (RAJUK),og0002,Uttara Apartment Project,og0012,,Dhaka,Goods,OTM,Own Fund Own Fund,NA,NA,pr0003,RAJUK/UAP/PD/IFT/VRF-12,UAP/EM/VRF/GD/12,"Supply, Installation, Testing and Commissioning of VRF Air Conditioning System for Central Mosque under the Project of ""Construction of Residential Apartment Building for Low & Middle Income Group of people at Sector-18, Block-A, Uttara ,Dhaka"".",RAJUK/UAP/PD/IFT/VRF-12,"Supply, Installation, Testing and Commissioning of VRF Air Conditioning System for Central Mosque under the Project of ""Construction of Residential Apartment Building for Low & Middle Income Group of people at Sector-18, Block-A, Uttara ,Dhaka"".",Uttara Apartment Project Sector-18 Block-A Uttara Dhaka,MEP ENGINEERING POINT,co0145,1,"11/2, Baisteki, Mirpur-13, Dhaka-1216",,32168480.56,32168480.560,2023-01-08,2023-04-04,2023-05-02,2023-05-02,2023-11-01,7,3,3,yes,yes,yes,Mohammad Muzaffar Uddin,pp0004,PD (Uttara Appartment),0
773275,Contract_Awards_PDFs/Tender_773275.pdf,1,supplier,Ministry of Housing and Public Works,og0001,Chittagong Development Authority,og0009,"Project Director(M.Uddin), Chittagong Development Authority",og0031,,Chattogram,Works,OTM,Own Fund Own Fund,NA,NA,pr0003,ExEn/CDA Hill/E-94/208,XENHILLE-94,"Construction of main gate and other related work of CDA Hill, Chattogram.",ExEn/CDAHill/E-94/220,"Construction of main gate and other related work of CDA Hill, Chattogram.",CDA Hill Chattogram,M/S. Nice Enterprise,co0168,1,"758/C, Moidermill School Road, South Bakalia, Chittagong.",,778000,778000.000,2023-03-01,2023-05-08,2023-05-23,2023-05-24,2023-09-25,2,2,1,yes,yes,yes,A. H. M. Mesbah Uddin,pp0024,Project Director,0
775105,Contract_Awards_PDFs/Tender_775105.pdf,1,supplier,Ministry of Housing and Public Works,og0001,Chittagong Development Authority,og0009,Project Director(Rajib Das),og0060,,Chattogram,Works,OTM,Development Government,NA,Construction of Road along the bank of Karnafully River from Kalurghat Bridge to Chaktai khal.,pr0080,PD/KARNAFULLY/TENDER (PHASE-2)/52/50,KRP/WD2,"Construction of Road, Retaining wall, Slop Protection work, Bridge, Regulator, Walkway and other related work under the project ""Construction of Road along the bank of Karnafully River from Kalurghat Bridge to Chaktai khal.""",PD/KARNAFULLY/TENDER (PHASE-2)/52/86,"Construction of Road, Retaining wall, Slop Protection work, Bridge, Regulator, Walkway and other related work under the project ""Construction of Road along the bank of Karnafully River from Kalurghat Bridge to Chaktai khal.""",Chattogram City Corporation Area,Spectra Engineers Ltd.,co0204,1,"House # 17, Road #106, Block-CEN(F), Gulshan-2, Dhaka-1212",,8812446857.066,8812446857.066,2023-01-22,2023-07-30,2023-08-08,2023-08-07,2024-11-01,4,2,2,yes,yes,yes,Rajib Das,pp0096,Executive Engineer,0
775307,Contract_Awards_PDFs/Tender_775307.pdf,1,supplier,Ministry of Housing and Public Works,og0001,Rajdhani Unnayan Kartripakkha (RAJUK),og0002,Uttara Apartment Project,og0012,,Dhaka,Works,OTM,Own Fund Own Fund,NA,NA,pr0003,RAJUK/UAP/PD/IFT/Maintenance-03/1,UAP/CW/WD-03/1,"Maintenance works of 79 no's 16 storied Apartment Building with internal Sanitary, Water supply, Fire fighting, Gas Connection, Electrification and other ancillary works of Uttara Apartment Project at Block ""A"", Sector-18, Uttara, Dhaka (Lot-01, Civil Part).",RAJUK/UAP/PD/IFT/Maintenance-03/1,"Maintenance works of 79 no's 16 storied Apartment Building with internal Sanitary, Water supply, Fire fighting, Gas Connection, Electrification and other ancillary works of Uttara Apartment Project at Block ""A"", Sector-18, Uttara, Dhaka (Lot-01, Civil Part).",Uttara Apartment Project Sector-18 Block-A Uttara Dhaka,"SSL-CONVOY JV ( JVCA Partners [Business Share]: CONVOY SERVICE [30.000%] , Starlite Services Limited [70.000%] )",co0247,1,"Level # 02, Plot # 26, Shahajalal Avenue, Sector # 04, Uttara, Dhaka-1230, Bangladesh",,53908596.9,53908596.900,2023-01-31,2023-04-12,2023-05-10,2023-05-15,2024-05-09,4,2,1,yes,yes,yes,Mohammad Muzaffar Uddin,pp0004,PD (Uttara Appartment),0
775518,Contract_Awards_PDFs/Tender_775518.pdf,1,supplier,Ministry of Housing and Public Works,og0001,Rajdhani Unnayan Kartripakkha (RAJUK),og0002,Uttara Apartment Project,og0012,,Dhaka,Goods,OTM,Own Fund Own Fund,NA,NA,pr0003,RAJUK/UAP/PD/IFT/CCTV-13,UAP/EM/CCTV/GD/13,"Supply, Installation, Testing and Commissioning of CCTV System for Central Mosque under the Project of Construction of Residential Apartment Building for Low & Middle Income Group of people at Sector-18, Block-A, Uttara ,Dhaka.",RAJUK/UAP/PD/IFT/CCTV-13,"Supply, Installation, Testing and Commissioning of CCTV System for Central Mosque under the Project of Construction of Residential Apartment Building for Low & Middle Income Group of people at Sector-18, Block-A, Uttara ,Dhaka.",Uttara Apartment Project Sector-18 Block-A Uttara Dhaka,M/S Sunny Construction,co0053,1,"58/Cha/1,Tejturi Bazar Chak,West Razabazar,Dhaka-1215",,1446505.75,1446505.750,2023-02-01,2023-06-18,2023-07-13,2023-07-13,2023-10-15,6,3,3,yes,yes,yes,Mohammad Muzaffar Uddin,pp0004,PD (Uttara Appartment),0
780102,Contract_Awards_PDFs/Tender_780102.pdf,1,supplier,Ministry of Housing and Public Works,og0001,Chittagong Development Authority,og0009,Management Information System (MIS),og0038,,Chattogram,Goods,OTM,Own Fund Own Fund,NA,NA,pr0003,MIS/ConferenceSystem/2023,CDA/ConferenceSystem/2023,"Supply of Video Conference Camera, Bluetooth Speaker Mic, Expansion Speaker Mic, Smart QLED Panel, Video Conference Control Unit, Online UPS, HDMI Cable & Installation at CDA.",MIS/Con:Sys:/2022/48,"Supply of Video Conference Camera, Bluetooth Speaker Mic, Expansion Speaker Mic, Smart QLED Panel, Video Conference Control Unit, Online UPS, HDMI Cable & Installation at CDA.","CDA Building, Court Road, Kotowali, Chattogram",MS TECHNOLOGIES LIMITED,co0008,1,"MM Tower (5th), CDA Avenue Road, Besides Sanmar Ocean City, PO: Khulshi, PS: Panchlaish. Chattogram.",,1339640.111,1339640.111,2023-03-15,2023-04-10,2023-05-08,2023-05-09,2023-06-11,2,2,1,yes,yes,yes,Md. Mostafa Jamal,pp0069,System Analyst,0
781011,Contract_Awards_PDFs/Tender_781011.pdf,1,supplier,Ministry of Housing and Public Works,og0001,Cox's Bazar Development Authority,og0020,Cox's Bazar Development Authority,og0020,,Cox's Bazar,Goods,OTM,Revenue Government,NA,NA,pr0003,CoxDA/Rev/22-23/OTM/Goods/Advertisement-Publicity,CoxDA/Rev/22-23/OTM/Goods/Advertisement-Publicity,Supply of different types of Goods for Advertisement and Publicity of Cox's Bazar Development Authority at Cox's Bazar. FY 2022-23,CoxDA/Rev/22-23/OTM/Goods/Advertisement-Publicity,Supply of different types of Goods for Advertisement and Publicity of Cox's Bazar Development Authority at Cox's Bazar. FY 2022-23,Coxs Bazar,M/S N Mohammed Trading,co0244,1,"Khurushkul Road, Uttar Taraboniarchara, Coxs Bazar Pourshava, Coxs Bazar",,1889502.525,1889502.525,2023-01-19,2023-03-06,2023-03-12,2023-03-15,2023-06-29,2,2,1,yes,yes,yes,Md. Khijir Khan,pp0113,Member (Engineer),0
781266,Contract_Awards_PDFs/Tender_781266.pdf,1,supplier,Ministry of Housing and Public Works,og0001,Chittagong Development Authority,og0009,Project Director (Loop Road),og0073,,Chattogram,Works,OTM,Development Government,NA,Construction of Link Road from Dhaka Trunk Road to Baizid Boastami Road including Loop Road at the outer periphery of AUW,pr0081,PD/LoopRoad/Tender/P-03/99-1,20121321143465744654654-3,"Construction of retaining wall, Drain, Railway over pass, Road and hill slope protection work under the project of 'Construction of Link Road from Dhaka Trunk Road to Baizid Boastami Road including Loop Road at the outer periphery of AUW""",Pd/LoopRoad/tender/Package-03/99/42,"Construction of retaining wall, Drain, Railway over pass, Road and hill slope protection work under the project of 'Construction of Link Road from Dhaka Trunk Road to Baizid Boastami Road including Loop Road at the outer periphery of AUW""",Baizid Boastami Road,Spectra Engineers Ltd.,co0204,1,"House # 17, Road #106, Block-CEN(F), Gulshan-2, Dhaka-1212",,791796036.692,791796036.692,2023-01-26,2023-06-15,2023-06-18,2023-02-25,2023-06-30,3,3,1,yes,yes,yes,Asad Bin Anwar,pp0114,Project Director,0
783087,Contract_Awards_PDFs/Tender_783087.pdf,1,supplier,Ministry of Housing and Public Works,og0001,Khulna Development Authority (KDA),og0016,Office of the Project Director (KDA Bipone Bitan),og0074,,Khulna,Works,OTM,Own Fund Own Fund,NA,NA,pr0003,KDA/BBP/W1/2022-23,KDA/BBP/W1/2022-23,Construction of Bipone Bitan besides KDA New Market,KDA/BBP/W1/2022-23 (Tender ID-783087),Construction of Bipone Bitan besides KDA New Market,Khulna,MAHABUB BROTHERS(PVT)LIMITED,co0161,1,"Akankha Tower 454, Upper Jashore Road, Daulatpur, Khulna-9000",,965147418.58,965147418.580,2023-02-05,2023-06-15,2023-06-19,2023-05-02,2024-09-30,5,2,1,yes,yes,yes,G. M. MASUDUR RAHMAN,pp0115,Superintending Engineer,0
789918,Contract_Awards_PDFs/Tender_789918.pdf,1,supplier,Ministry of Housing and Public Works,og0001,Rajdhani Unnayan Kartripakkha (RAJUK),og0002,Purbachal New Town Project,og0015,,Dhaka,Works,OTM,Own Fund Own fund,NA,Purbachal New town Project,pr0009,Rajuk/PD_Purbachal/RDC_13,Rajuk/PD_Purbachal/RDC_13,"Construction of internal Road and surface drain at Sector-21 (part) Purbachal New Town Project (Package: RDC-21, Lot- 03).",Rajuk/PD_Purbachal/RDC_13,"Construction of internal Road and surface drain at Sector-21 (part) Purbachal New Town Project. (Package: RDC-21, Lot- 03).",Purbachal New Town project,M/S. A. R. Enterprise,co0016,1,"House-08, Road-02, Diyabari, Uttara, Dhaka-1230 Contact No:01935968075, 01707568905",,25399867.617,25399867.617,2023-02-20,2023-05-22,2023-06-18,2023-06-18,2023-09-18,6,6,6,yes,yes,yes,MOHAMMAD MANIRUL HAQUE,pp0116,Project Director,0
789921,Contract_Awards_PDFs/Tender_789921.pdf,1,supplier,Ministry of Housing and Public Works,og0001,Rajdhani Unnayan Kartripakkha (RAJUK),og0002,Purbachal New Town Project,og0015,,Dhaka,Works,OTM,Own Fund Own fund,NA,Purbachal New town Project,pr0009,Rajuk/PD_Purbachal/RDC_17,Rajuk/PD_Purbachal/RDC_17,"Construction of Internal Road and surface drain at Sector-29 (part) Purbachal New Town Project (Package : RDC - 29, LOT - 02).",Rajuk/PD_Purbachal/RDC_17,"Construction of Internal Road and surface drain at Sector-29 (part) Purbachal New Town Project (Package : RDC - 29, LOT - 02).",Purbachal New Town project,M/S. Niaz Traders,co0001,1,"154, Motijheel C/A. Masjid Market (2nd Floor), Room No.301-303, Dhaka-1000.",,86650791.903,86650791.903,2023-02-20,2023-05-21,2023-06-13,2023-06-15,2023-12-12,6,6,6,yes,yes,yes,MOHAMMAD MANIRUL HAQUE,pp0116,Project Director,0
791688,Contract_Awards_PDFs/Tender_791688.pdf,1,supplier,Ministry of Housing and Public Works,og0001,Chittagong Development Authority,og0009,Project Director (Dewanhat),og0071,,Chattogram,Works,OTM,Own Fund Own Fund,NA,NA,pr0003,PDDWNE29/205,PDDWNE29,"Fire Fighting & Related Works at CDA Dewanhat Apartment Complex, Chattogram.",Pd/dewanhat/ff/e/29/230,"Fire Fighting & Related Works at CDA Dewanhat Apartment Complex, Chattogram.",Dewanhat,MS TECHNOLOGIES LIMITED,co0008,1,"MM Tower (5th), CDA Avenue Road, Besides Sanmar Ocean City, PO: Khulshi, PS: Panchlaish. Chattogram.",,2888470.843,2888470.843,2023-02-20,2023-04-04,2023-04-27,2023-04-30,2023-06-29,2,2,2,yes,yes,yes,Kazi Kader Newaz,pp0006,Executive Engineer,0
79395,Contract_Awards_PDFs/Tender_79395.pdf,1,supplier,Ministry of Housing and Public Works,og0001,Rajdhani Unnayan Kartripakkha (RAJUK),og0002,Office of the Chief Engineer (Implementation),og0032,CE-01,Dhaka,Works,OTM,Own Fund Own fund,NA,Uttara Apment Project,pr0041,Rajuk/UAP/02,Rajuk/UAP/02,Construction of Internal 40-0 wide Road Including Footpath & Pipe drain at Block-A of Uttara Apartment Project,Rajuk/UAP/01/02,"Construction of Internal 40'-0"" wide Road (Including Footpath & Pipe drain) at Block-'A' of Uttara Apartment Project",Uttara,"M.A.H Construction Ltd,RAB-RC(PVT)Ltd and Dawn Corporation JV ( JVCA Partners [Business Share]: M/S. Dawn Corporation [0.000%] , RAB-RC (PVT) LIMITED [0.000%] , M.A.H. CONSTRUCTION LTD. [0.000%] )",co0248,1,"1307/2,East Monipur, kafrul,Dhaka-1216",,79802128.8,79802128.800,2017-05-07,2017-08-22,2017-10-23,2017-07-02,2017-12-31,18,14,9,yes,yes,no,A S M Raihanul Ferodus,pp0053,"Chief Engineer, Implementation",0
80585,Contract_Awards_PDFs/Tender_80585.pdf,1,supplier,Ministry of Housing and Public Works,og0001,Rajdhani Unnayan Kartripakkha (RAJUK),og0002,Office of the Chief Engineer (Implementation),og0032,CE-01,Dhaka,Works,OTM,Own Fund Own fund,NA,Uttara Apment Project,pr0041,Rajuk/UAP/03,Rajuk/UAP/03,Construction of Internal 30-0 Wide RCC Road including Footpath & Pipe Drain at Block-A of Uttara Apartment Project,Rajuk/UAP/01/03,"Construction of Internal 30'-0"" Wide RCC Road (including Footpath & Pipe Drain) at Block-'A' of Uttara Apartment Project",Uttara Apartment Project,"M.A.H Construction Ltd,RAB-RC(PVT)Ltd and Dawn Corporation JV ( JVCA Partners [Business Share]: M/S. Dawn Corporation [0.000%] , RAB-RC (PVT) LIMITED [0.000%] , M.A.H. CONSTRUCTION LTD. [0.000%] )",co0248,1,"1307/2,East Monipur, kafrul,Dhaka-1216",,83879558.1,83879558.100,2017-05-07,2017-08-22,2017-10-23,2017-07-02,2017-12-31,17,12,11,yes,yes,no,A S M Raihanul Ferodus,pp0053,"Chief Engineer, Implementation",0
80586,Contract_Awards_PDFs/Tender_80586.pdf,1,supplier,Ministry of Housing and Public Works,og0001,Rajdhani Unnayan Kartripakkha (RAJUK),og0002,Office of the Chief Engineer (Implementation),og0032,CE-01,Dhaka,Works,OTM,Own Fund Own fund,NA,Uttara Apment Project,pr0041,Rajuk/UAP/01/04,Rajuk/UAP/04,Construction of Internal 50-0 wide Road Including Footpath & Pipe drain at Block-A of Uttara Apartment Project,Rajuk/UAP/01/04,"Construction of Internal 50'-0""wide Road (Including Footpath & Pipe drain) at Block-'A' of Uttara Apartment Project",Uttara RAJUK,"M.A.H Construction Ltd,RAB-RC(PVT)Ltd and Dawn Corporation JV ( JVCA Partners [Business Share]: M/S. Dawn Corporation [0.000%] , RAB-RC (PVT) LIMITED [0.000%] , M.A.H. CONSTRUCTION LTD. [0.000%] )",co0248,1,"1307/2,East Monipur, kafrul,Dhaka-1216",,71975651.4,71975651.400,2017-05-07,2017-08-22,2017-10-23,2017-07-02,2017-12-31,12,7,5,yes,yes,no,A S M Raihanul Ferodus,pp0053,"Chief Engineer, Implementation",0
807903,Contract_Awards_PDFs/Tender_807903.pdf,1,supplier,Ministry of Housing and Public Works,og0001,Rajdhani Unnayan Kartripakkha (RAJUK),og0002,Purbachal New Town Project,og0015,,Dhaka,Works,OTM,Own Fund Own fund,NA,Purbachal New town Project,pr0009,Rajuk/PD_Purbachal/RDC_5,Rajuk/PD_Purbachal/RDC_5,"Construction of Remaining Internal Road and Surface Drain at Sector-16(Part) of Purbachal New Town Project (RDC- 16,Lot-02).",Rajuk/PD_Purbachal/RDC_5,"Construction of Remaining Internal Road and Surface Drain at Sector-16(Part) of Purbachal New Town Project(RDC-16, Lot-02).",Purbachal New Town project,"M/S RAHMAN ENGINEERING - M/S TANNI ENTERPRISE (JV) ( JVCA Partners [Business Share]: M/S Rahman Engineering [51.000%] , M/S. TANNI ENTERPRISE [49.000%] )",co0249,1,"House #27, Road #07, Sector #11. Uttara, Dhaka",,36704663.586,36704663.586,2023-04-16,2023-08-10,2023-09-07,2023-07-02,2023-12-29,9,8,3,yes,yes,yes,MOHAMMAD MANIRUL HAQUE,pp0116,Project Director,0
808097,Contract_Awards_PDFs/Tender_808097.pdf,1,supplier,Ministry of Housing and Public Works,og0001,Cox's Bazar Development Authority,og0020,Cox's Bazar Development Authority,og0020,,Cox's Bazar,Works,OTM,Revenue Government,NA,NA,pr0003,CoxDA/Rev/2022-23/Works/OTM/Sculpture/MOH,CoxDA/Rev/2022-23/Works/OTM/Sculpture/MOH,Construction of Sculpture at Moheskhali Jetty.,CoxDA/Rev/2022-23/Works/OTM/Sculpture /MOH,Construction of Sculpture at Moheskhali Jetty.,Moheskhali CoxsBazar,H.A Enterprise,co0236,1,"Laldigir Par, Main Road, Coxs Bazar, Bangladesh",,9998620.468,9998620.468,2023-03-29,2023-04-17,2023-04-18,2023-04-30,2023-06-25,1,1,1,yes,yes,yes,Md. Khijir Khan,pp0113,Member (Engineer),0
815786,Contract_Awards_PDFs/Tender_815786.pdf,1,supplier,Ministry of Housing and Public Works,og0001,Chittagong Development Authority,og0009,Management Information System (MIS),og0038,,Chattogram,Goods,OTM,Own Fund Own Fund,NA,NA,pr0003,MIS/Ins:Software/2023/02/01,MIS/Ins:Software/2023/02,Real Time Inspection Monitoring System,MIS/Ins:Software/2023/02/71,Real Time Inspection Monitoring System,"MIS Dept, CDA",Solution World Limited,co0250,1,"152, Shantinagar, Flat # B-6, Rupayan Angel, Dhaka-1217.",,4292000,4292000.000,2023-05-08,2023-06-12,2023-06-18,2023-08-17,2023-09-19,1,1,1,yes,yes,yes,Md. Mostafa Jamal,pp0069,System Analyst,0
824096,Contract_Awards_PDFs/Tender_824096.pdf,1,supplier,Ministry of Housing and Public Works,og0001,Chittagong Development Authority,og0009,"Construction Division-1, Chattogram Development Authority",og0021,2001,Chattogram,Works,OTM,Own Fund Own Fund,NA,NA,pr0003,Cd1/dewhat/e-24/235,Cd1/01,"Construction of Boundary wall, gate & ancillary works of Sunpack industry adjacent Dewanhat apt.",CD1/dewanhat/2-24/30,"Construction of Boundary wall, gate & ancillary works of Sunpack industry adjacent Dewanhat apt.",Dewanhat,M/s.Suraim Enterprise,co0205,1,"152, Alkoron Road, Sadaghat, Chittagong",,3388017.55,3388017.550,2023-05-03,2023-07-23,2023-08-07,2023-08-08,2023-11-08,2,2,2,yes,yes,yes,Kazi Kader Newaz,pp0006,Executive Engineer,0
826146,Contract_Awards_PDFs/Tender_826146.pdf,1,supplier,Ministry of Housing and Public Works,og0001,Rajdhani Unnayan Kartripakkha (RAJUK),og0002,Uttara Apartment Project,og0012,,Dhaka,Works,OTM,Own Fund Own Fund,NA,NA,pr0003,RAJUK/UAP/PD/IFT/Hindu's Temple-05/R-04,UAP/CW/WD-05,"Construction of 2(Two) Storied Hindu's Temple with one Basement in Uttara Apartment Project at Block-A, Sector-18, Uttara, Dhaka.",RAJUK/UAP/PD/IFT/Hindu's Temple-05/R-04,"Construction of 2(Two) Storied Hindu's Temple with one Basement in Uttara Apartment Project at Block-A, Sector-18, Uttara, Dhaka.","Uttara Apartment Project ,Sector-18,Uttara,Dhaka",Momotaj Engineers Ltd.,co0003,1,"Kha-202/c, Progatisharani, Middle Badda, Dhaka-1212.",,74638988.254,74638988.254,2023-09-14,2023-11-20,2023-12-18,2023-11-01,2024-04-29,3,2,2,yes,yes,yes,Mohammad Muzaffar Uddin,pp0004,PD (Uttara Appartment),0
827087,Contract_Awards_PDFs/Tender_827087.pdf,1,supplier,Ministry of Housing and Public Works,og0001,Cox's Bazar Development Authority,og0020,Cox's Bazar Development Authority,og0020,,Cox's Bazar,Works,OTM,Revenue Government,NA,NA,pr0003,CoxDA/Rev/22-23/OTM/Works/Other Equipment,CoxDA/Rev/22-23/OTM/Works/Other Equipment,"Supply and Related Service for Installation of CCTV Camera, Access Control Device, UPS, Glass Door and Other Accessories at CoxDA Office. FY 2022-23",CoxDA/Rev/22-23/OTM/Works/Other Equipment,"Supply and Related Service for Installation of CCTV Camera, Access Control Device, UPS, Glass Door and Other Accessories at CoxDA Office. FY 2022-23",Coxs Bazar,M/S S.R Construction,co0251,1,"North Rumaliarchara, Cox's Bazar Sadar, Coxs Bazar",,949250.535,949250.535,2023-05-03,2023-05-29,2023-05-30,2023-06-01,2023-06-14,2,2,2,yes,yes,yes,Md. Khijir Khan,pp0113,Member (Engineer),0
827548,Contract_Awards_PDFs/Tender_827548.pdf,1,supplier,Ministry of Housing and Public Works,og0001,Rajdhani Unnayan Kartripakkha (RAJUK),og0002,Purbachal New Town Project,og0015,,Dhaka,Works,OTM,Own Fund Own fund,NA,Purbachal New town Project,pr0009,Rajuk/PD_Purbachal/RDC_1,Rajuk/PD_Purbachal/RDC_1,"Construction of Remaining Internal Road and Surface Drain at Sector-01(Part) of Purbachal New Town Project (RDC- 01,Lot-03).",Rajuk/PD_Purbachal/RDC_1,"Construction of Remaining Internal Road and Surface Drain at Sector-01(Part) of Purbachal New Town Project (RDC- 01,Lot-03).",Purbachal New Town project,HAIDER & CO.,co0013,1,"1/1 KAMALAPUR BAZAR ROAD, DHAKA",,39109436.181,39109436.181,2023-05-15,2023-07-31,2023-08-28,2023-07-02,2023-12-29,7,6,3,yes,yes,yes,MOHAMMAD MANIRUL HAQUE,pp0116,Project Director,0
828053,Contract_Awards_PDFs/Tender_828053.pdf,1,supplier,Ministry of Housing and Public Works,og0001,Rajdhani Unnayan Kartripakkha (RAJUK),og0002,Office of the Superintending Engineer (Electrical),og0011,,Dhaka,Works,OTM,Own Fund Own fund,NA,Construction and repair of different types of Buildings/Roads/Infrastructure under RAJUK Jurisdiction,pr0020,Rajuk/Electrical-2/23/W-01,Rajuk/Electrical-2/23/W-01,"Supply, Fitting & Fixing of Solar System LED Light in Lake Drive Road, Bloc-A,Sector No-16 at Uttara (3rd phase ) Project.",25.39.0000.064.07.006.2023,"Supply, Fitting & Fixing of Solar System LED Light in Lake Drive Road, Bloc-A,Sector No-16 at Uttara (3rd phase ) Project.",Uttara (3rd phase ) Project.,M/S TANIN ENTERPRISE,co0041,1,"150 MOTIJHEEL, NAHAR MANSION 3RD FLOOR, C/A DHAKA.",,7198146,7198146.000,2023-05-29,2023-09-26,2023-10-19,2023-10-19,2024-01-16,10,9,8,yes,yes,yes,Sabbir Bin Taher,pp0005,Sup. Eng. (Elec.),0
832064,Contract_Awards_PDFs/Tender_832064.pdf,1,supplier,Ministry of Housing and Public Works,og0001,Rajdhani Unnayan Kartripakkha (RAJUK),og0002,Office of the Superintending Engineer (Electrical),og0011,,Dhaka,Goods,OTM,Own Fund Own fund,NA,"Computer, Office Accessiories and Parts Purchage.",pr0021,Rajuk/Electrical-1/23/G-04,Rajuk/Electrical-1/23/G-04,"Supply & Installation of Computers, Printers, Scanners and UPS for ( Estate & Land) Division of Rajuk.",25.39.0000.063.07.046.2022,"Supply & Installation of Computers, Printers, Scanners and UPS for ( Estate & Land) Division of Rajuk.",Rajuk Bhaban,Star Tech & Engineering Ltd.,co0252,1,"Kushali Bhaban, 238/1, Begum Rokeya Sharanee, Taltala, Dhaka 1216",,10540782.332,10540782.332,2023-05-29,2023-09-26,2023-10-19,2023-10-19,2024-01-16,5,3,3,yes,yes,yes,Sabbir Bin Taher,pp0005,Sup. Eng. (Elec.),0
834339,Contract_Awards_PDFs/Tender_834339.pdf,1,supplier,Ministry of Housing and Public Works,og0001,Cox's Bazar Development Authority,og0020,CoxDA Master Plan,og0035,,Cox's Bazar,Goods,OTM,Development Government,NA,Master Plan Preparation for Cox's Bazar District,pr0033,CoxDA/Dev/22-23/MP/Com & Accs,CoxDA/Dev/22-23/MP/Com-Accs,"Supply, Installation, Testing & Commissioning of Computer and Accessories under ""Master Plan Preparation for Cox's Bazar District (1st Revised)"" Project of Cox's Bazar Development Authority (CoxDA)",CoxDA/Dev/22-23/MP/Computer & Accessories,"Supply, Installation, Testing & Commissioning of Computer and Accessories under ""Master Plan Preparation for Cox's Bazar District (1st Revised)"" Project of Cox's Bazar Development Authority (CoxDA)","Coxs Bazar Development Authority, Coxs Bazar",Smart Technologies (BD) Ltd.,co0039,1,"Jahir Smart Tower, 205/1 and 205/1/A, West Kafrul, Begum Rokeya Sharani, Dhaka-1206, Bangladesh",,2394588.278,2394588.278,2023-05-21,2023-06-07,2023-06-08,2023-06-08,2023-12-31,2,2,2,yes,yes,yes,Md Tanvir Hasan Rezaul,pp0041,Deputy Town Planner,0
835443,Contract_Awards_PDFs/Tender_835443.pdf,1,supplier,Ministry of Housing and Public Works,og0001,Cox's Bazar Development Authority,og0020,CoxDA Master Plan,og0035,,Cox's Bazar,Goods,OTM,Development Government,NA,Master Plan Preparation for Cox's Bazar District,pr0033,CoxDA/Dev/22-23/MP/Srvy Eqpmnt,CoxDA/Dev/22-23/MP/Srv-Eqp,"Supply, Installation, Testing & Commissioning of Survey Equipment under ""Master Plan Preparation for Cox's Bazar District (1st Revised)"" Project of Cox's Bazar Development Authority (CoxDA)",CoxDA/Dev/22-23/MP/Srvey Eqpment,"Supply, Installation, Testing & Commissioning of Survey Equipment under ""Master Plan Preparation for Cox's Bazar District (1st Revised)"" Project of Cox's Bazar Development Authority (CoxDA)","Coxs Bazar Development Authority, Coxs Bazar",ADVANCE TECHNOLOGY CONSORTIUM LIMITED,co0164,1,"14/A and 31/A, 12-A (12th Floor), Center Point, Concord Tower Tejkunipara, Farmgate",,3995000.016,3995000.016,2023-05-21,2023-06-07,2023-06-08,2023-06-08,2023-12-31,3,2,2,yes,yes,yes,Md Tanvir Hasan Rezaul,pp0041,Deputy Town Planner,0
835607,Contract_Awards_PDFs/Tender_835607.pdf,1,supplier,Ministry of Housing and Public Works,og0001,Cox's Bazar Development Authority,og0020,CoxDA Master Plan,og0035,,Cox's Bazar,Goods,OTM,Development Government,NA,Master Plan Preparation for Cox's Bazar District,pr0033,CoxDA/Dev/22-23/MP/Offc Frntr,CoxDA/Dev/22-23/MP/Off-Frntr,"Supply, Installation, Testing & Commissioning of Office Furniture under ""Master Plan Preparation for Cox's Bazar District (1st Revised)"" Project of Cox's Bazar Development Authority (CoxDA)",CoxDA/Dev/22-23/MP/Offce Frntre,"Supply, Installation, Testing & Commissioning of Office Furniture under ""Master Plan Preparation for Cox's Bazar District (1st Revised)"" Project of Cox's Bazar Development Authority (CoxDA)","Coxs Bazar Development Authority, Coxs Bazar",Hatil Complex Ltd,co0136,1,"Hatil Complex Ltd. 8 Shewrapara, Rokeya Sharani, Mirpur, Dhaka-1216",,3889900.292,3889900.292,2023-05-21,2023-06-07,2023-06-08,2023-06-11,2023-12-31,1,1,1,yes,yes,yes,Md Tanvir Hasan Rezaul,pp0041,Deputy Town Planner,0
835662,Contract_Awards_PDFs/Tender_835662.pdf,1,supplier,Ministry of Housing and Public Works,og0001,Cox's Bazar Development Authority,og0020,CoxDA Master Plan,og0035,,Cox's Bazar,Goods,OTM,Development Government,NA,Master Plan Preparation for Cox's Bazar District,pr0033,CoxDA/Dev/22-23/MP/Camera & Accs,CoxDA/Dev/22-23/MP/Cam-Accs,"Supply, Installation, Testing & Commissioning of Camera and Accessories under ""Master Plan Preparation for Cox's Bazar District (1st Revised)"" Project of Cox's Bazar Development Authority (CoxDA)",CoxDA/Dev/22-23/MP/Camera & Accs,"Supply, Installation, Testing & Commissioning of Camera and Accessories under ""Master Plan Preparation for Cox's Bazar District (1st Revised)"" Project of Cox's Bazar Development Authority (CoxDA)","Coxs Bazar Development Authority, Coxs Bazar",Global Office Automation Ltd.,co0253,1,"160, Lake Circus, Kalabagan, Dhaka.",,568279.892,568279.892,2023-05-21,2023-06-07,2023-06-08,2023-06-08,2023-06-15,3,3,2,yes,yes,yes,Md Tanvir Hasan Rezaul,pp0041,Deputy Town Planner,0
835847,Contract_Awards_PDFs/Tender_835847.pdf,1,supplier,Ministry of Housing and Public Works,og0001,Cox's Bazar Development Authority,og0020,CoxDA Master Plan,og0035,,Cox's Bazar,Goods,OTM,Development Government,NA,Master Plan Preparation for Cox's Bazar District,pr0033,CoxDA/Dev/22-23/MP/Stationery,CoxDA/Dev/22-23/MP/Stationery,"Supply, Installation, Testing & Commissioning of Office Stationery under ""Master Plan Preparation for Cox's Bazar District (1st Revised)"" Project of Cox's Bazar Development Authority (CoxDA)",CoxDA/Dev/22-23/MP/Stationery,"Supply, Installation, Testing & Commissioning of Office Stationery under ""Master Plan Preparation for Cox's Bazar District (1st Revised)"" Project of Cox's Bazar Development Authority (CoxDA)","Coxs Bazar Development Authority, Coxs Bazar",M/S S.R Construction,co0251,1,"North Rumaliarchara, Cox's Bazar Sadar, Coxs Bazar",,711206.814,711206.814,2023-05-21,2023-06-07,2023-06-08,2023-06-08,2023-06-15,1,1,1,yes,yes,yes,Md Tanvir Hasan Rezaul,pp0041,Deputy Town Planner,0
836225,Contract_Awards_PDFs/Tender_836225.pdf,1,supplier,Ministry of Housing and Public Works,og0001,Rajshahi Development Authority,og0004,Office of the Chairman,og0030,,Rajshahi,Works,OTM,Own Fund Own Fund,NA,NA,pr0003,25..40.0000.002.14.606.23.118,RDA/WF/W/2022-23/02,Construction works of RCC drain with another works at south side (behind) of Shahid Kamaruzzaman Bus-Terminal.,02/RDA/2022-23,Construction works of RCC drain with another works at south side (behind) of Shahid Kamaruzzaman Bus-Terminal.,Seroil Bus - Terminai,ETASA ENTERPRISE,co0254,1,"CAPTAIN MOHIUDDIN ZAHANGIR SWARANI Seroil, Post- Ghoramara, Police Station- Boalia, Dist- Rajshahi.",,1450736.1,1450736.100,2023-05-28,2023-06-26,2023-06-26,2023-06-26,2023-09-25,1,1,1,yes,yes,yes,Md. Ziaul Haque,pp0117,Chaiman,0
836329,Contract_Awards_PDFs/Tender_836329.pdf,1,supplier,Ministry of Housing and Public Works,og0001,Chittagong Development Authority,og0009,Management Information System (MIS),og0038,,Chattogram,Goods,OTM,Own Fund Own Fund,NA,NA,pr0003,MIS/Kroi/2021/26/P-10/138/C1,MIS/Kroi/2021/26/P-10/138,"Supply of Computer Accessories (Desktop Computer, Laser Printer, Scanner, Photocopier, UPS & Multiplug etc.) for CDA, Chatttogram.",MIS/KROI/2021//26/P-10/138/73,"Cost Estimation for Supply of Computer Accessories (Desktop Computer, Laser Printer, Scanner, Photocopier, UPS & Multiplug etc.) for CDA, Chatttogram.","CDA Building, Court Road, Kotowali, Chattogram",Verbal,co0255,1,"120/A, R.S Bhaban (2nd Floor), Suite-310, Motijheel C/A, Dhaka-1000",,1725135.081,1725135.081,2023-05-23,2023-06-15,2023-06-20,2023-06-20,2023-07-20,4,4,2,yes,yes,yes,Md. Mostafa Jamal,pp0069,System Analyst,0
837643,Contract_Awards_PDFs/Tender_837643.pdf,1,supplier,Ministry of Housing and Public Works,og0001,Cox's Bazar Development Authority,og0020,CoxDA Master Plan,og0035,,Cox's Bazar,Goods,OTM,Development Government,NA,Master Plan Preparation for Cox's Bazar District,pr0033,CoxDA/Dev/22-23/MP/GIS & Plng Lab,CoxDA/Dev/22-23/MP/GIS-Plng Lab,"Supply, Installation, Testing & Commissioning of GIS & Planning Lab related equipment, machineries, software etc under ""Master Plan Preparation for Cox's Bazar District (1st Revised)"" Project of Cox's Bazar Development Authority (CoxDA)",CoxDA/Dev/22-23/MP/GIS & Planning Lab,"Supply, Installation, Testing & Commissioning of GIS & Planning under ""Master Plan Preparation for Cox's Bazar District (1st Revised)"" Project of Cox's Bazar Development Authority (CoxDA)","Coxs Bazar Development Authority, Coxs Bazar",Smart Technologies (BD) Ltd.,co0039,1,"Jahir Smart Tower, 205/1 and 205/1/A, West Kafrul, Begum Rokeya Sharani, Dhaka-1206, Bangladesh",,16885994.57,16885994.570,2023-05-23,2023-06-11,2023-06-12,2023-06-12,2023-12-31,2,1,1,yes,yes,yes,Md Tanvir Hasan Rezaul,pp0041,Deputy Town Planner,0
837644,Contract_Awards_PDFs/Tender_837644.pdf,1,supplier,Ministry of Housing and Public Works,og0001,Cox's Bazar Development Authority,og0020,CoxDA Master Plan,og0035,,Cox's Bazar,Goods,OTM,Development Government,NA,Master Plan Preparation for Cox's Bazar District,pr0033,CoxDA/Dev/22-23/MP/Machinery & Eqpmnt,CoxDA/Dev/22-23/MP/Machinery-Eqpmnt,"Supply, Installation, Testing & Commissioning of Machineries and Office Equipment under ""Master Plan Preparation for Cox's Bazar District (1st Revised)"" Project of Cox's Bazar Development Authority (CoxDA)",CoxDA/Dev/22-23/MP/Machineries & Equipment,"Supply, Installation, Testing & Commissioning of Machineries and Office Equipment under ""Master Plan Preparation for Cox's Bazar District (1st Revised)"" Project of Cox's Bazar Development Authority (CoxDA)","Coxs Bazar Development Authority, Coxs Bazar",Smart Technologies (BD) Ltd.,co0039,1,"Jahir Smart Tower, 205/1 and 205/1/A, West Kafrul, Begum Rokeya Sharani, Dhaka-1206, Bangladesh",,19786172.511,19786172.511,2023-05-23,2023-06-11,2023-06-12,2023-06-12,2023-12-31,2,1,1,yes,yes,yes,Md Tanvir Hasan Rezaul,pp0041,Deputy Town Planner,0
840372,Contract_Awards_PDFs/Tender_840372.pdf,1,supplier,Ministry of Housing and Public Works,og0001,Chittagong Development Authority,og0009,"Project Director(M.Uddin), Chittagong Development Authority",og0031,,Chattogram,Works,OTM,Own Fund Own Fund,NA,NA,pr0003,EXEN/BB/E-101/222,EXEN/BB/BBlock/E-101/2023,"Annual Repairing and maintenance and other related workds upto level-4 at CDA Biponi Bitan B Block, Chattogram",ExEn/BB/E-101/226,"Annual Repairing and maintenance and other related workds upto level-4 at CDA Biponi Bitan B Block, Chattogram","CDA Building, Kotowali, Chattogram",M/S. J.J. Traders,co0256,1,"62, Natab Bhaban (2nd Floor), Panchlaish, Chittagong.",,2322988.272,2322988.272,2023-07-04,2023-09-04,2023-09-11,2023-10-01,2024-02-29,1,1,1,yes,yes,yes,A. H. M. Mesbah Uddin,pp0024,Project Director,0
842165,Contract_Awards_PDFs/Tender_842165.pdf,1,supplier,Ministry of Housing and Public Works,og0001,Rajdhani Unnayan Kartripakkha (RAJUK),og0002,"Construction of multi-storied apartment Buildings on 9(Nine) nos abandoned plot at Gulshan,Mohammadpur, Lalmatia & Dhanmondi, Dhaka.",og0006,,Dhaka,Goods,OTM,Own Fund Own Fund,NA,NA,pr0003,RAJUK/PD_9apt/Solar/Bldg-8,RAJUK/PD_9apt/Solar_Bldg-8,"Supply, installation, testing and commissioning of 24 KWP solar system for 13 (thirteen) storied apartment building at Dhanmondi, R/A, Road no. 11/A (new), Plot no. 90 (new).",RAJUK/PD_9apt/Solar/Bldg-8,"Supply, installation, testing and commissioning of 24 KWP solar system for 13 (thirteen) storied apartment building at Dhanmondi, R/A, Road no. 11/A (new), Plot no. 90 (new).",Dhanmondi,Gess Bangladesh,co0011,1,"53-54 ,Gess Bangladesh ,Ocean City ,Chakaria ,Cox'sBazar",,1842091.095,1842091.095,2023-07-30,2023-12-10,2024-01-04,2024-01-04,2024-07-02,11,11,2,yes,yes,yes,Rahat Muslemin,pp0003,PD (9apt),0
848555,Contract_Awards_PDFs/Tender_848555.pdf,1,supplier,Ministry of Housing and Public Works,og0001,Chittagong Development Authority,og0009,Project Director (Loop Road),og0073,,Chattogram,Works,OTM,Development Government,NA,Construction of Link Road from Dhaka Trunk Road to Baizid Boastami Road including Loop Road at the outer periphery of AUW,pr0081,PD/Loop Road/Tender/Street light/,LR/Street light/Tender/01,"Providing street light under the project of 'Construction of Link Road from Dhaka Trunk Road to Baizid Boastami Road including Loop Road at the outer periphery of AUW""",PD/Loop Road/Tender/Street light/57,"Providing street light under the project of 'Construction of Link Road from Dhaka Trunk Road to Baizid Boastami Road including Loop Road at the outer periphery of AUW""",Bayezid to Fauzdarhat,"SUNNY-RS-TML JV ( JVCA Partners [Business Share]: M/S Sunny Construction [50.000%] , TRADEMAJESTIC LIMITED [25.000%] , M/S. R.S ENTERPRISE [25.000%] )",co0257,1,"House # 09 (1st Floor), Road # 1, Block-G, Beside A.C Mosjid, Halishahar H/E, Halishahar, Chattogram, Bangladesh.",,51133146.948,51133146.948,2023-06-27,2023-08-31,2023-09-18,2023-08-08,2023-12-31,6,3,1,yes,yes,yes,Asad Bin Anwar,pp0114,Project Director,0
851863,Contract_Awards_PDFs/Tender_851863.pdf,1,supplier,Ministry of Housing and Public Works,og0001,Chittagong Development Authority,og0009,"Construction Division-1, Chattogram Development Authority",og0021,2001,Chattogram,Works,OTM,Own Fund Own Fund,NA,NA,pr0003,CD1/e1482/14,CD1/e1482,"Herring bond brick work at CDA Silimpur Residential Area, Chattogram (Lot-1).",CD1/e-1482/43,"Herring bond brick work at CDA Silimpur Residential Area, Chattogram (Lot-1).",CDA Silimpur Residential Area,M/S. Khan Corporation,co0258,1,"129/143, D.C Road, Khan Bhaban, West Bakalia, Dewanbazar, Chittagong.",,2707964.064,2707964.064,2023-07-26,2023-10-04,2023-10-31,2023-11-05,2024-05-05,3,2,2,yes,yes,yes,Kazi Kader Newaz,pp0006,Executive Engineer,0
851864,Contract_Awards_PDFs/Tender_851864.pdf,1,supplier,Ministry of Housing and Public Works,og0001,Chittagong Development Authority,og0009,"Construction Division-1, Chattogram Development Authority",og0021,2001,Chattogram,Works,OTM,Own Fund Own Fund,NA,NA,pr0003,CD1/e1484/16,CD1/e1484,"Repair & Maintains of road and other related works at CDA Silimpur Residential Area, Chattogram (Lot-3).",CD1/e-1484/44,"Repair & Maintains of road and other related works at CDA Silimpur Residential Area, Chattogram (Lot-3).","CDA Silimpur Residential Area, Chattogram",M/S. Nice Enterprise,co0168,1,"758/C, Moidermill School Road, South Bakalia, Chittagong.",,12402992.043,12402992.043,2023-07-26,2023-10-04,2023-10-31,2023-11-05,2024-05-05,3,2,1,yes,yes,yes,Kazi Kader Newaz,pp0006,Executive Engineer,0
851865,Contract_Awards_PDFs/Tender_851865.pdf,1,supplier,Ministry of Housing and Public Works,og0001,Chittagong Development Authority,og0009,"Construction Division-1, Chattogram Development Authority",og0021,2001,Chattogram,Works,OTM,Own Fund Own Fund,NA,NA,pr0003,CD1/e1486/17,CD1/e1486,"Repair & Maintains of Road and other Related works at CDA Silimpur Residential area, Chattogram (Lot-2).",CD1/E-1486/50,"Repair & Maintains of Road and other Related works at CDA Silimpur Residential area, Chattogram (Lot-2).","CDA Silimpur Residential area, Chattogram",M/S. Shah Jabbaria Construction & Co.,co0259,1,"69/7, Mohammadia Plaza, Reazuddin Bazar, Chattogram",,12814150.311,12814150.311,2023-07-26,2023-11-22,2023-12-04,2023-12-06,2024-05-05,3,2,1,yes,yes,yes,Kazi Kader Newaz,pp0006,Executive Engineer,0
857646,Contract_Awards_PDFs/Tender_857646.pdf,1,supplier,Ministry of Housing and Public Works,og0001,Rajdhani Unnayan Kartripakkha (RAJUK),og0002,"Construction of multi-storied apartment Buildings on 9(Nine) nos abandoned plot at Gulshan,Mohammadpur, Lalmatia & Dhanmondi, Dhaka.",og0006,,Dhaka,Works,OTM,Own Fund Own Fund,NA,NA,pr0003,RAJUK/PD_9apt/Building_01,RAJUK/PD_9apt/Bldg_01,"Construction of 15 (fifteen) storied Apartment Building (Civil, Sanitary, Internal Electrification Works) including 01 (one) basement at Plot No. CWN (B)-8, Road No. 35, Gulshan Residential Area (Building No. 01)",RAJUK/PD_9apt/Building_01,"Construction of 15 (fifteen) storied Apartment Building (Civil, Sanitary, Internal Electrification Works) including 01 (one) basement at Plot No. CWN (B)-8, Road No. 35, Gulshan Residential Area (Building No. 01)",Gulshan,"National Development Engineers Ltd. - M/S. Niaz Traders JV (NDE-NT JV) ( JVCA Partners [Business Share]: NATIONAL DEVELOPMENT ENGINEERS LTD. [20.000%] , M/S. Niaz Traders [80.000%] )",co0260,1,"House-22, Road-04, Block- C Banani Dhaka-1213",,831424240.458,831424240.458,2023-08-13,2023-11-23,2023-12-20,2023-12-03,2026-12-02,10,4,3,yes,yes,yes,Rahat Muslemin,pp0003,PD (9apt),0
858747,Contract_Awards_PDFs/Tender_858747.pdf,1,supplier,Ministry of Housing and Public Works,og0001,Rajdhani Unnayan Kartripakkha (RAJUK),og0002,Purbachal New Town Project,og0015,,Dhaka,Goods,OTM,Own Fund Own fund,NA,Purbachal New town Project,pr0009,Rajuk/PD_Purbachal/EM-2,Rajuk/PD_Purbachal/EM-2,"Supply, Installation, Testing & Commissioning of 630 KG Lift at RAJUK Purbachal Site Office in Sector No: 4.",Rajuk/PD_Purbachal/EM-2,"Supply, Installation, Testing & Commissioning of 630 KG Lift at RAJUK Purbachal Site Office in Sector No: 4.",Purbachal New Town project,Concept Elevators & Engineering Ltd.,co0042,1,"Reg. Office: 656, Road-14, Baitul Aman Housing Society Adabor, Mohammadpur, Dhaka-1207",,20293330.08,20293330.080,2023-09-04,2023-12-04,2024-01-01,2024-01-01,2024-09-30,3,2,2,yes,yes,yes,MOHAMMAD MANIRUL HAQUE,pp0116,Project Director,0
859008,Contract_Awards_PDFs/Tender_859008.pdf,1,supplier,Ministry of Housing and Public Works,og0001,Rajshahi Development Authority,og0004,Office of the Chairman,og0030,,Rajshahi,Works,OTM,Development Government,NA,"The Father of the Nation Bangabandu Sheikh Mujibur Rahman Square, at Talaimary Chattar, Rajshahi (1st Revised).",pr0082,25.40.0000.002.14.896.15.194 Date: 06-08-2023.,RDA/BB square/W/2023-2024/01,"Revised Detail Estimate for Construction of the Father of the Nation Bangabandu Sheikh Mujibur Rahman Square, at Talaimary Chattar, Rajshahi [Sub-head: Construction of Square Finishing and Interior Work].",25.40.0000.002.14.896.15.302 Date: 11-10-2023,"Revised Detail Estimate for Construction of the Father of the Nation Bangabandu Sheikh Mujibur Rahman Square, at Talaimary Chattar, Rajshahi [Sub-head: Construction of Square Finishing and Interior Work].",Rajshahi,"Noor Hossain Ltd. (JV) ( JVCA Partners [Business Share]: MD. DOLLAR [80.000%] , Noor Hossain Limited [20.000%] )",co0261,1,"Nur Manjil, Kadirganj, Rajshahi.",,90465350.411,90465350.411,2023-08-07,2023-10-11,2023-10-18,2024-06-26,2024-06-26,2,2,2,yes,yes,yes,Md. Abdullah Al Tarique,pp0002,Assistant Engineer,0
860503,Contract_Awards_PDFs/Tender_860503.pdf,1,supplier,Ministry of Housing and Public Works,og0001,Rajdhani Unnayan Kartripakkha (RAJUK),og0002,Uttara Apartment Project,og0012,,Dhaka,Works,OTM,Own Fund Own Fund,NA,NA,pr0003,RAJUK/UAP/CW/WD-03,UAP/CW/WD-03,"Construction of 4 storied Car Parking building having 5 storied foundation with one Basement floor including Internal Sanitary, Internal Electrification, Internal Water Supply, Fire Protection System and other ancillary works of Uttara Apartment Project at Block-A, Sector-18, Uttara, Dhaka.",RAJUK/UAP/CW/WD-03,"Construction of 4 storied Car Parking building having 5 storied foundation with one Basement floor including Internal Sanitary, Internal Electrification, Internal Water Supply, Fire Protection System and other ancillary works of Uttara Apartment Project at Block-A, Sector-18, Uttara, Dhaka.",Uttara Apartment Project Sector-18 Block-A Uttara Dhaka,"SS-RC (JV) ( JVCA Partners [Business Share]: Rafiq Construction Co. (Pvt.) Ltd. [60.000%] , M/S. Sharif & Sons [40.000%] )",co0262,1,"Modumati Supar Market, 717, Panchuria, Gopalgonj-8100.",,446902393.401,446902393.401,2023-08-23,2024-01-03,2024-01-18,2023-11-02,2024-10-27,8,4,3,yes,yes,yes,Mohammad Muzaffar Uddin,pp0004,PD (Uttara Appartment),0
860822,Contract_Awards_PDFs/Tender_860822.pdf,1,supplier,Ministry of Housing and Public Works,og0001,Rajshahi Development Authority,og0004,Office of the Project Director,og0005,,Rajshahi,Goods,OTM,Development Government,NA,Beautification & Modernization of Shahid Captain Munsur Ali Park and Development of Parijat Lake.,pr0083,25.40.0000.002.14.922.16.205,RDA/GOB/G/2023-2024/O2,"Modernization & Beatification of Shahid Captain Monsur Ali Park and Development of Parijat Lake (Sub-Head: Supplying and Installation of Park Troy Train, Padel Boat & Childrain Toys).",25.40.0000.002.14.922.16.300 Date: 11-10-2023,"Modernization & Beatification of Shahid Captain Monsur Ali Park and Development of Parijat Lake (Sub-Head: Supplying and Installation of Park Troy Train, Padel Boat & Childrain Toys).","Shahid Captain Monsur Ali Park, Rajshahi",Premier Trading International,co0263,1,"201/206, Nasirabad Industrial Area Baijid Bostami Road",,40471936.052,40471936.052,2023-08-13,2023-10-11,2023-11-01,2023-11-07,2024-05-30,1,1,1,yes,yes,yes,Md. Abdullah Al Tarique,pp0002,Superintending Engineer,0
860823,Contract_Awards_PDFs/Tender_860823.pdf,1,supplier,Ministry of Housing and Public Works,og0001,Rajshahi Development Authority,og0004,Office of the Project Director,og0005,,Rajshahi,Works,OTM,Development Government,NA,Beautification & Modernization of Shahid Captain Munsur Ali Park and Development of Parijat Lake.,pr0083,25.40.0000.002.14.922.16.204,RDA/WF/W/2023-24/02,Modernization & Beatification of Shahid Captain Monsur Ali Park and Development of Parijat Lake (Sub-Head: Electric Lighting System & Others Lighting).,25.40.0000.002.14.922.16.301 Date: 11-10-2023,Modernization & Beatification of Shahid Captain Monsur Ali Park and Development of Parijat Lake (Sub-Head: Electric Lighting System & Others Lighting).,"Shahid Captain Monsur Ali Park, Rajshahi",M/S.Modina Enterprise,co0264,1,"48/B, West Dholairpar, Dhaka-1204.",,7358692.5,7358692.500,2023-08-13,2023-10-11,2023-10-18,2023-10-22,2024-05-30,3,2,2,yes,yes,yes,Md. Abdullah Al Tarique,pp0002,Superintending Engineer,0
862601,Contract_Awards_PDFs/Tender_862601.pdf,1,supplier,Ministry of Housing and Public Works,og0001,Chittagong Development Authority,og0009,Project Director (CDA Square),og0010,,Chattogram,Works,OTM,Own Fund Own fund,NA,"Construction of CDA Square at Nasirabad, Chittagong",pr0005,PD/CDASQR/estpwtp/52,PD/CDAsqr/estpwtp/52,"Supply, Installation, Testing and Commissioning of Sewage Treatment Plant (STP) and Water Treatment Plant & Ancillary Works for â??CDA SQUAREâ?� Under CDA.",Pd/CDASQR/ESTPWTP/52/343,"Supply, Installation, Testing and Commissioning of Sewage Treatment Plant (STP) and Water Treatment Plant & Ancillary Works for â??CDA SQUAREâ?� Under CDA.","Nasirabad, Chattogram",Flowater Solutions Ltd.,co0265,1,"309, SK Mujib Road, Unit 7&8, Level 6, North Agrabad, Chittagong, Bangladesh.",,5388565.65,5388565.650,2023-11-29,2024-01-29,2024-02-18,2024-02-20,2024-06-20,4,3,3,yes,yes,yes,Kazi Kader Newaz,pp0006,Assistant Engineer,0
862635,Contract_Awards_PDFs/Tender_862635.pdf,1,supplier,Ministry of Housing and Public Works,og0001,Chittagong Development Authority,og0009,Project Director (CDA Square),og0010,,Chattogram,Works,OTM,Own Fund Own fund,NA,"Construction of CDA Square at Nasirabad, Chittagong",pr0005,PD/CDASQR/elift/55,PD/CDAsqr/elift/55,"Supply, Installation, Testing & Commissioning of Lift at CDA SQUARE Project.",PD/CDAsqr/elift/55/286,"Supply, Installation, Testing & Commissioning of Lift at CDA SQUARE Project.","Nasirabad, Chattogram.",CPDL LTD.,co0007,1,"CPDL LTD. 81/A S.S Khaled Road, Chittagong-4000 Tel:-031-2854442",,25299889.08,25299889.080,2023-08-28,2023-09-27,2023-10-25,2023-11-01,2024-05-30,2,2,1,yes,yes,yes,Kazi Kader Newaz,pp0006,Assistant Engineer,0
863109,Contract_Awards_PDFs/Tender_863109.pdf,1,supplier,Ministry of Housing and Public Works,og0001,Chittagong Development Authority,og0009,Project Director (CDA Square),og0010,,Chattogram,Works,OTM,Own Fund Own fund,NA,"Construction of CDA Square at Nasirabad, Chittagong",pr0005,PD/CDASQR/eBW/54,PD/CDAsqr/e/BW/54,"Construction of Boundary Wall, Road Work & Ancillary Work at CDA SQUARE Project.",PD/CDASQR/eBW/54/345,"Construction of Boundary Wall, Road Work & Ancillary Work at CDA SQUARE Project.","Nasirabad, Chattogram",M/s J S Enterprise,co0215,1,"North Gasbaria ,Bodurpara , Chandanaish , Chittagong.",,18605443.464,18605443.464,2023-08-28,2024-01-30,2024-02-13,2024-02-15,2024-06-30,3,3,1,yes,yes,yes,Kazi Kader Newaz,pp0006,Assistant Engineer,0
865422,Contract_Awards_PDFs/Tender_865422.pdf,1,supplier,Ministry of Housing and Public Works,og0001,Rajdhani Unnayan Kartripakkha (RAJUK),og0002,Director (Admin),og0025,,Dhaka,Goods,OTM,Own Fund Own Fund,NA,NA,pr0003,RAJUK/DD_Admin-3/01,RAJUK/DD_Admin-3/01,Purchase of Summer Dress for 361 Employees of 17-20 Grade (4th Class) & Driver of RAJUK (For 2022-2023 Financial Year).,RAJUK/DD_Admin-3/01,Purchase of Summer Dress for 361 Employees of 17-20 Grade (4th Class) & Driver of RAJUK (For 2022-2023 Financial Year).,"RAJUK Bhaban, Motijheel",Total Accessories,co0266,1,"112/1 Fakirapool (3rd Floor), Dhaka-1000",,1426506.247,1426506.247,2023-10-01,2024-02-12,2024-03-11,2024-03-11,2024-05-12,5,4,3,yes,yes,yes,Md. Momin Uddin,pp0118,Director (Admin),0
865423,Contract_Awards_PDFs/Tender_865423.pdf,1,supplier,Ministry of Housing and Public Works,og0001,Rajdhani Unnayan Kartripakkha (RAJUK),og0002,Director (Admin),og0025,,Dhaka,Goods,OTM,Own Fund Own Fund,NA,NA,pr0003,RAJUK/DD_Admin-3/02,RAJUK/DD_Admin-3/02,"Purchase of Shoe, Sandal, Sock and Umbrella for 361 Employees of 17-20 Grade (4th Class) & Driver of RAJUK (For 2022-2023 Financial Year).",RAJUK/DD_Admin-3/02,"Purchase of Shoe, Sandal, Sock and Umbrella for 361 Employees of 17-20 Grade (4th Class) & Driver of RAJUK (For 2022-2023 Financial Year).","RAJUK Bhaban, Motijheel",Total Accessories,co0266,1,"112/1 Fakirapool (3rd Floor), Dhaka-1000",,1268712.037,1268712.037,2023-10-01,2024-02-12,2024-03-11,2024-03-11,2024-05-12,6,5,2,yes,yes,yes,Md. Momin Uddin,pp0118,Director (Admin),0
865569,Contract_Awards_PDFs/Tender_865569.pdf,1,supplier,Ministry of Housing and Public Works,og0001,Chittagong Development Authority,og0009,"Project Director(M.Uddin), Chittagong Development Authority",og0031,,Chattogram,Works,OTM,Own Fund Own Fund,NA,NA,pr0003,"EXEN/Me,St,Qtr/E-104/228",EXEN/MSQ/E-104,"Vertical extension of Boundary wall and roof treatment of Building No-11 with other related work at Mehedibag CDA staff Quarte, Chattogram.","EXEN/Me,St,Qtr/E-104/230","Vertical extension of Boundary wall and roof treatment of Building No-11 with other related work at Mehedibag CDA staff Quarte, Chattogram.",Mehedibag CDA staff Quarte Chattogram,M/s. Bhuiyan Traders,co0267,1,"B.O.C. Mor,Katgar,Dohazari,Satkania,Chittagong-4382",,4403775.886,4403775.886,2023-09-27,2023-11-30,2023-12-10,2023-12-11,2023-12-25,2,2,1,yes,yes,yes,A. H. M. Mesbah Uddin,pp0024,Project Director,0
867256,Contract_Awards_PDFs/Tender_867256.pdf,1,supplier,Ministry of Housing and Public Works,og0001,Khulna Development Authority (KDA),og0016,Office of the Project Director (KDA Bus Terminal),og0022,,Khulna,Works,OTM,Own Fund Own Fund,NA,NA,pr0003,KDA/Busterminal/W1/2023-2024,KDA/Busterminal/W1/2023-2024,Development work of KDA Inter District Bus Terminal.,25.41.0000.021.0230.23,Development work of KDA Inter District Bus Terminal.,Khulna Sonadanga Bus Terminal,M/S RAFID TRADERS,co0268,1,"17/2 Deana South para, Daulatpur, Khulna.",,107298313.662,107298313.662,2023-08-28,2023-11-15,2023-11-20,2023-10-25,2024-10-24,8,7,5,yes,yes,yes,Mortoza Al Mamun,pp0014,Project Director,0
868640,Contract_Awards_PDFs/Tender_868640.pdf,1,supplier,Ministry of Housing and Public Works,og0001,Khulna Development Authority (KDA),og0016,Office of the Project Director (3Link Road),og0075,,Khulna,Works,OTM,Development Government,NA,Construction of 3 (Three) Link Roads Connecting Satkhira Road and City Bypass Road.,pr0064,KDA/3link/WD-2/2023-24,KDA/3link/WD-2/2023-24,Construction of Overpass Bridge at Nirala to City Bypass Link Road,25.41.0000.021.0235.23,Construction of Overpass Bridge at Nirala to City Bypass Link Road,Khulna,DIENCO LIMITED,co0269,1,"Suite-4A, Nakshi Homes, 6/1/A, Topkhana Road, Segunbagicha, Topkhana Road, Dhaka-1000.",,604963771.954,604963771.954,2023-09-04,2024-02-22,2024-03-04,2024-03-07,2025-12-09,2,2,2,yes,yes,yes,Mortoza Al Mamun,pp0014,Project Director,0
870250,Contract_Awards_PDFs/Tender_870250.pdf,1,supplier,Ministry of Housing and Public Works,og0001,Rajdhani Unnayan Kartripakkha (RAJUK),og0002,Purbachal New Town Project,og0015,,Dhaka,Works,OTM,Own Fund Own fund,NA,Purbachal New town Project,pr0009,Rajuk/PD_Purbachal/81,Rajuk/PD_Purbachal/81,Construction of RAJUK Golf Club Boundary Wall at Sector-06 Purbachal New Town Project.,Rajuk/PD_Purbachal/81,Construction of RAJUK Golf Club Boundary Wall at Sector-06 Purbachal New Town Project.,Purbachal New Town project,M/s. M.R. Construction,co0270,1,"147 Motijheel C/A, Sultan Building, (1st Floor) Dhaka.",,119111709.123,119111709.123,2023-09-12,2023-12-04,2023-12-28,2023-11-01,2024-07-28,5,5,2,yes,yes,yes,MOHAMMAD MANIRUL HAQUE,pp0116,Project Director,0
870252,Contract_Awards_PDFs/Tender_870252.pdf,1,supplier,Ministry of Housing and Public Works,og0001,Rajdhani Unnayan Kartripakkha (RAJUK),og0002,Purbachal New Town Project,og0015,,Dhaka,Works,OTM,Own Fund Own fund,NA,Purbachal New town Project,pr0009,Rajuk/PD_Purbachal/83,Rajuk/PD_Purbachal/83,"Construction of Boundary wall at Progati high School in Sector No -03, Road No. 102, Plot No. 43 of Purbachal New Town Project .",Rajuk/PD_Purbachal/83,"Construction of Boundary wall at Progati high School in Sector No -03, Road No. 102, Plot No. 43 of Purbachal New Town Project .",Purbachal New Town project,M/S. Maliha Enterprise,co0109,1,"8, Layal Street, Patuatuli Road, Kotoali, Dhaka.",,8805050.955,8805050.955,2023-09-12,2023-12-04,2024-01-01,2024-01-01,2024-04-30,6,6,6,yes,yes,yes,MOHAMMAD MANIRUL HAQUE,pp0116,Project Director,0
870258,Contract_Awards_PDFs/Tender_870258.pdf,1,supplier,Ministry of Housing and Public Works,og0001,Rajdhani Unnayan Kartripakkha (RAJUK),og0002,Superintending Engineer (Civil Circle-4),og0014,,Dhaka,Works,OTM,Own Fund Own fund,NA,Construction of different types of Buildings/Roads/Infrastructure under RAJUK Jurisdiction,pr0011,Rajuk/SECC-4/Road-1,Rajuk/SECC-4/Road-1,Construction for Widening both side of Lake Drive/Road No-06 from avenue-09 to avenue-03 at Sector No-16 Uttara Residential Area RAJUK.,Rajuk/SECC-4/Road-1,Construction for Widening both side of Lake Drive/Road No-06 from avenue-09 to avenue-03 at Sector No-16 Uttara Residential Area RAJUK.,Uttara Residential Area RAJUK,M/S. Maliha Enterprise,co0109,1,"8, Layal Street, Patuatuli Road, Kotoali, Dhaka.",,14920046.541,14920046.541,2023-09-12,2024-01-01,2024-01-23,2024-01-23,2024-03-24,7,7,3,yes,yes,yes,Md Mobarak Hossain,pp0009,Superintending Engineer,0
870259,Contract_Awards_PDFs/Tender_870259.pdf,1,supplier,Ministry of Housing and Public Works,og0001,Rajdhani Unnayan Kartripakkha (RAJUK),og0002,Superintending Engineer (Civil Circle-4),og0014,,Dhaka,Works,OTM,Own Fund Own fund,NA,Construction of different types of Buildings/Roads/Infrastructure under RAJUK Jurisdiction,pr0011,Rajuk/SECC-4/Road-2,Rajuk/SECC-4/Road-2,Construction for Plaza Road south side of Avenue-03 (Part) (From Western Avenue to Bridge No-10) at Sector-18 of RAJUK Residential Area.,Rajuk/SECC-4/Road-2,Construction for Plaza Road south side of Avenue-03 (Part) (From Western Avenue to Bridge No-10) at Sector-18 of RAJUK Residential Area.,Uttara Residential Area RAJUK,HAIDER & CO.,co0013,1,"1/1 KAMALAPUR BAZAR ROAD, DHAKA",,19308532.5,19308532.500,2023-09-12,2024-01-01,2024-01-23,2024-01-23,2024-03-24,6,6,2,yes,yes,yes,Md Mobarak Hossain,pp0009,Superintending Engineer,0
870260,Contract_Awards_PDFs/Tender_870260.pdf,1,supplier,Ministry of Housing and Public Works,og0001,Rajdhani Unnayan Kartripakkha (RAJUK),og0002,Superintending Engineer (Civil Circle-4),og0014,,Dhaka,Works,OTM,Own Fund Own fund,NA,Construction of different types of Buildings/Roads/Infrastructure under RAJUK Jurisdiction,pr0011,Rajuk/SECC-4/Road-3,Rajuk/SECC-4/Road-3,"Construction for Plaza Road south side of Sonargaon Janapoth Road (Bridge No-12 to Road No-08), Block No-J, Sector No-16 of RAJUK Residential Area.",Rajuk/SECC-4/Road-3,"Construction for Plaza Road south side of Sonargaon Janapoth Road (Bridge No-12 to Road No-08), Block No-J, Sector No-16 of RAJUK Residential Area.",Uttara Residential Area RAJUK,M/S. A. R. Enterprise,co0016,1,"House-08, Road-02, Diyabari, Uttara, Dhaka-1230 Contact No:01935968075, 01707568905",,8637145.857,8637145.857,2023-09-12,2023-12-26,2024-01-23,2024-01-23,2024-03-03,8,6,2,yes,yes,yes,Md Mobarak Hossain,pp0009,Superintending Engineer,0
870261,Contract_Awards_PDFs/Tender_870261.pdf,1,supplier,Ministry of Housing and Public Works,og0001,Rajdhani Unnayan Kartripakkha (RAJUK),og0002,Superintending Engineer (Civil Circle-4),og0014,,Dhaka,Works,OTM,Own Fund Own fund,NA,Construction of different types of Buildings/Roads/Infrastructure under RAJUK Jurisdiction,pr0011,Rajuk/SECC-4/Road-4,Rajuk/SECC-4/Road-4,"Earth Filling for the Plantation & barbet wire fencing the place of Greenbelt at the west side of lake No#10 (From Bridge 11 to 12), Sector-16 of Uttara Residential Town, RAJUK.",Rajuk/SECC-4/Road-4,"Earth Filling for the Plantation & barbet wire fencing the place of Greenbelt at the west side of lake No#10 (From Bridge 11 to 12), Sector-16 of Uttara Residential Town, RAJUK.",Uttara Residential Area RAJUK,M/S. AMIN TRADING CORPORATION,co0197,1,"99, Motijeel, C/A, Korim Chamber, Room No- 702 (6th Floor)",,22753866.771,22753866.771,2023-09-12,2023-12-26,2024-01-23,2024-01-23,2024-03-03,6,6,5,yes,yes,yes,Md Mobarak Hossain,pp0009,Superintending Engineer,0
879523,Contract_Awards_PDFs/Tender_879523.pdf,1,supplier,Ministry of Housing and Public Works,og0001,Rajdhani Unnayan Kartripakkha (RAJUK),og0002,"Construction of multi-storied apartment Buildings on 9(Nine) nos abandoned plot at Gulshan,Mohammadpur, Lalmatia & Dhanmondi, Dhaka.",og0006,,Dhaka,Goods,OTM,Own Fund Own Fund,NA,NA,pr0003,RAJUK/PD_9apt/Fire Hydrant/Building_08,RAJUK/PD_9apt/Fire_Bldg-8,"Supply, installation, testing and commissioning of fire-hydrant system for 13 (thirteen) storied apartment building at Dhanmondi R/A, Road no. 21(old), 11/a (new), Plot no. 226 (old), 90 (new).",RAJUK/PD_9apt/Fire Hydrant/Building_08,"Supply, installation, testing and commissioning of fire-hydrant system for 13 (thirteen) storied apartment building at Dhanmondi R/A, Road no. 21(old), 11/a (new), Plot no. 226 (old), 90 (new).",Dhanmondi,Rangpur Metal Industries Limited,co0271,1,PRAN RFL Center 105 Middle Badda Dhaka,,14058755.285,14058755.285,2023-10-01,2023-12-10,2024-01-04,2024-01-04,2024-08-29,5,3,2,yes,yes,yes,Rahat Muslemin,pp0003,PD (9apt),0
882631,Contract_Awards_PDFs/Tender_882631.pdf,1,supplier,Ministry of Housing and Public Works,og0001,Rajdhani Unnayan Kartripakkha (RAJUK),og0002,Director (Admin),og0025,,Dhaka,Goods,OTM,Own Fund Own Fund,NA,NA,pr0003,RAJUK/DD_Admin-3/03,RAJUK/DD_Admin-3/03,Supply of different stationery items for official purpose of RAJUK.,RAJUK/DD_Admin-3/03,Supply of different stationery items for official purpose of RAJUK.,"RAJUK Bhaban, Motijheel",Shapla Enterprise,co0230,1,"9K,Motijheel, C/A, Dhaka-1000.",,4863789.367,4863789.367,2023-10-10,2024-02-12,2024-03-11,2024-03-11,2025-03-11,4,4,1,yes,yes,yes,Md. Momin Uddin,pp0118,Director (Admin),0
882632,Contract_Awards_PDFs/Tender_882632.pdf,1,supplier,Ministry of Housing and Public Works,og0001,Rajdhani Unnayan Kartripakkha (RAJUK),og0002,Director (Admin),og0025,,Dhaka,Goods,OTM,Own Fund Own Fund,NA,NA,pr0003,RAJUK/DD_Admin-3/04,RAJUK/DD_Admin-3/04,Purchase of various printing items for official purpose of RAJUK.,RAJUK/DD_Admin-3/04,Purchase of various printing items for official purpose of RAJUK.,"RAJUK Bhaban, Motijheel",Evergreen Printing press,co0060,1,"2/3 Mohini Mohon Das Lane Shambazar,Dhaka-1100",,1537990.205,1537990.205,2023-10-10,2024-02-12,2024-03-11,2024-03-11,2025-03-11,4,4,1,yes,yes,yes,Md. Momin Uddin,pp0118,Director (Admin),0
887587,Contract_Awards_PDFs/Tender_887587.pdf,1,supplier,Ministry of Housing and Public Works,og0001,Rajdhani Unnayan Kartripakkha (RAJUK),og0002,Office of the Superintending Engineer (Mechanical),og0008,,Dhaka,Goods,OTM,Own Fund Own fund,NA,Repair Maintenance of Heavy Machinery & Equipment,pr0004,SEMECH-4,SEMECH-4,Supply and fitting fixing of 05(Five) Nos. new Tyre for Pay-Loader No-04.,25.39.0000.060.26.137.05012023,Supply and fitting fixing of 05(Five) Nos. new Tyre for Pay-Loader No-04.,Mohakhali RAJUK Zonal Office,Aliza Enterprise,co0005,1,"610, Shewrapara, Mirpur, Dhaka-1216",,839337.005,839337.005,2023-10-22,2024-01-11,2024-02-08,2024-02-08,2024-04-08,2,1,1,yes,yes,yes,Sabbir Bin Taher,pp0005,Sup. Eng. (Mechanical),0
887588,Contract_Awards_PDFs/Tender_887588.pdf,1,supplier,Ministry of Housing and Public Works,og0001,Rajdhani Unnayan Kartripakkha (RAJUK),og0002,Office of the Superintending Engineer (Mechanical),og0008,,Dhaka,Goods,OTM,Own Fund Own fund,NA,Repair Maintenance of Heavy Machinery & Equipment,pr0004,SEMECH-5,SEMECH-5,Supply and fitting fixing of 11(Eleven) Nos. new Tyre for Dump Truck-2.,25.39.0000.060.26.135,Supply and fitting fixing of 11(Eleven) Nos. new Tyre for Dump Truck-2.,Mohakhali RAJUK Zonal Office,MULTITRADE INTERNATIONAL,co0043,1,"113/2/1 BCC ROAD, 1ST FLOOR, WARI, DHAKA-1203",,825000.011,825000.011,2023-10-22,2024-01-11,2024-02-08,2024-02-08,2024-04-08,4,3,3,yes,yes,yes,Sabbir Bin Taher,pp0005,Sup. Eng. (Mechanical),0
887589,Contract_Awards_PDFs/Tender_887589.pdf,1,supplier,Ministry of Housing and Public Works,og0001,Rajdhani Unnayan Kartripakkha (RAJUK),og0002,Office of the Superintending Engineer (Mechanical),og0008,,Dhaka,Goods,OTM,Own Fund Own fund,NA,Repair Maintenance of Heavy Machinery & Equipment,pr0004,SEMECH-6,SEMECH-6,Supply and fitting fixing of 11(Eleven) Nos. new Tyre for Dump Truck-3.,25.39.0000.060.26.136.05012023,Supply and fitting fixing of 11(Eleven) Nos. new Tyre for Dump Truck-3.,Mohakhali RAJUK Zonal Office,M/S. Maliha Enterprise,co0109,1,"8, Layal Street, Patuatuli Road, Kotoali, Dhaka.",,836825.011,836825.011,2023-10-22,2024-01-11,2024-02-07,2024-02-07,2024-04-07,3,3,3,yes,yes,yes,Sabbir Bin Taher,pp0005,Sup. Eng. (Mechanical),0
888738,Contract_Awards_PDFs/Tender_888738.pdf,1,supplier,Ministry of Housing and Public Works,og0001,Rajdhani Unnayan Kartripakkha (RAJUK),og0002,Office of the Superintending Engineer (Electrical),og0011,,Dhaka,Goods,OTM,Own Fund Own fund,NA,Lift Purchase,pr0084,Rajuk/Electrical-1/23/G-05,Rajuk/Electrical-1/23/G-05,"Supply, Installation, Testing & Commissioning of 02 Nos 800 KG Passenger Lift at Rajuk Annex Building.",25.39.0000.063.07.001.2023,"Supply, Installation, Testing & Commissioning of 02 Nos 800 KG Passenger Lift at Rajuk Annex Building.",Rajuk Annex Building,Concept Elevators & Engineering Ltd.,co0042,1,"Reg. Office: 656, Road-14, Baitul Aman Housing Society Adabor, Mohammadpur, Dhaka-1207",,17878787.727,17878787.727,2023-11-02,2024-01-23,2024-02-20,2024-02-20,2024-10-20,2,1,1,yes,yes,yes,MOHAMMAD NAZMUS SAKIB JAMALI,pp0007,Sup. Eng. (Elec.),0
888828,Contract_Awards_PDFs/Tender_888828.pdf,1,supplier,Ministry of Housing and Public Works,og0001,Rajdhani Unnayan Kartripakkha (RAJUK),og0002,Office of the Superintending Engineer (Electrical),og0011,,Dhaka,Works,OTM,Own Fund Own fund,NA,Lift and Electrical Equipement Repare,pr0006,Rajuk/Electrical-1/23/W-01,Rajuk/Electrical-1/23/W-01,"02 (Two) Years Servicing, Operation & Maintenance of 02 Nos Passenger Lift at Malibagh Officers Quarter.",25.39.0000.063.07.025.2022,"02 (Two) Years Servicing, Operation & Maintenance of 02 Nos Passenger Lift at Malibagh Officers Quarter.",Rajuk Officers Quarter.,Daffodil Electric Company,co0100,1,"Kazi Tower, Flat 6B, 86, Inner Circular VIP Road Naya Paltan, Dhaka-1000.",,2130000.096,2130000.096,2023-11-02,2024-01-23,2024-02-20,2024-02-20,2026-02-19,1,1,1,yes,yes,yes,MOHAMMAD NAZMUS SAKIB JAMALI,pp0007,Sup. Eng. (Elec.),0
889937,Contract_Awards_PDFs/Tender_889937.pdf,1,supplier,Ministry of Housing and Public Works,og0001,Rajdhani Unnayan Kartripakkha (RAJUK),og0002,Superintending Engineer (Civil Circle-4),og0014,,Dhaka,Works,OTM,Own Fund Own fund,NA,Construction of different types of Buildings/Roads/Infrastructure under RAJUK Jurisdiction,pr0011,Rajuk/SECC-4/Road-5,Rajuk/SECC-4/Road-5,"Repair & renovation of Road #05, 3A, 02 & 08 of Sector-16 and Construction Pucca Surface drain of Road #5, 3A, 02 & 08 of Block- A&B at Sector-16 & Road# 4B, 03 of Block-G at Sector-15 RAJUK, Dhaka.",Rajuk/SECC-4/Road-5,"Repair & renovation of Road #05, 3A, 02 & 08 of Sector-16 and Construction Pucca Surface drain of Road #5, 3A, 02 & 08 of Block- A&B at Sector-16 & Road# 4B, 03 of Block-G at Sector-15 RAJUK, Dhaka.",Uttara Residential Area RAJUK,Starlite Services Limited,co0019,1,"Planners Tower(16th Floor), Suit No: 8-11,13/A, Sonargaon Road, Dhaka-1000.",,25273304.235,25273304.235,2023-11-05,2024-01-25,2024-02-22,2024-02-22,2024-05-22,4,2,1,yes,yes,yes,Md Mobarak Hossain,pp0009,Superintending Engineer,0
889938,Contract_Awards_PDFs/Tender_889938.pdf,1,supplier,Ministry of Housing and Public Works,og0001,Rajdhani Unnayan Kartripakkha (RAJUK),og0002,Superintending Engineer (Civil Circle-4),og0014,,Dhaka,Works,OTM,Own Fund Own Fund,NA,NA,pr0003,RAJUK/imp-06/Sec-6/Zonal Office-1,RAJUK/imp-06/Sec-6/Zonal Office-1,Constructing and Renovations of Record Room and Zonal Directors Office at the west side in 2nd floor of RAJUK Zonal Office Sector-6 at Uttara.,RAJUK/imp-06/Sec-6/Zonal Office-1,Constructing and Renovations of Record Room and Zonal Directors Office at the west side in 2nd floor of RAJUK Zonal Office Sector-6 at Uttara.,Uttara Residential Area RAJUK,M/S. AMIN TRADING CORPORATION,co0197,1,"99, Motijeel, C/A, Korim Chamber, Room No- 702 (6th Floor)",,5685032.997,5685032.997,2023-11-05,2024-01-25,2024-02-18,2024-02-18,2024-05-19,3,3,2,yes,yes,yes,Md Mobarak Hossain,pp0009,Superintending Engineer,0
89106,Contract_Awards_PDFs/Tender_89106.pdf,1,supplier,Ministry of Housing and Public Works,og0001,Rajdhani Unnayan Kartripakkha (RAJUK),og0002,Office of the Chief Engineer (Implementation),og0032,CE-01,Dhaka,Works,OTM,Own Fund Own fund,NA,Uttara Lake Development Project,pr0079,Rajuk/PD_Lake/Uttara-01,Rajuk/Uttara_Lake/01,Lake excavation sludge removal and bank protection Work of Uttara lake Group-A.,Rajuk/PD_Lake_Uttara/01,Lake excavation sludge removal and bank protection Work of Uttara lake (Group-A).,Uttara Residential Area,"Starlite Services Ltd & Convoy Service JV ( JVCA Partners [Business Share]: CONVOY SERVICE [0.000%] , Starlite Services Limited [0.000%] )",co0272,1,"Planners Tower (16th Floor), 13/A, Bipanan C/A, Sonargaon Road, Dhaka-1000",,126193349.781,126193349.781,2017-04-03,2017-08-16,2017-10-23,2017-06-01,2018-05-30,9,5,1,yes,yes,no,A S M Raihanul Ferodus,pp0053,"Chief Engineer, Implementation",0
891746,Contract_Awards_PDFs/Tender_891746.pdf,1,supplier,Ministry of Housing and Public Works,og0001,Rajdhani Unnayan Kartripakkha (RAJUK),og0002,Office of the Superintending Engineer (Electrical),og0011,,Dhaka,Works,OTM,Own Fund Own fund,NA,Festival/event/contribution,pr0013,Rajuk/Electrical-1/23/W-02,Rajuk/Electrical-1/23/W-02,Temporary illumination of Rajuk Bhaban & Narayanganj Zonal Office in different Religious Festivals & State days.,25.39.0000.063.07.014.2023,Temporary illumination of Rajuk Bhaban & Narayanganj Zonal Office in different Religious Festivals & State days.,Rajuk Bhaban & Narayanganj Zonal Office,M/S TANIN ENTERPRISE,co0041,1,"150 MOTIJHEEL, NAHAR MANSION 3RD FLOOR, C/A DHAKA.",,2388323.727,2388323.727,2023-11-02,2023-12-05,2023-12-14,2023-12-14,2024-12-12,2,2,2,yes,yes,yes,Sabbir Bin Taher,pp0005,Sup. Eng. (Elec.),0
89768,Contract_Awards_PDFs/Tender_89768.pdf,1,supplier,Local Government Division,og0027,Department of Public Health Engineering (DPHE),og0076,"Office of the Executive Engineer DPHE, Lakshmipur",og0077,,Laksmipur,Works,OTM,"Development Government, Aid or Grant","Asian Development Bank (ADB), Japan International Cooperation agency(JICA)",Third Primary Education Development Program(PEDP-3)(DPHE Part),pr0085,"PD/46.203.2600.519.16.070.15-864, Dated:31/01/17",WB-2415,Construction of 5 nos. WASH Block Building -Single storied 1 Inspection Pit 1 Rectangular Leach Pit 1 Soak Well Sanitary & Electrical works Running water supply etc & Existing WASH Block repair at Ramgoti Upazila of Lakshmlpur District.,"46.203.5100.061.07.265.15-252, Dated: 11/04/17",Construction of 5 nos. WASH Block (Building -Single storied 1 Inspection Pit 1 Rectangular Leach Pit 1 Soak Well Sanitary & Electrical works Running water supply) etc & Existing WASH Block repair at Ramgoti Upazila of Lakshmlpur District.,Ramgati,M/S. Mukta Enterprise,co0273,1,"Uttar Te-muhuni, Upazila- Sadar, Dist.- Laxmipur.",,2729526.828,2729526.828,2017-03-02,2017-04-11,2017-04-27,2017-04-02,2017-07-31,4,2,2,yes,yes,yes,PE Lakshmipur,pp0119,Executive Engineer,0
901824,Contract_Awards_PDFs/Tender_901824.pdf,1,supplier,Ministry of Housing and Public Works,og0001,Rajdhani Unnayan Kartripakkha (RAJUK),og0002,Purbachal New Town Project,og0015,,Dhaka,Works,OTM,Own Fund Own fund,NA,Purbachal New town Project,pr0009,Rajuk/PD_Purbachal/RDC_6,Rajuk/PD_Purbachal/RDC_6,"Construction of Remaining Internal Road and Surface Drain at Sector-17(Part) of Purbachal New Town Project (RDC-17, Lot-04).",Rajuk/PD_Purbachal/RDC_6,"Construction of Remaining Internal Road and Surface Drain at Sector-17(Part) of Purbachal New Town Project (RDC-17, Lot-04).",Purbachal New Town project,"SS-RI JV ( JVCA Partners [Business Share]: M/S. Raju International [49.000%] , M/S. Sharif & Sons [51.000%] )",co0274,1,"Modhumati Super Market, 717, Panchuria, Gopalgonj-8100.",,43936248.816,43936248.816,2023-11-15,2024-01-01,2024-01-29,2024-06-29,2024-06-29,11,11,1,yes,yes,yes,MOHAMMAD MANIRUL HAQUE,pp0116,Project Director,0
902293,Contract_Awards_PDFs/Tender_902293.pdf,1,supplier,Ministry of Housing and Public Works,og0001,Rajdhani Unnayan Kartripakkha (RAJUK),og0002,Purbachal New Town Project,og0015,,Dhaka,Works,OTM,Own Fund Own fund,NA,Purbachal New town Project,pr0009,Rajuk/PD_Purbachal/RDC_85,Rajuk/PD_Purbachal/RDC_85,"Construction of Remaining Road & Surface Drain work at Sector-04 (Part) of Purbachal New Town Project (Package No- PNTP/RDC/S4, Lot- 02).",Rajuk/PD_Purbachal/RDC_85,"Construction of Remaining Road & Surface Drain work at Sector-04 (Part) of Purbachal New Town Project (Package No- PNTP/RDC/S4, Lot- 02).",Purbachal New Town project,"Rana Builders (Pvt.) Ltd. - M/s. Shafique and Sons (JV) ( JVCA Partners [Business Share]: Rana Builders (Pvt.) Ltd. [51.000%] , M/s Shafique and Sons [49.000%] )",co0203,1,"Cha-72/1, Pragoti Sarani, North Badda, Dhaka-1212.",,105822700.038,105822700.038,2023-11-15,2023-12-24,2024-01-21,2024-01-01,2024-09-27,6,5,1,yes,yes,yes,MOHAMMAD MANIRUL HAQUE,pp0116,Project Director,0
909179,Contract_Awards_PDFs/Tender_909179.pdf,1,supplier,Ministry of Housing and Public Works,og0001,Chittagong Development Authority,og0009,"Construction Division-1, Chattogram Development Authority",og0021,2001,Chattogram,Works,OTM,Own Fund Own Fund,NA,NA,pr0003,PD/Dewanhat/PABX&CCTV/E-38/48,PD/Dewanhat/PABXCCTV/E,"Supplying, installation, testing & commissioning of Digital PABX system & CCTV system at CDA Dewanhat Apartment.",Pd/dewanhat/PABXCCTV/e/38/60,"Supplying, installation, testing & commissioning of Digital PABX system & CCTV system at CDA Dewanhat Apartment.",Dewanhat,MS TECHNOLOGIES LIMITED,co0008,1,"MM Tower (5th), CDA Avenue Road, Besides Sanmar Ocean City, PO: Khulshi, PS: Panchlaish. Chattogram.",,2640523.644,2640523.644,2023-11-30,2024-01-29,2024-02-13,2024-02-14,2024-06-27,3,2,2,yes,yes,yes,Kazi Kader Newaz,pp0006,Executive Engineer,0
909193,Contract_Awards_PDFs/Tender_909193.pdf,1,supplier,Ministry of Housing and Public Works,og0001,Chittagong Development Authority,og0009,Project Director (CDA Square),og0010,,Chattogram,Works,OTM,Own Fund Own fund,NA,"Construction of CDA Square at Nasirabad, Chittagong",pr0005,PD/CDASQR/esubstation/e59/307,pd/cdasqr/substation/e59,"Supply, Installation, Testing & Commissioning of 2500 KVA SUB-STATION & BBT System work at CDA SQUARE Project.",PD/CDASQR/esubstation/e59/344,"Supply, Installation, Testing & Commissioning of 2500 KVA SUB-STATION, BBT System work at CDA SQUARE Project.","Nasirabad, Chattogram",Ocean Electrical Limited,co0275,1,"Charpatherghata, Azim Para, Karnaphulli, Chittagong.",,53131569.948,53131569.948,2023-11-29,2024-01-30,2024-02-13,2024-02-09,2024-06-30,8,6,2,yes,yes,yes,Kazi Kader Newaz,pp0006,Assistant Engineer,0
909196,Contract_Awards_PDFs/Tender_909196.pdf,1,supplier,Ministry of Housing and Public Works,og0001,Chittagong Development Authority,og0009,"Construction Division-1, Chattogram Development Authority",og0021,2001,Chattogram,Works,OTM,Own Fund Own Fund,NA,NA,pr0003,PD/Dewanhat/FireFighting/E-37/49,PD/dewanhat/firefighting/e,"Fire Fighting & Related Works (Remaining Works) at CDA Dewanhat Apartment Complex, Chattogram.",Pd/dewanhat/fireftremwork/e/37/59,"Fire Fighting & Related Works (Remaining Works) at CDA Dewanhat Apartment Complex, Chattogram.","Dewanhat, Chattogram",MS TECHNOLOGIES LIMITED,co0008,1,"MM Tower (5th), CDA Avenue Road, Besides Sanmar Ocean City, PO: Khulshi, PS: Panchlaish. Chattogram.",,5896865.104,5896865.104,2023-11-29,2024-01-29,2024-02-01,2024-02-04,2025-06-26,2,2,2,yes,yes,yes,Kazi Kader Newaz,pp0006,Executive Engineer,0
91142,Contract_Awards_PDFs/Tender_91142.pdf,1,supplier,Ministry of Housing and Public Works,og0001,Chittagong Development Authority,og0009,Project Director(Shishukanon),og0078,,Chittagong,Works,OTM,Own Fund Own fund,NA,CDA Mehedibag Shishukanon Kindergarten School,pr0086,PD/SHISHU KANON SCHOOL/E-29/52,e-TENDERpd/shishukanonschool/e-29,Construction of 02 two storied building with 05 five storied foundation of CDA Mehedibaag shishu kanon kindergarten school.,PD/SHISHU KANON SCHOOL/E-29/52,Construction of 02( two) storied building with 05 (five) storied foundation of CDA Mehedibaag shishu kanon kindergarten school.,CDA Mehedibag Staff Quartter Chittagong,M/S. Raquib & Brothers,co0012,1,"34/B, Buddhist Temple Road, Nandankanan, Chittagong.",,17986218.291,17986218.291,2017-03-16,2017-04-27,2017-05-16,2017-05-03,2018-05-02,15,12,4,yes,yes,yes,A H M Mesbah Uddin,pp0024,Assistant Engineer,0
916128,Contract_Awards_PDFs/Tender_916128.pdf,1,supplier,Ministry of Housing and Public Works,og0001,Cox's Bazar Development Authority,og0020,Cox's Bazar Development Authority,og0020,,Cox's Bazar,Works,OTM,Own Fund Own Fund,NA,NA,pr0003,CoxDA/OF/2023-24/Works/OTM/Re 5no. Sculpture,CoxDA/OF/2023-24/Works/OTM/5no. Sculpture,Repair and maintenance works for 5no.Sculpture of CoxDA.,CoxDA/OF/2023-24/Works/OTM/Re 5no. Sculpture,Repair and maintenance works for 5no.Sculpture of CoxDA.,Coxs Bazar Sadar,R R Enterprise,co0276,1,"North Peskerpara, Coxs Bazar Pourashava, Sadar, Coxs Bazar",,2241467.989,2241467.989,2023-11-29,2024-01-04,2024-01-17,2024-01-18,2025-02-13,2,2,2,yes,yes,yes,Tahsin Bin Alam,pp0013,Member (Engineer),0
917088,Contract_Awards_PDFs/Tender_917088.pdf,1,supplier,Ministry of Housing and Public Works,og0001,Chittagong Development Authority,og0009,Project Director (CCORRP),og0066,,Chattogram,Works,OTM,"Development Government, Aid or Grant",NA,Chattogram City Outer Ring Road (Patenga to Sagorika),pr0071,25.47.1500.050.58.412.23-132,PD/CCORRP/RS-2/Tender/412,"Construction of Two Storied Mosque Building, RCC Retaining Wall & Culvert at Resettlement Site-2 under CCORRP",PD/CCRRP/RS-2/Tender/412/162,"Construction of Two Storied Mosque Building, RCC Retaining Wall & Culvert at Resettlement Site-2 under CCORRP","North Patenga, South Patenga","RNYB Ltd - A.T Construction JV. JV. ( JVCA Partners [Business Share]: RN Yakub & Brothers Private Limited. [51.000%] , M/S. A.T. Construction [49.000%] )",co0277,1,"Azad Bhaban (6th floor), Jamal Khan Road, Chattogram",,161596296.849,161596296.849,2023-12-19,2024-04-23,2024-05-05,2024-02-22,2024-12-31,1,1,1,yes,yes,yes,Kazi Hasan Bin Shams,pp0105,Chief Engineer,0
918775,Contract_Awards_PDFs/Tender_918775.pdf,1,supplier,Ministry of Housing and Public Works,og0001,Chittagong Development Authority,og0009,Superintending Engineer-2,og0079,,Chattogram,Works,OTM,Own Fund Own Fund,NA,NA,pr0003,SE2/Saltgola/CentralAC/50/,SE2/Saltgola/CentralAC/50,"Supply And Installation of Central AC System Including all required equipment and accessories at ""CDA Saltgola Shopping Mall"", Chattogram.",SE2/Saltgola/CentralAC/50/41,"Supply And Installation of Central AC System Including all required equipment and accessories at ""CDA Saltgola Shopping Mall""","Saltgola, Chattogram",Cooltech Corporation,co0093,1,"29 MM Ali Road, Lalkhan Bazar, Chattogram, Bangladesh",,74713501.266,74713501.266,2023-12-05,2024-01-16,2024-01-25,2024-01-09,2024-04-08,2,1,1,yes,yes,yes,A A M Habibur Rahman,pp0020,Superintending Engineer,0
920946,Contract_Awards_PDFs/Tender_920946.pdf,1,supplier,Ministry of Housing and Public Works,og0001,Rajdhani Unnayan Kartripakkha (RAJUK),og0002,Purbachal New Town Project,og0015,,Dhaka,Works,OTM,Own Fund Own fund,NA,Purbachal New town Project,pr0009,Rajuk/PD_Purbachal/87,Rajuk/PD_Purbachal/87,"Construction of Remaining Road No-125 including Surface Drain at Sector # 30 of Purbachal New Town Project (Package No-RDC-30, Lot- 01).",Rajuk/PD_Purbachal/87,"Construction of Remaining Road No-125 including Surface Drain at Sector # 30 of Purbachal New Town Project (Package No-RDC-30, Lot- 01).",Purbachal New Town project,M/S. Sharif & Sons,co0017,1,"Eastern Arzoo, Suite No: 11/08, 61, Bijoynagar, Dhaka-1000.",,52288766.803,52288766.803,2023-12-13,2024-03-20,2024-04-17,2024-02-01,2024-07-30,8,8,3,yes,yes,yes,MOHAMMAD MANIRUL HAQUE,pp0116,Project Director,0
925146,Contract_Awards_PDFs/Tender_925146.pdf,1,supplier,Ministry of Housing and Public Works,og0001,Cox's Bazar Development Authority,og0020,Cox's Bazar Development Authority,og0020,,Cox's Bazar,Goods,OTM,Revenue Government,NA,NA,pr0003,CoxDA/Rev/23-24/OTM/Goods/Stationary,CoxDA/Rev/23-24/OTM/Goods/Stationary,Supply of different Stationery Items for Cox's Bazar Development Authority at Cox's Bazar. FY 2023-24,oxDA/Rev/23-24/OTM/Goods/Stationary,Supply of different Stationery Items for Cox's Bazar Development Authority at Cox's Bazar. FY 2023-24,Coxs Bazar,R R Enterprise,co0276,1,"North Peskerpara, Coxs Bazar Pourashava, Sadar, Coxs Bazar",,759747.893,759747.893,2023-12-14,2024-01-17,2024-01-23,2024-01-23,2024-02-22,2,1,1,yes,yes,yes,Tahsin Bin Alam,pp0013,Member (Engineer),0
925988,Contract_Awards_PDFs/Tender_925988.pdf,1,supplier,Ministry of Housing and Public Works,og0001,Cox's Bazar Development Authority,og0020,Cox's Bazar Development Authority,og0020,,Cox's Bazar,Works,OTM,Revenue Government,NA,NA,pr0003,CoxDA/Rev/2023-24/Works/OTM/Sculpture/MOH,CoxDA/Rev/2023-24/Works/OTM/Sculpture/MOH,Construction of Sculpture at Moheshkhali Jetty. FY 2023-24 (2nd Phase),CoxDA/Rev/2023-24/Works/OTM/Sculpture/MOH,Construction of Sculpture at Moheshkhali Jetty. FY 2023-24 (2nd Phase),"Moheskhali, CoxsBazar",H.A Enterprise,co0236,1,"Laldigir Par, Main Road, Coxs Bazar, Bangladesh",,9995244.021,9995244.021,2023-12-18,2024-01-17,2024-01-23,2024-01-25,2024-05-30,2,2,1,yes,yes,yes,Tahsin Bin Alam,pp0013,Member (Engineer),0
926607,Contract_Awards_PDFs/Tender_926607.pdf,1,supplier,Ministry of Housing and Public Works,og0001,Rajdhani Unnayan Kartripakkha (RAJUK),og0002,Development of Residential and commercial Infrastructure at Jhilmil Residential Project Area,og0023,,Dhaka,Works,OTM,Own Fund Own fund,NA,Development of Residential and Commercial Infrastructure at Jhilmil Residential Project Area.,pr0017,RAJUK/PD_JHILMIL/Mosque-1,RAJUK/PD_JHILMIL/Mosque-1,Construction of 4(Four) Storied Masjid at Sector-2 Development of Residential and Commercial Infrastructure at Jhilmil Residential Project Area.,RAJUK/PD_JHILMIL/Mosque-1,Construction of 4(Four) Storied Masjid at Sector-2 Development of Residential and Commercial Infrastructure at Jhilmil Residential Project Area.,Jhilmil Residential Project Area,"Anik Trading and Construction-Fastbuild JV ( JVCA Partners [Business Share]: FASTBUILD [75.000%] , Anik Trading and Construction Limited [25.000%] )",co0278,1,"House #8/4A (4th & 5th Floor), Block #A, Lalmatia, Dhaka-1207, Bangladesh",,250839121.923,250839121.923,2024-01-30,2024-06-03,2024-06-24,2024-04-04,2025-05-29,7,5,5,yes,yes,yes,Md. Aminur Rahman,pp0015,PD (Jhilmil),0
926623,Contract_Awards_PDFs/Tender_926623.pdf,1,supplier,Ministry of Housing and Public Works,og0001,Rajdhani Unnayan Kartripakkha (RAJUK),og0002,Superintending Engineer (Civil Circle-2),og0080,,Dhaka,Works,OTM,Own Fund Own fund,NA,Zonal Office Development at Different Location.,pr0087,Rajuk/SECC-2,Rajuk/SECC-2,"Internal decoration, misscellaneous repair nad renovation work of RAJUK Zonal Office (Zone-5) Situated at Monem Business District Tower.",Rajuk/SECC-2,"Internal decoration, misscellaneous repair nad renovation work of RAJUK Zonal Office (Zone-5) Situated at Monem Business District Tower.",RAJUK Zonal Office,Nur Traders,co0279,1,"51, Naya Paltan, Paltan, Dhaka-1000",,4722959.142,4722959.142,2024-02-12,2024-05-19,2024-06-13,2024-06-13,2024-09-12,6,6,2,yes,yes,yes,Md. Aminur Rahman,pp0015,Superintending Engineer,0
932337,Contract_Awards_PDFs/Tender_932337.pdf,1,supplier,Ministry of Housing and Public Works,og0001,Rajdhani Unnayan Kartripakkha (RAJUK),og0002,Purbachal New Town Project,og0015,,Dhaka,Works,OTM,Own Fund Own fund,NA,Purbachal New town Project,pr0009,Rajuk/PD_Purbachal/BRIDGE,Rajuk/PD_Purbachal/BRIDGE,Construction of Aesthetic Railing with ancillary work for 15 nos. Internal Bridges of Gazipur Part at Purbachal New Town Project.,Rajuk/PD_Purbachal/BRIDGE,Construction of Aesthetic Railing with ancillary work for 15 nos. Internal Bridges of Gazipur Part at Purbachal New Town Project.,Purbachal New Town project,Khokan Construction & Engineering Ltd,co0280,1,"154, Mosjid Bhaban, Room# 310, Level: 2, Motijheel C/A, Dhaka-1000",,153774163.71,153774163.710,2024-01-10,2024-04-15,2024-05-13,2024-03-03,2024-11-28,7,3,1,yes,yes,yes,MOHAMMAD MANIRUL HAQUE,pp0116,Project Director,0
935037,Contract_Awards_PDFs/Tender_935037.pdf,1,supplier,Ministry of Housing and Public Works,og0001,Rajshahi Development Authority,og0004,Office of the Chairman,og0030,,Rajshahi,Works,OTM,Development Government,NA,"The Father of the Nation Bangabandu Sheikh Mujibur Rahman Square, at Talaimary Chattar, Rajshahi (1st Revised).",pr0082,25.40.0000.002.14.896.24.11 date:10.01.2024,RDA/BB square/W/2023-2024/03,"Construction of the Father of the Nation Bangabandhu Sheikh Mujibur Rahman Square at Talaimary chattar Rajshahi (Sub-head: Casting, Supply & installation for Sculpture of the Father of the Nation Bangabandhu Sheikh Mujibur Rahman).",25.40.0000.002.14.896.24.150 date:23/03/2024,"Construction of the Father of the Nation Bangabandhu Sheikh Mujibur Rahman Square at Talaimary chattar Rajshahi (Sub-head: Casting, Supply & installation for Sculpture of the Father of the Nation Bangabandhu Sheikh Mujibur Rahman).",Rajshahi,RUPOKAR,co0281,1,"69/3, Road-7/A, 4th floor, Dhanmondi, Dhaka-1209",,4498000.001,4498000.001,2024-01-14,2024-03-23,2024-04-04,2024-03-05,2024-06-23,2,2,1,yes,yes,yes,Md. Abdullah Al Tarique,pp0002,Executive Engineer,0
935064,Contract_Awards_PDFs/Tender_935064.pdf,1,supplier,Ministry of Housing and Public Works,og0001,Cox's Bazar Development Authority,og0020,Cox's Bazar Development Authority,og0020,,Cox's Bazar,Goods,OTM,Revenue Government,NA,NA,pr0003,CoxDA/Rev/2023-24/Goods/OTM/Gift Item Purchase,CoxDA/Rev/2023-24/Goods/OTM/Gift Item Purchase,Supply of Gift Items for Cox's Bazar Development Authority at Cox's Bazar. FY 2023-24,CoxDA/Rev/2023-24/Goods/OTM/Gift Item Purchase,Supply of Gift Items for Cox's Bazar Development Authority at Cox's Bazar. FY 2023-24,Coxs Bazar,S. R. Trade International,co0282,1,"3/A, Kawran Bazar, Hasne Tower, Tejgaon, Dhaka-1215, Cell-01680575060",,1719003.45,1719003.450,2024-01-09,2024-02-13,2024-02-27,2024-03-03,2024-04-01,4,4,2,yes,yes,yes,Tahsin Bin Alam,pp0013,Member (Engineer),0
935084,Contract_Awards_PDFs/Tender_935084.pdf,1,supplier,Ministry of Housing and Public Works,og0001,Rajdhani Unnayan Kartripakkha (RAJUK),og0002,Uttara Apartment Project,og0012,,Dhaka,Works,OTM,Own Fund Own Fund,NA,NA,pr0003,RAJUK/UAP/PD/IFT/MB/RW-11,UAP/CW/WD-11,"Remaining ancillary works for Construction of 10(Ten) storied Commercial Complex Cum Management Building and one semi Basement Floor including parking facilities, Internal Sanitary, Water Supply, Internal Electrification works of Uttara Apartment Project at Block-A, Sector-18, Uttara, Dhaka.",RAJUK/UAP/PD/IFT/MB/RW-11,"Remaining ancillary works for Construction of 10(Ten) storied Commercial Complex Cum Management Building and one semi Basement Floor including parking facilities, Internal Sanitary, Water Supply, Internal Electrification works of Uttara Apartment Project at Block-A, Sector-18, Uttara, Dhaka.",Uttara Apartment Project Sector-18 Block-A Uttara Dhaka,"UCC-SC JV ( JVCA Partners [Business Share]: M/S Sunny Construction [60.000%] , The United Construction Co. [40.000%] )",co0283,1,"House No. 116 (10th Floor), Road No.11, Block-E, Banani, Dhaka-1213.",,42162305.121,42162305.121,2024-01-16,2024-03-21,2024-04-18,2024-04-03,2024-09-30,5,3,3,yes,yes,yes,Mohammad Muzaffar Uddin,pp0004,PD (Uttara Appartment),0
935090,Contract_Awards_PDFs/Tender_935090.pdf,1,supplier,Ministry of Housing and Public Works,og0001,Rajdhani Unnayan Kartripakkha (RAJUK),og0002,Uttara Apartment Project,og0012,,Dhaka,Works,OTM,Own Fund Own Fund,NA,NA,pr0003,RAJUK/UAP/PD/IFT/LS-09,UAP/CW/WD-09,"Landscaping & Arboriculture Work at Uttara Apartment Project, Block-A, Sector-18, Uttara, Dhaka.",RAJUK/UAP/PD/IFT/LS-09,"Landscaping & Arboriculture Work at Uttara Apartment Project, Block-A, Sector-18, Uttara, Dhaka.",Uttara Apartment Project Sector 18 Block A Uttara Dhaka,"Nur Enterprise-Amin Trading Corporation JV ( JVCA Partners [Business Share]: M/S Nur Enterprise [51.000%] , M/S. AMIN TRADING CORPORATION [49.000%] )",co0284,1,"99, Motijheel Karim Chamber, Room No-702, 6th floor, Dhaka",,40484581.128,40484581.128,2024-01-15,2024-05-10,2024-06-05,2024-06-01,2024-11-28,3,3,2,yes,yes,yes,Mohammad Muzaffar Uddin,pp0004,PD (Uttara Appartment),0
935093,Contract_Awards_PDFs/Tender_935093.pdf,1,supplier,Ministry of Housing and Public Works,og0001,Rajdhani Unnayan Kartripakkha (RAJUK),og0002,Uttara Apartment Project,og0012,,Dhaka,Works,OTM,Own Fund Own Fund,NA,NA,pr0003,RAJUK/UAP/PD/IFT/MB/FFS-01,UAP/EM/2023-2024/WD-01,"Supply, Installation, Testing and Commissioning of Fire fighting system with sprinkler, fire alarm system, fire detection system and other ancillary works for the Commercial Complex including Community Center & Kitchen Super shop under the Project of ""Construction of Residential Apartment Building for Low & Middle Income Group of people at Sector-18, Block-A, Uttara, Dhaka"".",RAJUK/UAP/PD/IFT/MB/FFS-01,"Supply, Installation, Testing and Commissioning of Fire fighting system with sprinkler, fire alarm system, fire detection system and other ancillary works for the Commercial Complex including Community Center & Kitchen Super shop under the Project of ""Construction of Residential Apartment Building for Low & Middle Income Group of people at Sector-18, Block-A, Uttara, Dhaka"".",Uttara Apartment Project Sector-18 Block-A Uttara Dhaka,"NDE-UCC-SC JV ( JVCA Partners [Business Share]: M/S Sunny Construction [35.000%] , NATIONAL DEVELOPMENT ENGINEERS LTD. [40.000%] , The United Construction Co. [25.000%] )",co0285,1,"House No. 116 (10th Floor), Road No.11, Block-E, Banani, Dhaka-1213.",,134602376.4,134602376.400,2024-01-18,2024-03-21,2024-04-18,2024-04-03,2024-09-30,5,3,3,yes,yes,yes,Mohammad Muzaffar Uddin,pp0004,PD (Uttara Appartment),0
935863,Contract_Awards_PDFs/Tender_935863.pdf,1,supplier,Ministry of Housing and Public Works,og0001,Rajshahi Development Authority,og0004,Office of the Project Director,og0005,,Rajshahi,Works,OTM,Own Fund Own fund,NA,Development of PRANTIK Residential Area (3rd Revised),pr0002,25.40.0000.002.14.742.14.24 date:10.01.2024,RDA/PRANTIK/W/2023-2024/02,Development of Prantik Residential Area (Sub-head: Water supply line).,25.40.0000.002.14.742.24.152 date:23/03/2024,Development of Prantik Residential Area (Sub-head: Water supply line).,Rajshahi,M/S Shapla Traders,co0286,1,"Laxmipur Ghoshmohol More, Rajpara, Rajshahi",,9516411,9516411.000,2024-01-11,2024-03-23,2024-04-04,2024-03-20,2024-12-05,2,1,1,yes,yes,yes,Md. Abdullah Al Tarique,pp0002,Superintending Engineer,0
936176,Contract_Awards_PDFs/Tender_936176.pdf,1,supplier,Ministry of Housing and Public Works,og0001,Rajdhani Unnayan Kartripakkha (RAJUK),og0002,Office of the Superintending Engineer (Electrical),og0011,,Dhaka,Works,OTM,Own Fund Own fund,NA,Building Repair & Maintenance,pr0018,Rajuk/Electrical-1/23/W-03,Rajuk/Electrical-1/23/W-03,"Supply & Installation of Internal Network System, CCTV System and Access Control System at Rajuk Zonal Office-5 in Abdul Monem Tower, Kawran Bazar (Part-1).",25.39.0000.063.07.045.2023,"Supply & Installation of Internal Network System, CCTV System and Access Control System at Rajuk Zonal Office-5 in Abdul Monem Tower, Kawran Bazar (Part-1).",Rajuk Zonal Office-5,Optimal Technology (Pvt. ) Ltd.,co0077,1,"186, Shahid Sayed Nazrul Islam Soroni & 40, Bijoy Nagar, Ally's Center,Dhaka-1000.Bangladesh",,4160942.1,4160942.100,2024-02-19,2024-05-15,2024-06-10,2024-04-16,2024-05-31,6,3,1,yes,yes,yes,MOHAMMAD NAZMUS SAKIB JAMALI,pp0007,Sup. Eng. (Elec.),0
936225,Contract_Awards_PDFs/Tender_936225.pdf,1,supplier,Ministry of Housing and Public Works,og0001,Rajdhani Unnayan Kartripakkha (RAJUK),og0002,Office of the Superintending Engineer (Electrical),og0011,,Dhaka,Works,OTM,Own Fund Own fund,NA,Building Repair & Maintenance,pr0018,Rajuk/Electrical-1/23/W-04,Rajuk/Electrical-1/23/W-04,"Supply & Installation of Internal PABX , Audio & VIdeo Confarance System, Wi-Fi System and Raised Floor System at Rajuk Zonal Office-5 in Abdul Monem Tower, Kawran Bazar (Part-2).",25.39.0000.063.07.044.2023,"Supply & Installation of Internal PABX , Audio & VIdeo Confarance System, Wi-Fi System and Raised Floor System at Rajuk Zonal Office-5 in Abdul Monem Tower, Kawran Bazar (Part-2).",Rajuk Zonal Office-5,M/S TANIN ENTERPRISE,co0041,1,"150 MOTIJHEEL, NAHAR MANSION 3RD FLOOR, C/A DHAKA.",,2520856.8,2520856.800,2024-02-19,2024-05-15,2024-06-10,2024-04-16,2024-05-31,4,3,2,yes,yes,yes,MOHAMMAD NAZMUS SAKIB JAMALI,pp0007,Sup. Eng. (Elec.),0
936227,Contract_Awards_PDFs/Tender_936227.pdf,1,supplier,Ministry of Housing and Public Works,og0001,Rajdhani Unnayan Kartripakkha (RAJUK),og0002,Office of the Superintending Engineer (Electrical),og0011,,Dhaka,Works,OTM,Own Fund Own fund,NA,Building Repair & Maintenance,pr0018,Rajuk/Electrical-1/23/W-05,Rajuk/Electrical-1/23/W-05,"Internal Electrification Work at Rajuk Zonal Office-5 in Abdul Monem Tower, Kawran Bazar (Part-3).",25.39.0000.063.07.043.2023,"Internal Electrification Work at Rajuk Zonal Office-5 in Abdul Monem Tower, Kawran Bazar (Part-3).",Rajuk Zonal Office-5,MULTITRADE INTERNATIONAL,co0043,1,"113/2/1 BCC ROAD, 1ST FLOOR, WARI, DHAKA-1203",,4960174.5,4960174.500,2024-02-19,2024-05-15,2024-06-10,2024-04-16,2024-05-31,3,2,1,yes,yes,yes,MOHAMMAD NAZMUS SAKIB JAMALI,pp0007,Sup. Eng. (Elec.),0
936248,Contract_Awards_PDFs/Tender_936248.pdf,1,supplier,Ministry of Housing and Public Works,og0001,Rajdhani Unnayan Kartripakkha (RAJUK),og0002,Office of the Superintending Engineer (Electrical),og0011,,Dhaka,Goods,OTM,Own Fund Own fund,NA,Lift Purchase,pr0084,Rajuk/Electrical-1/23/G-06,Rajuk/Electrical-1/23/G-06,"Supply, Installation, Testing & Commissioning of 01 No 1250 KG Steel Stretcher Lift at Rajuk Main Building.",25.39.0000.063.07.003.2023,"Supply, Installation, Testing & Commissioning of 01 No 1250 KG Steel Stretcher Lift at Rajuk Main Building.",Rajuk Main Building,Concept Elevators & Engineering Ltd.,co0042,1,"Reg. Office: 656, Road-14, Baitul Aman Housing Society Adabor, Mohammadpur, Dhaka-1207",,31299998.782,31299998.782,2024-01-25,2024-03-20,2024-03-31,2024-03-31,2025-01-30,3,2,1,yes,yes,yes,MOHAMMAD NAZMUS SAKIB JAMALI,pp0007,Sup. Eng. (Elec.),0
937128,Contract_Awards_PDFs/Tender_937128.pdf,1,supplier,Ministry of Housing and Public Works,og0001,Cox's Bazar Development Authority,og0020,Cox's Bazar Development Authority,og0020,,Cox's Bazar,Goods,OTM,Revenue Government,NA,NA,pr0003,CoxDA/Rev/2023-24/Goods/OTM/Cleaning Items,CoxDA/Rev/2023-24/Goods/OTM/Cleaning Items,"Purchase of Goods for Deep Cleaning of Each Floor at The 10 Storied Building of Cox's Bazar Development Authority, FY 2023-24",CoxDA/Rev/2023-24/Goods/OTM/Cleaning Items,"Purchase of Goods for Deep Cleaning of Each Floor at The 10 Storied Building of Cox's Bazar Development Authority, FY 2023-24",Coxs Bazar,R R Enterprise,co0276,1,"North Peskerpara, Coxs Bazar Pourashava, Sadar, Coxs Bazar",,1373069.08,1373069.080,2024-01-14,2024-02-13,2024-03-10,2024-03-20,2024-06-13,2,1,1,yes,yes,yes,Tahsin Bin Alam,pp0013,Member (Engineer),0
938968,Contract_Awards_PDFs/Tender_938968.pdf,1,supplier,Ministry of Housing and Public Works,og0001,Rajdhani Unnayan Kartripakkha (RAJUK),og0002,Office of the Superintending Engineer (Mechanical),og0008,,Dhaka,Goods,OTM,Own Fund Own fund,NA,Repair Maintenance of Heavy Machinery & Equipment,pr0004,SEMECH-7,SEMECH-7,Supply and fitting fixing of 09 (Nine) Nos. new Tyre for Dump Truck-1.,SEMECH-7,Supply and fitting fixing of 09 (Nine) Nos. new Tyre for Dump Truck-1.,Mohakhali,MULTITRADE INTERNATIONAL,co0043,1,"113/2/1 BCC ROAD, 1ST FLOOR, WARI, DHAKA-1203",,726750.009,726750.009,2024-02-07,2024-05-26,2024-06-13,2024-06-13,2024-08-13,2,2,2,yes,yes,yes,Sabbir Bin Taher,pp0005,Sup. Eng. (Mechanical),0
941420,Contract_Awards_PDFs/Tender_941420.pdf,1,supplier,Ministry of Housing and Public Works,og0001,Khulna Development Authority (KDA),og0016,Office of the Project Director (3Link Road),og0075,,Khulna,Works,OTM,Development Government,NA,Construction of 3 (Three) Link Roads Connecting Satkhira Road and City Bypass Road.,pr0064,KDA/3link/WD-1/2023-24,KDA/3link/WD-1/2023-24,"Construction of 2.50 km long (4 lane ) link road from Nirala to City Bypass Road (including Road works, Culvert, Retaining Wall, Divider, Electrification, Protection works, Plantation etc)",25.41.0000.021.0239.23,"Construction of 2.50 km long (4 lane ) link road from Nirala to City Bypass Road (including Road works, Culvert, Retaining Wall, Divider, Electrification, Protection works, Plantation etc)","Nirala to City Bypass Road, Khulna","DIENCO-MIR AKHTER JV ( JVCA Partners [Business Share]: DIENCO LIMITED [50.000%] , MIR AKHTER HOSSAIN LIMITED [50.000%] )",co0287,1,"Suite#4/A, Nakshi Homes, 6/1/A Topkhana Road, Segunbagicha,",,806242304.971,806242304.971,2024-01-25,2024-05-16,2024-05-20,2024-05-30,2025-12-01,2,2,2,yes,yes,yes,Mortoza Al Mamun,pp0014,Project Director,0
941511,Contract_Awards_PDFs/Tender_941511.pdf,1,supplier,Ministry of Housing and Public Works,og0001,Rajshahi Development Authority,og0004,Office of the Chairman,og0030,,Rajshahi,Goods,OTM,Revenue Government,NA,Beautification & Modernization of Shahid Captain Munsur Ali Park and Development of Parijat Lake.,pr0083,25.40.0000.002.14.922.24.56 date:25-01-2024,RDA/GOB/SCMAP/G/2023-2024/ 03,Supply and installation of 300 KVA generation and electric transformer with sub-station.,25.40.0000.002.14.922.24.149 date:23/03/2024,Supply and installation of 300 KVA generation and electric transformer with sub-station.,"Shahid Captain Monsur Ali Park, Rajshahi",KEECO LIMITED,co0288,1,"335, Ramiz Villa, 2nd Floor, Segunbagicha, Dhaka-1000, Bangladesh.",,15234595.177,15234595.177,2024-01-25,2024-03-23,2024-04-04,2024-04-08,2024-06-13,3,3,1,yes,yes,yes,Md. Abdullah Al Tarique,pp0002,Executive Engineer,0
941590,Contract_Awards_PDFs/Tender_941590.pdf,1,supplier,Ministry of Housing and Public Works,og0001,Rajshahi Development Authority,og0004,Office of the Chairman,og0030,,Rajshahi,Works,OTM,Development Government,NA,"The Father of the Nation Bangabandu Sheikh Mujibur Rahman Square, at Talaimary Chattar, Rajshahi (1st Revised).",pr0082,25.40.0000.002.14.922.24.57 date:25-01-2024,RDA/BB square/W/2023-2024/02,"Construction of the Father of the Nation Bangabandu Sheikh Mujibur Rahman square at talaimary chattar, Rajshahi (Sub- head: Painting & Granite work).",25.40.0000.002.14.922.24.148 date:23/03/2024,"Construction of the Father of the Nation Bangabandu Sheikh Mujibur Rahman square at talaimary chattar, Rajshahi (Sub- head: Painting & Granite work).",Rajshahi,MD. DOLLAR,co0289,1,"Nur Manjil, Kadirganj, Rajshahi.",,15090531.058,15090531.058,2024-01-25,2024-03-23,2024-04-04,2024-03-05,2024-06-13,2,2,2,yes,yes,yes,Md. Abdullah Al Tarique,pp0002,Executive Engineer,0
941603,Contract_Awards_PDFs/Tender_941603.pdf,1,supplier,Ministry of Housing and Public Works,og0001,Rajshahi Development Authority,og0004,Office of the Project Director,og0005,,Rajshahi,Works,OTM,Own Fund Own fund,NA,Development of PRANTIK Residential Area (3rd Revised),pr0002,25.40.0000.002.14.742.24.58 date:25.01.2024,RDA/PRANTIK/W/2023-2024/01,"Development of PRANTIK Residential Area (Sub-Head: Land Development, Development of Water Body, Construction of Road, Culvert, Drain & Demarcation Pillar).",25.40.0000.002.14.742.24.151 date:23/03/2024,"Development of PRANTIK Residential Area (Sub-Head: Land Development, Development of Water Body, Construction of Road, Culvert, Drain & Demarcation Pillar).",Rajshahi,Md. Badrul Iqbal Ltd.,co0290,1,"Block# F, Road #4, House#33, Flat #6-B Banani, Dhaka",,199711775.7,199711775.700,2024-01-25,2024-03-23,2024-04-04,2024-03-14,2024-12-22,3,3,2,yes,yes,yes,Md. Abdullah Al Tarique,pp0002,Superintending Engineer,0
943936,Contract_Awards_PDFs/Tender_943936.pdf,1,supplier,Ministry of Housing and Public Works,og0001,Chittagong Development Authority,og0009,Project Director(CRBKRKBC),og0081,,Chattogram,Works,OTM,Own Fund Own Fund,NA,NA,pr0003,PD/Cantonment/tender/416/142,EXEN/PD/CANTOMENT/406,"Maintenance work of roads from Helipad to Multipurpose training shed, other connecting road from different structures etc. at Halishahar cantonment area.",PD/Cantonment/Tender/416/160,"Maintenance work of roads from Helipad to Multipurpose training shed, other connecting road from different structures etc. at Halishahar cantonment area.","Halishahar, Cantonment, Chattogram","RNYB Ltd. - Alif Enterprise JV. ( JVCA Partners [Business Share]: RN Yakub & Brothers Private Limited. [60.000%] , Alif Enterprise [40.000%] )",co0291,1,"Azad Bhaban 6th Floor, Jamal Khan, ctg",,30185717.777,30185717.777,2024-02-12,2024-04-22,2024-04-29,2024-03-24,2024-04-30,1,1,1,yes,yes,yes,Rajib Das,pp0096,Executive Engineer,0
944366,Contract_Awards_PDFs/Tender_944366.pdf,1,supplier,Ministry of Housing and Public Works,og0001,Rajdhani Unnayan Kartripakkha (RAJUK),og0002,Superintending Engineer (Civil Circle-1),og0007,,Dhaka,Works,OTM,Own Fund Own Fund,NA,NA,pr0003,RAJUK/SE/CC-1/HQ/HatirjheelW-10,SE/CC-1/HQ/HatirjheelW-10,Construction of the Central island includes road marking work at the GMG intersection in the Hatirjheel area.,RAJUK/SE/CC-1/HQ/HatirjheelW-10,Construction of the central island includes road marking work at the GMG intersection in the Hatirjheel area.,Hatirjheel area,M/S. AMIN TRADING CORPORATION,co0197,1,"99, Motijeel, C/A, Korim Chamber, Room No- 702 (6th Floor)",,2953145.394,2953145.394,2024-02-05,2024-06-11,2024-07-08,2024-04-01,2024-07-30,2,1,1,yes,yes,yes,Mohammad Muzaffar Uddin,pp0004,Superintending Engineer,0
944909,Contract_Awards_PDFs/Tender_944909.pdf,1,supplier,Ministry of Housing and Public Works,og0001,Chittagong Development Authority,og0009,Project Director (CDA Square),og0010,,Chattogram,Works,OTM,Own Fund Own fund,NA,"Construction of CDA Square at Nasirabad, Chittagong",pr0005,PD/CDASQR/generator/e56/352,Pd/cdasqr/generator/e56,"Supply, Installation, Testing & Commissioning of 2x400 KVA Diesel Generator & Solar Panel System Work at CDA SQUARE Project.",Pd/cdasqr/57/384,"Supply, Installation, Testing & Commissioning of 2x400 KVA Diesel Generator & Solar Panel System Work at CDA SQUARE Project.","Nasirabad, Chattogram",Ocean Electrical Limited,co0275,1,"Charpatherghata, Azim Para, Karnaphulli, Chittagong.",,24792000.192,24792000.192,2024-02-25,2024-04-29,2024-05-16,2024-03-24,2024-06-27,5,4,2,yes,yes,yes,Kazi Kader Newaz,pp0006,Assistant Engineer,0
945416,Contract_Awards_PDFs/Tender_945416.pdf,1,supplier,Ministry of Housing and Public Works,og0001,Chittagong Development Authority,og0009,"Project Director(M.Uddin), Chittagong Development Authority",og0031,,Chattogram,Works,OTM,Own Fund Own Fund,NA,NA,pr0003,EXEN/OFFICE/E-106/233,EXEN/OFFICE/I-106/01,"Renovation of Dormitory & Pump house extension and other related works at CDA Building, Chattogram.",EXEN/OFFICE/E-106/240,"Renovation of Dormitory & Pump house extension and other related works at CDA Building, Chattogram.","CDA Building, Court Road, Kotowali, Chattogram",M/S. Gulzar Trading,co0142,1,"Hazi Monsur Ali Road, Mia Khan Nagar, Chittagong.",,1867479.381,1867479.381,2024-02-11,2024-03-28,2024-04-04,2024-03-01,2024-03-30,2,2,2,yes,yes,yes,A. H. M. Mesbah Uddin,pp0024,Project Director,0
945875,Contract_Awards_PDFs/Tender_945875.pdf,1,supplier,Ministry of Housing and Public Works,og0001,Chittagong Development Authority,og0009,"Project Director(M.Uddin), Chittagong Development Authority",og0031,,Chattogram,Works,OTM,Own Fund Own Fund,NA,NA,pr0003,EXEN/office/building/E-111/234,EXEN/office/building/E-111,"Construction of store room for planning division and toilet block at cda office building(4th floor), Chattogram.",EXEN/office/building/E-111/241,"Construction of store room for planning division and toilet block at cda office building(4th floor), Chattogram.",cda office building 4th floor Chattogram,The Gausia Metalic Products,co0292,1,"77, Nowab Sirajuddullah Road, Dewan Bazar, Kotwali, Chittagong.",,1263578.184,1263578.184,2024-02-15,2024-03-28,2024-04-03,2024-03-18,2024-04-16,2,2,1,yes,yes,yes,A. H. M. Mesbah Uddin,pp0024,Project Director,0
948434,Contract_Awards_PDFs/Tender_948434.pdf,1,supplier,Ministry of Housing and Public Works,og0001,Rajdhani Unnayan Kartripakkha (RAJUK),og0002,Development of Residential and commercial Infrastructure at Jhilmil Residential Project Area,og0023,,Dhaka,Works,OTM,Own Fund Own fund,NA,Development of Residential and Commercial Infrastructure at Jhilmil Residential Project Area.,pr0017,RAJUK/PD_JHILMIL/School and College,RAJUK/PD_JHILMIL/School and College,Construction of 6(Six) Storied School and College at Sector No#2 for Development of Residential & Commercial Infrastructure at Jhilmil Residential Project Area.,RAJUK/PD_JHILMIL/School and College,Construction of 6(Six) Storied School and College at Sector No#2 for Development of Residential & Commercial Infrastructure at Jhilmil Residential Project Area.,Jhilmil Residential Project Area,Momotaj Engineers Ltd.,co0003,1,"Kha-202/c, Progatisharani, Middle Badda, Dhaka-1212.",,345195688.905,345195688.905,2024-02-19,2024-09-29,2024-10-24,2024-05-02,2025-06-26,6,5,4,yes,yes,yes,Md. Aminur Rahman,pp0015,PD (Jhilmil),0
948435,Contract_Awards_PDFs/Tender_948435.pdf,1,supplier,Ministry of Housing and Public Works,og0001,Rajdhani Unnayan Kartripakkha (RAJUK),og0002,Office of the Superintending Engineer (Electrical),og0011,,Dhaka,Works,OTM,Own Fund Own fund,NA,Festival/event/contribution,pr0013,Rajuk/Electrical-1/24/W-02,Rajuk/Electrical-1/24/W-02,Temporary illumination of Hatirjheel Management Building & Surrounding Areas in different Festivals.,25.39.0000.063.07.032.2023,Temporary illumination of Hatirjheel Management Building & Surrounding Areas in different Festivals.,Hatirjheel Management Building & Surrounding Areas,M/S TANIN ENTERPRISE,co0041,1,"150 MOTIJHEEL, NAHAR MANSION 3RD FLOOR, C/A DHAKA.",,1875194.127,1875194.127,2024-02-14,2024-03-14,2024-03-31,2024-03-17,2025-03-16,2,2,2,yes,yes,yes,MOHAMMAD NAZMUS SAKIB JAMALI,pp0007,Sup. Eng. (Elec.),0
948446,Contract_Awards_PDFs/Tender_948446.pdf,1,supplier,Ministry of Housing and Public Works,og0001,Rajdhani Unnayan Kartripakkha (RAJUK),og0002,Office of the Superintending Engineer (Electrical),og0011,,Dhaka,Works,OTM,Own Fund Own fund,NA,Lift and Electrical Equipement Repare,pr0006,Rajuk/Electrical-1/24/W-01,Rajuk/Electrical-1/24/W-01,"01 (One) Year Servicing & Maintenance of Existing Air-Cooler at Rajuk Main Bhaban, Annex Bhaban & Zonal / Site Office.",25.39.0000.063.07.018.2023,"01 (One) Year Servicing & Maintenance of Existing Air-Cooler at Rajuk Main Bhaban, Annex Bhaban & Zonal / Site Office.","Rajuk Main Bhaban, Annex Bhaban & Zonal / Site Office.",M/S Sunny Construction,co0053,1,"58/Cha/1,Tejturi Bazar Chak,West Razabazar,Dhaka-1215",,2904340.5,2904340.500,2024-02-14,2024-06-27,2024-07-24,2024-04-02,2025-04-01,3,2,1,yes,yes,yes,MOHAMMAD NAZMUS SAKIB JAMALI,pp0007,Sup. Eng. (Elec.),0
948448,Contract_Awards_PDFs/Tender_948448.pdf,1,supplier,Ministry of Housing and Public Works,og0001,Rajdhani Unnayan Kartripakkha (RAJUK),og0002,Office of the Superintending Engineer (Electrical),og0011,,Dhaka,Goods,OTM,Own Fund Own fund,NA,"Computer, Office Accessiories and Parts Purchage.",pr0021,Rajuk/Electrical-1/24/G-01,Rajuk/Electrical-1/24/G-01,"Supply, Installation, Testing & Commissioning of Computer, Printer, Scanner, Laptop, Online UPS, Networking System and Internal Electrification of Training Center in Rajuk.",25.39.0000.063.07.049.2023,"Supply, Installation, Testing & Commissioning of Computer, Printer, Scanner, Laptop, Online UPS, Networking System and Internal Electrification of Training Center in Rajuk.",Rajuk Bhaban,S.M.S. SYSTEMS,co0293,1,"69-71, Mirpur Road (New Elephant Road), Multi Plan Center, Shop No: 201, Dhaka-1205.",,8869597.429,8869597.429,2024-02-14,2024-06-30,2024-07-24,2024-07-24,2024-09-23,5,3,3,yes,yes,yes,MOHAMMAD NAZMUS SAKIB JAMALI,pp0007,Sup. Eng. (Elec.),0
948745,Contract_Awards_PDFs/Tender_948745.pdf,1,supplier,Ministry of Housing and Public Works,og0001,Rajdhani Unnayan Kartripakkha (RAJUK),og0002,Superintending Engineer (Civil Circle-4),og0014,,Dhaka,Works,OTM,Own Fund Own fund,NA,Construction of different types of Buildings/Roads/Infrastructure under RAJUK Jurisdiction,pr0011,RAJUK/SECC-4/Road-6,RAJUK/SECC-4/Road-6,Construction of open surface drain (brick masonry) of block A&B at sector #16 of Uttara Residential area Uttara Dhaka.,RAJUK/SECC-4/Road-6,Construction of open surface drain (brick masonry) of block A&B at sector #16 of Uttara Residential area Uttara Dhaka.,Uttara Residential area,CONVOY SERVICE,co0015,1,"ABC Skyrise Tower, Level 2 Shahjalal Avenue, Sector No. 04, Uttara, Dhaka-1230, Bangladesh.",,23712858.252,23712858.252,2024-02-14,2024-05-28,2024-06-13,2024-04-01,2024-12-27,5,5,1,yes,yes,yes,Md Mobarak Hossain,pp0009,Superintending Engineer,0
948746,Contract_Awards_PDFs/Tender_948746.pdf,1,supplier,Ministry of Housing and Public Works,og0001,Rajdhani Unnayan Kartripakkha (RAJUK),og0002,Superintending Engineer (Civil Circle-4),og0014,,Dhaka,Works,OTM,Own Fund Own fund,NA,Construction of different types of Buildings/Roads/Infrastructure under RAJUK Jurisdiction,pr0011,RAJUK/SECC-4/Road-7,RAJUK/SECC-4/Road-7,"Land filling with palisading, construction of Drain, Road and Road repair works at sector-15/I of Uttara residential area, Uttara, Dhaka.",RAJUK/SECC-4/Road-7,"Land filling with palisading, construction of Drain, Road and Road repair works at sector-15/I of Uttara residential area, Uttara, Dhaka.",Uttara Residential area,M/S. Raju International,co0294,1,"Preetam Zaman Tower (12th Floor), 37/2, Purana Paltan, Dhaka-1000.",,37161258.687,37161258.687,2024-02-14,2024-05-28,2024-06-13,2024-04-01,2024-09-28,12,11,5,yes,yes,yes,Md Mobarak Hossain,pp0009,Superintending Engineer,0
949817,Contract_Awards_PDFs/Tender_949817.pdf,1,supplier,Ministry of Housing and Public Works,og0001,Cox's Bazar Development Authority,og0020,Cox's Bazar Development Authority,og0020,,Cox's Bazar,Goods,OTM,Revenue Government,NA,NA,pr0003,CoxDA/Rev/2023-24/Goods/SpeedBoat,CoxDA/Rev/2023-24/Goods/SpeedBoat,Maintenance of Speed boat of CoXDA. (FY 2023-24),CoxDA/Rev/2023-24/Goods/SpeedBoat,Maintenance of Speed boat of CoXDA. (FY 2023-24),Coxs Bazar Sadar,Nahar Construction,co0028,1,"2/1, Mobarok mension, Janata road, Tekpara, Cox'sbazar-4700, Bangladesh.",,75000.008,75000.008,2024-02-13,2024-03-11,2024-03-13,2024-03-13,2024-04-30,1,1,1,yes,yes,yes,Tahsin Bin Alam,pp0013,Member (Engineer),0
949919,Contract_Awards_PDFs/Tender_949919.pdf,1,supplier,Ministry of Housing and Public Works,og0001,Cox's Bazar Development Authority,og0020,Cox's Bazar Development Authority,og0020,,Cox's Bazar,Goods,OTM,Revenue Government,NA,NA,pr0003,CoxDA/Rev/2023-24/Goods/HV-AC-Generator,CoxDA/Rev/2023-24/Goods/HV-AC-Generator,"supply, installation and services for various parts of heavy vehicles, ACs, and generators of CoxDA.",CoxDA/Rev/2023-24/Goods/HV-AC-Generator,"supply, installation and services for various parts of heavy vehicles, ACs, and generators of CoxDA.",Coxs Bazar Sadar,Nahar Construction,co0028,1,"2/1, Mobarok mension, Janata road, Tekpara, Cox'sbazar-4700, Bangladesh.",,913580.494,913580.494,2024-02-13,2024-03-11,2024-03-13,2024-03-17,2024-04-30,2,2,2,yes,yes,yes,Tahsin Bin Alam,pp0013,Member (Engineer),0
950811,Contract_Awards_PDFs/Tender_950811.pdf,1,supplier,Ministry of Housing and Public Works,og0001,Cox's Bazar Development Authority,og0020,Cox's Bazar Development Authority,og0020,,Cox's Bazar,Goods,OTM,Revenue Government,NA,NA,pr0003,CoxDA/Rev/2023-24/Goods/Furniture,CoxDA/Rev/2023-24/Goods/Furniture,Purchase of furniture by Cox's Bazar Development Authority. (FY 2023-2024),CoxDA/Rev/2023-24/Goods/Furniture,Purchase of furniture by Cox's Bazar Development Authority. (FY 2023-2024),Coxs Bazar Sadar,M/S Modhumati Construction,co0065,1,"East Karulia, Munshirbil, Karulia, Coxs Bazar",,378000.021,378000.021,2024-02-13,2024-04-02,2024-04-18,2024-04-24,2024-05-15,3,3,3,yes,yes,yes,Tahsin Bin Alam,pp0013,Member (Engineer),0
951146,Contract_Awards_PDFs/Tender_951146.pdf,1,supplier,Ministry of Housing and Public Works,og0001,Cox's Bazar Development Authority,og0020,Cox's Bazar Development Authority,og0020,,Cox's Bazar,Goods,OTM,Revenue Government,NA,NA,pr0003,CoxDA/Rev/2023-24/Goods/National-Day24,CoxDA/Rev/2023-24/Goods/National-Day,The purchase of necessary equipment for the celebration of Bangladesh's national days.,CoxDA/Rev/2023-24/Goods/National-Day24,The purchase of necessary equipment for the celebration of Bangladesh's national days.,CoxDA Bhaban,S. R. Trade International,co0282,1,"3/A, Kawran Bazar, Hasne Tower, Tejgaon, Dhaka-1215, Cell-01680575060",,662552.559,662552.559,2024-02-14,2024-04-02,2024-04-24,2024-04-28,2024-05-12,2,2,2,yes,yes,yes,Tahsin Bin Alam,pp0013,Member (Engineer),0
954661,Contract_Awards_PDFs/Tender_954661.pdf,1,supplier,Ministry of Housing and Public Works,og0001,Chittagong Development Authority,og0009,Project Director (CDA Square),og0010,,Chattogram,Works,OTM,Own Fund Own fund,NA,"Construction of CDA Square at Nasirabad, Chittagong",pr0005,PD/CDASQR/egas/e56/363,PD/CDAsqr/egas/e55,Supply & Installing Reticulation System & Supplying LPG Gas Connection Work at CDA SQUARE Project.,pd/cdasqr/egas/e56/385,Supply & Installing Reticulation System & Supplying LPG Gas Connection Work at CDA SQUARE Project.,"Nasirabad, Chattogram",BM Energy (BD) limited,co0295,1,"Alinagar, Barabkunda, Sitakunda",,2445000.12,2445000.120,2024-02-25,2024-04-29,2024-05-16,2024-03-22,2024-06-27,1,1,1,yes,yes,yes,Kazi Kader Newaz,pp0006,Assistant Engineer,0
957252,Contract_Awards_PDFs/Tender_957252.pdf,1,supplier,Ministry of Housing and Public Works,og0001,Rajdhani Unnayan Kartripakkha (RAJUK),og0002,Purbachal New Town Project,og0015,,Dhaka,Works,OTM,Own Fund Own fund,NA,Purbachal New town Project,pr0009,RAJUK/PD_Purbachal/88,RAJUK/PD_Purbachal/88,"Construction of Remaining Internal Road & Surface Drain work at Sector-18 (Part) of Purbachal New Town Project (Package No-PNTP/RDC/S-18, Lot- 03).",RAJUK/PD_Purbachal/88,"Construction of Remaining Internal Road & Surface Drain work at Sector-18 (Part) of Purbachal New Town Project (Package No-PNTP/RDC/S-18, Lot- 03).",Purbachal New Project Area,HAIDER & CO.,co0013,1,"1/1 KAMALAPUR BAZAR ROAD, DHAKA",,47768606.613,47768606.613,2024-03-20,2024-05-25,2024-06-20,2024-05-15,2024-11-11,11,8,4,yes,yes,yes,MOHAMMAD MANIRUL HAQUE,pp0116,Project Director,0
957254,Contract_Awards_PDFs/Tender_957254.pdf,1,supplier,Ministry of Housing and Public Works,og0001,Rajdhani Unnayan Kartripakkha (RAJUK),og0002,Purbachal New Town Project,og0015,,Dhaka,Works,OTM,Own Fund Own fund,NA,Purbachal New town Project,pr0009,RAJUK/PD_Purbachal/91,RAJUK/PD_Purbachal/91,"Construction of Remaining Internal Road and Surface Drain at Sector # 20 (Part) of Purbachal New Town Project (Package: PNTP/RDC/S-20, Lot-04)",RAJUK/PD_Purbachal/91,"Construction of Remaining Internal Road and Surface Drain at Sector # 20 (Part) of Purbachal New Town Project (Package: PNTP/RDC/S-20, Lot-04)",Purbachal New Project Area,M/S. Sharif & Sons,co0017,1,"Eastern Arzoo, Suite No: 11/08, 61, Bijoynagar, Dhaka-1000.",,50088046.635,50088046.635,2024-03-20,2024-05-25,2024-06-11,2024-05-15,2024-09-12,13,10,4,yes,yes,yes,MOHAMMAD MANIRUL HAQUE,pp0116,Project Director,0
957255,Contract_Awards_PDFs/Tender_957255.pdf,1,supplier,Ministry of Housing and Public Works,og0001,Rajdhani Unnayan Kartripakkha (RAJUK),og0002,Purbachal New Town Project,og0015,,Dhaka,Works,OTM,Own Fund Own fund,NA,Purbachal New town Project,pr0009,RAJUK/PD_Purbachal/89,RAJUK/PD_Purbachal/89,"Construction of Remaining Internal Road & Surface Drain work at Sector-23 (Part) of Purbachal New Town Project (Package No-PNTP/RDC/S-23, Lot- 04).",RAJUK/PD_Purbachal/89,"Construction of Remaining Internal Road & Surface Drain work at Sector-23 (Part) of Purbachal New Town Project (Package No-PNTP/RDC/S-23, Lot- 04).",Purbachal New Project Area,M/S. Maliha Enterprise,co0109,1,"8, Layal Street, Patuatuli Road, Kotoali, Dhaka.",,25012452.159,25012452.159,2024-03-20,2024-05-25,2024-06-12,2024-05-01,2024-10-28,8,8,4,yes,yes,yes,MOHAMMAD MANIRUL HAQUE,pp0116,Project Director,0
957256,Contract_Awards_PDFs/Tender_957256.pdf,1,supplier,Ministry of Housing and Public Works,og0001,Rajdhani Unnayan Kartripakkha (RAJUK),og0002,Purbachal New Town Project,og0015,,Dhaka,Works,OTM,Own Fund Own fund,NA,Purbachal New town Project,pr0009,RAJUK/PD_Purbachal/90,RAJUK/PD_Purbachal/90,"Painting works of 11 Nos. Bridge (Bridge Nos. 18 , 19, 20, 22, 23, 24, 40, 41, 45, 47, and 48) and repairing works of damaged approaches to the bridge in different sectors at Purbachal New Town Project (Package No. PNTP/PR/BR-1, Lot- 01).",RAJUK/PD_Purbachal/90,"Painting works of 11 Nos. Bridge (Bridge Nos. 18 , 19, 20, 22, 23, 24, 40, 41, 45, 47, and 48) and repairing works of damaged approaches to the bridge in different sectors at Purbachal New Town Project (Package No. PNTP/PR/BR-1, Lot- 01).",Purbachal New Project Area,M/S Laila Enterprise,co0296,1,"27 Sheik Mujib Road, Agrabad, Chittagong.",,44644840.479,44644840.479,2024-03-20,2024-05-23,2024-06-13,2024-05-15,2024-11-11,10,7,1,yes,yes,yes,MOHAMMAD MANIRUL HAQUE,pp0116,Project Director,0
957875,Contract_Awards_PDFs/Tender_957875.pdf,1,supplier,Ministry of Housing and Public Works,og0001,Rajdhani Unnayan Kartripakkha (RAJUK),og0002,Superintending Engineer (Civil Circle-1),og0007,,Dhaka,Works,OTM,Own Fund Own Fund,NA,NA,pr0003,RAJUK/SE/CC-1/HQ/Hatirjheel/W-07,SE/CC-1/HQ/Hatirjheel/W-07,Repair (Includes exterior Painting) works of Hatirjheel Apartment Building (Allotted to the Rehabilitated Community).,RAJUK/SE/CC-1/HQ/Hatirjheel/W-07,Repair (Includes exterior Painting) works of Hatirjheel Apartment Building (Allotted to the Rehabilitated Community).,Hatirjheel Area,Nur Traders,co0279,1,"51, Naya Paltan, Paltan, Dhaka-1000",,7006021.695,7006021.695,2024-03-04,2024-06-11,2024-07-08,2024-06-03,2024-11-30,11,9,5,yes,yes,yes,Mohammad Muzaffar Uddin,pp0004,Superintending Engineer,0
95841,Contract_Awards_PDFs/Tender_95841.pdf,1,supplier,Local Government Division,og0027,"Zilla Parishad, Sirajganj",og0082,"Zila Parishad, Sirajganj",og0083,,Sirajganj,Works,LTM,Revenue Government,NA,NA,pr0003,ZPS/114,Belkuchi/16-17/W-01,Construction of Guide Wall on North Side of Shishu Academy at Upazila Belkuchi District Sirajganj,SZP/16-17/ADP/W-01,"Construction of Guide Wall on North Side of Shishu Academy at Upazila: Belkuchi, District: Sirajganj",Belkuchi,Md. Abdus Sobhan Dablu,co0297,1,"Anderkotha para, Shajadpur, Sirajganj-6770",,475000,475000.000,2017-04-12,2017-05-31,2017-06-15,2017-06-01,2017-06-22,54,54,0,yes,yes,yes,Md. Rokanuzzaman Khan,pp0120,Assistant Engineer,0
959288,Contract_Awards_PDFs/Tender_959288.pdf,1,supplier,Ministry of Housing and Public Works,og0001,Rajdhani Unnayan Kartripakkha (RAJUK),og0002,Uttara Apartment Project,og0012,,Dhaka,Goods,OTM,Own Fund Own Fund,NA,NA,pr0003,RAJUK/UAP/PD/IFT/CCTV-11,UAP/EM/2023-2024/GD-11,"Supply, Installation and Testing of 16 ways NVR type CCTV system for the Building No: 1A, 1B & 1C, 1D under the project of Construction of Residential Apartment Building for Low & Middle Income Group of people at Sector-18, Block-A, Uttara, Dhaka.",RAJUK/UAP/PD/CA/CCTV-11,"Supply, Installation and Testing of 16 ways NVR type CCTV system for the Building No: 1A, 1B & 1C, 1D under the project of Construction of Residential Apartment Building for Low & Middle Income Group of people at Sector-18, Block-A, Uttara, Dhaka.",Uttara Apartment Project Sector 18 Block A Uttara Dhaka,Gess Bangladesh,co0011,1,"53-54 ,Gess Bangladesh ,Ocean City ,Chakaria ,Cox'sBazar",,3443779.584,3443779.584,2024-04-23,2024-08-26,2024-09-23,2024-06-30,2024-10-28,8,5,5,yes,yes,yes,Mohammad Muzaffar Uddin,pp0004,PD (Uttara Appartment),0
959962,Contract_Awards_PDFs/Tender_959962.pdf,1,supplier,Ministry of Housing and Public Works,og0001,Chittagong Development Authority,og0009,Construction Division-2,og0084,2003,Chattogram,Works,OTM,Development Government,NA,Widening and Development of Important Roads of Chattogram City Cluster Project-1,pr0088,CD2/CP1/E-1/23-24,CD2/PW1,Development Work of Shahid Nahid Ahmed Sohel Smriti Road,CD2/ClusterProject-01/e-Tender/03/72,Development Work of Shahid Nahid Ahmed Sohel Smriti Road,"Shershah, Baizid, Chattogram.","RNYB Ltd. - EBL - Alif JV. ( JVCA Partners [Business Share]: Escape Bangladesh Limited [25.000%] , RN Yakub & Brothers Private Limited. [40.000%] , Alif Enterprise [35.000%] )",co0298,1,"Azad Bhaban (6th floor), Jamal khan Road, Ctg.",,100790743.232,100790743.232,2024-03-28,2024-05-20,2024-05-30,2024-06-25,2025-05-30,3,2,2,yes,yes,yes,Md. Shamim,pp0121,Executive Engineer,0
960601,Contract_Awards_PDFs/Tender_960601.pdf,1,supplier,Ministry of Housing and Public Works,og0001,Rajshahi Development Authority,og0004,Office of the Chairman,og0030,,Rajshahi,Works,OTM,Own Fund Own Fund,NA,NA,pr0003,25.40.0000.002.14.822.24..... date:11-03-2024,Liasion Office-1,One unit Lift Modernization work and Increase Lifting Capacity up to 10 person for Dhaka Liasion office cum rest house under Rajshahi Development Authority.,25.40.0000.002.14.822.24.180 date:09-04-2024,One unit Lift Modernization work and Increase Lifting Capacity up to 10 person for Dhaka Liasion office cum rest house under Rajshahi Development Authority.,"Nikunja 2, Khilkhet, Dhaka-1229",M/S Gazi Construction,co0074,1,"Holding-34, Bokhtiarbad, Sopura, Boalia, Rajshahi-6203",,1965000,1965000.000,2024-03-11,2024-04-09,2024-04-22,2024-05-26,2024-08-24,1,1,1,yes,yes,yes,Md. Abdullah Al Tarique,pp0002,Executive Engineer,0
962656,Contract_Awards_PDFs/Tender_962656.pdf,1,supplier,Ministry of Housing and Public Works,og0001,Rajdhani Unnayan Kartripakkha (RAJUK),og0002,Uttara Apartment Project,og0012,,Dhaka,Goods,OTM,Own Fund Own Fund,NA,NA,pr0003,RAJUK/UAP/PD/IFT/CCTV-06,UAP/EM/2023-2024/GD-06,"Supply, Installation and Testing of 16 ways NVR type CCTV system for the Building No: 12B & 12C under the Project of ""Construction of Residential Apartment Building for Low & Middle Income Group of People at Sector-18, Block-A, Uttara, Dhaka""",RAJUK/UAP/PD/CA/CCTV-06,"Supply, Installation and Testing of 16 ways NVR type CCTV system for the Building No: 12B & 12C under the Project of ""Construction of Residential Apartment Building for Low & Middle Income Group of People at Sector-18, Block-A, Uttara, Dhaka""",Uttara Apartment Project Sector-18 Block-A Uttara Dhaka,Gess Bangladesh,co0011,1,"53-54 ,Gess Bangladesh ,Ocean City ,Chakaria ,Cox'sBazar",,1697789.794,1697789.794,2024-04-23,2024-08-26,2024-09-23,2024-06-30,2024-10-28,10,7,7,yes,yes,yes,Mohammad Muzaffar Uddin,pp0004,PD (Uttara Appartment),0
962658,Contract_Awards_PDFs/Tender_962658.pdf,1,supplier,Ministry of Housing and Public Works,og0001,Rajdhani Unnayan Kartripakkha (RAJUK),og0002,Uttara Apartment Project,og0012,,Dhaka,Goods,OTM,Own Fund Own Fund,NA,NA,pr0003,RAJUK/UAP/PD/IFT/SubStation-03,UAP/EM/2023-2024/GD-03,"Supply, Installation, Testing and Commissioning of 01 No 200 KVA & 01 No 400 KVA 11/0.415 KV 50Hz Electric Sub- station for the Utility Residential Apartment Building under the Project of ""Construction of Residential Apartment Building for Low & Middle Income Group of people at Sector-18, Block-A, Uttara, Dhaka.",RAJUK/UAP/PD/CA/SubStation-03,"Supply, Installation, Testing and Commissioning of 01 No 200 KVA & 01 No 400 KVA 11/0.415 KV 50Hz Electric Sub- station for the Utility Residential Apartment Building under the Project of ""Construction of Residential Apartment Building for Low & Middle Income Group of people at Sector-18, Block-A, Uttara, Dhaka.",Uttara Apartment Project Sector 18 Block A Uttara Dhaka,M/s. Active International,co0299,1,"Cosmic Tower, 106/KA, Naya Paltan,Suit-4/C, Box Culvert Road, Dhaka-1000",,12700200,12700200.000,2024-04-23,2024-08-20,2024-09-17,2024-06-30,2024-10-28,7,6,6,yes,yes,yes,Mohammad Muzaffar Uddin,pp0004,PD (Uttara Appartment),0
962659,Contract_Awards_PDFs/Tender_962659.pdf,1,supplier,Ministry of Housing and Public Works,og0001,Rajdhani Unnayan Kartripakkha (RAJUK),og0002,Uttara Apartment Project,og0012,,Dhaka,Goods,OTM,Own Fund Own Fund,NA,NA,pr0003,RAJUK/UAP/PD/IFT/OE-12,UAP/EM/2023-2024/GD-12,"Supply of Desktop Computer, Smart TV, Drone, Router, Vacuum Cleaner & Toner Cartridge etc. for the Office of the Project Director of Uttara Apartment Project.",RAJUK/UAP/PD/IFT/OE-12,"Supply of Desktop Computer, Smart TV, Drone, Router, Vacuum Cleaner & Toner Cartridge etc. for the Office of the Project Director of Uttara Apartment Project.",Office of the Project Director of Uttara Apartment Project RAJUK Motijheel Dhaka,Net Planet Soft & Engineering,co0300,1,"Ka-53, Khapara, Khilkhet, Dhaka-1229",,1249799.272,1249799.272,2024-04-23,2024-06-11,2024-07-09,2024-06-02,2024-07-02,3,3,3,yes,yes,yes,Mohammad Muzaffar Uddin,pp0004,PD (Uttara Appartment),0
963987,Contract_Awards_PDFs/Tender_963987.pdf,1,supplier,Ministry of Housing and Public Works,og0001,Cox's Bazar Development Authority,og0020,Cox's Bazar Development Authority,og0020,,Cox's Bazar,Works,OTM,Revenue Government,NA,NA,pr0003,CoxDA/Rev/2023-24/Goods/OTM/Lighting Works,CoxDA/Rev/2023-24/Goods/OTM/Lighting Works,"Supply, Installation & Commissioning of Street Lights in Maheshkhali Upazilla of Cox's Bazar District. FY 2023-24",CoxDA/Rev/2023-24/Goods/OTM/Lighting Works,"Supply, Installation & Commissioning of Street Lights in Maheshkhali Upazilla of Cox's Bazar District. FY 2023-24",Coxs Bazar,H.A Enterprise,co0236,1,"Laldigir Par, Main Road, Coxs Bazar, Bangladesh",,1490274.643,1490274.643,2024-04-04,2024-05-07,2024-05-14,2024-05-02,2024-06-21,1,1,1,yes,yes,yes,Tahsin Bin Alam,pp0013,Member (Engineer),0
965239,Contract_Awards_PDFs/Tender_965239.pdf,1,supplier,Ministry of Housing and Public Works,og0001,Chittagong Development Authority,og0009,Superintending Engineer-2,og0079,,Chattogram,Works,OTM,Own Fund Own Fund,NA,NA,pr0003,SE2/Saltgola Shopping/E-52/46,SE2/Saltgola Shopping/E-52/02,"Supply Fittings and Fixing Of Tempered Glass swing door, Glass Curtain Wall with S.S, M.S and Aluminium Frame at CDA Saltgola Shopping Mall, Chattogram.",SE2/Saltgola Shopping/E-52/53,"Supply Fittings and Fixing Of Tempered Glass swing door, Glass Curtain Wall with S.S, M.S and Aluminium Frame at CDA Saltgola Shopping Mall, Chattogram.",Saltgola Chattogram,M/s.Suraim Enterprise,co0205,1,"152, Alkoron Road, Sadaghat, Chittagong",,2678023.363,2678023.363,2024-03-24,2024-04-24,2024-05-08,2024-04-16,2024-05-01,3,3,3,yes,yes,yes,A A M Habibur Rahman,pp0020,Superintending Engineer,0
966347,Contract_Awards_PDFs/Tender_966347.pdf,1,supplier,Ministry of Housing and Public Works,og0001,Cox's Bazar Development Authority,og0020,Cox's Bazar Development Authority,og0020,,Cox's Bazar,Goods,OTM,Revenue Government,NA,NA,pr0003,CoxDA/Rev/Goods/OTM/EE/FY2023-24,CoxDA/Rev/Goods/OTM/EE/FY2023-24,Purchase of engineering tools and other equipment.FY2023-24,CoxDA/Rev/Goods/OTM/EE/FY2023-24,Purchase of engineering tools and other equipment.FY2023-24,Coxs Bazar,MECHATRONICS ENGINEERING,co0301,1,"Room No.-05,Nurjahan Sharif Plaza,(4th floor) 34,Purana Paltan,Dhaka-1000",,939670.172,939670.172,2024-03-25,2024-05-07,2024-06-02,2024-06-02,2024-06-09,2,2,2,yes,yes,yes,Tahsin Bin Alam,pp0013,Member (Engineer),0
969450,Contract_Awards_PDFs/Tender_969450.pdf,1,supplier,Ministry of Housing and Public Works,og0001,Rajdhani Unnayan Kartripakkha (RAJUK),og0002,Office of the Superintending Engineer (Electrical),og0011,,Dhaka,Goods,OTM,Own Fund Own fund,NA,Electro_Mechanical Equipment Purchage,pr0075,Rajuk/Electrical-1/24/G-04,Rajuk/Electrical-1/24/G-04,"Supply, Installation, Testing and Commissioning of V. R.F System (AC) in the Office of Director (Admin), Director (Board) and Deputy Director (Estate & Land-1) at Rajuk Main Building.",25.39.0000.063.07.048.2023,"Supply, Installation, Testing and Commissioning of V. R.F System (AC) in the Office of Director (Admin), Director (Board) and Deputy Director (Estate & Land-1) at Rajuk Main Building.",Rajuk Main Building.,MEP ENGINEERING POINT,co0145,1,"11/2, Baisteki, Mirpur-13, Dhaka-1216",,11385916.9,11385916.900,2024-05-02,2024-09-17,2024-10-09,2024-07-04,2024-12-03,2,1,1,yes,yes,yes,MOHAMMAD NAZMUS SAKIB JAMALI,pp0007,Sup. Eng. (Elec.),0
969481,Contract_Awards_PDFs/Tender_969481.pdf,1,supplier,Ministry of Housing and Public Works,og0001,Rajdhani Unnayan Kartripakkha (RAJUK),og0002,Office of the Superintending Engineer (Electrical),og0011,,Dhaka,Goods,OTM,Own Fund Own fund,NA,"Computer, Office Accessiories and Parts Purchage.",pr0021,Rajuk/Electrical-1/24/G-05,Rajuk/Electrical-1/24/G-05,"Supply & Installation of Computers, Printers, Scanners and UPS etc. in Rajuk Development & Development Control Wing Division.",25.39.0000.063.07.056.2023,"Supply & Installation of Computers, Printers, Scanners and UPS etc. in Rajuk Development & Development Control Wing Division.",Rajuk Bhaban,Creatus Computer,co0302,1,"69-71, Mirpur Road, Shop no:749-750, Multiplan Center, Dhaka-1205",,9864800.395,9864800.395,2024-05-02,2024-09-01,2024-09-26,2024-07-01,2024-10-30,7,5,5,yes,yes,yes,MOHAMMAD NAZMUS SAKIB JAMALI,pp0007,Sup. Eng. (Elec.),0
969489,Contract_Awards_PDFs/Tender_969489.pdf,1,supplier,Ministry of Housing and Public Works,og0001,Rajdhani Unnayan Kartripakkha (RAJUK),og0002,Office of the Superintending Engineer (Electrical),og0011,,Dhaka,Goods,OTM,Own Fund Own fund,NA,"Computer, Office Accessiories and Parts Purchage.",pr0021,Rajuk/Electrical-1/24/G-06,Rajuk/Electrical-1/24/G-06,"Supply & Installation of Computers, Printers, Scanners and UPS etc. in Rajuk Planning, Admin & Finance Wing Division.",25.39.0000.063.07.055.2023,"Supply & Installation of Computers, Printers, Scanners and UPS etc. in Rajuk Planning, Admin & Finance Wing Division.",Rajuk Bhaban,Creatus Computer,co0302,1,"69-71, Mirpur Road, Shop no:749-750, Multiplan Center, Dhaka-1205",,7477300.251,7477300.251,2024-05-02,2024-09-01,2024-09-26,2024-07-01,2024-10-30,7,5,5,yes,yes,yes,MOHAMMAD NAZMUS SAKIB JAMALI,pp0007,Sup. Eng. (Elec.),0
969822,Contract_Awards_PDFs/Tender_969822.pdf,1,supplier,Ministry of Housing and Public Works,og0001,Rajdhani Unnayan Kartripakkha (RAJUK),og0002,Office of the Superintending Engineer (Electrical),og0011,,Dhaka,Works,OTM,Own Fund Own fund,NA,Building Repair & Maintenance,pr0018,Rajuk/Electrical-1/24/W-04,Rajuk/Electrical-1/24/W-04,Supply and Installation of Security Light in Malibagh Officers Quarter Compound.,25.39.0000.063.07.040.2023,Supply and Installation of Security Light in Malibagh Officers Quarter Compound.,Rajuk Quarter,M/S. Maliha Enterprise,co0109,1,"8, Layal Street, Patuatuli Road, Kotoali, Dhaka.",,2525937.3,2525937.300,2024-05-02,2024-09-17,2024-10-09,2024-07-16,2024-08-30,2,2,2,yes,yes,yes,MOHAMMAD NAZMUS SAKIB JAMALI,pp0007,Sup. Eng. (Elec.),0
971720,Contract_Awards_PDFs/Tender_971720.pdf,1,supplier,Ministry of Housing and Public Works,og0001,Cox's Bazar Development Authority,og0020,"Office of the Project Director, CoxDA Residential Flat Project-1",og0034,CoxDA Flat Proj,Cox's Bazar,Works,OTM,Own Fund Own fund,NA,Cox's Bazar Development Authority Residential Flat Project-1,pr0089,CoxDA/Dev/CoxDA Residential Flat Project-1/Lot-11,CoxDA/Dev/CoxDA Residential Flat Project-1/Lot-11,"Construction of Sub Station Building, Pump House and Other Remaining Civil and Electromechanical Works of the Residential Flats under Cox's Bazar Development Authority ResidentialÂ FlatÂ Project-1",CoxDA/Dev/CoxDA Residential Flat Project-1/Lot-11,"Construction of Sub Station Building, Pump House and Other Remaining Civil and Electromechanical Works of the Residential Flats under Cox's Bazar Development Authority ResidentialÂ FlatÂ Project-1",Coxs Bazar,M/S Quashem Construction,co0303,1,"52, Katalgonj, Panchlaish, Chittagong.",,174971612.328,174971612.328,2024-04-04,2024-05-21,2024-05-29,2024-05-27,2024-11-16,1,1,1,yes,yes,yes,Mohammad Rishad Un Nabi,pp0122,Project Director,0
971832,Contract_Awards_PDFs/Tender_971832.pdf,1,supplier,Ministry of Housing and Public Works,og0001,Cox's Bazar Development Authority,og0020,Cox's Bazar Development Authority,og0020,,Cox's Bazar,Goods,OTM,Revenue Government,NA,NA,pr0003,CoxDA/Rev/2023-24/Goods/OTM/Computer Items,CoxDA/Rev/2023-24/Goods/OTM/Computer Items,"Supply of Computer, Printer and other relevant accessories for Cox's Bazar Development Authority. FY 2023-24",CoxDA/Rev/2023-24/Goods/OTM/Computer Items,"Supply of Computer, Printer and other relevant accessories for Cox's Bazar Development Authority. FY 2023-24",Coxs Bazar,Nyta Computer & Technology,co0304,1,"New Circuit House Road, Coxs Bazar Sadar, Coxs Bazar",,441661.071,441661.071,2024-04-04,2024-05-21,2024-05-26,2024-05-15,2024-05-30,8,5,3,yes,yes,yes,Tahsin Bin Alam,pp0013,Member (Engineer),0
971997,Contract_Awards_PDFs/Tender_971997.pdf,1,supplier,Ministry of Housing and Public Works,og0001,Chittagong Development Authority,og0009,"Project Director(M.Uddin), Chittagong Development Authority",og0031,,Chattogram,Works,OTM,Own Fund Own Fund,NA,NA,pr0003,ExEn/C.M Banglow/E-112/245,ExEn/C.M Banglow/E-112/2024,"Construction of Canopy, Main Door, Painting and other related works in Chairman Bungalow at CDA Hill, Chattogram.",ExEn/C.M Banglow/E-112/246,1,CDA Hill Chattogram,Icon Developments & Holdings Ltd,co0305,1,"House-21, Road-6, Block-B, Bonosree, Rampura, Dhaka",,8741984.554,8741984.554,2024-04-23,2024-05-27,2024-06-06,2024-05-30,2024-07-08,2,2,2,yes,yes,yes,A. H. M. Mesbah Uddin,pp0024,Project Director,0
974362,Contract_Awards_PDFs/Tender_974362.pdf,1,supplier,Ministry of Housing and Public Works,og0001,Rajdhani Unnayan Kartripakkha (RAJUK),og0002,Uttara Apartment Project,og0012,,Dhaka,Works,OTM,Own Fund Own Fund,NA,NA,pr0003,RAJUK/UAP/PD/IFT/Crack Repair-08,UAP/CW/WD-08,Crack Repair & Maintenance work for 16 storied Apartment Building of Uttara Apartment Project.,RAJUK/UAP/PD/IFT/Crack Repair-08,Crack Repair & Maintenance work for 16 storied Apartment Building of Uttara Apartment Project.,Uttara Apartment Project Sector-18 Block-A Uttara Dhaka,Donatien International,co0240,1,"33 South Khilgaon, Dhaka 1219.",,26265169.503,26265169.503,2024-04-23,2024-07-14,2024-08-11,2024-08-01,2024-10-30,5,3,1,yes,yes,yes,Mohammad Muzaffar Uddin,pp0004,PD (Uttara Appartment),0
975322,Contract_Awards_PDFs/Tender_975322.pdf,1,supplier,Ministry of Housing and Public Works,og0001,Rajdhani Unnayan Kartripakkha (RAJUK),og0002,Purbachal New Town Project,og0015,,Dhaka,Works,OTM,Own Fund Own fund,NA,Purbachal New town Project,pr0009,RAJUK/PD_Purbachal/95,RAJUK/PD_Purbachal/95,"Maintenance and Repair of Road & Surface Drain at sector #4,8 &20 (part) of Purbachal New Town Project (Package No: PNTP/RP/S-04,08, 20 Lot-01).",RAJUK/PD_Purbachal/95,"Maintenance and Repair of Road & Surface Drain at sector #4,8 &20 (part) of Purbachal New Town Project (Package No: PNTP/RP/S-04,08, 20 Lot-01).",Purbachal New Project Area,M/S. Niaz Traders,co0001,1,"154, Motijheel C/A. Masjid Market (2nd Floor), Room No.301-303, Dhaka-1000.",,28469847.681,28469847.681,2024-05-08,2024-06-23,2024-07-16,2024-07-01,2024-10-29,3,3,2,yes,yes,yes,Md. Nurul Islam,pp0010,Project Director,0
975403,Contract_Awards_PDFs/Tender_975403.pdf,1,supplier,Ministry of Housing and Public Works,og0001,Cox's Bazar Development Authority,og0020,CoxDA Master Plan,og0035,,Cox's Bazar,Goods,OTM,Development Government,NA,Master Plan Preparation for Cox's Bazar District,pr0033,CoxDA/Dev/23-24/MP/Mchnrs-Eqpmnt,CoxDA/Dev/23-24/MP/Mchnrs-Eqpmnt,"Supply, Installation, Testing and Commissioning of Machineries and Office Equipment (Toner, Cartridge, Ammonia Print Machine Scanner etc.) under ""Master Plan Preparation for Cox's Bazar District"" Project of Cox's Bazar Development Authority (CoxDA)",CoxDA/Dev/23-24/M&OE,"Supply, Installation, Testing and Commissioning of Machineries and Office Equipment (Toner, Cartridge, Ammonia Print Machine Scanner etc.) under ""Master Plan Preparation for Cox's Bazar District"" Project of Cox's Bazar Development Authority (CoxDA)","CoXDA, Coxs Bazar",Smart Technologies (BD) Ltd.,co0039,1,"Jahir Smart Tower, 205/1 and 205/1/A, West Kafrul, Begum Rokeya Sharani, Dhaka-1206, Bangladesh",,1798750.11,1798750.110,2024-04-23,2024-05-15,2024-05-21,2024-05-12,2024-05-26,1,1,1,yes,yes,yes,Md Tanvir Hasan Rezaul,pp0041,Deputy Town Planner,0
975516,Contract_Awards_PDFs/Tender_975516.pdf,1,supplier,Ministry of Housing and Public Works,og0001,Khulna Development Authority (KDA),og0016,Office of the Project Director (3Link Road),og0075,,Khulna,Works,OTM,Development Government,NA,Construction of 3 (Three) Link Roads Connecting Satkhira Road and City Bypass Road.,pr0064,KDA/3link/WD-3/2023-24.,KDA/3link/WD-3/2023-24.,"Construction of 4.90 km long (2 lane ) link road from Khulna Satkhira Road (Khulna University Hall Road) to Rayermohol Road (including Road works, Culvert, Retaining Wall, Electrification, Protection works, Plantation etc).",25.41.0000.021.0240.23,"Construction of 4.90 km long (2 lane ) link road from Khulna Satkhira Road (Khulna University Hall Road) to Rayermohol Road (including Road works, Culvert, Retaining Wall, Electrification, Protection works, Plantation etc).",Khulna,"IH-RSE-SHJ (JV) ( JVCA Partners [Business Share]: M/S Saiful Hasan Joarder [25.000%] , M/S R. S. Enterprise [35.000%] , M/S ISMAIL HOSSAIN [40.000%] )",co0306,1,"House No. 8/19, Flat No. 6/B, Block-A Sir Syed Road, Mohammadpur, Dhaka-1207",,623250056,623250056.000,2024-04-24,2024-10-06,2024-10-16,2024-07-30,2025-12-15,8,3,3,yes,yes,yes,Mortoza Al Mamun,pp0014,Project Director,0
976291,Contract_Awards_PDFs/Tender_976291.pdf,1,supplier,Ministry of Housing and Public Works,og0001,Cox's Bazar Development Authority,og0020,CoxDA Master Plan,og0035,,Cox's Bazar,Goods,OTM,Development Government,NA,Master Plan Preparation for Cox's Bazar District,pr0033,CoxDA/Dev/23-24/MP/Stationery,CoxDA/Dev/23-24/MP/Stationery,"Supply, Installation, Testing and Commissioning Stationery Items under ""Master Plan Preparation for Cox's Bazar District"" Project of Cox's Bazar Development Authority (CoxDA)",CoxDA/Dev/23-24/OS,"Supply, Installation, Testing and Commissioning Stationery Items under ""Master Plan Preparation for Cox's Bazar District"" Project of Cox's Bazar Development Authority (CoxDA)","CoXDA, Coxs Bazar",M/S M R Enterprise,co0034,1,"23/D, Puran Paltan Line, Dhaka, PO-1000",,1656583.77,1656583.770,2024-04-23,2024-05-15,2024-05-29,2024-05-12,2024-05-26,1,1,1,yes,yes,yes,Md Tanvir Hasan Rezaul,pp0041,Deputy Town Planner,0
976553,Contract_Awards_PDFs/Tender_976553.pdf,1,supplier,Ministry of Housing and Public Works,og0001,Rajshahi Development Authority,og0004,Office of the Project Director,og0005,,Rajshahi,Works,OTM,Own Fund Own fund,NA,Development of PRANTIK Residential Area (3rd Revised),pr0002,25.40.0000.002.14.742.24.206 date:23.04.2024,RDA/PRANTIK/W/2023-2024/03,Development of PRANTIK Residential Area (Sub-head : Construction of Boundary wall),25.40.0000.002.14.742.24.306 date:23.06.2024,Development of PRANTIK Residential Area (Sub-head : Construction of Boundary wall),"PRANTIK Residential Area, Kasiadanga More, Rajshahi",MD. DOLLAR,co0289,1,"Nur Manjil, Kadirganj, Rajshahi.",,13176504.57,13176504.570,2024-04-24,2024-06-23,2024-06-25,2024-06-10,2024-09-10,2,2,1,yes,yes,yes,Md. Abdullah Al Tarique,pp0002,Superintending Engineer,0
976770,Contract_Awards_PDFs/Tender_976770.pdf,1,supplier,Ministry of Housing and Public Works,og0001,Cox's Bazar Development Authority,og0020,CoxDA Master Plan,og0035,,Cox's Bazar,Goods,OTM,Development Government,NA,Master Plan Preparation for Cox's Bazar District,pr0033,CoxDA/Dev/23-24/MP/Workshop,CoxDA/Dev/23-24/MP/Workshop,"Supply, Installation, Testing, Commissioning of different items for 9 workshops and arrangement of 9 workshops at 9 Upazilas of Cox's Bazar District under ""Master Plan Preparation for Cox's Bazar District"" Project",CoxDA/Dev/23-24/MP/9 Workshop,"Supply, Installation, Testing, Commissioning of different items for 9 workshops and arrangement of 9 workshops at 9 Upazilas of Cox's Bazar District under ""Master Plan Preparation for Cox's Bazar District"" Project",9 Upazilas of Coxs Bazar District,M/S M R Enterprise,co0034,1,"23/D, Puran Paltan Line, Dhaka, PO-1000",,1158632.338,1158632.338,2024-04-24,2024-06-02,2024-06-04,2024-05-15,2024-06-30,2,2,1,yes,yes,yes,Md Tanvir Hasan Rezaul,pp0041,Deputy Town Planner,0
978265,Contract_Awards_PDFs/Tender_978265.pdf,1,supplier,Ministry of Housing and Public Works,og0001,Cox's Bazar Development Authority,og0020,Cox's Bazar Development Authority,og0020,,Cox's Bazar,Goods,OTM,Revenue Government,NA,NA,pr0003,CoxDA/Rev/2023-24/Goods/OTM/Seminar,CoxDA/Rev/2023-24/Goods/OTM/Seminar,"Supply of Goods and Related Service for Organizing Various Seminars by Coxâ??s Bazar Development Authority, Cox's Bazar. FY 2023-24",978265,"Supply of Goods and Related Service for Organizing Various Seminars by Coxâ??s Bazar Development Authority, Cox's Bazar. FY 2023-24",Coxs Bazar,Nahar Construction,co0028,1,"2/1, Mobarok mension, Janata road, Tekpara, Cox'sbazar-4700, Bangladesh.",,1219771.524,1219771.524,2024-05-09,2024-05-23,2024-05-26,2024-05-23,2024-06-27,1,1,1,yes,yes,yes,Tahsin Bin Alam,pp0013,Member (Engineer),0
980083,Contract_Awards_PDFs/Tender_980083.pdf,1,supplier,Ministry of Housing and Public Works,og0001,Rajdhani Unnayan Kartripakkha (RAJUK),og0002,Office of the Superintending Engineer (Electrical),og0011,,Dhaka,Works,OTM,Own Fund Own fund,NA,Building Repair & Maintenance,pr0018,Rajuk/Electrical-1/24/W-05,Rajuk/Electrical-1/24/W-05,"Supply & Installation of Internal Network System, CCTV System and Access Control System at Rajuk Zonal Office in BCIC Bhaban at Motijheel Dilkusha (Part-1).",25.39.0000.063.07.050.2023,"Supply & Installation of Internal Network System, CCTV System and Access Control System at Rajuk Zonal Office in BCIC Bhaban at Motijheel Dilkusha (Part-1).",Rajuk Zonal Office-6,M/S Mirza Construction,co0211,1,"J.C. Road, Dhanbandi, Sirajganj",,3723940.8,3723940.800,2024-05-20,2024-07-15,2024-08-12,2024-07-16,2024-08-30,5,3,2,yes,yes,yes,MOHAMMAD NAZMUS SAKIB JAMALI,pp0007,Sup. Eng. (Elec.),0
980096,Contract_Awards_PDFs/Tender_980096.pdf,1,supplier,Ministry of Housing and Public Works,og0001,Rajdhani Unnayan Kartripakkha (RAJUK),og0002,Office of the Superintending Engineer (Electrical),og0011,,Dhaka,Works,OTM,Own Fund Own fund,NA,Building Repair & Maintenance,pr0018,Rajuk/Electrical-1/24/W-06,Rajuk/Electrical-1/24/W-06,"Supply & Installation of Internal PABX, Audio & Video Conference System, Wi-Fi System and Raised Floor System at Rajuk Zonal Office in BCIC Bhaban at Motijheel Dilkusha (Part-2).",25.39.0000.063.07.052.2023,"Supply & Installation of Internal PABX, Audio & Video Conference System, Wi-Fi System and Raised Floor System at Rajuk Zonal Office in BCIC Bhaban at Motijheel Dilkusha (Part-2).",Rajuk Zonal Office-6,Aliza Enterprise,co0005,1,"610, Shewrapara, Mirpur, Dhaka-1216",,2499710.4,2499710.400,2024-05-20,2024-07-15,2024-08-12,2024-07-16,2024-08-30,4,3,2,yes,yes,yes,MOHAMMAD NAZMUS SAKIB JAMALI,pp0007,Sup. Eng. (Elec.),0
980099,Contract_Awards_PDFs/Tender_980099.pdf,1,supplier,Ministry of Housing and Public Works,og0001,Rajdhani Unnayan Kartripakkha (RAJUK),og0002,Office of the Superintending Engineer (Electrical),og0011,,Dhaka,Works,OTM,Own Fund Own fund,NA,Building Repair & Maintenance,pr0018,Rajuk/Electrical-1/24/W-07,Rajuk/Electrical-1/24/W-07,Internal Electrification at Rajuk Zonal Office in BCIC Bhaban at Motijheel Dilkusha (Part-3).,25.39.0000.063.07.051.2023,Internal Electrification at Rajuk Zonal Office in BCIC Bhaban at Motijheel Dilkusha (Part-3).,Rajuk Zonal Office-6,M/S Sunny Construction,co0053,1,"58/Cha/1,Tejturi Bazar Chak,West Razabazar,Dhaka-1215",,6560583.3,6560583.300,2024-05-20,2024-07-15,2024-08-12,2024-07-16,2024-08-30,6,6,6,yes,yes,yes,MOHAMMAD NAZMUS SAKIB JAMALI,pp0007,Sup. Eng. (Elec.),0
980158,Contract_Awards_PDFs/Tender_980158.pdf,1,supplier,Ministry of Housing and Public Works,og0001,Rajdhani Unnayan Kartripakkha (RAJUK),og0002,Office of the Superintending Engineer (Electrical),og0011,,Dhaka,Goods,OTM,Own Fund Own fund,NA,"Instalation of CCTV, Solar, PABX",pr0012,Rajuk/Electrical-1/24/G-03,Rajuk/Electrical-1/24/G-03,"Supply and Installation of 86"" Inch LED Smart TV of Chairman Office Room at Rajuk.",25.39.0000.063.07.028.2020,"Supply and Installation of 86"" Inch LED Smart TV of Chairman Office Room at Rajuk.",Rajuk Bhaban,Aliza Enterprise,co0005,1,"610, Shewrapara, Mirpur, Dhaka-1216",,823713,823713.000,2024-05-20,2024-09-01,2024-09-17,2024-08-04,2024-09-02,2,2,2,yes,yes,yes,MOHAMMAD NAZMUS SAKIB JAMALI,pp0007,Sup. Eng. (Elec.),0
98112,Contract_Awards_PDFs/Tender_98112.pdf,1,supplier,Ministry of Housing and Public Works,og0001,Rajdhani Unnayan Kartripakkha (RAJUK),og0002,Office of the Chief Engineer (Implementation),og0032,CE-01,Dhaka,Works,OTM,Own Fund Own fund,NA,Uttara Apment Project,pr0041,Rajuk/UAP/05,Rajuk/UAP/05,Construction of Internal 45-0 wide Road Including Footpath & Pipe drain at Block-A of Uttara Apartment Project,Rajuk/UAP/01/05,"Construction of Internal 45'-0""wide Road (Including Footpath & Pipe drain) at Block-'A' of Uttara Apartment Project",Uttara Apartment Project,"M.A.H Construction Ltd,RAB-RC(PVT)Ltd and Dawn Corporation JV ( JVCA Partners [Business Share]: M/S. Dawn Corporation [0.000%] , RAB-RC (PVT) LIMITED [0.000%] , M.A.H. CONSTRUCTION LTD. [0.000%] )",co0248,1,"1307/2,East Monipur, kafrul,Dhaka-1216",,31685427,31685427.000,2017-05-07,2017-08-22,2017-10-23,2017-07-02,2017-12-31,21,14,7,yes,yes,no,A S M Raihanul Ferodus,pp0053,"Chief Engineer, Implementation",0
984794,Contract_Awards_PDFs/Tender_984794.pdf,1,supplier,Ministry of Housing and Public Works,og0001,Rajdhani Unnayan Kartripakkha (RAJUK),og0002,Uttara Apartment Project,og0012,,Dhaka,Goods,OTM,Own Fund Own Fund,NA,NA,pr0003,RAJUK/UAP/PD/IFT/Electrification-15,UAP/EM/2023-2024/GD-15,"Remaining internal electrification works for the Commercial Complex including Convention Hall & Kitchen Super Shop under the Project of ""Construction of Residential Apartment Building for Low & Middle Income Group of people at Sector- 18, Block-A, Uttara, Dhaka.""",RAJUK/UAP/PD/IFT/Electrification-15,"Remaining internal electrification works for the Commercial Complex including Convention Hall & Kitchen Super Shop under the Project of ""Construction of Residential Apartment Building for Low & Middle Income Group of people at Sector- 18, Block-A, Uttara, Dhaka.""",Uttara Apartment Project Sector 18 Block A Uttara Dhaka,M/S Sunny Construction,co0053,1,"58/Cha/1,Tejturi Bazar Chak,West Razabazar,Dhaka-1215",,52895972.758,52895972.758,2024-05-30,2024-07-31,2024-08-27,2024-07-02,2024-12-29,5,3,2,yes,yes,yes,Mohammad Muzaffar Uddin,pp0004,PD (Uttara Appartment),0
98617,Contract_Awards_PDFs/Tender_98617.pdf,1,supplier,Ministry of Housing and Public Works,og0001,Rajdhani Unnayan Kartripakkha (RAJUK),og0002,office of the Chief Engineer ( Project & Design),og0036,CE-02,Dhaka,Works,OTM,Development Government,NA,Integrated Development of Hatirjheel Area including Begunbari Khal.,pr0050,Rajuk/Hatirjheel/Electrical-01/01,Hatirjheel/Electrical-01/1,Providing Internal Electrification of 15 Storied Apartment Building under the project of Rehabilitation of affected people & selling at integrated Development Hatirjheel Project Group-2.,Rajuk/Hatirjheel/Electrical-01/01,Providing Internal Electrification of 15 Storied Apartment Building under the project of Rehabilitation of affected people & selling at integrated Development Hatirjheel Project (Group-2).,Hatirjheel Project,M/s Manik & Brothers,co0307,1,"House No- 150,Lake Circus Abed Dhali Road,kalabagan, Dhanmondi, Dhaka",,25899212.7,25899212.700,2017-08-07,2017-10-19,2017-12-28,2017-09-03,2018-03-01,2,2,2,yes,yes,no,Md. Anwar Hossain,pp0025,"Chief Engineer, Project & Design",0
98996,Contract_Awards_PDFs/Tender_98996.pdf,1,supplier,Ministry of Housing and Public Works,og0001,Rajshahi Development Authority,og0004,Office of the Chairman,og0030,,Rajshahi,Works,OTM,Development Government,NA,Widening of Road from court to Rajshahi Bypass Road(1st REVISED),pr0090,040.002.827.000.2008.139,RDA/Courtroad/W/2016-2017/01,Widening of Road from court to Rajshahi Bypass Road,RDA/Court/2017-2018/01,Widening of Road from court to Rajshahi Bypass Road,Court,SHAMIM ENTERPRISE (PVT) LTD,co0308,1,"4. K.B. Ismail road, Mymensingh.",,356723044.2,356723044.200,2017-05-02,2017-10-15,2017-11-01,2017-07-02,2018-07-01,6,4,1,yes,yes,yes,Freedom Fighter Principal Md. Bazlur Rahman,pp0023,Chaiman,0
991635,Contract_Awards_PDFs/Tender_991635.pdf,1,supplier,Ministry of Housing and Public Works,og0001,Khulna Development Authority (KDA),og0016,Office of the Project Director (3Link Road),og0075,,Khulna,Works,OTM,Development Government,NA,Construction of 3 (Three) Link Roads Connecting Satkhira Road and City Bypass Road.,pr0064,KDA/3link/WD-4/2023-24,KDA/3link/WD-4/2023-24,"Construction of 2.70 km long (2 lane ) link road from Bastuhara Road to Old Satkhira Road (including Road works, Culvert, Retaining Wall, Protection works, Plantation etc)",25.41.0000.021.0241.23,"Construction of 2.70 km long (2 lane ) link road from Bastuhara Road to Old Satkhira Road (including Road works, Culvert, Retaining Wall, Protection works, Plantation etc)","Bastuhara Road to Old Satkhira Road, Khulna","IH-RSE (JV) ( JVCA Partners [Business Share]: M/S R. S. Enterprise [60.000%] , M/S ISMAIL HOSSAIN [40.000%] )",co0309,1,"House No. 8/19, Flat No. 6/B, Block-A Sir Syed Road, Mohammadpur, Dhaka-1207",,442452500,442452500.000,2024-05-26,2024-10-06,2024-10-16,2024-09-15,2025-12-30,4,3,3,yes,yes,yes,Mortoza Al Mamun,pp0014,Project Director,0
99692,Contract_Awards_PDFs/Tender_99692.pdf,1,supplier,Ministry of Housing and Public Works,og0001,Chittagong Development Authority,og0009,Project Director (Dewanhat),og0071,,Chittagong,Works,OTM,Own Fund Own fund,NA,"Construction of 10 Storied Apartment Complex with one semi-basement at Dewanhat, Chittagong",pr0091,pd/dewanhatapartment/e-5786 date:15/05/2017,pd/dewanhatapart/e-5786/wd2,Construction of 12 storied residential building with one semi basement including internal sanitary water supply gas connection electrification & other services.,pd/dewanhatapartment/e-5786/noa,"Construction of 12 storied residential building with one semi basement including internal sanitary, water supply, gas connection, electrification & other services.",Dewanhat Junction,M Jamal & Company Limited,co0141,1,"House No 18 (New), 405 (Old), 1st Floor, Road No. 16 (New), 27 (Old), Dhanmondi, Dhaka-1205.",,237118580.877,237118580.877,2017-05-16,2017-08-27,2017-09-11,2017-07-30,2019-07-30,3,3,2,yes,yes,yes,Md. Mahfuzur Rahman,pp0017,Executive Engineer,0
