level,printed,normalized,tenders,first_source_file,first_page,coordinates
district,Chattogram,Chattogram,229,Tender Notice_PDFs/CDA_Tender_1001782.pdf,1,not documented in the supplied documents
city,Chittagong,Chittagong,159,Tender Notice_PDFs/CDA_Tender_1001782.pdf,1,not documented in the supplied documents
thana,Kotowali,Kotowali,130,Tender Notice_PDFs/CDA_Tender_1001782.pdf,1,not documented in the supplied documents
country,Bangladesh,Bangladesh,1133,Tender Notice_PDFs/CDA_Tender_1001782.pdf,1,not documented in the supplied documents
city,Chattogran,Chattogran,1,Tender Notice_PDFs/CDA_Tender_1002615.pdf,1,not documented in the supplied documents
thana,Chattogram City Corporation,Chattogram City Corporation,40,Tender Notice_PDFs/CDA_Tender_1002615.pdf,1,not documented in the supplied documents
district,Chittagong,Chittagong,45,Tender Notice_PDFs/CDA_Tender_100483.pdf,1,not documented in the supplied documents
thana,kotowali,kotowali,4,Tender Notice_PDFs/CDA_Tender_1044421.pdf,1,not documented in the supplied documents
thana,Sitakunda,Sitakunda,2,Tender Notice_PDFs/CDA_Tender_1054573.pdf,1,not documented in the supplied documents
city,Chattogram,Chattogram,15,Tender Notice_PDFs/CDA_Tender_1124277.pdf,1,not documented in the supplied documents
district,Comilla,Comilla,2,Tender Notice_PDFs/CDA_Tender_15000.pdf,1,not documented in the supplied documents
city,Comilla,Comilla,1,Tender Notice_PDFs/CDA_Tender_15000.pdf,1,not documented in the supplied documents
thana,Jangalia,Jangalia,1,Tender Notice_PDFs/CDA_Tender_15000.pdf,1,not documented in the supplied documents
district,Dinajpur,Dinajpur,3,Tender Notice_PDFs/CDA_Tender_18000.pdf,1,not documented in the supplied documents
city,Dinajpur,Dinajpur,2,Tender Notice_PDFs/CDA_Tender_18000.pdf,1,not documented in the supplied documents
thana,Sadar,Sadar,1,Tender Notice_PDFs/CDA_Tender_18000.pdf,1,not documented in the supplied documents
city,Chottogram,Chottogram,2,Tender Notice_PDFs/CDA_Tender_281992.pdf,1,not documented in the supplied documents
thana,Chittagong Sadar,Chittagong Sadar,1,Tender Notice_PDFs/CDA_Tender_42800.pdf,1,not documented in the supplied documents
district,Cox's Bazar,Cox's Bazar,243,Tender Notice_PDFs/COXDA_Tender_1016323.pdf,1,not documented in the supplied documents
city,Cox's Bazar,Cox's Bazar,134,Tender Notice_PDFs/COXDA_Tender_1016323.pdf,1,not documented in the supplied documents
thana,Cox'S Bazar Sadar,Cox'S Bazar Sadar,82,Tender Notice_PDFs/COXDA_Tender_1016323.pdf,1,not documented in the supplied documents
thana,Dinajpur Sadar,Dinajpur Sadar,1,Tender Notice_PDFs/COXDA_Tender_20558.pdf,1,not documented in the supplied documents
thana,Cox's Bazar Sadar,Cox's Bazar Sadar,52,Tender Notice_PDFs/COXDA_Tender_270190.pdf,1,not documented in the supplied documents
district,Gazipur,Gazipur,28,Tender Notice_PDFs/GDA_Tender_1251658.pdf,1,not documented in the supplied documents
city,Gazipur,Gazipur,4,Tender Notice_PDFs/GDA_Tender_1251766.pdf,2,not documented in the supplied documents
thana,Gazipur City Corporation,Gazipur City Corporation,11,Tender Notice_PDFs/GDA_Tender_1251766.pdf,2,not documented in the supplied documents
city,Gazipur city,Gazipur city,2,Tender Notice_PDFs/GDA_Tender_1253427.pdf,1,not documented in the supplied documents
city,Gazipur City,Gazipur City,5,Tender Notice_PDFs/GDA_Tender_1257073.pdf,1,not documented in the supplied documents
district,Khulna,Khulna,101,Tender Notice_PDFs/KDA_Tender_1007160.pdf,1,not documented in the supplied documents
city,Khulna,Khulna,64,Tender Notice_PDFs/KDA_Tender_1007160.pdf,2,not documented in the supplied documents
thana,Khulna City Corporation,Khulna City Corporation,22,Tender Notice_PDFs/KDA_Tender_1007160.pdf,2,not documented in the supplied documents
thana,Sonadanga,Sonadanga,41,Tender Notice_PDFs/KDA_Tender_1009276.pdf,1,not documented in the supplied documents
thana,Sadar Khulna,Sadar Khulna,1,Tender Notice_PDFs/KDA_Tender_459665.pdf,2,not documented in the supplied documents
district,Dhaka,Dhaka,1056,Tender Notice_PDFs/RAJUK_Tender_1000267.pdf,1,not documented in the supplied documents
city,Dhaka,Dhaka,691,Tender Notice_PDFs/RAJUK_Tender_1000267.pdf,1,not documented in the supplied documents
thana,Dhaka South City Corporation,Dhaka South City Corporation,254,Tender Notice_PDFs/RAJUK_Tender_1000267.pdf,1,not documented in the supplied documents
thana,Motijhil,Motijhil,205,Tender Notice_PDFs/RAJUK_Tender_101974.pdf,2,not documented in the supplied documents
district,Satkhira,Satkhira,2,Tender Notice_PDFs/RAJUK_Tender_111480.pdf,1,not documented in the supplied documents
city,Satkhira,Satkhira,1,Tender Notice_PDFs/RAJUK_Tender_111480.pdf,1,not documented in the supplied documents
thana,Satkhira Sadar,Satkhira Sadar,1,Tender Notice_PDFs/RAJUK_Tender_111480.pdf,1,not documented in the supplied documents
thana,Dhaka North City Corporation,Dhaka North City Corporation,4,Tender Notice_PDFs/RAJUK_Tender_1170765.pdf,1,not documented in the supplied documents
district,Pabna,Pabna,2,Tender Notice_PDFs/RAJUK_Tender_159826.pdf,1,not documented in the supplied documents
city,Pabna,Pabna,1,Tender Notice_PDFs/RAJUK_Tender_159826.pdf,1,not documented in the supplied documents
thana,Pabna Sadar,Pabna Sadar,1,Tender Notice_PDFs/RAJUK_Tender_159826.pdf,1,not documented in the supplied documents
thana,Gulshan,Gulshan,13,Tender Notice_PDFs/RAJUK_Tender_164878.pdf,1,not documented in the supplied documents
district,Barisal,Barisal,2,Tender Notice_PDFs/RAJUK_Tender_168749.pdf,1,not documented in the supplied documents
city,Barisal,Barisal,1,Tender Notice_PDFs/RAJUK_Tender_168749.pdf,1,not documented in the supplied documents
thana,Barisal Sadar,Barisal Sadar,1,Tender Notice_PDFs/RAJUK_Tender_168749.pdf,1,not documented in the supplied documents
thana,Motijheel,Motijheel,215,Tender Notice_PDFs/RAJUK_Tender_423280.pdf,1,not documented in the supplied documents
district,Laksmipur,Laksmipur,2,Tender Notice_PDFs/RAJUK_Tender_89768.pdf,1,not documented in the supplied documents
city,Laksmipur,Laksmipur,1,Tender Notice_PDFs/RAJUK_Tender_89768.pdf,1,not documented in the supplied documents
thana,Laksmipur,Laksmipur,1,Tender Notice_PDFs/RAJUK_Tender_89768.pdf,1,not documented in the supplied documents
district,Rajshahi,Rajshahi,78,Tender Notice_PDFs/RDA_Tender_1000426.pdf,1,not documented in the supplied documents
city,Boalia,Boalia,9,Tender Notice_PDFs/RDA_Tender_1000426.pdf,1,not documented in the supplied documents
thana,Rajshahi City Corporation,Rajshahi City Corporation,24,Tender Notice_PDFs/RDA_Tender_1000426.pdf,1,not documented in the supplied documents
city,Rajshahi,Rajshahi,40,Tender Notice_PDFs/RDA_Tender_112012.pdf,1,not documented in the supplied documents
thana,Shah Mukhdum,Shah Mukhdum,25,Tender Notice_PDFs/RDA_Tender_112012.pdf,1,not documented in the supplied documents
work location,Madani Avenue Road,Madani Avenue Road,1,Contract_Awards_PDFs/Tender_1000267.pdf,1,not documented in the supplied documents
winner address,"154, Motijheel C/A. Masjid Market (2nd Floor), Room No.301-303, Dhaka-1000.","154, Motijheel C/A. Masjid Market (2nd Floor), Room No.301-303, Dhaka-1000.",8,Contract_Awards_PDFs/Tender_1000267.pdf,1,not documented in the supplied documents
work location,"PRANTIK Residential Area, Kasiadanga More, Rajshahi","PRANTIK Residential Area, Kasiadanga More, Rajshahi",2,Contract_Awards_PDFs/Tender_1000426.pdf,1,not documented in the supplied documents
winner address,"Thikadar para, Alam Nagar, Rangpur-5402","Thikadar para, Alam Nagar, Rangpur-5402",1,Contract_Awards_PDFs/Tender_1000426.pdf,1,not documented in the supplied documents
work location,"Sir Syed Road, Block-A, Mohammadpur, Dhaka","Sir Syed Road, Block-A, Mohammadpur, Dhaka",1,Contract_Awards_PDFs/Tender_1000945.pdf,1,not documented in the supplied documents
winner address,"Kha-202/c, Progatisharani, Middle Badda, Dhaka-1212.","Kha-202/c, Progatisharani, Middle Badda, Dhaka-1212.",10,Contract_Awards_PDFs/Tender_1000945.pdf,1,not documented in the supplied documents
work location,Hatirjheel Area,Hatirjheel Area,3,Contract_Awards_PDFs/Tender_1001120.pdf,1,not documented in the supplied documents
winner address,"61, Satish Sarker Road, Gandaria, Dhaka Bangladesh","61, Satish Sarker Road, Gandaria, Dhaka Bangladesh",5,Contract_Awards_PDFs/Tender_1001120.pdf,1,not documented in the supplied documents
work location,Mohakhali,Mohakhali,8,Contract_Awards_PDFs/Tender_1001460.pdf,1,not documented in the supplied documents
winner address,"610, Shewrapara, Mirpur, Dhaka-1216","610, Shewrapara, Mirpur, Dhaka-1216",14,Contract_Awards_PDFs/Tender_1001460.pdf,1,not documented in the supplied documents
winner address,"Ka-23, Kalachandpur (1st Floor), Baridhara, North Road, Gulshan, Dhaka-1212, Bangladesh.","Ka-23, Kalachandpur (1st Floor), Baridhara, North Road, Gulshan, Dhaka-1212, Bangladesh.",1,Contract_Awards_PDFs/Tender_1001613.pdf,1,not documented in the supplied documents
work location,"Nasirabad, Chattogram","Nasirabad, Chattogram",8,Contract_Awards_PDFs/Tender_1001782.pdf,1,not documented in the supplied documents
winner address,"CPDL LTD. 81/A S.S Khaled Road, Chittagong-4000 Tel:-031-2854442","CPDL LTD. 81/A S.S Khaled Road, Chittagong-4000 Tel:-031-2854442",3,Contract_Awards_PDFs/Tender_1001782.pdf,1,not documented in the supplied documents
winner address,"MM Tower (5th), CDA Avenue Road, Besides Sanmar Ocean City, PO: Khulshi, PS: Panchlaish. Chattogram.","MM Tower (5th), CDA Avenue Road, Besides Sanmar Ocean City, PO: Khulshi, PS: Panchlaish. Chattogram.",6,Contract_Awards_PDFs/Tender_1001843.pdf,1,not documented in the supplied documents
work location,Uttara Rajuk Zonal Office,Uttara Rajuk Zonal Office,1,Contract_Awards_PDFs/Tender_1002814.pdf,1,not documented in the supplied documents
winner address,"623/1 (2nd & 3rd floor) Begum Rokeya Sarani, Kazipara, Mirpur, Dhaka-1216, Bangladesh","623/1 (2nd & 3rd floor) Begum Rokeya Sarani, Kazipara, Mirpur, Dhaka-1216, Bangladesh",1,Contract_Awards_PDFs/Tender_1002814.pdf,1,not documented in the supplied documents
work location,Mohakhali Rajuk Zonal Office,Mohakhali Rajuk Zonal Office,1,Contract_Awards_PDFs/Tender_1002854.pdf,1,not documented in the supplied documents
winner address,"PRAN-RFL Center, 105 Pragati Sarani, Middle Badda, Dhaka-1212, Bangladesh","PRAN-RFL Center, 105 Pragati Sarani, Middle Badda, Dhaka-1212, Bangladesh",2,Contract_Awards_PDFs/Tender_1002854.pdf,1,not documented in the supplied documents
work location,Sector-18 Block-A Uttara Dhaka,Sector-18 Block-A Uttara Dhaka,2,Contract_Awards_PDFs/Tender_1003623.pdf,1,not documented in the supplied documents
winner address,"53-54 ,Gess Bangladesh ,Ocean City ,Chakaria ,Cox'sBazar","53-54 ,Gess Bangladesh ,Ocean City ,Chakaria ,Cox'sBazar",7,Contract_Awards_PDFs/Tender_1003623.pdf,1,not documented in the supplied documents
work location,Silimpur,Silimpur,4,Contract_Awards_PDFs/Tender_100483.pdf,1,not documented in the supplied documents
winner address,"34/B, Buddhist Temple Road, Nandankanan, Chittagong.","34/B, Buddhist Temple Road, Nandankanan, Chittagong.",4,Contract_Awards_PDFs/Tender_100483.pdf,1,not documented in the supplied documents
work location,Uttara Residential Area of RAJUK,Uttara Residential Area of RAJUK,1,Contract_Awards_PDFs/Tender_1007300.pdf,1,not documented in the supplied documents
winner address,"1/1 KAMALAPUR BAZAR ROAD, DHAKA","1/1 KAMALAPUR BAZAR ROAD, DHAKA",7,Contract_Awards_PDFs/Tender_1007300.pdf,1,not documented in the supplied documents
work location,Uttara Apartment Project,Uttara Apartment Project,36,Contract_Awards_PDFs/Tender_1008472.pdf,1,not documented in the supplied documents
winner address,"28, Malibagh Chowdhury Para, Dhaka.","28, Malibagh Chowdhury Para, Dhaka.",12,Contract_Awards_PDFs/Tender_1008472.pdf,1,not documented in the supplied documents
work location,Purbachal New Town Project,Purbachal New Town Project,30,Contract_Awards_PDFs/Tender_1008542.pdf,1,not documented in the supplied documents
winner address,"ABC Skyrise Tower, Level 2 Shahjalal Avenue, Sector No. 04, Uttara, Dhaka-1230, Bangladesh.","ABC Skyrise Tower, Level 2 Shahjalal Avenue, Sector No. 04, Uttara, Dhaka-1230, Bangladesh.",5,Contract_Awards_PDFs/Tender_1008542.pdf,1,not documented in the supplied documents
winner address,"House-08, Road-02, Diyabari, Uttara, Dhaka-1230 Contact No:01935968075, 01707568905","House-08, Road-02, Diyabari, Uttara, Dhaka-1230 Contact No:01935968075, 01707568905",15,Contract_Awards_PDFs/Tender_1008543.pdf,1,not documented in the supplied documents
winner address,"Eastern Arzoo, Suite No: 11/08, 61, Bijoynagar, Dhaka-1000.","Eastern Arzoo, Suite No: 11/08, 61, Bijoynagar, Dhaka-1000.",5,Contract_Awards_PDFs/Tender_1008544.pdf,1,not documented in the supplied documents
winner address,"HOUSE NO 7, ROAD NO 3, NIKUNJA-2, KHILKHET, DHAKA-1229.","HOUSE NO 7, ROAD NO 3, NIKUNJA-2, KHILKHET, DHAKA-1229.",1,Contract_Awards_PDFs/Tender_1008546.pdf,1,not documented in the supplied documents
work location,Purbachal New Project,Purbachal New Project,1,Contract_Awards_PDFs/Tender_1008547.pdf,1,not documented in the supplied documents
winner address,"Planners Tower(16th Floor), Suit No: 8-11,13/A, Sonargaon Road, Dhaka-1000.","Planners Tower(16th Floor), Suit No: 8-11,13/A, Sonargaon Road, Dhaka-1000.",7,Contract_Awards_PDFs/Tender_1008548.pdf,1,not documented in the supplied documents
work location,KDA Office Building,KDA Office Building,3,Contract_Awards_PDFs/Tender_1009276.pdf,1,not documented in the supplied documents
winner address,"3/4, KHULNA COMPUTER CITY, JALIL TOWER (1ST FLOOR), 77, KHAN-A-SABUR ROAD, KHULNA-9000.","3/4, KHULNA COMPUTER CITY, JALIL TOWER (1ST FLOOR), 77, KHAN-A-SABUR ROAD, KHULNA-9000.",2,Contract_Awards_PDFs/Tender_1009276.pdf,1,not documented in the supplied documents
work location,KDA Office Bhavan,KDA Office Bhavan,2,Contract_Awards_PDFs/Tender_1010247.pdf,1,not documented in the supplied documents
winner address,"10/A, ROAD-6, PLOT-1, MIRPUR, Pallabi","10/A, ROAD-6, PLOT-1, MIRPUR, Pallabi",1,Contract_Awards_PDFs/Tender_1010247.pdf,1,not documented in the supplied documents
work location,DC Road,DC Road,1,Contract_Awards_PDFs/Tender_101083.pdf,1,not documented in the supplied documents
winner address,"Kader Villa 1st Floor ,O R, Nizam Road Chittagong","Kader Villa 1st Floor ,O R, Nizam Road Chittagong",2,Contract_Awards_PDFs/Tender_101083.pdf,1,not documented in the supplied documents
work location,Purbachal New Project Area,Purbachal New Project Area,9,Contract_Awards_PDFs/Tender_1011370.pdf,1,not documented in the supplied documents
winner address,"Dhaka Trtade Centre,Level #15, Block # H 99 Kazi Nazrul Islam Avenue, Kawran Bazar C/A, Dhaka-1215","Dhaka Trtade Centre,Level #15, Block # H 99 Kazi Nazrul Islam Avenue, Kawran Bazar C/A, Dhaka-1215",6,Contract_Awards_PDFs/Tender_1011370.pdf,1,not documented in the supplied documents
winner address,"Dorbesh Chamber, Railway Hospital Road, Khulna","Dorbesh Chamber, Railway Hospital Road, Khulna",1,Contract_Awards_PDFs/Tender_1013009.pdf,1,not documented in the supplied documents
work location,Uttara Residential area,Uttara Residential area,6,Contract_Awards_PDFs/Tender_1013268.pdf,1,not documented in the supplied documents
winner address,"Cha-72/1, North Badda, Badda Tower (10th FL), Badda, Dhaka-1212","Cha-72/1, North Badda, Badda Tower (10th FL), Badda, Dhaka-1212",4,Contract_Awards_PDFs/Tender_1013270.pdf,1,not documented in the supplied documents
work location,Rajuk Main and Annex Building,Rajuk Main and Annex Building,1,Contract_Awards_PDFs/Tender_1014738.pdf,1,not documented in the supplied documents
winner address,"Dogair Natun Utturpara, Sarulia, Demra, Dhaka","Dogair Natun Utturpara, Sarulia, Demra, Dhaka",2,Contract_Awards_PDFs/Tender_1014738.pdf,1,not documented in the supplied documents
work location,"CoxDA Bhaban, Coxsbazar","CoxDA Bhaban, Coxsbazar",11,Contract_Awards_PDFs/Tender_1016323.pdf,1,not documented in the supplied documents
winner address,"House#8, Avenue#2, Block#G, Sec#2, Mirpur, Dhaka-1216","House#8, Avenue#2, Block#G, Sec#2, Mirpur, Dhaka-1216",3,Contract_Awards_PDFs/Tender_1016323.pdf,1,not documented in the supplied documents
work location,Coxs Bazar Sadar,Coxs Bazar Sadar,9,Contract_Awards_PDFs/Tender_1016492.pdf,1,not documented in the supplied documents
winner address,"2/1, Mobarok mension, Janata road, Tekpara, Cox'sbazar-4700, Bangladesh.","2/1, Mobarok mension, Janata road, Tekpara, Cox'sbazar-4700, Bangladesh.",14,Contract_Awards_PDFs/Tender_1016492.pdf,1,not documented in the supplied documents
work location,Uttara Apartment Project Sector-18 Block-A Uttara Dhaka,Uttara Apartment Project Sector-18 Block-A Uttara Dhaka,11,Contract_Awards_PDFs/Tender_1023051.pdf,1,not documented in the supplied documents
winner address,"370/A Khilgaon, Tilpapara, Dhaka.","370/A Khilgaon, Tilpapara, Dhaka.",2,Contract_Awards_PDFs/Tender_1023051.pdf,1,not documented in the supplied documents
work location,Uttara Apartment Project Sector 18 Block A Uttara Dhaka,Uttara Apartment Project Sector 18 Block A Uttara Dhaka,5,Contract_Awards_PDFs/Tender_1023052.pdf,1,not documented in the supplied documents
winner address,"Plot No-711/1-2, Road No-11, Baitul Aman Housing Society,Adabor, Shyamoli ,Dhaka-1207,Bangladesh.","Plot No-711/1-2, Road No-11, Baitul Aman Housing Society,Adabor, Shyamoli ,Dhaka-1207,Bangladesh.",1,Contract_Awards_PDFs/Tender_1023052.pdf,1,not documented in the supplied documents
work location,"Uttara Apartment Project, Sector-18, Block-A, Uttara, Dhaka","Uttara Apartment Project, Sector-18, Block-A, Uttara, Dhaka",5,Contract_Awards_PDFs/Tender_1023053.pdf,1,not documented in the supplied documents
winner address,"Plot-1088,Block-I,Bashundhara R/A, P.O-Khilkhet, P.S- Vatara, Dhaka-1229","Plot-1088,Block-I,Bashundhara R/A, P.O-Khilkhet, P.S- Vatara, Dhaka-1229",3,Contract_Awards_PDFs/Tender_1023053.pdf,1,not documented in the supplied documents
winner address,"Plot # 1,1/1 Naya Paltan Rupayan Taj, Office Suit-D1, Box Culvert Road, Dhaka-1000, Bangladesh.","Plot # 1,1/1 Naya Paltan Rupayan Taj, Office Suit-D1, Box Culvert Road, Dhaka-1000, Bangladesh.",1,Contract_Awards_PDFs/Tender_1023054.pdf,1,not documented in the supplied documents
work location,"Dewanhat, Chittagong","Dewanhat, Chittagong",1,Contract_Awards_PDFs/Tender_1023333.pdf,1,not documented in the supplied documents
winner address,"39, Urdu Road, Lalbag, Dhaka","39, Urdu Road, Lalbag, Dhaka",1,Contract_Awards_PDFs/Tender_1023333.pdf,1,not documented in the supplied documents
work location,CoxsBazar,CoxsBazar,3,Contract_Awards_PDFs/Tender_1024374.pdf,1,not documented in the supplied documents
winner address,"23/D, Puran Paltan Line, Dhaka, PO-1000","23/D, Puran Paltan Line, Dhaka, PO-1000",4,Contract_Awards_PDFs/Tender_1024374.pdf,1,not documented in the supplied documents
work location,Kutubdia Upazilla,Kutubdia Upazilla,1,Contract_Awards_PDFs/Tender_1024391.pdf,1,not documented in the supplied documents
winner address,"LIGHT HOUSE ROAD ,KOLATOLI COXBAZAR","LIGHT HOUSE ROAD ,KOLATOLI COXBAZAR",1,Contract_Awards_PDFs/Tender_1024391.pdf,1,not documented in the supplied documents
work location,Coxs Bazar,Coxs Bazar,35,Contract_Awards_PDFs/Tender_1024467.pdf,1,not documented in the supplied documents
winner address,"115/A, Tejturibazar Choklane East Rajabazar. Dhaka 1215.","115/A, Tejturibazar Choklane East Rajabazar. Dhaka 1215.",2,Contract_Awards_PDFs/Tender_1024467.pdf,1,not documented in the supplied documents
winner address,"790/3-A,West Kajipara,Mirpur,Dhaka-1216,Bangladesh.","790/3-A,West Kajipara,Mirpur,Dhaka-1216,Bangladesh.",1,Contract_Awards_PDFs/Tender_1024525.pdf,1,not documented in the supplied documents
winner address,"Kader Shopping mall,10 hatkhola, Frist Floor Suit No:-F-11 Dhaka-1203","Kader Shopping mall,10 hatkhola, Frist Floor Suit No:-F-11 Dhaka-1203",2,Contract_Awards_PDFs/Tender_1024787.pdf,1,not documented in the supplied documents
winner address,"Jahir Smart Tower, 205/1 and 205/1/A, West Kafrul, Begum Rokeya Sharani, Dhaka-1206, Bangladesh","Jahir Smart Tower, 205/1 and 205/1/A, West Kafrul, Begum Rokeya Sharani, Dhaka-1206, Bangladesh",8,Contract_Awards_PDFs/Tender_1024807.pdf,1,not documented in the supplied documents
work location,Coxs Bazar Development Authority,Coxs Bazar Development Authority,2,Contract_Awards_PDFs/Tender_1024943.pdf,1,not documented in the supplied documents
winner address,"goshail danga, bohutola moshjid road, chittagong.","goshail danga, bohutola moshjid road, chittagong.",1,Contract_Awards_PDFs/Tender_1028832.pdf,1,not documented in the supplied documents
work location,"Rajuk Bhaban, Zone Office, Site Office and Quarters","Rajuk Bhaban, Zone Office, Site Office and Quarters",1,Contract_Awards_PDFs/Tender_1030720.pdf,1,not documented in the supplied documents
winner address,"150 MOTIJHEEL, NAHAR MANSION 3RD FLOOR, C/A DHAKA.","150 MOTIJHEEL, NAHAR MANSION 3RD FLOOR, C/A DHAKA.",9,Contract_Awards_PDFs/Tender_1030720.pdf,1,not documented in the supplied documents
work location,Rajuk Zonal Office at Narayanganj,Rajuk Zonal Office at Narayanganj,1,Contract_Awards_PDFs/Tender_1031714.pdf,1,not documented in the supplied documents
winner address,"Reg. Office: 656, Road-14, Baitul Aman Housing Society Adabor, Mohammadpur, Dhaka-1207","Reg. Office: 656, Road-14, Baitul Aman Housing Society Adabor, Mohammadpur, Dhaka-1207",12,Contract_Awards_PDFs/Tender_1031714.pdf,1,not documented in the supplied documents
winner address,"113/2/1 BCC ROAD, 1ST FLOOR, WARI, DHAKA-1203","113/2/1 BCC ROAD, 1ST FLOOR, WARI, DHAKA-1203",6,Contract_Awards_PDFs/Tender_1031800.pdf,1,not documented in the supplied documents
work location,Nikunja-1,Nikunja-1,1,Contract_Awards_PDFs/Tender_1035179.pdf,1,not documented in the supplied documents
work location,Khulna Sonadanga Bus Terminal,Khulna Sonadanga Bus Terminal,2,Contract_Awards_PDFs/Tender_1037582.pdf,1,not documented in the supplied documents
winner address,"1/1, Sabujbag, Charerhat Main Road, Khalishpur, Khulna.","1/1, Sabujbag, Charerhat Main Road, Khalishpur, Khulna.",1,Contract_Awards_PDFs/Tender_1037582.pdf,1,not documented in the supplied documents
work location,Jhilmil Residential Project Area,Jhilmil Residential Project Area,12,Contract_Awards_PDFs/Tender_1044320.pdf,1,not documented in the supplied documents
winner address,"Tropicana Tower (3rd Floor), 218 Shaheed Syed Nazrul Islam Saranee, Dhaka-1000","Tropicana Tower (3rd Floor), 218 Shaheed Syed Nazrul Islam Saranee, Dhaka-1000",4,Contract_Awards_PDFs/Tender_1056195.pdf,1,not documented in the supplied documents
work location,Jhilmil Residential Project area,Jhilmil Residential Project area,5,Contract_Awards_PDFs/Tender_1058293.pdf,1,not documented in the supplied documents
winner address,"Al-Khalif Trust Tower (1st Floor), 92, Arambag, Motijheel C/A, Dhaka-1000.00","Al-Khalif Trust Tower (1st Floor), 92, Arambag, Motijheel C/A, Dhaka-1000.00",1,Contract_Awards_PDFs/Tender_1060890.pdf,1,not documented in the supplied documents
winner address,"197, Dr. Kudrat-e-khuda Road(Judge Goli), Elephant Road, Dhaka-1205, Bangladesh","197, Dr. Kudrat-e-khuda Road(Judge Goli), Elephant Road, Dhaka-1205, Bangladesh",1,Contract_Awards_PDFs/Tender_1060895.pdf,1,not documented in the supplied documents
work location,"Gulshan, Dhaka","Gulshan, Dhaka",2,Contract_Awards_PDFs/Tender_1062494.pdf,1,not documented in the supplied documents
winner address,"Mir Mahbub Tower, 304, Sheikh Mujib Road, Dewanhat, Double Muring, Chattogram, PO : 4100, Bangladesh","Mir Mahbub Tower, 304, Sheikh Mujib Road, Dewanhat, Double Muring, Chattogram, PO : 4100, Bangladesh",1,Contract_Awards_PDFs/Tender_1069561.pdf,1,not documented in the supplied documents
winner address,"61, Bijoy Nagar, Eastern Arzoo, Suit No: 11/08, Dhaka-1000.","61, Bijoy Nagar, Eastern Arzoo, Suit No: 11/08, Dhaka-1000.",1,Contract_Awards_PDFs/Tender_1069562.pdf,1,not documented in the supplied documents
winner address,"28/C-3 Toyenbee Circular Road (1st Floor), Motijheel C/A, Dhaka","28/C-3 Toyenbee Circular Road (1st Floor), Motijheel C/A, Dhaka",1,Contract_Awards_PDFs/Tender_1072723.pdf,1,not documented in the supplied documents
work location,Sector No-18 (East Side) in Uttara (3rd Phase),Sector No-18 (East Side) in Uttara (3rd Phase),1,Contract_Awards_PDFs/Tender_1074002.pdf,1,not documented in the supplied documents
winner address,"58/Cha/1,Tejturi Bazar Chak,West Razabazar,Dhaka-1215","58/Cha/1,Tejturi Bazar Chak,West Razabazar,Dhaka-1215",11,Contract_Awards_PDFs/Tender_1074002.pdf,1,not documented in the supplied documents
work location,Rajuk Chairman Banglo,Rajuk Chairman Banglo,1,Contract_Awards_PDFs/Tender_1074661.pdf,1,not documented in the supplied documents
winner address,"House No. # 22, Road # 04, Block - C, Banani, Dhaka-1213","House No. # 22, Road # 04, Block - C, Banani, Dhaka-1213",3,Contract_Awards_PDFs/Tender_1074661.pdf,1,not documented in the supplied documents
winner address,"215, Bir Uttam Mir Shawkat Sarak, Tejgaon I/A, Dhaka-1208","215, Bir Uttam Mir Shawkat Sarak, Tejgaon I/A, Dhaka-1208",4,Contract_Awards_PDFs/Tender_1076521.pdf,1,not documented in the supplied documents
work location,Rajuk Zone-7 Office,Rajuk Zone-7 Office,1,Contract_Awards_PDFs/Tender_1077063.pdf,1,not documented in the supplied documents
winner address,"OTOBI Limited, OTOBI Centre (3rd Floor), Plot-12, Block CWS(C) Gulshan South Avenue, Gulshan-1, Dhaka-1212","OTOBI Limited, OTOBI Centre (3rd Floor), Plot-12, Block CWS(C) Gulshan South Avenue, Gulshan-1, Dhaka-1212",1,Contract_Awards_PDFs/Tender_1077063.pdf,1,not documented in the supplied documents
work location,Uttara Residential Area RAJUK,Uttara Residential Area RAJUK,8,Contract_Awards_PDFs/Tender_1081213.pdf,1,not documented in the supplied documents
work location,Gulshan Car Parking cum Office Building,Gulshan Car Parking cum Office Building,1,Contract_Awards_PDFs/Tender_1081271.pdf,1,not documented in the supplied documents
work location,"Mohammadpur, Dhaka","Mohammadpur, Dhaka",3,Contract_Awards_PDFs/Tender_1082896.pdf,1,not documented in the supplied documents
work location,Rajuk Officers Quarter,Rajuk Officers Quarter,1,Contract_Awards_PDFs/Tender_1083479.pdf,1,not documented in the supplied documents
winner address,"Kazi Tower, Flat 6B, 86, Inner Circular VIP Road Naya Paltan, Dhaka-1000.","Kazi Tower, Flat 6B, 86, Inner Circular VIP Road Naya Paltan, Dhaka-1000.",4,Contract_Awards_PDFs/Tender_1083479.pdf,1,not documented in the supplied documents
work location,Rajuk Bhaban,Rajuk Bhaban,27,Contract_Awards_PDFs/Tender_1083760.pdf,1,not documented in the supplied documents
work location,gate no 2 to Lalkhan bazaar and 2 no gate to Baby Super Market,gate no 2 to Lalkhan bazaar and 2 no gate to Baby Super Market,1,Contract_Awards_PDFs/Tender_108836.pdf,1,not documented in the supplied documents
winner address,"233/450 Ramna Market, Electrict Lane, Hotel Unique, Reazuddin Bazar, Chittagong","233/450 Ramna Market, Electrict Lane, Hotel Unique, Reazuddin Bazar, Chittagong",1,Contract_Awards_PDFs/Tender_108836.pdf,1,not documented in the supplied documents
winner address,"House # 300/1, South Monipur, Mirpur, Dhaka 1216.","House # 300/1, South Monipur, Mirpur, Dhaka 1216.",2,Contract_Awards_PDFs/Tender_1094618.pdf,1,not documented in the supplied documents
winner address,"2/3 Mohini Mohon Das Lane Shambazar,Dhaka-1100","2/3 Mohini Mohon Das Lane Shambazar,Dhaka-1100",2,Contract_Awards_PDFs/Tender_1096839.pdf,1,not documented in the supplied documents
winner address,"71, Fakirapool, Motijheel, Dhaka-1000","71, Fakirapool, Motijheel, Dhaka-1000",1,Contract_Awards_PDFs/Tender_1096909.pdf,1,not documented in the supplied documents
work location,"Rajuk Malibagh Officers Quarter,Malibag,Dhaka","Rajuk Malibagh Officers Quarter,Malibag,Dhaka",1,Contract_Awards_PDFs/Tender_1097226.pdf,1,not documented in the supplied documents
work location,"Motijheel BCIC Bhaban,Dhaka","Motijheel BCIC Bhaban,Dhaka",1,Contract_Awards_PDFs/Tender_1097756.pdf,1,not documented in the supplied documents
work location,Saltgola,Saltgola,1,Contract_Awards_PDFs/Tender_110297.pdf,1,not documented in the supplied documents
winner address,"10 Toyenbee Circular Road, Motijheel C/A, Dhaka.","10 Toyenbee Circular Road, Motijheel C/A, Dhaka.",2,Contract_Awards_PDFs/Tender_110297.pdf,1,not documented in the supplied documents
work location,Debhata,Debhata,1,Contract_Awards_PDFs/Tender_111480.pdf,1,not documented in the supplied documents
winner address,"Situlpur, Kaligonj, Satkhira.","Situlpur, Kaligonj, Satkhira.",1,Contract_Awards_PDFs/Tender_111480.pdf,1,not documented in the supplied documents
winner address,"11/A,Main Road-3,Plot-10,Pallabi; Pallabi PS; Dhaka-1216; Bangladesh (Present Address: 63/4, Panthanivas - 2, Lake Circus Kalabagan, Panthapath, Dhaka - 1205)","11/A,Main Road-3,Plot-10,Pallabi; Pallabi PS; Dhaka-1216; Bangladesh (Present Address: 63/4, Panthanivas - 2, Lake Circus Kalabagan, Panthapath, Dhaka - 1205)",1,Contract_Awards_PDFs/Tender_1117569.pdf,1,not documented in the supplied documents
winner address,"East Karulia, Munshirbil, Karulia, Coxs Bazar","East Karulia, Munshirbil, Karulia, Coxs Bazar",2,Contract_Awards_PDFs/Tender_1119438.pdf,1,not documented in the supplied documents
work location,Natore Road RUET To Rajshahi By Pass Road,Natore Road RUET To Rajshahi By Pass Road,1,Contract_Awards_PDFs/Tender_112012.pdf,1,not documented in the supplied documents
winner address,"Monem Business District, 111, Bir Uttam C.R. Datta Road (Sonargaon Road), Dhaka - 1205","Monem Business District, 111, Bir Uttam C.R. Datta Road (Sonargaon Road), Dhaka - 1205",1,Contract_Awards_PDFs/Tender_112012.pdf,1,not documented in the supplied documents
winner address,"Advocate MD. Ali Market (1st Floor) Main Road, Kalordokan, Cox's Bazar Pourashava","Advocate MD. Ali Market (1st Floor) Main Road, Kalordokan, Cox's Bazar Pourashava",1,Contract_Awards_PDFs/Tender_1121584.pdf,1,not documented in the supplied documents
work location,"Annex Building, RAJUK Bhaban, Dhaka-1000","Annex Building, RAJUK Bhaban, Dhaka-1000",1,Contract_Awards_PDFs/Tender_1123494.pdf,1,not documented in the supplied documents
work location,Mehedibag Chattogram,Mehedibag Chattogram,3,Contract_Awards_PDFs/Tender_1128572.pdf,1,not documented in the supplied documents
winner address,16 north nalapara,16 north nalapara,1,Contract_Awards_PDFs/Tender_1128572.pdf,1,not documented in the supplied documents
winner address,"House # 79, Road # 9A, Dhanmondi R/A, Dhaka-1209.","House # 79, Road # 9A, Dhanmondi R/A, Dhaka-1209.",1,Contract_Awards_PDFs/Tender_113428.pdf,1,not documented in the supplied documents
winner address,"KA-11/9,Bashundhara Road,Dhaka-1229","KA-11/9,Bashundhara Road,Dhaka-1229",1,Contract_Awards_PDFs/Tender_1135936.pdf,1,not documented in the supplied documents
winner address,"East Bamonsur, Ati,Keranigonj,Dhaka.","East Bamonsur, Ati,Keranigonj,Dhaka.",1,Contract_Awards_PDFs/Tender_1138415.pdf,1,not documented in the supplied documents
work location,Hatirjheel RAJUK,Hatirjheel RAJUK,2,Contract_Awards_PDFs/Tender_1140010.pdf,1,not documented in the supplied documents
winner address,20/21/B Gonoktuli Lane Hazaribagh Dhaka-1205,20/21/B Gonoktuli Lane Hazaribagh Dhaka-1205,2,Contract_Awards_PDFs/Tender_1140010.pdf,1,not documented in the supplied documents
work location,RDA Complex Rajshahi,RDA Complex Rajshahi,2,Contract_Awards_PDFs/Tender_1140112.pdf,1,not documented in the supplied documents
winner address,"House#21. Level-7, Sonargaon Janapath Road, Sector#07, Uttara","House#21. Level-7, Sonargaon Janapath Road, Sector#07, Uttara",1,Contract_Awards_PDFs/Tender_1140112.pdf,1,not documented in the supplied documents
winner address,"Holding-34, Bokhtiarbad, Sopura, Boalia, Rajshahi-6203","Holding-34, Bokhtiarbad, Sopura, Boalia, Rajshahi-6203",2,Contract_Awards_PDFs/Tender_1140113.pdf,1,not documented in the supplied documents
work location,Nawdapara Rajshahi,Nawdapara Rajshahi,1,Contract_Awards_PDFs/Tender_1142188.pdf,1,not documented in the supplied documents
winner address,"House No. 180, Ramchandrapur, Ghoramara, Boalia, Rajshahi.","House No. 180, Ramchandrapur, Ghoramara, Boalia, Rajshahi.",1,Contract_Awards_PDFs/Tender_1142188.pdf,1,not documented in the supplied documents
work location,CDA mehedibagStaff Quarter Chgittagong,CDA mehedibagStaff Quarter Chgittagong,1,Contract_Awards_PDFs/Tender_114570.pdf,1,not documented in the supplied documents
winner address,"62, Alkoron Road, Kotwali, Chittagong","62, Alkoron Road, Kotwali, Chittagong",1,Contract_Awards_PDFs/Tender_114570.pdf,1,not documented in the supplied documents
work location,"Rajuk Main Bhaban, Annex Bhaban & Zonal / Site Office.","Rajuk Main Bhaban, Annex Bhaban & Zonal / Site Office.",2,Contract_Awards_PDFs/Tender_1146506.pdf,1,not documented in the supplied documents
winner address,"186, Shahid Sayed Nazrul Islam Soroni & 40, Bijoy Nagar, Ally's Center,Dhaka-1000.Bangladesh","186, Shahid Sayed Nazrul Islam Soroni & 40, Bijoy Nagar, Ally's Center,Dhaka-1000.Bangladesh",5,Contract_Awards_PDFs/Tender_1146509.pdf,1,not documented in the supplied documents
winner address,"Mosjit Road, Tekpara, Coxs Bazar Pourashava, Coxs Bazar","Mosjit Road, Tekpara, Coxs Bazar Pourashava, Coxs Bazar",1,Contract_Awards_PDFs/Tender_1150077.pdf,1,not documented in the supplied documents
winner address,"194 Bangabandhu Road, Samabay Market, Narayanganj","194 Bangabandhu Road, Samabay Market, Narayanganj",1,Contract_Awards_PDFs/Tender_1152584.pdf,1,not documented in the supplied documents
winner address,"Sabbir Tower, Holding No. 3/4-A (6th floor), Purana Paltan, Dhaka-1000.","Sabbir Tower, Holding No. 3/4-A (6th floor), Purana Paltan, Dhaka-1000.",3,Contract_Awards_PDFs/Tender_1152766.pdf,1,not documented in the supplied documents
work location,"Room No 522, CoxDA Office","Room No 522, CoxDA Office",3,Contract_Awards_PDFs/Tender_1163081.pdf,1,not documented in the supplied documents
winner address,"House No #68, Block # H, Road # 11, Banani, Dhaka-1213","House No #68, Block # H, Road # 11, Banani, Dhaka-1213",5,Contract_Awards_PDFs/Tender_1163187.pdf,1,not documented in the supplied documents
winner address,"2/5-1, East Ahmed nagar, Mirpur-1, Dhaka-1216","2/5-1, East Ahmed nagar, Mirpur-1, Dhaka-1216",12,Contract_Awards_PDFs/Tender_1172974.pdf,1,not documented in the supplied documents
work location,ENTITY DETAILS,ENTITY DETAILS,10,Contract_Awards_PDFs/Tender_1173557.pdf,1,not documented in the supplied documents
winner address,"Morshed Market (1st Floor) Rajgonj, Comilla","Morshed Market (1st Floor) Rajgonj, Comilla",1,Contract_Awards_PDFs/Tender_1178437.pdf,1,not documented in the supplied documents
winner address,"Aziz Market (1st Floor), Atorar Dipo,","Aziz Market (1st Floor), Atorar Dipo,",1,Contract_Awards_PDFs/Tender_1183753.pdf,1,not documented in the supplied documents
work location,Hatirjheel Integrated Project Area,Hatirjheel Integrated Project Area,2,Contract_Awards_PDFs/Tender_1186178.pdf,1,not documented in the supplied documents
work location,Uttara RMT 3rd phase Project,Uttara RMT 3rd phase Project,1,Contract_Awards_PDFs/Tender_119326.pdf,1,not documented in the supplied documents
winner address,"154, Motijheel C/A, Motijheel Mosque Building (2nd Floor), Room No.301~303, Dhaka-1000","154, Motijheel C/A, Motijheel Mosque Building (2nd Floor), Room No.301~303, Dhaka-1000",1,Contract_Awards_PDFs/Tender_119326.pdf,1,not documented in the supplied documents
work location,Uttara 3rd Phase Project,Uttara 3rd Phase Project,11,Contract_Awards_PDFs/Tender_119545.pdf,1,not documented in the supplied documents
work location,RAJUK Main and Annex Bhaban,RAJUK Main and Annex Bhaban,1,Contract_Awards_PDFs/Tender_119636.pdf,1,not documented in the supplied documents
winner address,"100/A Bashir Uddin Road, Kalabagan Dhanmondi, Dhaka-1205","100/A Bashir Uddin Road, Kalabagan Dhanmondi, Dhaka-1205",1,Contract_Awards_PDFs/Tender_119636.pdf,1,not documented in the supplied documents
work location,"Motijhell, Dhaka","Motijhell, Dhaka",1,Contract_Awards_PDFs/Tender_1205116.pdf,1,not documented in the supplied documents
winner address,"170, Ahammed Shorony Road, Satarkul Uttar Para, Badda, Dhaka-1212, Phone-029886908, Cell-01711805052, Cell- 01321169973","170, Ahammed Shorony Road, Satarkul Uttar Para, Badda, Dhaka-1212, Phone-029886908, Cell-01711805052, Cell- 01321169973",1,Contract_Awards_PDFs/Tender_1205116.pdf,1,not documented in the supplied documents
winner address,"44/3, Tejtury Bazer Chalk, Sher-e-Bangla Nagor, Dhaka.","44/3, Tejtury Bazer Chalk, Sher-e-Bangla Nagor, Dhaka.",2,Contract_Awards_PDFs/Tender_1205153.pdf,1,not documented in the supplied documents
winner address,"Chandrashila Suvastu Tower (15th Floor), 69/1, Panthapath, Dhaka-1205","Chandrashila Suvastu Tower (15th Floor), 69/1, Panthapath, Dhaka-1205",2,Contract_Awards_PDFs/Tender_1205154.pdf,1,not documented in the supplied documents
winner address,"28/G/1, Toynobee Circular Road, Gause Pak Bhaban, Motijheel C/A, Dhaka-1000.","28/G/1, Toynobee Circular Road, Gause Pak Bhaban, Motijheel C/A, Dhaka-1000.",1,Contract_Awards_PDFs/Tender_1205157.pdf,1,not documented in the supplied documents
winner address,"68/4, Green Road- 2nd floor, Dhaka","68/4, Green Road- 2nd floor, Dhaka",2,Contract_Awards_PDFs/Tender_1207634.pdf,1,not documented in the supplied documents
winner address,"Park Heights, Level-7, Plot # 02, Road # 09, Dhanmondi, Dhaka-1205","Park Heights, Level-7, Plot # 02, Road # 09, Dhanmondi, Dhaka-1205",1,Contract_Awards_PDFs/Tender_1207636.pdf,1,not documented in the supplied documents
winner address,"29 MM Ali Road, Lalkhan Bazar, Chattogram, Bangladesh","29 MM Ali Road, Lalkhan Bazar, Chattogram, Bangladesh",2,Contract_Awards_PDFs/Tender_1215675.pdf,1,not documented in the supplied documents
winner address,"Roghunathpur, Shealkole, Sirajganj, Bangladesh.","Roghunathpur, Shealkole, Sirajganj, Bangladesh.",1,Contract_Awards_PDFs/Tender_1215677.pdf,1,not documented in the supplied documents
work location,Gulshan-Banani lake,Gulshan-Banani lake,1,Contract_Awards_PDFs/Tender_1225895.pdf,1,not documented in the supplied documents
winner address,"Planners Tower (16th Floor) 13/A, Bipanan C/A, Sonargaon Road, Dhaka-1000.","Planners Tower (16th Floor) 13/A, Bipanan C/A, Sonargaon Road, Dhaka-1000.",1,Contract_Awards_PDFs/Tender_1225895.pdf,1,not documented in the supplied documents
work location,Baridhara Lake,Baridhara Lake,1,Contract_Awards_PDFs/Tender_1225896.pdf,1,not documented in the supplied documents
winner address,"10 North Mugdha ( 7th Floor), P.S. Mugdha, Dhaka-1214","10 North Mugdha ( 7th Floor), P.S. Mugdha, Dhaka-1214",1,Contract_Awards_PDFs/Tender_1225896.pdf,1,not documented in the supplied documents
work location,CDA Building,CDA Building,6,Contract_Awards_PDFs/Tender_1231413.pdf,1,not documented in the supplied documents
winner address,"Plot No.: 87, B, N, S, Center, Sector: 07, Uttara, Dhaka-1230, Bangladesh.","Plot No.: 87, B, N, S, Center, Sector: 07, Uttara, Dhaka-1230, Bangladesh.",1,Contract_Awards_PDFs/Tender_1231413.pdf,1,not documented in the supplied documents
work location,"RDA Park, Rajshahi","RDA Park, Rajshahi",1,Contract_Awards_PDFs/Tender_1234511.pdf,1,not documented in the supplied documents
winner address,"Hetem Khan, Boalia, Rajshahi City Corporation, Rajshahi","Hetem Khan, Boalia, Rajshahi City Corporation, Rajshahi",1,Contract_Awards_PDFs/Tender_1234511.pdf,1,not documented in the supplied documents
work location,KDA,KDA,5,Contract_Awards_PDFs/Tender_124055.pdf,1,not documented in the supplied documents
winner address,"Plot # 55, Road # 150, Housing Estate, Khalishpur, Khulna-9000","Plot # 55, Road # 150, Housing Estate, Khalishpur, Khulna-9000",1,Contract_Awards_PDFs/Tender_124055.pdf,1,not documented in the supplied documents
winner address,"Cha- 90/A, Pragati Sharani, Badda, Dhaka-1212","Cha- 90/A, Pragati Sharani, Badda, Dhaka-1212",1,Contract_Awards_PDFs/Tender_1251756.pdf,1,not documented in the supplied documents
work location,"gazipur chawrasta, gazipur","gazipur chawrasta, gazipur",1,Contract_Awards_PDFs/Tender_1251766.pdf,1,not documented in the supplied documents
winner address,"56, Eastern Trade Centre, Purana Paltan Lane, VIP Road, Paltan, Dhaka 1000","56, Eastern Trade Centre, Purana Paltan Lane, VIP Road, Paltan, Dhaka 1000",1,Contract_Awards_PDFs/Tender_1251766.pdf,1,not documented in the supplied documents
winner address,"295, Holylane Road, Shayamoli, Adabor, Dhaka-1207.","295, Holylane Road, Shayamoli, Adabor, Dhaka-1207.",2,Contract_Awards_PDFs/Tender_1253316.pdf,1,not documented in the supplied documents
work location,"GDA, chawrasta, gazipur","GDA, chawrasta, gazipur",1,Contract_Awards_PDFs/Tender_1257073.pdf,1,not documented in the supplied documents
winner address,"33/15 Johuri Mohollah, Babar Road, Mohammadpur, Dhaka-1207","33/15 Johuri Mohollah, Babar Road, Mohammadpur, Dhaka-1207",1,Contract_Awards_PDFs/Tender_1257073.pdf,1,not documented in the supplied documents
work location,Uttara 3rd Phase Project Sector-18,Uttara 3rd Phase Project Sector-18,1,Contract_Awards_PDFs/Tender_125874.pdf,1,not documented in the supplied documents
winner address,"Block - B (5th floor), Dhaka Trade Center, 99, Kawran Bazar Dhaka","Block - B (5th floor), Dhaka Trade Center, 99, Kawran Bazar Dhaka",1,Contract_Awards_PDFs/Tender_125874.pdf,1,not documented in the supplied documents
work location,Uttara 3rd Phase Project sector 17,Uttara 3rd Phase Project sector 17,2,Contract_Awards_PDFs/Tender_125877.pdf,1,not documented in the supplied documents
winner address,"House # 7, Road # 19/A, Sector # 4, Uttara, Dhaka-1230, Bangladesh","House # 7, Road # 19/A, Sector # 4, Uttara, Dhaka-1230, Bangladesh",1,Contract_Awards_PDFs/Tender_125877.pdf,1,not documented in the supplied documents
winner address,"762 Asma Monjil, West Shewrapara, Mirpur, Dhaka-1216.","762 Asma Monjil, West Shewrapara, Mirpur, Dhaka-1216.",3,Contract_Awards_PDFs/Tender_1261854.pdf,1,not documented in the supplied documents
winner address,"Pahartali Railway School Moor, Pahartali, Khulshi, Chattogram-4202","Pahartali Railway School Moor, Pahartali, Khulshi, Chattogram-4202",1,Contract_Awards_PDFs/Tender_1267626.pdf,1,not documented in the supplied documents
work location,Mohakhali Zonal office,Mohakhali Zonal office,8,Contract_Awards_PDFs/Tender_134910.pdf,1,not documented in the supplied documents
winner address,"8, Layal Street, Patuatuli Road, Kotoali, Dhaka.","8, Layal Street, Patuatuli Road, Kotoali, Dhaka.",9,Contract_Awards_PDFs/Tender_134910.pdf,1,not documented in the supplied documents
winner address,"9 Nawab Street, Nawab Tower,Flat # B/C (1st floor ), Wari, Dhaka.","9 Nawab Street, Nawab Tower,Flat # B/C (1st floor ), Wari, Dhaka.",3,Contract_Awards_PDFs/Tender_144571.pdf,1,not documented in the supplied documents
winner address,"House # 01(2nd Floor), Road # 06, Sector # 01, Uttara Commercial Area, Dhaka-1230.","House # 01(2nd Floor), Road # 06, Sector # 01, Uttara Commercial Area, Dhaka-1230.",5,Contract_Awards_PDFs/Tender_146376.pdf,1,not documented in the supplied documents
winner address,"476/C, DIT Road (4th Floor) Malibagh Dhaka-1219","476/C, DIT Road (4th Floor) Malibagh Dhaka-1219",1,Contract_Awards_PDFs/Tender_149105.pdf,1,not documented in the supplied documents
winner address,"House No: 409, Sagorpara, P.O: Ghoramara, P.S: Boalia, Dist: Rajshahi","House No: 409, Sagorpara, P.O: Ghoramara, P.S: Boalia, Dist: Rajshahi",3,Contract_Awards_PDFs/Tender_149115.pdf,1,not documented in the supplied documents
work location,Land Development Of Ahanabad Residential Area,Land Development Of Ahanabad Residential Area,1,Contract_Awards_PDFs/Tender_149365.pdf,1,not documented in the supplied documents
winner address,"Toma Tower, 77/1 Bir Uttam Samsul Alam Sarak, Kakrail, Ramna, Dhaka","Toma Tower, 77/1 Bir Uttam Samsul Alam Sarak, Kakrail, Ramna, Dhaka",4,Contract_Awards_PDFs/Tender_149365.pdf,1,not documented in the supplied documents
work location,Comilla,Comilla,1,Contract_Awards_PDFs/Tender_15000.pdf,1,not documented in the supplied documents
winner address,"33, Kazi Nazrul islam avenue, Hafiz Mansion(2nd floor), Kawran Bazar, Dhaka-1215.","33, Kazi Nazrul islam avenue, Hafiz Mansion(2nd floor), Kawran Bazar, Dhaka-1215.",1,Contract_Awards_PDFs/Tender_15000.pdf,1,not documented in the supplied documents
work location,Gulshan-Badda Link Road to Morium Tower,Gulshan-Badda Link Road to Morium Tower,1,Contract_Awards_PDFs/Tender_151177.pdf,1,not documented in the supplied documents
winner address,18/1 Nayapaltan Dhaka-1000,18/1 Nayapaltan Dhaka-1000,2,Contract_Awards_PDFs/Tender_151177.pdf,1,not documented in the supplied documents
work location,Santhia,Santhia,1,Contract_Awards_PDFs/Tender_159826.pdf,1,not documented in the supplied documents
winner address,"Khairul Tower, (3rd Floor) M.M Ali Road, Shibrampur, Pabna-6600.","Khairul Tower, (3rd Floor) M.M Ali Road, Shibrampur, Pabna-6600.",1,Contract_Awards_PDFs/Tender_159826.pdf,1,not documented in the supplied documents
work location,Malibagh Rajuk Officers Quarters,Malibagh Rajuk Officers Quarters,2,Contract_Awards_PDFs/Tender_162060.pdf,1,not documented in the supplied documents
winner address,"123 Kakrail, Dhaka-1000","123 Kakrail, Dhaka-1000",15,Contract_Awards_PDFs/Tender_162060.pdf,1,not documented in the supplied documents
winner address,"Akram Tower (4th floor ),Room No: 504, 199 Shahid Sayed Nazrul Islam Sawrani, Bijoynagar, Dhaka- 1000.Ph:+88028392391","Akram Tower (4th floor ),Room No: 504, 199 Shahid Sayed Nazrul Islam Sawrani, Bijoynagar, Dhaka- 1000.Ph:+88028392391",1,Contract_Awards_PDFs/Tender_162590.pdf,1,not documented in the supplied documents
work location,Dhaka,Dhaka,6,Contract_Awards_PDFs/Tender_164878.pdf,1,not documented in the supplied documents
winner address,"Pacific Motors Limited 206/1-207/1, Bir Uttam Mir Shawkat Sarak, Tejgaon Industrial Area, Dhaka-1208, Bangladesh.","Pacific Motors Limited 206/1-207/1, Bir Uttam Mir Shawkat Sarak, Tejgaon Industrial Area, Dhaka-1208, Bangladesh.",2,Contract_Awards_PDFs/Tender_164878.pdf,1,not documented in the supplied documents
work location,Mehendiganj,Mehendiganj,1,Contract_Awards_PDFs/Tender_168749.pdf,1,not documented in the supplied documents
winner address,"M/S Oshin Enterprise Pro: Shakel Ahamed Polash Srinath Chaterjilane ,Kalibari Road ,Barisal","M/S Oshin Enterprise Pro: Shakel Ahamed Polash Srinath Chaterjilane ,Kalibari Road ,Barisal",1,Contract_Awards_PDFs/Tender_168749.pdf,1,not documented in the supplied documents
winner address,"Room # 09, Ground Floor, Electric Plaza, Tropicana Tower, 218, shahid Seyad Nazrul Islam Sharani, Old 45, Topkhana Road, Purana Paltan, Dhaka-1000.","Room # 09, Ground Floor, Electric Plaza, Tropicana Tower, 218, shahid Seyad Nazrul Islam Sharani, Old 45, Topkhana Road, Purana Paltan, Dhaka-1000.",4,Contract_Awards_PDFs/Tender_169223.pdf,1,not documented in the supplied documents
work location,Hatirjheel,Hatirjheel,1,Contract_Awards_PDFs/Tender_171570.pdf,1,not documented in the supplied documents
winner address,"99,Karim Chember,7th floor, Room no-702,Motijheel C/A, Dhaka-1000.","99,Karim Chember,7th floor, Room no-702,Motijheel C/A, Dhaka-1000.",1,Contract_Awards_PDFs/Tender_171570.pdf,1,not documented in the supplied documents
winner address,"10/3 Arambagh, Mokbul Plaza, Motijheel C/A, Dhaka-1000, Bangladesh Kanij Fatema Mitu Executive Secretary Contact:+88017-09380850,+88018-33010136","10/3 Arambagh, Mokbul Plaza, Motijheel C/A, Dhaka-1000, Bangladesh Kanij Fatema Mitu Executive Secretary Contact:+88017-09380850,+88018-33010136",7,Contract_Awards_PDFs/Tender_174670.pdf,1,not documented in the supplied documents
winner address,"SSG Center (3rd Floor), Nabosrista Plot No.: 1/A, Tejgaon I/A, Dhaka","SSG Center (3rd Floor), Nabosrista Plot No.: 1/A, Tejgaon I/A, Dhaka",2,Contract_Awards_PDFs/Tender_174677.pdf,1,not documented in the supplied documents
winner address,"8/A,-8/B, Nilkhet, Babupura, Gausul Azam Super Market, Dhaka.","8/A,-8/B, Nilkhet, Babupura, Gausul Azam Super Market, Dhaka.",1,Contract_Awards_PDFs/Tender_174700.pdf,1,not documented in the supplied documents
winner address,"M/S Razin International 63/C, Lake Circus, Kalabagan, Dhanmondi, Dhaka-1205, Phone-9614672, Cell-01711079979, 01729292988","M/S Razin International 63/C, Lake Circus, Kalabagan, Dhanmondi, Dhaka-1205, Phone-9614672, Cell-01711079979, 01729292988",2,Contract_Awards_PDFs/Tender_174705.pdf,1,not documented in the supplied documents
winner address,"125, Romna Century Avenue Boro Mog Bazar, Dhaka-1217","125, Romna Century Avenue Boro Mog Bazar, Dhaka-1217",2,Contract_Awards_PDFs/Tender_174710.pdf,1,not documented in the supplied documents
winner address,"40-41, M.A Bari Sarak (Gollamari-Sonadanga Link Road), Khulna.","40-41, M.A Bari Sarak (Gollamari-Sonadanga Link Road), Khulna.",1,Contract_Awards_PDFs/Tender_174712.pdf,1,not documented in the supplied documents
winner address,"37, Bir Uttam C.R. Dutta Road, Nahar Plaza, Suite No-709 (6th Floor) Shahabag, Dhaka-1000","37, Bir Uttam C.R. Dutta Road, Nahar Plaza, Suite No-709 (6th Floor) Shahabag, Dhaka-1000",1,Contract_Awards_PDFs/Tender_174717.pdf,1,not documented in the supplied documents
winner address,"1103/A(2nd floor),Road No-1/A,Ring Road,Adabor,Dhaka-1207","1103/A(2nd floor),Road No-1/A,Ring Road,Adabor,Dhaka-1207",1,Contract_Awards_PDFs/Tender_179865.pdf,1,not documented in the supplied documents
work location,Rajuk Compaund,Rajuk Compaund,1,Contract_Awards_PDFs/Tender_189828.pdf,1,not documented in the supplied documents
work location,LALKHAN BAZAR TO PENINSULA HOTEL,LALKHAN BAZAR TO PENINSULA HOTEL,1,Contract_Awards_PDFs/Tender_189939.pdf,1,not documented in the supplied documents
winner address,"1684, O.R. Nizam Road, Panchlaish, Chittagong.","1684, O.R. Nizam Road, Panchlaish, Chittagong.",1,Contract_Awards_PDFs/Tender_189939.pdf,1,not documented in the supplied documents
work location,RAJUK Bhaban,RAJUK Bhaban,2,Contract_Awards_PDFs/Tender_18994.pdf,1,not documented in the supplied documents
winner address,"Plot 21, Akash Plaza, 5th Floor, Road 7/D, Sector 9, Uttara, Dhaka","Plot 21, Akash Plaza, 5th Floor, Road 7/D, Sector 9, Uttara, Dhaka",1,Contract_Awards_PDFs/Tender_18994.pdf,1,not documented in the supplied documents
work location,Hotel Peninsula to N Mohammed convention center,Hotel Peninsula to N Mohammed convention center,1,Contract_Awards_PDFs/Tender_189944.pdf,1,not documented in the supplied documents
winner address,"350/A, CDA Avenue, Muradpur, Chittagong.","350/A, CDA Avenue, Muradpur, Chittagong.",1,Contract_Awards_PDFs/Tender_189944.pdf,1,not documented in the supplied documents
winner address,"Corporate Office: Suite # 608, 51, Alpona Plaza, New Elepant Road, Dhaka.","Corporate Office: Suite # 608, 51, Alpona Plaza, New Elepant Road, Dhaka.",1,Contract_Awards_PDFs/Tender_192714.pdf,1,not documented in the supplied documents
work location,Uttara Residential Model Town,Uttara Residential Model Town,1,Contract_Awards_PDFs/Tender_199368.pdf,1,not documented in the supplied documents
work location,Sector-18 Uttara Dhaka,Sector-18 Uttara Dhaka,1,Contract_Awards_PDFs/Tender_199891.pdf,1,not documented in the supplied documents
winner address,"Hatil Complex Ltd. 8 Shewrapara, Rokeya Sharani, Mirpur, Dhaka-1216","Hatil Complex Ltd. 8 Shewrapara, Rokeya Sharani, Mirpur, Dhaka-1216",2,Contract_Awards_PDFs/Tender_199942.pdf,1,not documented in the supplied documents
winner address,"Southland Center (3rd floor), 5, Agrabad C/A, Chittagong-4100.","Southland Center (3rd floor), 5, Agrabad C/A, Chittagong-4100.",2,Contract_Awards_PDFs/Tender_201012.pdf,1,not documented in the supplied documents
work location,Sadar,Sadar,1,Contract_Awards_PDFs/Tender_20558.pdf,1,not documented in the supplied documents
winner address,"Hasan Court (5th Floor), 23/1, Motijheel C/A Dhaka-1000.","Hasan Court (5th Floor), 23/1, Motijheel C/A Dhaka-1000.",1,Contract_Awards_PDFs/Tender_20558.pdf,1,not documented in the supplied documents
work location,BARNOI Residential Area,BARNOI Residential Area,1,Contract_Awards_PDFs/Tender_207700.pdf,1,not documented in the supplied documents
winner address,"542,Dorikharbona,Boalia,G.p.o-6000","542,Dorikharbona,Boalia,G.p.o-6000",1,Contract_Awards_PDFs/Tender_207700.pdf,1,not documented in the supplied documents
work location,Urrara sector 18,Urrara sector 18,1,Contract_Awards_PDFs/Tender_209736.pdf,1,not documented in the supplied documents
work location,Uttara Model Town,Uttara Model Town,2,Contract_Awards_PDFs/Tender_214247.pdf,1,not documented in the supplied documents
work location,Bhaddarhat Lalkhan Bazar Baby Super Market Flyover Ramps Part Chittagong,Bhaddarhat Lalkhan Bazar Baby Super Market Flyover Ramps Part Chittagong,1,Contract_Awards_PDFs/Tender_215555.pdf,1,not documented in the supplied documents
winner address,"450,Hotel Unique(3rd Floor), Post office Lane, Reazuddin Bazar, Chittagong.","450,Hotel Unique(3rd Floor), Post office Lane, Reazuddin Bazar, Chittagong.",1,Contract_Awards_PDFs/Tender_215555.pdf,1,not documented in the supplied documents
work location,Nasirabad,Nasirabad,1,Contract_Awards_PDFs/Tender_223246.pdf,1,not documented in the supplied documents
winner address,"House No 18 (New), 405 (Old), 1st Floor, Road No. 16 (New), 27 (Old), Dhanmondi, Dhaka-1205.","House No 18 (New), 405 (Old), 1st Floor, Road No. 16 (New), 27 (Old), Dhanmondi, Dhaka-1205.",2,Contract_Awards_PDFs/Tender_223246.pdf,1,not documented in the supplied documents
work location,CDA Building kotwali court Road Chittagon,CDA Building kotwali court Road Chittagon,1,Contract_Awards_PDFs/Tender_234888.pdf,1,not documented in the supplied documents
winner address,"Hazi Monsur Ali Road, Mia Khan Nagar, Chittagong.","Hazi Monsur Ali Road, Mia Khan Nagar, Chittagong.",11,Contract_Awards_PDFs/Tender_234888.pdf,1,not documented in the supplied documents
work location,Chittagong Development Authority CDA Building kotwali court road chittagong,Chittagong Development Authority CDA Building kotwali court road chittagong,2,Contract_Awards_PDFs/Tender_235131.pdf,1,not documented in the supplied documents
winner address,"Sadar Ali Munshi Bari, Moulavi Bazar, Mohora, Chandgaon, Chittagong.","Sadar Ali Munshi Bari, Moulavi Bazar, Mohora, Chandgaon, Chittagong.",1,Contract_Awards_PDFs/Tender_235131.pdf,1,not documented in the supplied documents
winner address,"120 CDA Avenue, Panchlaish, Chittagong.","120 CDA Avenue, Panchlaish, Chittagong.",1,Contract_Awards_PDFs/Tender_235166.pdf,1,not documented in the supplied documents
work location,PIU Office (Dhaka),PIU Office (Dhaka),1,Contract_Awards_PDFs/Tender_237820.pdf,1,not documented in the supplied documents
winner address,"11/2, Baisteki, Mirpur-13, Dhaka-1216","11/2, Baisteki, Mirpur-13, Dhaka-1216",3,Contract_Awards_PDFs/Tender_237820.pdf,1,not documented in the supplied documents
work location,RAJUK Main Building,RAJUK Main Building,3,Contract_Awards_PDFs/Tender_251218.pdf,1,not documented in the supplied documents
winner address,"58/Cha/1, West Razabazar, Tejgaon, Dhaka.","58/Cha/1, West Razabazar, Tejgaon, Dhaka.",5,Contract_Awards_PDFs/Tender_251218.pdf,1,not documented in the supplied documents
work location,"Khulna Development Authority, KDA","Khulna Development Authority, KDA",4,Contract_Awards_PDFs/Tender_262818.pdf,1,not documented in the supplied documents
work location,Coxsbazar,Coxsbazar,4,Contract_Awards_PDFs/Tender_270190.pdf,1,not documented in the supplied documents
winner address,"TCB Bhaban, 1 Kawran Bazar, (8thFloor), Dhaka-1215","TCB Bhaban, 1 Kawran Bazar, (8thFloor), Dhaka-1215",2,Contract_Awards_PDFs/Tender_270190.pdf,1,not documented in the supplied documents
winner address,"86, Nabin Chandra Goshwani Road, Faridabad, Dhaka-1204","86, Nabin Chandra Goshwani Road, Faridabad, Dhaka-1204",1,Contract_Awards_PDFs/Tender_270651.pdf,1,not documented in the supplied documents
winner address,"10/1, Naya Paltan, Dhaka-1000.","10/1, Naya Paltan, Dhaka-1000.",1,Contract_Awards_PDFs/Tender_276518.pdf,1,not documented in the supplied documents
winner address,"Mariam Mention , 334/2,(4th Floor), Shewrapara, Dhaka-1216","Mariam Mention , 334/2,(4th Floor), Shewrapara, Dhaka-1216",1,Contract_Awards_PDFs/Tender_276885.pdf,1,not documented in the supplied documents
work location,Ahsanabad Residential Area.,Ahsanabad Residential Area.,3,Contract_Awards_PDFs/Tender_277364.pdf,1,not documented in the supplied documents
winner address,"Holding No: 162/2,0007,Road No:01, Goalchamot, Faridpur Sadar","Holding No: 162/2,0007,Road No:01, Goalchamot, Faridpur Sadar",1,Contract_Awards_PDFs/Tender_277364.pdf,1,not documented in the supplied documents
work location,Ahsanabad residential area.,Ahsanabad residential area.,1,Contract_Awards_PDFs/Tender_277365.pdf,1,not documented in the supplied documents
winner address,"MOHAMMED EUNUS & BROTHERS (PVT.) LTD. Eunus Business Centre, Equity G.F. Fortune Mall (7th Fl.), 01 No. Baizid Bostami Road, Nasirabad, Panchlaish, Chattogram City, Dist: Chattogram. GPO-4000","MOHAMMED EUNUS & BROTHERS (PVT.) LTD. Eunus Business Centre, Equity G.F. Fortune Mall (7th Fl.), 01 No. Baizid Bostami Road, Nasirabad, Panchlaish, Chattogram City, Dist: Chattogram. GPO-4000",1,Contract_Awards_PDFs/Tender_277365.pdf,1,not documented in the supplied documents
winner address,"269, Miapara, Gopalgonj-8100.","269, Miapara, Gopalgonj-8100.",1,Contract_Awards_PDFs/Tender_277368.pdf,1,not documented in the supplied documents
winner address,"Ejab Rabeyas Heritage (Level-4), 147 Green Road, Dhaka-1215.","Ejab Rabeyas Heritage (Level-4), 147 Green Road, Dhaka-1215.",1,Contract_Awards_PDFs/Tender_277369.pdf,1,not documented in the supplied documents
work location,RDA Bhaban Rajshahi,RDA Bhaban Rajshahi,4,Contract_Awards_PDFs/Tender_284197.pdf,1,not documented in the supplied documents
winner address,BDBDL Bhaban(11th Floor-East) 12 Kawran Bazar Dhaka-1215.,BDBDL Bhaban(11th Floor-East) 12 Kawran Bazar Dhaka-1215.,1,Contract_Awards_PDFs/Tender_284197.pdf,1,not documented in the supplied documents
winner address,"House# 6, Road# 3/B, Sector# 9, Uttara, Dhaka-1230","House# 6, Road# 3/B, Sector# 9, Uttara, Dhaka-1230",1,Contract_Awards_PDFs/Tender_291722.pdf,1,not documented in the supplied documents
winner address,"154 Motijheel C/A, 2nd floor, Dhaka-1000.","154 Motijheel C/A, 2nd floor, Dhaka-1000.",1,Contract_Awards_PDFs/Tender_292111.pdf,1,not documented in the supplied documents
winner address,"18/1, Nayapaltan, Dhaka-1000.","18/1, Nayapaltan, Dhaka-1000.",1,Contract_Awards_PDFs/Tender_293004.pdf,1,not documented in the supplied documents
work location,Gulshan,Gulshan,5,Contract_Awards_PDFs/Tender_294388.pdf,1,not documented in the supplied documents
winner address,"405, Muradpur Madrasha Road, Kadamtoli, Dhaka","405, Muradpur Madrasha Road, Kadamtoli, Dhaka",1,Contract_Awards_PDFs/Tender_294444.pdf,1,not documented in the supplied documents
work location,at KDA Office.,at KDA Office.,1,Contract_Awards_PDFs/Tender_302667.pdf,1,not documented in the supplied documents
winner address,"Office Space No. 13-D, Hometown Complex (Level - 14), 87 New Eskaton Road, Dhaka-1000.","Office Space No. 13-D, Hometown Complex (Level - 14), 87 New Eskaton Road, Dhaka-1000.",1,Contract_Awards_PDFs/Tender_302667.pdf,1,not documented in the supplied documents
work location,Chittagong Court Buiding,Chittagong Court Buiding,1,Contract_Awards_PDFs/Tender_303865.pdf,1,not documented in the supplied documents
work location,CDA Hiil,CDA Hiil,1,Contract_Awards_PDFs/Tender_309557.pdf,1,not documented in the supplied documents
work location,Gulshan Area,Gulshan Area,1,Contract_Awards_PDFs/Tender_311188.pdf,1,not documented in the supplied documents
winner address,"Akankha Tower 454, Upper Jashore Road, Daulatpur, Khulna-9000","Akankha Tower 454, Upper Jashore Road, Daulatpur, Khulna-9000",3,Contract_Awards_PDFs/Tender_311188.pdf,1,not documented in the supplied documents
work location,Mohammadpur Area,Mohammadpur Area,1,Contract_Awards_PDFs/Tender_312476.pdf,1,not documented in the supplied documents
winner address,"147,Sultan Building(2nd floor),Motijheel,Dhaka","147,Sultan Building(2nd floor),Motijheel,Dhaka",1,Contract_Awards_PDFs/Tender_312476.pdf,1,not documented in the supplied documents
work location,Lalmatia Area,Lalmatia Area,1,Contract_Awards_PDFs/Tender_312479.pdf,1,not documented in the supplied documents
winner address,"147, Motijheel C/A, Dhaka-1000","147, Motijheel C/A, Dhaka-1000",1,Contract_Awards_PDFs/Tender_317182.pdf,1,not documented in the supplied documents
work location,KDA Khulna,KDA Khulna,1,Contract_Awards_PDFs/Tender_317767.pdf,1,not documented in the supplied documents
winner address,"14/A and 31/A, 12-A (12th Floor), Center Point, Concord Tower Tejkunipara, Farmgate","14/A and 31/A, 12-A (12th Floor), Center Point, Concord Tower Tejkunipara, Farmgate",2,Contract_Awards_PDFs/Tender_322093.pdf,1,not documented in the supplied documents
work location,"Khilzi Road, Mohammedpur","Khilzi Road, Mohammedpur",1,Contract_Awards_PDFs/Tender_322658.pdf,1,not documented in the supplied documents
winner address,"House # 116(10th floor), Road # 11, Block - E, Bir Uttam Khademul Basher Sarak, Banani C/A, Dhaka - 1213.","House # 116(10th floor), Road # 11, Block - E, Bir Uttam Khademul Basher Sarak, Banani C/A, Dhaka - 1213.",2,Contract_Awards_PDFs/Tender_322658.pdf,1,not documented in the supplied documents
work location,Oxygen,Oxygen,1,Contract_Awards_PDFs/Tender_342502.pdf,1,not documented in the supplied documents
winner address,"Milonpur, Khagrachari Sadar, Khagrachari.","Milonpur, Khagrachari Sadar, Khagrachari.",1,Contract_Awards_PDFs/Tender_342502.pdf,1,not documented in the supplied documents
work location,"CDA Building, Court Road Chattogram","CDA Building, Court Road Chattogram",1,Contract_Awards_PDFs/Tender_360423.pdf,1,not documented in the supplied documents
work location,"Ahsanabad residential area,khulna","Ahsanabad residential area,khulna",1,Contract_Awards_PDFs/Tender_366041.pdf,1,not documented in the supplied documents
work location,"Ahsanabad residential area, khulna","Ahsanabad residential area, khulna",1,Contract_Awards_PDFs/Tender_366087.pdf,1,not documented in the supplied documents
winner address,"House No. - 127(6th Floor), Road - 10, Block - C, Niketon, Gulshan - 1, Dhaka - 1212","House No. - 127(6th Floor), Road - 10, Block - C, Niketon, Gulshan - 1, Dhaka - 1212",1,Contract_Awards_PDFs/Tender_366087.pdf,1,not documented in the supplied documents
work location,Rajuk Zonal & Site Office,Rajuk Zonal & Site Office,1,Contract_Awards_PDFs/Tender_376450.pdf,1,not documented in the supplied documents
work location,RDA Rajshahi,RDA Rajshahi,2,Contract_Awards_PDFs/Tender_383988.pdf,1,not documented in the supplied documents
work location,Cda hill Chattogram,Cda hill Chattogram,1,Contract_Awards_PDFs/Tender_387658.pdf,1,not documented in the supplied documents
winner address,"758/C, Moidermill School Road, South Bakalia, Chittagong.","758/C, Moidermill School Road, South Bakalia, Chittagong.",5,Contract_Awards_PDFs/Tender_387658.pdf,1,not documented in the supplied documents
winner address,"37, Bir Uttam C.R. Datta Road, Nahar Plaza, Room No-1506, Dhaka-1000, Bangladesh.","37, Bir Uttam C.R. Datta Road, Nahar Plaza, Room No-1506, Dhaka-1000, Bangladesh.",5,Contract_Awards_PDFs/Tender_398199.pdf,1,not documented in the supplied documents
work location,CDA Hill Badsha Miah Road Chittagong,CDA Hill Badsha Miah Road Chittagong,1,Contract_Awards_PDFs/Tender_410561.pdf,1,not documented in the supplied documents
winner address,"Acharja Para, P.O: Alamin Baria, Chandgaon, Chittagong","Acharja Para, P.O: Alamin Baria, Chandgaon, Chittagong",1,Contract_Awards_PDFs/Tender_410561.pdf,1,not documented in the supplied documents
winner address,"Erectors House, 18, Kamal Ataturk Avenue, Banani, Dhaka-1213","Erectors House, 18, Kamal Ataturk Avenue, Banani, Dhaka-1213",1,Contract_Awards_PDFs/Tender_417304.pdf,1,not documented in the supplied documents
winner address,"Minar Bhaban (2nd Floor), 15, O R Nizam Road,; Panchlaish PS; Chittagong-4203; Bangladesh","Minar Bhaban (2nd Floor), 15, O R Nizam Road,; Panchlaish PS; Chittagong-4203; Bangladesh",1,Contract_Awards_PDFs/Tender_423315.pdf,1,not documented in the supplied documents
work location,CoxsBazar Pourashava,CoxsBazar Pourashava,1,Contract_Awards_PDFs/Tender_424168.pdf,1,not documented in the supplied documents
winner address,"City Center (Level-11), Unit ID: 10th C-1, 90/1 Motijheel C/A, Dhaka-1000,Bangladesh","City Center (Level-11), Unit ID: 10th C-1, 90/1 Motijheel C/A, Dhaka-1000,Bangladesh",2,Contract_Awards_PDFs/Tender_424168.pdf,1,not documented in the supplied documents
work location,Mehedibag CDA Mashjid Chittagong,Mehedibag CDA Mashjid Chittagong,1,Contract_Awards_PDFs/Tender_427246.pdf,1,not documented in the supplied documents
work location,"PIU Office, Dhaka","PIU Office, Dhaka",3,Contract_Awards_PDFs/Tender_427350.pdf,1,not documented in the supplied documents
work location,Purbachal New Town,Purbachal New Town,2,Contract_Awards_PDFs/Tender_427858.pdf,1,not documented in the supplied documents
winner address,"27 Central Bashaboo,Dhaka","27 Central Bashaboo,Dhaka",3,Contract_Awards_PDFs/Tender_427863.pdf,1,not documented in the supplied documents
work location,Banskhali,Banskhali,1,Contract_Awards_PDFs/Tender_42800.pdf,1,not documented in the supplied documents
winner address,"Dakkin Joldi, Word No. Banshkhali Pourashava, Banshkhali, Chittagong","Dakkin Joldi, Word No. Banshkhali Pourashava, Banshkhali, Chittagong",1,Contract_Awards_PDFs/Tender_42800.pdf,1,not documented in the supplied documents
work location,Uttara 3rd phase project,Uttara 3rd phase project,11,Contract_Awards_PDFs/Tender_431689.pdf,1,not documented in the supplied documents
winner address,"230/1-A, Road No. 06, Tilpapara, Khilgaon, Dhaka-1219","230/1-A, Road No. 06, Tilpapara, Khilgaon, Dhaka-1219",1,Contract_Awards_PDFs/Tender_431690.pdf,1,not documented in the supplied documents
work location,Saltgola Chattogram,Saltgola Chattogram,2,Contract_Awards_PDFs/Tender_436738.pdf,1,not documented in the supplied documents
winner address,"14, PURANA PALTAN, DARUS-SALMAN ARCADE BHABAN (6TH FLOOR); Palton PS: Dhaka-1000; Bangladesh","14, PURANA PALTAN, DARUS-SALMAN ARCADE BHABAN (6TH FLOOR); Palton PS: Dhaka-1000; Bangladesh",1,Contract_Awards_PDFs/Tender_436738.pdf,1,not documented in the supplied documents
work location,Coxs Bazar Pourashava,Coxs Bazar Pourashava,4,Contract_Awards_PDFs/Tender_446283.pdf,1,not documented in the supplied documents
winner address,"110, Green Road. Firmgate Dhaka-1215","110, Green Road. Firmgate Dhaka-1215",1,Contract_Awards_PDFs/Tender_446283.pdf,1,not documented in the supplied documents
work location,Mohammadpur Dhaka,Mohammadpur Dhaka,1,Contract_Awards_PDFs/Tender_446869.pdf,1,not documented in the supplied documents
winner address,"27, Central Bassabo, Dhaka-1000.","27, Central Bassabo, Dhaka-1000.",2,Contract_Awards_PDFs/Tender_446869.pdf,1,not documented in the supplied documents
work location,"Dhanmondi, Dhaka","Dhanmondi, Dhaka",1,Contract_Awards_PDFs/Tender_447380.pdf,1,not documented in the supplied documents
work location,Cox's Bazar Pourashava,Cox's Bazar Pourashava,1,Contract_Awards_PDFs/Tender_448324.pdf,1,not documented in the supplied documents
winner address,"E-3 (KA), JALIL SHARANI, IN FRONT OF PMG OFFICE, BOYRA, KHULNA","E-3 (KA), JALIL SHARANI, IN FRONT OF PMG OFFICE, BOYRA, KHULNA",1,Contract_Awards_PDFs/Tender_448675.pdf,1,not documented in the supplied documents
work location,kda rest house,kda rest house,1,Contract_Awards_PDFs/Tender_459665.pdf,1,not documented in the supplied documents
winner address,"Holding No.02, Firingi Bazar, Kotwali, Chittagong","Holding No.02, Firingi Bazar, Kotwali, Chittagong",4,Contract_Awards_PDFs/Tender_471795.pdf,1,not documented in the supplied documents
winner address,"387,Tejgaon I/A , Tejgaon , Dhaka , PO : 1208","387,Tejgaon I/A , Tejgaon , Dhaka , PO : 1208",1,Contract_Awards_PDFs/Tender_475789.pdf,1,not documented in the supplied documents
winner address,18/1 Naya Paltan Dhaka-100,18/1 Naya Paltan Dhaka-100,1,Contract_Awards_PDFs/Tender_476403.pdf,1,not documented in the supplied documents
winner address,"Dhaka Trade Center (15th floor), Block # H, 99 Kawran Bazar, C/A, Dhaka-1215","Dhaka Trade Center (15th floor), Block # H, 99 Kawran Bazar, C/A, Dhaka-1215",2,Contract_Awards_PDFs/Tender_476405.pdf,1,not documented in the supplied documents
winner address,Road 07 House 27 Sector 11 Uttara Dhaka1230,Road 07 House 27 Sector 11 Uttara Dhaka1230,1,Contract_Awards_PDFs/Tender_476407.pdf,1,not documented in the supplied documents
winner address,1216 east monipur mirpur,1216 east monipur mirpur,1,Contract_Awards_PDFs/Tender_494177.pdf,1,not documented in the supplied documents
work location,"CDASholoshohor Staff Quarter, CTG","CDASholoshohor Staff Quarter, CTG",1,Contract_Awards_PDFs/Tender_501707.pdf,1,not documented in the supplied documents
work location,"Uttara Apartment Project,Block-A,Sector-18,Uttara,Dhaka","Uttara Apartment Project,Block-A,Sector-18,Uttara,Dhaka",1,Contract_Awards_PDFs/Tender_501956.pdf,1,not documented in the supplied documents
winner address,"Rupayan Taj (Office Suite-E1 & F1) Plot # 1,1/1 Naya Paltan, (Box Culvert Road) Dhaka-1000 Bangladesh","Rupayan Taj (Office Suite-E1 & F1) Plot # 1,1/1 Naya Paltan, (Box Culvert Road) Dhaka-1000 Bangladesh",1,Contract_Awards_PDFs/Tender_501956.pdf,1,not documented in the supplied documents
work location,"CDA Sholoshohor Staff Quarter, Building No-04 , Chattogram","CDA Sholoshohor Staff Quarter, Building No-04 , Chattogram",1,Contract_Awards_PDFs/Tender_504349.pdf,1,not documented in the supplied documents
winner address,563/3 Shahid Lain Pahartoli Chittagong,563/3 Shahid Lain Pahartoli Chittagong,1,Contract_Awards_PDFs/Tender_504349.pdf,1,not documented in the supplied documents
work location,Sholoshar Statt Quater,Sholoshar Statt Quater,1,Contract_Awards_PDFs/Tender_504351.pdf,1,not documented in the supplied documents
winner address,"4078, Manila Plaza,Bahadderhat, Chandgaon, Chattogram.","4078, Manila Plaza,Bahadderhat, Chandgaon, Chattogram.",1,Contract_Awards_PDFs/Tender_504351.pdf,1,not documented in the supplied documents
winner address,"58/Cha/1, Tejtury Bazar Chak, West Rajabazar, Dhaka-1215","58/Cha/1, Tejtury Bazar Chak, West Rajabazar, Dhaka-1215",1,Contract_Awards_PDFs/Tender_505037.pdf,1,not documented in the supplied documents
work location,Car Parking Building Gulshan,Car Parking Building Gulshan,1,Contract_Awards_PDFs/Tender_507537.pdf,1,not documented in the supplied documents
winner address,"Steel Mill Bazar, North Patenga, Post Code No. 4204, Chittagong","Steel Mill Bazar, North Patenga, Post Code No. 4204, Chittagong",1,Contract_Awards_PDFs/Tender_509251.pdf,1,not documented in the supplied documents
winner address,"24, Naya Paltan,Old-36, Paltan, Dhaka-1000.","24, Naya Paltan,Old-36, Paltan, Dhaka-1000.",1,Contract_Awards_PDFs/Tender_510186.pdf,1,not documented in the supplied documents
work location,CDA Bulding,CDA Bulding,1,Contract_Awards_PDFs/Tender_514221.pdf,1,not documented in the supplied documents
winner address,"Suite#O-11, Gufesha Plaza, 8, Shahid sangbadik Selina parvin Sarak, Mogbazar, Dhaka-1217","Suite#O-11, Gufesha Plaza, 8, Shahid sangbadik Selina parvin Sarak, Mogbazar, Dhaka-1217",1,Contract_Awards_PDFs/Tender_514221.pdf,1,not documented in the supplied documents
work location,RAJUK Annex Building,RAJUK Annex Building,1,Contract_Awards_PDFs/Tender_514343.pdf,1,not documented in the supplied documents
winner address,"99, Motijeel, C/A, Korim Chamber, Room No- 702 (6th Floor)","99, Motijeel, C/A, Korim Chamber, Room No- 702 (6th Floor)",6,Contract_Awards_PDFs/Tender_514343.pdf,1,not documented in the supplied documents
work location,"CDA staff Quarter, Sholoshar","CDA staff Quarter, Sholoshar",2,Contract_Awards_PDFs/Tender_515366.pdf,1,not documented in the supplied documents
winner address,"227/A, Sardar Bari, Dovash Lane, Poet Nazrul Islam Road, Firingee Bazar, Kotwali, Chittagong.","227/A, Sardar Bari, Dovash Lane, Poet Nazrul Islam Road, Firingee Bazar, Kotwali, Chittagong.",1,Contract_Awards_PDFs/Tender_515366.pdf,1,not documented in the supplied documents
work location,Gulshan Lake Drive Road,Gulshan Lake Drive Road,1,Contract_Awards_PDFs/Tender_517916.pdf,1,not documented in the supplied documents
winner address,"43/44 New 44/45, Nazir Ahmed Chowdhury Road, Anderkilla, Kotwali, Chittagong.","43/44 New 44/45, Nazir Ahmed Chowdhury Road, Anderkilla, Kotwali, Chittagong.",1,Contract_Awards_PDFs/Tender_519402.pdf,1,not documented in the supplied documents
work location,CDA Building Court Road Chattogram,CDA Building Court Road Chattogram,1,Contract_Awards_PDFs/Tender_523954.pdf,1,not documented in the supplied documents
work location,RAJUK Main Buildings,RAJUK Main Buildings,1,Contract_Awards_PDFs/Tender_528756.pdf,1,not documented in the supplied documents
winner address,"Modumati Supar Market, 717, Panchuria, Gopalgonj-8100.","Modumati Supar Market, 717, Panchuria, Gopalgonj-8100.",3,Contract_Awards_PDFs/Tender_528756.pdf,1,not documented in the supplied documents
winner address,"230/1-A, Tilpapara, Road No-06 Khilgaon, Dhaka-1219","230/1-A, Tilpapara, Road No-06 Khilgaon, Dhaka-1219",1,Contract_Awards_PDFs/Tender_528758.pdf,1,not documented in the supplied documents
winner address,"Level # 02, Plot # 26, Shahajalal Avenue, Sector # 04, Uttara, Dhaka-1230, Bangladesh","Level # 02, Plot # 26, Shahajalal Avenue, Sector # 04, Uttara, Dhaka-1230, Bangladesh",2,Contract_Awards_PDFs/Tender_535709.pdf,1,not documented in the supplied documents
winner address,"Cha-72/1, Progoti Sarani, North Badda, Dhaka-1212.","Cha-72/1, Progoti Sarani, North Badda, Dhaka-1212.",1,Contract_Awards_PDFs/Tender_535712.pdf,1,not documented in the supplied documents
work location,Rajuk Main & Annex Bhaban,Rajuk Main & Annex Bhaban,1,Contract_Awards_PDFs/Tender_536842.pdf,1,not documented in the supplied documents
work location,Rajuk Main and Annex Bhaban,Rajuk Main and Annex Bhaban,1,Contract_Awards_PDFs/Tender_536846.pdf,1,not documented in the supplied documents
work location,"Uttar Patenga and Halisohor, Chattogram","Uttar Patenga and Halisohor, Chattogram",1,Contract_Awards_PDFs/Tender_538256.pdf,1,not documented in the supplied documents
winner address,"House # 17, Road #106, Block-CEN(F), Gulshan-2, Dhaka-1212","House # 17, Road #106, Block-CEN(F), Gulshan-2, Dhaka-1212",4,Contract_Awards_PDFs/Tender_538256.pdf,1,not documented in the supplied documents
work location,CDA Biponi Bitan B Block New Market Chattogram,CDA Biponi Bitan B Block New Market Chattogram,1,Contract_Awards_PDFs/Tender_539744.pdf,1,not documented in the supplied documents
winner address,"152, Alkoron Road, Sadaghat, Chittagong","152, Alkoron Road, Sadaghat, Chittagong",3,Contract_Awards_PDFs/Tender_539744.pdf,1,not documented in the supplied documents
work location,"CoxDA Office, Coxs Bazar","CoxDA Office, Coxs Bazar",3,Contract_Awards_PDFs/Tender_548292.pdf,1,not documented in the supplied documents
winner address,"60, Gulshan Avenue, Taher Mansion, Gulshan-1, Dhaka-1212","60, Gulshan Avenue, Taher Mansion, Gulshan-1, Dhaka-1212",3,Contract_Awards_PDFs/Tender_548292.pdf,1,not documented in the supplied documents
work location,Holiday More-Bazarghata-Larpara Bus Stand Main Road and As per TDS,Holiday More-Bazarghata-Larpara Bus Stand Main Road and As per TDS,2,Contract_Awards_PDFs/Tender_549299.pdf,1,not documented in the supplied documents
work location,"Eidgah-Jalalabad Road to Faraji Para Road and Mehergona to Maizpara Road, Eidgah, Coxs Bazar","Eidgah-Jalalabad Road to Faraji Para Road and Mehergona to Maizpara Road, Eidgah, Coxs Bazar",1,Contract_Awards_PDFs/Tender_550266.pdf,1,not documented in the supplied documents
work location,"Eidgah to Uttar Maizpara Road, Coxs Bazar","Eidgah to Uttar Maizpara Road, Coxs Bazar",1,Contract_Awards_PDFs/Tender_550267.pdf,1,not documented in the supplied documents
work location,"KDA, Khulna","KDA, Khulna",1,Contract_Awards_PDFs/Tender_561734.pdf,1,not documented in the supplied documents
winner address,"Flora Limited DR Tower (3rd Floor) 65/2/2, Bir Protik Gazi Golam Dostogir Road (Box Calvert Road), Purana Paltan Dhaka-1000, Bangladesh.","Flora Limited DR Tower (3rd Floor) 65/2/2, Bir Protik Gazi Golam Dostogir Road (Box Calvert Road), Purana Paltan Dhaka-1000, Bangladesh.",1,Contract_Awards_PDFs/Tender_561734.pdf,1,not documented in the supplied documents
work location,"PIU Office, Dhaka & RAJUK Zonal Offices","PIU Office, Dhaka & RAJUK Zonal Offices",1,Contract_Awards_PDFs/Tender_564502.pdf,1,not documented in the supplied documents
work location,"CoxDA Bhaban, Coxs Bazar","CoxDA Bhaban, Coxs Bazar",1,Contract_Awards_PDFs/Tender_577378.pdf,1,not documented in the supplied documents
winner address,"47/B, Road No:02, Samata Tower, Chand Housing ,Mohammadpur , Dhaka-1207","47/B, Road No:02, Samata Tower, Chand Housing ,Mohammadpur , Dhaka-1207",2,Contract_Awards_PDFs/Tender_577378.pdf,1,not documented in the supplied documents
work location,100m,100m,1,Contract_Awards_PDFs/Tender_581310.pdf,1,not documented in the supplied documents
winner address,"Firoz Tower (5th Floor), 152/3/B, Bir Uttom Kazi-Nur-Uz-Zaman Road, Panthpath, Dhaka.","Firoz Tower (5th Floor), 152/3/B, Bir Uttom Kazi-Nur-Uz-Zaman Road, Panthpath, Dhaka.",1,Contract_Awards_PDFs/Tender_581310.pdf,1,not documented in the supplied documents
work location,Mohammadpur,Mohammadpur,8,Contract_Awards_PDFs/Tender_583663.pdf,1,not documented in the supplied documents
winner address,"House No-37, Road No-4, Block-Kha, Pisciculture Housing Society, Mohammadpur, Dhaka","House No-37, Road No-4, Block-Kha, Pisciculture Housing Society, Mohammadpur, Dhaka",1,Contract_Awards_PDFs/Tender_583663.pdf,1,not documented in the supplied documents
winner address,"J.C. Road, Dhanbandi, Sirajganj","J.C. Road, Dhanbandi, Sirajganj",3,Contract_Awards_PDFs/Tender_591374.pdf,1,not documented in the supplied documents
work location,Lalmatia,Lalmatia,1,Contract_Awards_PDFs/Tender_592175.pdf,1,not documented in the supplied documents
work location,RDA Market Rajshahi,RDA Market Rajshahi,1,Contract_Awards_PDFs/Tender_595725.pdf,1,not documented in the supplied documents
winner address,"109, New Market, Rajshahi-6100.","109, New Market, Rajshahi-6100.",1,Contract_Awards_PDFs/Tender_595725.pdf,1,not documented in the supplied documents
work location,Bakalia,Bakalia,1,Contract_Awards_PDFs/Tender_596661.pdf,1,not documented in the supplied documents
winner address,"6, Hossain Shahid Soharwardi Road, Kotwali, Chittagong.","6, Hossain Shahid Soharwardi Road, Kotwali, Chittagong.",1,Contract_Awards_PDFs/Tender_596661.pdf,1,not documented in the supplied documents
work location,"Sector-18, Block-A, Uttara, Dhaka","Sector-18, Block-A, Uttara, Dhaka",1,Contract_Awards_PDFs/Tender_597090.pdf,1,not documented in the supplied documents
work location,CDA Building Chattogram,CDA Building Chattogram,1,Contract_Awards_PDFs/Tender_598954.pdf,1,not documented in the supplied documents
work location,Purbachal New Town project,Purbachal New Town project,19,Contract_Awards_PDFs/Tender_601511.pdf,1,not documented in the supplied documents
winner address,"177, Shohid Syed Nazrul Islam Sharani, Bijoy Nagar, Dhaka-1000.","177, Shohid Syed Nazrul Islam Sharani, Bijoy Nagar, Dhaka-1000.",1,Contract_Awards_PDFs/Tender_601512.pdf,1,not documented in the supplied documents
work location,Mehedibag CDA staff Quarter Chattogram,Mehedibag CDA staff Quarter Chattogram,2,Contract_Awards_PDFs/Tender_614376.pdf,1,not documented in the supplied documents
winner address,"North Gasbaria ,Bodurpara , Chandanaish , Chittagong.","North Gasbaria ,Bodurpara , Chandanaish , Chittagong.",2,Contract_Awards_PDFs/Tender_614376.pdf,1,not documented in the supplied documents
winner address,"Cha-72/1, Progoti Sarani, Uttar Badda, Dhaka-1212","Cha-72/1, Progoti Sarani, Uttar Badda, Dhaka-1212",1,Contract_Awards_PDFs/Tender_615572.pdf,1,not documented in the supplied documents
work location,Cox's Bazar Sadar,Cox's Bazar Sadar,3,Contract_Awards_PDFs/Tender_617410.pdf,1,not documented in the supplied documents
winner address,"117, Tejkunipara, Old Airport Road, Bijoy Shoroni, Tejgaon, Dhaka.","117, Tejkunipara, Old Airport Road, Bijoy Shoroni, Tejgaon, Dhaka.",1,Contract_Awards_PDFs/Tender_617410.pdf,1,not documented in the supplied documents
winner address,"10 Dilkusha Jibon Bima Tower 8th Floor Motijheel, Dhaka","10 Dilkusha Jibon Bima Tower 8th Floor Motijheel, Dhaka",1,Contract_Awards_PDFs/Tender_617807.pdf,1,not documented in the supplied documents
winner address,"Punam Palace, Holding No: 464, 1st Kandirpar, Badurtala, Cumilla","Punam Palace, Holding No: 464, 1st Kandirpar, Badurtala, Cumilla",1,Contract_Awards_PDFs/Tender_618898.pdf,1,not documented in the supplied documents
work location,RAJUK Malibagh Officers Quarter,RAJUK Malibagh Officers Quarter,2,Contract_Awards_PDFs/Tender_620619.pdf,1,not documented in the supplied documents
work location,Zonal Office in Uttara,Zonal Office in Uttara,1,Contract_Awards_PDFs/Tender_622539.pdf,1,not documented in the supplied documents
work location,Rajuk Zonal Office,Rajuk Zonal Office,1,Contract_Awards_PDFs/Tender_622586.pdf,1,not documented in the supplied documents
work location,Biponi Bitan A block,Biponi Bitan A block,1,Contract_Awards_PDFs/Tender_629331.pdf,1,not documented in the supplied documents
winner address,"Khan Mansion Khulshi Colony Road, Nasirabad, Chittagong-4209","Khan Mansion Khulshi Colony Road, Nasirabad, Chittagong-4209",2,Contract_Awards_PDFs/Tender_629331.pdf,1,not documented in the supplied documents
work location,"CDA hill, Chittagong","CDA hill, Chittagong",1,Contract_Awards_PDFs/Tender_631780.pdf,1,not documented in the supplied documents
work location,"Mehedibag, Chattogram","Mehedibag, Chattogram",1,Contract_Awards_PDFs/Tender_637086.pdf,1,not documented in the supplied documents
winner address,"4, BGB Super Market, Halishahar Housing Estate, Chattogram.","4, BGB Super Market, Halishahar Housing Estate, Chattogram.",2,Contract_Awards_PDFs/Tender_637086.pdf,1,not documented in the supplied documents
work location,Uttara Apartment Project Sector-18 Uttara Dhaka,Uttara Apartment Project Sector-18 Uttara Dhaka,1,Contract_Awards_PDFs/Tender_637169.pdf,1,not documented in the supplied documents
work location,"RDA Bhaban, Rajshahi","RDA Bhaban, Rajshahi",1,Contract_Awards_PDFs/Tender_638918.pdf,1,not documented in the supplied documents
winner address,"37 Bir Uttam C R Datta Road, Nahar Plaza, Dhaka","37 Bir Uttam C R Datta Road, Nahar Plaza, Dhaka",2,Contract_Awards_PDFs/Tender_638918.pdf,1,not documented in the supplied documents
work location,CDA hill Chittagong,CDA hill Chittagong,2,Contract_Awards_PDFs/Tender_640368.pdf,1,not documented in the supplied documents
winner address,"265/262 Mamtaj Market, Khatungonj, Chittagong.","265/262 Mamtaj Market, Khatungonj, Chittagong.",2,Contract_Awards_PDFs/Tender_640368.pdf,1,not documented in the supplied documents
work location,Bonolata RA,Bonolata RA,1,Contract_Awards_PDFs/Tender_64165.pdf,1,not documented in the supplied documents
winner address,"In front of Rajshahi City Bhaban, Greater road, Rajshahi, Bangladesh.","In front of Rajshahi City Bhaban, Greater road, Rajshahi, Bangladesh.",1,Contract_Awards_PDFs/Tender_64165.pdf,1,not documented in the supplied documents
winner address,"24, MIRPUR ROAD , GLOBE CENTER (3RD FLOOR), DHAKA","24, MIRPUR ROAD , GLOBE CENTER (3RD FLOOR), DHAKA",1,Contract_Awards_PDFs/Tender_647361.pdf,1,not documented in the supplied documents
winner address,"10/2, Kashem Centre, 12/A, Arambagh, Motijhil, Dhaka1000","10/2, Kashem Centre, 12/A, Arambagh, Motijhil, Dhaka1000",1,Contract_Awards_PDFs/Tender_647467.pdf,1,not documented in the supplied documents
winner address,"20/C, Road No- 2, Amirbag R/A, Mehedibag, Chattogram.","20/C, Road No- 2, Amirbag R/A, Mehedibag, Chattogram.",1,Contract_Awards_PDFs/Tender_647622.pdf,1,not documented in the supplied documents
work location,"Darianagor and Himchari EcoTourism Picnic Spot, Coxs Bazar","Darianagor and Himchari EcoTourism Picnic Spot, Coxs Bazar",1,Contract_Awards_PDFs/Tender_653051.pdf,1,not documented in the supplied documents
work location,Bonolata RA RDA Bhaban Rajshahi,Bonolata RA RDA Bhaban Rajshahi,1,Contract_Awards_PDFs/Tender_658227.pdf,1,not documented in the supplied documents
winner address,"Rithin Enterprise, Proprietor-Tured Al Masud, 1st class contractor & supplier , Dorikharbona, Boalia, Rajshahi.","Rithin Enterprise, Proprietor-Tured Al Masud, 1st class contractor & supplier , Dorikharbona, Boalia, Rajshahi.",1,Contract_Awards_PDFs/Tender_658227.pdf,1,not documented in the supplied documents
work location,Uttara,Uttara,5,Contract_Awards_PDFs/Tender_661661.pdf,1,not documented in the supplied documents
work location,Rajuk Office Motijheel,Rajuk Office Motijheel,3,Contract_Awards_PDFs/Tender_663428.pdf,1,not documented in the supplied documents
winner address,"9K,Motijheel, C/A, Dhaka-1000.","9K,Motijheel, C/A, Dhaka-1000.",2,Contract_Awards_PDFs/Tender_663428.pdf,1,not documented in the supplied documents
winner address,"Tithy Printing & Packaging 28/C-1, Toyenbee Circular Road, Motijheel C/A, Dhaka-1000, Bangladesh, Phone: 9550412, 9553303, Mobile: 01819263481","Tithy Printing & Packaging 28/C-1, Toyenbee Circular Road, Motijheel C/A, Dhaka-1000, Bangladesh, Phone: 9550412, 9553303, Mobile: 01819263481",1,Contract_Awards_PDFs/Tender_663429.pdf,1,not documented in the supplied documents
work location,Mehedibag CDA Staff Quarter Chattogram,Mehedibag CDA Staff Quarter Chattogram,2,Contract_Awards_PDFs/Tender_667218.pdf,1,not documented in the supplied documents
winner address,"Bara Dighir Par, Hathazari Road, Hathazari, Chittagong.","Bara Dighir Par, Hathazari Road, Hathazari, Chittagong.",1,Contract_Awards_PDFs/Tender_667218.pdf,1,not documented in the supplied documents
work location,CoxsBazar Sadar,CoxsBazar Sadar,1,Contract_Awards_PDFs/Tender_669151.pdf,1,not documented in the supplied documents
work location,"CDA Building, Kotowali, Chattogram","CDA Building, Kotowali, Chattogram",2,Contract_Awards_PDFs/Tender_670297.pdf,1,not documented in the supplied documents
work location,"Uttara Apartment Project ,Sector-18,Uttara,Dhaka","Uttara Apartment Project ,Sector-18,Uttara,Dhaka",2,Contract_Awards_PDFs/Tender_671805.pdf,1,not documented in the supplied documents
winner address,"Arambag,Motijheel","Arambag,Motijheel",1,Contract_Awards_PDFs/Tender_672061.pdf,1,not documented in the supplied documents
winner address,"60, West Agargaon (1st Floor), Sher-e-Bangla Nagar, Dhaka-1207.","60, West Agargaon (1st Floor), Sher-e-Bangla Nagar, Dhaka-1207.",1,Contract_Awards_PDFs/Tender_680144.pdf,1,not documented in the supplied documents
winner address,"Laldigir Par, Main Road, Coxs Bazar, Bangladesh","Laldigir Par, Main Road, Coxs Bazar, Bangladesh",4,Contract_Awards_PDFs/Tender_681465.pdf,1,not documented in the supplied documents
work location,CDA Building Kotowali Chattogram,CDA Building Kotowali Chattogram,1,Contract_Awards_PDFs/Tender_683811.pdf,1,not documented in the supplied documents
work location,Hatirjheel Project Area,Hatirjheel Project Area,1,Contract_Awards_PDFs/Tender_684610.pdf,1,not documented in the supplied documents
work location,Hatirjheel integrated Area of Rajuk,Hatirjheel integrated Area of Rajuk,1,Contract_Awards_PDFs/Tender_685885.pdf,1,not documented in the supplied documents
work location,Malibagh Offucers Quarter Area,Malibagh Offucers Quarter Area,1,Contract_Awards_PDFs/Tender_690870.pdf,1,not documented in the supplied documents
work location,Office of the Planning Section at KDA Office.,Office of the Planning Section at KDA Office.,1,Contract_Awards_PDFs/Tender_695670.pdf,1,not documented in the supplied documents
winner address,"06, Madan Shaha Lane, Sutrapur, Dhaka-1100.","06, Madan Shaha Lane, Sutrapur, Dhaka-1100.",1,Contract_Awards_PDFs/Tender_699111.pdf,1,not documented in the supplied documents
winner address,"Pani Gati, Hazigram, Digholia, Khulna-9222","Pani Gati, Hazigram, Digholia, Khulna-9222",1,Contract_Awards_PDFs/Tender_699961.pdf,1,not documented in the supplied documents
winner address,"House # 701, Road # 01, Bus Terminal Road, Tatultala, Alamnagar-5402, Rangpur","House # 701, Road # 01, Bus Terminal Road, Tatultala, Alamnagar-5402, Rangpur",1,Contract_Awards_PDFs/Tender_703479.pdf,1,not documented in the supplied documents
winner address,"33 South Khilgaon, Dhaka 1219.","33 South Khilgaon, Dhaka 1219.",2,Contract_Awards_PDFs/Tender_713622.pdf,1,not documented in the supplied documents
work location,"Sector-3, Uttara","Sector-3, Uttara",1,Contract_Awards_PDFs/Tender_727612.pdf,1,not documented in the supplied documents
winner address,"P-67/1, Middle Badda, Badda, Dhaka-1212.","P-67/1, Middle Badda, Badda, Dhaka-1212.",1,Contract_Awards_PDFs/Tender_727612.pdf,1,not documented in the supplied documents
work location,KDA office building,KDA office building,3,Contract_Awards_PDFs/Tender_728690.pdf,1,not documented in the supplied documents
winner address,"353/1 ( DSCC) Zia Shoroni Road, Matuail,; Jatrabari PS; Dhaka-1232; Bangladesh","353/1 ( DSCC) Zia Shoroni Road, Matuail,; Jatrabari PS; Dhaka-1232; Bangladesh",3,Contract_Awards_PDFs/Tender_728690.pdf,1,not documented in the supplied documents
work location,Dewanhat Chattogram,Dewanhat Chattogram,1,Contract_Awards_PDFs/Tender_728810.pdf,1,not documented in the supplied documents
work location,Dewanhat,Dewanhat,4,Contract_Awards_PDFs/Tender_730799.pdf,1,not documented in the supplied documents
work location,"Uttara Apartment Project, Sector-18, Block-A, Uttara, Dhaka.","Uttara Apartment Project, Sector-18, Block-A, Uttara, Dhaka.",1,Contract_Awards_PDFs/Tender_732686.pdf,1,not documented in the supplied documents
winner address,"Road # 07, House # 27, Sector # 11, Uttara, Dhaka-1230","Road # 07, House # 27, Sector # 11, Uttara, Dhaka-1230",1,Contract_Awards_PDFs/Tender_732686.pdf,1,not documented in the supplied documents
winner address,"Khurushkul Road, Uttar Taraboniarchara, Coxs Bazar Pourshava, Coxs Bazar","Khurushkul Road, Uttar Taraboniarchara, Coxs Bazar Pourshava, Coxs Bazar",2,Contract_Awards_PDFs/Tender_733637.pdf,1,not documented in the supplied documents
work location,"Chandanpura,bakalia","Chandanpura,bakalia",2,Contract_Awards_PDFs/Tender_735107.pdf,1,not documented in the supplied documents
work location,Dhanmondi,Dhanmondi,3,Contract_Awards_PDFs/Tender_737121.pdf,1,not documented in the supplied documents
work location,"CDA, Chattogram","CDA, Chattogram",1,Contract_Awards_PDFs/Tender_745109.pdf,1,not documented in the supplied documents
winner address,BDBL Bhaban (6th Level) 12 Karwan Bazar,BDBL Bhaban (6th Level) 12 Karwan Bazar,1,Contract_Awards_PDFs/Tender_745109.pdf,1,not documented in the supplied documents
work location,mohakhali mechanical stack yard,mohakhali mechanical stack yard,1,Contract_Awards_PDFs/Tender_747343.pdf,1,not documented in the supplied documents
winner address,"Dhaka Trade Center (15th Floor), Block-H, 99 Kazi Nazrul Islam Avenue, Kawran Bazar C/A, Dhaka-1215","Dhaka Trade Center (15th Floor), Block-H, 99 Kazi Nazrul Islam Avenue, Kawran Bazar C/A, Dhaka-1215",1,Contract_Awards_PDFs/Tender_752801.pdf,1,not documented in the supplied documents
work location,Rajuk Annex Building.,Rajuk Annex Building.,1,Contract_Awards_PDFs/Tender_755274.pdf,1,not documented in the supplied documents
work location,mohakhali mechanical stackyard,mohakhali mechanical stackyard,2,Contract_Awards_PDFs/Tender_755479.pdf,1,not documented in the supplied documents
work location,CDA Hill Chattogram,CDA Hill Chattogram,2,Contract_Awards_PDFs/Tender_773275.pdf,1,not documented in the supplied documents
work location,Chattogram City Corporation Area,Chattogram City Corporation Area,1,Contract_Awards_PDFs/Tender_775105.pdf,1,not documented in the supplied documents
work location,"CDA Building, Court Road, Kotowali, Chattogram","CDA Building, Court Road, Kotowali, Chattogram",3,Contract_Awards_PDFs/Tender_780102.pdf,1,not documented in the supplied documents
work location,Baizid Boastami Road,Baizid Boastami Road,1,Contract_Awards_PDFs/Tender_781266.pdf,1,not documented in the supplied documents
work location,Khulna,Khulna,3,Contract_Awards_PDFs/Tender_783087.pdf,1,not documented in the supplied documents
winner address,"1307/2,East Monipur, kafrul,Dhaka-1216","1307/2,East Monipur, kafrul,Dhaka-1216",4,Contract_Awards_PDFs/Tender_79395.pdf,1,not documented in the supplied documents
work location,Uttara RAJUK,Uttara RAJUK,1,Contract_Awards_PDFs/Tender_80586.pdf,1,not documented in the supplied documents
winner address,"House #27, Road #07, Sector #11. Uttara, Dhaka","House #27, Road #07, Sector #11. Uttara, Dhaka",1,Contract_Awards_PDFs/Tender_807903.pdf,1,not documented in the supplied documents
work location,Moheskhali CoxsBazar,Moheskhali CoxsBazar,1,Contract_Awards_PDFs/Tender_808097.pdf,1,not documented in the supplied documents
work location,"MIS Dept, CDA","MIS Dept, CDA",1,Contract_Awards_PDFs/Tender_815786.pdf,1,not documented in the supplied documents
winner address,"152, Shantinagar, Flat # B-6, Rupayan Angel, Dhaka-1217.","152, Shantinagar, Flat # B-6, Rupayan Angel, Dhaka-1217.",1,Contract_Awards_PDFs/Tender_815786.pdf,1,not documented in the supplied documents
winner address,"North Rumaliarchara, Cox's Bazar Sadar, Coxs Bazar","North Rumaliarchara, Cox's Bazar Sadar, Coxs Bazar",2,Contract_Awards_PDFs/Tender_827087.pdf,1,not documented in the supplied documents
work location,Uttara (3rd phase ) Project.,Uttara (3rd phase ) Project.,1,Contract_Awards_PDFs/Tender_828053.pdf,1,not documented in the supplied documents
winner address,"Kushali Bhaban, 238/1, Begum Rokeya Sharanee, Taltala, Dhaka 1216","Kushali Bhaban, 238/1, Begum Rokeya Sharanee, Taltala, Dhaka 1216",1,Contract_Awards_PDFs/Tender_832064.pdf,1,not documented in the supplied documents
work location,"Coxs Bazar Development Authority, Coxs Bazar","Coxs Bazar Development Authority, Coxs Bazar",7,Contract_Awards_PDFs/Tender_834339.pdf,1,not documented in the supplied documents
winner address,"160, Lake Circus, Kalabagan, Dhaka.","160, Lake Circus, Kalabagan, Dhaka.",1,Contract_Awards_PDFs/Tender_835662.pdf,1,not documented in the supplied documents
work location,Seroil Bus - Terminai,Seroil Bus - Terminai,1,Contract_Awards_PDFs/Tender_836225.pdf,1,not documented in the supplied documents
winner address,"CAPTAIN MOHIUDDIN ZAHANGIR SWARANI Seroil, Post- Ghoramara, Police Station- Boalia, Dist- Rajshahi.","CAPTAIN MOHIUDDIN ZAHANGIR SWARANI Seroil, Post- Ghoramara, Police Station- Boalia, Dist- Rajshahi.",1,Contract_Awards_PDFs/Tender_836225.pdf,1,not documented in the supplied documents
winner address,"120/A, R.S Bhaban (2nd Floor), Suite-310, Motijheel C/A, Dhaka-1000","120/A, R.S Bhaban (2nd Floor), Suite-310, Motijheel C/A, Dhaka-1000",1,Contract_Awards_PDFs/Tender_836329.pdf,1,not documented in the supplied documents
winner address,"62, Natab Bhaban (2nd Floor), Panchlaish, Chittagong.","62, Natab Bhaban (2nd Floor), Panchlaish, Chittagong.",1,Contract_Awards_PDFs/Tender_840372.pdf,1,not documented in the supplied documents
work location,Bayezid to Fauzdarhat,Bayezid to Fauzdarhat,1,Contract_Awards_PDFs/Tender_848555.pdf,1,not documented in the supplied documents
winner address,"House # 09 (1st Floor), Road # 1, Block-G, Beside A.C Mosjid, Halishahar H/E, Halishahar, Chattogram, Bangladesh.","House # 09 (1st Floor), Road # 1, Block-G, Beside A.C Mosjid, Halishahar H/E, Halishahar, Chattogram, Bangladesh.",1,Contract_Awards_PDFs/Tender_848555.pdf,1,not documented in the supplied documents
work location,CDA Silimpur Residential Area,CDA Silimpur Residential Area,1,Contract_Awards_PDFs/Tender_851863.pdf,1,not documented in the supplied documents
winner address,"129/143, D.C Road, Khan Bhaban, West Bakalia, Dewanbazar, Chittagong.","129/143, D.C Road, Khan Bhaban, West Bakalia, Dewanbazar, Chittagong.",1,Contract_Awards_PDFs/Tender_851863.pdf,1,not documented in the supplied documents
work location,"CDA Silimpur Residential Area, Chattogram","CDA Silimpur Residential Area, Chattogram",1,Contract_Awards_PDFs/Tender_851864.pdf,1,not documented in the supplied documents
work location,"CDA Silimpur Residential area, Chattogram","CDA Silimpur Residential area, Chattogram",1,Contract_Awards_PDFs/Tender_851865.pdf,1,not documented in the supplied documents
winner address,"69/7, Mohammadia Plaza, Reazuddin Bazar, Chattogram","69/7, Mohammadia Plaza, Reazuddin Bazar, Chattogram",1,Contract_Awards_PDFs/Tender_851865.pdf,1,not documented in the supplied documents
winner address,"House-22, Road-04, Block- C Banani Dhaka-1213","House-22, Road-04, Block- C Banani Dhaka-1213",1,Contract_Awards_PDFs/Tender_857646.pdf,1,not documented in the supplied documents
work location,Rajshahi,Rajshahi,5,Contract_Awards_PDFs/Tender_859008.pdf,1,not documented in the supplied documents
winner address,"Nur Manjil, Kadirganj, Rajshahi.","Nur Manjil, Kadirganj, Rajshahi.",3,Contract_Awards_PDFs/Tender_859008.pdf,1,not documented in the supplied documents
work location,"Shahid Captain Monsur Ali Park, Rajshahi","Shahid Captain Monsur Ali Park, Rajshahi",3,Contract_Awards_PDFs/Tender_860822.pdf,1,not documented in the supplied documents
winner address,"201/206, Nasirabad Industrial Area Baijid Bostami Road","201/206, Nasirabad Industrial Area Baijid Bostami Road",1,Contract_Awards_PDFs/Tender_860822.pdf,1,not documented in the supplied documents
winner address,"48/B, West Dholairpar, Dhaka-1204.","48/B, West Dholairpar, Dhaka-1204.",1,Contract_Awards_PDFs/Tender_860823.pdf,1,not documented in the supplied documents
winner address,"309, SK Mujib Road, Unit 7&8, Level 6, North Agrabad, Chittagong, Bangladesh.","309, SK Mujib Road, Unit 7&8, Level 6, North Agrabad, Chittagong, Bangladesh.",1,Contract_Awards_PDFs/Tender_862601.pdf,1,not documented in the supplied documents
work location,"Nasirabad, Chattogram.","Nasirabad, Chattogram.",1,Contract_Awards_PDFs/Tender_862635.pdf,1,not documented in the supplied documents
work location,"RAJUK Bhaban, Motijheel","RAJUK Bhaban, Motijheel",4,Contract_Awards_PDFs/Tender_865422.pdf,1,not documented in the supplied documents
winner address,"112/1 Fakirapool (3rd Floor), Dhaka-1000","112/1 Fakirapool (3rd Floor), Dhaka-1000",2,Contract_Awards_PDFs/Tender_865422.pdf,1,not documented in the supplied documents
work location,Mehedibag CDA staff Quarte Chattogram,Mehedibag CDA staff Quarte Chattogram,1,Contract_Awards_PDFs/Tender_865569.pdf,1,not documented in the supplied documents
winner address,"B.O.C. Mor,Katgar,Dohazari,Satkania,Chittagong-4382","B.O.C. Mor,Katgar,Dohazari,Satkania,Chittagong-4382",1,Contract_Awards_PDFs/Tender_865569.pdf,1,not documented in the supplied documents
winner address,"17/2 Deana South para, Daulatpur, Khulna.","17/2 Deana South para, Daulatpur, Khulna.",1,Contract_Awards_PDFs/Tender_867256.pdf,1,not documented in the supplied documents
winner address,"Suite-4A, Nakshi Homes, 6/1/A, Topkhana Road, Segunbagicha, Topkhana Road, Dhaka-1000.","Suite-4A, Nakshi Homes, 6/1/A, Topkhana Road, Segunbagicha, Topkhana Road, Dhaka-1000.",1,Contract_Awards_PDFs/Tender_868640.pdf,1,not documented in the supplied documents
winner address,"147 Motijheel C/A, Sultan Building, (1st Floor) Dhaka.","147 Motijheel C/A, Sultan Building, (1st Floor) Dhaka.",1,Contract_Awards_PDFs/Tender_870250.pdf,1,not documented in the supplied documents
winner address,PRAN RFL Center 105 Middle Badda Dhaka,PRAN RFL Center 105 Middle Badda Dhaka,1,Contract_Awards_PDFs/Tender_879523.pdf,1,not documented in the supplied documents
work location,Mohakhali RAJUK Zonal Office,Mohakhali RAJUK Zonal Office,3,Contract_Awards_PDFs/Tender_887587.pdf,1,not documented in the supplied documents
work location,Rajuk Annex Building,Rajuk Annex Building,1,Contract_Awards_PDFs/Tender_888738.pdf,1,not documented in the supplied documents
work location,Rajuk Officers Quarter.,Rajuk Officers Quarter.,1,Contract_Awards_PDFs/Tender_888828.pdf,1,not documented in the supplied documents
work location,Uttara Residential Area,Uttara Residential Area,1,Contract_Awards_PDFs/Tender_89106.pdf,1,not documented in the supplied documents
winner address,"Planners Tower (16th Floor), 13/A, Bipanan C/A, Sonargaon Road, Dhaka-1000","Planners Tower (16th Floor), 13/A, Bipanan C/A, Sonargaon Road, Dhaka-1000",1,Contract_Awards_PDFs/Tender_89106.pdf,1,not documented in the supplied documents
work location,Rajuk Bhaban & Narayanganj Zonal Office,Rajuk Bhaban & Narayanganj Zonal Office,1,Contract_Awards_PDFs/Tender_891746.pdf,1,not documented in the supplied documents
work location,Ramgati,Ramgati,1,Contract_Awards_PDFs/Tender_89768.pdf,1,not documented in the supplied documents
winner address,"Uttar Te-muhuni, Upazila- Sadar, Dist.- Laxmipur.","Uttar Te-muhuni, Upazila- Sadar, Dist.- Laxmipur.",1,Contract_Awards_PDFs/Tender_89768.pdf,1,not documented in the supplied documents
winner address,"Modhumati Super Market, 717, Panchuria, Gopalgonj-8100.","Modhumati Super Market, 717, Panchuria, Gopalgonj-8100.",1,Contract_Awards_PDFs/Tender_901824.pdf,1,not documented in the supplied documents
winner address,"Cha-72/1, Pragoti Sarani, North Badda, Dhaka-1212.","Cha-72/1, Pragoti Sarani, North Badda, Dhaka-1212.",1,Contract_Awards_PDFs/Tender_902293.pdf,1,not documented in the supplied documents
winner address,"Charpatherghata, Azim Para, Karnaphulli, Chittagong.","Charpatherghata, Azim Para, Karnaphulli, Chittagong.",2,Contract_Awards_PDFs/Tender_909193.pdf,1,not documented in the supplied documents
work location,"Dewanhat, Chattogram","Dewanhat, Chattogram",1,Contract_Awards_PDFs/Tender_909196.pdf,1,not documented in the supplied documents
work location,CDA Mehedibag Staff Quartter Chittagong,CDA Mehedibag Staff Quartter Chittagong,1,Contract_Awards_PDFs/Tender_91142.pdf,1,not documented in the supplied documents
winner address,"North Peskerpara, Coxs Bazar Pourashava, Sadar, Coxs Bazar","North Peskerpara, Coxs Bazar Pourashava, Sadar, Coxs Bazar",3,Contract_Awards_PDFs/Tender_916128.pdf,1,not documented in the supplied documents
work location,"North Patenga, South Patenga","North Patenga, South Patenga",1,Contract_Awards_PDFs/Tender_917088.pdf,1,not documented in the supplied documents
winner address,"Azad Bhaban (6th floor), Jamal Khan Road, Chattogram","Azad Bhaban (6th floor), Jamal Khan Road, Chattogram",1,Contract_Awards_PDFs/Tender_917088.pdf,1,not documented in the supplied documents
work location,"Saltgola, Chattogram","Saltgola, Chattogram",1,Contract_Awards_PDFs/Tender_918775.pdf,1,not documented in the supplied documents
work location,"Moheskhali, CoxsBazar","Moheskhali, CoxsBazar",1,Contract_Awards_PDFs/Tender_925988.pdf,1,not documented in the supplied documents
winner address,"House #8/4A (4th & 5th Floor), Block #A, Lalmatia, Dhaka-1207, Bangladesh","House #8/4A (4th & 5th Floor), Block #A, Lalmatia, Dhaka-1207, Bangladesh",1,Contract_Awards_PDFs/Tender_926607.pdf,1,not documented in the supplied documents
work location,RAJUK Zonal Office,RAJUK Zonal Office,1,Contract_Awards_PDFs/Tender_926623.pdf,1,not documented in the supplied documents
winner address,"51, Naya Paltan, Paltan, Dhaka-1000","51, Naya Paltan, Paltan, Dhaka-1000",2,Contract_Awards_PDFs/Tender_926623.pdf,1,not documented in the supplied documents
winner address,"154, Mosjid Bhaban, Room# 310, Level: 2, Motijheel C/A, Dhaka-1000","154, Mosjid Bhaban, Room# 310, Level: 2, Motijheel C/A, Dhaka-1000",1,Contract_Awards_PDFs/Tender_932337.pdf,1,not documented in the supplied documents
winner address,"69/3, Road-7/A, 4th floor, Dhanmondi, Dhaka-1209","69/3, Road-7/A, 4th floor, Dhanmondi, Dhaka-1209",1,Contract_Awards_PDFs/Tender_935037.pdf,1,not documented in the supplied documents
winner address,"3/A, Kawran Bazar, Hasne Tower, Tejgaon, Dhaka-1215, Cell-01680575060","3/A, Kawran Bazar, Hasne Tower, Tejgaon, Dhaka-1215, Cell-01680575060",2,Contract_Awards_PDFs/Tender_935064.pdf,1,not documented in the supplied documents
winner address,"House No. 116 (10th Floor), Road No.11, Block-E, Banani, Dhaka-1213.","House No. 116 (10th Floor), Road No.11, Block-E, Banani, Dhaka-1213.",2,Contract_Awards_PDFs/Tender_935084.pdf,1,not documented in the supplied documents
winner address,"99, Motijheel Karim Chamber, Room No-702, 6th floor, Dhaka","99, Motijheel Karim Chamber, Room No-702, 6th floor, Dhaka",1,Contract_Awards_PDFs/Tender_935090.pdf,1,not documented in the supplied documents
winner address,"Laxmipur Ghoshmohol More, Rajpara, Rajshahi","Laxmipur Ghoshmohol More, Rajpara, Rajshahi",1,Contract_Awards_PDFs/Tender_935863.pdf,1,not documented in the supplied documents
work location,Rajuk Zonal Office-5,Rajuk Zonal Office-5,3,Contract_Awards_PDFs/Tender_936176.pdf,1,not documented in the supplied documents
work location,Rajuk Main Building,Rajuk Main Building,1,Contract_Awards_PDFs/Tender_936248.pdf,1,not documented in the supplied documents
work location,"Nirala to City Bypass Road, Khulna","Nirala to City Bypass Road, Khulna",1,Contract_Awards_PDFs/Tender_941420.pdf,1,not documented in the supplied documents
winner address,"Suite#4/A, Nakshi Homes, 6/1/A Topkhana Road, Segunbagicha,","Suite#4/A, Nakshi Homes, 6/1/A Topkhana Road, Segunbagicha,",1,Contract_Awards_PDFs/Tender_941420.pdf,1,not documented in the supplied documents
winner address,"335, Ramiz Villa, 2nd Floor, Segunbagicha, Dhaka-1000, Bangladesh.","335, Ramiz Villa, 2nd Floor, Segunbagicha, Dhaka-1000, Bangladesh.",1,Contract_Awards_PDFs/Tender_941511.pdf,1,not documented in the supplied documents
winner address,"Block# F, Road #4, House#33, Flat #6-B Banani, Dhaka","Block# F, Road #4, House#33, Flat #6-B Banani, Dhaka",1,Contract_Awards_PDFs/Tender_941603.pdf,1,not documented in the supplied documents
work location,"Halishahar, Cantonment, Chattogram","Halishahar, Cantonment, Chattogram",1,Contract_Awards_PDFs/Tender_943936.pdf,1,not documented in the supplied documents
winner address,"Azad Bhaban 6th Floor, Jamal Khan, ctg","Azad Bhaban 6th Floor, Jamal Khan, ctg",1,Contract_Awards_PDFs/Tender_943936.pdf,1,not documented in the supplied documents
work location,Hatirjheel area,Hatirjheel area,1,Contract_Awards_PDFs/Tender_944366.pdf,1,not documented in the supplied documents
work location,cda office building 4th floor Chattogram,cda office building 4th floor Chattogram,1,Contract_Awards_PDFs/Tender_945875.pdf,1,not documented in the supplied documents
winner address,"77, Nowab Sirajuddullah Road, Dewan Bazar, Kotwali, Chittagong.","77, Nowab Sirajuddullah Road, Dewan Bazar, Kotwali, Chittagong.",1,Contract_Awards_PDFs/Tender_945875.pdf,1,not documented in the supplied documents
work location,Hatirjheel Management Building & Surrounding Areas,Hatirjheel Management Building & Surrounding Areas,1,Contract_Awards_PDFs/Tender_948435.pdf,1,not documented in the supplied documents
winner address,"69-71, Mirpur Road (New Elephant Road), Multi Plan Center, Shop No: 201, Dhaka-1205.","69-71, Mirpur Road (New Elephant Road), Multi Plan Center, Shop No: 201, Dhaka-1205.",1,Contract_Awards_PDFs/Tender_948448.pdf,1,not documented in the supplied documents
winner address,"Preetam Zaman Tower (12th Floor), 37/2, Purana Paltan, Dhaka-1000.","Preetam Zaman Tower (12th Floor), 37/2, Purana Paltan, Dhaka-1000.",1,Contract_Awards_PDFs/Tender_948746.pdf,1,not documented in the supplied documents
work location,CoxDA Bhaban,CoxDA Bhaban,1,Contract_Awards_PDFs/Tender_951146.pdf,1,not documented in the supplied documents
winner address,"Alinagar, Barabkunda, Sitakunda","Alinagar, Barabkunda, Sitakunda",1,Contract_Awards_PDFs/Tender_954661.pdf,1,not documented in the supplied documents
winner address,"27 Sheik Mujib Road, Agrabad, Chittagong.","27 Sheik Mujib Road, Agrabad, Chittagong.",1,Contract_Awards_PDFs/Tender_957256.pdf,1,not documented in the supplied documents
district,Sirajganj,Sirajganj,1,Contract_Awards_PDFs/Tender_95841.pdf,1,not documented in the supplied documents
work location,Belkuchi,Belkuchi,1,Contract_Awards_PDFs/Tender_95841.pdf,1,not documented in the supplied documents
winner address,"Anderkotha para, Shajadpur, Sirajganj-6770","Anderkotha para, Shajadpur, Sirajganj-6770",1,Contract_Awards_PDFs/Tender_95841.pdf,1,not documented in the supplied documents
work location,"Shershah, Baizid, Chattogram.","Shershah, Baizid, Chattogram.",1,Contract_Awards_PDFs/Tender_959962.pdf,1,not documented in the supplied documents
winner address,"Azad Bhaban (6th floor), Jamal khan Road, Ctg.","Azad Bhaban (6th floor), Jamal khan Road, Ctg.",1,Contract_Awards_PDFs/Tender_959962.pdf,1,not documented in the supplied documents
work location,"Nikunja 2, Khilkhet, Dhaka-1229","Nikunja 2, Khilkhet, Dhaka-1229",1,Contract_Awards_PDFs/Tender_960601.pdf,1,not documented in the supplied documents
winner address,"Cosmic Tower, 106/KA, Naya Paltan,Suit-4/C, Box Culvert Road, Dhaka-1000","Cosmic Tower, 106/KA, Naya Paltan,Suit-4/C, Box Culvert Road, Dhaka-1000",1,Contract_Awards_PDFs/Tender_962658.pdf,1,not documented in the supplied documents
work location,Office of the Project Director of Uttara Apartment Project RAJUK Motijheel Dhaka,Office of the Project Director of Uttara Apartment Project RAJUK Motijheel Dhaka,1,Contract_Awards_PDFs/Tender_962659.pdf,1,not documented in the supplied documents
winner address,"Ka-53, Khapara, Khilkhet, Dhaka-1229","Ka-53, Khapara, Khilkhet, Dhaka-1229",1,Contract_Awards_PDFs/Tender_962659.pdf,1,not documented in the supplied documents
winner address,"Room No.-05,Nurjahan Sharif Plaza,(4th floor) 34,Purana Paltan,Dhaka-1000","Room No.-05,Nurjahan Sharif Plaza,(4th floor) 34,Purana Paltan,Dhaka-1000",1,Contract_Awards_PDFs/Tender_966347.pdf,1,not documented in the supplied documents
work location,Rajuk Main Building.,Rajuk Main Building.,1,Contract_Awards_PDFs/Tender_969450.pdf,1,not documented in the supplied documents
winner address,"69-71, Mirpur Road, Shop no:749-750, Multiplan Center, Dhaka-1205","69-71, Mirpur Road, Shop no:749-750, Multiplan Center, Dhaka-1205",2,Contract_Awards_PDFs/Tender_969481.pdf,1,not documented in the supplied documents
work location,Rajuk Quarter,Rajuk Quarter,1,Contract_Awards_PDFs/Tender_969822.pdf,1,not documented in the supplied documents
winner address,"52, Katalgonj, Panchlaish, Chittagong.","52, Katalgonj, Panchlaish, Chittagong.",1,Contract_Awards_PDFs/Tender_971720.pdf,1,not documented in the supplied documents
winner address,"New Circuit House Road, Coxs Bazar Sadar, Coxs Bazar","New Circuit House Road, Coxs Bazar Sadar, Coxs Bazar",1,Contract_Awards_PDFs/Tender_971832.pdf,1,not documented in the supplied documents
winner address,"House-21, Road-6, Block-B, Bonosree, Rampura, Dhaka","House-21, Road-6, Block-B, Bonosree, Rampura, Dhaka",1,Contract_Awards_PDFs/Tender_971997.pdf,1,not documented in the supplied documents
work location,"CoXDA, Coxs Bazar","CoXDA, Coxs Bazar",2,Contract_Awards_PDFs/Tender_975403.pdf,1,not documented in the supplied documents
winner address,"House No. 8/19, Flat No. 6/B, Block-A Sir Syed Road, Mohammadpur, Dhaka-1207","House No. 8/19, Flat No. 6/B, Block-A Sir Syed Road, Mohammadpur, Dhaka-1207",2,Contract_Awards_PDFs/Tender_975516.pdf,1,not documented in the supplied documents
work location,9 Upazilas of Coxs Bazar District,9 Upazilas of Coxs Bazar District,1,Contract_Awards_PDFs/Tender_976770.pdf,1,not documented in the supplied documents
work location,Rajuk Zonal Office-6,Rajuk Zonal Office-6,3,Contract_Awards_PDFs/Tender_980083.pdf,1,not documented in the supplied documents
work location,Hatirjheel Project,Hatirjheel Project,1,Contract_Awards_PDFs/Tender_98617.pdf,1,not documented in the supplied documents
winner address,"House No- 150,Lake Circus Abed Dhali Road,kalabagan, Dhanmondi, Dhaka","House No- 150,Lake Circus Abed Dhali Road,kalabagan, Dhanmondi, Dhaka",1,Contract_Awards_PDFs/Tender_98617.pdf,1,not documented in the supplied documents
work location,Court,Court,1,Contract_Awards_PDFs/Tender_98996.pdf,1,not documented in the supplied documents
winner address,"4. K.B. Ismail road, Mymensingh.","4. K.B. Ismail road, Mymensingh.",1,Contract_Awards_PDFs/Tender_98996.pdf,1,not documented in the supplied documents
work location,"Bastuhara Road to Old Satkhira Road, Khulna","Bastuhara Road to Old Satkhira Road, Khulna",1,Contract_Awards_PDFs/Tender_991635.pdf,1,not documented in the supplied documents
work location,Dewanhat Junction,Dewanhat Junction,1,Contract_Awards_PDFs/Tender_99692.pdf,1,not documented in the supplied documents
