entity_type,id_a,name_a,id_b,name_b,key_a,key_b,resemblance,measure,merged,documents_a,documents_b
company,co0001,M/S. Niaz Traders,co0085,"NIAZ-NOONA-KTA JV ( JVCA Partners [Business Share]: KHOKAN TRADING AGENCY [0.000%] , Noona Traders [0.000%] , M/S. Niaz Traders [0.000%] )",NIAZ TRADERS,NIAZ NOONA KTA JV JVCA PARTNERS BUSINESS SHARE KHOKAN TRADING AGENCY 0 000 NOONA TRADERS 0 000 M S NIAZ TRADERS 0 000,one name's words are all contained in the other,,no,Contract_Awards_PDFs/Tender_1000267.pdf;Contract_Awards_PDFs/Tender_1035179.pdf;Contract_Awards_PDFs/Tender_1044320.pdf;Contract_Awards_PDFs/Tender_1082525.pdf;Contract_Awards_PDFs/Tender_293018.pdf,Contract_Awards_PDFs/Tender_119326.pdf
company,co0001,M/S. Niaz Traders,co0157,"NIAZ-NOONA JV. ( JVCA Partners [Business Share]: Noona Traders [51.000%] , M/S. Niaz Traders [49.000%] )",NIAZ TRADERS,NIAZ NOONA JV JVCA PARTNERS BUSINESS SHARE NOONA TRADERS 51 000 M S NIAZ TRADERS 49 000,one name's words are all contained in the other,,no,Contract_Awards_PDFs/Tender_1000267.pdf;Contract_Awards_PDFs/Tender_1035179.pdf;Contract_Awards_PDFs/Tender_1044320.pdf;Contract_Awards_PDFs/Tender_1082525.pdf;Contract_Awards_PDFs/Tender_293018.pdf,Contract_Awards_PDFs/Tender_292111.pdf
company,co0001,M/S. Niaz Traders,co0260,"National Development Engineers Ltd. - M/S. Niaz Traders JV (NDE-NT JV) ( JVCA Partners [Business Share]: NATIONAL DEVELOPMENT ENGINEERS LTD. [20.000%] , M/S. Niaz Traders [80.000%] )",NIAZ TRADERS,NATIONAL DEVELOPMENT ENGINEERS LTD M S NIAZ TRADERS JV NDE NT JV JVCA PARTNERS BUSINESS SHARE NATIONAL DEVELOPMENT ENGINEERS LTD 20 000 M S NIAZ TRADERS 80 000,one name's words are all contained in the other,,no,Contract_Awards_PDFs/Tender_1000267.pdf;Contract_Awards_PDFs/Tender_1035179.pdf;Contract_Awards_PDFs/Tender_1044320.pdf;Contract_Awards_PDFs/Tender_1082525.pdf;Contract_Awards_PDFs/Tender_293018.pdf,Contract_Awards_PDFs/Tender_857646.pdf
company,co0003,Momotaj Engineers Ltd.,co0184,"Rafiq Construction Co. (Pvt.) Ltd. - Haider & Co-Momotaj Engineers Ltd (JV) ( JVCA Partners [Business Share]: HAIDER & CO. [25.000%] , Momotaj Engineers Ltd. [25.000%] , Rafiq Construction Co. (Pvt.) Ltd. [50.000%] )",MOMOTAJ ENGINEERS LTD,RAFIQ CONSTRUCTION CO PVT LTD HAIDER CO MOMOTAJ ENGINEERS LTD JV JVCA PARTNERS BUSINESS SHARE HAIDER CO 25 000 MOMOTAJ ENGINEERS LTD 25 000 RAFIQ CONSTRUCTION CO PVT LTD 50 000,one name's words are all contained in the other,,no,Contract_Awards_PDFs/Tender_1000945.pdf;Contract_Awards_PDFs/Tender_1081213.pdf;Contract_Awards_PDFs/Tender_199891.pdf;Contract_Awards_PDFs/Tender_431689.pdf;Contract_Awards_PDFs/Tender_431697.pdf,Contract_Awards_PDFs/Tender_476403.pdf
company,co0005,Aliza Enterprise,co0109,M/S. Maliha Enterprise,ALIZA ENTERPRISE,MALIHA ENTERPRISE,differs by at most two characters,edit distance <= 2,no,Contract_Awards_PDFs/Tender_1001460.pdf;Contract_Awards_PDFs/Tender_1001461.pdf;Contract_Awards_PDFs/Tender_1008545.pdf;Contract_Awards_PDFs/Tender_1082495.pdf;Contract_Awards_PDFs/Tender_1083760.pdf,Contract_Awards_PDFs/Tender_134910.pdf;Contract_Awards_PDFs/Tender_661888.pdf;Contract_Awards_PDFs/Tender_690870.pdf;Contract_Awards_PDFs/Tender_755479.pdf;Contract_Awards_PDFs/Tender_870252.pdf
company,co0013,HAIDER & CO.,co0184,"Rafiq Construction Co. (Pvt.) Ltd. - Haider & Co-Momotaj Engineers Ltd (JV) ( JVCA Partners [Business Share]: HAIDER & CO. [25.000%] , Momotaj Engineers Ltd. [25.000%] , Rafiq Construction Co. (Pvt.) Ltd. [50.000%] )",HAIDER CO,RAFIQ CONSTRUCTION CO PVT LTD HAIDER CO MOMOTAJ ENGINEERS LTD JV JVCA PARTNERS BUSINESS SHARE HAIDER CO 25 000 MOMOTAJ ENGINEERS LTD 25 000 RAFIQ CONSTRUCTION CO PVT LTD 50 000,one name's words are all contained in the other,,no,Contract_Awards_PDFs/Tender_1007300.pdf;Contract_Awards_PDFs/Tender_1008547.pdf;Contract_Awards_PDFs/Tender_1071058.pdf;Contract_Awards_PDFs/Tender_431706.pdf;Contract_Awards_PDFs/Tender_827548.pdf,Contract_Awards_PDFs/Tender_476403.pdf
company,co0014,T.S Enterprise,co0016,M/S. A. R. Enterprise,T S ENTERPRISE,A R ENTERPRISE,differs by at most two characters,edit distance <= 2,no,Contract_Awards_PDFs/Tender_1008472.pdf;Contract_Awards_PDFs/Tender_1023057.pdf;Contract_Awards_PDFs/Tender_1023061.pdf;Contract_Awards_PDFs/Tender_1059690.pdf;Contract_Awards_PDFs/Tender_1186179.pdf,Contract_Awards_PDFs/Tender_1008543.pdf;Contract_Awards_PDFs/Tender_1013268.pdf;Contract_Awards_PDFs/Tender_1069558.pdf;Contract_Awards_PDFs/Tender_1069559.pdf;Contract_Awards_PDFs/Tender_1082496.pdf
company,co0014,T.S Enterprise,co0034,M/S M R Enterprise,T S ENTERPRISE,M R ENTERPRISE,differs by at most two characters,edit distance <= 2,no,Contract_Awards_PDFs/Tender_1008472.pdf;Contract_Awards_PDFs/Tender_1023057.pdf;Contract_Awards_PDFs/Tender_1023061.pdf;Contract_Awards_PDFs/Tender_1059690.pdf;Contract_Awards_PDFs/Tender_1186179.pdf,Contract_Awards_PDFs/Tender_1024374.pdf;Contract_Awards_PDFs/Tender_1039767.pdf;Contract_Awards_PDFs/Tender_976291.pdf;Contract_Awards_PDFs/Tender_976770.pdf
company,co0014,T.S Enterprise,co0044,S.A Enterprise,T S ENTERPRISE,S A ENTERPRISE,differs by at most two characters,edit distance <= 2,no,Contract_Awards_PDFs/Tender_1008472.pdf;Contract_Awards_PDFs/Tender_1023057.pdf;Contract_Awards_PDFs/Tender_1023061.pdf;Contract_Awards_PDFs/Tender_1059690.pdf;Contract_Awards_PDFs/Tender_1186179.pdf,Contract_Awards_PDFs/Tender_1037582.pdf
company,co0014,T.S Enterprise,co0047,"KSBL-TSE JOINT VENTURE ( JVCA Partners [Business Share]: Khan and Sons (Bangladesh) Limited [51.000%] , T.S Enterprise [49.000%] )",T S ENTERPRISE,KSBL TSE JOINT VENTURE JVCA PARTNERS BUSINESS SHARE KHAN AND SONS BANGLADESH LIMITED 51 000 T S ENTERPRISE 49 000,one name's words are all contained in the other,,no,Contract_Awards_PDFs/Tender_1008472.pdf;Contract_Awards_PDFs/Tender_1023057.pdf;Contract_Awards_PDFs/Tender_1023061.pdf;Contract_Awards_PDFs/Tender_1059690.pdf;Contract_Awards_PDFs/Tender_1186179.pdf,Contract_Awards_PDFs/Tender_1060890.pdf
company,co0014,T.S Enterprise,co0132,M/S. R.S. Enterprise,T S ENTERPRISE,R S ENTERPRISE,differs by at most two characters,edit distance <= 2,no,Contract_Awards_PDFs/Tender_1008472.pdf;Contract_Awards_PDFs/Tender_1023057.pdf;Contract_Awards_PDFs/Tender_1023061.pdf;Contract_Awards_PDFs/Tender_1059690.pdf;Contract_Awards_PDFs/Tender_1186179.pdf,Contract_Awards_PDFs/Tender_189939.pdf
company,co0014,T.S Enterprise,co0215,M/s J S Enterprise,T S ENTERPRISE,J S ENTERPRISE,differs by at most two characters,edit distance <= 2,no,Contract_Awards_PDFs/Tender_1008472.pdf;Contract_Awards_PDFs/Tender_1023057.pdf;Contract_Awards_PDFs/Tender_1023061.pdf;Contract_Awards_PDFs/Tender_1059690.pdf;Contract_Awards_PDFs/Tender_1186179.pdf,Contract_Awards_PDFs/Tender_614376.pdf;Contract_Awards_PDFs/Tender_863109.pdf
company,co0014,T.S Enterprise,co0236,H.A Enterprise,T S ENTERPRISE,H A ENTERPRISE,differs by at most two characters,edit distance <= 2,no,Contract_Awards_PDFs/Tender_1008472.pdf;Contract_Awards_PDFs/Tender_1023057.pdf;Contract_Awards_PDFs/Tender_1023061.pdf;Contract_Awards_PDFs/Tender_1059690.pdf;Contract_Awards_PDFs/Tender_1186179.pdf,Contract_Awards_PDFs/Tender_681465.pdf;Contract_Awards_PDFs/Tender_808097.pdf;Contract_Awards_PDFs/Tender_925988.pdf;Contract_Awards_PDFs/Tender_963987.pdf
company,co0014,T.S Enterprise,co0276,R R Enterprise,T S ENTERPRISE,R R ENTERPRISE,differs by at most two characters,edit distance <= 2,no,Contract_Awards_PDFs/Tender_1008472.pdf;Contract_Awards_PDFs/Tender_1023057.pdf;Contract_Awards_PDFs/Tender_1023061.pdf;Contract_Awards_PDFs/Tender_1059690.pdf;Contract_Awards_PDFs/Tender_1186179.pdf,Contract_Awards_PDFs/Tender_916128.pdf;Contract_Awards_PDFs/Tender_925146.pdf;Contract_Awards_PDFs/Tender_937128.pdf
company,co0015,CONVOY SERVICE,co0046,"Convoy Service JV ( JVCA Partners [Business Share]: CONVOY SERVICE [49.000%] , Starlite Services Limited [51.000%] )",CONVOY SERVICE,CONVOY SERVICE JV JVCA PARTNERS BUSINESS SHARE CONVOY SERVICE 49 000 STARLITE SERVICES LIMITED 51 000,one name's words are all contained in the other,,no,Contract_Awards_PDFs/Tender_1008542.pdf;Contract_Awards_PDFs/Tender_214275.pdf;Contract_Awards_PDFs/Tender_948745.pdf,Contract_Awards_PDFs/Tender_1060380.pdf
company,co0015,CONVOY SERVICE,co0051,"SSL- CONVOY JV ( JVCA Partners [Business Share]: CONVOY SERVICE [49.000%] , Starlite Services Limited [51.000%] )",CONVOY SERVICE,SSL CONVOY JV JVCA PARTNERS BUSINESS SHARE CONVOY SERVICE 49 000 STARLITE SERVICES LIMITED 51 000,one name's words are all contained in the other,,no,Contract_Awards_PDFs/Tender_1008542.pdf;Contract_Awards_PDFs/Tender_214275.pdf;Contract_Awards_PDFs/Tender_948745.pdf,Contract_Awards_PDFs/Tender_1069564.pdf
company,co0015,CONVOY SERVICE,co0106,"Convoy Service-M/S Paradise Traders-Moshiur Rahman Chowdhury JV ( JVCA Partners [Business Share]: M/S Paradise Traders [0.000%] , CONVOY SERVICE [0.000%] , Moshiur Rahman Chowdhury [0.000%] )",CONVOY SERVICE,CONVOY SERVICE M S PARADISE TRADERS MOSHIUR RAHMAN CHOWDHURY JV JVCA PARTNERS BUSINESS SHARE M S PARADISE TRADERS 0 000 CONVOY SERVICE 0 000 MOSHIUR RAHMAN CHOWDHURY 0 000,one name's words are all contained in the other,,no,Contract_Awards_PDFs/Tender_1008542.pdf;Contract_Awards_PDFs/Tender_214275.pdf;Contract_Awards_PDFs/Tender_948745.pdf,Contract_Awards_PDFs/Tender_125877.pdf
company,co0015,CONVOY SERVICE,co0185,"M/s. Udyan Builders-Starlite Services Ltd-Convoy Service JV ( JVCA Partners [Business Share]: M/S Udayan Builders [40.000%] , CONVOY SERVICE [25.000%] , Starlite Services Limited [35.000%] )",CONVOY SERVICE,UDYAN BUILDERS STARLITE SERVICES LTD CONVOY SERVICE JV JVCA PARTNERS BUSINESS SHARE M S UDAYAN BUILDERS 40 000 CONVOY SERVICE 25 000 STARLITE SERVICES LIMITED 35 000,one name's words are all contained in the other,,no,Contract_Awards_PDFs/Tender_1008542.pdf;Contract_Awards_PDFs/Tender_214275.pdf;Contract_Awards_PDFs/Tender_948745.pdf,Contract_Awards_PDFs/Tender_476405.pdf
company,co0015,CONVOY SERVICE,co0188,"Udayan-Starlite-Convoy JV ( JVCA Partners [Business Share]: M/S Udayan Builders [35.000%] , CONVOY SERVICE [25.000%] , Starlite Services Limited [40.000%] )",CONVOY SERVICE,UDAYAN STARLITE CONVOY JV JVCA PARTNERS BUSINESS SHARE M S UDAYAN BUILDERS 35 000 CONVOY SERVICE 25 000 STARLITE SERVICES LIMITED 40 000,one name's words are all contained in the other,,no,Contract_Awards_PDFs/Tender_1008542.pdf;Contract_Awards_PDFs/Tender_214275.pdf;Contract_Awards_PDFs/Tender_948745.pdf,Contract_Awards_PDFs/Tender_479604.pdf
company,co0015,CONVOY SERVICE,co0202,"Udayan-Convoy JV ( JVCA Partners [Business Share]: M/S Udayan Builders [70.000%] , CONVOY SERVICE [30.000%] )",CONVOY SERVICE,UDAYAN CONVOY JV JVCA PARTNERS BUSINESS SHARE M S UDAYAN BUILDERS 70 000 CONVOY SERVICE 30 000,one name's words are all contained in the other,,no,Contract_Awards_PDFs/Tender_1008542.pdf;Contract_Awards_PDFs/Tender_214275.pdf;Contract_Awards_PDFs/Tender_948745.pdf,Contract_Awards_PDFs/Tender_535709.pdf
company,co0015,CONVOY SERVICE,co0247,"SSL-CONVOY JV ( JVCA Partners [Business Share]: CONVOY SERVICE [30.000%] , Starlite Services Limited [70.000%] )",CONVOY SERVICE,SSL CONVOY JV JVCA PARTNERS BUSINESS SHARE CONVOY SERVICE 30 000 STARLITE SERVICES LIMITED 70 000,one name's words are all contained in the other,,no,Contract_Awards_PDFs/Tender_1008542.pdf;Contract_Awards_PDFs/Tender_214275.pdf;Contract_Awards_PDFs/Tender_948745.pdf,Contract_Awards_PDFs/Tender_775307.pdf
company,co0015,CONVOY SERVICE,co0272,"Starlite Services Ltd & Convoy Service JV ( JVCA Partners [Business Share]: CONVOY SERVICE [0.000%] , Starlite Services Limited [0.000%] )",CONVOY SERVICE,STARLITE SERVICES LTD CONVOY SERVICE JV JVCA PARTNERS BUSINESS SHARE CONVOY SERVICE 0 000 STARLITE SERVICES LIMITED 0 000,one name's words are all contained in the other,,no,Contract_Awards_PDFs/Tender_1008542.pdf;Contract_Awards_PDFs/Tender_214275.pdf;Contract_Awards_PDFs/Tender_948745.pdf,Contract_Awards_PDFs/Tender_89106.pdf
company,co0016,M/S. A. R. Enterprise,co0034,M/S M R Enterprise,A R ENTERPRISE,M R ENTERPRISE,differs by at most two characters,edit distance <= 2,no,Contract_Awards_PDFs/Tender_1008543.pdf;Contract_Awards_PDFs/Tender_1013268.pdf;Contract_Awards_PDFs/Tender_1069558.pdf;Contract_Awards_PDFs/Tender_1069559.pdf;Contract_Awards_PDFs/Tender_1082496.pdf,Contract_Awards_PDFs/Tender_1024374.pdf;Contract_Awards_PDFs/Tender_1039767.pdf;Contract_Awards_PDFs/Tender_976291.pdf;Contract_Awards_PDFs/Tender_976770.pdf
company,co0016,M/S. A. R. Enterprise,co0044,S.A Enterprise,A R ENTERPRISE,S A ENTERPRISE,differs by at most two characters,edit distance <= 2,no,Contract_Awards_PDFs/Tender_1008543.pdf;Contract_Awards_PDFs/Tender_1013268.pdf;Contract_Awards_PDFs/Tender_1069558.pdf;Contract_Awards_PDFs/Tender_1069559.pdf;Contract_Awards_PDFs/Tender_1082496.pdf,Contract_Awards_PDFs/Tender_1037582.pdf
company,co0016,M/S. A. R. Enterprise,co0123,M/S Nur Enterprise,A R ENTERPRISE,NUR ENTERPRISE,differs by at most two characters,edit distance <= 2,no,Contract_Awards_PDFs/Tender_1008543.pdf;Contract_Awards_PDFs/Tender_1013268.pdf;Contract_Awards_PDFs/Tender_1069558.pdf;Contract_Awards_PDFs/Tender_1069559.pdf;Contract_Awards_PDFs/Tender_1082496.pdf,Contract_Awards_PDFs/Tender_171570.pdf
company,co0016,M/S. A. R. Enterprise,co0132,M/S. R.S. Enterprise,A R ENTERPRISE,R S ENTERPRISE,differs by at most two characters,edit distance <= 2,no,Contract_Awards_PDFs/Tender_1008543.pdf;Contract_Awards_PDFs/Tender_1013268.pdf;Contract_Awards_PDFs/Tender_1069558.pdf;Contract_Awards_PDFs/Tender_1069559.pdf;Contract_Awards_PDFs/Tender_1082496.pdf,Contract_Awards_PDFs/Tender_189939.pdf
company,co0016,M/S. A. R. Enterprise,co0201,"SC & ARE JV ( JVCA Partners [Business Share]: M/S. A. R. Enterprise [49.000%] , M/S. Sapna Construction [51.000%] )",A R ENTERPRISE,SC ARE JV JVCA PARTNERS BUSINESS SHARE M S A R ENTERPRISE 49 000 M S SAPNA CONSTRUCTION 51 000,one name's words are all contained in the other,,no,Contract_Awards_PDFs/Tender_1008543.pdf;Contract_Awards_PDFs/Tender_1013268.pdf;Contract_Awards_PDFs/Tender_1069558.pdf;Contract_Awards_PDFs/Tender_1069559.pdf;Contract_Awards_PDFs/Tender_1082496.pdf,Contract_Awards_PDFs/Tender_528758.pdf
company,co0016,M/S. A. R. Enterprise,co0215,M/s J S Enterprise,A R ENTERPRISE,J S ENTERPRISE,differs by at most two characters,edit distance <= 2,no,Contract_Awards_PDFs/Tender_1008543.pdf;Contract_Awards_PDFs/Tender_1013268.pdf;Contract_Awards_PDFs/Tender_1069558.pdf;Contract_Awards_PDFs/Tender_1069559.pdf;Contract_Awards_PDFs/Tender_1082496.pdf,Contract_Awards_PDFs/Tender_614376.pdf;Contract_Awards_PDFs/Tender_863109.pdf
company,co0016,M/S. A. R. Enterprise,co0236,H.A Enterprise,A R ENTERPRISE,H A ENTERPRISE,differs by at most two characters,edit distance <= 2,no,Contract_Awards_PDFs/Tender_1008543.pdf;Contract_Awards_PDFs/Tender_1013268.pdf;Contract_Awards_PDFs/Tender_1069558.pdf;Contract_Awards_PDFs/Tender_1069559.pdf;Contract_Awards_PDFs/Tender_1082496.pdf,Contract_Awards_PDFs/Tender_681465.pdf;Contract_Awards_PDFs/Tender_808097.pdf;Contract_Awards_PDFs/Tender_925988.pdf;Contract_Awards_PDFs/Tender_963987.pdf
company,co0016,M/S. A. R. Enterprise,co0276,R R Enterprise,A R ENTERPRISE,R R ENTERPRISE,one name's words are all contained in the other,,no,Contract_Awards_PDFs/Tender_1008543.pdf;Contract_Awards_PDFs/Tender_1013268.pdf;Contract_Awards_PDFs/Tender_1069558.pdf;Contract_Awards_PDFs/Tender_1069559.pdf;Contract_Awards_PDFs/Tender_1082496.pdf,Contract_Awards_PDFs/Tender_916128.pdf;Contract_Awards_PDFs/Tender_925146.pdf;Contract_Awards_PDFs/Tender_937128.pdf
company,co0017,M/S. Sharif & Sons,co0050,"M/s. SS & MT (JV) ( JVCA Partners [Business Share]: Monir Engineering And Construction Ltd. [49.000%] , M/S. Sharif & Sons [51.000%] )",SHARIF SONS,SS MT JV JVCA PARTNERS BUSINESS SHARE MONIR ENGINEERING AND CONSTRUCTION LTD 49 000 M S SHARIF SONS 51 000,one name's words are all contained in the other,,no,Contract_Awards_PDFs/Tender_1008544.pdf;Contract_Awards_PDFs/Tender_1186178.pdf;Contract_Awards_PDFs/Tender_616293.pdf;Contract_Awards_PDFs/Tender_920946.pdf;Contract_Awards_PDFs/Tender_957254.pdf,Contract_Awards_PDFs/Tender_1069562.pdf
company,co0017,M/S. Sharif & Sons,co0200,"SS-RI JV ( JVCA Partners [Business Share]: M/S. Raju International [51.000%] , M/S. Sharif & Sons [49.000%] )",SHARIF SONS,SS RI JV JVCA PARTNERS BUSINESS SHARE M S RAJU INTERNATIONAL 51 000 M S SHARIF SONS 49 000,one name's words are all contained in the other,,no,Contract_Awards_PDFs/Tender_1008544.pdf;Contract_Awards_PDFs/Tender_1186178.pdf;Contract_Awards_PDFs/Tender_616293.pdf;Contract_Awards_PDFs/Tender_920946.pdf;Contract_Awards_PDFs/Tender_957254.pdf,Contract_Awards_PDFs/Tender_528756.pdf
company,co0017,M/S. Sharif & Sons,co0233,"M/s. SS & MT (JV) ( JVCA Partners [Business Share]: M/S. Monir Traders [49.000%] , M/S. Sharif & Sons [51.000%] )",SHARIF SONS,SS MT JV JVCA PARTNERS BUSINESS SHARE M S MONIR TRADERS 49 000 M S SHARIF SONS 51 000,one name's words are all contained in the other,,no,Contract_Awards_PDFs/Tender_1008544.pdf;Contract_Awards_PDFs/Tender_1186178.pdf;Contract_Awards_PDFs/Tender_616293.pdf;Contract_Awards_PDFs/Tender_920946.pdf;Contract_Awards_PDFs/Tender_957254.pdf,Contract_Awards_PDFs/Tender_671805.pdf
company,co0017,M/S. Sharif & Sons,co0262,"SS-RC (JV) ( JVCA Partners [Business Share]: Rafiq Construction Co. (Pvt.) Ltd. [60.000%] , M/S. Sharif & Sons [40.000%] )",SHARIF SONS,SS RC JV JVCA PARTNERS BUSINESS SHARE RAFIQ CONSTRUCTION CO PVT LTD 60 000 M S SHARIF SONS 40 000,one name's words are all contained in the other,,no,Contract_Awards_PDFs/Tender_1008544.pdf;Contract_Awards_PDFs/Tender_1186178.pdf;Contract_Awards_PDFs/Tender_616293.pdf;Contract_Awards_PDFs/Tender_920946.pdf;Contract_Awards_PDFs/Tender_957254.pdf,Contract_Awards_PDFs/Tender_860503.pdf
company,co0017,M/S. Sharif & Sons,co0274,"SS-RI JV ( JVCA Partners [Business Share]: M/S. Raju International [49.000%] , M/S. Sharif & Sons [51.000%] )",SHARIF SONS,SS RI JV JVCA PARTNERS BUSINESS SHARE M S RAJU INTERNATIONAL 49 000 M S SHARIF SONS 51 000,one name's words are all contained in the other,,no,Contract_Awards_PDFs/Tender_1008544.pdf;Contract_Awards_PDFs/Tender_1186178.pdf;Contract_Awards_PDFs/Tender_616293.pdf;Contract_Awards_PDFs/Tender_920946.pdf;Contract_Awards_PDFs/Tender_957254.pdf,Contract_Awards_PDFs/Tender_901824.pdf
company,co0019,Starlite Services Limited,co0046,"Convoy Service JV ( JVCA Partners [Business Share]: CONVOY SERVICE [49.000%] , Starlite Services Limited [51.000%] )",STARLITE SERVICES LIMITED,CONVOY SERVICE JV JVCA PARTNERS BUSINESS SHARE CONVOY SERVICE 49 000 STARLITE SERVICES LIMITED 51 000,one name's words are all contained in the other,,no,Contract_Awards_PDFs/Tender_1008548.pdf;Contract_Awards_PDFs/Tender_1060379.pdf;Contract_Awards_PDFs/Tender_1082494.pdf;Contract_Awards_PDFs/Tender_431701.pdf;Contract_Awards_PDFs/Tender_601520.pdf,Contract_Awards_PDFs/Tender_1060380.pdf
company,co0019,Starlite Services Limited,co0051,"SSL- CONVOY JV ( JVCA Partners [Business Share]: CONVOY SERVICE [49.000%] , Starlite Services Limited [51.000%] )",STARLITE SERVICES LIMITED,SSL CONVOY JV JVCA PARTNERS BUSINESS SHARE CONVOY SERVICE 49 000 STARLITE SERVICES LIMITED 51 000,one name's words are all contained in the other,,no,Contract_Awards_PDFs/Tender_1008548.pdf;Contract_Awards_PDFs/Tender_1060379.pdf;Contract_Awards_PDFs/Tender_1082494.pdf;Contract_Awards_PDFs/Tender_431701.pdf;Contract_Awards_PDFs/Tender_601520.pdf,Contract_Awards_PDFs/Tender_1069564.pdf
company,co0019,Starlite Services Limited,co0105,"Mir Habibul Alam & Starlite Services Ltd & M/s. Udayn Builders JV ( JVCA Partners [Business Share]: Mir Habibul Alam [0.000%] , M/S Udayan Builders [0.000%] , Starlite Services Limited [0.000%] )",STARLITE SERVICES LIMITED,MIR HABIBUL ALAM STARLITE SERVICES LTD M S UDAYN BUILDERS JV JVCA PARTNERS BUSINESS SHARE MIR HABIBUL ALAM 0 000 M S UDAYAN BUILDERS 0 000 STARLITE SERVICES LIMITED 0 000,one name's words are all contained in the other,,no,Contract_Awards_PDFs/Tender_1008548.pdf;Contract_Awards_PDFs/Tender_1060379.pdf;Contract_Awards_PDFs/Tender_1082494.pdf;Contract_Awards_PDFs/Tender_431701.pdf;Contract_Awards_PDFs/Tender_601520.pdf,Contract_Awards_PDFs/Tender_125874.pdf
company,co0019,Starlite Services Limited,co0185,"M/s. Udyan Builders-Starlite Services Ltd-Convoy Service JV ( JVCA Partners [Business Share]: M/S Udayan Builders [40.000%] , CONVOY SERVICE [25.000%] , Starlite Services Limited [35.000%] )",STARLITE SERVICES LIMITED,UDYAN BUILDERS STARLITE SERVICES LTD CONVOY SERVICE JV JVCA PARTNERS BUSINESS SHARE M S UDAYAN BUILDERS 40 000 CONVOY SERVICE 25 000 STARLITE SERVICES LIMITED 35 000,one name's words are all contained in the other,,no,Contract_Awards_PDFs/Tender_1008548.pdf;Contract_Awards_PDFs/Tender_1060379.pdf;Contract_Awards_PDFs/Tender_1082494.pdf;Contract_Awards_PDFs/Tender_431701.pdf;Contract_Awards_PDFs/Tender_601520.pdf,Contract_Awards_PDFs/Tender_476405.pdf
company,co0019,Starlite Services Limited,co0188,"Udayan-Starlite-Convoy JV ( JVCA Partners [Business Share]: M/S Udayan Builders [35.000%] , CONVOY SERVICE [25.000%] , Starlite Services Limited [40.000%] )",STARLITE SERVICES LIMITED,UDAYAN STARLITE CONVOY JV JVCA PARTNERS BUSINESS SHARE M S UDAYAN BUILDERS 35 000 CONVOY SERVICE 25 000 STARLITE SERVICES LIMITED 40 000,one name's words are all contained in the other,,no,Contract_Awards_PDFs/Tender_1008548.pdf;Contract_Awards_PDFs/Tender_1060379.pdf;Contract_Awards_PDFs/Tender_1082494.pdf;Contract_Awards_PDFs/Tender_431701.pdf;Contract_Awards_PDFs/Tender_601520.pdf,Contract_Awards_PDFs/Tender_479604.pdf
company,co0019,Starlite Services Limited,co0246,"M/s. Udayan Builders (JV) ( JVCA Partners [Business Share]: M/S Udayan Builders [51.000%] , Starlite Services Limited [49.000%] )",STARLITE SERVICES LIMITED,UDAYAN BUILDERS JV JVCA PARTNERS BUSINESS SHARE M S UDAYAN BUILDERS 51 000 STARLITE SERVICES LIMITED 49 000,one name's words are all contained in the other,,no,Contract_Awards_PDFs/Tender_1008548.pdf;Contract_Awards_PDFs/Tender_1060379.pdf;Contract_Awards_PDFs/Tender_1082494.pdf;Contract_Awards_PDFs/Tender_431701.pdf;Contract_Awards_PDFs/Tender_601520.pdf,Contract_Awards_PDFs/Tender_752801.pdf
company,co0019,Starlite Services Limited,co0247,"SSL-CONVOY JV ( JVCA Partners [Business Share]: CONVOY SERVICE [30.000%] , Starlite Services Limited [70.000%] )",STARLITE SERVICES LIMITED,SSL CONVOY JV JVCA PARTNERS BUSINESS SHARE CONVOY SERVICE 30 000 STARLITE SERVICES LIMITED 70 000,one name's words are all contained in the other,,no,Contract_Awards_PDFs/Tender_1008548.pdf;Contract_Awards_PDFs/Tender_1060379.pdf;Contract_Awards_PDFs/Tender_1082494.pdf;Contract_Awards_PDFs/Tender_431701.pdf;Contract_Awards_PDFs/Tender_601520.pdf,Contract_Awards_PDFs/Tender_775307.pdf
company,co0019,Starlite Services Limited,co0272,"Starlite Services Ltd & Convoy Service JV ( JVCA Partners [Business Share]: CONVOY SERVICE [0.000%] , Starlite Services Limited [0.000%] )",STARLITE SERVICES LIMITED,STARLITE SERVICES LTD CONVOY SERVICE JV JVCA PARTNERS BUSINESS SHARE CONVOY SERVICE 0 000 STARLITE SERVICES LIMITED 0 000,one name's words are all contained in the other,,no,Contract_Awards_PDFs/Tender_1008548.pdf;Contract_Awards_PDFs/Tender_1060379.pdf;Contract_Awards_PDFs/Tender_1082494.pdf;Contract_Awards_PDFs/Tender_431701.pdf;Contract_Awards_PDFs/Tender_601520.pdf,Contract_Awards_PDFs/Tender_89106.pdf
company,co0023,M/S Udayan Builders,co0105,"Mir Habibul Alam & Starlite Services Ltd & M/s. Udayn Builders JV ( JVCA Partners [Business Share]: Mir Habibul Alam [0.000%] , M/S Udayan Builders [0.000%] , Starlite Services Limited [0.000%] )",UDAYAN BUILDERS,MIR HABIBUL ALAM STARLITE SERVICES LTD M S UDAYN BUILDERS JV JVCA PARTNERS BUSINESS SHARE MIR HABIBUL ALAM 0 000 M S UDAYAN BUILDERS 0 000 STARLITE SERVICES LIMITED 0 000,one name's words are all contained in the other,,no,Contract_Awards_PDFs/Tender_1011370.pdf;Contract_Awards_PDFs/Tender_1069560.pdf;Contract_Awards_PDFs/Tender_202993.pdf;Contract_Awards_PDFs/Tender_431692.pdf;Contract_Awards_PDFs/Tender_431699.pdf,Contract_Awards_PDFs/Tender_125874.pdf
company,co0023,M/S Udayan Builders,co0185,"M/s. Udyan Builders-Starlite Services Ltd-Convoy Service JV ( JVCA Partners [Business Share]: M/S Udayan Builders [40.000%] , CONVOY SERVICE [25.000%] , Starlite Services Limited [35.000%] )",UDAYAN BUILDERS,UDYAN BUILDERS STARLITE SERVICES LTD CONVOY SERVICE JV JVCA PARTNERS BUSINESS SHARE M S UDAYAN BUILDERS 40 000 CONVOY SERVICE 25 000 STARLITE SERVICES LIMITED 35 000,one name's words are all contained in the other,,no,Contract_Awards_PDFs/Tender_1011370.pdf;Contract_Awards_PDFs/Tender_1069560.pdf;Contract_Awards_PDFs/Tender_202993.pdf;Contract_Awards_PDFs/Tender_431692.pdf;Contract_Awards_PDFs/Tender_431699.pdf,Contract_Awards_PDFs/Tender_476405.pdf
company,co0023,M/S Udayan Builders,co0188,"Udayan-Starlite-Convoy JV ( JVCA Partners [Business Share]: M/S Udayan Builders [35.000%] , CONVOY SERVICE [25.000%] , Starlite Services Limited [40.000%] )",UDAYAN BUILDERS,UDAYAN STARLITE CONVOY JV JVCA PARTNERS BUSINESS SHARE M S UDAYAN BUILDERS 35 000 CONVOY SERVICE 25 000 STARLITE SERVICES LIMITED 40 000,one name's words are all contained in the other,,no,Contract_Awards_PDFs/Tender_1011370.pdf;Contract_Awards_PDFs/Tender_1069560.pdf;Contract_Awards_PDFs/Tender_202993.pdf;Contract_Awards_PDFs/Tender_431692.pdf;Contract_Awards_PDFs/Tender_431699.pdf,Contract_Awards_PDFs/Tender_479604.pdf
company,co0023,M/S Udayan Builders,co0202,"Udayan-Convoy JV ( JVCA Partners [Business Share]: M/S Udayan Builders [70.000%] , CONVOY SERVICE [30.000%] )",UDAYAN BUILDERS,UDAYAN CONVOY JV JVCA PARTNERS BUSINESS SHARE M S UDAYAN BUILDERS 70 000 CONVOY SERVICE 30 000,one name's words are all contained in the other,,no,Contract_Awards_PDFs/Tender_1011370.pdf;Contract_Awards_PDFs/Tender_1069560.pdf;Contract_Awards_PDFs/Tender_202993.pdf;Contract_Awards_PDFs/Tender_431692.pdf;Contract_Awards_PDFs/Tender_431699.pdf,Contract_Awards_PDFs/Tender_535709.pdf
company,co0023,M/S Udayan Builders,co0243,"M/S. Udayan Builders - M/S. Tanni Enterprise JV ( JVCA Partners [Business Share]: M/S Udayan Builders [75.000%] , M/S. TANNI ENTERPRISE [25.000%] )",UDAYAN BUILDERS,UDAYAN BUILDERS M S TANNI ENTERPRISE JV JVCA PARTNERS BUSINESS SHARE M S UDAYAN BUILDERS 75 000 M S TANNI ENTERPRISE 25 000,one name's words are all contained in the other,,no,Contract_Awards_PDFs/Tender_1011370.pdf;Contract_Awards_PDFs/Tender_1069560.pdf;Contract_Awards_PDFs/Tender_202993.pdf;Contract_Awards_PDFs/Tender_431692.pdf;Contract_Awards_PDFs/Tender_431699.pdf,Contract_Awards_PDFs/Tender_732686.pdf
company,co0023,M/S Udayan Builders,co0246,"M/s. Udayan Builders (JV) ( JVCA Partners [Business Share]: M/S Udayan Builders [51.000%] , Starlite Services Limited [49.000%] )",UDAYAN BUILDERS,UDAYAN BUILDERS JV JVCA PARTNERS BUSINESS SHARE M S UDAYAN BUILDERS 51 000 STARLITE SERVICES LIMITED 49 000,one name's words are all contained in the other,,no,Contract_Awards_PDFs/Tender_1011370.pdf;Contract_Awards_PDFs/Tender_1069560.pdf;Contract_Awards_PDFs/Tender_202993.pdf;Contract_Awards_PDFs/Tender_431692.pdf;Contract_Awards_PDFs/Tender_431699.pdf,Contract_Awards_PDFs/Tender_752801.pdf
company,co0025,M/s Shafique and Sons,co0158,"Rafiq Construction Co. (Pvt.) Ltd and M/S Shafique & Sons Consortium ( JVCA Partners [Business Share]: M/s Shafique and Sons [49.000%] , Rafiq Construction Co. (Pvt.) Ltd. [51.000%] )",SHAFIQUE AND SONS,RAFIQ CONSTRUCTION CO PVT LTD AND M S SHAFIQUE SONS CONSORTIUM JVCA PARTNERS BUSINESS SHARE M S SHAFIQUE AND SONS 49 000 RAFIQ CONSTRUCTION CO PVT LTD 51 000,one name's words are all contained in the other,,no,Contract_Awards_PDFs/Tender_1013270.pdf;Contract_Awards_PDFs/Tender_1060891.pdf;Contract_Awards_PDFs/Tender_251224.pdf;Contract_Awards_PDFs/Tender_431704.pdf,Contract_Awards_PDFs/Tender_293004.pdf
company,co0025,M/s Shafique and Sons,co0203,"Rana Builders (Pvt.) Ltd. - M/s Shafique and Sons (JV) ( JVCA Partners [Business Share]: Rana Builders (Pvt.) Ltd. [51.000%] , M/s Shafique and Sons [49.000%] )",SHAFIQUE AND SONS,RANA BUILDERS PVT LTD M S SHAFIQUE AND SONS JV JVCA PARTNERS BUSINESS SHARE RANA BUILDERS PVT LTD 51 000 M S SHAFIQUE AND SONS 49 000,one name's words are all contained in the other,,no,Contract_Awards_PDFs/Tender_1013270.pdf;Contract_Awards_PDFs/Tender_1060891.pdf;Contract_Awards_PDFs/Tender_251224.pdf;Contract_Awards_PDFs/Tender_431704.pdf,Contract_Awards_PDFs/Tender_535712.pdf;Contract_Awards_PDFs/Tender_902293.pdf
company,co0025,M/s Shafique and Sons,co0216,"M/S SHAFIQUE AND SONS - M/S. AMIN TRADING CORPORATION JV ( JVCA Partners [Business Share]: M/S. AMIN TRADING CORPORATION [25.000%] , M/s Shafique and Sons [75.000%] )",SHAFIQUE AND SONS,SHAFIQUE AND SONS M S AMIN TRADING CORPORATION JV JVCA PARTNERS BUSINESS SHARE M S AMIN TRADING CORPORATION 25 000 M S SHAFIQUE AND SONS 75 000,one name's words are all contained in the other,,no,Contract_Awards_PDFs/Tender_1013270.pdf;Contract_Awards_PDFs/Tender_1060891.pdf;Contract_Awards_PDFs/Tender_251224.pdf;Contract_Awards_PDFs/Tender_431704.pdf,Contract_Awards_PDFs/Tender_615572.pdf
company,co0033,M/S. Amanat Enterprise,co0094,AAYAT ENTERPRISE,AMANAT ENTERPRISE,AAYAT ENTERPRISE,differs by at most two characters,edit distance <= 2,no,Contract_Awards_PDFs/Tender_1023333.pdf,Contract_Awards_PDFs/Tender_1215677.pdf
company,co0034,M/S M R Enterprise,co0044,S.A Enterprise,M R ENTERPRISE,S A ENTERPRISE,differs by at most two characters,edit distance <= 2,no,Contract_Awards_PDFs/Tender_1024374.pdf;Contract_Awards_PDFs/Tender_1039767.pdf;Contract_Awards_PDFs/Tender_976291.pdf;Contract_Awards_PDFs/Tender_976770.pdf,Contract_Awards_PDFs/Tender_1037582.pdf
company,co0034,M/S M R Enterprise,co0098,MAA Enterprise,M R ENTERPRISE,MAA ENTERPRISE,differs by at most two characters,edit distance <= 2,no,Contract_Awards_PDFs/Tender_1024374.pdf;Contract_Awards_PDFs/Tender_1039767.pdf;Contract_Awards_PDFs/Tender_976291.pdf;Contract_Awards_PDFs/Tender_976770.pdf,Contract_Awards_PDFs/Tender_1234511.pdf
company,co0034,M/S M R Enterprise,co0123,M/S Nur Enterprise,M R ENTERPRISE,NUR ENTERPRISE,differs by at most two characters,edit distance <= 2,no,Contract_Awards_PDFs/Tender_1024374.pdf;Contract_Awards_PDFs/Tender_1039767.pdf;Contract_Awards_PDFs/Tender_976291.pdf;Contract_Awards_PDFs/Tender_976770.pdf,Contract_Awards_PDFs/Tender_171570.pdf
company,co0034,M/S M R Enterprise,co0132,M/S. R.S. Enterprise,M R ENTERPRISE,R S ENTERPRISE,differs by at most two characters,edit distance <= 2,no,Contract_Awards_PDFs/Tender_1024374.pdf;Contract_Awards_PDFs/Tender_1039767.pdf;Contract_Awards_PDFs/Tender_976291.pdf;Contract_Awards_PDFs/Tender_976770.pdf,Contract_Awards_PDFs/Tender_189939.pdf
company,co0034,M/S M R Enterprise,co0201,"SC & ARE JV ( JVCA Partners [Business Share]: M/S. A. R. Enterprise [49.000%] , M/S. Sapna Construction [51.000%] )",M R ENTERPRISE,SC ARE JV JVCA PARTNERS BUSINESS SHARE M S A R ENTERPRISE 49 000 M S SAPNA CONSTRUCTION 51 000,one name's words are all contained in the other,,no,Contract_Awards_PDFs/Tender_1024374.pdf;Contract_Awards_PDFs/Tender_1039767.pdf;Contract_Awards_PDFs/Tender_976291.pdf;Contract_Awards_PDFs/Tender_976770.pdf,Contract_Awards_PDFs/Tender_528758.pdf
company,co0034,M/S M R Enterprise,co0215,M/s J S Enterprise,M R ENTERPRISE,J S ENTERPRISE,differs by at most two characters,edit distance <= 2,no,Contract_Awards_PDFs/Tender_1024374.pdf;Contract_Awards_PDFs/Tender_1039767.pdf;Contract_Awards_PDFs/Tender_976291.pdf;Contract_Awards_PDFs/Tender_976770.pdf,Contract_Awards_PDFs/Tender_614376.pdf;Contract_Awards_PDFs/Tender_863109.pdf
company,co0034,M/S M R Enterprise,co0236,H.A Enterprise,M R ENTERPRISE,H A ENTERPRISE,differs by at most two characters,edit distance <= 2,no,Contract_Awards_PDFs/Tender_1024374.pdf;Contract_Awards_PDFs/Tender_1039767.pdf;Contract_Awards_PDFs/Tender_976291.pdf;Contract_Awards_PDFs/Tender_976770.pdf,Contract_Awards_PDFs/Tender_681465.pdf;Contract_Awards_PDFs/Tender_808097.pdf;Contract_Awards_PDFs/Tender_925988.pdf;Contract_Awards_PDFs/Tender_963987.pdf
company,co0034,M/S M R Enterprise,co0257,"SUNNY-RS-TML JV ( JVCA Partners [Business Share]: M/S Sunny Construction [50.000%] , TRADEMAJESTIC LIMITED [25.000%] , M/S. R.S ENTERPRISE [25.000%] )",M R ENTERPRISE,SUNNY RS TML JV JVCA PARTNERS BUSINESS SHARE M S SUNNY CONSTRUCTION 50 000 TRADEMAJESTIC LIMITED 25 000 M S R S ENTERPRISE 25 000,one name's words are all contained in the other,,no,Contract_Awards_PDFs/Tender_1024374.pdf;Contract_Awards_PDFs/Tender_1039767.pdf;Contract_Awards_PDFs/Tender_976291.pdf;Contract_Awards_PDFs/Tender_976770.pdf,Contract_Awards_PDFs/Tender_848555.pdf
company,co0034,M/S M R Enterprise,co0276,R R Enterprise,M R ENTERPRISE,R R ENTERPRISE,one name's words are all contained in the other,,no,Contract_Awards_PDFs/Tender_1024374.pdf;Contract_Awards_PDFs/Tender_1039767.pdf;Contract_Awards_PDFs/Tender_976291.pdf;Contract_Awards_PDFs/Tender_976770.pdf,Contract_Awards_PDFs/Tender_916128.pdf;Contract_Awards_PDFs/Tender_925146.pdf;Contract_Awards_PDFs/Tender_937128.pdf
company,co0034,M/S M R Enterprise,co0306,"IH-RSE-SHJ (JV) ( JVCA Partners [Business Share]: M/S Saiful Hasan Joarder [25.000%] , M/S R. S. Enterprise [35.000%] , M/S ISMAIL HOSSAIN [40.000%] )",M R ENTERPRISE,IH RSE SHJ JV JVCA PARTNERS BUSINESS SHARE M S SAIFUL HASAN JOARDER 25 000 M S R S ENTERPRISE 35 000 M S ISMAIL HOSSAIN 40 000,one name's words are all contained in the other,,no,Contract_Awards_PDFs/Tender_1024374.pdf;Contract_Awards_PDFs/Tender_1039767.pdf;Contract_Awards_PDFs/Tender_976291.pdf;Contract_Awards_PDFs/Tender_976770.pdf,Contract_Awards_PDFs/Tender_975516.pdf
company,co0034,M/S M R Enterprise,co0309,"IH-RSE (JV) ( JVCA Partners [Business Share]: M/S R. S. Enterprise [60.000%] , M/S ISMAIL HOSSAIN [40.000%] )",M R ENTERPRISE,IH RSE JV JVCA PARTNERS BUSINESS SHARE M S R S ENTERPRISE 60 000 M S ISMAIL HOSSAIN 40 000,one name's words are all contained in the other,,no,Contract_Awards_PDFs/Tender_1024374.pdf;Contract_Awards_PDFs/Tender_1039767.pdf;Contract_Awards_PDFs/Tender_976291.pdf;Contract_Awards_PDFs/Tender_976770.pdf,Contract_Awards_PDFs/Tender_991635.pdf
company,co0036,Jahan Enterprise,co0241,M/S. Khan Enterprise,JAHAN ENTERPRISE,KHAN ENTERPRISE,differs by at most two characters,edit distance <= 2,no,Contract_Awards_PDFs/Tender_1024467.pdf;Contract_Awards_PDFs/Tender_1024943.pdf,Contract_Awards_PDFs/Tender_727612.pdf
company,co0044,S.A Enterprise,co0067,S.A.K. ENTERPRISE,S A ENTERPRISE,S A K ENTERPRISE,one name's words are all contained in the other,,no,Contract_Awards_PDFs/Tender_1037582.pdf,Contract_Awards_PDFs/Tender_1121584.pdf
company,co0044,S.A Enterprise,co0098,MAA Enterprise,S A ENTERPRISE,MAA ENTERPRISE,differs by at most two characters,edit distance <= 2,no,Contract_Awards_PDFs/Tender_1037582.pdf,Contract_Awards_PDFs/Tender_1234511.pdf
company,co0044,S.A Enterprise,co0132,M/S. R.S. Enterprise,S A ENTERPRISE,R S ENTERPRISE,differs by at most two characters,edit distance <= 2,no,Contract_Awards_PDFs/Tender_1037582.pdf,Contract_Awards_PDFs/Tender_189939.pdf
company,co0044,S.A Enterprise,co0187,"SA-TANNI-DAWN-JV ( JVCA Partners [Business Share]: M/S. Dawn Corporation [42.000%] , M/S. S. A. Enterprise [32.000%] , M/S. TANNI ENTERPRISE [26.000%] )",S A ENTERPRISE,SA TANNI DAWN JV JVCA PARTNERS BUSINESS SHARE M S DAWN CORPORATION 42 000 M S S A ENTERPRISE 32 000 M S TANNI ENTERPRISE 26 000,one name's words are all contained in the other,,no,Contract_Awards_PDFs/Tender_1037582.pdf,Contract_Awards_PDFs/Tender_476407.pdf
company,co0044,S.A Enterprise,co0201,"SC & ARE JV ( JVCA Partners [Business Share]: M/S. A. R. Enterprise [49.000%] , M/S. Sapna Construction [51.000%] )",S A ENTERPRISE,SC ARE JV JVCA PARTNERS BUSINESS SHARE M S A R ENTERPRISE 49 000 M S SAPNA CONSTRUCTION 51 000,one name's words are all contained in the other,,no,Contract_Awards_PDFs/Tender_1037582.pdf,Contract_Awards_PDFs/Tender_528758.pdf
company,co0044,S.A Enterprise,co0215,M/s J S Enterprise,S A ENTERPRISE,J S ENTERPRISE,differs by at most two characters,edit distance <= 2,no,Contract_Awards_PDFs/Tender_1037582.pdf,Contract_Awards_PDFs/Tender_614376.pdf;Contract_Awards_PDFs/Tender_863109.pdf
company,co0044,S.A Enterprise,co0236,H.A Enterprise,S A ENTERPRISE,H A ENTERPRISE,differs by at most two characters,edit distance <= 2,no,Contract_Awards_PDFs/Tender_1037582.pdf,Contract_Awards_PDFs/Tender_681465.pdf;Contract_Awards_PDFs/Tender_808097.pdf;Contract_Awards_PDFs/Tender_925988.pdf;Contract_Awards_PDFs/Tender_963987.pdf
company,co0044,S.A Enterprise,co0276,R R Enterprise,S A ENTERPRISE,R R ENTERPRISE,differs by at most two characters,edit distance <= 2,no,Contract_Awards_PDFs/Tender_1037582.pdf,Contract_Awards_PDFs/Tender_916128.pdf;Contract_Awards_PDFs/Tender_925146.pdf;Contract_Awards_PDFs/Tender_937128.pdf
company,co0046,"Convoy Service JV ( JVCA Partners [Business Share]: CONVOY SERVICE [49.000%] , Starlite Services Limited [51.000%] )",co0051,"SSL- CONVOY JV ( JVCA Partners [Business Share]: CONVOY SERVICE [49.000%] , Starlite Services Limited [51.000%] )",CONVOY SERVICE JV JVCA PARTNERS BUSINESS SHARE CONVOY SERVICE 49 000 STARLITE SERVICES LIMITED 51 000,SSL CONVOY JV JVCA PARTNERS BUSINESS SHARE CONVOY SERVICE 49 000 STARLITE SERVICES LIMITED 51 000,one name's words are all contained in the other,,no,Contract_Awards_PDFs/Tender_1060380.pdf,Contract_Awards_PDFs/Tender_1069564.pdf
company,co0047,"KSBL-TSE JOINT VENTURE ( JVCA Partners [Business Share]: Khan and Sons (Bangladesh) Limited [51.000%] , T.S Enterprise [49.000%] )",co0148,Khan and Sons (Bangladesh) Limited,KSBL TSE JOINT VENTURE JVCA PARTNERS BUSINESS SHARE KHAN AND SONS BANGLADESH LIMITED 51 000 T S ENTERPRISE 49 000,KHAN AND SONS BANGLADESH LIMITED,one name's words are all contained in the other,,no,Contract_Awards_PDFs/Tender_1060890.pdf,Contract_Awards_PDFs/Tender_270651.pdf
company,co0047,"KSBL-TSE JOINT VENTURE ( JVCA Partners [Business Share]: Khan and Sons (Bangladesh) Limited [51.000%] , T.S Enterprise [49.000%] )",co0241,M/S. Khan Enterprise,KSBL TSE JOINT VENTURE JVCA PARTNERS BUSINESS SHARE KHAN AND SONS BANGLADESH LIMITED 51 000 T S ENTERPRISE 49 000,KHAN ENTERPRISE,one name's words are all contained in the other,,no,Contract_Awards_PDFs/Tender_1060890.pdf,Contract_Awards_PDFs/Tender_727612.pdf
company,co0053,M/S Sunny Construction,co0118,M/S. Sany Construction,SUNNY CONSTRUCTION,SANY CONSTRUCTION,differs by at most two characters,edit distance <= 2,no,Contract_Awards_PDFs/Tender_1074002.pdf;Contract_Awards_PDFs/Tender_1146506.pdf;Contract_Awards_PDFs/Tender_1147755.pdf;Contract_Awards_PDFs/Tender_517916.pdf;Contract_Awards_PDFs/Tender_536846.pdf,Contract_Awards_PDFs/Tender_162060.pdf;Contract_Awards_PDFs/Tender_199368.pdf;Contract_Awards_PDFs/Tender_236241.pdf;Contract_Awards_PDFs/Tender_236242.pdf;Contract_Awards_PDFs/Tender_248616.pdf
company,co0053,M/S Sunny Construction,co0193,"Mazid Sons - Sunny Construction JV ( JVCA Partners [Business Share]: Mazid Sons Construction Ltd. [51.000%] , M/S Sunny Construction [49.000%] )",SUNNY CONSTRUCTION,MAZID SONS SUNNY CONSTRUCTION JV JVCA PARTNERS BUSINESS SHARE MAZID SONS CONSTRUCTION LTD 51 000 M S SUNNY CONSTRUCTION 49 000,one name's words are all contained in the other,,no,Contract_Awards_PDFs/Tender_1074002.pdf;Contract_Awards_PDFs/Tender_1146506.pdf;Contract_Awards_PDFs/Tender_1147755.pdf;Contract_Awards_PDFs/Tender_517916.pdf;Contract_Awards_PDFs/Tender_536846.pdf,Contract_Awards_PDFs/Tender_505037.pdf
company,co0053,M/S Sunny Construction,co0257,"SUNNY-RS-TML JV ( JVCA Partners [Business Share]: M/S Sunny Construction [50.000%] , TRADEMAJESTIC LIMITED [25.000%] , M/S. R.S ENTERPRISE [25.000%] )",SUNNY CONSTRUCTION,SUNNY RS TML JV JVCA PARTNERS BUSINESS SHARE M S SUNNY CONSTRUCTION 50 000 TRADEMAJESTIC LIMITED 25 000 M S R S ENTERPRISE 25 000,one name's words are all contained in the other,,no,Contract_Awards_PDFs/Tender_1074002.pdf;Contract_Awards_PDFs/Tender_1146506.pdf;Contract_Awards_PDFs/Tender_1147755.pdf;Contract_Awards_PDFs/Tender_517916.pdf;Contract_Awards_PDFs/Tender_536846.pdf,Contract_Awards_PDFs/Tender_848555.pdf
company,co0053,M/S Sunny Construction,co0283,"UCC-SC JV ( JVCA Partners [Business Share]: M/S Sunny Construction [60.000%] , The United Construction Co. [40.000%] )",SUNNY CONSTRUCTION,UCC SC JV JVCA PARTNERS BUSINESS SHARE M S SUNNY CONSTRUCTION 60 000 THE UNITED CONSTRUCTION CO 40 000,one name's words are all contained in the other,,no,Contract_Awards_PDFs/Tender_1074002.pdf;Contract_Awards_PDFs/Tender_1146506.pdf;Contract_Awards_PDFs/Tender_1147755.pdf;Contract_Awards_PDFs/Tender_517916.pdf;Contract_Awards_PDFs/Tender_536846.pdf,Contract_Awards_PDFs/Tender_935084.pdf
company,co0053,M/S Sunny Construction,co0285,"NDE-UCC-SC JV ( JVCA Partners [Business Share]: M/S Sunny Construction [35.000%] , NATIONAL DEVELOPMENT ENGINEERS LTD. [40.000%] , The United Construction Co. [25.000%] )",SUNNY CONSTRUCTION,NDE UCC SC JV JVCA PARTNERS BUSINESS SHARE M S SUNNY CONSTRUCTION 35 000 NATIONAL DEVELOPMENT ENGINEERS LTD 40 000 THE UNITED CONSTRUCTION CO 25 000,one name's words are all contained in the other,,no,Contract_Awards_PDFs/Tender_1074002.pdf;Contract_Awards_PDFs/Tender_1146506.pdf;Contract_Awards_PDFs/Tender_1147755.pdf;Contract_Awards_PDFs/Tender_517916.pdf;Contract_Awards_PDFs/Tender_536846.pdf,Contract_Awards_PDFs/Tender_935093.pdf
company,co0054,NATIONAL DEVELOPMENT ENGINEERS LTD.,co0260,"National Development Engineers Ltd. - M/S. Niaz Traders JV (NDE-NT JV) ( JVCA Partners [Business Share]: NATIONAL DEVELOPMENT ENGINEERS LTD. [20.000%] , M/S. Niaz Traders [80.000%] )",NATIONAL DEVELOPMENT ENGINEERS LTD,NATIONAL DEVELOPMENT ENGINEERS LTD M S NIAZ TRADERS JV NDE NT JV JVCA PARTNERS BUSINESS SHARE NATIONAL DEVELOPMENT ENGINEERS LTD 20 000 M S NIAZ TRADERS 80 000,one name's words are all contained in the other,,no,Contract_Awards_PDFs/Tender_1074661.pdf;Contract_Awards_PDFs/Tender_448324.pdf;Contract_Awards_PDFs/Tender_597090.pdf,Contract_Awards_PDFs/Tender_857646.pdf
company,co0054,NATIONAL DEVELOPMENT ENGINEERS LTD.,co0285,"NDE-UCC-SC JV ( JVCA Partners [Business Share]: M/S Sunny Construction [35.000%] , NATIONAL DEVELOPMENT ENGINEERS LTD. [40.000%] , The United Construction Co. [25.000%] )",NATIONAL DEVELOPMENT ENGINEERS LTD,NDE UCC SC JV JVCA PARTNERS BUSINESS SHARE M S SUNNY CONSTRUCTION 35 000 NATIONAL DEVELOPMENT ENGINEERS LTD 40 000 THE UNITED CONSTRUCTION CO 25 000,one name's words are all contained in the other,,no,Contract_Awards_PDFs/Tender_1074661.pdf;Contract_Awards_PDFs/Tender_448324.pdf;Contract_Awards_PDFs/Tender_597090.pdf,Contract_Awards_PDFs/Tender_935093.pdf
company,co0057,DAFFODIL ELECTRIC COMPANY LIMITED,co0100,Daffodil Electric Company,DAFFODIL ELECTRIC COMPANY LIMITED,DAFFODIL ELECTRIC COMPANY,identical once legal-form words are set aside,,no,Contract_Awards_PDFs/Tender_1083479.pdf,Contract_Awards_PDFs/Tender_125042.pdf;Contract_Awards_PDFs/Tender_125294.pdf;Contract_Awards_PDFs/Tender_888828.pdf
company,co0059,The United Construction Co.,co0283,"UCC-SC JV ( JVCA Partners [Business Share]: M/S Sunny Construction [60.000%] , The United Construction Co. [40.000%] )",THE UNITED CONSTRUCTION CO,UCC SC JV JVCA PARTNERS BUSINESS SHARE M S SUNNY CONSTRUCTION 60 000 THE UNITED CONSTRUCTION CO 40 000,one name's words are all contained in the other,,no,Contract_Awards_PDFs/Tender_1094618.pdf;Contract_Awards_PDFs/Tender_209736.pdf,Contract_Awards_PDFs/Tender_935084.pdf
company,co0059,The United Construction Co.,co0285,"NDE-UCC-SC JV ( JVCA Partners [Business Share]: M/S Sunny Construction [35.000%] , NATIONAL DEVELOPMENT ENGINEERS LTD. [40.000%] , The United Construction Co. [25.000%] )",THE UNITED CONSTRUCTION CO,NDE UCC SC JV JVCA PARTNERS BUSINESS SHARE M S SUNNY CONSTRUCTION 35 000 NATIONAL DEVELOPMENT ENGINEERS LTD 40 000 THE UNITED CONSTRUCTION CO 25 000,one name's words are all contained in the other,,no,Contract_Awards_PDFs/Tender_1094618.pdf;Contract_Awards_PDFs/Tender_209736.pdf,Contract_Awards_PDFs/Tender_935093.pdf
company,co0075,M/S HOSSAIN ENTERPRISE,co0306,"IH-RSE-SHJ (JV) ( JVCA Partners [Business Share]: M/S Saiful Hasan Joarder [25.000%] , M/S R. S. Enterprise [35.000%] , M/S ISMAIL HOSSAIN [40.000%] )",HOSSAIN ENTERPRISE,IH RSE SHJ JV JVCA PARTNERS BUSINESS SHARE M S SAIFUL HASAN JOARDER 25 000 M S R S ENTERPRISE 35 000 M S ISMAIL HOSSAIN 40 000,one name's words are all contained in the other,,no,Contract_Awards_PDFs/Tender_1142188.pdf,Contract_Awards_PDFs/Tender_975516.pdf
company,co0075,M/S HOSSAIN ENTERPRISE,co0309,"IH-RSE (JV) ( JVCA Partners [Business Share]: M/S R. S. Enterprise [60.000%] , M/S ISMAIL HOSSAIN [40.000%] )",HOSSAIN ENTERPRISE,IH RSE JV JVCA PARTNERS BUSINESS SHARE M S R S ENTERPRISE 60 000 M S ISMAIL HOSSAIN 40 000,one name's words are all contained in the other,,no,Contract_Awards_PDFs/Tender_1142188.pdf,Contract_Awards_PDFs/Tender_991635.pdf
company,co0076,M/S. R S A TRADE INTERNATIONAL,co0282,S. R. Trade International,R S A TRADE INTERNATIONAL,S R TRADE INTERNATIONAL,one name's words are all contained in the other,,no,Contract_Awards_PDFs/Tender_114570.pdf,Contract_Awards_PDFs/Tender_935064.pdf;Contract_Awards_PDFs/Tender_951146.pdf
company,co0096,M/S. Dawn Corporation,co0187,"SA-TANNI-DAWN-JV ( JVCA Partners [Business Share]: M/S. Dawn Corporation [42.000%] , M/S. S. A. Enterprise [32.000%] , M/S. TANNI ENTERPRISE [26.000%] )",DAWN CORPORATION,SA TANNI DAWN JV JVCA PARTNERS BUSINESS SHARE M S DAWN CORPORATION 42 000 M S S A ENTERPRISE 32 000 M S TANNI ENTERPRISE 26 000,one name's words are all contained in the other,,no,Contract_Awards_PDFs/Tender_1225896.pdf,Contract_Awards_PDFs/Tender_476407.pdf
company,co0096,M/S. Dawn Corporation,co0248,"M.A.H Construction Ltd,RAB-RC(PVT)Ltd and Dawn Corporation JV ( JVCA Partners [Business Share]: M/S. Dawn Corporation [0.000%] , RAB-RC (PVT) LIMITED [0.000%] , M.A.H. CONSTRUCTION LTD. [0.000%] )",DAWN CORPORATION,M A H CONSTRUCTION LTD RAB RC PVT LTD AND DAWN CORPORATION JV JVCA PARTNERS BUSINESS SHARE M S DAWN CORPORATION 0 000 RAB RC PVT LIMITED 0 000 M A H CONSTRUCTION LTD 0 000,one name's words are all contained in the other,,no,Contract_Awards_PDFs/Tender_1225896.pdf,Contract_Awards_PDFs/Tender_79395.pdf;Contract_Awards_PDFs/Tender_80585.pdf;Contract_Awards_PDFs/Tender_80586.pdf;Contract_Awards_PDFs/Tender_98112.pdf
company,co0097,B & S ENGINEERING,co0156,PS Engineering,B S ENGINEERING,PS ENGINEERING,differs by at most two characters,edit distance <= 2,no,Contract_Awards_PDFs/Tender_1231413.pdf,Contract_Awards_PDFs/Tender_291722.pdf
company,co0098,MAA Enterprise,co0236,H.A Enterprise,MAA ENTERPRISE,H A ENTERPRISE,differs by at most two characters,edit distance <= 2,no,Contract_Awards_PDFs/Tender_1234511.pdf,Contract_Awards_PDFs/Tender_681465.pdf;Contract_Awards_PDFs/Tender_808097.pdf;Contract_Awards_PDFs/Tender_925988.pdf;Contract_Awards_PDFs/Tender_963987.pdf
company,co0110,M/s. Halim Enterprise.,co0137,M/S Habib Enterprise,HALIM ENTERPRISE,HABIB ENTERPRISE,differs by at most two characters,edit distance <= 2,no,Contract_Awards_PDFs/Tender_144571.pdf;Contract_Awards_PDFs/Tender_214561.pdf;Contract_Awards_PDFs/Tender_329551.pdf,Contract_Awards_PDFs/Tender_201012.pdf;Contract_Awards_PDFs/Tender_201451.pdf
company,co0113,M/S. Brothers Construction,co0218,"SCL-LB-KEC JV ( JVCA Partners [Business Share]: M/S. KARIM ENTERPRISE & CONSTRUCTION [30.000%] , Sun Flower Construction Ltd. [40.000%] , M/S LABON & BROTHERS [30.000%] )",BROTHERS CONSTRUCTION,SCL LB KEC JV JVCA PARTNERS BUSINESS SHARE M S KARIM ENTERPRISE CONSTRUCTION 30 000 SUN FLOWER CONSTRUCTION LTD 40 000 M S LABON BROTHERS 30 000,one name's words are all contained in the other,,no,Contract_Awards_PDFs/Tender_149115.pdf;Contract_Awards_PDFs/Tender_149117.pdf;Contract_Awards_PDFs/Tender_149118.pdf,Contract_Awards_PDFs/Tender_617807.pdf
company,co0113,M/S. Brothers Construction,co0277,"RNYB Ltd - A.T Construction JV. JV. ( JVCA Partners [Business Share]: RN Yakub & Brothers Private Limited. [51.000%] , M/S. A.T. Construction [49.000%] )",BROTHERS CONSTRUCTION,RNYB LTD A T CONSTRUCTION JV JV JVCA PARTNERS BUSINESS SHARE RN YAKUB BROTHERS PRIVATE LIMITED 51 000 M S A T CONSTRUCTION 49 000,one name's words are all contained in the other,,no,Contract_Awards_PDFs/Tender_149115.pdf;Contract_Awards_PDFs/Tender_149117.pdf;Contract_Awards_PDFs/Tender_149118.pdf,Contract_Awards_PDFs/Tender_917088.pdf
company,co0116,Rafiq Construction Co. (Pvt.) Ltd.,co0158,"Rafiq Construction Co. (Pvt.) Ltd and M/S Shafique & Sons Consortium ( JVCA Partners [Business Share]: M/s Shafique and Sons [49.000%] , Rafiq Construction Co. (Pvt.) Ltd. [51.000%] )",RAFIQ CONSTRUCTION CO PVT LTD,RAFIQ CONSTRUCTION CO PVT LTD AND M S SHAFIQUE SONS CONSORTIUM JVCA PARTNERS BUSINESS SHARE M S SHAFIQUE AND SONS 49 000 RAFIQ CONSTRUCTION CO PVT LTD 51 000,one name's words are all contained in the other,,no,Contract_Awards_PDFs/Tender_151177.pdf;Contract_Awards_PDFs/Tender_595833.pdf,Contract_Awards_PDFs/Tender_293004.pdf
company,co0116,Rafiq Construction Co. (Pvt.) Ltd.,co0184,"Rafiq Construction Co. (Pvt.) Ltd. - Haider & Co-Momotaj Engineers Ltd (JV) ( JVCA Partners [Business Share]: HAIDER & CO. [25.000%] , Momotaj Engineers Ltd. [25.000%] , Rafiq Construction Co. (Pvt.) Ltd. [50.000%] )",RAFIQ CONSTRUCTION CO PVT LTD,RAFIQ CONSTRUCTION CO PVT LTD HAIDER CO MOMOTAJ ENGINEERS LTD JV JVCA PARTNERS BUSINESS SHARE HAIDER CO 25 000 MOMOTAJ ENGINEERS LTD 25 000 RAFIQ CONSTRUCTION CO PVT LTD 50 000,one name's words are all contained in the other,,no,Contract_Awards_PDFs/Tender_151177.pdf;Contract_Awards_PDFs/Tender_595833.pdf,Contract_Awards_PDFs/Tender_476403.pdf
company,co0116,Rafiq Construction Co. (Pvt.) Ltd.,co0262,"SS-RC (JV) ( JVCA Partners [Business Share]: Rafiq Construction Co. (Pvt.) Ltd. [60.000%] , M/S. Sharif & Sons [40.000%] )",RAFIQ CONSTRUCTION CO PVT LTD,SS RC JV JVCA PARTNERS BUSINESS SHARE RAFIQ CONSTRUCTION CO PVT LTD 60 000 M S SHARIF SONS 40 000,one name's words are all contained in the other,,no,Contract_Awards_PDFs/Tender_151177.pdf;Contract_Awards_PDFs/Tender_595833.pdf,Contract_Awards_PDFs/Tender_860503.pdf
company,co0118,M/S. Sany Construction,co0176,M/S. Sapna Construction,SANY CONSTRUCTION,SAPNA CONSTRUCTION,differs by at most two characters,edit distance <= 2,no,Contract_Awards_PDFs/Tender_162060.pdf;Contract_Awards_PDFs/Tender_199368.pdf;Contract_Awards_PDFs/Tender_236241.pdf;Contract_Awards_PDFs/Tender_236242.pdf;Contract_Awards_PDFs/Tender_248616.pdf,Contract_Awards_PDFs/Tender_431690.pdf
company,co0119,"Fire Trade - M/s Khandaker Shahin Ahmed JV ( JVCA Partners [Business Share]: M/S. Khandaker Shahin Ahmed [0.000%] , Fire Trade [0.000%] )",co0151,M/S. Khandaker Shahin Ahmed,FIRE TRADE M S KHANDAKER SHAHIN AHMED JV JVCA PARTNERS BUSINESS SHARE M S KHANDAKER SHAHIN AHMED 0 000 FIRE TRADE 0 000,KHANDAKER SHAHIN AHMED,one name's words are all contained in the other,,no,Contract_Awards_PDFs/Tender_162590.pdf,Contract_Awards_PDFs/Tender_277364.pdf
company,co0123,M/S Nur Enterprise,co0276,R R Enterprise,NUR ENTERPRISE,R R ENTERPRISE,differs by at most two characters,edit distance <= 2,no,Contract_Awards_PDFs/Tender_171570.pdf,Contract_Awards_PDFs/Tender_916128.pdf;Contract_Awards_PDFs/Tender_925146.pdf;Contract_Awards_PDFs/Tender_937128.pdf
company,co0123,M/S Nur Enterprise,co0284,"Nur Enterprise-Amin Trading Corporation JV ( JVCA Partners [Business Share]: M/S Nur Enterprise [51.000%] , M/S. AMIN TRADING CORPORATION [49.000%] )",NUR ENTERPRISE,NUR ENTERPRISE AMIN TRADING CORPORATION JV JVCA PARTNERS BUSINESS SHARE M S NUR ENTERPRISE 51 000 M S AMIN TRADING CORPORATION 49 000,one name's words are all contained in the other,,no,Contract_Awards_PDFs/Tender_171570.pdf,Contract_Awards_PDFs/Tender_935090.pdf
company,co0129,MOZAHAR ENTERPRISE (PVT.) LTD.,co0174,"MOZAHAR ENTERPRISE (PVT.) LTD. & M/S REZA ENTERPRISE-JV ( JVCA Partners [Business Share]: M/S REZA ENTERPRISE [90.000%] , MOZAHAR ENTERPRISE (PVT.) LTD. [10.000%] )",MOZAHAR ENTERPRISE PVT LTD,MOZAHAR ENTERPRISE PVT LTD M S REZA ENTERPRISE JV JVCA PARTNERS BUSINESS SHARE M S REZA ENTERPRISE 90 000 MOZAHAR ENTERPRISE PVT LTD 10 000,one name's words are all contained in the other,,no,Contract_Awards_PDFs/Tender_174712.pdf,Contract_Awards_PDFs/Tender_427863.pdf
company,co0129,MOZAHAR ENTERPRISE (PVT.) LTD.,co0186,"MEPL-RE JV. ( JVCA Partners [Business Share]: M/S REZA ENTERPRISE [90.000%] , MOZAHAR ENTERPRISE (PVT.) LTD. [10.000%] )",MOZAHAR ENTERPRISE PVT LTD,MEPL RE JV JVCA PARTNERS BUSINESS SHARE M S REZA ENTERPRISE 90 000 MOZAHAR ENTERPRISE PVT LTD 10 000,one name's words are all contained in the other,,no,Contract_Awards_PDFs/Tender_174712.pdf,Contract_Awards_PDFs/Tender_476406.pdf
company,co0132,M/S. R.S. Enterprise,co0201,"SC & ARE JV ( JVCA Partners [Business Share]: M/S. A. R. Enterprise [49.000%] , M/S. Sapna Construction [51.000%] )",R S ENTERPRISE,SC ARE JV JVCA PARTNERS BUSINESS SHARE M S A R ENTERPRISE 49 000 M S SAPNA CONSTRUCTION 51 000,one name's words are all contained in the other,,no,Contract_Awards_PDFs/Tender_189939.pdf,Contract_Awards_PDFs/Tender_528758.pdf
company,co0132,M/S. R.S. Enterprise,co0215,M/s J S Enterprise,R S ENTERPRISE,J S ENTERPRISE,differs by at most two characters,edit distance <= 2,no,Contract_Awards_PDFs/Tender_189939.pdf,Contract_Awards_PDFs/Tender_614376.pdf;Contract_Awards_PDFs/Tender_863109.pdf
company,co0132,M/S. R.S. Enterprise,co0236,H.A Enterprise,R S ENTERPRISE,H A ENTERPRISE,differs by at most two characters,edit distance <= 2,no,Contract_Awards_PDFs/Tender_189939.pdf,Contract_Awards_PDFs/Tender_681465.pdf;Contract_Awards_PDFs/Tender_808097.pdf;Contract_Awards_PDFs/Tender_925988.pdf;Contract_Awards_PDFs/Tender_963987.pdf
company,co0132,M/S. R.S. Enterprise,co0257,"SUNNY-RS-TML JV ( JVCA Partners [Business Share]: M/S Sunny Construction [50.000%] , TRADEMAJESTIC LIMITED [25.000%] , M/S. R.S ENTERPRISE [25.000%] )",R S ENTERPRISE,SUNNY RS TML JV JVCA PARTNERS BUSINESS SHARE M S SUNNY CONSTRUCTION 50 000 TRADEMAJESTIC LIMITED 25 000 M S R S ENTERPRISE 25 000,one name's words are all contained in the other,,no,Contract_Awards_PDFs/Tender_189939.pdf,Contract_Awards_PDFs/Tender_848555.pdf
company,co0132,M/S. R.S. Enterprise,co0276,R R Enterprise,R S ENTERPRISE,R R ENTERPRISE,one name's words are all contained in the other,,no,Contract_Awards_PDFs/Tender_189939.pdf,Contract_Awards_PDFs/Tender_916128.pdf;Contract_Awards_PDFs/Tender_925146.pdf;Contract_Awards_PDFs/Tender_937128.pdf
company,co0132,M/S. R.S. Enterprise,co0306,"IH-RSE-SHJ (JV) ( JVCA Partners [Business Share]: M/S Saiful Hasan Joarder [25.000%] , M/S R. S. Enterprise [35.000%] , M/S ISMAIL HOSSAIN [40.000%] )",R S ENTERPRISE,IH RSE SHJ JV JVCA PARTNERS BUSINESS SHARE M S SAIFUL HASAN JOARDER 25 000 M S R S ENTERPRISE 35 000 M S ISMAIL HOSSAIN 40 000,one name's words are all contained in the other,,no,Contract_Awards_PDFs/Tender_189939.pdf,Contract_Awards_PDFs/Tender_975516.pdf
company,co0132,M/S. R.S. Enterprise,co0309,"IH-RSE (JV) ( JVCA Partners [Business Share]: M/S R. S. Enterprise [60.000%] , M/S ISMAIL HOSSAIN [40.000%] )",R S ENTERPRISE,IH RSE JV JVCA PARTNERS BUSINESS SHARE M S R S ENTERPRISE 60 000 M S ISMAIL HOSSAIN 40 000,one name's words are all contained in the other,,no,Contract_Awards_PDFs/Tender_189939.pdf,Contract_Awards_PDFs/Tender_991635.pdf
company,co0139,"Rithin Enterprise and Kohinoor Enterprise J.V ( JVCA Partners [Business Share]: M/S. Kohinoor Enterprise [0.000%] , Rithin Enterprise [0.000%] )",co0215,M/s J S Enterprise,RITHIN ENTERPRISE AND KOHINOOR ENTERPRISE J V JVCA PARTNERS BUSINESS SHARE M S KOHINOOR ENTERPRISE 0 000 RITHIN ENTERPRISE 0 000,J S ENTERPRISE,one name's words are all contained in the other,,no,Contract_Awards_PDFs/Tender_207700.pdf,Contract_Awards_PDFs/Tender_614376.pdf;Contract_Awards_PDFs/Tender_863109.pdf
company,co0139,"Rithin Enterprise and Kohinoor Enterprise J.V ( JVCA Partners [Business Share]: M/S. Kohinoor Enterprise [0.000%] , Rithin Enterprise [0.000%] )",co0229,Rithin Enterprise,RITHIN ENTERPRISE AND KOHINOOR ENTERPRISE J V JVCA PARTNERS BUSINESS SHARE M S KOHINOOR ENTERPRISE 0 000 RITHIN ENTERPRISE 0 000,RITHIN ENTERPRISE,one name's words are all contained in the other,,no,Contract_Awards_PDFs/Tender_207700.pdf,Contract_Awards_PDFs/Tender_658227.pdf
company,co0153,M/S. Monir Traders,co0233,"M/s. SS & MT (JV) ( JVCA Partners [Business Share]: M/S. Monir Traders [49.000%] , M/S. Sharif & Sons [51.000%] )",MONIR TRADERS,SS MT JV JVCA PARTNERS BUSINESS SHARE M S MONIR TRADERS 49 000 M S SHARIF SONS 51 000,one name's words are all contained in the other,,no,Contract_Awards_PDFs/Tender_277368.pdf,Contract_Awards_PDFs/Tender_671805.pdf
company,co0161,MAHABUB BROTHERS(PVT)LIMITED,co0209,"Ataur Rahman Khan Ltd & Mahabub Brothers (Pvt) Ltd JV ( JVCA Partners [Business Share]: MAHABUB BROTHERS(PVT)LIMITED [49.000%] , Ataur Rahman Khan Ltd. [51.000%] )",MAHABUB BROTHERS PVT LIMITED,ATAUR RAHMAN KHAN LTD MAHABUB BROTHERS PVT LTD JV JVCA PARTNERS BUSINESS SHARE MAHABUB BROTHERS PVT LIMITED 49 000 ATAUR RAHMAN KHAN LTD 51 000,one name's words are all contained in the other,,no,Contract_Awards_PDFs/Tender_311188.pdf;Contract_Awards_PDFs/Tender_312479.pdf;Contract_Awards_PDFs/Tender_783087.pdf,Contract_Awards_PDFs/Tender_581310.pdf
company,co0162,"MRC-Techbay-JV ( JVCA Partners [Business Share]: M/s. M.R. Construction [49.000%] , Techbay International [51.000%] )",co0251,M/S S.R Construction,MRC TECHBAY JV JVCA PARTNERS BUSINESS SHARE M S M R CONSTRUCTION 49 000 TECHBAY INTERNATIONAL 51 000,S R CONSTRUCTION,one name's words are all contained in the other,,no,Contract_Awards_PDFs/Tender_312476.pdf,Contract_Awards_PDFs/Tender_827087.pdf;Contract_Awards_PDFs/Tender_835847.pdf
company,co0162,"MRC-Techbay-JV ( JVCA Partners [Business Share]: M/s. M.R. Construction [49.000%] , Techbay International [51.000%] )",co0270,M/s. M.R. Construction,MRC TECHBAY JV JVCA PARTNERS BUSINESS SHARE M S M R CONSTRUCTION 49 000 TECHBAY INTERNATIONAL 51 000,M R CONSTRUCTION,one name's words are all contained in the other,,no,Contract_Awards_PDFs/Tender_312476.pdf,Contract_Awards_PDFs/Tender_870250.pdf
company,co0174,"MOZAHAR ENTERPRISE (PVT.) LTD. & M/S REZA ENTERPRISE-JV ( JVCA Partners [Business Share]: M/S REZA ENTERPRISE [90.000%] , MOZAHAR ENTERPRISE (PVT.) LTD. [10.000%] )",co0177,M/S REZA ENTERPRISE,MOZAHAR ENTERPRISE PVT LTD M S REZA ENTERPRISE JV JVCA PARTNERS BUSINESS SHARE M S REZA ENTERPRISE 90 000 MOZAHAR ENTERPRISE PVT LTD 10 000,REZA ENTERPRISE,one name's words are all contained in the other,,no,Contract_Awards_PDFs/Tender_427863.pdf,Contract_Awards_PDFs/Tender_431702.pdf
company,co0174,"MOZAHAR ENTERPRISE (PVT.) LTD. & M/S REZA ENTERPRISE-JV ( JVCA Partners [Business Share]: M/S REZA ENTERPRISE [90.000%] , MOZAHAR ENTERPRISE (PVT.) LTD. [10.000%] )",co0186,"MEPL-RE JV. ( JVCA Partners [Business Share]: M/S REZA ENTERPRISE [90.000%] , MOZAHAR ENTERPRISE (PVT.) LTD. [10.000%] )",MOZAHAR ENTERPRISE PVT LTD M S REZA ENTERPRISE JV JVCA PARTNERS BUSINESS SHARE M S REZA ENTERPRISE 90 000 MOZAHAR ENTERPRISE PVT LTD 10 000,MEPL RE JV JVCA PARTNERS BUSINESS SHARE M S REZA ENTERPRISE 90 000 MOZAHAR ENTERPRISE PVT LTD 10 000,one name's words are all contained in the other,,no,Contract_Awards_PDFs/Tender_427863.pdf,Contract_Awards_PDFs/Tender_476406.pdf
company,co0176,M/S. Sapna Construction,co0201,"SC & ARE JV ( JVCA Partners [Business Share]: M/S. A. R. Enterprise [49.000%] , M/S. Sapna Construction [51.000%] )",SAPNA CONSTRUCTION,SC ARE JV JVCA PARTNERS BUSINESS SHARE M S A R ENTERPRISE 49 000 M S SAPNA CONSTRUCTION 51 000,one name's words are all contained in the other,,no,Contract_Awards_PDFs/Tender_431690.pdf,Contract_Awards_PDFs/Tender_528758.pdf
company,co0177,M/S REZA ENTERPRISE,co0180,"HSL-RE JV. ( JVCA Partners [Business Share]: Hasan & Sons Ltd. [10.000%] , M/S REZA ENTERPRISE [90.000%] )",REZA ENTERPRISE,HSL RE JV JVCA PARTNERS BUSINESS SHARE HASAN SONS LTD 10 000 M S REZA ENTERPRISE 90 000,one name's words are all contained in the other,,no,Contract_Awards_PDFs/Tender_431702.pdf,Contract_Awards_PDFs/Tender_446869.pdf;Contract_Awards_PDFs/Tender_447380.pdf
company,co0177,M/S REZA ENTERPRISE,co0186,"MEPL-RE JV. ( JVCA Partners [Business Share]: M/S REZA ENTERPRISE [90.000%] , MOZAHAR ENTERPRISE (PVT.) LTD. [10.000%] )",REZA ENTERPRISE,MEPL RE JV JVCA PARTNERS BUSINESS SHARE M S REZA ENTERPRISE 90 000 MOZAHAR ENTERPRISE PVT LTD 10 000,one name's words are all contained in the other,,no,Contract_Awards_PDFs/Tender_431702.pdf,Contract_Awards_PDFs/Tender_476406.pdf
company,co0182,M/S. T.J Construction,co0251,M/S S.R Construction,T J CONSTRUCTION,S R CONSTRUCTION,differs by at most two characters,edit distance <= 2,no,Contract_Awards_PDFs/Tender_471795.pdf;Contract_Awards_PDFs/Tender_550266.pdf;Contract_Awards_PDFs/Tender_550267.pdf;Contract_Awards_PDFs/Tender_669151.pdf,Contract_Awards_PDFs/Tender_827087.pdf;Contract_Awards_PDFs/Tender_835847.pdf
company,co0182,M/S. T.J Construction,co0270,M/s. M.R. Construction,T J CONSTRUCTION,M R CONSTRUCTION,differs by at most two characters,edit distance <= 2,no,Contract_Awards_PDFs/Tender_471795.pdf;Contract_Awards_PDFs/Tender_550266.pdf;Contract_Awards_PDFs/Tender_550267.pdf;Contract_Awards_PDFs/Tender_669151.pdf,Contract_Awards_PDFs/Tender_870250.pdf
company,co0185,"M/s. Udyan Builders-Starlite Services Ltd-Convoy Service JV ( JVCA Partners [Business Share]: M/S Udayan Builders [40.000%] , CONVOY SERVICE [25.000%] , Starlite Services Limited [35.000%] )",co0188,"Udayan-Starlite-Convoy JV ( JVCA Partners [Business Share]: M/S Udayan Builders [35.000%] , CONVOY SERVICE [25.000%] , Starlite Services Limited [40.000%] )",UDYAN BUILDERS STARLITE SERVICES LTD CONVOY SERVICE JV JVCA PARTNERS BUSINESS SHARE M S UDAYAN BUILDERS 40 000 CONVOY SERVICE 25 000 STARLITE SERVICES LIMITED 35 000,UDAYAN STARLITE CONVOY JV JVCA PARTNERS BUSINESS SHARE M S UDAYAN BUILDERS 35 000 CONVOY SERVICE 25 000 STARLITE SERVICES LIMITED 40 000,one name's words are all contained in the other,,no,Contract_Awards_PDFs/Tender_476405.pdf,Contract_Awards_PDFs/Tender_479604.pdf
company,co0194,Taher Brothers Ltd.,co0219,"Hassan Techno Builders Ltd. - Taher Brothers Ltd. JV. ( JVCA Partners [Business Share]: Hassan Techno Builders Ltd. [60.000%] , Taher Brothers Ltd. [40.000%] )",TAHER BROTHERS LTD,HASSAN TECHNO BUILDERS LTD TAHER BROTHERS LTD JV JVCA PARTNERS BUSINESS SHARE HASSAN TECHNO BUILDERS LTD 60 000 TAHER BROTHERS LTD 40 000,one name's words are all contained in the other,,no,Contract_Awards_PDFs/Tender_509251.pdf,Contract_Awards_PDFs/Tender_618898.pdf
company,co0197,M/S. AMIN TRADING CORPORATION,co0216,"M/S SHAFIQUE AND SONS - M/S. AMIN TRADING CORPORATION JV ( JVCA Partners [Business Share]: M/S. AMIN TRADING CORPORATION [25.000%] , M/s Shafique and Sons [75.000%] )",AMIN TRADING CORPORATION,SHAFIQUE AND SONS M S AMIN TRADING CORPORATION JV JVCA PARTNERS BUSINESS SHARE M S AMIN TRADING CORPORATION 25 000 M S SHAFIQUE AND SONS 75 000,one name's words are all contained in the other,,no,Contract_Awards_PDFs/Tender_514343.pdf;Contract_Awards_PDFs/Tender_601516.pdf;Contract_Awards_PDFs/Tender_747837.pdf;Contract_Awards_PDFs/Tender_870261.pdf;Contract_Awards_PDFs/Tender_889938.pdf,Contract_Awards_PDFs/Tender_615572.pdf
company,co0197,M/S. AMIN TRADING CORPORATION,co0284,"Nur Enterprise-Amin Trading Corporation JV ( JVCA Partners [Business Share]: M/S Nur Enterprise [51.000%] , M/S. AMIN TRADING CORPORATION [49.000%] )",AMIN TRADING CORPORATION,NUR ENTERPRISE AMIN TRADING CORPORATION JV JVCA PARTNERS BUSINESS SHARE M S NUR ENTERPRISE 51 000 M S AMIN TRADING CORPORATION 49 000,one name's words are all contained in the other,,no,Contract_Awards_PDFs/Tender_514343.pdf;Contract_Awards_PDFs/Tender_601516.pdf;Contract_Awards_PDFs/Tender_747837.pdf;Contract_Awards_PDFs/Tender_870261.pdf;Contract_Awards_PDFs/Tender_889938.pdf,Contract_Awards_PDFs/Tender_935090.pdf
company,co0200,"SS-RI JV ( JVCA Partners [Business Share]: M/S. Raju International [51.000%] , M/S. Sharif & Sons [49.000%] )",co0274,"SS-RI JV ( JVCA Partners [Business Share]: M/S. Raju International [49.000%] , M/S. Sharif & Sons [51.000%] )",SS RI JV JVCA PARTNERS BUSINESS SHARE M S RAJU INTERNATIONAL 51 000 M S SHARIF SONS 49 000,SS RI JV JVCA PARTNERS BUSINESS SHARE M S RAJU INTERNATIONAL 49 000 M S SHARIF SONS 51 000,the same words in a different order,,no,Contract_Awards_PDFs/Tender_528756.pdf,Contract_Awards_PDFs/Tender_901824.pdf
company,co0200,"SS-RI JV ( JVCA Partners [Business Share]: M/S. Raju International [51.000%] , M/S. Sharif & Sons [49.000%] )",co0294,M/S. Raju International,SS RI JV JVCA PARTNERS BUSINESS SHARE M S RAJU INTERNATIONAL 51 000 M S SHARIF SONS 49 000,RAJU INTERNATIONAL,one name's words are all contained in the other,,no,Contract_Awards_PDFs/Tender_528756.pdf,Contract_Awards_PDFs/Tender_948746.pdf
company,co0201,"SC & ARE JV ( JVCA Partners [Business Share]: M/S. A. R. Enterprise [49.000%] , M/S. Sapna Construction [51.000%] )",co0251,M/S S.R Construction,SC ARE JV JVCA PARTNERS BUSINESS SHARE M S A R ENTERPRISE 49 000 M S SAPNA CONSTRUCTION 51 000,S R CONSTRUCTION,one name's words are all contained in the other,,no,Contract_Awards_PDFs/Tender_528758.pdf,Contract_Awards_PDFs/Tender_827087.pdf;Contract_Awards_PDFs/Tender_835847.pdf
company,co0201,"SC & ARE JV ( JVCA Partners [Business Share]: M/S. A. R. Enterprise [49.000%] , M/S. Sapna Construction [51.000%] )",co0270,M/s. M.R. Construction,SC ARE JV JVCA PARTNERS BUSINESS SHARE M S A R ENTERPRISE 49 000 M S SAPNA CONSTRUCTION 51 000,M R CONSTRUCTION,one name's words are all contained in the other,,no,Contract_Awards_PDFs/Tender_528758.pdf,Contract_Awards_PDFs/Tender_870250.pdf
company,co0201,"SC & ARE JV ( JVCA Partners [Business Share]: M/S. A. R. Enterprise [49.000%] , M/S. Sapna Construction [51.000%] )",co0276,R R Enterprise,SC ARE JV JVCA PARTNERS BUSINESS SHARE M S A R ENTERPRISE 49 000 M S SAPNA CONSTRUCTION 51 000,R R ENTERPRISE,one name's words are all contained in the other,,no,Contract_Awards_PDFs/Tender_528758.pdf,Contract_Awards_PDFs/Tender_916128.pdf;Contract_Awards_PDFs/Tender_925146.pdf;Contract_Awards_PDFs/Tender_937128.pdf
company,co0215,M/s J S Enterprise,co0236,H.A Enterprise,J S ENTERPRISE,H A ENTERPRISE,differs by at most two characters,edit distance <= 2,no,Contract_Awards_PDFs/Tender_614376.pdf;Contract_Awards_PDFs/Tender_863109.pdf,Contract_Awards_PDFs/Tender_681465.pdf;Contract_Awards_PDFs/Tender_808097.pdf;Contract_Awards_PDFs/Tender_925988.pdf;Contract_Awards_PDFs/Tender_963987.pdf
company,co0215,M/s J S Enterprise,co0276,R R Enterprise,J S ENTERPRISE,R R ENTERPRISE,differs by at most two characters,edit distance <= 2,no,Contract_Awards_PDFs/Tender_614376.pdf;Contract_Awards_PDFs/Tender_863109.pdf,Contract_Awards_PDFs/Tender_916128.pdf;Contract_Awards_PDFs/Tender_925146.pdf;Contract_Awards_PDFs/Tender_937128.pdf
company,co0218,"SCL-LB-KEC JV ( JVCA Partners [Business Share]: M/S. KARIM ENTERPRISE & CONSTRUCTION [30.000%] , Sun Flower Construction Ltd. [40.000%] , M/S LABON & BROTHERS [30.000%] )",co0227,M/S LABON & BROTHERS,SCL LB KEC JV JVCA PARTNERS BUSINESS SHARE M S KARIM ENTERPRISE CONSTRUCTION 30 000 SUN FLOWER CONSTRUCTION LTD 40 000 M S LABON BROTHERS 30 000,LABON BROTHERS,one name's words are all contained in the other,,no,Contract_Awards_PDFs/Tender_617807.pdf,Contract_Awards_PDFs/Tender_647467.pdf
company,co0236,H.A Enterprise,co0276,R R Enterprise,H A ENTERPRISE,R R ENTERPRISE,differs by at most two characters,edit distance <= 2,no,Contract_Awards_PDFs/Tender_681465.pdf;Contract_Awards_PDFs/Tender_808097.pdf;Contract_Awards_PDFs/Tender_925988.pdf;Contract_Awards_PDFs/Tender_963987.pdf,Contract_Awards_PDFs/Tender_916128.pdf;Contract_Awards_PDFs/Tender_925146.pdf;Contract_Awards_PDFs/Tender_937128.pdf
company,co0251,M/S S.R Construction,co0257,"SUNNY-RS-TML JV ( JVCA Partners [Business Share]: M/S Sunny Construction [50.000%] , TRADEMAJESTIC LIMITED [25.000%] , M/S. R.S ENTERPRISE [25.000%] )",S R CONSTRUCTION,SUNNY RS TML JV JVCA PARTNERS BUSINESS SHARE M S SUNNY CONSTRUCTION 50 000 TRADEMAJESTIC LIMITED 25 000 M S R S ENTERPRISE 25 000,one name's words are all contained in the other,,no,Contract_Awards_PDFs/Tender_827087.pdf;Contract_Awards_PDFs/Tender_835847.pdf,Contract_Awards_PDFs/Tender_848555.pdf
company,co0251,M/S S.R Construction,co0270,M/s. M.R. Construction,S R CONSTRUCTION,M R CONSTRUCTION,differs by at most two characters,edit distance <= 2,no,Contract_Awards_PDFs/Tender_827087.pdf;Contract_Awards_PDFs/Tender_835847.pdf,Contract_Awards_PDFs/Tender_870250.pdf
company,co0257,"SUNNY-RS-TML JV ( JVCA Partners [Business Share]: M/S Sunny Construction [50.000%] , TRADEMAJESTIC LIMITED [25.000%] , M/S. R.S ENTERPRISE [25.000%] )",co0270,M/s. M.R. Construction,SUNNY RS TML JV JVCA PARTNERS BUSINESS SHARE M S SUNNY CONSTRUCTION 50 000 TRADEMAJESTIC LIMITED 25 000 M S R S ENTERPRISE 25 000,M R CONSTRUCTION,one name's words are all contained in the other,,no,Contract_Awards_PDFs/Tender_848555.pdf,Contract_Awards_PDFs/Tender_870250.pdf
company,co0257,"SUNNY-RS-TML JV ( JVCA Partners [Business Share]: M/S Sunny Construction [50.000%] , TRADEMAJESTIC LIMITED [25.000%] , M/S. R.S ENTERPRISE [25.000%] )",co0276,R R Enterprise,SUNNY RS TML JV JVCA PARTNERS BUSINESS SHARE M S SUNNY CONSTRUCTION 50 000 TRADEMAJESTIC LIMITED 25 000 M S R S ENTERPRISE 25 000,R R ENTERPRISE,one name's words are all contained in the other,,no,Contract_Awards_PDFs/Tender_848555.pdf,Contract_Awards_PDFs/Tender_916128.pdf;Contract_Awards_PDFs/Tender_925146.pdf;Contract_Awards_PDFs/Tender_937128.pdf
company,co0261,"Noor Hossain Ltd. (JV) ( JVCA Partners [Business Share]: MD. DOLLAR [80.000%] , Noor Hossain Limited [20.000%] )",co0289,MD. DOLLAR,NOOR HOSSAIN LTD JV JVCA PARTNERS BUSINESS SHARE MD DOLLAR 80 000 NOOR HOSSAIN LIMITED 20 000,MD DOLLAR,one name's words are all contained in the other,,no,Contract_Awards_PDFs/Tender_859008.pdf,Contract_Awards_PDFs/Tender_941590.pdf;Contract_Awards_PDFs/Tender_976553.pdf
company,co0269,DIENCO LIMITED,co0287,"DIENCO-MIR AKHTER JV ( JVCA Partners [Business Share]: DIENCO LIMITED [50.000%] , MIR AKHTER HOSSAIN LIMITED [50.000%] )",DIENCO LIMITED,DIENCO MIR AKHTER JV JVCA PARTNERS BUSINESS SHARE DIENCO LIMITED 50 000 MIR AKHTER HOSSAIN LIMITED 50 000,one name's words are all contained in the other,,no,Contract_Awards_PDFs/Tender_868640.pdf,Contract_Awards_PDFs/Tender_941420.pdf
company,co0274,"SS-RI JV ( JVCA Partners [Business Share]: M/S. Raju International [49.000%] , M/S. Sharif & Sons [51.000%] )",co0294,M/S. Raju International,SS RI JV JVCA PARTNERS BUSINESS SHARE M S RAJU INTERNATIONAL 49 000 M S SHARIF SONS 51 000,RAJU INTERNATIONAL,one name's words are all contained in the other,,no,Contract_Awards_PDFs/Tender_901824.pdf,Contract_Awards_PDFs/Tender_948746.pdf
company,co0276,R R Enterprise,co0306,"IH-RSE-SHJ (JV) ( JVCA Partners [Business Share]: M/S Saiful Hasan Joarder [25.000%] , M/S R. S. Enterprise [35.000%] , M/S ISMAIL HOSSAIN [40.000%] )",R R ENTERPRISE,IH RSE SHJ JV JVCA PARTNERS BUSINESS SHARE M S SAIFUL HASAN JOARDER 25 000 M S R S ENTERPRISE 35 000 M S ISMAIL HOSSAIN 40 000,one name's words are all contained in the other,,no,Contract_Awards_PDFs/Tender_916128.pdf;Contract_Awards_PDFs/Tender_925146.pdf;Contract_Awards_PDFs/Tender_937128.pdf,Contract_Awards_PDFs/Tender_975516.pdf
company,co0276,R R Enterprise,co0309,"IH-RSE (JV) ( JVCA Partners [Business Share]: M/S R. S. Enterprise [60.000%] , M/S ISMAIL HOSSAIN [40.000%] )",R R ENTERPRISE,IH RSE JV JVCA PARTNERS BUSINESS SHARE M S R S ENTERPRISE 60 000 M S ISMAIL HOSSAIN 40 000,one name's words are all contained in the other,,no,Contract_Awards_PDFs/Tender_916128.pdf;Contract_Awards_PDFs/Tender_925146.pdf;Contract_Awards_PDFs/Tender_937128.pdf,Contract_Awards_PDFs/Tender_991635.pdf
person,pp0017,Md. Mahfuzur Rahman,pp0092,Mr. Md. Mahfuzur Rahman,MD MAHFUZUR RAHMAN,MR MD MAHFUZUR RAHMAN,one name's words are all contained in the other,,no,Contract_Awards_PDFs/Tender_108836.pdf;Contract_Awards_PDFs/Tender_189939.pdf;Contract_Awards_PDFs/Tender_189944.pdf;Contract_Awards_PDFs/Tender_215555.pdf;Contract_Awards_PDFs/Tender_99692.pdf,Contract_Awards_PDFs/Tender_212401.pdf;Tender Notice_PDFs/CDA_Tender_178554.pdf;Tender Notice_PDFs/CDA_Tender_212401.pdf
person,pp0023,Freedom Fighter Principal Md. Bazlur Rahman,pp0136,Freedom Fighter Principal Md. Bazlur,FREEDOM FIGHTER PRINCIPAL MD BAZLUR RAHMAN,FREEDOM FIGHTER PRINCIPAL MD BAZLUR,one name's words are all contained in the other,,no,Contract_Awards_PDFs/Tender_112012.pdf;Contract_Awards_PDFs/Tender_207700.pdf;Contract_Awards_PDFs/Tender_284197.pdf;Contract_Awards_PDFs/Tender_291722.pdf;Contract_Awards_PDFs/Tender_322093.pdf,Tender Notice_PDFs/RDA_Tender_112012.pdf;Tender Notice_PDFs/RDA_Tender_207700.pdf;Tender Notice_PDFs/RDA_Tender_284197.pdf;Tender Notice_PDFs/RDA_Tender_291722.pdf;Tender Notice_PDFs/RDA_Tender_300507.pdf
person,pp0025,Md. Anwar Hossain,pp0097,Md. Anwar Hussain,MD ANWAR HOSSAIN,MD ANWAR HUSSAIN,differs by at most two characters,edit distance <= 2,no,Contract_Awards_PDFs/Tender_113428.pdf;Contract_Awards_PDFs/Tender_119326.pdf;Contract_Awards_PDFs/Tender_119545.pdf;Contract_Awards_PDFs/Tender_125874.pdf;Contract_Awards_PDFs/Tender_125877.pdf,Contract_Awards_PDFs/Tender_383988.pdf;Contract_Awards_PDFs/Tender_595725.pdf;Contract_Awards_PDFs/Tender_638918.pdf;Contract_Awards_PDFs/Tender_658227.pdf;Contract_Awards_PDFs/Tender_680144.pdf
person,pp0053,A S M Raihanul Ferodus,pp0084,A S M Raihanul Ferdous,A S M RAIHANUL FERODUS,A S M RAIHANUL FERDOUS,differs by at most two characters,edit distance <= 2,no,Contract_Awards_PDFs/Tender_119636.pdf;Contract_Awards_PDFs/Tender_125042.pdf;Contract_Awards_PDFs/Tender_125294.pdf;Contract_Awards_PDFs/Tender_144571.pdf;Contract_Awards_PDFs/Tender_146376.pdf,Contract_Awards_PDFs/Tender_134910.pdf;Contract_Awards_PDFs/Tender_214561.pdf;Contract_Awards_PDFs/Tender_236241.pdf;Contract_Awards_PDFs/Tender_236242.pdf;Contract_Awards_PDFs/Tender_248616.pdf
person,pp0069,Md Mostafa Jamal,pp0135,Md.Mostafa Kamal,MD MOSTAFA JAMAL,MD MOSTAFA KAMAL,differs by at most two characters,edit distance <= 2,no,Contract_Awards_PDFs/Tender_1231413.pdf;Contract_Awards_PDFs/Tender_1267626.pdf;Contract_Awards_PDFs/Tender_192714.pdf;Contract_Awards_PDFs/Tender_423315.pdf;Contract_Awards_PDFs/Tender_514221.pdf,Tender Notice_PDFs/RAJUK_Tender_214561.pdf;Tender Notice_PDFs/RAJUK_Tender_236033.pdf;Tender Notice_PDFs/RAJUK_Tender_236036.pdf;Tender Notice_PDFs/RAJUK_Tender_236043.pdf;Tender Notice_PDFs/RAJUK_Tender_236045.pdf
person,pp0073,Ripon Kumer Roy,pp0130,REOI Ripon Kumer Roy,RIPON KUMER ROY,REOI RIPON KUMER ROY,one name's words are all contained in the other,,no,Contract_Awards_PDFs/Tender_1251756.pdf;Contract_Awards_PDFs/Tender_1251766.pdf;Contract_Awards_PDFs/Tender_1261854.pdf;Tender Notice_PDFs/GDA_Tender_1251658.pdf;Tender Notice_PDFs/GDA_Tender_1251756.pdf,Tender Notice_PDFs/GDA_Tender_1257174.pdf
person,pp0076,Md. Mumitur Rahman,pp0131,REOI Md. Mumitur Rahman,MD MUMITUR RAHMAN,REOI MD MUMITUR RAHMAN,one name's words are all contained in the other,,no,Contract_Awards_PDFs/Tender_1253316.pdf;Contract_Awards_PDFs/Tender_1261983.pdf;Tender Notice_PDFs/GDA_Tender_1253316.pdf;Tender Notice_PDFs/GDA_Tender_1253318.pdf;Tender Notice_PDFs/GDA_Tender_1253320.pdf,Tender Notice_PDFs/GDA_Tender_1257398.pdf;Tender Notice_PDFs/GDA_Tender_1257431.pdf
person,pp0088,Mr. Abdul Latif Helaly,pp0093,Abdul Latif Helaly,MR ABDUL LATIF HELALY,ABDUL LATIF HELALY,one name's words are all contained in the other,,no,Contract_Awards_PDFs/Tender_164878.pdf;Contract_Awards_PDFs/Tender_174037.pdf;Contract_Awards_PDFs/Tender_178196.pdf;Contract_Awards_PDFs/Tender_199942.pdf;Tender Notice_PDFs/RAJUK_Tender_164878.pdf,Contract_Awards_PDFs/Tender_237820.pdf;Contract_Awards_PDFs/Tender_251224.pdf;Contract_Awards_PDFs/Tender_251227.pdf;Contract_Awards_PDFs/Tender_292111.pdf;Contract_Awards_PDFs/Tender_293004.pdf
person,pp0106,Lt Col Md Khijir Khan,pp0113,Md. Khijir Khan,LT COL MD KHIJIR KHAN,MD KHIJIR KHAN,one name's words are all contained in the other,,no,Contract_Awards_PDFs/Tender_548292.pdf;Contract_Awards_PDFs/Tender_548589.pdf;Contract_Awards_PDFs/Tender_549164.pdf;Contract_Awards_PDFs/Tender_549299.pdf;Contract_Awards_PDFs/Tender_549431.pdf,Contract_Awards_PDFs/Tender_781011.pdf;Contract_Awards_PDFs/Tender_808097.pdf;Contract_Awards_PDFs/Tender_827087.pdf;Tender Notice_PDFs/COXDA_Tender_808075.pdf;Tender Notice_PDFs/COXDA_Tender_808097.pdf
person,pp0125,Mohammed Mahafuzur Rahman,pp0126,REOI Mohammed Mahafuzur Rahman,MOHAMMED MAHAFUZUR RAHMAN,REOI MOHAMMED MAHAFUZUR RAHMAN,one name's words are all contained in the other,,no,Tender Notice_PDFs/CDA_Tender_1124277.pdf;Tender Notice_PDFs/CDA_Tender_265155.pdf;Tender Notice_PDFs/CDA_Tender_469159.pdf;Tender Notice_PDFs/CDA_Tender_782755.pdf;Tender Notice_PDFs/CDA_Tender_814522.pdf,Tender Notice_PDFs/CDA_Tender_1266322.pdf
organization,og0001,Ministry of Housing and Public Works,og0107,Ministry of Housing and,MINISTRY OF HOUSING AND PUBLIC WORKS,MINISTRY OF HOUSING AND,one name's words are all contained in the other,,no,Contract_Awards_PDFs/Tender_1000267.pdf;Contract_Awards_PDFs/Tender_1000426.pdf;Contract_Awards_PDFs/Tender_1000945.pdf;Contract_Awards_PDFs/Tender_1001120.pdf;Contract_Awards_PDFs/Tender_1001460.pdf,Tender Notice_PDFs/RAJUK_Tender_248630.pdf
organization,og0002,Rajdhani Unnayan Kartripakkha (RAJUK),og0108,Rajdhani Unnayan Procuring Entity Name office of the Chief Kartripakkha (RAJUK) : Engineer ( Project & Design),RAJDHANI UNNAYAN KARTRIPAKKHA RAJUK,RAJDHANI UNNAYAN PROCURING ENTITY NAME OFFICE OF THE CHIEF KARTRIPAKKHA RAJUK ENGINEER PROJECT DESIGN,one name's words are all contained in the other,,no,Contract_Awards_PDFs/Tender_1000267.pdf;Contract_Awards_PDFs/Tender_1000945.pdf;Contract_Awards_PDFs/Tender_1001120.pdf;Contract_Awards_PDFs/Tender_1001460.pdf;Contract_Awards_PDFs/Tender_1001461.pdf,Tender Notice_PDFs/RAJUK_Tender_248630.pdf
organization,og0003,Superintending Engineer (Civil Circle-3),og0007,Superintending Engineer (Civil Circle-1),SUPERINTENDING ENGINEER CIVIL CIRCLE 3,SUPERINTENDING ENGINEER CIVIL CIRCLE 1,differs by at most two characters,edit distance <= 2,no,Contract_Awards_PDFs/Tender_1000267.pdf;Contract_Awards_PDFs/Tender_1035179.pdf;Contract_Awards_PDFs/Tender_507537.pdf;Tender Notice_PDFs/RAJUK_Tender_1000267.pdf;Tender Notice_PDFs/RAJUK_Tender_1035179.pdf,Contract_Awards_PDFs/Tender_1001120.pdf;Contract_Awards_PDFs/Tender_1001613.pdf;Contract_Awards_PDFs/Tender_1123494.pdf;Contract_Awards_PDFs/Tender_510186.pdf;Contract_Awards_PDFs/Tender_514341.pdf
organization,og0003,Superintending Engineer (Civil Circle-3),og0014,Superintending Engineer (Civil Circle-4),SUPERINTENDING ENGINEER CIVIL CIRCLE 3,SUPERINTENDING ENGINEER CIVIL CIRCLE 4,differs by at most two characters,edit distance <= 2,no,Contract_Awards_PDFs/Tender_1000267.pdf;Contract_Awards_PDFs/Tender_1035179.pdf;Contract_Awards_PDFs/Tender_507537.pdf;Tender Notice_PDFs/RAJUK_Tender_1000267.pdf;Tender Notice_PDFs/RAJUK_Tender_1035179.pdf,Contract_Awards_PDFs/Tender_1007300.pdf;Contract_Awards_PDFs/Tender_1013268.pdf;Contract_Awards_PDFs/Tender_1013270.pdf;Contract_Awards_PDFs/Tender_1081213.pdf;Contract_Awards_PDFs/Tender_1082494.pdf
organization,og0003,Superintending Engineer (Civil Circle-3),og0080,Superintending Engineer (Civil Circle-2),SUPERINTENDING ENGINEER CIVIL CIRCLE 3,SUPERINTENDING ENGINEER CIVIL CIRCLE 2,differs by at most two characters,edit distance <= 2,no,Contract_Awards_PDFs/Tender_1000267.pdf;Contract_Awards_PDFs/Tender_1035179.pdf;Contract_Awards_PDFs/Tender_507537.pdf;Tender Notice_PDFs/RAJUK_Tender_1000267.pdf;Tender Notice_PDFs/RAJUK_Tender_1035179.pdf,Contract_Awards_PDFs/Tender_926623.pdf;Tender Notice_PDFs/RAJUK_Tender_926623.pdf
organization,og0005,Office of the Project Director,og0022,Office of the Project Director (KDA Bus Terminal),OFFICE OF THE PROJECT DIRECTOR,OFFICE OF THE PROJECT DIRECTOR KDA BUS TERMINAL,one name's words are all contained in the other,,no,Contract_Awards_PDFs/Tender_1000426.pdf;Contract_Awards_PDFs/Tender_860822.pdf;Contract_Awards_PDFs/Tender_860823.pdf;Contract_Awards_PDFs/Tender_935863.pdf;Contract_Awards_PDFs/Tender_941603.pdf,Contract_Awards_PDFs/Tender_1037582.pdf;Contract_Awards_PDFs/Tender_867256.pdf;Tender Notice_PDFs/KDA_Tender_1037582.pdf;Tender Notice_PDFs/KDA_Tender_867256.pdf
organization,og0005,Office of the Project Director,og0034,"Office of the Project Director, CoxDA Residential Flat Project-1",OFFICE OF THE PROJECT DIRECTOR,OFFICE OF THE PROJECT DIRECTOR COXDA RESIDENTIAL FLAT PROJECT 1,one name's words are all contained in the other,,no,Contract_Awards_PDFs/Tender_1000426.pdf;Contract_Awards_PDFs/Tender_860822.pdf;Contract_Awards_PDFs/Tender_860823.pdf;Contract_Awards_PDFs/Tender_935863.pdf;Contract_Awards_PDFs/Tender_941603.pdf,Contract_Awards_PDFs/Tender_1152584.pdf;Contract_Awards_PDFs/Tender_1152671.pdf;Contract_Awards_PDFs/Tender_1152766.pdf;Contract_Awards_PDFs/Tender_971720.pdf;Tender Notice_PDFs/COXDA_Tender_1152584.pdf
organization,og0005,Office of the Project Director,og0039,Office of the Project Director (KDA Rest House Project-Khulna),OFFICE OF THE PROJECT DIRECTOR,OFFICE OF THE PROJECT DIRECTOR KDA REST HOUSE PROJECT KHULNA,one name's words are all contained in the other,,no,Contract_Awards_PDFs/Tender_1000426.pdf;Contract_Awards_PDFs/Tender_860822.pdf;Contract_Awards_PDFs/Tender_860823.pdf;Contract_Awards_PDFs/Tender_935863.pdf;Contract_Awards_PDFs/Tender_941603.pdf,Contract_Awards_PDFs/Tender_124055.pdf;Tender Notice_PDFs/KDA_Tender_124055.pdf
organization,og0005,Office of the Project Director,og0050,"Office of the Project Director, Urban Resilience Project-RAJUK Part,RAJUK,Dhaka",OFFICE OF THE PROJECT DIRECTOR,OFFICE OF THE PROJECT DIRECTOR URBAN RESILIENCE PROJECT RAJUK PART RAJUK DHAKA,one name's words are all contained in the other,,no,Contract_Awards_PDFs/Tender_1000426.pdf;Contract_Awards_PDFs/Tender_860822.pdf;Contract_Awards_PDFs/Tender_860823.pdf;Contract_Awards_PDFs/Tender_935863.pdf;Contract_Awards_PDFs/Tender_941603.pdf,Contract_Awards_PDFs/Tender_164878.pdf;Contract_Awards_PDFs/Tender_174037.pdf;Contract_Awards_PDFs/Tender_178196.pdf;Contract_Awards_PDFs/Tender_199942.pdf;Contract_Awards_PDFs/Tender_237820.pdf
organization,og0005,Office of the Project Director,og0074,Office of the Project Director (KDA Bipone Bitan),OFFICE OF THE PROJECT DIRECTOR,OFFICE OF THE PROJECT DIRECTOR KDA BIPONE BITAN,one name's words are all contained in the other,,no,Contract_Awards_PDFs/Tender_1000426.pdf;Contract_Awards_PDFs/Tender_860822.pdf;Contract_Awards_PDFs/Tender_860823.pdf;Contract_Awards_PDFs/Tender_935863.pdf;Contract_Awards_PDFs/Tender_941603.pdf,Contract_Awards_PDFs/Tender_783087.pdf;Tender Notice_PDFs/KDA_Tender_1146762.pdf;Tender Notice_PDFs/KDA_Tender_1229751.pdf;Tender Notice_PDFs/KDA_Tender_783087.pdf
organization,og0005,Office of the Project Director,og0075,Office of the Project Director (3Link Road),OFFICE OF THE PROJECT DIRECTOR,OFFICE OF THE PROJECT DIRECTOR 3LINK ROAD,one name's words are all contained in the other,,no,Contract_Awards_PDFs/Tender_1000426.pdf;Contract_Awards_PDFs/Tender_860822.pdf;Contract_Awards_PDFs/Tender_860823.pdf;Contract_Awards_PDFs/Tender_935863.pdf;Contract_Awards_PDFs/Tender_941603.pdf,Contract_Awards_PDFs/Tender_868640.pdf;Contract_Awards_PDFs/Tender_941420.pdf;Contract_Awards_PDFs/Tender_975516.pdf;Contract_Awards_PDFs/Tender_991635.pdf;Tender Notice_PDFs/KDA_Tender_868640.pdf
organization,og0005,Office of the Project Director,og0102,Office of the Project Director (KDA Multipurpose Building),OFFICE OF THE PROJECT DIRECTOR,OFFICE OF THE PROJECT DIRECTOR KDA MULTIPURPOSE BUILDING,one name's words are all contained in the other,,no,Contract_Awards_PDFs/Tender_1000426.pdf;Contract_Awards_PDFs/Tender_860822.pdf;Contract_Awards_PDFs/Tender_860823.pdf;Contract_Awards_PDFs/Tender_935863.pdf;Contract_Awards_PDFs/Tender_941603.pdf,Tender Notice_PDFs/KDA_Tender_1007160.pdf;Tender Notice_PDFs/KDA_Tender_1020481.pdf
organization,og0007,Superintending Engineer (Civil Circle-1),og0014,Superintending Engineer (Civil Circle-4),SUPERINTENDING ENGINEER CIVIL CIRCLE 1,SUPERINTENDING ENGINEER CIVIL CIRCLE 4,differs by at most two characters,edit distance <= 2,no,Contract_Awards_PDFs/Tender_1001120.pdf;Contract_Awards_PDFs/Tender_1001613.pdf;Contract_Awards_PDFs/Tender_1123494.pdf;Contract_Awards_PDFs/Tender_510186.pdf;Contract_Awards_PDFs/Tender_514341.pdf,Contract_Awards_PDFs/Tender_1007300.pdf;Contract_Awards_PDFs/Tender_1013268.pdf;Contract_Awards_PDFs/Tender_1013270.pdf;Contract_Awards_PDFs/Tender_1081213.pdf;Contract_Awards_PDFs/Tender_1082494.pdf
organization,og0007,Superintending Engineer (Civil Circle-1),og0080,Superintending Engineer (Civil Circle-2),SUPERINTENDING ENGINEER CIVIL CIRCLE 1,SUPERINTENDING ENGINEER CIVIL CIRCLE 2,differs by at most two characters,edit distance <= 2,no,Contract_Awards_PDFs/Tender_1001120.pdf;Contract_Awards_PDFs/Tender_1001613.pdf;Contract_Awards_PDFs/Tender_1123494.pdf;Contract_Awards_PDFs/Tender_510186.pdf;Contract_Awards_PDFs/Tender_514341.pdf,Contract_Awards_PDFs/Tender_926623.pdf;Tender Notice_PDFs/RAJUK_Tender_926623.pdf
organization,og0009,Chittagong Development Authority,og0031,"Project Director(M.Uddin), Chittagong Development Authority",CHITTAGONG DEVELOPMENT AUTHORITY,PROJECT DIRECTOR M UDDIN CHITTAGONG DEVELOPMENT AUTHORITY,one name's words are all contained in the other,,no,Contract_Awards_PDFs/Tender_1001782.pdf;Contract_Awards_PDFs/Tender_1001843.pdf;Contract_Awards_PDFs/Tender_100483.pdf;Contract_Awards_PDFs/Tender_101083.pdf;Contract_Awards_PDFs/Tender_1023333.pdf,Contract_Awards_PDFs/Tender_1128572.pdf;Contract_Awards_PDFs/Tender_598954.pdf;Contract_Awards_PDFs/Tender_614376.pdf;Contract_Awards_PDFs/Tender_616340.pdf;Contract_Awards_PDFs/Tender_631780.pdf
organization,og0009,Chittagong Development Authority,og0068,"Project Director(KK Newaz), Chittagong Development Authority",CHITTAGONG DEVELOPMENT AUTHORITY,PROJECT DIRECTOR KK NEWAZ CHITTAGONG DEVELOPMENT AUTHORITY,one name's words are all contained in the other,,no,Contract_Awards_PDFs/Tender_1001782.pdf;Contract_Awards_PDFs/Tender_1001843.pdf;Contract_Awards_PDFs/Tender_100483.pdf;Contract_Awards_PDFs/Tender_101083.pdf;Contract_Awards_PDFs/Tender_1023333.pdf,Contract_Awards_PDFs/Tender_596661.pdf;Contract_Awards_PDFs/Tender_735107.pdf;Contract_Awards_PDFs/Tender_736874.pdf;Tender Notice_PDFs/CDA_Tender_596661.pdf;Tender Notice_PDFs/CDA_Tender_735107.pdf
organization,og0014,Superintending Engineer (Civil Circle-4),og0080,Superintending Engineer (Civil Circle-2),SUPERINTENDING ENGINEER CIVIL CIRCLE 4,SUPERINTENDING ENGINEER CIVIL CIRCLE 2,differs by at most two characters,edit distance <= 2,no,Contract_Awards_PDFs/Tender_1007300.pdf;Contract_Awards_PDFs/Tender_1013268.pdf;Contract_Awards_PDFs/Tender_1013270.pdf;Contract_Awards_PDFs/Tender_1081213.pdf;Contract_Awards_PDFs/Tender_1082494.pdf,Contract_Awards_PDFs/Tender_926623.pdf;Tender Notice_PDFs/RAJUK_Tender_926623.pdf
organization,og0021,"Construction Division-1, Chattogram Development Authority",og0097,Construction Division-1,CONSTRUCTION DIVISION 1 CHATTOGRAM DEVELOPMENT AUTHORITY,CONSTRUCTION DIVISION 1,one name's words are all contained in the other,,no,Contract_Awards_PDFs/Tender_1023333.pdf;Contract_Awards_PDFs/Tender_824096.pdf;Contract_Awards_PDFs/Tender_851863.pdf;Contract_Awards_PDFs/Tender_851864.pdf;Contract_Awards_PDFs/Tender_851865.pdf,Tender Notice_PDFs/CDA_Tender_507215.pdf;Tender Notice_PDFs/CDA_Tender_527700.pdf;Tender Notice_PDFs/CDA_Tender_528774.pdf;Tender Notice_PDFs/CDA_Tender_547817.pdf
organization,og0028,Local Government Engineering Department (LGED),og0095,Local Government Engineering,LOCAL GOVERNMENT ENGINEERING DEPARTMENT LGED,LOCAL GOVERNMENT ENGINEERING,one name's words are all contained in the other,,no,Contract_Awards_PDFs/Tender_111480.pdf;Contract_Awards_PDFs/Tender_159826.pdf;Contract_Awards_PDFs/Tender_168749.pdf;Contract_Awards_PDFs/Tender_42800.pdf,Tender Notice_PDFs/CDA_Tender_42800.pdf;Tender Notice_PDFs/RAJUK_Tender_111480.pdf;Tender Notice_PDFs/RAJUK_Tender_159826.pdf;Tender Notice_PDFs/RAJUK_Tender_168749.pdf
organization,og0029,"Office of the Executive Engineer, LGED, Satkhira",og0104,"Office of the Executive Engineer, LGED, Department (LGED) Satkhira",OFFICE OF THE EXECUTIVE ENGINEER LGED SATKHIRA,OFFICE OF THE EXECUTIVE ENGINEER LGED DEPARTMENT LGED SATKHIRA,one name's words are all contained in the other,,no,Contract_Awards_PDFs/Tender_111480.pdf,Tender Notice_PDFs/RAJUK_Tender_111480.pdf
organization,og0030,Office of the Chairman,og0069,Office of the Chaiman,OFFICE OF THE CHAIRMAN,OFFICE OF THE CHAIMAN,differs by at most two characters,edit distance <= 2,no,Contract_Awards_PDFs/Tender_112012.pdf;Contract_Awards_PDFs/Tender_1140112.pdf;Contract_Awards_PDFs/Tender_1140113.pdf;Contract_Awards_PDFs/Tender_1142188.pdf;Contract_Awards_PDFs/Tender_1234511.pdf,Contract_Awards_PDFs/Tender_64165.pdf;Tender Notice_PDFs/RDA_Tender_64165.pdf
organization,og0031,"Project Director(M.Uddin), Chittagong Development Authority",og0057,Project Director(M.Uddin),PROJECT DIRECTOR M UDDIN CHITTAGONG DEVELOPMENT AUTHORITY,PROJECT DIRECTOR M UDDIN,one name's words are all contained in the other,,no,Contract_Awards_PDFs/Tender_1128572.pdf;Contract_Awards_PDFs/Tender_598954.pdf;Contract_Awards_PDFs/Tender_614376.pdf;Contract_Awards_PDFs/Tender_616340.pdf;Contract_Awards_PDFs/Tender_631780.pdf,Contract_Awards_PDFs/Tender_234888.pdf;Contract_Awards_PDFs/Tender_235131.pdf;Contract_Awards_PDFs/Tender_235166.pdf;Contract_Awards_PDFs/Tender_309557.pdf;Contract_Awards_PDFs/Tender_360423.pdf
organization,og0032,Office of the Chief Engineer (Implementation),og0045,Office of Chief Engineer,OFFICE OF THE CHIEF ENGINEER IMPLEMENTATION,OFFICE OF CHIEF ENGINEER,one name's words are all contained in the other,,no,Contract_Awards_PDFs/Tender_113428.pdf;Contract_Awards_PDFs/Tender_119326.pdf;Contract_Awards_PDFs/Tender_119545.pdf;Contract_Awards_PDFs/Tender_125874.pdf;Contract_Awards_PDFs/Tender_125877.pdf,Contract_Awards_PDFs/Tender_149365.pdf;Contract_Awards_PDFs/Tender_277364.pdf;Contract_Awards_PDFs/Tender_277365.pdf;Contract_Awards_PDFs/Tender_277368.pdf;Contract_Awards_PDFs/Tender_277369.pdf
organization,og0036,office of the Chief Engineer ( Project & Design),og0045,Office of Chief Engineer,OFFICE OF THE CHIEF ENGINEER PROJECT DESIGN,OFFICE OF CHIEF ENGINEER,one name's words are all contained in the other,,no,Contract_Awards_PDFs/Tender_119636.pdf;Contract_Awards_PDFs/Tender_125042.pdf;Contract_Awards_PDFs/Tender_125294.pdf;Contract_Awards_PDFs/Tender_134910.pdf;Contract_Awards_PDFs/Tender_144571.pdf,Contract_Awards_PDFs/Tender_149365.pdf;Contract_Awards_PDFs/Tender_277364.pdf;Contract_Awards_PDFs/Tender_277365.pdf;Contract_Awards_PDFs/Tender_277368.pdf;Contract_Awards_PDFs/Tender_277369.pdf
organization,og0036,office of the Chief Engineer ( Project & Design),og0052,office of Chief Engineer ( Project & Design),OFFICE OF THE CHIEF ENGINEER PROJECT DESIGN,OFFICE OF CHIEF ENGINEER PROJECT DESIGN,identical once legal-form words are set aside,,no,Contract_Awards_PDFs/Tender_119636.pdf;Contract_Awards_PDFs/Tender_125042.pdf;Contract_Awards_PDFs/Tender_125294.pdf;Contract_Awards_PDFs/Tender_134910.pdf;Contract_Awards_PDFs/Tender_144571.pdf,Contract_Awards_PDFs/Tender_18994.pdf;Tender Notice_PDFs/RAJUK_Tender_18994.pdf
organization,og0036,office of the Chief Engineer ( Project & Design),og0108,Rajdhani Unnayan Procuring Entity Name office of the Chief Kartripakkha (RAJUK) : Engineer ( Project & Design),OFFICE OF THE CHIEF ENGINEER PROJECT DESIGN,RAJDHANI UNNAYAN PROCURING ENTITY NAME OFFICE OF THE CHIEF KARTRIPAKKHA RAJUK ENGINEER PROJECT DESIGN,one name's words are all contained in the other,,no,Contract_Awards_PDFs/Tender_119636.pdf;Contract_Awards_PDFs/Tender_125042.pdf;Contract_Awards_PDFs/Tender_125294.pdf;Contract_Awards_PDFs/Tender_134910.pdf;Contract_Awards_PDFs/Tender_144571.pdf,Tender Notice_PDFs/RAJUK_Tender_248630.pdf
organization,og0040,Gazipur Development Authority,og0041,"Office of the Chief Engineer, Gazipur Development Authority",GAZIPUR DEVELOPMENT AUTHORITY,OFFICE OF THE CHIEF ENGINEER GAZIPUR DEVELOPMENT AUTHORITY,one name's words are all contained in the other,,no,Contract_Awards_PDFs/Tender_1251756.pdf;Contract_Awards_PDFs/Tender_1251766.pdf;Contract_Awards_PDFs/Tender_1253316.pdf;Contract_Awards_PDFs/Tender_1253428.pdf;Contract_Awards_PDFs/Tender_1257073.pdf,Contract_Awards_PDFs/Tender_1251756.pdf;Contract_Awards_PDFs/Tender_1251766.pdf;Contract_Awards_PDFs/Tender_1261854.pdf;Tender Notice_PDFs/GDA_Tender_1251658.pdf;Tender Notice_PDFs/GDA_Tender_1251756.pdf
organization,og0040,Gazipur Development Authority,og0042,"Planning Section, Gazipur Development Authority",GAZIPUR DEVELOPMENT AUTHORITY,PLANNING SECTION GAZIPUR DEVELOPMENT AUTHORITY,one name's words are all contained in the other,,no,Contract_Awards_PDFs/Tender_1251756.pdf;Contract_Awards_PDFs/Tender_1251766.pdf;Contract_Awards_PDFs/Tender_1253316.pdf;Contract_Awards_PDFs/Tender_1253428.pdf;Contract_Awards_PDFs/Tender_1257073.pdf,Contract_Awards_PDFs/Tender_1253316.pdf;Contract_Awards_PDFs/Tender_1261983.pdf;Tender Notice_PDFs/GDA_Tender_1253316.pdf;Tender Notice_PDFs/GDA_Tender_1253318.pdf;Tender Notice_PDFs/GDA_Tender_1253320.pdf
organization,og0040,Gazipur Development Authority,og0043,"Office of the Member,Administration and Finance Department, Gazipur Development Authority",GAZIPUR DEVELOPMENT AUTHORITY,OFFICE OF THE MEMBER ADMINISTRATION AND FINANCE DEPARTMENT GAZIPUR DEVELOPMENT AUTHORITY,one name's words are all contained in the other,,no,Contract_Awards_PDFs/Tender_1251756.pdf;Contract_Awards_PDFs/Tender_1251766.pdf;Contract_Awards_PDFs/Tender_1253316.pdf;Contract_Awards_PDFs/Tender_1253428.pdf;Contract_Awards_PDFs/Tender_1257073.pdf,Contract_Awards_PDFs/Tender_1253428.pdf;Contract_Awards_PDFs/Tender_1262256.pdf;Tender Notice_PDFs/GDA_Tender_1253425.pdf;Tender Notice_PDFs/GDA_Tender_1253427.pdf;Tender Notice_PDFs/GDA_Tender_1253428.pdf
organization,og0040,Gazipur Development Authority,og0044,"Admin and Finance Section, Gazipur Development Authority",GAZIPUR DEVELOPMENT AUTHORITY,ADMIN AND FINANCE SECTION GAZIPUR DEVELOPMENT AUTHORITY,one name's words are all contained in the other,,no,Contract_Awards_PDFs/Tender_1251756.pdf;Contract_Awards_PDFs/Tender_1251766.pdf;Contract_Awards_PDFs/Tender_1253316.pdf;Contract_Awards_PDFs/Tender_1253428.pdf;Contract_Awards_PDFs/Tender_1257073.pdf,Contract_Awards_PDFs/Tender_1257073.pdf;Tender Notice_PDFs/GDA_Tender_1257073.pdf;Tender Notice_PDFs/GDA_Tender_1288890.pdf;Tender Notice_PDFs/GDA_Tender_1290616.pdf;Tender Notice_PDFs/GDA_Tender_1306351.pdf
organization,og0041,"Office of the Chief Engineer, Gazipur Development Authority",og0045,Office of Chief Engineer,OFFICE OF THE CHIEF ENGINEER GAZIPUR DEVELOPMENT AUTHORITY,OFFICE OF CHIEF ENGINEER,one name's words are all contained in the other,,no,Contract_Awards_PDFs/Tender_1251756.pdf;Contract_Awards_PDFs/Tender_1251766.pdf;Contract_Awards_PDFs/Tender_1261854.pdf;Tender Notice_PDFs/GDA_Tender_1251658.pdf;Tender Notice_PDFs/GDA_Tender_1251756.pdf,Contract_Awards_PDFs/Tender_149365.pdf;Contract_Awards_PDFs/Tender_277364.pdf;Contract_Awards_PDFs/Tender_277365.pdf;Contract_Awards_PDFs/Tender_277368.pdf;Contract_Awards_PDFs/Tender_277369.pdf
organization,og0045,Office of Chief Engineer,og0052,office of Chief Engineer ( Project & Design),OFFICE OF CHIEF ENGINEER,OFFICE OF CHIEF ENGINEER PROJECT DESIGN,one name's words are all contained in the other,,no,Contract_Awards_PDFs/Tender_149365.pdf;Contract_Awards_PDFs/Tender_277364.pdf;Contract_Awards_PDFs/Tender_277365.pdf;Contract_Awards_PDFs/Tender_277368.pdf;Contract_Awards_PDFs/Tender_277369.pdf,Contract_Awards_PDFs/Tender_18994.pdf;Tender Notice_PDFs/RAJUK_Tender_18994.pdf
organization,og0045,Office of Chief Engineer,og0108,Rajdhani Unnayan Procuring Entity Name office of the Chief Kartripakkha (RAJUK) : Engineer ( Project & Design),OFFICE OF CHIEF ENGINEER,RAJDHANI UNNAYAN PROCURING ENTITY NAME OFFICE OF THE CHIEF KARTRIPAKKHA RAJUK ENGINEER PROJECT DESIGN,one name's words are all contained in the other,,no,Contract_Awards_PDFs/Tender_149365.pdf;Contract_Awards_PDFs/Tender_277364.pdf;Contract_Awards_PDFs/Tender_277365.pdf;Contract_Awards_PDFs/Tender_277368.pdf;Contract_Awards_PDFs/Tender_277369.pdf,Tender Notice_PDFs/RAJUK_Tender_248630.pdf
organization,og0047,Power Grid Company of Bangladesh Ltd. (PGCB),og0089,Power Grid Company of Bangladesh Ltd.,POWER GRID COMPANY OF BANGLADESH LTD PGCB,POWER GRID COMPANY OF BANGLADESH LTD,one name's words are all contained in the other,,no,Contract_Awards_PDFs/Tender_15000.pdf,Tender Notice_PDFs/CDA_Tender_15000.pdf
organization,og0048,"Grid Maintenance Division, Comilla",og0090,"Grid Maintenance Division, Comilla (PGCB)",GRID MAINTENANCE DIVISION COMILLA,GRID MAINTENANCE DIVISION COMILLA PGCB,one name's words are all contained in the other,,no,Contract_Awards_PDFs/Tender_15000.pdf,Tender Notice_PDFs/CDA_Tender_15000.pdf
organization,og0049,"Office of the Executive Engineer, LGED, Pabna",og0105,"Office of the Executive Engineer, LGED, Department (LGED) Pabna",OFFICE OF THE EXECUTIVE ENGINEER LGED PABNA,OFFICE OF THE EXECUTIVE ENGINEER LGED DEPARTMENT LGED PABNA,one name's words are all contained in the other,,no,Contract_Awards_PDFs/Tender_159826.pdf,Tender Notice_PDFs/RAJUK_Tender_159826.pdf
organization,og0051,"Office of the Executive Engineer, LGED, Barisal",og0106,"Office of the Executive Engineer, LGED, Department (LGED) Barisal",OFFICE OF THE EXECUTIVE ENGINEER LGED BARISAL,OFFICE OF THE EXECUTIVE ENGINEER LGED DEPARTMENT LGED BARISAL,one name's words are all contained in the other,,no,Contract_Awards_PDFs/Tender_168749.pdf,Tender Notice_PDFs/RAJUK_Tender_168749.pdf
organization,og0052,office of Chief Engineer ( Project & Design),og0108,Rajdhani Unnayan Procuring Entity Name office of the Chief Kartripakkha (RAJUK) : Engineer ( Project & Design),OFFICE OF CHIEF ENGINEER PROJECT DESIGN,RAJDHANI UNNAYAN PROCURING ENTITY NAME OFFICE OF THE CHIEF KARTRIPAKKHA RAJUK ENGINEER PROJECT DESIGN,one name's words are all contained in the other,,no,Contract_Awards_PDFs/Tender_18994.pdf;Tender Notice_PDFs/RAJUK_Tender_18994.pdf,Tender Notice_PDFs/RAJUK_Tender_248630.pdf
organization,og0054,Bangladesh Water Development Board (BWDB),og0100,Bangladesh Water Development Board,BANGLADESH WATER DEVELOPMENT BOARD BWDB,BANGLADESH WATER DEVELOPMENT BOARD,one name's words are all contained in the other,,no,Contract_Awards_PDFs/Tender_20558.pdf,Tender Notice_PDFs/COXDA_Tender_20558.pdf
organization,og0055,Dinajpur O&M Division,og0101,Dinajpur O&M Division (BWDB),DINAJPUR O M DIVISION,DINAJPUR O M DIVISION BWDB,one name's words are all contained in the other,,no,Contract_Awards_PDFs/Tender_20558.pdf,Tender Notice_PDFs/COXDA_Tender_20558.pdf
organization,og0062,"Office of the Executive Engineer, LGED, Chittagong",og0096,"Office of the Executive Engineer, LGED, Department (LGED) Chittagong",OFFICE OF THE EXECUTIVE ENGINEER LGED CHITTAGONG,OFFICE OF THE EXECUTIVE ENGINEER LGED DEPARTMENT LGED CHITTAGONG,one name's words are all contained in the other,,no,Contract_Awards_PDFs/Tender_42800.pdf,Tender Notice_PDFs/CDA_Tender_42800.pdf
organization,og0065,Construction Division-3,og0084,Construction Division-2,CONSTRUCTION DIVISION 3,CONSTRUCTION DIVISION 2,differs by at most two characters,edit distance <= 2,no,Contract_Awards_PDFs/Tender_501707.pdf;Contract_Awards_PDFs/Tender_504349.pdf;Contract_Awards_PDFs/Tender_504351.pdf;Contract_Awards_PDFs/Tender_515366.pdf;Contract_Awards_PDFs/Tender_519402.pdf,Contract_Awards_PDFs/Tender_959962.pdf;Tender Notice_PDFs/CDA_Tender_1036609.pdf;Tender Notice_PDFs/CDA_Tender_1153793.pdf;Tender Notice_PDFs/CDA_Tender_1153808.pdf;Tender Notice_PDFs/CDA_Tender_1153840.pdf
organization,og0065,Construction Division-3,og0097,Construction Division-1,CONSTRUCTION DIVISION 3,CONSTRUCTION DIVISION 1,differs by at most two characters,edit distance <= 2,no,Contract_Awards_PDFs/Tender_501707.pdf;Contract_Awards_PDFs/Tender_504349.pdf;Contract_Awards_PDFs/Tender_504351.pdf;Contract_Awards_PDFs/Tender_515366.pdf;Contract_Awards_PDFs/Tender_519402.pdf,Tender Notice_PDFs/CDA_Tender_507215.pdf;Tender Notice_PDFs/CDA_Tender_527700.pdf;Tender Notice_PDFs/CDA_Tender_528774.pdf;Tender Notice_PDFs/CDA_Tender_547817.pdf
organization,og0065,Construction Division-3,og0099,"Executive Engineer, Construction Division- 3",CONSTRUCTION DIVISION 3,EXECUTIVE ENGINEER CONSTRUCTION DIVISION 3,one name's words are all contained in the other,,no,Contract_Awards_PDFs/Tender_501707.pdf;Contract_Awards_PDFs/Tender_504349.pdf;Contract_Awards_PDFs/Tender_504351.pdf;Contract_Awards_PDFs/Tender_515366.pdf;Contract_Awards_PDFs/Tender_519402.pdf,Tender Notice_PDFs/CDA_Tender_786407.pdf;Tender Notice_PDFs/CDA_Tender_894645.pdf
organization,og0076,Department of Public Health Engineering (DPHE),og0109,Department of Public Health Engineering,DEPARTMENT OF PUBLIC HEALTH ENGINEERING DPHE,DEPARTMENT OF PUBLIC HEALTH ENGINEERING,one name's words are all contained in the other,,no,Contract_Awards_PDFs/Tender_89768.pdf,Tender Notice_PDFs/RAJUK_Tender_89768.pdf
organization,og0077,"Office of the Executive Engineer DPHE, Lakshmipur",og0110,"Office of the Executive Engineer DPHE, (DPHE) Lakshmipur",OFFICE OF THE EXECUTIVE ENGINEER DPHE LAKSHMIPUR,OFFICE OF THE EXECUTIVE ENGINEER DPHE DPHE LAKSHMIPUR,the same words in a different order,,no,Contract_Awards_PDFs/Tender_89768.pdf,Tender Notice_PDFs/RAJUK_Tender_89768.pdf
organization,og0079,Superintending Engineer-2,og0080,Superintending Engineer (Civil Circle-2),SUPERINTENDING ENGINEER 2,SUPERINTENDING ENGINEER CIVIL CIRCLE 2,one name's words are all contained in the other,,no,Contract_Awards_PDFs/Tender_918775.pdf;Contract_Awards_PDFs/Tender_965239.pdf;Tender Notice_PDFs/CDA_Tender_918775.pdf;Tender Notice_PDFs/CDA_Tender_965239.pdf,Contract_Awards_PDFs/Tender_926623.pdf;Tender Notice_PDFs/RAJUK_Tender_926623.pdf
organization,og0082,"Zilla Parishad, Sirajganj",og0083,"Zila Parishad, Sirajganj",ZILLA PARISHAD SIRAJGANJ,ZILA PARISHAD SIRAJGANJ,differs by at most two characters,edit distance <= 2,no,Contract_Awards_PDFs/Tender_95841.pdf,Contract_Awards_PDFs/Tender_95841.pdf
organization,og0084,Construction Division-2,og0097,Construction Division-1,CONSTRUCTION DIVISION 2,CONSTRUCTION DIVISION 1,differs by at most two characters,edit distance <= 2,no,Contract_Awards_PDFs/Tender_959962.pdf;Tender Notice_PDFs/CDA_Tender_1036609.pdf;Tender Notice_PDFs/CDA_Tender_1153793.pdf;Tender Notice_PDFs/CDA_Tender_1153808.pdf;Tender Notice_PDFs/CDA_Tender_1153840.pdf,Tender Notice_PDFs/CDA_Tender_507215.pdf;Tender Notice_PDFs/CDA_Tender_527700.pdf;Tender Notice_PDFs/CDA_Tender_528774.pdf;Tender Notice_PDFs/CDA_Tender_547817.pdf
project,pr0001,Building Repair and Maintenance,pr0018,Building Repair & Maintenance,BUILDING REPAIR AND MAINTENANCE,BUILDING REPAIR MAINTENANCE,one name's words are all contained in the other,,no,Contract_Awards_PDFs/Tender_1000267.pdf;Contract_Awards_PDFs/Tender_189828.pdf;Contract_Awards_PDFs/Tender_251218.pdf;Contract_Awards_PDFs/Tender_507537.pdf;Contract_Awards_PDFs/Tender_514341.pdf,Contract_Awards_PDFs/Tender_1074661.pdf;Contract_Awards_PDFs/Tender_1097756.pdf;Contract_Awards_PDFs/Tender_1205162.pdf;Contract_Awards_PDFs/Tender_755274.pdf;Contract_Awards_PDFs/Tender_936176.pdf
project,pr0001,Building Repair and Maintenance,pr0097,Building Repair and Maintenance maintenance,BUILDING REPAIR AND MAINTENANCE,BUILDING REPAIR AND MAINTENANCE MAINTENANCE,the same words in a different order,,no,Contract_Awards_PDFs/Tender_1000267.pdf;Contract_Awards_PDFs/Tender_189828.pdf;Contract_Awards_PDFs/Tender_251218.pdf;Contract_Awards_PDFs/Tender_507537.pdf;Contract_Awards_PDFs/Tender_514341.pdf,Tender Notice_PDFs/RAJUK_Tender_1000267.pdf;Tender Notice_PDFs/RAJUK_Tender_1044805.pdf;Tender Notice_PDFs/RAJUK_Tender_189828.pdf;Tender Notice_PDFs/RAJUK_Tender_209949.pdf;Tender Notice_PDFs/RAJUK_Tender_214250.pdf
project,pr0006,Lift and Electrical Equipement Repare,pr0098,Lift and Electrical Equipement Repare maintenance1819,LIFT AND ELECTRICAL EQUIPEMENT REPARE,LIFT AND ELECTRICAL EQUIPEMENT REPARE MAINTENANCE1819,one name's words are all contained in the other,,no,Contract_Awards_PDFs/Tender_1002814.pdf;Contract_Awards_PDFs/Tender_1002854.pdf;Contract_Awards_PDFs/Tender_1081271.pdf;Contract_Awards_PDFs/Tender_1083479.pdf;Contract_Awards_PDFs/Tender_536846.pdf,Tender Notice_PDFs/RAJUK_Tender_1002814.pdf;Tender Notice_PDFs/RAJUK_Tender_1002854.pdf;Tender Notice_PDFs/RAJUK_Tender_1081271.pdf;Tender Notice_PDFs/RAJUK_Tender_1081736.pdf;Tender Notice_PDFs/RAJUK_Tender_1083479.pdf
project,pr0009,Purbachal New town Project,pr0107,Installation of street lights at Purbachal new town Project,PURBACHAL NEW TOWN PROJECT,INSTALLATION OF STREET LIGHTS AT PURBACHAL NEW TOWN PROJECT,one name's words are all contained in the other,,no,Contract_Awards_PDFs/Tender_1008542.pdf;Contract_Awards_PDFs/Tender_1008543.pdf;Contract_Awards_PDFs/Tender_1008544.pdf;Contract_Awards_PDFs/Tender_1008545.pdf;Contract_Awards_PDFs/Tender_1008546.pdf,Tender Notice_PDFs/RAJUK_Tender_905028.pdf;Tender Notice_PDFs/RAJUK_Tender_905029.pdf;Tender Notice_PDFs/RAJUK_Tender_905030.pdf;Tender Notice_PDFs/RAJUK_Tender_905031.pdf;Tender Notice_PDFs/RAJUK_Tender_905032.pdf
project,pr0011,Construction of different types of Buildings/Roads/Infrastructure under RAJUK Jurisdiction,pr0020,Construction and repair of different types of Buildings/Roads/Infrastructure under RAJUK Jurisdiction,CONSTRUCTION OF DIFFERENT TYPES OF BUILDINGS ROADS INFRASTRUCTURE UNDER RAJUK JURISDICTION,CONSTRUCTION AND REPAIR OF DIFFERENT TYPES OF BUILDINGS ROADS INFRASTRUCTURE UNDER RAJUK JURISDICTION,one name's words are all contained in the other,,no,Contract_Awards_PDFs/Tender_1013268.pdf;Contract_Awards_PDFs/Tender_1013270.pdf;Contract_Awards_PDFs/Tender_1082525.pdf;Contract_Awards_PDFs/Tender_870258.pdf;Contract_Awards_PDFs/Tender_870259.pdf,Contract_Awards_PDFs/Tender_1081213.pdf;Contract_Awards_PDFs/Tender_1082494.pdf;Contract_Awards_PDFs/Tender_1082495.pdf;Contract_Awards_PDFs/Tender_1082496.pdf;Contract_Awards_PDFs/Tender_828053.pdf
project,pr0014,Construction of Zonal office,pr0103,Construction of Regional/Zonal Office/Facilites,CONSTRUCTION OF ZONAL OFFICE,CONSTRUCTION OF REGIONAL ZONAL OFFICE FACILITES,one name's words are all contained in the other,,no,Contract_Awards_PDFs/Tender_1031714.pdf;Tender Notice_PDFs/RAJUK_Tender_1031711.pdf;Tender Notice_PDFs/RAJUK_Tender_1031714.pdf,Tender Notice_PDFs/RAJUK_Tender_1307402.pdf
project,pr0018,Building Repair & Maintenance,pr0097,Building Repair and Maintenance maintenance,BUILDING REPAIR MAINTENANCE,BUILDING REPAIR AND MAINTENANCE MAINTENANCE,one name's words are all contained in the other,,no,Contract_Awards_PDFs/Tender_1074661.pdf;Contract_Awards_PDFs/Tender_1097756.pdf;Contract_Awards_PDFs/Tender_1205162.pdf;Contract_Awards_PDFs/Tender_755274.pdf;Contract_Awards_PDFs/Tender_936176.pdf,Tender Notice_PDFs/RAJUK_Tender_1000267.pdf;Tender Notice_PDFs/RAJUK_Tender_1044805.pdf;Tender Notice_PDFs/RAJUK_Tender_189828.pdf;Tender Notice_PDFs/RAJUK_Tender_209949.pdf;Tender Notice_PDFs/RAJUK_Tender_214250.pdf
project,pr0028,Service Maintenance and related works of Hatirjheel,pr0034,Maintenance and related works of Hatirjheel,SERVICE MAINTENANCE AND RELATED WORKS OF HATIRJHEEL,MAINTENANCE AND RELATED WORKS OF HATIRJHEEL,one name's words are all contained in the other,,no,Contract_Awards_PDFs/Tender_1140010.pdf;Contract_Awards_PDFs/Tender_1140011.pdf;Tender Notice_PDFs/RAJUK_Tender_1056194.pdf;Tender Notice_PDFs/RAJUK_Tender_1134392.pdf;Tender Notice_PDFs/RAJUK_Tender_1140010.pdf,Contract_Awards_PDFs/Tender_1186178.pdf;Contract_Awards_PDFs/Tender_1186179.pdf;Contract_Awards_PDFs/Tender_685885.pdf;Tender Notice_PDFs/RAJUK_Tender_1030829.pdf;Tender Notice_PDFs/RAJUK_Tender_1186178.pdf
project,pr0036,Lift and Electrical Equipment Repair,pr0037,Lift Repair,LIFT AND ELECTRICAL EQUIPMENT REPAIR,LIFT REPAIR,one name's words are all contained in the other,,no,Contract_Awards_PDFs/Tender_119636.pdf;Tender Notice_PDFs/RAJUK_Tender_119636.pdf;Tender Notice_PDFs/RAJUK_Tender_198861.pdf;Tender Notice_PDFs/RAJUK_Tender_199363.pdf;Tender Notice_PDFs/RAJUK_Tender_199364.pdf,Contract_Awards_PDFs/Tender_1205154.pdf;Tender Notice_PDFs/RAJUK_Tender_1205154.pdf;Tender Notice_PDFs/RAJUK_Tender_1206004.pdf;Tender Notice_PDFs/RAJUK_Tender_1232699.pdf
project,pr0041,Uttara Apment Project,pr0101,Uttara Apment Project Apment Project-04,UTTARA APMENT PROJECT,UTTARA APMENT PROJECT APMENT PROJECT 04,one name's words are all contained in the other,,no,Contract_Awards_PDFs/Tender_125042.pdf;Contract_Awards_PDFs/Tender_125294.pdf;Contract_Awards_PDFs/Tender_146376.pdf;Contract_Awards_PDFs/Tender_146377.pdf;Contract_Awards_PDFs/Tender_146380.pdf,Tender Notice_PDFs/RAJUK_Tender_125042.pdf;Tender Notice_PDFs/RAJUK_Tender_125126.pdf;Tender Notice_PDFs/RAJUK_Tender_125292.pdf;Tender Notice_PDFs/RAJUK_Tender_125293.pdf;Tender Notice_PDFs/RAJUK_Tender_125294.pdf
project,pr0041,Uttara Apment Project,pr0106,Uttara Apment Project Engr/Implementationart/Uttara Apment Project-04 Tender/Proposal UAP/EM/2016-2017/EL/04,UTTARA APMENT PROJECT,UTTARA APMENT PROJECT ENGR IMPLEMENTATIONART UTTARA APMENT PROJECT 04 TENDER PROPOSAL UAP EM 2016 2017 EL 04,one name's words are all contained in the other,,no,Contract_Awards_PDFs/Tender_125042.pdf;Contract_Awards_PDFs/Tender_125294.pdf;Contract_Awards_PDFs/Tender_146376.pdf;Contract_Awards_PDFs/Tender_146377.pdf;Contract_Awards_PDFs/Tender_146380.pdf,Tender Notice_PDFs/RAJUK_Tender_248630.pdf
project,pr0047,Residents for Rajuk Officer and Staff,pr0104,Residents for Rajuk Officer and Staff for Rajuk Officer and Staff,RESIDENTS FOR RAJUK OFFICER AND STAFF,RESIDENTS FOR RAJUK OFFICER AND STAFF FOR RAJUK OFFICER AND STAFF,the same words in a different order,,no,Contract_Awards_PDFs/Tender_162060.pdf;Contract_Awards_PDFs/Tender_162590.pdf,Tender Notice_PDFs/RAJUK_Tender_162060.pdf;Tender Notice_PDFs/RAJUK_Tender_162590.pdf;Tender Notice_PDFs/RAJUK_Tender_170785.pdf;Tender Notice_PDFs/RAJUK_Tender_173602.pdf;Tender Notice_PDFs/RAJUK_Tender_173603.pdf
project,pr0101,Uttara Apment Project Apment Project-04,pr0106,Uttara Apment Project Engr/Implementationart/Uttara Apment Project-04 Tender/Proposal UAP/EM/2016-2017/EL/04,UTTARA APMENT PROJECT APMENT PROJECT 04,UTTARA APMENT PROJECT ENGR IMPLEMENTATIONART UTTARA APMENT PROJECT 04 TENDER PROPOSAL UAP EM 2016 2017 EL 04,one name's words are all contained in the other,,no,Tender Notice_PDFs/RAJUK_Tender_125042.pdf;Tender Notice_PDFs/RAJUK_Tender_125126.pdf;Tender Notice_PDFs/RAJUK_Tender_125292.pdf;Tender Notice_PDFs/RAJUK_Tender_125293.pdf;Tender Notice_PDFs/RAJUK_Tender_125294.pdf,Tender Notice_PDFs/RAJUK_Tender_248630.pdf
