source_type,source_id,relation,target_type,target_id,detail,evidence_file,evidence_page
company,co0001,was awarded,tender,1000267,104498747.100,Contract_Awards_PDFs/Tender_1000267.pdf,1
organization,og0003,awarded contract to,company,co0001,104498747.100,Contract_Awards_PDFs/Tender_1000267.pdf,1
person,pp0001,approved award,tender,1000267,Superintending Engineer,Contract_Awards_PDFs/Tender_1000267.pdf,1
organization,og0003,part of,organization,og0002,,Contract_Awards_PDFs/Tender_1000267.pdf,1
organization,og0002,part of,organization,og0001,,Contract_Awards_PDFs/Tender_1000267.pdf,1
tender,1000267,belongs to project,project,pr0001,,Contract_Awards_PDFs/Tender_1000267.pdf,1
company,co0002,was awarded,tender,1000426,15808878.000,Contract_Awards_PDFs/Tender_1000426.pdf,1
organization,og0005,awarded contract to,company,co0002,15808878.000,Contract_Awards_PDFs/Tender_1000426.pdf,1
person,pp0002,approved award,tender,1000426,Superintending Engineer,Contract_Awards_PDFs/Tender_1000426.pdf,1
organization,og0005,part of,organization,og0004,,Contract_Awards_PDFs/Tender_1000426.pdf,1
organization,og0004,part of,organization,og0001,,Contract_Awards_PDFs/Tender_1000426.pdf,1
tender,1000426,belongs to project,project,pr0002,,Contract_Awards_PDFs/Tender_1000426.pdf,1
company,co0003,was awarded,tender,1000945,91452674.190,Contract_Awards_PDFs/Tender_1000945.pdf,1
organization,og0006,awarded contract to,company,co0003,91452674.190,Contract_Awards_PDFs/Tender_1000945.pdf,1
person,pp0003,approved award,tender,1000945,PD (9apt),Contract_Awards_PDFs/Tender_1000945.pdf,1
organization,og0006,part of,organization,og0002,,Contract_Awards_PDFs/Tender_1000945.pdf,1
organization,og0002,part of,organization,og0001,,Contract_Awards_PDFs/Tender_1000945.pdf,1
tender,1000945,belongs to project,project,pr0003,,Contract_Awards_PDFs/Tender_1000945.pdf,1
company,co0004,was awarded,tender,1001120,10599930.000,Contract_Awards_PDFs/Tender_1001120.pdf,1
organization,og0007,awarded contract to,company,co0004,10599930.000,Contract_Awards_PDFs/Tender_1001120.pdf,1
person,pp0004,approved award,tender,1001120,Superintending Engineer,Contract_Awards_PDFs/Tender_1001120.pdf,1
organization,og0007,part of,organization,og0002,,Contract_Awards_PDFs/Tender_1001120.pdf,1
organization,og0002,part of,organization,og0001,,Contract_Awards_PDFs/Tender_1001120.pdf,1
tender,1001120,belongs to project,project,pr0003,,Contract_Awards_PDFs/Tender_1001120.pdf,1
company,co0005,was awarded,tender,1001460,1060533.000,Contract_Awards_PDFs/Tender_1001460.pdf,1
organization,og0008,awarded contract to,company,co0005,1060533.000,Contract_Awards_PDFs/Tender_1001460.pdf,1
person,pp0005,approved award,tender,1001460,Sup. Eng. (Mechanical),Contract_Awards_PDFs/Tender_1001460.pdf,1
organization,og0008,part of,organization,og0002,,Contract_Awards_PDFs/Tender_1001460.pdf,1
organization,og0002,part of,organization,og0001,,Contract_Awards_PDFs/Tender_1001460.pdf,1
tender,1001460,belongs to project,project,pr0004,,Contract_Awards_PDFs/Tender_1001460.pdf,1
company,co0005,was awarded,tender,1001461,1300189.500,Contract_Awards_PDFs/Tender_1001461.pdf,1
organization,og0008,awarded contract to,company,co0005,1300189.500,Contract_Awards_PDFs/Tender_1001461.pdf,1
person,pp0005,approved award,tender,1001461,Sup. Eng. (Mechanical),Contract_Awards_PDFs/Tender_1001461.pdf,1
organization,og0008,part of,organization,og0002,,Contract_Awards_PDFs/Tender_1001461.pdf,1
organization,og0002,part of,organization,og0001,,Contract_Awards_PDFs/Tender_1001461.pdf,1
tender,1001461,belongs to project,project,pr0004,,Contract_Awards_PDFs/Tender_1001461.pdf,1
company,co0006,was awarded,tender,1001613,13217985.000,Contract_Awards_PDFs/Tender_1001613.pdf,1
organization,og0007,awarded contract to,company,co0006,13217985.000,Contract_Awards_PDFs/Tender_1001613.pdf,1
person,pp0004,approved award,tender,1001613,Superintending Engineer,Contract_Awards_PDFs/Tender_1001613.pdf,1
organization,og0007,part of,organization,og0002,,Contract_Awards_PDFs/Tender_1001613.pdf,1
organization,og0002,part of,organization,og0001,,Contract_Awards_PDFs/Tender_1001613.pdf,1
tender,1001613,belongs to project,project,pr0003,,Contract_Awards_PDFs/Tender_1001613.pdf,1
company,co0007,was awarded,tender,1001782,52490000.531,Contract_Awards_PDFs/Tender_1001782.pdf,1
organization,og0010,awarded contract to,company,co0007,52490000.531,Contract_Awards_PDFs/Tender_1001782.pdf,1
person,pp0006,approved award,tender,1001782,Assistant Engineer,Contract_Awards_PDFs/Tender_1001782.pdf,1
organization,og0010,part of,organization,og0009,,Contract_Awards_PDFs/Tender_1001782.pdf,1
organization,og0009,part of,organization,og0001,,Contract_Awards_PDFs/Tender_1001782.pdf,1
tender,1001782,belongs to project,project,pr0005,,Contract_Awards_PDFs/Tender_1001782.pdf,1
company,co0008,was awarded,tender,1001843,24247478.309,Contract_Awards_PDFs/Tender_1001843.pdf,1
organization,og0010,awarded contract to,company,co0008,24247478.309,Contract_Awards_PDFs/Tender_1001843.pdf,1
person,pp0006,approved award,tender,1001843,Assistant Engineer,Contract_Awards_PDFs/Tender_1001843.pdf,1
organization,og0010,part of,organization,og0009,,Contract_Awards_PDFs/Tender_1001843.pdf,1
organization,og0009,part of,organization,og0001,,Contract_Awards_PDFs/Tender_1001843.pdf,1
tender,1001843,belongs to project,project,pr0005,,Contract_Awards_PDFs/Tender_1001843.pdf,1
company,co0009,was awarded,tender,1002814,907067.988,Contract_Awards_PDFs/Tender_1002814.pdf,1
organization,og0011,awarded contract to,company,co0009,907067.988,Contract_Awards_PDFs/Tender_1002814.pdf,1
person,pp0007,approved award,tender,1002814,Sup. Eng. (Elec.),Contract_Awards_PDFs/Tender_1002814.pdf,1
organization,og0011,part of,organization,og0002,,Contract_Awards_PDFs/Tender_1002814.pdf,1
organization,og0002,part of,organization,og0001,,Contract_Awards_PDFs/Tender_1002814.pdf,1
tender,1002814,belongs to project,project,pr0006,,Contract_Awards_PDFs/Tender_1002814.pdf,1
company,co0010,was awarded,tender,1002854,1703786.400,Contract_Awards_PDFs/Tender_1002854.pdf,1
organization,og0011,awarded contract to,company,co0010,1703786.400,Contract_Awards_PDFs/Tender_1002854.pdf,1
person,pp0007,approved award,tender,1002854,Sup. Eng. (Elec.),Contract_Awards_PDFs/Tender_1002854.pdf,1
organization,og0011,part of,organization,og0002,,Contract_Awards_PDFs/Tender_1002854.pdf,1
organization,og0002,part of,organization,og0001,,Contract_Awards_PDFs/Tender_1002854.pdf,1
tender,1002854,belongs to project,project,pr0006,,Contract_Awards_PDFs/Tender_1002854.pdf,1
company,co0011,was awarded,tender,1003623,98995747.688,Contract_Awards_PDFs/Tender_1003623.pdf,1
organization,og0012,awarded contract to,company,co0011,98995747.688,Contract_Awards_PDFs/Tender_1003623.pdf,1
person,pp0004,approved award,tender,1003623,PD (Uttara Appartment),Contract_Awards_PDFs/Tender_1003623.pdf,1
organization,og0012,part of,organization,og0002,,Contract_Awards_PDFs/Tender_1003623.pdf,1
organization,og0002,part of,organization,og0001,,Contract_Awards_PDFs/Tender_1003623.pdf,1
tender,1003623,belongs to project,project,pr0003,,Contract_Awards_PDFs/Tender_1003623.pdf,1
company,co0012,was awarded,tender,100483,53515977.894,Contract_Awards_PDFs/Tender_100483.pdf,1
organization,og0013,awarded contract to,company,co0012,53515977.894,Contract_Awards_PDFs/Tender_100483.pdf,1
person,pp0008,approved award,tender,100483,Project Director,Contract_Awards_PDFs/Tender_100483.pdf,1
organization,og0013,part of,organization,og0009,,Contract_Awards_PDFs/Tender_100483.pdf,1
organization,og0009,part of,organization,og0001,,Contract_Awards_PDFs/Tender_100483.pdf,1
tender,100483,belongs to project,project,pr0007,,Contract_Awards_PDFs/Tender_100483.pdf,1
company,co0013,was awarded,tender,1007300,25463336.391,Contract_Awards_PDFs/Tender_1007300.pdf,1
organization,og0014,awarded contract to,company,co0013,25463336.391,Contract_Awards_PDFs/Tender_1007300.pdf,1
person,pp0009,approved award,tender,1007300,Superintending Engineer,Contract_Awards_PDFs/Tender_1007300.pdf,1
organization,og0014,part of,organization,og0002,,Contract_Awards_PDFs/Tender_1007300.pdf,1
organization,og0002,part of,organization,og0001,,Contract_Awards_PDFs/Tender_1007300.pdf,1
tender,1007300,belongs to project,project,pr0003,,Contract_Awards_PDFs/Tender_1007300.pdf,1
company,co0014,was awarded,tender,1008472,5262343.200,Contract_Awards_PDFs/Tender_1008472.pdf,1
organization,og0011,awarded contract to,company,co0014,5262343.200,Contract_Awards_PDFs/Tender_1008472.pdf,1
person,pp0007,approved award,tender,1008472,Sup. Eng. (Elec.),Contract_Awards_PDFs/Tender_1008472.pdf,1
organization,og0011,part of,organization,og0002,,Contract_Awards_PDFs/Tender_1008472.pdf,1
organization,og0002,part of,organization,og0001,,Contract_Awards_PDFs/Tender_1008472.pdf,1
tender,1008472,belongs to project,project,pr0008,,Contract_Awards_PDFs/Tender_1008472.pdf,1
company,co0015,was awarded,tender,1008542,12005364.510,Contract_Awards_PDFs/Tender_1008542.pdf,1
organization,og0015,awarded contract to,company,co0015,12005364.510,Contract_Awards_PDFs/Tender_1008542.pdf,1
person,pp0010,approved award,tender,1008542,Project Director,Contract_Awards_PDFs/Tender_1008542.pdf,1
organization,og0015,part of,organization,og0002,,Contract_Awards_PDFs/Tender_1008542.pdf,1
organization,og0002,part of,organization,og0001,,Contract_Awards_PDFs/Tender_1008542.pdf,1
tender,1008542,belongs to project,project,pr0009,,Contract_Awards_PDFs/Tender_1008542.pdf,1
company,co0016,was awarded,tender,1008543,26924826.217,Contract_Awards_PDFs/Tender_1008543.pdf,1
organization,og0015,awarded contract to,company,co0016,26924826.217,Contract_Awards_PDFs/Tender_1008543.pdf,1
person,pp0010,approved award,tender,1008543,Project Director,Contract_Awards_PDFs/Tender_1008543.pdf,1
organization,og0015,part of,organization,og0002,,Contract_Awards_PDFs/Tender_1008543.pdf,1
organization,og0002,part of,organization,og0001,,Contract_Awards_PDFs/Tender_1008543.pdf,1
tender,1008543,belongs to project,project,pr0009,,Contract_Awards_PDFs/Tender_1008543.pdf,1
company,co0017,was awarded,tender,1008544,33055372.458,Contract_Awards_PDFs/Tender_1008544.pdf,1
organization,og0015,awarded contract to,company,co0017,33055372.458,Contract_Awards_PDFs/Tender_1008544.pdf,1
person,pp0010,approved award,tender,1008544,Project Director,Contract_Awards_PDFs/Tender_1008544.pdf,1
organization,og0015,part of,organization,og0002,,Contract_Awards_PDFs/Tender_1008544.pdf,1
organization,og0002,part of,organization,og0001,,Contract_Awards_PDFs/Tender_1008544.pdf,1
tender,1008544,belongs to project,project,pr0009,,Contract_Awards_PDFs/Tender_1008544.pdf,1
company,co0005,was awarded,tender,1008545,12899794.769,Contract_Awards_PDFs/Tender_1008545.pdf,1
organization,og0015,awarded contract to,company,co0005,12899794.769,Contract_Awards_PDFs/Tender_1008545.pdf,1
person,pp0010,approved award,tender,1008545,Project Director,Contract_Awards_PDFs/Tender_1008545.pdf,1
organization,og0015,part of,organization,og0002,,Contract_Awards_PDFs/Tender_1008545.pdf,1
organization,og0002,part of,organization,og0001,,Contract_Awards_PDFs/Tender_1008545.pdf,1
tender,1008545,belongs to project,project,pr0009,,Contract_Awards_PDFs/Tender_1008545.pdf,1
company,co0018,was awarded,tender,1008546,6253553.025,Contract_Awards_PDFs/Tender_1008546.pdf,1
organization,og0015,awarded contract to,company,co0018,6253553.025,Contract_Awards_PDFs/Tender_1008546.pdf,1
person,pp0010,approved award,tender,1008546,Project Director,Contract_Awards_PDFs/Tender_1008546.pdf,1
organization,og0015,part of,organization,og0002,,Contract_Awards_PDFs/Tender_1008546.pdf,1
organization,og0002,part of,organization,og0001,,Contract_Awards_PDFs/Tender_1008546.pdf,1
tender,1008546,belongs to project,project,pr0009,,Contract_Awards_PDFs/Tender_1008546.pdf,1
company,co0013,was awarded,tender,1008547,19700193.771,Contract_Awards_PDFs/Tender_1008547.pdf,1
organization,og0015,awarded contract to,company,co0013,19700193.771,Contract_Awards_PDFs/Tender_1008547.pdf,1
person,pp0010,approved award,tender,1008547,Project Director,Contract_Awards_PDFs/Tender_1008547.pdf,1
organization,og0015,part of,organization,og0002,,Contract_Awards_PDFs/Tender_1008547.pdf,1
organization,og0002,part of,organization,og0001,,Contract_Awards_PDFs/Tender_1008547.pdf,1
tender,1008547,belongs to project,project,pr0009,,Contract_Awards_PDFs/Tender_1008547.pdf,1
company,co0019,was awarded,tender,1008548,27870506.235,Contract_Awards_PDFs/Tender_1008548.pdf,1
organization,og0015,awarded contract to,company,co0019,27870506.235,Contract_Awards_PDFs/Tender_1008548.pdf,1
person,pp0010,approved award,tender,1008548,Project Director,Contract_Awards_PDFs/Tender_1008548.pdf,1
organization,og0015,part of,organization,og0002,,Contract_Awards_PDFs/Tender_1008548.pdf,1
organization,og0002,part of,organization,og0001,,Contract_Awards_PDFs/Tender_1008548.pdf,1
tender,1008548,belongs to project,project,pr0009,,Contract_Awards_PDFs/Tender_1008548.pdf,1
company,co0020,was awarded,tender,1009276,591311.129,Contract_Awards_PDFs/Tender_1009276.pdf,1
organization,og0017,awarded contract to,company,co0020,591311.129,Contract_Awards_PDFs/Tender_1009276.pdf,1
person,pp0011,approved award,tender,1009276,Assistant Programmer,Contract_Awards_PDFs/Tender_1009276.pdf,1
organization,og0017,part of,organization,og0016,,Contract_Awards_PDFs/Tender_1009276.pdf,1
organization,og0016,part of,organization,og0001,,Contract_Awards_PDFs/Tender_1009276.pdf,1
tender,1009276,belongs to project,project,pr0003,,Contract_Awards_PDFs/Tender_1009276.pdf,1
company,co0021,was awarded,tender,1010247,1111999.960,Contract_Awards_PDFs/Tender_1010247.pdf,1
organization,og0018,awarded contract to,company,co0021,1111999.960,Contract_Awards_PDFs/Tender_1010247.pdf,1
person,pp0012,approved award,tender,1010247,Executive Engineer (M),Contract_Awards_PDFs/Tender_1010247.pdf,1
organization,og0018,part of,organization,og0016,,Contract_Awards_PDFs/Tender_1010247.pdf,1
organization,og0016,part of,organization,og0001,,Contract_Awards_PDFs/Tender_1010247.pdf,1
tender,1010247,belongs to project,project,pr0003,,Contract_Awards_PDFs/Tender_1010247.pdf,1
company,co0022,was awarded,tender,101083,3963689.307,Contract_Awards_PDFs/Tender_101083.pdf,1
organization,og0019,awarded contract to,company,co0022,3963689.307,Contract_Awards_PDFs/Tender_101083.pdf,1
person,pp0008,approved award,tender,101083,Project Director,Contract_Awards_PDFs/Tender_101083.pdf,1
organization,og0019,part of,organization,og0009,,Contract_Awards_PDFs/Tender_101083.pdf,1
organization,og0009,part of,organization,og0001,,Contract_Awards_PDFs/Tender_101083.pdf,1
tender,101083,belongs to project,project,pr0010,,Contract_Awards_PDFs/Tender_101083.pdf,1
company,co0023,was awarded,tender,1011370,39498314.463,Contract_Awards_PDFs/Tender_1011370.pdf,1
organization,og0015,awarded contract to,company,co0023,39498314.463,Contract_Awards_PDFs/Tender_1011370.pdf,1
person,pp0010,approved award,tender,1011370,Project Director,Contract_Awards_PDFs/Tender_1011370.pdf,1
organization,og0015,part of,organization,og0002,,Contract_Awards_PDFs/Tender_1011370.pdf,1
organization,og0002,part of,organization,og0001,,Contract_Awards_PDFs/Tender_1011370.pdf,1
tender,1011370,belongs to project,project,pr0009,,Contract_Awards_PDFs/Tender_1011370.pdf,1
company,co0024,was awarded,tender,1013009,1220698.956,Contract_Awards_PDFs/Tender_1013009.pdf,1
organization,og0018,awarded contract to,company,co0024,1220698.956,Contract_Awards_PDFs/Tender_1013009.pdf,1
person,pp0012,approved award,tender,1013009,Executive Engineer (M),Contract_Awards_PDFs/Tender_1013009.pdf,1
organization,og0018,part of,organization,og0016,,Contract_Awards_PDFs/Tender_1013009.pdf,1
organization,og0016,part of,organization,og0001,,Contract_Awards_PDFs/Tender_1013009.pdf,1
tender,1013009,belongs to project,project,pr0003,,Contract_Awards_PDFs/Tender_1013009.pdf,1
company,co0016,was awarded,tender,1013268,23590501.218,Contract_Awards_PDFs/Tender_1013268.pdf,1
organization,og0014,awarded contract to,company,co0016,23590501.218,Contract_Awards_PDFs/Tender_1013268.pdf,1
person,pp0009,approved award,tender,1013268,Superintending Engineer,Contract_Awards_PDFs/Tender_1013268.pdf,1
organization,og0014,part of,organization,og0002,,Contract_Awards_PDFs/Tender_1013268.pdf,1
organization,og0002,part of,organization,og0001,,Contract_Awards_PDFs/Tender_1013268.pdf,1
tender,1013268,belongs to project,project,pr0011,,Contract_Awards_PDFs/Tender_1013268.pdf,1
company,co0025,was awarded,tender,1013270,25720105.086,Contract_Awards_PDFs/Tender_1013270.pdf,1
organization,og0014,awarded contract to,company,co0025,25720105.086,Contract_Awards_PDFs/Tender_1013270.pdf,1
person,pp0009,approved award,tender,1013270,Superintending Engineer,Contract_Awards_PDFs/Tender_1013270.pdf,1
organization,og0014,part of,organization,og0002,,Contract_Awards_PDFs/Tender_1013270.pdf,1
organization,og0002,part of,organization,og0001,,Contract_Awards_PDFs/Tender_1013270.pdf,1
tender,1013270,belongs to project,project,pr0011,,Contract_Awards_PDFs/Tender_1013270.pdf,1
company,co0026,was awarded,tender,1014738,6008902.200,Contract_Awards_PDFs/Tender_1014738.pdf,1
organization,og0011,awarded contract to,company,co0026,6008902.200,Contract_Awards_PDFs/Tender_1014738.pdf,1
person,pp0007,approved award,tender,1014738,Sup. Eng. (Elec.),Contract_Awards_PDFs/Tender_1014738.pdf,1
organization,og0011,part of,organization,og0002,,Contract_Awards_PDFs/Tender_1014738.pdf,1
organization,og0002,part of,organization,og0001,,Contract_Awards_PDFs/Tender_1014738.pdf,1
tender,1014738,belongs to project,project,pr0012,,Contract_Awards_PDFs/Tender_1014738.pdf,1
company,co0027,was awarded,tender,1016323,3596400.000,Contract_Awards_PDFs/Tender_1016323.pdf,1
organization,og0020,awarded contract to,company,co0027,3596400.000,Contract_Awards_PDFs/Tender_1016323.pdf,1
person,pp0013,approved award,tender,1016323,Member (Engineer),Contract_Awards_PDFs/Tender_1016323.pdf,1
organization,og0020,part of,organization,og0020,,Contract_Awards_PDFs/Tender_1016323.pdf,1
organization,og0020,part of,organization,og0001,,Contract_Awards_PDFs/Tender_1016323.pdf,1
tender,1016323,belongs to project,project,pr0003,,Contract_Awards_PDFs/Tender_1016323.pdf,1
company,co0028,was awarded,tender,1016492,75010.025,Contract_Awards_PDFs/Tender_1016492.pdf,1
organization,og0020,awarded contract to,company,co0028,75010.025,Contract_Awards_PDFs/Tender_1016492.pdf,1
person,pp0013,approved award,tender,1016492,Member (Engineer),Contract_Awards_PDFs/Tender_1016492.pdf,1
organization,og0020,part of,organization,og0020,,Contract_Awards_PDFs/Tender_1016492.pdf,1
organization,og0020,part of,organization,og0001,,Contract_Awards_PDFs/Tender_1016492.pdf,1
tender,1016492,belongs to project,project,pr0003,,Contract_Awards_PDFs/Tender_1016492.pdf,1
company,co0028,was awarded,tender,1016870,170008.102,Contract_Awards_PDFs/Tender_1016870.pdf,1
organization,og0020,awarded contract to,company,co0028,170008.102,Contract_Awards_PDFs/Tender_1016870.pdf,1
person,pp0013,approved award,tender,1016870,Member (Engineer),Contract_Awards_PDFs/Tender_1016870.pdf,1
organization,og0020,part of,organization,og0020,,Contract_Awards_PDFs/Tender_1016870.pdf,1
organization,og0020,part of,organization,og0001,,Contract_Awards_PDFs/Tender_1016870.pdf,1
tender,1016870,belongs to project,project,pr0003,,Contract_Awards_PDFs/Tender_1016870.pdf,1
company,co0029,was awarded,tender,1023051,5380000.000,Contract_Awards_PDFs/Tender_1023051.pdf,1
organization,og0012,awarded contract to,company,co0029,5380000.000,Contract_Awards_PDFs/Tender_1023051.pdf,1
person,pp0004,approved award,tender,1023051,PD (Uttara Appartment),Contract_Awards_PDFs/Tender_1023051.pdf,1
organization,og0012,part of,organization,og0002,,Contract_Awards_PDFs/Tender_1023051.pdf,1
organization,og0002,part of,organization,og0001,,Contract_Awards_PDFs/Tender_1023051.pdf,1
tender,1023051,belongs to project,project,pr0003,,Contract_Awards_PDFs/Tender_1023051.pdf,1
company,co0030,was awarded,tender,1023052,10448400.407,Contract_Awards_PDFs/Tender_1023052.pdf,1
organization,og0012,awarded contract to,company,co0030,10448400.407,Contract_Awards_PDFs/Tender_1023052.pdf,1
person,pp0004,approved award,tender,1023052,PD (Uttara Appartment),Contract_Awards_PDFs/Tender_1023052.pdf,1
organization,og0012,part of,organization,og0002,,Contract_Awards_PDFs/Tender_1023052.pdf,1
organization,og0002,part of,organization,og0001,,Contract_Awards_PDFs/Tender_1023052.pdf,1
tender,1023052,belongs to project,project,pr0003,,Contract_Awards_PDFs/Tender_1023052.pdf,1
company,co0031,was awarded,tender,1023053,5389730.275,Contract_Awards_PDFs/Tender_1023053.pdf,1
organization,og0012,awarded contract to,company,co0031,5389730.275,Contract_Awards_PDFs/Tender_1023053.pdf,1
person,pp0004,approved award,tender,1023053,PD (Uttara Appartment),Contract_Awards_PDFs/Tender_1023053.pdf,1
organization,og0012,part of,organization,og0002,,Contract_Awards_PDFs/Tender_1023053.pdf,1
organization,og0002,part of,organization,og0001,,Contract_Awards_PDFs/Tender_1023053.pdf,1
tender,1023053,belongs to project,project,pr0003,,Contract_Awards_PDFs/Tender_1023053.pdf,1
company,co0032,was awarded,tender,1023054,2499992.210,Contract_Awards_PDFs/Tender_1023054.pdf,1
organization,og0012,awarded contract to,company,co0032,2499992.210,Contract_Awards_PDFs/Tender_1023054.pdf,1
person,pp0004,approved award,tender,1023054,PD (Uttara Appartment),Contract_Awards_PDFs/Tender_1023054.pdf,1
organization,og0012,part of,organization,og0002,,Contract_Awards_PDFs/Tender_1023054.pdf,1
organization,og0002,part of,organization,og0001,,Contract_Awards_PDFs/Tender_1023054.pdf,1
tender,1023054,belongs to project,project,pr0003,,Contract_Awards_PDFs/Tender_1023054.pdf,1
company,co0014,was awarded,tender,1023057,622304.036,Contract_Awards_PDFs/Tender_1023057.pdf,1
organization,og0012,awarded contract to,company,co0014,622304.036,Contract_Awards_PDFs/Tender_1023057.pdf,1
person,pp0004,approved award,tender,1023057,PD (Uttara Appartment),Contract_Awards_PDFs/Tender_1023057.pdf,1
organization,og0012,part of,organization,og0002,,Contract_Awards_PDFs/Tender_1023057.pdf,1
organization,og0002,part of,organization,og0001,,Contract_Awards_PDFs/Tender_1023057.pdf,1
tender,1023057,belongs to project,project,pr0003,,Contract_Awards_PDFs/Tender_1023057.pdf,1
company,co0011,was awarded,tender,1023060,4371342.068,Contract_Awards_PDFs/Tender_1023060.pdf,1
organization,og0012,awarded contract to,company,co0011,4371342.068,Contract_Awards_PDFs/Tender_1023060.pdf,1
person,pp0004,approved award,tender,1023060,PD (Uttara Appartment),Contract_Awards_PDFs/Tender_1023060.pdf,1
organization,og0012,part of,organization,og0002,,Contract_Awards_PDFs/Tender_1023060.pdf,1
organization,og0002,part of,organization,og0001,,Contract_Awards_PDFs/Tender_1023060.pdf,1
tender,1023060,belongs to project,project,pr0003,,Contract_Awards_PDFs/Tender_1023060.pdf,1
company,co0014,was awarded,tender,1023061,1978340.549,Contract_Awards_PDFs/Tender_1023061.pdf,1
organization,og0012,awarded contract to,company,co0014,1978340.549,Contract_Awards_PDFs/Tender_1023061.pdf,1
person,pp0004,approved award,tender,1023061,PD (Uttara Appartment),Contract_Awards_PDFs/Tender_1023061.pdf,1
organization,og0012,part of,organization,og0002,,Contract_Awards_PDFs/Tender_1023061.pdf,1
organization,og0002,part of,organization,og0001,,Contract_Awards_PDFs/Tender_1023061.pdf,1
tender,1023061,belongs to project,project,pr0003,,Contract_Awards_PDFs/Tender_1023061.pdf,1
company,co0033,was awarded,tender,1023333,11731574.383,Contract_Awards_PDFs/Tender_1023333.pdf,1
organization,og0021,awarded contract to,company,co0033,11731574.383,Contract_Awards_PDFs/Tender_1023333.pdf,1
person,pp0006,approved award,tender,1023333,Executive Engineer,Contract_Awards_PDFs/Tender_1023333.pdf,1
organization,og0021,part of,organization,og0009,,Contract_Awards_PDFs/Tender_1023333.pdf,1
organization,og0009,part of,organization,og0001,,Contract_Awards_PDFs/Tender_1023333.pdf,1
tender,1023333,belongs to project,project,pr0003,,Contract_Awards_PDFs/Tender_1023333.pdf,1
company,co0034,was awarded,tender,1024374,865887.789,Contract_Awards_PDFs/Tender_1024374.pdf,1
organization,og0020,awarded contract to,company,co0034,865887.789,Contract_Awards_PDFs/Tender_1024374.pdf,1
person,pp0013,approved award,tender,1024374,Member (Engineer),Contract_Awards_PDFs/Tender_1024374.pdf,1
organization,og0020,part of,organization,og0020,,Contract_Awards_PDFs/Tender_1024374.pdf,1
organization,og0020,part of,organization,og0001,,Contract_Awards_PDFs/Tender_1024374.pdf,1
tender,1024374,belongs to project,project,pr0003,,Contract_Awards_PDFs/Tender_1024374.pdf,1
company,co0035,was awarded,tender,1024391,1350000.001,Contract_Awards_PDFs/Tender_1024391.pdf,1
organization,og0020,awarded contract to,company,co0035,1350000.001,Contract_Awards_PDFs/Tender_1024391.pdf,1
person,pp0013,approved award,tender,1024391,Member (Engineer),Contract_Awards_PDFs/Tender_1024391.pdf,1
organization,og0020,part of,organization,og0020,,Contract_Awards_PDFs/Tender_1024391.pdf,1
organization,og0020,part of,organization,og0001,,Contract_Awards_PDFs/Tender_1024391.pdf,1
tender,1024391,belongs to project,project,pr0003,,Contract_Awards_PDFs/Tender_1024391.pdf,1
company,co0036,was awarded,tender,1024467,784699.145,Contract_Awards_PDFs/Tender_1024467.pdf,1
organization,og0020,awarded contract to,company,co0036,784699.145,Contract_Awards_PDFs/Tender_1024467.pdf,1
person,pp0013,approved award,tender,1024467,Member (Engineer),Contract_Awards_PDFs/Tender_1024467.pdf,1
organization,og0020,part of,organization,og0020,,Contract_Awards_PDFs/Tender_1024467.pdf,1
organization,og0020,part of,organization,og0001,,Contract_Awards_PDFs/Tender_1024467.pdf,1
tender,1024467,belongs to project,project,pr0003,,Contract_Awards_PDFs/Tender_1024467.pdf,1
company,co0028,was awarded,tender,1024517,994560.567,Contract_Awards_PDFs/Tender_1024517.pdf,1
organization,og0020,awarded contract to,company,co0028,994560.567,Contract_Awards_PDFs/Tender_1024517.pdf,1
person,pp0013,approved award,tender,1024517,Member (Engineer),Contract_Awards_PDFs/Tender_1024517.pdf,1
organization,og0020,part of,organization,og0020,,Contract_Awards_PDFs/Tender_1024517.pdf,1
organization,og0020,part of,organization,og0001,,Contract_Awards_PDFs/Tender_1024517.pdf,1
tender,1024517,belongs to project,project,pr0003,,Contract_Awards_PDFs/Tender_1024517.pdf,1
company,co0037,was awarded,tender,1024525,481950.477,Contract_Awards_PDFs/Tender_1024525.pdf,1
organization,og0020,awarded contract to,company,co0037,481950.477,Contract_Awards_PDFs/Tender_1024525.pdf,1
person,pp0013,approved award,tender,1024525,Member (Engineer),Contract_Awards_PDFs/Tender_1024525.pdf,1
organization,og0020,part of,organization,og0020,,Contract_Awards_PDFs/Tender_1024525.pdf,1
organization,og0020,part of,organization,og0001,,Contract_Awards_PDFs/Tender_1024525.pdf,1
tender,1024525,belongs to project,project,pr0003,,Contract_Awards_PDFs/Tender_1024525.pdf,1
company,co0038,was awarded,tender,1024787,889500.456,Contract_Awards_PDFs/Tender_1024787.pdf,1
organization,og0020,awarded contract to,company,co0038,889500.456,Contract_Awards_PDFs/Tender_1024787.pdf,1
person,pp0013,approved award,tender,1024787,Member (Engineer),Contract_Awards_PDFs/Tender_1024787.pdf,1
organization,og0020,part of,organization,og0020,,Contract_Awards_PDFs/Tender_1024787.pdf,1
organization,og0020,part of,organization,og0001,,Contract_Awards_PDFs/Tender_1024787.pdf,1
tender,1024787,belongs to project,project,pr0003,,Contract_Awards_PDFs/Tender_1024787.pdf,1
company,co0039,was awarded,tender,1024807,3442695.162,Contract_Awards_PDFs/Tender_1024807.pdf,1
organization,og0020,awarded contract to,company,co0039,3442695.162,Contract_Awards_PDFs/Tender_1024807.pdf,1
person,pp0013,approved award,tender,1024807,Member (Engineer),Contract_Awards_PDFs/Tender_1024807.pdf,1
organization,og0020,part of,organization,og0020,,Contract_Awards_PDFs/Tender_1024807.pdf,1
organization,og0020,part of,organization,og0001,,Contract_Awards_PDFs/Tender_1024807.pdf,1
tender,1024807,belongs to project,project,pr0003,,Contract_Awards_PDFs/Tender_1024807.pdf,1
company,co0036,was awarded,tender,1024943,1701121.801,Contract_Awards_PDFs/Tender_1024943.pdf,1
organization,og0020,awarded contract to,company,co0036,1701121.801,Contract_Awards_PDFs/Tender_1024943.pdf,1
person,pp0013,approved award,tender,1024943,Member (Engineer),Contract_Awards_PDFs/Tender_1024943.pdf,1
organization,og0020,part of,organization,og0020,,Contract_Awards_PDFs/Tender_1024943.pdf,1
organization,og0020,part of,organization,og0001,,Contract_Awards_PDFs/Tender_1024943.pdf,1
tender,1024943,belongs to project,project,pr0003,,Contract_Awards_PDFs/Tender_1024943.pdf,1
company,co0038,was awarded,tender,1024948,1435753.901,Contract_Awards_PDFs/Tender_1024948.pdf,1
organization,og0020,awarded contract to,company,co0038,1435753.901,Contract_Awards_PDFs/Tender_1024948.pdf,1
person,pp0013,approved award,tender,1024948,Member (Engineer),Contract_Awards_PDFs/Tender_1024948.pdf,1
organization,og0020,part of,organization,og0020,,Contract_Awards_PDFs/Tender_1024948.pdf,1
organization,og0020,part of,organization,og0001,,Contract_Awards_PDFs/Tender_1024948.pdf,1
tender,1024948,belongs to project,project,pr0003,,Contract_Awards_PDFs/Tender_1024948.pdf,1
company,co0040,was awarded,tender,1028832,8988920.100,Contract_Awards_PDFs/Tender_1028832.pdf,1
organization,og0010,awarded contract to,company,co0040,8988920.100,Contract_Awards_PDFs/Tender_1028832.pdf,1
person,pp0006,approved award,tender,1028832,Assistant Engineer,Contract_Awards_PDFs/Tender_1028832.pdf,1
organization,og0010,part of,organization,og0009,,Contract_Awards_PDFs/Tender_1028832.pdf,1
organization,og0009,part of,organization,og0001,,Contract_Awards_PDFs/Tender_1028832.pdf,1
tender,1028832,belongs to project,project,pr0003,,Contract_Awards_PDFs/Tender_1028832.pdf,1
company,co0041,was awarded,tender,1030720,2538953.352,Contract_Awards_PDFs/Tender_1030720.pdf,1
organization,og0011,awarded contract to,company,co0041,2538953.352,Contract_Awards_PDFs/Tender_1030720.pdf,1
person,pp0007,approved award,tender,1030720,Sup. Eng. (Elec.),Contract_Awards_PDFs/Tender_1030720.pdf,1
organization,og0011,part of,organization,og0002,,Contract_Awards_PDFs/Tender_1030720.pdf,1
organization,og0002,part of,organization,og0001,,Contract_Awards_PDFs/Tender_1030720.pdf,1
tender,1030720,belongs to project,project,pr0013,,Contract_Awards_PDFs/Tender_1030720.pdf,1
company,co0042,was awarded,tender,1031714,2899000.176,Contract_Awards_PDFs/Tender_1031714.pdf,1
organization,og0011,awarded contract to,company,co0042,2899000.176,Contract_Awards_PDFs/Tender_1031714.pdf,1
person,pp0007,approved award,tender,1031714,Sup. Eng. (Elec.),Contract_Awards_PDFs/Tender_1031714.pdf,1
organization,og0011,part of,organization,og0002,,Contract_Awards_PDFs/Tender_1031714.pdf,1
organization,og0002,part of,organization,og0001,,Contract_Awards_PDFs/Tender_1031714.pdf,1
tender,1031714,belongs to project,project,pr0014,,Contract_Awards_PDFs/Tender_1031714.pdf,1
company,co0043,was awarded,tender,1031800,4473000.001,Contract_Awards_PDFs/Tender_1031800.pdf,1
organization,og0008,awarded contract to,company,co0043,4473000.001,Contract_Awards_PDFs/Tender_1031800.pdf,1
person,pp0005,approved award,tender,1031800,Sup. Eng. (Mechanical),Contract_Awards_PDFs/Tender_1031800.pdf,1
organization,og0008,part of,organization,og0002,,Contract_Awards_PDFs/Tender_1031800.pdf,1
organization,og0002,part of,organization,og0001,,Contract_Awards_PDFs/Tender_1031800.pdf,1
tender,1031800,belongs to project,project,pr0015,,Contract_Awards_PDFs/Tender_1031800.pdf,1
company,co0001,was awarded,tender,1035179,41746974.102,Contract_Awards_PDFs/Tender_1035179.pdf,1
organization,og0003,awarded contract to,company,co0001,41746974.102,Contract_Awards_PDFs/Tender_1035179.pdf,1
person,pp0001,approved award,tender,1035179,Superintending Engineer,Contract_Awards_PDFs/Tender_1035179.pdf,1
organization,og0003,part of,organization,og0002,,Contract_Awards_PDFs/Tender_1035179.pdf,1
organization,og0002,part of,organization,og0001,,Contract_Awards_PDFs/Tender_1035179.pdf,1
tender,1035179,belongs to project,project,pr0016,,Contract_Awards_PDFs/Tender_1035179.pdf,1
company,co0044,was awarded,tender,1037582,4699837.507,Contract_Awards_PDFs/Tender_1037582.pdf,1
organization,og0022,awarded contract to,company,co0044,4699837.507,Contract_Awards_PDFs/Tender_1037582.pdf,1
person,pp0014,approved award,tender,1037582,Project Director,Contract_Awards_PDFs/Tender_1037582.pdf,1
organization,og0022,part of,organization,og0016,,Contract_Awards_PDFs/Tender_1037582.pdf,1
organization,og0016,part of,organization,og0001,,Contract_Awards_PDFs/Tender_1037582.pdf,1
tender,1037582,belongs to project,project,pr0003,,Contract_Awards_PDFs/Tender_1037582.pdf,1
company,co0034,was awarded,tender,1039767,1043000.000,Contract_Awards_PDFs/Tender_1039767.pdf,1
organization,og0020,awarded contract to,company,co0034,1043000.000,Contract_Awards_PDFs/Tender_1039767.pdf,1
person,pp0013,approved award,tender,1039767,Member (Engineer),Contract_Awards_PDFs/Tender_1039767.pdf,1
organization,og0020,part of,organization,og0020,,Contract_Awards_PDFs/Tender_1039767.pdf,1
organization,og0020,part of,organization,og0001,,Contract_Awards_PDFs/Tender_1039767.pdf,1
tender,1039767,belongs to project,project,pr0003,,Contract_Awards_PDFs/Tender_1039767.pdf,1
company,co0001,was awarded,tender,1044320,33437797.407,Contract_Awards_PDFs/Tender_1044320.pdf,1
organization,og0023,awarded contract to,company,co0001,33437797.407,Contract_Awards_PDFs/Tender_1044320.pdf,1
person,pp0015,approved award,tender,1044320,PD (Jhilmil),Contract_Awards_PDFs/Tender_1044320.pdf,1
organization,og0023,part of,organization,og0002,,Contract_Awards_PDFs/Tender_1044320.pdf,1
organization,og0002,part of,organization,og0001,,Contract_Awards_PDFs/Tender_1044320.pdf,1
tender,1044320,belongs to project,project,pr0017,,Contract_Awards_PDFs/Tender_1044320.pdf,1
company,co0045,was awarded,tender,1056195,5100000.001,Contract_Awards_PDFs/Tender_1056195.pdf,1
organization,og0008,awarded contract to,company,co0045,5100000.001,Contract_Awards_PDFs/Tender_1056195.pdf,1
person,pp0005,approved award,tender,1056195,Sup. Eng. (Mechanical),Contract_Awards_PDFs/Tender_1056195.pdf,1
organization,og0008,part of,organization,og0002,,Contract_Awards_PDFs/Tender_1056195.pdf,1
organization,og0002,part of,organization,og0001,,Contract_Awards_PDFs/Tender_1056195.pdf,1
tender,1056195,belongs to project,project,pr0015,,Contract_Awards_PDFs/Tender_1056195.pdf,1
company,co0011,was awarded,tender,1058290,7049879.781,Contract_Awards_PDFs/Tender_1058290.pdf,1
organization,og0023,awarded contract to,company,co0011,7049879.781,Contract_Awards_PDFs/Tender_1058290.pdf,1
person,pp0015,approved award,tender,1058290,PD (Jhilmil),Contract_Awards_PDFs/Tender_1058290.pdf,1
organization,og0023,part of,organization,og0002,,Contract_Awards_PDFs/Tender_1058290.pdf,1
organization,og0002,part of,organization,og0001,,Contract_Awards_PDFs/Tender_1058290.pdf,1
tender,1058290,belongs to project,project,pr0017,,Contract_Awards_PDFs/Tender_1058290.pdf,1
company,co0031,was awarded,tender,1058291,13354000.588,Contract_Awards_PDFs/Tender_1058291.pdf,1
organization,og0023,awarded contract to,company,co0031,13354000.588,Contract_Awards_PDFs/Tender_1058291.pdf,1
person,pp0015,approved award,tender,1058291,PD (Jhilmil),Contract_Awards_PDFs/Tender_1058291.pdf,1
organization,og0023,part of,organization,og0002,,Contract_Awards_PDFs/Tender_1058291.pdf,1
organization,og0002,part of,organization,og0001,,Contract_Awards_PDFs/Tender_1058291.pdf,1
tender,1058291,belongs to project,project,pr0017,,Contract_Awards_PDFs/Tender_1058291.pdf,1
company,co0011,was awarded,tender,1058292,6592144.975,Contract_Awards_PDFs/Tender_1058292.pdf,1
organization,og0023,awarded contract to,company,co0011,6592144.975,Contract_Awards_PDFs/Tender_1058292.pdf,1
person,pp0015,approved award,tender,1058292,PD (Jhilmil),Contract_Awards_PDFs/Tender_1058292.pdf,1
organization,og0023,part of,organization,og0002,,Contract_Awards_PDFs/Tender_1058292.pdf,1
organization,og0002,part of,organization,og0001,,Contract_Awards_PDFs/Tender_1058292.pdf,1
tender,1058292,belongs to project,project,pr0017,,Contract_Awards_PDFs/Tender_1058292.pdf,1
company,co0031,was awarded,tender,1058293,6347500.384,Contract_Awards_PDFs/Tender_1058293.pdf,1
organization,og0023,awarded contract to,company,co0031,6347500.384,Contract_Awards_PDFs/Tender_1058293.pdf,1
person,pp0015,approved award,tender,1058293,PD (Jhilmil),Contract_Awards_PDFs/Tender_1058293.pdf,1
organization,og0023,part of,organization,og0002,,Contract_Awards_PDFs/Tender_1058293.pdf,1
organization,og0002,part of,organization,og0001,,Contract_Awards_PDFs/Tender_1058293.pdf,1
tender,1058293,belongs to project,project,pr0017,,Contract_Awards_PDFs/Tender_1058293.pdf,1
company,co0014,was awarded,tender,1059690,696150.009,Contract_Awards_PDFs/Tender_1059690.pdf,1
organization,og0008,awarded contract to,company,co0014,696150.009,Contract_Awards_PDFs/Tender_1059690.pdf,1
person,pp0005,approved award,tender,1059690,Sup. Eng. (Mechanical),Contract_Awards_PDFs/Tender_1059690.pdf,1
organization,og0008,part of,organization,og0002,,Contract_Awards_PDFs/Tender_1059690.pdf,1
organization,og0002,part of,organization,og0001,,Contract_Awards_PDFs/Tender_1059690.pdf,1
tender,1059690,belongs to project,project,pr0004,,Contract_Awards_PDFs/Tender_1059690.pdf,1
company,co0019,was awarded,tender,1060379,118272231.790,Contract_Awards_PDFs/Tender_1060379.pdf,1
organization,og0023,awarded contract to,company,co0019,118272231.790,Contract_Awards_PDFs/Tender_1060379.pdf,1
person,pp0015,approved award,tender,1060379,PD (Jhilmil),Contract_Awards_PDFs/Tender_1060379.pdf,1
organization,og0023,part of,organization,og0002,,Contract_Awards_PDFs/Tender_1060379.pdf,1
organization,og0002,part of,organization,og0001,,Contract_Awards_PDFs/Tender_1060379.pdf,1
tender,1060379,belongs to project,project,pr0017,,Contract_Awards_PDFs/Tender_1060379.pdf,1
company,co0046,was awarded,tender,1060380,68007492.722,Contract_Awards_PDFs/Tender_1060380.pdf,1
organization,og0023,awarded contract to,company,co0046,68007492.722,Contract_Awards_PDFs/Tender_1060380.pdf,1
person,pp0015,approved award,tender,1060380,PD (Jhilmil),Contract_Awards_PDFs/Tender_1060380.pdf,1
organization,og0023,part of,organization,og0002,,Contract_Awards_PDFs/Tender_1060380.pdf,1
organization,og0002,part of,organization,og0001,,Contract_Awards_PDFs/Tender_1060380.pdf,1
tender,1060380,belongs to project,project,pr0017,,Contract_Awards_PDFs/Tender_1060380.pdf,1
company,co0047,was awarded,tender,1060890,18177929.928,Contract_Awards_PDFs/Tender_1060890.pdf,1
organization,og0015,awarded contract to,company,co0047,18177929.928,Contract_Awards_PDFs/Tender_1060890.pdf,1
person,pp0016,approved award,tender,1060890,Project Director,Contract_Awards_PDFs/Tender_1060890.pdf,1
organization,og0015,part of,organization,og0002,,Contract_Awards_PDFs/Tender_1060890.pdf,1
organization,og0002,part of,organization,og0001,,Contract_Awards_PDFs/Tender_1060890.pdf,1
tender,1060890,belongs to project,project,pr0009,,Contract_Awards_PDFs/Tender_1060890.pdf,1
company,co0025,was awarded,tender,1060891,88468397.136,Contract_Awards_PDFs/Tender_1060891.pdf,1
organization,og0015,awarded contract to,company,co0025,88468397.136,Contract_Awards_PDFs/Tender_1060891.pdf,1
person,pp0016,approved award,tender,1060891,Project Director,Contract_Awards_PDFs/Tender_1060891.pdf,1
organization,og0015,part of,organization,og0002,,Contract_Awards_PDFs/Tender_1060891.pdf,1
organization,og0002,part of,organization,og0001,,Contract_Awards_PDFs/Tender_1060891.pdf,1
tender,1060891,belongs to project,project,pr0009,,Contract_Awards_PDFs/Tender_1060891.pdf,1
company,co0048,was awarded,tender,1060895,111101507.721,Contract_Awards_PDFs/Tender_1060895.pdf,1
organization,og0015,awarded contract to,company,co0048,111101507.721,Contract_Awards_PDFs/Tender_1060895.pdf,1
person,pp0016,approved award,tender,1060895,Project Director,Contract_Awards_PDFs/Tender_1060895.pdf,1
organization,og0015,part of,organization,og0002,,Contract_Awards_PDFs/Tender_1060895.pdf,1
organization,og0002,part of,organization,og0001,,Contract_Awards_PDFs/Tender_1060895.pdf,1
tender,1060895,belongs to project,project,pr0009,,Contract_Awards_PDFs/Tender_1060895.pdf,1
company,co0042,was awarded,tender,1062494,27499998.838,Contract_Awards_PDFs/Tender_1062494.pdf,1
organization,og0006,awarded contract to,company,co0042,27499998.838,Contract_Awards_PDFs/Tender_1062494.pdf,1
person,pp0003,approved award,tender,1062494,PD (9apt),Contract_Awards_PDFs/Tender_1062494.pdf,1
organization,og0006,part of,organization,og0002,,Contract_Awards_PDFs/Tender_1062494.pdf,1
organization,og0002,part of,organization,og0001,,Contract_Awards_PDFs/Tender_1062494.pdf,1
tender,1062494,belongs to project,project,pr0003,,Contract_Awards_PDFs/Tender_1062494.pdf,1
company,co0016,was awarded,tender,1069558,8321802.741,Contract_Awards_PDFs/Tender_1069558.pdf,1
organization,og0015,awarded contract to,company,co0016,8321802.741,Contract_Awards_PDFs/Tender_1069558.pdf,1
person,pp0016,approved award,tender,1069558,Project Director,Contract_Awards_PDFs/Tender_1069558.pdf,1
organization,og0015,part of,organization,og0002,,Contract_Awards_PDFs/Tender_1069558.pdf,1
organization,og0002,part of,organization,og0001,,Contract_Awards_PDFs/Tender_1069558.pdf,1
tender,1069558,belongs to project,project,pr0009,,Contract_Awards_PDFs/Tender_1069558.pdf,1
company,co0016,was awarded,tender,1069559,19993058.325,Contract_Awards_PDFs/Tender_1069559.pdf,1
organization,og0015,awarded contract to,company,co0016,19993058.325,Contract_Awards_PDFs/Tender_1069559.pdf,1
person,pp0016,approved award,tender,1069559,Project Director,Contract_Awards_PDFs/Tender_1069559.pdf,1
organization,og0015,part of,organization,og0002,,Contract_Awards_PDFs/Tender_1069559.pdf,1
organization,og0002,part of,organization,og0001,,Contract_Awards_PDFs/Tender_1069559.pdf,1
tender,1069559,belongs to project,project,pr0009,,Contract_Awards_PDFs/Tender_1069559.pdf,1
company,co0023,was awarded,tender,1069560,26892135.198,Contract_Awards_PDFs/Tender_1069560.pdf,1
organization,og0015,awarded contract to,company,co0023,26892135.198,Contract_Awards_PDFs/Tender_1069560.pdf,1
person,pp0016,approved award,tender,1069560,Project Director,Contract_Awards_PDFs/Tender_1069560.pdf,1
organization,og0015,part of,organization,og0002,,Contract_Awards_PDFs/Tender_1069560.pdf,1
organization,og0002,part of,organization,og0001,,Contract_Awards_PDFs/Tender_1069560.pdf,1
tender,1069560,belongs to project,project,pr0009,,Contract_Awards_PDFs/Tender_1069560.pdf,1
company,co0049,was awarded,tender,1069561,35630010.783,Contract_Awards_PDFs/Tender_1069561.pdf,1
organization,og0015,awarded contract to,company,co0049,35630010.783,Contract_Awards_PDFs/Tender_1069561.pdf,1
person,pp0016,approved award,tender,1069561,Project Director,Contract_Awards_PDFs/Tender_1069561.pdf,1
organization,og0015,part of,organization,og0002,,Contract_Awards_PDFs/Tender_1069561.pdf,1
organization,og0002,part of,organization,og0001,,Contract_Awards_PDFs/Tender_1069561.pdf,1
tender,1069561,belongs to project,project,pr0009,,Contract_Awards_PDFs/Tender_1069561.pdf,1
company,co0050,was awarded,tender,1069562,42619653.995,Contract_Awards_PDFs/Tender_1069562.pdf,1
organization,og0015,awarded contract to,company,co0050,42619653.995,Contract_Awards_PDFs/Tender_1069562.pdf,1
person,pp0016,approved award,tender,1069562,Project Director,Contract_Awards_PDFs/Tender_1069562.pdf,1
organization,og0015,part of,organization,og0002,,Contract_Awards_PDFs/Tender_1069562.pdf,1
organization,og0002,part of,organization,og0001,,Contract_Awards_PDFs/Tender_1069562.pdf,1
tender,1069562,belongs to project,project,pr0009,,Contract_Awards_PDFs/Tender_1069562.pdf,1
company,co0051,was awarded,tender,1069564,77163422.058,Contract_Awards_PDFs/Tender_1069564.pdf,1
organization,og0015,awarded contract to,company,co0051,77163422.058,Contract_Awards_PDFs/Tender_1069564.pdf,1
person,pp0016,approved award,tender,1069564,Project Director,Contract_Awards_PDFs/Tender_1069564.pdf,1
organization,og0015,part of,organization,og0002,,Contract_Awards_PDFs/Tender_1069564.pdf,1
organization,og0002,part of,organization,og0001,,Contract_Awards_PDFs/Tender_1069564.pdf,1
tender,1069564,belongs to project,project,pr0009,,Contract_Awards_PDFs/Tender_1069564.pdf,1
company,co0013,was awarded,tender,1071058,22604728.131,Contract_Awards_PDFs/Tender_1071058.pdf,1
organization,og0015,awarded contract to,company,co0013,22604728.131,Contract_Awards_PDFs/Tender_1071058.pdf,1
person,pp0016,approved award,tender,1071058,Project Director,Contract_Awards_PDFs/Tender_1071058.pdf,1
organization,og0015,part of,organization,og0002,,Contract_Awards_PDFs/Tender_1071058.pdf,1
organization,og0002,part of,organization,og0001,,Contract_Awards_PDFs/Tender_1071058.pdf,1
tender,1071058,belongs to project,project,pr0009,,Contract_Awards_PDFs/Tender_1071058.pdf,1
company,co0052,was awarded,tender,1072723,2323957.303,Contract_Awards_PDFs/Tender_1072723.pdf,1
organization,og0017,awarded contract to,company,co0052,2323957.303,Contract_Awards_PDFs/Tender_1072723.pdf,1
person,pp0011,approved award,tender,1072723,Assistant Programmer,Contract_Awards_PDFs/Tender_1072723.pdf,1
organization,og0017,part of,organization,og0016,,Contract_Awards_PDFs/Tender_1072723.pdf,1
organization,og0016,part of,organization,og0001,,Contract_Awards_PDFs/Tender_1072723.pdf,1
tender,1072723,belongs to project,project,pr0003,,Contract_Awards_PDFs/Tender_1072723.pdf,1
company,co0053,was awarded,tender,1074002,14195340.000,Contract_Awards_PDFs/Tender_1074002.pdf,1
organization,og0011,awarded contract to,company,co0053,14195340.000,Contract_Awards_PDFs/Tender_1074002.pdf,1
person,pp0007,approved award,tender,1074002,Sup. Eng. (Elec.),Contract_Awards_PDFs/Tender_1074002.pdf,1
organization,og0011,part of,organization,og0002,,Contract_Awards_PDFs/Tender_1074002.pdf,1
organization,og0002,part of,organization,og0001,,Contract_Awards_PDFs/Tender_1074002.pdf,1
tender,1074002,belongs to project,project,pr0012,,Contract_Awards_PDFs/Tender_1074002.pdf,1
company,co0054,was awarded,tender,1074661,2689391.700,Contract_Awards_PDFs/Tender_1074661.pdf,1
organization,og0011,awarded contract to,company,co0054,2689391.700,Contract_Awards_PDFs/Tender_1074661.pdf,1
person,pp0007,approved award,tender,1074661,Sup. Eng. (Elec.),Contract_Awards_PDFs/Tender_1074661.pdf,1
organization,og0011,part of,organization,og0002,,Contract_Awards_PDFs/Tender_1074661.pdf,1
organization,og0002,part of,organization,og0001,,Contract_Awards_PDFs/Tender_1074661.pdf,1
tender,1074661,belongs to project,project,pr0018,,Contract_Awards_PDFs/Tender_1074661.pdf,1
company,co0055,was awarded,tender,1076521,4495000.002,Contract_Awards_PDFs/Tender_1076521.pdf,1
organization,og0018,awarded contract to,company,co0055,4495000.002,Contract_Awards_PDFs/Tender_1076521.pdf,1
person,pp0012,approved award,tender,1076521,Executive Engineer (M),Contract_Awards_PDFs/Tender_1076521.pdf,1
organization,og0018,part of,organization,og0016,,Contract_Awards_PDFs/Tender_1076521.pdf,1
organization,og0016,part of,organization,og0001,,Contract_Awards_PDFs/Tender_1076521.pdf,1
tender,1076521,belongs to project,project,pr0003,,Contract_Awards_PDFs/Tender_1076521.pdf,1
company,co0056,was awarded,tender,1077063,1370110.118,Contract_Awards_PDFs/Tender_1077063.pdf,1
organization,og0008,awarded contract to,company,co0056,1370110.118,Contract_Awards_PDFs/Tender_1077063.pdf,1
person,pp0005,approved award,tender,1077063,Sup. Eng. (Mechanical),Contract_Awards_PDFs/Tender_1077063.pdf,1
organization,og0008,part of,organization,og0002,,Contract_Awards_PDFs/Tender_1077063.pdf,1
organization,og0002,part of,organization,og0001,,Contract_Awards_PDFs/Tender_1077063.pdf,1
tender,1077063,belongs to project,project,pr0019,,Contract_Awards_PDFs/Tender_1077063.pdf,1
company,co0003,was awarded,tender,1081213,38383526.286,Contract_Awards_PDFs/Tender_1081213.pdf,1
organization,og0014,awarded contract to,company,co0003,38383526.286,Contract_Awards_PDFs/Tender_1081213.pdf,1
person,pp0001,approved award,tender,1081213,Superintending Engineer,Contract_Awards_PDFs/Tender_1081213.pdf,1
organization,og0014,part of,organization,og0002,,Contract_Awards_PDFs/Tender_1081213.pdf,1
organization,og0002,part of,organization,og0001,,Contract_Awards_PDFs/Tender_1081213.pdf,1
tender,1081213,belongs to project,project,pr0020,,Contract_Awards_PDFs/Tender_1081213.pdf,1
company,co0010,was awarded,tender,1081271,4320000.288,Contract_Awards_PDFs/Tender_1081271.pdf,1
organization,og0011,awarded contract to,company,co0010,4320000.288,Contract_Awards_PDFs/Tender_1081271.pdf,1
person,pp0007,approved award,tender,1081271,Sup. Eng. (Elec.),Contract_Awards_PDFs/Tender_1081271.pdf,1
organization,og0011,part of,organization,og0002,,Contract_Awards_PDFs/Tender_1081271.pdf,1
organization,og0002,part of,organization,og0001,,Contract_Awards_PDFs/Tender_1081271.pdf,1
tender,1081271,belongs to project,project,pr0006,,Contract_Awards_PDFs/Tender_1081271.pdf,1
company,co0019,was awarded,tender,1082494,64772047.737,Contract_Awards_PDFs/Tender_1082494.pdf,1
organization,og0014,awarded contract to,company,co0019,64772047.737,Contract_Awards_PDFs/Tender_1082494.pdf,1
person,pp0001,approved award,tender,1082494,Superintending Engineer,Contract_Awards_PDFs/Tender_1082494.pdf,1
organization,og0014,part of,organization,og0002,,Contract_Awards_PDFs/Tender_1082494.pdf,1
organization,og0002,part of,organization,og0001,,Contract_Awards_PDFs/Tender_1082494.pdf,1
tender,1082494,belongs to project,project,pr0020,,Contract_Awards_PDFs/Tender_1082494.pdf,1
company,co0005,was awarded,tender,1082495,3531092.112,Contract_Awards_PDFs/Tender_1082495.pdf,1
organization,og0014,awarded contract to,company,co0005,3531092.112,Contract_Awards_PDFs/Tender_1082495.pdf,1
person,pp0001,approved award,tender,1082495,Superintending Engineer,Contract_Awards_PDFs/Tender_1082495.pdf,1
organization,og0014,part of,organization,og0002,,Contract_Awards_PDFs/Tender_1082495.pdf,1
organization,og0002,part of,organization,og0001,,Contract_Awards_PDFs/Tender_1082495.pdf,1
tender,1082495,belongs to project,project,pr0020,,Contract_Awards_PDFs/Tender_1082495.pdf,1
company,co0016,was awarded,tender,1082496,14961357.135,Contract_Awards_PDFs/Tender_1082496.pdf,1
organization,og0014,awarded contract to,company,co0016,14961357.135,Contract_Awards_PDFs/Tender_1082496.pdf,1
person,pp0001,approved award,tender,1082496,Superintending Engineer,Contract_Awards_PDFs/Tender_1082496.pdf,1
organization,og0014,part of,organization,og0002,,Contract_Awards_PDFs/Tender_1082496.pdf,1
organization,og0002,part of,organization,og0001,,Contract_Awards_PDFs/Tender_1082496.pdf,1
tender,1082496,belongs to project,project,pr0020,,Contract_Awards_PDFs/Tender_1082496.pdf,1
company,co0001,was awarded,tender,1082525,77992693.722,Contract_Awards_PDFs/Tender_1082525.pdf,1
organization,og0014,awarded contract to,company,co0001,77992693.722,Contract_Awards_PDFs/Tender_1082525.pdf,1
person,pp0001,approved award,tender,1082525,Superintending Engineer,Contract_Awards_PDFs/Tender_1082525.pdf,1
organization,og0014,part of,organization,og0002,,Contract_Awards_PDFs/Tender_1082525.pdf,1
organization,og0002,part of,organization,og0001,,Contract_Awards_PDFs/Tender_1082525.pdf,1
tender,1082525,belongs to project,project,pr0011,,Contract_Awards_PDFs/Tender_1082525.pdf,1
company,co0042,was awarded,tender,1082896,8725500.251,Contract_Awards_PDFs/Tender_1082896.pdf,1
organization,og0006,awarded contract to,company,co0042,8725500.251,Contract_Awards_PDFs/Tender_1082896.pdf,1
person,pp0003,approved award,tender,1082896,PD (9apt),Contract_Awards_PDFs/Tender_1082896.pdf,1
organization,og0006,part of,organization,og0002,,Contract_Awards_PDFs/Tender_1082896.pdf,1
organization,og0002,part of,organization,og0001,,Contract_Awards_PDFs/Tender_1082896.pdf,1
tender,1082896,belongs to project,project,pr0003,,Contract_Awards_PDFs/Tender_1082896.pdf,1
company,co0057,was awarded,tender,1083479,403200.072,Contract_Awards_PDFs/Tender_1083479.pdf,1
organization,og0011,awarded contract to,company,co0057,403200.072,Contract_Awards_PDFs/Tender_1083479.pdf,1
person,pp0007,approved award,tender,1083479,Sup. Eng. (Elec.),Contract_Awards_PDFs/Tender_1083479.pdf,1
organization,og0011,part of,organization,og0002,,Contract_Awards_PDFs/Tender_1083479.pdf,1
organization,og0002,part of,organization,og0001,,Contract_Awards_PDFs/Tender_1083479.pdf,1
tender,1083479,belongs to project,project,pr0006,,Contract_Awards_PDFs/Tender_1083479.pdf,1
company,co0005,was awarded,tender,1083760,10913500.000,Contract_Awards_PDFs/Tender_1083760.pdf,1
organization,og0011,awarded contract to,company,co0005,10913500.000,Contract_Awards_PDFs/Tender_1083760.pdf,1
person,pp0007,approved award,tender,1083760,Sup. Eng. (Elec.),Contract_Awards_PDFs/Tender_1083760.pdf,1
organization,og0011,part of,organization,og0002,,Contract_Awards_PDFs/Tender_1083760.pdf,1
organization,og0002,part of,organization,og0001,,Contract_Awards_PDFs/Tender_1083760.pdf,1
tender,1083760,belongs to project,project,pr0021,,Contract_Awards_PDFs/Tender_1083760.pdf,1
company,co0058,was awarded,tender,108836,35818234.168,Contract_Awards_PDFs/Tender_108836.pdf,1
organization,og0024,awarded contract to,company,co0058,35818234.168,Contract_Awards_PDFs/Tender_108836.pdf,1
person,pp0017,approved award,tender,108836,Executive Engineer,Contract_Awards_PDFs/Tender_108836.pdf,1
organization,og0024,part of,organization,og0009,,Contract_Awards_PDFs/Tender_108836.pdf,1
organization,og0009,part of,organization,og0001,,Contract_Awards_PDFs/Tender_108836.pdf,1
tender,108836,belongs to project,project,pr0022,,Contract_Awards_PDFs/Tender_108836.pdf,1
company,co0059,was awarded,tender,1094618,54979773.626,Contract_Awards_PDFs/Tender_1094618.pdf,1
organization,og0012,awarded contract to,company,co0059,54979773.626,Contract_Awards_PDFs/Tender_1094618.pdf,1
person,pp0004,approved award,tender,1094618,PD (Uttara Appartment),Contract_Awards_PDFs/Tender_1094618.pdf,1
organization,og0012,part of,organization,og0002,,Contract_Awards_PDFs/Tender_1094618.pdf,1
organization,og0002,part of,organization,og0001,,Contract_Awards_PDFs/Tender_1094618.pdf,1
tender,1094618,belongs to project,project,pr0003,,Contract_Awards_PDFs/Tender_1094618.pdf,1
company,co0060,was awarded,tender,1096839,5486186.500,Contract_Awards_PDFs/Tender_1096839.pdf,1
organization,og0025,awarded contract to,company,co0060,5486186.500,Contract_Awards_PDFs/Tender_1096839.pdf,1
person,pp0018,approved award,tender,1096839,Director (Admin),Contract_Awards_PDFs/Tender_1096839.pdf,1
organization,og0025,part of,organization,og0002,,Contract_Awards_PDFs/Tender_1096839.pdf,1
organization,og0002,part of,organization,og0001,,Contract_Awards_PDFs/Tender_1096839.pdf,1
tender,1096839,belongs to project,project,pr0023,,Contract_Awards_PDFs/Tender_1096839.pdf,1
company,co0061,was awarded,tender,1096909,2249250.000,Contract_Awards_PDFs/Tender_1096909.pdf,1
organization,og0025,awarded contract to,company,co0061,2249250.000,Contract_Awards_PDFs/Tender_1096909.pdf,1
person,pp0018,approved award,tender,1096909,Director (Admin),Contract_Awards_PDFs/Tender_1096909.pdf,1
organization,og0025,part of,organization,og0002,,Contract_Awards_PDFs/Tender_1096909.pdf,1
organization,og0002,part of,organization,og0001,,Contract_Awards_PDFs/Tender_1096909.pdf,1
tender,1096909,belongs to project,project,pr0023,,Contract_Awards_PDFs/Tender_1096909.pdf,1
company,co0005,was awarded,tender,1097226,2232503.691,Contract_Awards_PDFs/Tender_1097226.pdf,1
organization,og0011,awarded contract to,company,co0005,2232503.691,Contract_Awards_PDFs/Tender_1097226.pdf,1
person,pp0007,approved award,tender,1097226,Sup. Eng. (Elec.),Contract_Awards_PDFs/Tender_1097226.pdf,1
organization,og0011,part of,organization,og0002,,Contract_Awards_PDFs/Tender_1097226.pdf,1
organization,og0002,part of,organization,og0001,,Contract_Awards_PDFs/Tender_1097226.pdf,1
tender,1097226,belongs to project,project,pr0012,,Contract_Awards_PDFs/Tender_1097226.pdf,1
person,pp0019,declared beneficial owner of,company,co0005, 100%,Contract_Awards_PDFs/Tender_1097226.pdf,1
company,co0005,was awarded,tender,1097756,741990.600,Contract_Awards_PDFs/Tender_1097756.pdf,1
organization,og0011,awarded contract to,company,co0005,741990.600,Contract_Awards_PDFs/Tender_1097756.pdf,1
person,pp0007,approved award,tender,1097756,Sup. Eng. (Elec.),Contract_Awards_PDFs/Tender_1097756.pdf,1
organization,og0011,part of,organization,og0002,,Contract_Awards_PDFs/Tender_1097756.pdf,1
organization,og0002,part of,organization,og0001,,Contract_Awards_PDFs/Tender_1097756.pdf,1
tender,1097756,belongs to project,project,pr0018,,Contract_Awards_PDFs/Tender_1097756.pdf,1
person,pp0019,declared beneficial owner of,company,co0005, 100%,Contract_Awards_PDFs/Tender_1097756.pdf,1
company,co0062,was awarded,tender,110297,495240760.339,Contract_Awards_PDFs/Tender_110297.pdf,1
organization,og0026,awarded contract to,company,co0062,495240760.339,Contract_Awards_PDFs/Tender_110297.pdf,1
person,pp0020,approved award,tender,110297,Project Director,Contract_Awards_PDFs/Tender_110297.pdf,1
organization,og0026,part of,organization,og0009,,Contract_Awards_PDFs/Tender_110297.pdf,1
organization,og0009,part of,organization,og0001,,Contract_Awards_PDFs/Tender_110297.pdf,1
tender,110297,belongs to project,project,pr0024,,Contract_Awards_PDFs/Tender_110297.pdf,1
company,co0045,was awarded,tender,1109365,4300000.001,Contract_Awards_PDFs/Tender_1109365.pdf,1
organization,og0008,awarded contract to,company,co0045,4300000.001,Contract_Awards_PDFs/Tender_1109365.pdf,1
person,pp0005,approved award,tender,1109365,Sup. Eng. (Mechanical),Contract_Awards_PDFs/Tender_1109365.pdf,1
organization,og0008,part of,organization,og0002,,Contract_Awards_PDFs/Tender_1109365.pdf,1
organization,og0002,part of,organization,og0001,,Contract_Awards_PDFs/Tender_1109365.pdf,1
tender,1109365,belongs to project,project,pr0015,,Contract_Awards_PDFs/Tender_1109365.pdf,1
company,co0063,was awarded,tender,111480,3560581.224,Contract_Awards_PDFs/Tender_111480.pdf,1
organization,og0029,awarded contract to,company,co0063,3560581.224,Contract_Awards_PDFs/Tender_111480.pdf,1
person,pp0021,approved award,tender,111480,Executive Engineer,Contract_Awards_PDFs/Tender_111480.pdf,1
organization,og0029,part of,organization,og0028,,Contract_Awards_PDFs/Tender_111480.pdf,1
organization,og0028,part of,organization,og0027,,Contract_Awards_PDFs/Tender_111480.pdf,1
tender,111480,belongs to project,project,pr0025,,Contract_Awards_PDFs/Tender_111480.pdf,1
company,co0064,was awarded,tender,1117569,8969879.463,Contract_Awards_PDFs/Tender_1117569.pdf,1
organization,og0006,awarded contract to,company,co0064,8969879.463,Contract_Awards_PDFs/Tender_1117569.pdf,1
person,pp0003,approved award,tender,1117569,PD (9apt),Contract_Awards_PDFs/Tender_1117569.pdf,1
organization,og0006,part of,organization,og0002,,Contract_Awards_PDFs/Tender_1117569.pdf,1
organization,og0002,part of,organization,og0001,,Contract_Awards_PDFs/Tender_1117569.pdf,1
tender,1117569,belongs to project,project,pr0003,,Contract_Awards_PDFs/Tender_1117569.pdf,1
company,co0065,was awarded,tender,1119438,330670.094,Contract_Awards_PDFs/Tender_1119438.pdf,1
organization,og0020,awarded contract to,company,co0065,330670.094,Contract_Awards_PDFs/Tender_1119438.pdf,1
person,pp0022,approved award,tender,1119438,Member (Engineer),Contract_Awards_PDFs/Tender_1119438.pdf,1
organization,og0020,part of,organization,og0020,,Contract_Awards_PDFs/Tender_1119438.pdf,1
organization,og0020,part of,organization,og0001,,Contract_Awards_PDFs/Tender_1119438.pdf,1
tender,1119438,belongs to project,project,pr0003,,Contract_Awards_PDFs/Tender_1119438.pdf,1
company,co0066,was awarded,tender,112012,899353315.989,Contract_Awards_PDFs/Tender_112012.pdf,1
organization,og0030,awarded contract to,company,co0066,899353315.989,Contract_Awards_PDFs/Tender_112012.pdf,1
person,pp0023,approved award,tender,112012,Chaiman,Contract_Awards_PDFs/Tender_112012.pdf,1
organization,og0030,part of,organization,og0004,,Contract_Awards_PDFs/Tender_112012.pdf,1
organization,og0004,part of,organization,og0001,,Contract_Awards_PDFs/Tender_112012.pdf,1
tender,112012,belongs to project,project,pr0026,,Contract_Awards_PDFs/Tender_112012.pdf,1
company,co0067,was awarded,tender,1121584,1351952.357,Contract_Awards_PDFs/Tender_1121584.pdf,1
organization,og0020,awarded contract to,company,co0067,1351952.357,Contract_Awards_PDFs/Tender_1121584.pdf,1
person,pp0022,approved award,tender,1121584,Member (Engineer),Contract_Awards_PDFs/Tender_1121584.pdf,1
organization,og0020,part of,organization,og0020,,Contract_Awards_PDFs/Tender_1121584.pdf,1
organization,og0020,part of,organization,og0001,,Contract_Awards_PDFs/Tender_1121584.pdf,1
tender,1121584,belongs to project,project,pr0003,,Contract_Awards_PDFs/Tender_1121584.pdf,1
company,co0005,was awarded,tender,1123494,3048018.489,Contract_Awards_PDFs/Tender_1123494.pdf,1
organization,og0007,awarded contract to,company,co0005,3048018.489,Contract_Awards_PDFs/Tender_1123494.pdf,1
person,pp0004,approved award,tender,1123494,Superintending Engineer,Contract_Awards_PDFs/Tender_1123494.pdf,1
organization,og0007,part of,organization,og0002,,Contract_Awards_PDFs/Tender_1123494.pdf,1
organization,og0002,part of,organization,og0001,,Contract_Awards_PDFs/Tender_1123494.pdf,1
tender,1123494,belongs to project,project,pr0003,,Contract_Awards_PDFs/Tender_1123494.pdf,1
person,pp0019,declared beneficial owner of,company,co0005, 100%,Contract_Awards_PDFs/Tender_1123494.pdf,1
company,co0068,was awarded,tender,1128572,1875002.607,Contract_Awards_PDFs/Tender_1128572.pdf,1
organization,og0031,awarded contract to,company,co0068,1875002.607,Contract_Awards_PDFs/Tender_1128572.pdf,1
person,pp0024,approved award,tender,1128572,Project Director,Contract_Awards_PDFs/Tender_1128572.pdf,1
organization,og0031,part of,organization,og0009,,Contract_Awards_PDFs/Tender_1128572.pdf,1
organization,og0009,part of,organization,og0001,,Contract_Awards_PDFs/Tender_1128572.pdf,1
tender,1128572,belongs to project,project,pr0003,,Contract_Awards_PDFs/Tender_1128572.pdf,1
company,co0069,was awarded,tender,113428,4581878.130,Contract_Awards_PDFs/Tender_113428.pdf,1
organization,og0032,awarded contract to,company,co0069,4581878.130,Contract_Awards_PDFs/Tender_113428.pdf,1
person,pp0025,approved award,tender,113428,"Chief Engineer, Implementation",Contract_Awards_PDFs/Tender_113428.pdf,1
organization,og0032,part of,organization,og0002,,Contract_Awards_PDFs/Tender_113428.pdf,1
organization,og0002,part of,organization,og0001,,Contract_Awards_PDFs/Tender_113428.pdf,1
tender,113428,belongs to project,project,pr0009,,Contract_Awards_PDFs/Tender_113428.pdf,1
company,co0045,was awarded,tender,1134396,147100000.256,Contract_Awards_PDFs/Tender_1134396.pdf,1
organization,og0008,awarded contract to,company,co0045,147100000.256,Contract_Awards_PDFs/Tender_1134396.pdf,1
person,pp0005,approved award,tender,1134396,Sup. Eng. (Mechanical),Contract_Awards_PDFs/Tender_1134396.pdf,1
organization,og0008,part of,organization,og0002,,Contract_Awards_PDFs/Tender_1134396.pdf,1
organization,og0002,part of,organization,og0001,,Contract_Awards_PDFs/Tender_1134396.pdf,1
tender,1134396,belongs to project,project,pr0015,,Contract_Awards_PDFs/Tender_1134396.pdf,1
person,pp0026,declared beneficial owner of,company,co0045, 70%,Contract_Awards_PDFs/Tender_1134396.pdf,1
person,pp0027,declared beneficial owner of,company,co0045, 10%,Contract_Awards_PDFs/Tender_1134396.pdf,1
person,pp0028,declared beneficial owner of,company,co0045, 10%,Contract_Awards_PDFs/Tender_1134396.pdf,1
person,pp0029,declared beneficial owner of,company,co0045, 10%,Contract_Awards_PDFs/Tender_1134396.pdf,1
company,co0070,was awarded,tender,1135936,4522500.000,Contract_Awards_PDFs/Tender_1135936.pdf,1
organization,og0011,awarded contract to,company,co0070,4522500.000,Contract_Awards_PDFs/Tender_1135936.pdf,1
person,pp0007,approved award,tender,1135936,Sup. Eng. (Elec.),Contract_Awards_PDFs/Tender_1135936.pdf,1
organization,og0011,part of,organization,og0002,,Contract_Awards_PDFs/Tender_1135936.pdf,1
organization,og0002,part of,organization,og0001,,Contract_Awards_PDFs/Tender_1135936.pdf,1
tender,1135936,belongs to project,project,pr0027,,Contract_Awards_PDFs/Tender_1135936.pdf,1
company,co0071,was awarded,tender,1138415,1461741.579,Contract_Awards_PDFs/Tender_1138415.pdf,1
organization,og0006,awarded contract to,company,co0071,1461741.579,Contract_Awards_PDFs/Tender_1138415.pdf,1
person,pp0003,approved award,tender,1138415,PD (9apt),Contract_Awards_PDFs/Tender_1138415.pdf,1
organization,og0006,part of,organization,og0002,,Contract_Awards_PDFs/Tender_1138415.pdf,1
organization,og0002,part of,organization,og0001,,Contract_Awards_PDFs/Tender_1138415.pdf,1
tender,1138415,belongs to project,project,pr0003,,Contract_Awards_PDFs/Tender_1138415.pdf,1
person,pp0030,declared beneficial owner of,company,co0071,Proprietor 100%,Contract_Awards_PDFs/Tender_1138415.pdf,1
company,co0072,was awarded,tender,1140010,4470752.700,Contract_Awards_PDFs/Tender_1140010.pdf,1
organization,og0008,awarded contract to,company,co0072,4470752.700,Contract_Awards_PDFs/Tender_1140010.pdf,1
person,pp0005,approved award,tender,1140010,Sup. Eng. (Mechanical),Contract_Awards_PDFs/Tender_1140010.pdf,1
organization,og0008,part of,organization,og0002,,Contract_Awards_PDFs/Tender_1140010.pdf,1
organization,og0002,part of,organization,og0001,,Contract_Awards_PDFs/Tender_1140010.pdf,1
tender,1140010,belongs to project,project,pr0028,,Contract_Awards_PDFs/Tender_1140010.pdf,1
company,co0072,was awarded,tender,1140011,2543126.400,Contract_Awards_PDFs/Tender_1140011.pdf,1
organization,og0008,awarded contract to,company,co0072,2543126.400,Contract_Awards_PDFs/Tender_1140011.pdf,1
person,pp0005,approved award,tender,1140011,Sup. Eng. (Mechanical),Contract_Awards_PDFs/Tender_1140011.pdf,1
organization,og0008,part of,organization,og0002,,Contract_Awards_PDFs/Tender_1140011.pdf,1
organization,og0002,part of,organization,og0001,,Contract_Awards_PDFs/Tender_1140011.pdf,1
tender,1140011,belongs to project,project,pr0028,,Contract_Awards_PDFs/Tender_1140011.pdf,1
company,co0073,was awarded,tender,1140112,4499844.640,Contract_Awards_PDFs/Tender_1140112.pdf,1
organization,og0030,awarded contract to,company,co0073,4499844.640,Contract_Awards_PDFs/Tender_1140112.pdf,1
person,pp0002,approved award,tender,1140112,Executive Engineer,Contract_Awards_PDFs/Tender_1140112.pdf,1
organization,og0030,part of,organization,og0004,,Contract_Awards_PDFs/Tender_1140112.pdf,1
organization,og0004,part of,organization,og0001,,Contract_Awards_PDFs/Tender_1140112.pdf,1
tender,1140112,belongs to project,project,pr0003,,Contract_Awards_PDFs/Tender_1140112.pdf,1
company,co0074,was awarded,tender,1140113,1618510.554,Contract_Awards_PDFs/Tender_1140113.pdf,1
organization,og0030,awarded contract to,company,co0074,1618510.554,Contract_Awards_PDFs/Tender_1140113.pdf,1
person,pp0002,approved award,tender,1140113,Executive Engineer,Contract_Awards_PDFs/Tender_1140113.pdf,1
organization,og0030,part of,organization,og0004,,Contract_Awards_PDFs/Tender_1140113.pdf,1
organization,og0004,part of,organization,og0001,,Contract_Awards_PDFs/Tender_1140113.pdf,1
tender,1140113,belongs to project,project,pr0003,,Contract_Awards_PDFs/Tender_1140113.pdf,1
company,co0075,was awarded,tender,1142188,12771417.600,Contract_Awards_PDFs/Tender_1142188.pdf,1
organization,og0030,awarded contract to,company,co0075,12771417.600,Contract_Awards_PDFs/Tender_1142188.pdf,1
person,pp0002,approved award,tender,1142188,Executive Engineer,Contract_Awards_PDFs/Tender_1142188.pdf,1
organization,og0030,part of,organization,og0004,,Contract_Awards_PDFs/Tender_1142188.pdf,1
organization,og0004,part of,organization,og0001,,Contract_Awards_PDFs/Tender_1142188.pdf,1
tender,1142188,belongs to project,project,pr0003,,Contract_Awards_PDFs/Tender_1142188.pdf,1
company,co0076,was awarded,tender,114570,4197894.516,Contract_Awards_PDFs/Tender_114570.pdf,1
organization,og0033,awarded contract to,company,co0076,4197894.516,Contract_Awards_PDFs/Tender_114570.pdf,1
person,pp0024,approved award,tender,114570,Project Director,Contract_Awards_PDFs/Tender_114570.pdf,1
organization,og0033,part of,organization,og0009,,Contract_Awards_PDFs/Tender_114570.pdf,1
organization,og0009,part of,organization,og0001,,Contract_Awards_PDFs/Tender_114570.pdf,1
tender,114570,belongs to project,project,pr0029,,Contract_Awards_PDFs/Tender_114570.pdf,1
company,co0053,was awarded,tender,1146506,3001426.200,Contract_Awards_PDFs/Tender_1146506.pdf,1
organization,og0011,awarded contract to,company,co0053,3001426.200,Contract_Awards_PDFs/Tender_1146506.pdf,1
person,pp0007,approved award,tender,1146506,Sup. Eng. (Elec.),Contract_Awards_PDFs/Tender_1146506.pdf,1
organization,og0011,part of,organization,og0002,,Contract_Awards_PDFs/Tender_1146506.pdf,1
organization,og0002,part of,organization,og0001,,Contract_Awards_PDFs/Tender_1146506.pdf,1
tender,1146506,belongs to project,project,pr0030,,Contract_Awards_PDFs/Tender_1146506.pdf,1
company,co0077,was awarded,tender,1146509,1310184.000,Contract_Awards_PDFs/Tender_1146509.pdf,1
organization,og0011,awarded contract to,company,co0077,1310184.000,Contract_Awards_PDFs/Tender_1146509.pdf,1
person,pp0007,approved award,tender,1146509,Sup. Eng. (Elec.),Contract_Awards_PDFs/Tender_1146509.pdf,2
organization,og0011,part of,organization,og0002,,Contract_Awards_PDFs/Tender_1146509.pdf,1
organization,og0002,part of,organization,og0001,,Contract_Awards_PDFs/Tender_1146509.pdf,1
tender,1146509,belongs to project,project,pr0031,,Contract_Awards_PDFs/Tender_1146509.pdf,1
person,pp0031,declared beneficial owner of,company,co0077, 15.39%,Contract_Awards_PDFs/Tender_1146509.pdf,1
person,pp0032,declared beneficial owner of,company,co0077, 15.39%,Contract_Awards_PDFs/Tender_1146509.pdf,1
person,pp0033,declared beneficial owner of,company,co0077, 15.39%,Contract_Awards_PDFs/Tender_1146509.pdf,1
person,pp0034,declared beneficial owner of,company,co0077, 15.39%,Contract_Awards_PDFs/Tender_1146509.pdf,1
person,pp0035,declared beneficial owner of,company,co0077, 15.39%,Contract_Awards_PDFs/Tender_1146509.pdf,1
person,pp0036,declared beneficial owner of,company,co0077, 15.39%,Contract_Awards_PDFs/Tender_1146509.pdf,1
person,pp0037,declared beneficial owner of,company,co0077, 7.66%,Contract_Awards_PDFs/Tender_1146509.pdf,1
company,co0005,was awarded,tender,1146510,1300761.000,Contract_Awards_PDFs/Tender_1146510.pdf,1
organization,og0011,awarded contract to,company,co0005,1300761.000,Contract_Awards_PDFs/Tender_1146510.pdf,1
person,pp0007,approved award,tender,1146510,Sup. Eng. (Elec.),Contract_Awards_PDFs/Tender_1146510.pdf,1
organization,og0011,part of,organization,og0002,,Contract_Awards_PDFs/Tender_1146510.pdf,1
organization,og0002,part of,organization,og0001,,Contract_Awards_PDFs/Tender_1146510.pdf,1
tender,1146510,belongs to project,project,pr0031,,Contract_Awards_PDFs/Tender_1146510.pdf,1
person,pp0019,declared beneficial owner of,company,co0005, 100%,Contract_Awards_PDFs/Tender_1146510.pdf,1
company,co0005,was awarded,tender,1146511,1121947.200,Contract_Awards_PDFs/Tender_1146511.pdf,1
organization,og0011,awarded contract to,company,co0005,1121947.200,Contract_Awards_PDFs/Tender_1146511.pdf,1
person,pp0007,approved award,tender,1146511,Sup. Eng. (Elec.),Contract_Awards_PDFs/Tender_1146511.pdf,1
organization,og0011,part of,organization,og0002,,Contract_Awards_PDFs/Tender_1146511.pdf,1
organization,og0002,part of,organization,og0001,,Contract_Awards_PDFs/Tender_1146511.pdf,1
tender,1146511,belongs to project,project,pr0032,,Contract_Awards_PDFs/Tender_1146511.pdf,1
person,pp0019,declared beneficial owner of,company,co0005, 100%,Contract_Awards_PDFs/Tender_1146511.pdf,1
company,co0053,was awarded,tender,1147755,1908396.000,Contract_Awards_PDFs/Tender_1147755.pdf,1
organization,og0011,awarded contract to,company,co0053,1908396.000,Contract_Awards_PDFs/Tender_1147755.pdf,1
person,pp0007,approved award,tender,1147755,Sup. Eng. (Elec.),Contract_Awards_PDFs/Tender_1147755.pdf,1
organization,og0011,part of,organization,og0002,,Contract_Awards_PDFs/Tender_1147755.pdf,1
organization,og0002,part of,organization,og0001,,Contract_Awards_PDFs/Tender_1147755.pdf,1
tender,1147755,belongs to project,project,pr0008,,Contract_Awards_PDFs/Tender_1147755.pdf,1
company,co0028,was awarded,tender,1148941,924000.000,Contract_Awards_PDFs/Tender_1148941.pdf,1
organization,og0020,awarded contract to,company,co0028,924000.000,Contract_Awards_PDFs/Tender_1148941.pdf,1
person,pp0022,approved award,tender,1148941,Member (Engineer),Contract_Awards_PDFs/Tender_1148941.pdf,1
organization,og0020,part of,organization,og0020,,Contract_Awards_PDFs/Tender_1148941.pdf,1
organization,og0020,part of,organization,og0001,,Contract_Awards_PDFs/Tender_1148941.pdf,1
tender,1148941,belongs to project,project,pr0003,,Contract_Awards_PDFs/Tender_1148941.pdf,1
company,co0078,was awarded,tender,1150077,801203.845,Contract_Awards_PDFs/Tender_1150077.pdf,1
organization,og0020,awarded contract to,company,co0078,801203.845,Contract_Awards_PDFs/Tender_1150077.pdf,1
person,pp0022,approved award,tender,1150077,Member (Engineer),Contract_Awards_PDFs/Tender_1150077.pdf,1
organization,og0020,part of,organization,og0020,,Contract_Awards_PDFs/Tender_1150077.pdf,1
organization,og0020,part of,organization,og0001,,Contract_Awards_PDFs/Tender_1150077.pdf,1
tender,1150077,belongs to project,project,pr0003,,Contract_Awards_PDFs/Tender_1150077.pdf,1
company,co0028,was awarded,tender,1150442,169190.000,Contract_Awards_PDFs/Tender_1150442.pdf,1
organization,og0020,awarded contract to,company,co0028,169190.000,Contract_Awards_PDFs/Tender_1150442.pdf,1
person,pp0022,approved award,tender,1150442,Member (Engineer),Contract_Awards_PDFs/Tender_1150442.pdf,1
organization,og0020,part of,organization,og0020,,Contract_Awards_PDFs/Tender_1150442.pdf,1
organization,og0020,part of,organization,og0001,,Contract_Awards_PDFs/Tender_1150442.pdf,1
tender,1150442,belongs to project,project,pr0003,,Contract_Awards_PDFs/Tender_1150442.pdf,1
company,co0028,was awarded,tender,1150459,97000.000,Contract_Awards_PDFs/Tender_1150459.pdf,1
organization,og0020,awarded contract to,company,co0028,97000.000,Contract_Awards_PDFs/Tender_1150459.pdf,1
person,pp0022,approved award,tender,1150459,Member (Engineer),Contract_Awards_PDFs/Tender_1150459.pdf,1
organization,og0020,part of,organization,og0020,,Contract_Awards_PDFs/Tender_1150459.pdf,1
organization,og0020,part of,organization,og0001,,Contract_Awards_PDFs/Tender_1150459.pdf,1
tender,1150459,belongs to project,project,pr0003,,Contract_Awards_PDFs/Tender_1150459.pdf,1
company,co0028,was awarded,tender,1150469,74900.000,Contract_Awards_PDFs/Tender_1150469.pdf,1
organization,og0020,awarded contract to,company,co0028,74900.000,Contract_Awards_PDFs/Tender_1150469.pdf,1
person,pp0022,approved award,tender,1150469,Member (Engineer),Contract_Awards_PDFs/Tender_1150469.pdf,1
organization,og0020,part of,organization,og0020,,Contract_Awards_PDFs/Tender_1150469.pdf,1
organization,og0020,part of,organization,og0001,,Contract_Awards_PDFs/Tender_1150469.pdf,1
tender,1150469,belongs to project,project,pr0003,,Contract_Awards_PDFs/Tender_1150469.pdf,1
company,co0079,was awarded,tender,1152584,10645125.197,Contract_Awards_PDFs/Tender_1152584.pdf,1
organization,og0034,awarded contract to,company,co0079,10645125.197,Contract_Awards_PDFs/Tender_1152584.pdf,1
person,pp0038,approved award,tender,1152584,Executive Engineer,Contract_Awards_PDFs/Tender_1152584.pdf,1
organization,og0034,part of,organization,og0020,,Contract_Awards_PDFs/Tender_1152584.pdf,1
organization,og0020,part of,organization,og0001,,Contract_Awards_PDFs/Tender_1152584.pdf,1
tender,1152584,belongs to project,project,pr0003,,Contract_Awards_PDFs/Tender_1152584.pdf,1
company,co0027,was awarded,tender,1152671,10710530.000,Contract_Awards_PDFs/Tender_1152671.pdf,1
organization,og0034,awarded contract to,company,co0027,10710530.000,Contract_Awards_PDFs/Tender_1152671.pdf,1
person,pp0038,approved award,tender,1152671,Executive Engineer,Contract_Awards_PDFs/Tender_1152671.pdf,1
organization,og0034,part of,organization,og0020,,Contract_Awards_PDFs/Tender_1152671.pdf,1
organization,og0020,part of,organization,og0001,,Contract_Awards_PDFs/Tender_1152671.pdf,1
tender,1152671,belongs to project,project,pr0003,,Contract_Awards_PDFs/Tender_1152671.pdf,1
company,co0080,was awarded,tender,1152766,41906906.966,Contract_Awards_PDFs/Tender_1152766.pdf,1
organization,og0034,awarded contract to,company,co0080,41906906.966,Contract_Awards_PDFs/Tender_1152766.pdf,1
person,pp0038,approved award,tender,1152766,Executive Engineer,Contract_Awards_PDFs/Tender_1152766.pdf,1
organization,og0034,part of,organization,og0020,,Contract_Awards_PDFs/Tender_1152766.pdf,1
organization,og0020,part of,organization,og0001,,Contract_Awards_PDFs/Tender_1152766.pdf,1
tender,1152766,belongs to project,project,pr0003,,Contract_Awards_PDFs/Tender_1152766.pdf,1
company,co0080,was awarded,tender,1157085,1820904.024,Contract_Awards_PDFs/Tender_1157085.pdf,1
organization,og0020,awarded contract to,company,co0080,1820904.024,Contract_Awards_PDFs/Tender_1157085.pdf,1
person,pp0022,approved award,tender,1157085,Member (Engineer),Contract_Awards_PDFs/Tender_1157085.pdf,1
organization,og0020,part of,organization,og0020,,Contract_Awards_PDFs/Tender_1157085.pdf,1
organization,og0020,part of,organization,og0001,,Contract_Awards_PDFs/Tender_1157085.pdf,1
tender,1157085,belongs to project,project,pr0003,,Contract_Awards_PDFs/Tender_1157085.pdf,1
person,pp0039,declared beneficial owner of,company,co0080, 100%,Contract_Awards_PDFs/Tender_1157085.pdf,1
company,co0028,was awarded,tender,1160337,682695.000,Contract_Awards_PDFs/Tender_1160337.pdf,1
organization,og0020,awarded contract to,company,co0028,682695.000,Contract_Awards_PDFs/Tender_1160337.pdf,1
person,pp0022,approved award,tender,1160337,Member (Engineer),Contract_Awards_PDFs/Tender_1160337.pdf,1
organization,og0020,part of,organization,og0020,,Contract_Awards_PDFs/Tender_1160337.pdf,1
organization,og0020,part of,organization,og0001,,Contract_Awards_PDFs/Tender_1160337.pdf,1
tender,1160337,belongs to project,project,pr0003,,Contract_Awards_PDFs/Tender_1160337.pdf,1
person,pp0040,declared beneficial owner of,company,co0028, 100%,Contract_Awards_PDFs/Tender_1160337.pdf,1
company,co0080,was awarded,tender,1163081,1992265.000,Contract_Awards_PDFs/Tender_1163081.pdf,1
organization,og0035,awarded contract to,company,co0080,1992265.000,Contract_Awards_PDFs/Tender_1163081.pdf,1
person,pp0041,approved award,tender,1163081,Deputy Town Planner,Contract_Awards_PDFs/Tender_1163081.pdf,1
organization,og0035,part of,organization,og0020,,Contract_Awards_PDFs/Tender_1163081.pdf,1
organization,og0020,part of,organization,og0001,,Contract_Awards_PDFs/Tender_1163081.pdf,1
tender,1163081,belongs to project,project,pr0033,,Contract_Awards_PDFs/Tender_1163081.pdf,1
person,pp0039,declared beneficial owner of,company,co0080, 100%,Contract_Awards_PDFs/Tender_1163081.pdf,1
company,co0081,was awarded,tender,1163187,1069466.000,Contract_Awards_PDFs/Tender_1163187.pdf,1
organization,og0020,awarded contract to,company,co0081,1069466.000,Contract_Awards_PDFs/Tender_1163187.pdf,1
person,pp0022,approved award,tender,1163187,Member (Engineer),Contract_Awards_PDFs/Tender_1163187.pdf,1
organization,og0020,part of,organization,og0020,,Contract_Awards_PDFs/Tender_1163187.pdf,1
organization,og0020,part of,organization,og0001,,Contract_Awards_PDFs/Tender_1163187.pdf,1
tender,1163187,belongs to project,project,pr0003,,Contract_Awards_PDFs/Tender_1163187.pdf,1
person,pp0042,declared beneficial owner of,company,co0081, 50%,Contract_Awards_PDFs/Tender_1163187.pdf,1
person,pp0043,declared beneficial owner of,company,co0081, 49%,Contract_Awards_PDFs/Tender_1163187.pdf,1
person,pp0037,declared beneficial owner of,company,co0081, 1%,Contract_Awards_PDFs/Tender_1163187.pdf,1
company,co0028,was awarded,tender,1163354,1829530.000,Contract_Awards_PDFs/Tender_1163354.pdf,1
organization,og0020,awarded contract to,company,co0028,1829530.000,Contract_Awards_PDFs/Tender_1163354.pdf,1
person,pp0022,approved award,tender,1163354,Member (Engineer),Contract_Awards_PDFs/Tender_1163354.pdf,1
organization,og0020,part of,organization,og0020,,Contract_Awards_PDFs/Tender_1163354.pdf,1
organization,og0020,part of,organization,og0001,,Contract_Awards_PDFs/Tender_1163354.pdf,1
tender,1163354,belongs to project,project,pr0003,,Contract_Awards_PDFs/Tender_1163354.pdf,1
person,pp0040,declared beneficial owner of,company,co0028, 100%,Contract_Awards_PDFs/Tender_1163354.pdf,1
company,co0028,was awarded,tender,1172101,1807700.000,Contract_Awards_PDFs/Tender_1172101.pdf,1
organization,og0020,awarded contract to,company,co0028,1807700.000,Contract_Awards_PDFs/Tender_1172101.pdf,1
person,pp0022,approved award,tender,1172101,Member (Engineer),Contract_Awards_PDFs/Tender_1172101.pdf,1
organization,og0020,part of,organization,og0020,,Contract_Awards_PDFs/Tender_1172101.pdf,1
organization,og0020,part of,organization,og0001,,Contract_Awards_PDFs/Tender_1172101.pdf,1
tender,1172101,belongs to project,project,pr0003,,Contract_Awards_PDFs/Tender_1172101.pdf,1
person,pp0040,declared beneficial owner of,company,co0028, 100%,Contract_Awards_PDFs/Tender_1172101.pdf,1
company,co0082,was awarded,tender,1172974,278000.000,Contract_Awards_PDFs/Tender_1172974.pdf,1
organization,og0020,awarded contract to,company,co0082,278000.000,Contract_Awards_PDFs/Tender_1172974.pdf,1
person,pp0022,approved award,tender,1172974,Member (Engineer),Contract_Awards_PDFs/Tender_1172974.pdf,1
organization,og0020,part of,organization,og0020,,Contract_Awards_PDFs/Tender_1172974.pdf,1
organization,og0020,part of,organization,og0001,,Contract_Awards_PDFs/Tender_1172974.pdf,1
tender,1172974,belongs to project,project,pr0003,,Contract_Awards_PDFs/Tender_1172974.pdf,1
person,pp0044,declared beneficial owner of,company,co0082, 100%,Contract_Awards_PDFs/Tender_1172974.pdf,1
company,co0082,was awarded,tender,1173101,136080.000,Contract_Awards_PDFs/Tender_1173101.pdf,1
organization,og0020,awarded contract to,company,co0082,136080.000,Contract_Awards_PDFs/Tender_1173101.pdf,1
person,pp0022,approved award,tender,1173101,Member (Engineer),Contract_Awards_PDFs/Tender_1173101.pdf,1
organization,og0020,part of,organization,og0020,,Contract_Awards_PDFs/Tender_1173101.pdf,1
organization,og0020,part of,organization,og0001,,Contract_Awards_PDFs/Tender_1173101.pdf,1
tender,1173101,belongs to project,project,pr0003,,Contract_Awards_PDFs/Tender_1173101.pdf,1
person,pp0044,declared beneficial owner of,company,co0082, 100%,Contract_Awards_PDFs/Tender_1173101.pdf,1
company,co0082,was awarded,tender,1173102,445560.000,Contract_Awards_PDFs/Tender_1173102.pdf,1
organization,og0020,awarded contract to,company,co0082,445560.000,Contract_Awards_PDFs/Tender_1173102.pdf,1
person,pp0022,approved award,tender,1173102,Member (Engineer),Contract_Awards_PDFs/Tender_1173102.pdf,1
organization,og0020,part of,organization,og0020,,Contract_Awards_PDFs/Tender_1173102.pdf,1
organization,og0020,part of,organization,og0001,,Contract_Awards_PDFs/Tender_1173102.pdf,1
tender,1173102,belongs to project,project,pr0003,,Contract_Awards_PDFs/Tender_1173102.pdf,1
person,pp0044,declared beneficial owner of,company,co0082, 100%,Contract_Awards_PDFs/Tender_1173102.pdf,1
company,co0004,was awarded,tender,1173557,1618997.680,Contract_Awards_PDFs/Tender_1173557.pdf,1
organization,og0006,awarded contract to,company,co0004,1618997.680,Contract_Awards_PDFs/Tender_1173557.pdf,1
person,pp0003,approved award,tender,1173557,PD (9apt),Contract_Awards_PDFs/Tender_1173557.pdf,1
organization,og0006,part of,organization,og0002,,Contract_Awards_PDFs/Tender_1173557.pdf,1
organization,og0002,part of,organization,og0001,,Contract_Awards_PDFs/Tender_1173557.pdf,1
tender,1173557,belongs to project,project,pr0003,,Contract_Awards_PDFs/Tender_1173557.pdf,1
person,pp0045,declared beneficial owner of,company,co0004, 100%,Contract_Awards_PDFs/Tender_1173557.pdf,1
company,co0083,was awarded,tender,1178437,263425.000,Contract_Awards_PDFs/Tender_1178437.pdf,1
organization,og0020,awarded contract to,company,co0083,263425.000,Contract_Awards_PDFs/Tender_1178437.pdf,1
person,pp0022,approved award,tender,1178437,Member (Engineer),Contract_Awards_PDFs/Tender_1178437.pdf,1
organization,og0020,part of,organization,og0020,,Contract_Awards_PDFs/Tender_1178437.pdf,1
organization,og0020,part of,organization,og0001,,Contract_Awards_PDFs/Tender_1178437.pdf,1
tender,1178437,belongs to project,project,pr0003,,Contract_Awards_PDFs/Tender_1178437.pdf,1
person,pp0046,declared beneficial owner of,company,co0083, 100%,Contract_Awards_PDFs/Tender_1178437.pdf,1
company,co0084,was awarded,tender,1183753,284997.150,Contract_Awards_PDFs/Tender_1183753.pdf,1
organization,og0020,awarded contract to,company,co0084,284997.150,Contract_Awards_PDFs/Tender_1183753.pdf,1
person,pp0022,approved award,tender,1183753,Member (Engineer),Contract_Awards_PDFs/Tender_1183753.pdf,1
organization,og0020,part of,organization,og0020,,Contract_Awards_PDFs/Tender_1183753.pdf,1
organization,og0020,part of,organization,og0001,,Contract_Awards_PDFs/Tender_1183753.pdf,1
tender,1183753,belongs to project,project,pr0003,,Contract_Awards_PDFs/Tender_1183753.pdf,1
person,pp0047,declared beneficial owner of,company,co0084, 100%,Contract_Awards_PDFs/Tender_1183753.pdf,1
company,co0082,was awarded,tender,1183822,1179300.000,Contract_Awards_PDFs/Tender_1183822.pdf,1
organization,og0020,awarded contract to,company,co0082,1179300.000,Contract_Awards_PDFs/Tender_1183822.pdf,1
person,pp0022,approved award,tender,1183822,Member (Engineer),Contract_Awards_PDFs/Tender_1183822.pdf,1
organization,og0020,part of,organization,og0020,,Contract_Awards_PDFs/Tender_1183822.pdf,1
organization,og0020,part of,organization,og0001,,Contract_Awards_PDFs/Tender_1183822.pdf,1
tender,1183822,belongs to project,project,pr0003,,Contract_Awards_PDFs/Tender_1183822.pdf,1
person,pp0044,declared beneficial owner of,company,co0082, 100%,Contract_Awards_PDFs/Tender_1183822.pdf,1
company,co0027,was awarded,tender,1183835,1639290.492,Contract_Awards_PDFs/Tender_1183835.pdf,1
organization,og0020,awarded contract to,company,co0027,1639290.492,Contract_Awards_PDFs/Tender_1183835.pdf,1
person,pp0022,approved award,tender,1183835,Member (Engineer),Contract_Awards_PDFs/Tender_1183835.pdf,1
organization,og0020,part of,organization,og0020,,Contract_Awards_PDFs/Tender_1183835.pdf,1
organization,og0020,part of,organization,og0001,,Contract_Awards_PDFs/Tender_1183835.pdf,1
tender,1183835,belongs to project,project,pr0003,,Contract_Awards_PDFs/Tender_1183835.pdf,1
person,pp0048,declared beneficial owner of,company,co0027, 100%,Contract_Awards_PDFs/Tender_1183835.pdf,1
company,co0082,was awarded,tender,1184463,905340.000,Contract_Awards_PDFs/Tender_1184463.pdf,1
organization,og0020,awarded contract to,company,co0082,905340.000,Contract_Awards_PDFs/Tender_1184463.pdf,1
person,pp0022,approved award,tender,1184463,Member (Engineer),Contract_Awards_PDFs/Tender_1184463.pdf,1
organization,og0020,part of,organization,og0020,,Contract_Awards_PDFs/Tender_1184463.pdf,1
organization,og0020,part of,organization,og0001,,Contract_Awards_PDFs/Tender_1184463.pdf,1
tender,1184463,belongs to project,project,pr0003,,Contract_Awards_PDFs/Tender_1184463.pdf,1
person,pp0044,declared beneficial owner of,company,co0082, 100%,Contract_Awards_PDFs/Tender_1184463.pdf,1
company,co0082,was awarded,tender,1184466,226500.000,Contract_Awards_PDFs/Tender_1184466.pdf,1
organization,og0020,awarded contract to,company,co0082,226500.000,Contract_Awards_PDFs/Tender_1184466.pdf,1
person,pp0022,approved award,tender,1184466,Member (Engineer),Contract_Awards_PDFs/Tender_1184466.pdf,1
organization,og0020,part of,organization,og0020,,Contract_Awards_PDFs/Tender_1184466.pdf,1
organization,og0020,part of,organization,og0001,,Contract_Awards_PDFs/Tender_1184466.pdf,1
tender,1184466,belongs to project,project,pr0003,,Contract_Awards_PDFs/Tender_1184466.pdf,1
person,pp0044,declared beneficial owner of,company,co0082, 100%,Contract_Awards_PDFs/Tender_1184466.pdf,1
company,co0028,was awarded,tender,1184470,1811395.726,Contract_Awards_PDFs/Tender_1184470.pdf,1
organization,og0020,awarded contract to,company,co0028,1811395.726,Contract_Awards_PDFs/Tender_1184470.pdf,1
person,pp0022,approved award,tender,1184470,Member (Engineer),Contract_Awards_PDFs/Tender_1184470.pdf,1
organization,og0020,part of,organization,og0020,,Contract_Awards_PDFs/Tender_1184470.pdf,1
organization,og0020,part of,organization,og0001,,Contract_Awards_PDFs/Tender_1184470.pdf,1
tender,1184470,belongs to project,project,pr0003,,Contract_Awards_PDFs/Tender_1184470.pdf,1
person,pp0040,declared beneficial owner of,company,co0028, 100%,Contract_Awards_PDFs/Tender_1184470.pdf,1
company,co0039,was awarded,tender,1185193,1994109.200,Contract_Awards_PDFs/Tender_1185193.pdf,1
organization,og0020,awarded contract to,company,co0039,1994109.200,Contract_Awards_PDFs/Tender_1185193.pdf,1
person,pp0022,approved award,tender,1185193,Member (Engineer),Contract_Awards_PDFs/Tender_1185193.pdf,1
organization,og0020,part of,organization,og0020,,Contract_Awards_PDFs/Tender_1185193.pdf,1
organization,og0020,part of,organization,og0001,,Contract_Awards_PDFs/Tender_1185193.pdf,1
tender,1185193,belongs to project,project,pr0003,,Contract_Awards_PDFs/Tender_1185193.pdf,1
person,pp0049,declared beneficial owner of,company,co0039, 50%,Contract_Awards_PDFs/Tender_1185193.pdf,1
person,pp0050,declared beneficial owner of,company,co0039, 50%,Contract_Awards_PDFs/Tender_1185193.pdf,1
company,co0017,was awarded,tender,1186178,8843877.000,Contract_Awards_PDFs/Tender_1186178.pdf,1
organization,og0011,awarded contract to,company,co0017,8843877.000,Contract_Awards_PDFs/Tender_1186178.pdf,1
person,pp0007,approved award,tender,1186178,Sup. Eng. (Elec.),Contract_Awards_PDFs/Tender_1186178.pdf,1
organization,og0011,part of,organization,og0002,,Contract_Awards_PDFs/Tender_1186178.pdf,1
organization,og0002,part of,organization,og0001,,Contract_Awards_PDFs/Tender_1186178.pdf,1
tender,1186178,belongs to project,project,pr0034,,Contract_Awards_PDFs/Tender_1186178.pdf,1
person,pp0051,declared beneficial owner of,company,co0017, 100%,Contract_Awards_PDFs/Tender_1186178.pdf,1
company,co0014,was awarded,tender,1186179,6488006.319,Contract_Awards_PDFs/Tender_1186179.pdf,1
organization,og0011,awarded contract to,company,co0014,6488006.319,Contract_Awards_PDFs/Tender_1186179.pdf,1
person,pp0007,approved award,tender,1186179,Sup. Eng. (Elec.),Contract_Awards_PDFs/Tender_1186179.pdf,1
organization,og0011,part of,organization,og0002,,Contract_Awards_PDFs/Tender_1186179.pdf,1
organization,og0002,part of,organization,og0001,,Contract_Awards_PDFs/Tender_1186179.pdf,1
tender,1186179,belongs to project,project,pr0034,,Contract_Awards_PDFs/Tender_1186179.pdf,1
person,pp0052,declared beneficial owner of,company,co0014, 100%,Contract_Awards_PDFs/Tender_1186179.pdf,1
company,co0014,was awarded,tender,1189629,1147531.000,Contract_Awards_PDFs/Tender_1189629.pdf,1
organization,og0011,awarded contract to,company,co0014,1147531.000,Contract_Awards_PDFs/Tender_1189629.pdf,1
person,pp0007,approved award,tender,1189629,Sup. Eng. (Elec.),Contract_Awards_PDFs/Tender_1189629.pdf,1
organization,og0011,part of,organization,og0002,,Contract_Awards_PDFs/Tender_1189629.pdf,1
organization,og0002,part of,organization,og0001,,Contract_Awards_PDFs/Tender_1189629.pdf,1
tender,1189629,belongs to project,project,pr0012,,Contract_Awards_PDFs/Tender_1189629.pdf,1
person,pp0052,declared beneficial owner of,company,co0014, 100%,Contract_Awards_PDFs/Tender_1189629.pdf,1
company,co0085,was awarded,tender,119326,135895849.382,Contract_Awards_PDFs/Tender_119326.pdf,1
organization,og0032,awarded contract to,company,co0085,135895849.382,Contract_Awards_PDFs/Tender_119326.pdf,1
person,pp0025,approved award,tender,119326,"Chief Engineer, Implementation",Contract_Awards_PDFs/Tender_119326.pdf,1
organization,og0032,part of,organization,og0002,,Contract_Awards_PDFs/Tender_119326.pdf,1
organization,og0002,part of,organization,og0001,,Contract_Awards_PDFs/Tender_119326.pdf,1
tender,119326,belongs to project,project,pr0035,,Contract_Awards_PDFs/Tender_119326.pdf,1
company,co0016,was awarded,tender,119545,2237776.416,Contract_Awards_PDFs/Tender_119545.pdf,1
organization,og0032,awarded contract to,company,co0016,2237776.416,Contract_Awards_PDFs/Tender_119545.pdf,1
person,pp0025,approved award,tender,119545,"Chief Engineer, Implementation",Contract_Awards_PDFs/Tender_119545.pdf,1
organization,og0032,part of,organization,og0002,,Contract_Awards_PDFs/Tender_119545.pdf,1
organization,og0002,part of,organization,og0001,,Contract_Awards_PDFs/Tender_119545.pdf,1
tender,119545,belongs to project,project,pr0035,,Contract_Awards_PDFs/Tender_119545.pdf,1
company,co0086,was awarded,tender,119636,1380218.400,Contract_Awards_PDFs/Tender_119636.pdf,1
organization,og0036,awarded contract to,company,co0086,1380218.400,Contract_Awards_PDFs/Tender_119636.pdf,1
person,pp0053,approved award,tender,119636,"Chief Engineer, Project & Design",Contract_Awards_PDFs/Tender_119636.pdf,1
organization,og0036,part of,organization,og0002,,Contract_Awards_PDFs/Tender_119636.pdf,1
organization,og0002,part of,organization,og0001,,Contract_Awards_PDFs/Tender_119636.pdf,1
tender,119636,belongs to project,project,pr0036,,Contract_Awards_PDFs/Tender_119636.pdf,1
company,co0082,was awarded,tender,1199127,959990.400,Contract_Awards_PDFs/Tender_1199127.pdf,1
organization,og0020,awarded contract to,company,co0082,959990.400,Contract_Awards_PDFs/Tender_1199127.pdf,1
person,pp0022,approved award,tender,1199127,Member (Engineer),Contract_Awards_PDFs/Tender_1199127.pdf,1
organization,og0020,part of,organization,og0020,,Contract_Awards_PDFs/Tender_1199127.pdf,1
organization,og0020,part of,organization,og0001,,Contract_Awards_PDFs/Tender_1199127.pdf,1
tender,1199127,belongs to project,project,pr0003,,Contract_Awards_PDFs/Tender_1199127.pdf,1
person,pp0044,declared beneficial owner of,company,co0082, 100%,Contract_Awards_PDFs/Tender_1199127.pdf,1
company,co0087,was awarded,tender,1205116,3600650.000,Contract_Awards_PDFs/Tender_1205116.pdf,1
organization,og0008,awarded contract to,company,co0087,3600650.000,Contract_Awards_PDFs/Tender_1205116.pdf,1
person,pp0005,approved award,tender,1205116,Sup. Eng. (Mechanical),Contract_Awards_PDFs/Tender_1205116.pdf,1
organization,og0008,part of,organization,og0002,,Contract_Awards_PDFs/Tender_1205116.pdf,1
organization,og0002,part of,organization,og0001,,Contract_Awards_PDFs/Tender_1205116.pdf,1
tender,1205116,belongs to project,project,pr0019,,Contract_Awards_PDFs/Tender_1205116.pdf,1
person,pp0054,declared beneficial owner of,company,co0087,Chairman 20%,Contract_Awards_PDFs/Tender_1205116.pdf,1
person,pp0055,declared beneficial owner of,company,co0087,Managing Director 80%,Contract_Awards_PDFs/Tender_1205116.pdf,1
company,co0088,was awarded,tender,1205153,675000.000,Contract_Awards_PDFs/Tender_1205153.pdf,1
organization,og0011,awarded contract to,company,co0088,675000.000,Contract_Awards_PDFs/Tender_1205153.pdf,1
person,pp0007,approved award,tender,1205153,Sup. Eng. (Elec.),Contract_Awards_PDFs/Tender_1205153.pdf,1
organization,og0011,part of,organization,og0002,,Contract_Awards_PDFs/Tender_1205153.pdf,1
organization,og0002,part of,organization,og0001,,Contract_Awards_PDFs/Tender_1205153.pdf,1
tender,1205153,belongs to project,project,pr0030,,Contract_Awards_PDFs/Tender_1205153.pdf,1
person,pp0056,declared beneficial owner of,company,co0088,Proprietor 100%,Contract_Awards_PDFs/Tender_1205153.pdf,1
company,co0089,was awarded,tender,1205154,405716.087,Contract_Awards_PDFs/Tender_1205154.pdf,1
organization,og0011,awarded contract to,company,co0089,405716.087,Contract_Awards_PDFs/Tender_1205154.pdf,1
person,pp0007,approved award,tender,1205154,Sup. Eng. (Elec.),Contract_Awards_PDFs/Tender_1205154.pdf,1
organization,og0011,part of,organization,og0002,,Contract_Awards_PDFs/Tender_1205154.pdf,1
organization,og0002,part of,organization,og0001,,Contract_Awards_PDFs/Tender_1205154.pdf,1
tender,1205154,belongs to project,project,pr0037,,Contract_Awards_PDFs/Tender_1205154.pdf,1
person,pp0057,declared beneficial owner of,company,co0089,Managing Director 100%,Contract_Awards_PDFs/Tender_1205154.pdf,1
company,co0090,was awarded,tender,1205157,5177345.000,Contract_Awards_PDFs/Tender_1205157.pdf,1
organization,og0011,awarded contract to,company,co0090,5177345.000,Contract_Awards_PDFs/Tender_1205157.pdf,1
person,pp0007,approved award,tender,1205157,Sup. Eng. (Elec.),Contract_Awards_PDFs/Tender_1205157.pdf,1
organization,og0011,part of,organization,og0002,,Contract_Awards_PDFs/Tender_1205157.pdf,1
organization,og0002,part of,organization,og0001,,Contract_Awards_PDFs/Tender_1205157.pdf,1
tender,1205157,belongs to project,project,pr0038,,Contract_Awards_PDFs/Tender_1205157.pdf,1
person,pp0058,declared beneficial owner of,company,co0090, 100%,Contract_Awards_PDFs/Tender_1205157.pdf,1
company,co0014,was awarded,tender,1205162,491181.250,Contract_Awards_PDFs/Tender_1205162.pdf,1
organization,og0011,awarded contract to,company,co0014,491181.250,Contract_Awards_PDFs/Tender_1205162.pdf,1
person,pp0007,approved award,tender,1205162,Sup. Eng. (Elec.),Contract_Awards_PDFs/Tender_1205162.pdf,1
organization,og0011,part of,organization,og0002,,Contract_Awards_PDFs/Tender_1205162.pdf,1
organization,og0002,part of,organization,og0001,,Contract_Awards_PDFs/Tender_1205162.pdf,1
tender,1205162,belongs to project,project,pr0018,,Contract_Awards_PDFs/Tender_1205162.pdf,1
person,pp0052,declared beneficial owner of,company,co0014, 100%,Contract_Awards_PDFs/Tender_1205162.pdf,1
company,co0091,was awarded,tender,1207634,42387663.934,Contract_Awards_PDFs/Tender_1207634.pdf,1
organization,og0023,awarded contract to,company,co0091,42387663.934,Contract_Awards_PDFs/Tender_1207634.pdf,1
person,pp0015,approved award,tender,1207634,PD (Jhilmil),Contract_Awards_PDFs/Tender_1207634.pdf,1
organization,og0023,part of,organization,og0002,,Contract_Awards_PDFs/Tender_1207634.pdf,1
organization,og0002,part of,organization,og0001,,Contract_Awards_PDFs/Tender_1207634.pdf,1
tender,1207634,belongs to project,project,pr0017,,Contract_Awards_PDFs/Tender_1207634.pdf,1
person,pp0059,declared beneficial owner of,company,co0091,Managing Director 100%,Contract_Awards_PDFs/Tender_1207634.pdf,1
company,co0091,was awarded,tender,1207635,39054818.191,Contract_Awards_PDFs/Tender_1207635.pdf,1
organization,og0023,awarded contract to,company,co0091,39054818.191,Contract_Awards_PDFs/Tender_1207635.pdf,1
person,pp0015,approved award,tender,1207635,PD (Jhilmil),Contract_Awards_PDFs/Tender_1207635.pdf,1
organization,og0023,part of,organization,og0002,,Contract_Awards_PDFs/Tender_1207635.pdf,1
organization,og0002,part of,organization,og0001,,Contract_Awards_PDFs/Tender_1207635.pdf,1
tender,1207635,belongs to project,project,pr0017,,Contract_Awards_PDFs/Tender_1207635.pdf,1
person,pp0059,declared beneficial owner of,company,co0091,Managing Director 100%,Contract_Awards_PDFs/Tender_1207635.pdf,1
company,co0092,was awarded,tender,1207636,41493488.300,Contract_Awards_PDFs/Tender_1207636.pdf,1
organization,og0023,awarded contract to,company,co0092,41493488.300,Contract_Awards_PDFs/Tender_1207636.pdf,1
person,pp0015,approved award,tender,1207636,PD (Jhilmil),Contract_Awards_PDFs/Tender_1207636.pdf,1
organization,og0023,part of,organization,og0002,,Contract_Awards_PDFs/Tender_1207636.pdf,1
organization,og0002,part of,organization,og0001,,Contract_Awards_PDFs/Tender_1207636.pdf,1
tender,1207636,belongs to project,project,pr0017,,Contract_Awards_PDFs/Tender_1207636.pdf,1
person,pp0060,declared beneficial owner of,company,co0092,Chairman 22.23%,Contract_Awards_PDFs/Tender_1207636.pdf,1
person,pp0061,declared beneficial owner of,company,co0092,Managing Director 77.77%,Contract_Awards_PDFs/Tender_1207636.pdf,1
company,co0043,was awarded,tender,1207637,33155616.200,Contract_Awards_PDFs/Tender_1207637.pdf,1
organization,og0023,awarded contract to,company,co0043,33155616.200,Contract_Awards_PDFs/Tender_1207637.pdf,1
person,pp0015,approved award,tender,1207637,PD (Jhilmil),Contract_Awards_PDFs/Tender_1207637.pdf,1
organization,og0023,part of,organization,og0002,,Contract_Awards_PDFs/Tender_1207637.pdf,1
organization,og0002,part of,organization,og0001,,Contract_Awards_PDFs/Tender_1207637.pdf,1
tender,1207637,belongs to project,project,pr0017,,Contract_Awards_PDFs/Tender_1207637.pdf,1
person,pp0062,declared beneficial owner of,company,co0043, 100%,Contract_Awards_PDFs/Tender_1207637.pdf,1
company,co0082,was awarded,tender,1207915,108981.600,Contract_Awards_PDFs/Tender_1207915.pdf,1
organization,og0020,awarded contract to,company,co0082,108981.600,Contract_Awards_PDFs/Tender_1207915.pdf,1
person,pp0022,approved award,tender,1207915,Member (Engineer),Contract_Awards_PDFs/Tender_1207915.pdf,1
organization,og0020,part of,organization,og0020,,Contract_Awards_PDFs/Tender_1207915.pdf,1
organization,og0020,part of,organization,og0001,,Contract_Awards_PDFs/Tender_1207915.pdf,1
tender,1207915,belongs to project,project,pr0003,,Contract_Awards_PDFs/Tender_1207915.pdf,1
person,pp0044,declared beneficial owner of,company,co0082, 100%,Contract_Awards_PDFs/Tender_1207915.pdf,1
company,co0082,was awarded,tender,1211856,455667.450,Contract_Awards_PDFs/Tender_1211856.pdf,1
organization,og0020,awarded contract to,company,co0082,455667.450,Contract_Awards_PDFs/Tender_1211856.pdf,1
person,pp0022,approved award,tender,1211856,Member (Engineer),Contract_Awards_PDFs/Tender_1211856.pdf,1
organization,og0020,part of,organization,og0020,,Contract_Awards_PDFs/Tender_1211856.pdf,1
organization,og0020,part of,organization,og0001,,Contract_Awards_PDFs/Tender_1211856.pdf,1
tender,1211856,belongs to project,project,pr0003,,Contract_Awards_PDFs/Tender_1211856.pdf,1
person,pp0044,declared beneficial owner of,company,co0082, 100%,Contract_Awards_PDFs/Tender_1211856.pdf,1
company,co0093,was awarded,tender,1215675,3148760.000,Contract_Awards_PDFs/Tender_1215675.pdf,1
organization,og0011,awarded contract to,company,co0093,3148760.000,Contract_Awards_PDFs/Tender_1215675.pdf,1
person,pp0007,approved award,tender,1215675,Sup. Eng. (Elec.),Contract_Awards_PDFs/Tender_1215675.pdf,1
organization,og0011,part of,organization,og0002,,Contract_Awards_PDFs/Tender_1215675.pdf,1
organization,og0002,part of,organization,og0001,,Contract_Awards_PDFs/Tender_1215675.pdf,1
tender,1215675,belongs to project,project,pr0021,,Contract_Awards_PDFs/Tender_1215675.pdf,1
person,pp0063,declared beneficial owner of,company,co0093,Proprietor 100%,Contract_Awards_PDFs/Tender_1215675.pdf,1
company,co0094,was awarded,tender,1215677,1739831.102,Contract_Awards_PDFs/Tender_1215677.pdf,1
organization,og0011,awarded contract to,company,co0094,1739831.102,Contract_Awards_PDFs/Tender_1215677.pdf,1
person,pp0007,approved award,tender,1215677,Sup. Eng. (Elec.),Contract_Awards_PDFs/Tender_1215677.pdf,1
organization,og0011,part of,organization,og0002,,Contract_Awards_PDFs/Tender_1215677.pdf,1
organization,og0002,part of,organization,og0001,,Contract_Awards_PDFs/Tender_1215677.pdf,1
tender,1215677,belongs to project,project,pr0021,,Contract_Awards_PDFs/Tender_1215677.pdf,1
person,pp0064,declared beneficial owner of,company,co0094, 100%,Contract_Awards_PDFs/Tender_1215677.pdf,1
company,co0095,was awarded,tender,1225895,82538882.710,Contract_Awards_PDFs/Tender_1225895.pdf,1
organization,og0037,awarded contract to,company,co0095,82538882.710,Contract_Awards_PDFs/Tender_1225895.pdf,1
person,pp0001,approved award,tender,1225895,PD ( Gulshan-Banani-Baridhara Lake Development Project),Contract_Awards_PDFs/Tender_1225895.pdf,1
organization,og0037,part of,organization,og0002,,Contract_Awards_PDFs/Tender_1225895.pdf,1
organization,og0002,part of,organization,og0001,,Contract_Awards_PDFs/Tender_1225895.pdf,1
tender,1225895,belongs to project,project,pr0039,,Contract_Awards_PDFs/Tender_1225895.pdf,1
person,pp0065,declared beneficial owner of,company,co0095,Managing Partner 50%,Contract_Awards_PDFs/Tender_1225895.pdf,1
person,pp0066,declared beneficial owner of,company,co0095,Managing Partner 50%,Contract_Awards_PDFs/Tender_1225895.pdf,1
person,pp0067,declared beneficial owner of,company,co0095,Managing Director 100%,Contract_Awards_PDFs/Tender_1225895.pdf,1
company,co0096,was awarded,tender,1225896,83872613.906,Contract_Awards_PDFs/Tender_1225896.pdf,1
organization,og0037,awarded contract to,company,co0096,83872613.906,Contract_Awards_PDFs/Tender_1225896.pdf,1
person,pp0001,approved award,tender,1225896,PD ( Gulshan-Banani-Baridhara Lake Development Project),Contract_Awards_PDFs/Tender_1225896.pdf,1
organization,og0037,part of,organization,og0002,,Contract_Awards_PDFs/Tender_1225896.pdf,1
organization,og0002,part of,organization,og0001,,Contract_Awards_PDFs/Tender_1225896.pdf,1
tender,1225896,belongs to project,project,pr0039,,Contract_Awards_PDFs/Tender_1225896.pdf,1
person,pp0068,declared beneficial owner of,company,co0096,Proprietor 100%,Contract_Awards_PDFs/Tender_1225896.pdf,1
company,co0097,was awarded,tender,1231413,2054979.681,Contract_Awards_PDFs/Tender_1231413.pdf,1
organization,og0038,awarded contract to,company,co0097,2054979.681,Contract_Awards_PDFs/Tender_1231413.pdf,1
person,pp0069,approved award,tender,1231413,System Analyst,Contract_Awards_PDFs/Tender_1231413.pdf,1
organization,og0038,part of,organization,og0009,,Contract_Awards_PDFs/Tender_1231413.pdf,1
organization,og0009,part of,organization,og0001,,Contract_Awards_PDFs/Tender_1231413.pdf,1
tender,1231413,belongs to project,project,pr0003,,Contract_Awards_PDFs/Tender_1231413.pdf,1
person,pp0070,declared beneficial owner of,company,co0097,Proprietor 100%,Contract_Awards_PDFs/Tender_1231413.pdf,1
company,co0098,was awarded,tender,1234511,4628900.000,Contract_Awards_PDFs/Tender_1234511.pdf,1
organization,og0030,awarded contract to,company,co0098,4628900.000,Contract_Awards_PDFs/Tender_1234511.pdf,1
person,pp0002,approved award,tender,1234511,Executive Engineer,Contract_Awards_PDFs/Tender_1234511.pdf,1
organization,og0030,part of,organization,og0004,,Contract_Awards_PDFs/Tender_1234511.pdf,1
organization,og0004,part of,organization,og0001,,Contract_Awards_PDFs/Tender_1234511.pdf,1
tender,1234511,belongs to project,project,pr0003,,Contract_Awards_PDFs/Tender_1234511.pdf,1
person,pp0071,declared beneficial owner of,company,co0098, 100%,Contract_Awards_PDFs/Tender_1234511.pdf,1
company,co0099,was awarded,tender,124055,52530500.002,Contract_Awards_PDFs/Tender_124055.pdf,1
organization,og0039,awarded contract to,company,co0099,52530500.002,Contract_Awards_PDFs/Tender_124055.pdf,1
person,pp0072,approved award,tender,124055,Project Director,Contract_Awards_PDFs/Tender_124055.pdf,1
organization,og0039,part of,organization,og0016,,Contract_Awards_PDFs/Tender_124055.pdf,1
organization,og0016,part of,organization,og0001,,Contract_Awards_PDFs/Tender_124055.pdf,1
tender,124055,belongs to project,project,pr0040,,Contract_Awards_PDFs/Tender_124055.pdf,1
company,co0100,was awarded,tender,125042,47660719.387,Contract_Awards_PDFs/Tender_125042.pdf,1
organization,og0036,awarded contract to,company,co0100,47660719.387,Contract_Awards_PDFs/Tender_125042.pdf,1
person,pp0053,approved award,tender,125042,"Chief Engineer, Project & Design",Contract_Awards_PDFs/Tender_125042.pdf,1
organization,og0036,part of,organization,og0002,,Contract_Awards_PDFs/Tender_125042.pdf,1
organization,og0002,part of,organization,og0001,,Contract_Awards_PDFs/Tender_125042.pdf,1
tender,125042,belongs to project,project,pr0041,,Contract_Awards_PDFs/Tender_125042.pdf,1
company,co0101,was awarded,tender,1251756,2294100.000,Contract_Awards_PDFs/Tender_1251756.pdf,1
organization,og0041,awarded contract to,company,co0101,2294100.000,Contract_Awards_PDFs/Tender_1251756.pdf,1
person,pp0073,approved award,tender,1251756,Chief Engineer,Contract_Awards_PDFs/Tender_1251756.pdf,1
organization,og0041,part of,organization,og0040,,Contract_Awards_PDFs/Tender_1251756.pdf,1
organization,og0040,part of,organization,og0001,,Contract_Awards_PDFs/Tender_1251756.pdf,1
tender,1251756,belongs to project,project,pr0042,,Contract_Awards_PDFs/Tender_1251756.pdf,1
person,pp0074,declared beneficial owner of,company,co0101, 100%,Contract_Awards_PDFs/Tender_1251756.pdf,1
company,co0102,was awarded,tender,1251766,1587600.000,Contract_Awards_PDFs/Tender_1251766.pdf,1
organization,og0041,awarded contract to,company,co0102,1587600.000,Contract_Awards_PDFs/Tender_1251766.pdf,1
person,pp0073,approved award,tender,1251766,Chief Engineer,Contract_Awards_PDFs/Tender_1251766.pdf,1
organization,og0041,part of,organization,og0040,,Contract_Awards_PDFs/Tender_1251766.pdf,1
organization,og0040,part of,organization,og0001,,Contract_Awards_PDFs/Tender_1251766.pdf,1
tender,1251766,belongs to project,project,pr0042,,Contract_Awards_PDFs/Tender_1251766.pdf,1
person,pp0075,declared beneficial owner of,company,co0102, 100%,Contract_Awards_PDFs/Tender_1251766.pdf,1
company,co0100,was awarded,tender,125294,47660719.387,Contract_Awards_PDFs/Tender_125294.pdf,1
organization,og0036,awarded contract to,company,co0100,47660719.387,Contract_Awards_PDFs/Tender_125294.pdf,1
person,pp0053,approved award,tender,125294,"Chief Engineer, Project & Design",Contract_Awards_PDFs/Tender_125294.pdf,1
organization,og0036,part of,organization,og0002,,Contract_Awards_PDFs/Tender_125294.pdf,1
organization,og0002,part of,organization,og0001,,Contract_Awards_PDFs/Tender_125294.pdf,1
tender,125294,belongs to project,project,pr0041,,Contract_Awards_PDFs/Tender_125294.pdf,1
company,co0103,was awarded,tender,1253316,2151360.000,Contract_Awards_PDFs/Tender_1253316.pdf,1
organization,og0042,awarded contract to,company,co0103,2151360.000,Contract_Awards_PDFs/Tender_1253316.pdf,1
person,pp0076,approved award,tender,1253316,Member (Planning),Contract_Awards_PDFs/Tender_1253316.pdf,1
organization,og0042,part of,organization,og0040,,Contract_Awards_PDFs/Tender_1253316.pdf,1
organization,og0040,part of,organization,og0001,,Contract_Awards_PDFs/Tender_1253316.pdf,1
tender,1253316,belongs to project,project,pr0043,,Contract_Awards_PDFs/Tender_1253316.pdf,1
person,pp0077,declared beneficial owner of,company,co0103,Proprietor 100%,Contract_Awards_PDFs/Tender_1253316.pdf,1
company,co0103,was awarded,tender,1253428,1467648.000,Contract_Awards_PDFs/Tender_1253428.pdf,1
organization,og0043,awarded contract to,company,co0103,1467648.000,Contract_Awards_PDFs/Tender_1253428.pdf,1
person,pp0078,approved award,tender,1253428,Member (Administration and Finance),Contract_Awards_PDFs/Tender_1253428.pdf,1
organization,og0043,part of,organization,og0040,,Contract_Awards_PDFs/Tender_1253428.pdf,1
organization,og0040,part of,organization,og0001,,Contract_Awards_PDFs/Tender_1253428.pdf,1
tender,1253428,belongs to project,project,pr0044,,Contract_Awards_PDFs/Tender_1253428.pdf,1
person,pp0077,declared beneficial owner of,company,co0103,Proprietor 100%,Contract_Awards_PDFs/Tender_1253428.pdf,1
company,co0104,was awarded,tender,1257073,305100.000,Contract_Awards_PDFs/Tender_1257073.pdf,1
organization,og0044,awarded contract to,company,co0104,305100.000,Contract_Awards_PDFs/Tender_1257073.pdf,1
person,pp0079,approved award,tender,1257073,Secretary,Contract_Awards_PDFs/Tender_1257073.pdf,1
organization,og0044,part of,organization,og0040,,Contract_Awards_PDFs/Tender_1257073.pdf,1
organization,og0040,part of,organization,og0001,,Contract_Awards_PDFs/Tender_1257073.pdf,1
tender,1257073,belongs to project,project,pr0045,,Contract_Awards_PDFs/Tender_1257073.pdf,1
person,pp0080,declared beneficial owner of,company,co0104,Managing Director 50%,Contract_Awards_PDFs/Tender_1257073.pdf,1
person,pp0081,declared beneficial owner of,company,co0104,Managing Partner 50%,Contract_Awards_PDFs/Tender_1257073.pdf,1
company,co0082,was awarded,tender,1258384,183975.500,Contract_Awards_PDFs/Tender_1258384.pdf,1
organization,og0020,awarded contract to,company,co0082,183975.500,Contract_Awards_PDFs/Tender_1258384.pdf,1
person,pp0022,approved award,tender,1258384,Member (Engineer),Contract_Awards_PDFs/Tender_1258384.pdf,1
organization,og0020,part of,organization,og0020,,Contract_Awards_PDFs/Tender_1258384.pdf,1
organization,og0020,part of,organization,og0001,,Contract_Awards_PDFs/Tender_1258384.pdf,1
tender,1258384,belongs to project,project,pr0003,,Contract_Awards_PDFs/Tender_1258384.pdf,1
person,pp0044,declared beneficial owner of,company,co0082, 100%,Contract_Awards_PDFs/Tender_1258384.pdf,1
company,co0105,was awarded,tender,125874,78653933.892,Contract_Awards_PDFs/Tender_125874.pdf,1
organization,og0032,awarded contract to,company,co0105,78653933.892,Contract_Awards_PDFs/Tender_125874.pdf,1
person,pp0025,approved award,tender,125874,"Chief Engineer, Implementation",Contract_Awards_PDFs/Tender_125874.pdf,1
organization,og0032,part of,organization,og0002,,Contract_Awards_PDFs/Tender_125874.pdf,1
organization,og0002,part of,organization,og0001,,Contract_Awards_PDFs/Tender_125874.pdf,1
tender,125874,belongs to project,project,pr0035,,Contract_Awards_PDFs/Tender_125874.pdf,1
company,co0106,was awarded,tender,125877,56752529.868,Contract_Awards_PDFs/Tender_125877.pdf,1
organization,og0032,awarded contract to,company,co0106,56752529.868,Contract_Awards_PDFs/Tender_125877.pdf,1
person,pp0025,approved award,tender,125877,"Chief Engineer, Implementation",Contract_Awards_PDFs/Tender_125877.pdf,1
organization,og0032,part of,organization,og0002,,Contract_Awards_PDFs/Tender_125877.pdf,1
organization,og0002,part of,organization,og0001,,Contract_Awards_PDFs/Tender_125877.pdf,1
tender,125877,belongs to project,project,pr0035,,Contract_Awards_PDFs/Tender_125877.pdf,1
company,co0107,was awarded,tender,1261854,778464.000,Contract_Awards_PDFs/Tender_1261854.pdf,1
organization,og0041,awarded contract to,company,co0107,778464.000,Contract_Awards_PDFs/Tender_1261854.pdf,1
person,pp0073,approved award,tender,1261854,Chief Engineer,Contract_Awards_PDFs/Tender_1261854.pdf,1
organization,og0041,part of,organization,og0040,,Contract_Awards_PDFs/Tender_1261854.pdf,1
organization,og0040,part of,organization,og0001,,Contract_Awards_PDFs/Tender_1261854.pdf,1
tender,1261854,belongs to project,project,pr0042,,Contract_Awards_PDFs/Tender_1261854.pdf,1
person,pp0082,declared beneficial owner of,company,co0107, 100%,Contract_Awards_PDFs/Tender_1261854.pdf,1
company,co0107,was awarded,tender,1261983,732672.000,Contract_Awards_PDFs/Tender_1261983.pdf,1
organization,og0042,awarded contract to,company,co0107,732672.000,Contract_Awards_PDFs/Tender_1261983.pdf,1
person,pp0076,approved award,tender,1261983,Member (Planning),Contract_Awards_PDFs/Tender_1261983.pdf,1
organization,og0042,part of,organization,og0040,,Contract_Awards_PDFs/Tender_1261983.pdf,1
organization,og0040,part of,organization,og0001,,Contract_Awards_PDFs/Tender_1261983.pdf,1
tender,1261983,belongs to project,project,pr0043,,Contract_Awards_PDFs/Tender_1261983.pdf,1
person,pp0082,declared beneficial owner of,company,co0107, 100%,Contract_Awards_PDFs/Tender_1261983.pdf,1
company,co0107,was awarded,tender,1262256,608232.250,Contract_Awards_PDFs/Tender_1262256.pdf,1
organization,og0043,awarded contract to,company,co0107,608232.250,Contract_Awards_PDFs/Tender_1262256.pdf,1
person,pp0078,approved award,tender,1262256,Member (Administration and Finance),Contract_Awards_PDFs/Tender_1262256.pdf,1
organization,og0043,part of,organization,og0040,,Contract_Awards_PDFs/Tender_1262256.pdf,1
organization,og0040,part of,organization,og0001,,Contract_Awards_PDFs/Tender_1262256.pdf,1
tender,1262256,belongs to project,project,pr0044,,Contract_Awards_PDFs/Tender_1262256.pdf,1
person,pp0082,declared beneficial owner of,company,co0107, 100%,Contract_Awards_PDFs/Tender_1262256.pdf,1
company,co0108,was awarded,tender,1267626,579500.000,Contract_Awards_PDFs/Tender_1267626.pdf,1
organization,og0038,awarded contract to,company,co0108,579500.000,Contract_Awards_PDFs/Tender_1267626.pdf,1
person,pp0069,approved award,tender,1267626,System Analyst,Contract_Awards_PDFs/Tender_1267626.pdf,1
organization,og0038,part of,organization,og0009,,Contract_Awards_PDFs/Tender_1267626.pdf,1
organization,og0009,part of,organization,og0001,,Contract_Awards_PDFs/Tender_1267626.pdf,1
tender,1267626,belongs to project,project,pr0003,,Contract_Awards_PDFs/Tender_1267626.pdf,1
person,pp0083,declared beneficial owner of,company,co0108, 100%,Contract_Awards_PDFs/Tender_1267626.pdf,1
company,co0082,was awarded,tender,1272190,2303971.350,Contract_Awards_PDFs/Tender_1272190.pdf,1
organization,og0035,awarded contract to,company,co0082,2303971.350,Contract_Awards_PDFs/Tender_1272190.pdf,1
person,pp0041,approved award,tender,1272190,Deputy Town Planner,Contract_Awards_PDFs/Tender_1272190.pdf,1
organization,og0035,part of,organization,og0020,,Contract_Awards_PDFs/Tender_1272190.pdf,1
organization,og0020,part of,organization,og0001,,Contract_Awards_PDFs/Tender_1272190.pdf,1
tender,1272190,belongs to project,project,pr0033,,Contract_Awards_PDFs/Tender_1272190.pdf,1
person,pp0044,declared beneficial owner of,company,co0082, 100%,Contract_Awards_PDFs/Tender_1272190.pdf,1
company,co0014,was awarded,tender,1272697,1171910.000,Contract_Awards_PDFs/Tender_1272697.pdf,1
organization,og0011,awarded contract to,company,co0014,1171910.000,Contract_Awards_PDFs/Tender_1272697.pdf,1
person,pp0007,approved award,tender,1272697,Sup. Eng. (Elec.),Contract_Awards_PDFs/Tender_1272697.pdf,1
organization,og0011,part of,organization,og0002,,Contract_Awards_PDFs/Tender_1272697.pdf,1
organization,og0002,part of,organization,og0001,,Contract_Awards_PDFs/Tender_1272697.pdf,1
tender,1272697,belongs to project,project,pr0032,,Contract_Awards_PDFs/Tender_1272697.pdf,1
person,pp0052,declared beneficial owner of,company,co0014, 100%,Contract_Awards_PDFs/Tender_1272697.pdf,1
company,co0082,was awarded,tender,1273100,1767938.600,Contract_Awards_PDFs/Tender_1273100.pdf,1
organization,og0035,awarded contract to,company,co0082,1767938.600,Contract_Awards_PDFs/Tender_1273100.pdf,1
person,pp0041,approved award,tender,1273100,Deputy Town Planner,Contract_Awards_PDFs/Tender_1273100.pdf,1
organization,og0035,part of,organization,og0020,,Contract_Awards_PDFs/Tender_1273100.pdf,1
organization,og0020,part of,organization,og0001,,Contract_Awards_PDFs/Tender_1273100.pdf,1
tender,1273100,belongs to project,project,pr0033,,Contract_Awards_PDFs/Tender_1273100.pdf,1
person,pp0044,declared beneficial owner of,company,co0082, 100%,Contract_Awards_PDFs/Tender_1273100.pdf,1
company,co0109,was awarded,tender,134910,808560.000,Contract_Awards_PDFs/Tender_134910.pdf,1
organization,og0036,awarded contract to,company,co0109,808560.000,Contract_Awards_PDFs/Tender_134910.pdf,1
person,pp0084,approved award,tender,134910,"Chief Engineer, Project & Design",Contract_Awards_PDFs/Tender_134910.pdf,1
organization,og0036,part of,organization,og0002,,Contract_Awards_PDFs/Tender_134910.pdf,1
organization,og0002,part of,organization,og0001,,Contract_Awards_PDFs/Tender_134910.pdf,1
tender,134910,belongs to project,project,pr0004,,Contract_Awards_PDFs/Tender_134910.pdf,1
company,co0110,was awarded,tender,144571,3242100.005,Contract_Awards_PDFs/Tender_144571.pdf,1
organization,og0036,awarded contract to,company,co0110,3242100.005,Contract_Awards_PDFs/Tender_144571.pdf,1
person,pp0053,approved award,tender,144571,"Chief Engineer, Project & Design",Contract_Awards_PDFs/Tender_144571.pdf,1
organization,og0036,part of,organization,og0002,,Contract_Awards_PDFs/Tender_144571.pdf,1
organization,og0002,part of,organization,og0001,,Contract_Awards_PDFs/Tender_144571.pdf,1
tender,144571,belongs to project,project,pr0004,,Contract_Awards_PDFs/Tender_144571.pdf,1
company,co0111,was awarded,tender,146376,18313600.652,Contract_Awards_PDFs/Tender_146376.pdf,1
organization,og0036,awarded contract to,company,co0111,18313600.652,Contract_Awards_PDFs/Tender_146376.pdf,1
person,pp0053,approved award,tender,146376,"Chief Engineer, Project & Design",Contract_Awards_PDFs/Tender_146376.pdf,1
organization,og0036,part of,organization,og0002,,Contract_Awards_PDFs/Tender_146376.pdf,1
organization,og0002,part of,organization,og0001,,Contract_Awards_PDFs/Tender_146376.pdf,1
tender,146376,belongs to project,project,pr0041,,Contract_Awards_PDFs/Tender_146376.pdf,1
company,co0111,was awarded,tender,146377,9224800.330,Contract_Awards_PDFs/Tender_146377.pdf,1
organization,og0036,awarded contract to,company,co0111,9224800.330,Contract_Awards_PDFs/Tender_146377.pdf,1
person,pp0053,approved award,tender,146377,"Chief Engineer, Project & Design",Contract_Awards_PDFs/Tender_146377.pdf,1
organization,og0036,part of,organization,og0002,,Contract_Awards_PDFs/Tender_146377.pdf,1
organization,og0002,part of,organization,og0001,,Contract_Awards_PDFs/Tender_146377.pdf,1
tender,146377,belongs to project,project,pr0041,,Contract_Awards_PDFs/Tender_146377.pdf,1
company,co0111,was awarded,tender,146380,9224800.330,Contract_Awards_PDFs/Tender_146380.pdf,1
organization,og0036,awarded contract to,company,co0111,9224800.330,Contract_Awards_PDFs/Tender_146380.pdf,1
person,pp0053,approved award,tender,146380,"Chief Engineer, Project & Design",Contract_Awards_PDFs/Tender_146380.pdf,1
organization,og0036,part of,organization,og0002,,Contract_Awards_PDFs/Tender_146380.pdf,1
organization,og0002,part of,organization,og0001,,Contract_Awards_PDFs/Tender_146380.pdf,1
tender,146380,belongs to project,project,pr0041,,Contract_Awards_PDFs/Tender_146380.pdf,1
company,co0111,was awarded,tender,146381,9156800.326,Contract_Awards_PDFs/Tender_146381.pdf,1
organization,og0036,awarded contract to,company,co0111,9156800.326,Contract_Awards_PDFs/Tender_146381.pdf,1
person,pp0053,approved award,tender,146381,"Chief Engineer, Project & Design",Contract_Awards_PDFs/Tender_146381.pdf,1
organization,og0036,part of,organization,og0002,,Contract_Awards_PDFs/Tender_146381.pdf,1
organization,og0002,part of,organization,og0001,,Contract_Awards_PDFs/Tender_146381.pdf,1
tender,146381,belongs to project,project,pr0041,,Contract_Awards_PDFs/Tender_146381.pdf,1
company,co0045,was awarded,tender,146449,48500000.176,Contract_Awards_PDFs/Tender_146449.pdf,1
organization,og0036,awarded contract to,company,co0045,48500000.176,Contract_Awards_PDFs/Tender_146449.pdf,1
person,pp0053,approved award,tender,146449,"Chief Engineer, Project & Design",Contract_Awards_PDFs/Tender_146449.pdf,1
organization,og0036,part of,organization,og0002,,Contract_Awards_PDFs/Tender_146449.pdf,1
organization,og0002,part of,organization,og0001,,Contract_Awards_PDFs/Tender_146449.pdf,1
tender,146449,belongs to project,project,pr0009,,Contract_Awards_PDFs/Tender_146449.pdf,1
company,co0112,was awarded,tender,149105,26472001.364,Contract_Awards_PDFs/Tender_149105.pdf,1
organization,og0036,awarded contract to,company,co0112,26472001.364,Contract_Awards_PDFs/Tender_149105.pdf,1
person,pp0053,approved award,tender,149105,"Chief Engineer, Project & Design",Contract_Awards_PDFs/Tender_149105.pdf,1
organization,og0036,part of,organization,og0002,,Contract_Awards_PDFs/Tender_149105.pdf,1
organization,og0002,part of,organization,og0001,,Contract_Awards_PDFs/Tender_149105.pdf,1
tender,149105,belongs to project,project,pr0041,,Contract_Awards_PDFs/Tender_149105.pdf,1
company,co0113,was awarded,tender,149115,13276000.682,Contract_Awards_PDFs/Tender_149115.pdf,1
organization,og0036,awarded contract to,company,co0113,13276000.682,Contract_Awards_PDFs/Tender_149115.pdf,1
person,pp0053,approved award,tender,149115,"Chief Engineer, Project & Design",Contract_Awards_PDFs/Tender_149115.pdf,1
organization,og0036,part of,organization,og0002,,Contract_Awards_PDFs/Tender_149115.pdf,1
organization,og0002,part of,organization,og0001,,Contract_Awards_PDFs/Tender_149115.pdf,1
tender,149115,belongs to project,project,pr0041,,Contract_Awards_PDFs/Tender_149115.pdf,1
company,co0113,was awarded,tender,149117,13276000.682,Contract_Awards_PDFs/Tender_149117.pdf,1
organization,og0036,awarded contract to,company,co0113,13276000.682,Contract_Awards_PDFs/Tender_149117.pdf,1
person,pp0053,approved award,tender,149117,"Chief Engineer, Project & Design",Contract_Awards_PDFs/Tender_149117.pdf,1
organization,og0036,part of,organization,og0002,,Contract_Awards_PDFs/Tender_149117.pdf,1
organization,og0002,part of,organization,og0001,,Contract_Awards_PDFs/Tender_149117.pdf,1
tender,149117,belongs to project,project,pr0041,,Contract_Awards_PDFs/Tender_149117.pdf,1
company,co0113,was awarded,tender,149118,13276000.682,Contract_Awards_PDFs/Tender_149118.pdf,1
organization,og0036,awarded contract to,company,co0113,13276000.682,Contract_Awards_PDFs/Tender_149118.pdf,1
person,pp0053,approved award,tender,149118,"Chief Engineer, Project & Design",Contract_Awards_PDFs/Tender_149118.pdf,1
organization,og0036,part of,organization,og0002,,Contract_Awards_PDFs/Tender_149118.pdf,1
organization,og0002,part of,organization,og0001,,Contract_Awards_PDFs/Tender_149118.pdf,1
tender,149118,belongs to project,project,pr0041,,Contract_Awards_PDFs/Tender_149118.pdf,1
company,co0114,was awarded,tender,149365,222729274.800,Contract_Awards_PDFs/Tender_149365.pdf,1
organization,og0045,awarded contract to,company,co0114,222729274.800,Contract_Awards_PDFs/Tender_149365.pdf,1
person,pp0085,approved award,tender,149365,Chief Engineer,Contract_Awards_PDFs/Tender_149365.pdf,1
organization,og0045,part of,organization,og0016,,Contract_Awards_PDFs/Tender_149365.pdf,1
organization,og0016,part of,organization,og0001,,Contract_Awards_PDFs/Tender_149365.pdf,1
tender,149365,belongs to project,project,pr0003,,Contract_Awards_PDFs/Tender_149365.pdf,1
company,co0115,was awarded,tender,15000,280119.679,Contract_Awards_PDFs/Tender_15000.pdf,1
organization,og0048,awarded contract to,company,co0115,280119.679,Contract_Awards_PDFs/Tender_15000.pdf,1
person,pp0086,approved award,tender,15000,Executive Engineer,Contract_Awards_PDFs/Tender_15000.pdf,1
organization,og0048,part of,organization,og0047,,Contract_Awards_PDFs/Tender_15000.pdf,1
organization,og0047,part of,organization,og0046,,Contract_Awards_PDFs/Tender_15000.pdf,1
tender,15000,belongs to project,project,pr0003,,Contract_Awards_PDFs/Tender_15000.pdf,1
company,co0116,was awarded,tender,151177,12557304.801,Contract_Awards_PDFs/Tender_151177.pdf,1
organization,og0032,awarded contract to,company,co0116,12557304.801,Contract_Awards_PDFs/Tender_151177.pdf,1
person,pp0025,approved award,tender,151177,"Chief Engineer, Implementation",Contract_Awards_PDFs/Tender_151177.pdf,1
organization,og0032,part of,organization,og0002,,Contract_Awards_PDFs/Tender_151177.pdf,1
organization,og0002,part of,organization,og0001,,Contract_Awards_PDFs/Tender_151177.pdf,1
tender,151177,belongs to project,project,pr0039,,Contract_Awards_PDFs/Tender_151177.pdf,1
company,co0117,was awarded,tender,159826,2575159.201,Contract_Awards_PDFs/Tender_159826.pdf,1
organization,og0049,awarded contract to,company,co0117,2575159.201,Contract_Awards_PDFs/Tender_159826.pdf,1
person,pp0087,approved award,tender,159826,Executive Engineer,Contract_Awards_PDFs/Tender_159826.pdf,1
organization,og0049,part of,organization,og0028,,Contract_Awards_PDFs/Tender_159826.pdf,1
organization,og0028,part of,organization,og0027,,Contract_Awards_PDFs/Tender_159826.pdf,1
tender,159826,belongs to project,project,pr0046,,Contract_Awards_PDFs/Tender_159826.pdf,1
company,co0118,was awarded,tender,162060,29369128.500,Contract_Awards_PDFs/Tender_162060.pdf,1
organization,og0036,awarded contract to,company,co0118,29369128.500,Contract_Awards_PDFs/Tender_162060.pdf,1
person,pp0053,approved award,tender,162060,"Chief Engineer, Project & Design",Contract_Awards_PDFs/Tender_162060.pdf,1
organization,og0036,part of,organization,og0002,,Contract_Awards_PDFs/Tender_162060.pdf,1
organization,og0002,part of,organization,og0001,,Contract_Awards_PDFs/Tender_162060.pdf,1
tender,162060,belongs to project,project,pr0047,,Contract_Awards_PDFs/Tender_162060.pdf,1
company,co0119,was awarded,tender,162590,12293260.200,Contract_Awards_PDFs/Tender_162590.pdf,1
organization,og0036,awarded contract to,company,co0119,12293260.200,Contract_Awards_PDFs/Tender_162590.pdf,1
person,pp0053,approved award,tender,162590,"Chief Engineer, Project & Design",Contract_Awards_PDFs/Tender_162590.pdf,1
organization,og0036,part of,organization,og0002,,Contract_Awards_PDFs/Tender_162590.pdf,1
organization,og0002,part of,organization,og0001,,Contract_Awards_PDFs/Tender_162590.pdf,1
tender,162590,belongs to project,project,pr0047,,Contract_Awards_PDFs/Tender_162590.pdf,1
company,co0120,was awarded,tender,164878,32844000.006,Contract_Awards_PDFs/Tender_164878.pdf,1
organization,og0050,awarded contract to,company,co0120,32844000.006,Contract_Awards_PDFs/Tender_164878.pdf,1
person,pp0088,approved award,tender,164878,Project Director,Contract_Awards_PDFs/Tender_164878.pdf,1
organization,og0050,part of,organization,og0002,,Contract_Awards_PDFs/Tender_164878.pdf,1
organization,og0002,part of,organization,og0001,,Contract_Awards_PDFs/Tender_164878.pdf,1
tender,164878,belongs to project,project,pr0048,,Contract_Awards_PDFs/Tender_164878.pdf,1
company,co0121,was awarded,tender,168749,1367468.163,Contract_Awards_PDFs/Tender_168749.pdf,1
organization,og0051,awarded contract to,company,co0121,1367468.163,Contract_Awards_PDFs/Tender_168749.pdf,1
person,pp0089,approved award,tender,168749,Executive Engineer,Contract_Awards_PDFs/Tender_168749.pdf,1
organization,og0051,part of,organization,og0028,,Contract_Awards_PDFs/Tender_168749.pdf,1
organization,og0028,part of,organization,og0027,,Contract_Awards_PDFs/Tender_168749.pdf,1
tender,168749,belongs to project,project,pr0003,,Contract_Awards_PDFs/Tender_168749.pdf,1
company,co0122,was awarded,tender,169223,1430370.835,Contract_Awards_PDFs/Tender_169223.pdf,1
organization,og0036,awarded contract to,company,co0122,1430370.835,Contract_Awards_PDFs/Tender_169223.pdf,1
person,pp0053,approved award,tender,169223,"Chief Engineer, Project & Design",Contract_Awards_PDFs/Tender_169223.pdf,1
organization,og0036,part of,organization,og0002,,Contract_Awards_PDFs/Tender_169223.pdf,1
organization,og0002,part of,organization,og0001,,Contract_Awards_PDFs/Tender_169223.pdf,1
tender,169223,belongs to project,project,pr0049,,Contract_Awards_PDFs/Tender_169223.pdf,1
company,co0123,was awarded,tender,171570,2283984.000,Contract_Awards_PDFs/Tender_171570.pdf,1
organization,og0036,awarded contract to,company,co0123,2283984.000,Contract_Awards_PDFs/Tender_171570.pdf,1
person,pp0053,approved award,tender,171570,"Chief Engineer, Project & Design",Contract_Awards_PDFs/Tender_171570.pdf,1
organization,og0036,part of,organization,og0002,,Contract_Awards_PDFs/Tender_171570.pdf,1
organization,og0002,part of,organization,og0001,,Contract_Awards_PDFs/Tender_171570.pdf,1
tender,171570,belongs to project,project,pr0050,,Contract_Awards_PDFs/Tender_171570.pdf,1
company,co0120,was awarded,tender,174037,48351000.009,Contract_Awards_PDFs/Tender_174037.pdf,1
organization,og0050,awarded contract to,company,co0120,48351000.009,Contract_Awards_PDFs/Tender_174037.pdf,1
person,pp0088,approved award,tender,174037,Project Director,Contract_Awards_PDFs/Tender_174037.pdf,1
organization,og0050,part of,organization,og0002,,Contract_Awards_PDFs/Tender_174037.pdf,1
organization,og0002,part of,organization,og0001,,Contract_Awards_PDFs/Tender_174037.pdf,1
tender,174037,belongs to project,project,pr0048,,Contract_Awards_PDFs/Tender_174037.pdf,1
company,co0124,was awarded,tender,174670,5767943.372,Contract_Awards_PDFs/Tender_174670.pdf,1
organization,og0036,awarded contract to,company,co0124,5767943.372,Contract_Awards_PDFs/Tender_174670.pdf,1
person,pp0025,approved award,tender,174670,"Chief Engineer, Project & Design",Contract_Awards_PDFs/Tender_174670.pdf,1
organization,og0036,part of,organization,og0002,,Contract_Awards_PDFs/Tender_174670.pdf,1
organization,og0002,part of,organization,og0001,,Contract_Awards_PDFs/Tender_174670.pdf,1
tender,174670,belongs to project,project,pr0041,,Contract_Awards_PDFs/Tender_174670.pdf,1
company,co0124,was awarded,tender,174671,5767943.372,Contract_Awards_PDFs/Tender_174671.pdf,1
organization,og0036,awarded contract to,company,co0124,5767943.372,Contract_Awards_PDFs/Tender_174671.pdf,1
person,pp0025,approved award,tender,174671,"Chief Engineer, Project & Design",Contract_Awards_PDFs/Tender_174671.pdf,1
organization,og0036,part of,organization,og0002,,Contract_Awards_PDFs/Tender_174671.pdf,1
organization,og0002,part of,organization,og0001,,Contract_Awards_PDFs/Tender_174671.pdf,1
tender,174671,belongs to project,project,pr0041,,Contract_Awards_PDFs/Tender_174671.pdf,1
company,co0124,was awarded,tender,174673,5767943.372,Contract_Awards_PDFs/Tender_174673.pdf,1
organization,og0036,awarded contract to,company,co0124,5767943.372,Contract_Awards_PDFs/Tender_174673.pdf,1
person,pp0025,approved award,tender,174673,"Chief Engineer, Project & Design",Contract_Awards_PDFs/Tender_174673.pdf,1
organization,og0036,part of,organization,og0002,,Contract_Awards_PDFs/Tender_174673.pdf,1
organization,og0002,part of,organization,og0001,,Contract_Awards_PDFs/Tender_174673.pdf,1
tender,174673,belongs to project,project,pr0041,,Contract_Awards_PDFs/Tender_174673.pdf,1
company,co0124,was awarded,tender,174674,5767943.372,Contract_Awards_PDFs/Tender_174674.pdf,1
organization,og0036,awarded contract to,company,co0124,5767943.372,Contract_Awards_PDFs/Tender_174674.pdf,1
person,pp0025,approved award,tender,174674,"Chief Engineer, Project & Design",Contract_Awards_PDFs/Tender_174674.pdf,1
organization,og0036,part of,organization,og0002,,Contract_Awards_PDFs/Tender_174674.pdf,1
organization,og0002,part of,organization,og0001,,Contract_Awards_PDFs/Tender_174674.pdf,1
tender,174674,belongs to project,project,pr0041,,Contract_Awards_PDFs/Tender_174674.pdf,1
company,co0125,was awarded,tender,174677,5063600.572,Contract_Awards_PDFs/Tender_174677.pdf,1
organization,og0036,awarded contract to,company,co0125,5063600.572,Contract_Awards_PDFs/Tender_174677.pdf,1
person,pp0025,approved award,tender,174677,"Chief Engineer, Project & Design",Contract_Awards_PDFs/Tender_174677.pdf,1
organization,og0036,part of,organization,og0002,,Contract_Awards_PDFs/Tender_174677.pdf,1
organization,og0002,part of,organization,og0001,,Contract_Awards_PDFs/Tender_174677.pdf,1
tender,174677,belongs to project,project,pr0041,,Contract_Awards_PDFs/Tender_174677.pdf,1
company,co0124,was awarded,tender,174678,5767943.372,Contract_Awards_PDFs/Tender_174678.pdf,1
organization,og0036,awarded contract to,company,co0124,5767943.372,Contract_Awards_PDFs/Tender_174678.pdf,1
person,pp0025,approved award,tender,174678,"Chief Engineer, Project & Design",Contract_Awards_PDFs/Tender_174678.pdf,1
organization,og0036,part of,organization,og0002,,Contract_Awards_PDFs/Tender_174678.pdf,1
organization,og0002,part of,organization,og0001,,Contract_Awards_PDFs/Tender_174678.pdf,1
tender,174678,belongs to project,project,pr0041,,Contract_Awards_PDFs/Tender_174678.pdf,1
company,co0124,was awarded,tender,174680,5755380.572,Contract_Awards_PDFs/Tender_174680.pdf,1
organization,og0036,awarded contract to,company,co0124,5755380.572,Contract_Awards_PDFs/Tender_174680.pdf,1
person,pp0025,approved award,tender,174680,"Chief Engineer, Project & Design",Contract_Awards_PDFs/Tender_174680.pdf,1
organization,og0036,part of,organization,og0002,,Contract_Awards_PDFs/Tender_174680.pdf,1
organization,og0002,part of,organization,og0001,,Contract_Awards_PDFs/Tender_174680.pdf,1
tender,174680,belongs to project,project,pr0041,,Contract_Awards_PDFs/Tender_174680.pdf,1
company,co0126,was awarded,tender,174700,13951494.999,Contract_Awards_PDFs/Tender_174700.pdf,1
organization,og0032,awarded contract to,company,co0126,13951494.999,Contract_Awards_PDFs/Tender_174700.pdf,1
person,pp0025,approved award,tender,174700,"Chief Engineer, Implementation",Contract_Awards_PDFs/Tender_174700.pdf,1
organization,og0032,part of,organization,og0002,,Contract_Awards_PDFs/Tender_174700.pdf,1
organization,og0002,part of,organization,og0001,,Contract_Awards_PDFs/Tender_174700.pdf,1
tender,174700,belongs to project,project,pr0035,,Contract_Awards_PDFs/Tender_174700.pdf,1
company,co0127,was awarded,tender,174705,16595314.200,Contract_Awards_PDFs/Tender_174705.pdf,1
organization,og0032,awarded contract to,company,co0127,16595314.200,Contract_Awards_PDFs/Tender_174705.pdf,1
person,pp0025,approved award,tender,174705,"Chief Engineer, Implementation",Contract_Awards_PDFs/Tender_174705.pdf,1
organization,og0032,part of,organization,og0002,,Contract_Awards_PDFs/Tender_174705.pdf,1
organization,og0002,part of,organization,og0001,,Contract_Awards_PDFs/Tender_174705.pdf,1
tender,174705,belongs to project,project,pr0035,,Contract_Awards_PDFs/Tender_174705.pdf,1
company,co0128,was awarded,tender,174710,13855001.095,Contract_Awards_PDFs/Tender_174710.pdf,1
organization,og0032,awarded contract to,company,co0128,13855001.095,Contract_Awards_PDFs/Tender_174710.pdf,1
person,pp0025,approved award,tender,174710,"Chief Engineer, Implementation",Contract_Awards_PDFs/Tender_174710.pdf,1
organization,og0032,part of,organization,og0002,,Contract_Awards_PDFs/Tender_174710.pdf,1
organization,og0002,part of,organization,og0001,,Contract_Awards_PDFs/Tender_174710.pdf,1
tender,174710,belongs to project,project,pr0035,,Contract_Awards_PDFs/Tender_174710.pdf,1
company,co0129,was awarded,tender,174712,8533464.543,Contract_Awards_PDFs/Tender_174712.pdf,1
organization,og0032,awarded contract to,company,co0129,8533464.543,Contract_Awards_PDFs/Tender_174712.pdf,1
person,pp0025,approved award,tender,174712,"Chief Engineer, Implementation",Contract_Awards_PDFs/Tender_174712.pdf,1
organization,og0032,part of,organization,og0002,,Contract_Awards_PDFs/Tender_174712.pdf,1
organization,og0002,part of,organization,og0001,,Contract_Awards_PDFs/Tender_174712.pdf,1
tender,174712,belongs to project,project,pr0035,,Contract_Awards_PDFs/Tender_174712.pdf,1
company,co0130,was awarded,tender,174717,4182472.787,Contract_Awards_PDFs/Tender_174717.pdf,1
organization,og0032,awarded contract to,company,co0130,4182472.787,Contract_Awards_PDFs/Tender_174717.pdf,1
person,pp0025,approved award,tender,174717,"Chief Engineer, Implementation",Contract_Awards_PDFs/Tender_174717.pdf,1
organization,og0032,part of,organization,og0002,,Contract_Awards_PDFs/Tender_174717.pdf,1
organization,og0002,part of,organization,og0001,,Contract_Awards_PDFs/Tender_174717.pdf,1
tender,174717,belongs to project,project,pr0035,,Contract_Awards_PDFs/Tender_174717.pdf,1
company,co0016,was awarded,tender,174720,16625782.800,Contract_Awards_PDFs/Tender_174720.pdf,1
organization,og0032,awarded contract to,company,co0016,16625782.800,Contract_Awards_PDFs/Tender_174720.pdf,1
person,pp0025,approved award,tender,174720,"Chief Engineer, Implementation",Contract_Awards_PDFs/Tender_174720.pdf,1
organization,og0032,part of,organization,og0002,,Contract_Awards_PDFs/Tender_174720.pdf,1
organization,og0002,part of,organization,og0001,,Contract_Awards_PDFs/Tender_174720.pdf,1
tender,174720,belongs to project,project,pr0035,,Contract_Awards_PDFs/Tender_174720.pdf,1
company,co0039,was awarded,tender,178196,13246200.099,Contract_Awards_PDFs/Tender_178196.pdf,1
organization,og0050,awarded contract to,company,co0039,13246200.099,Contract_Awards_PDFs/Tender_178196.pdf,1
person,pp0088,approved award,tender,178196,Project Director,Contract_Awards_PDFs/Tender_178196.pdf,1
organization,og0050,part of,organization,og0002,,Contract_Awards_PDFs/Tender_178196.pdf,1
organization,og0002,part of,organization,og0001,,Contract_Awards_PDFs/Tender_178196.pdf,1
tender,178196,belongs to project,project,pr0048,,Contract_Awards_PDFs/Tender_178196.pdf,1
company,co0131,was awarded,tender,179865,900000.002,Contract_Awards_PDFs/Tender_179865.pdf,1
organization,og0017,awarded contract to,company,co0131,900000.002,Contract_Awards_PDFs/Tender_179865.pdf,1
person,pp0090,approved award,tender,179865,Assistant Programmer,Contract_Awards_PDFs/Tender_179865.pdf,1
organization,og0017,part of,organization,og0016,,Contract_Awards_PDFs/Tender_179865.pdf,1
organization,og0016,part of,organization,og0001,,Contract_Awards_PDFs/Tender_179865.pdf,1
tender,179865,belongs to project,project,pr0003,,Contract_Awards_PDFs/Tender_179865.pdf,1
company,co0004,was awarded,tender,189828,4511829.041,Contract_Awards_PDFs/Tender_189828.pdf,1
organization,og0032,awarded contract to,company,co0004,4511829.041,Contract_Awards_PDFs/Tender_189828.pdf,1
person,pp0025,approved award,tender,189828,"Chief Engineer, Implementation",Contract_Awards_PDFs/Tender_189828.pdf,1
organization,og0032,part of,organization,og0002,,Contract_Awards_PDFs/Tender_189828.pdf,1
organization,og0002,part of,organization,og0001,,Contract_Awards_PDFs/Tender_189828.pdf,1
tender,189828,belongs to project,project,pr0001,,Contract_Awards_PDFs/Tender_189828.pdf,1
company,co0132,was awarded,tender,189939,25693375.026,Contract_Awards_PDFs/Tender_189939.pdf,1
organization,og0024,awarded contract to,company,co0132,25693375.026,Contract_Awards_PDFs/Tender_189939.pdf,1
person,pp0017,approved award,tender,189939,Executive Engineer,Contract_Awards_PDFs/Tender_189939.pdf,1
organization,og0024,part of,organization,og0009,,Contract_Awards_PDFs/Tender_189939.pdf,1
organization,og0009,part of,organization,og0001,,Contract_Awards_PDFs/Tender_189939.pdf,1
tender,189939,belongs to project,project,pr0022,,Contract_Awards_PDFs/Tender_189939.pdf,1
company,co0133,was awarded,tender,18994,1512000.037,Contract_Awards_PDFs/Tender_18994.pdf,1
organization,og0052,awarded contract to,company,co0133,1512000.037,Contract_Awards_PDFs/Tender_18994.pdf,1
person,pp0025,approved award,tender,18994,"Chief Engineer, Project & Design",Contract_Awards_PDFs/Tender_18994.pdf,1
organization,og0052,part of,organization,og0002,,Contract_Awards_PDFs/Tender_18994.pdf,1
organization,og0002,part of,organization,og0001,,Contract_Awards_PDFs/Tender_18994.pdf,1
tender,18994,belongs to project,project,pr0003,,Contract_Awards_PDFs/Tender_18994.pdf,1
company,co0134,was awarded,tender,189944,79537860.009,Contract_Awards_PDFs/Tender_189944.pdf,1
organization,og0024,awarded contract to,company,co0134,79537860.009,Contract_Awards_PDFs/Tender_189944.pdf,1
person,pp0017,approved award,tender,189944,Executive Engineer,Contract_Awards_PDFs/Tender_189944.pdf,1
organization,og0024,part of,organization,og0009,,Contract_Awards_PDFs/Tender_189944.pdf,1
organization,og0009,part of,organization,og0001,,Contract_Awards_PDFs/Tender_189944.pdf,1
tender,189944,belongs to project,project,pr0022,,Contract_Awards_PDFs/Tender_189944.pdf,1
company,co0135,was awarded,tender,192714,1480801.073,Contract_Awards_PDFs/Tender_192714.pdf,1
organization,og0038,awarded contract to,company,co0135,1480801.073,Contract_Awards_PDFs/Tender_192714.pdf,1
person,pp0069,approved award,tender,192714,System Analyst,Contract_Awards_PDFs/Tender_192714.pdf,1
organization,og0038,part of,organization,og0009,,Contract_Awards_PDFs/Tender_192714.pdf,1
organization,og0009,part of,organization,og0001,,Contract_Awards_PDFs/Tender_192714.pdf,1
tender,192714,belongs to project,project,pr0051,,Contract_Awards_PDFs/Tender_192714.pdf,1
company,co0124,was awarded,tender,198193,2899350.286,Contract_Awards_PDFs/Tender_198193.pdf,1
organization,og0036,awarded contract to,company,co0124,2899350.286,Contract_Awards_PDFs/Tender_198193.pdf,1
person,pp0025,approved award,tender,198193,"Chief Engineer, Project & Design",Contract_Awards_PDFs/Tender_198193.pdf,1
organization,og0036,part of,organization,og0002,,Contract_Awards_PDFs/Tender_198193.pdf,1
organization,og0002,part of,organization,og0001,,Contract_Awards_PDFs/Tender_198193.pdf,1
tender,198193,belongs to project,project,pr0041,,Contract_Awards_PDFs/Tender_198193.pdf,1
company,co0118,was awarded,tender,199368,3348987.300,Contract_Awards_PDFs/Tender_199368.pdf,1
organization,og0036,awarded contract to,company,co0118,3348987.300,Contract_Awards_PDFs/Tender_199368.pdf,1
person,pp0025,approved award,tender,199368,"Chief Engineer, Project & Design",Contract_Awards_PDFs/Tender_199368.pdf,1
organization,og0036,part of,organization,og0002,,Contract_Awards_PDFs/Tender_199368.pdf,1
organization,og0002,part of,organization,og0001,,Contract_Awards_PDFs/Tender_199368.pdf,1
tender,199368,belongs to project,project,pr0035,,Contract_Awards_PDFs/Tender_199368.pdf,1
company,co0003,was awarded,tender,199891,155146280.114,Contract_Awards_PDFs/Tender_199891.pdf,1
organization,og0032,awarded contract to,company,co0003,155146280.114,Contract_Awards_PDFs/Tender_199891.pdf,1
person,pp0025,approved award,tender,199891,"Chief Engineer, Implementation",Contract_Awards_PDFs/Tender_199891.pdf,1
organization,og0032,part of,organization,og0002,,Contract_Awards_PDFs/Tender_199891.pdf,1
organization,og0002,part of,organization,og0001,,Contract_Awards_PDFs/Tender_199891.pdf,1
tender,199891,belongs to project,project,pr0041,,Contract_Awards_PDFs/Tender_199891.pdf,1
company,co0136,was awarded,tender,199942,9265034.203,Contract_Awards_PDFs/Tender_199942.pdf,1
organization,og0050,awarded contract to,company,co0136,9265034.203,Contract_Awards_PDFs/Tender_199942.pdf,1
person,pp0088,approved award,tender,199942,Project Director,Contract_Awards_PDFs/Tender_199942.pdf,1
organization,og0050,part of,organization,og0002,,Contract_Awards_PDFs/Tender_199942.pdf,1
organization,og0002,part of,organization,og0001,,Contract_Awards_PDFs/Tender_199942.pdf,1
tender,199942,belongs to project,project,pr0048,,Contract_Awards_PDFs/Tender_199942.pdf,1
company,co0012,was awarded,tender,200650,21090113.163,Contract_Awards_PDFs/Tender_200650.pdf,1
organization,og0013,awarded contract to,company,co0012,21090113.163,Contract_Awards_PDFs/Tender_200650.pdf,1
person,pp0008,approved award,tender,200650,Project Director,Contract_Awards_PDFs/Tender_200650.pdf,1
organization,og0013,part of,organization,og0009,,Contract_Awards_PDFs/Tender_200650.pdf,1
organization,og0009,part of,organization,og0001,,Contract_Awards_PDFs/Tender_200650.pdf,1
tender,200650,belongs to project,project,pr0007,,Contract_Awards_PDFs/Tender_200650.pdf,1
company,co0137,was awarded,tender,201012,8525749.689,Contract_Awards_PDFs/Tender_201012.pdf,1
organization,og0013,awarded contract to,company,co0137,8525749.689,Contract_Awards_PDFs/Tender_201012.pdf,1
person,pp0008,approved award,tender,201012,Project Director,Contract_Awards_PDFs/Tender_201012.pdf,1
organization,og0013,part of,organization,og0009,,Contract_Awards_PDFs/Tender_201012.pdf,1
organization,og0009,part of,organization,og0001,,Contract_Awards_PDFs/Tender_201012.pdf,1
tender,201012,belongs to project,project,pr0007,,Contract_Awards_PDFs/Tender_201012.pdf,1
company,co0137,was awarded,tender,201451,6827889.186,Contract_Awards_PDFs/Tender_201451.pdf,1
organization,og0013,awarded contract to,company,co0137,6827889.186,Contract_Awards_PDFs/Tender_201451.pdf,1
person,pp0008,approved award,tender,201451,Project Director,Contract_Awards_PDFs/Tender_201451.pdf,1
organization,og0013,part of,organization,og0009,,Contract_Awards_PDFs/Tender_201451.pdf,1
organization,og0009,part of,organization,og0001,,Contract_Awards_PDFs/Tender_201451.pdf,1
tender,201451,belongs to project,project,pr0007,,Contract_Awards_PDFs/Tender_201451.pdf,1
company,co0023,was awarded,tender,202993,8150725.359,Contract_Awards_PDFs/Tender_202993.pdf,1
organization,og0032,awarded contract to,company,co0023,8150725.359,Contract_Awards_PDFs/Tender_202993.pdf,1
person,pp0025,approved award,tender,202993,"Chief Engineer, Implementation",Contract_Awards_PDFs/Tender_202993.pdf,1
organization,og0032,part of,organization,og0002,,Contract_Awards_PDFs/Tender_202993.pdf,1
organization,og0002,part of,organization,og0001,,Contract_Awards_PDFs/Tender_202993.pdf,1
tender,202993,belongs to project,project,pr0009,,Contract_Awards_PDFs/Tender_202993.pdf,1
company,co0138,was awarded,tender,20558,11692619.969,Contract_Awards_PDFs/Tender_20558.pdf,1
organization,og0055,awarded contract to,company,co0138,11692619.969,Contract_Awards_PDFs/Tender_20558.pdf,1
person,pp0091,approved award,tender,20558,Executive Engineer,Contract_Awards_PDFs/Tender_20558.pdf,1
organization,og0055,part of,organization,og0054,,Contract_Awards_PDFs/Tender_20558.pdf,1
organization,og0054,part of,organization,og0053,,Contract_Awards_PDFs/Tender_20558.pdf,1
tender,20558,belongs to project,project,pr0003,,Contract_Awards_PDFs/Tender_20558.pdf,1
company,co0139,was awarded,tender,207700,100985213.700,Contract_Awards_PDFs/Tender_207700.pdf,1
organization,og0030,awarded contract to,company,co0139,100985213.700,Contract_Awards_PDFs/Tender_207700.pdf,1
person,pp0023,approved award,tender,207700,Chaiman,Contract_Awards_PDFs/Tender_207700.pdf,1
organization,og0030,part of,organization,og0004,,Contract_Awards_PDFs/Tender_207700.pdf,1
organization,og0004,part of,organization,og0001,,Contract_Awards_PDFs/Tender_207700.pdf,1
tender,207700,belongs to project,project,pr0052,,Contract_Awards_PDFs/Tender_207700.pdf,1
company,co0059,was awarded,tender,209736,933196527.930,Contract_Awards_PDFs/Tender_209736.pdf,1
organization,og0032,awarded contract to,company,co0059,933196527.930,Contract_Awards_PDFs/Tender_209736.pdf,1
person,pp0025,approved award,tender,209736,"Chief Engineer, Implementation",Contract_Awards_PDFs/Tender_209736.pdf,1
organization,og0032,part of,organization,og0002,,Contract_Awards_PDFs/Tender_209736.pdf,1
organization,og0002,part of,organization,og0001,,Contract_Awards_PDFs/Tender_209736.pdf,1
tender,209736,belongs to project,project,pr0041,,Contract_Awards_PDFs/Tender_209736.pdf,1
company,co0114,was awarded,tender,209938,115431333.840,Contract_Awards_PDFs/Tender_209938.pdf,1
organization,og0032,awarded contract to,company,co0114,115431333.840,Contract_Awards_PDFs/Tender_209938.pdf,1
person,pp0025,approved award,tender,209938,"Chief Engineer, Implementation",Contract_Awards_PDFs/Tender_209938.pdf,1
organization,og0032,part of,organization,og0002,,Contract_Awards_PDFs/Tender_209938.pdf,1
organization,og0002,part of,organization,og0001,,Contract_Awards_PDFs/Tender_209938.pdf,1
tender,209938,belongs to project,project,pr0009,,Contract_Awards_PDFs/Tender_209938.pdf,1
company,co0114,was awarded,tender,209939,166879029.312,Contract_Awards_PDFs/Tender_209939.pdf,1
organization,og0032,awarded contract to,company,co0114,166879029.312,Contract_Awards_PDFs/Tender_209939.pdf,1
person,pp0025,approved award,tender,209939,"Chief Engineer, Implementation",Contract_Awards_PDFs/Tender_209939.pdf,1
organization,og0032,part of,organization,og0002,,Contract_Awards_PDFs/Tender_209939.pdf,1
organization,og0002,part of,organization,og0001,,Contract_Awards_PDFs/Tender_209939.pdf,1
tender,209939,belongs to project,project,pr0009,,Contract_Awards_PDFs/Tender_209939.pdf,1
company,co0012,was awarded,tender,212401,7370590.500,Contract_Awards_PDFs/Tender_212401.pdf,1
organization,og0056,awarded contract to,company,co0012,7370590.500,Contract_Awards_PDFs/Tender_212401.pdf,1
person,pp0092,approved award,tender,212401,Executive Engineer,Contract_Awards_PDFs/Tender_212401.pdf,1
organization,og0056,part of,organization,og0009,,Contract_Awards_PDFs/Tender_212401.pdf,1
organization,og0009,part of,organization,og0001,,Contract_Awards_PDFs/Tender_212401.pdf,1
tender,212401,belongs to project,project,pr0053,,Contract_Awards_PDFs/Tender_212401.pdf,1
company,co0016,was awarded,tender,214247,2440199.700,Contract_Awards_PDFs/Tender_214247.pdf,1
organization,og0032,awarded contract to,company,co0016,2440199.700,Contract_Awards_PDFs/Tender_214247.pdf,1
person,pp0025,approved award,tender,214247,"Chief Engineer, Implementation",Contract_Awards_PDFs/Tender_214247.pdf,1
organization,og0032,part of,organization,og0002,,Contract_Awards_PDFs/Tender_214247.pdf,1
organization,og0002,part of,organization,og0001,,Contract_Awards_PDFs/Tender_214247.pdf,1
tender,214247,belongs to project,project,pr0054,,Contract_Awards_PDFs/Tender_214247.pdf,1
company,co0015,was awarded,tender,214275,5906298.600,Contract_Awards_PDFs/Tender_214275.pdf,1
organization,og0032,awarded contract to,company,co0015,5906298.600,Contract_Awards_PDFs/Tender_214275.pdf,1
person,pp0025,approved award,tender,214275,"Chief Engineer, Implementation",Contract_Awards_PDFs/Tender_214275.pdf,1
organization,og0032,part of,organization,og0002,,Contract_Awards_PDFs/Tender_214275.pdf,1
organization,og0002,part of,organization,og0001,,Contract_Awards_PDFs/Tender_214275.pdf,1
tender,214275,belongs to project,project,pr0054,,Contract_Awards_PDFs/Tender_214275.pdf,1
company,co0110,was awarded,tender,214561,1096555.011,Contract_Awards_PDFs/Tender_214561.pdf,1
organization,og0036,awarded contract to,company,co0110,1096555.011,Contract_Awards_PDFs/Tender_214561.pdf,1
person,pp0084,approved award,tender,214561,"Chief Engineer, Project & Design",Contract_Awards_PDFs/Tender_214561.pdf,1
organization,og0036,part of,organization,og0002,,Contract_Awards_PDFs/Tender_214561.pdf,1
organization,og0002,part of,organization,og0001,,Contract_Awards_PDFs/Tender_214561.pdf,1
tender,214561,belongs to project,project,pr0004,,Contract_Awards_PDFs/Tender_214561.pdf,1
company,co0140,was awarded,tender,215555,5058783.360,Contract_Awards_PDFs/Tender_215555.pdf,1
organization,og0024,awarded contract to,company,co0140,5058783.360,Contract_Awards_PDFs/Tender_215555.pdf,1
person,pp0017,approved award,tender,215555,Executive Engineer,Contract_Awards_PDFs/Tender_215555.pdf,1
organization,og0024,part of,organization,og0009,,Contract_Awards_PDFs/Tender_215555.pdf,1
organization,og0009,part of,organization,og0001,,Contract_Awards_PDFs/Tender_215555.pdf,1
tender,215555,belongs to project,project,pr0022,,Contract_Awards_PDFs/Tender_215555.pdf,1
company,co0141,was awarded,tender,223246,632060295.568,Contract_Awards_PDFs/Tender_223246.pdf,1
organization,og0010,awarded contract to,company,co0141,632060295.568,Contract_Awards_PDFs/Tender_223246.pdf,1
person,pp0006,approved award,tender,223246,Assistant Engineer,Contract_Awards_PDFs/Tender_223246.pdf,1
organization,og0010,part of,organization,og0009,,Contract_Awards_PDFs/Tender_223246.pdf,1
organization,og0009,part of,organization,og0001,,Contract_Awards_PDFs/Tender_223246.pdf,1
tender,223246,belongs to project,project,pr0005,,Contract_Awards_PDFs/Tender_223246.pdf,1
company,co0142,was awarded,tender,234888,1321574.085,Contract_Awards_PDFs/Tender_234888.pdf,1
organization,og0057,awarded contract to,company,co0142,1321574.085,Contract_Awards_PDFs/Tender_234888.pdf,1
person,pp0024,approved award,tender,234888,Project Director,Contract_Awards_PDFs/Tender_234888.pdf,1
organization,og0057,part of,organization,og0009,,Contract_Awards_PDFs/Tender_234888.pdf,1
organization,og0009,part of,organization,og0001,,Contract_Awards_PDFs/Tender_234888.pdf,1
tender,234888,belongs to project,project,pr0003,,Contract_Awards_PDFs/Tender_234888.pdf,1
company,co0143,was awarded,tender,235131,2070872.235,Contract_Awards_PDFs/Tender_235131.pdf,1
organization,og0057,awarded contract to,company,co0143,2070872.235,Contract_Awards_PDFs/Tender_235131.pdf,1
person,pp0024,approved award,tender,235131,Project Director,Contract_Awards_PDFs/Tender_235131.pdf,1
organization,og0057,part of,organization,og0009,,Contract_Awards_PDFs/Tender_235131.pdf,1
organization,og0009,part of,organization,og0001,,Contract_Awards_PDFs/Tender_235131.pdf,1
tender,235131,belongs to project,project,pr0003,,Contract_Awards_PDFs/Tender_235131.pdf,1
company,co0144,was awarded,tender,235166,2109152.799,Contract_Awards_PDFs/Tender_235166.pdf,1
organization,og0057,awarded contract to,company,co0144,2109152.799,Contract_Awards_PDFs/Tender_235166.pdf,1
person,pp0024,approved award,tender,235166,Project Director,Contract_Awards_PDFs/Tender_235166.pdf,1
organization,og0057,part of,organization,og0009,,Contract_Awards_PDFs/Tender_235166.pdf,1
organization,og0009,part of,organization,og0001,,Contract_Awards_PDFs/Tender_235166.pdf,1
tender,235166,belongs to project,project,pr0003,,Contract_Awards_PDFs/Tender_235166.pdf,1
company,co0118,was awarded,tender,236241,1494873.000,Contract_Awards_PDFs/Tender_236241.pdf,1
organization,og0036,awarded contract to,company,co0118,1494873.000,Contract_Awards_PDFs/Tender_236241.pdf,1
person,pp0084,approved award,tender,236241,"Chief Engineer, Project & Design",Contract_Awards_PDFs/Tender_236241.pdf,1
organization,og0036,part of,organization,og0002,,Contract_Awards_PDFs/Tender_236241.pdf,1
organization,og0002,part of,organization,og0001,,Contract_Awards_PDFs/Tender_236241.pdf,1
tender,236241,belongs to project,project,pr0041,,Contract_Awards_PDFs/Tender_236241.pdf,1
company,co0118,was awarded,tender,236242,2989746.000,Contract_Awards_PDFs/Tender_236242.pdf,1
organization,og0036,awarded contract to,company,co0118,2989746.000,Contract_Awards_PDFs/Tender_236242.pdf,1
person,pp0084,approved award,tender,236242,"Chief Engineer, Project & Design",Contract_Awards_PDFs/Tender_236242.pdf,1
organization,og0036,part of,organization,og0002,,Contract_Awards_PDFs/Tender_236242.pdf,1
organization,og0002,part of,organization,og0001,,Contract_Awards_PDFs/Tender_236242.pdf,1
tender,236242,belongs to project,project,pr0041,,Contract_Awards_PDFs/Tender_236242.pdf,1
company,co0145,was awarded,tender,237820,9118701.007,Contract_Awards_PDFs/Tender_237820.pdf,1
organization,og0050,awarded contract to,company,co0145,9118701.007,Contract_Awards_PDFs/Tender_237820.pdf,1
person,pp0093,approved award,tender,237820,Project Director,Contract_Awards_PDFs/Tender_237820.pdf,1
organization,og0050,part of,organization,og0002,,Contract_Awards_PDFs/Tender_237820.pdf,1
organization,og0002,part of,organization,og0001,,Contract_Awards_PDFs/Tender_237820.pdf,1
tender,237820,belongs to project,project,pr0048,,Contract_Awards_PDFs/Tender_237820.pdf,1
company,co0118,was awarded,tender,248616,2989746.000,Contract_Awards_PDFs/Tender_248616.pdf,1
organization,og0036,awarded contract to,company,co0118,2989746.000,Contract_Awards_PDFs/Tender_248616.pdf,1
person,pp0084,approved award,tender,248616,"Chief Engineer, Project & Design",Contract_Awards_PDFs/Tender_248616.pdf,1
organization,og0036,part of,organization,og0002,,Contract_Awards_PDFs/Tender_248616.pdf,1
organization,og0002,part of,organization,og0001,,Contract_Awards_PDFs/Tender_248616.pdf,1
tender,248616,belongs to project,project,pr0041,,Contract_Awards_PDFs/Tender_248616.pdf,1
company,co0118,was awarded,tender,248617,2989746.000,Contract_Awards_PDFs/Tender_248617.pdf,1
organization,og0036,awarded contract to,company,co0118,2989746.000,Contract_Awards_PDFs/Tender_248617.pdf,1
person,pp0084,approved award,tender,248617,"Chief Engineer, Project & Design",Contract_Awards_PDFs/Tender_248617.pdf,1
organization,og0036,part of,organization,og0002,,Contract_Awards_PDFs/Tender_248617.pdf,1
organization,og0002,part of,organization,og0001,,Contract_Awards_PDFs/Tender_248617.pdf,1
tender,248617,belongs to project,project,pr0041,,Contract_Awards_PDFs/Tender_248617.pdf,1
company,co0118,was awarded,tender,248618,2989746.000,Contract_Awards_PDFs/Tender_248618.pdf,1
organization,og0036,awarded contract to,company,co0118,2989746.000,Contract_Awards_PDFs/Tender_248618.pdf,1
person,pp0084,approved award,tender,248618,"Chief Engineer, Project & Design",Contract_Awards_PDFs/Tender_248618.pdf,1
organization,og0036,part of,organization,og0002,,Contract_Awards_PDFs/Tender_248618.pdf,1
organization,og0002,part of,organization,og0001,,Contract_Awards_PDFs/Tender_248618.pdf,1
tender,248618,belongs to project,project,pr0041,,Contract_Awards_PDFs/Tender_248618.pdf,1
company,co0118,was awarded,tender,248619,2989746.000,Contract_Awards_PDFs/Tender_248619.pdf,1
organization,og0036,awarded contract to,company,co0118,2989746.000,Contract_Awards_PDFs/Tender_248619.pdf,1
person,pp0084,approved award,tender,248619,"Chief Engineer, Project & Design",Contract_Awards_PDFs/Tender_248619.pdf,1
organization,og0036,part of,organization,og0002,,Contract_Awards_PDFs/Tender_248619.pdf,1
organization,og0002,part of,organization,og0001,,Contract_Awards_PDFs/Tender_248619.pdf,1
tender,248619,belongs to project,project,pr0041,,Contract_Awards_PDFs/Tender_248619.pdf,1
company,co0118,was awarded,tender,248621,2989746.000,Contract_Awards_PDFs/Tender_248621.pdf,1
organization,og0036,awarded contract to,company,co0118,2989746.000,Contract_Awards_PDFs/Tender_248621.pdf,1
person,pp0084,approved award,tender,248621,"Chief Engineer, Project & Design",Contract_Awards_PDFs/Tender_248621.pdf,1
organization,og0036,part of,organization,og0002,,Contract_Awards_PDFs/Tender_248621.pdf,1
organization,og0002,part of,organization,og0001,,Contract_Awards_PDFs/Tender_248621.pdf,1
tender,248621,belongs to project,project,pr0041,,Contract_Awards_PDFs/Tender_248621.pdf,1
company,co0118,was awarded,tender,248622,2989746.000,Contract_Awards_PDFs/Tender_248622.pdf,1
organization,og0036,awarded contract to,company,co0118,2989746.000,Contract_Awards_PDFs/Tender_248622.pdf,1
person,pp0084,approved award,tender,248622,"Chief Engineer, Project & Design",Contract_Awards_PDFs/Tender_248622.pdf,1
organization,og0036,part of,organization,og0002,,Contract_Awards_PDFs/Tender_248622.pdf,1
organization,og0002,part of,organization,og0001,,Contract_Awards_PDFs/Tender_248622.pdf,1
tender,248622,belongs to project,project,pr0041,,Contract_Awards_PDFs/Tender_248622.pdf,1
company,co0118,was awarded,tender,248623,1494873.000,Contract_Awards_PDFs/Tender_248623.pdf,1
organization,og0036,awarded contract to,company,co0118,1494873.000,Contract_Awards_PDFs/Tender_248623.pdf,1
person,pp0084,approved award,tender,248623,"Chief Engineer, Project & Design",Contract_Awards_PDFs/Tender_248623.pdf,1
organization,og0036,part of,organization,og0002,,Contract_Awards_PDFs/Tender_248623.pdf,1
organization,og0002,part of,organization,og0001,,Contract_Awards_PDFs/Tender_248623.pdf,1
tender,248623,belongs to project,project,pr0041,,Contract_Awards_PDFs/Tender_248623.pdf,1
company,co0118,was awarded,tender,248625,1494873.000,Contract_Awards_PDFs/Tender_248625.pdf,1
organization,og0036,awarded contract to,company,co0118,1494873.000,Contract_Awards_PDFs/Tender_248625.pdf,1
person,pp0084,approved award,tender,248625,"Chief Engineer, Project & Design",Contract_Awards_PDFs/Tender_248625.pdf,1
organization,og0036,part of,organization,og0002,,Contract_Awards_PDFs/Tender_248625.pdf,1
organization,og0002,part of,organization,og0001,,Contract_Awards_PDFs/Tender_248625.pdf,1
tender,248625,belongs to project,project,pr0041,,Contract_Awards_PDFs/Tender_248625.pdf,1
company,co0118,was awarded,tender,248630,1494873.000,Contract_Awards_PDFs/Tender_248630.pdf,1
organization,og0036,awarded contract to,company,co0118,1494873.000,Contract_Awards_PDFs/Tender_248630.pdf,1
person,pp0084,approved award,tender,248630,"Chief Engineer, Project & Design",Contract_Awards_PDFs/Tender_248630.pdf,1
organization,og0036,part of,organization,og0002,,Contract_Awards_PDFs/Tender_248630.pdf,1
organization,og0002,part of,organization,og0001,,Contract_Awards_PDFs/Tender_248630.pdf,1
tender,248630,belongs to project,project,pr0041,,Contract_Awards_PDFs/Tender_248630.pdf,1
company,co0118,was awarded,tender,248631,1494873.000,Contract_Awards_PDFs/Tender_248631.pdf,1
organization,og0036,awarded contract to,company,co0118,1494873.000,Contract_Awards_PDFs/Tender_248631.pdf,1
person,pp0084,approved award,tender,248631,"Chief Engineer, Project & Design",Contract_Awards_PDFs/Tender_248631.pdf,1
organization,og0036,part of,organization,og0002,,Contract_Awards_PDFs/Tender_248631.pdf,1
organization,og0002,part of,organization,og0001,,Contract_Awards_PDFs/Tender_248631.pdf,1
tender,248631,belongs to project,project,pr0041,,Contract_Awards_PDFs/Tender_248631.pdf,1
company,co0118,was awarded,tender,248633,1494873.000,Contract_Awards_PDFs/Tender_248633.pdf,1
organization,og0036,awarded contract to,company,co0118,1494873.000,Contract_Awards_PDFs/Tender_248633.pdf,1
person,pp0084,approved award,tender,248633,"Chief Engineer, Project & Design",Contract_Awards_PDFs/Tender_248633.pdf,1
organization,og0036,part of,organization,og0002,,Contract_Awards_PDFs/Tender_248633.pdf,1
organization,og0002,part of,organization,og0001,,Contract_Awards_PDFs/Tender_248633.pdf,1
tender,248633,belongs to project,project,pr0041,,Contract_Awards_PDFs/Tender_248633.pdf,1
company,co0146,was awarded,tender,251218,742979.674,Contract_Awards_PDFs/Tender_251218.pdf,1
organization,og0032,awarded contract to,company,co0146,742979.674,Contract_Awards_PDFs/Tender_251218.pdf,1
person,pp0025,approved award,tender,251218,"Chief Engineer, Implementation",Contract_Awards_PDFs/Tender_251218.pdf,1
organization,og0032,part of,organization,og0002,,Contract_Awards_PDFs/Tender_251218.pdf,1
organization,og0002,part of,organization,og0001,,Contract_Awards_PDFs/Tender_251218.pdf,1
tender,251218,belongs to project,project,pr0001,,Contract_Awards_PDFs/Tender_251218.pdf,1
company,co0025,was awarded,tender,251224,18459309.546,Contract_Awards_PDFs/Tender_251224.pdf,1
organization,og0032,awarded contract to,company,co0025,18459309.546,Contract_Awards_PDFs/Tender_251224.pdf,1
person,pp0093,approved award,tender,251224,"Chief Engineer, Implementation",Contract_Awards_PDFs/Tender_251224.pdf,1
organization,og0032,part of,organization,og0002,,Contract_Awards_PDFs/Tender_251224.pdf,1
organization,og0002,part of,organization,og0001,,Contract_Awards_PDFs/Tender_251224.pdf,1
tender,251224,belongs to project,project,pr0009,,Contract_Awards_PDFs/Tender_251224.pdf,1
company,co0016,was awarded,tender,251227,11057081.796,Contract_Awards_PDFs/Tender_251227.pdf,1
organization,og0032,awarded contract to,company,co0016,11057081.796,Contract_Awards_PDFs/Tender_251227.pdf,1
person,pp0093,approved award,tender,251227,"Chief Engineer, Implementation",Contract_Awards_PDFs/Tender_251227.pdf,1
organization,og0032,part of,organization,og0002,,Contract_Awards_PDFs/Tender_251227.pdf,1
organization,og0002,part of,organization,og0001,,Contract_Awards_PDFs/Tender_251227.pdf,1
tender,251227,belongs to project,project,pr0009,,Contract_Awards_PDFs/Tender_251227.pdf,1
company,co0122,was awarded,tender,260451,196020.012,Contract_Awards_PDFs/Tender_260451.pdf,1
organization,og0036,awarded contract to,company,co0122,196020.012,Contract_Awards_PDFs/Tender_260451.pdf,1
person,pp0084,approved award,tender,260451,"Chief Engineer, Project & Design",Contract_Awards_PDFs/Tender_260451.pdf,1
organization,og0036,part of,organization,og0002,,Contract_Awards_PDFs/Tender_260451.pdf,1
organization,og0002,part of,organization,og0001,,Contract_Awards_PDFs/Tender_260451.pdf,1
tender,260451,belongs to project,project,pr0055,,Contract_Awards_PDFs/Tender_260451.pdf,1
company,co0122,was awarded,tender,260513,379310.202,Contract_Awards_PDFs/Tender_260513.pdf,1
organization,og0036,awarded contract to,company,co0122,379310.202,Contract_Awards_PDFs/Tender_260513.pdf,1
person,pp0084,approved award,tender,260513,"Chief Engineer, Project & Design",Contract_Awards_PDFs/Tender_260513.pdf,1
organization,og0036,part of,organization,og0002,,Contract_Awards_PDFs/Tender_260513.pdf,1
organization,og0002,part of,organization,og0001,,Contract_Awards_PDFs/Tender_260513.pdf,1
tender,260513,belongs to project,project,pr0055,,Contract_Awards_PDFs/Tender_260513.pdf,1
company,co0020,was awarded,tender,262818,1154500.048,Contract_Awards_PDFs/Tender_262818.pdf,1
organization,og0017,awarded contract to,company,co0020,1154500.048,Contract_Awards_PDFs/Tender_262818.pdf,1
person,pp0090,approved award,tender,262818,Assistant Programmer,Contract_Awards_PDFs/Tender_262818.pdf,1
organization,og0017,part of,organization,og0016,,Contract_Awards_PDFs/Tender_262818.pdf,1
organization,og0016,part of,organization,og0001,,Contract_Awards_PDFs/Tender_262818.pdf,1
tender,262818,belongs to project,project,pr0003,,Contract_Awards_PDFs/Tender_262818.pdf,1
company,co0147,was awarded,tender,270190,168263375.980,Contract_Awards_PDFs/Tender_270190.pdf,1
organization,og0020,awarded contract to,company,co0147,168263375.980,Contract_Awards_PDFs/Tender_270190.pdf,1
person,pp0094,approved award,tender,270190,Member (Engineer),Contract_Awards_PDFs/Tender_270190.pdf,1
organization,og0020,part of,organization,og0020,,Contract_Awards_PDFs/Tender_270190.pdf,1
organization,og0020,part of,organization,og0001,,Contract_Awards_PDFs/Tender_270190.pdf,1
tender,270190,belongs to project,project,pr0056,,Contract_Awards_PDFs/Tender_270190.pdf,1
company,co0148,was awarded,tender,270651,86870906.138,Contract_Awards_PDFs/Tender_270651.pdf,1
organization,og0020,awarded contract to,company,co0148,86870906.138,Contract_Awards_PDFs/Tender_270651.pdf,1
person,pp0094,approved award,tender,270651,Member (Engineer),Contract_Awards_PDFs/Tender_270651.pdf,1
organization,og0020,part of,organization,og0020,,Contract_Awards_PDFs/Tender_270651.pdf,1
organization,og0020,part of,organization,og0001,,Contract_Awards_PDFs/Tender_270651.pdf,1
tender,270651,belongs to project,project,pr0056,,Contract_Awards_PDFs/Tender_270651.pdf,1
company,co0081,was awarded,tender,276338,26450000.001,Contract_Awards_PDFs/Tender_276338.pdf,1
organization,og0020,awarded contract to,company,co0081,26450000.001,Contract_Awards_PDFs/Tender_276338.pdf,1
person,pp0094,approved award,tender,276338,Member (Engineer),Contract_Awards_PDFs/Tender_276338.pdf,1
organization,og0020,part of,organization,og0020,,Contract_Awards_PDFs/Tender_276338.pdf,1
organization,og0020,part of,organization,og0001,,Contract_Awards_PDFs/Tender_276338.pdf,1
tender,276338,belongs to project,project,pr0003,,Contract_Awards_PDFs/Tender_276338.pdf,1
company,co0149,was awarded,tender,276518,1588977.570,Contract_Awards_PDFs/Tender_276518.pdf,1
organization,og0036,awarded contract to,company,co0149,1588977.570,Contract_Awards_PDFs/Tender_276518.pdf,1
person,pp0084,approved award,tender,276518,"Chief Engineer, Project & Design",Contract_Awards_PDFs/Tender_276518.pdf,1
organization,og0036,part of,organization,og0002,,Contract_Awards_PDFs/Tender_276518.pdf,1
organization,og0002,part of,organization,og0001,,Contract_Awards_PDFs/Tender_276518.pdf,1
tender,276518,belongs to project,project,pr0057,,Contract_Awards_PDFs/Tender_276518.pdf,1
company,co0150,was awarded,tender,276885,974300.152,Contract_Awards_PDFs/Tender_276885.pdf,1
organization,og0017,awarded contract to,company,co0150,974300.152,Contract_Awards_PDFs/Tender_276885.pdf,1
person,pp0090,approved award,tender,276885,Assistant Programmer,Contract_Awards_PDFs/Tender_276885.pdf,1
organization,og0017,part of,organization,og0016,,Contract_Awards_PDFs/Tender_276885.pdf,1
organization,og0016,part of,organization,og0001,,Contract_Awards_PDFs/Tender_276885.pdf,1
tender,276885,belongs to project,project,pr0003,,Contract_Awards_PDFs/Tender_276885.pdf,1
company,co0151,was awarded,tender,277364,6791000.000,Contract_Awards_PDFs/Tender_277364.pdf,1
organization,og0045,awarded contract to,company,co0151,6791000.000,Contract_Awards_PDFs/Tender_277364.pdf,1
person,pp0085,approved award,tender,277364,Chief Engineer,Contract_Awards_PDFs/Tender_277364.pdf,1
organization,og0045,part of,organization,og0016,,Contract_Awards_PDFs/Tender_277364.pdf,1
organization,og0016,part of,organization,og0001,,Contract_Awards_PDFs/Tender_277364.pdf,1
tender,277364,belongs to project,project,pr0058,,Contract_Awards_PDFs/Tender_277364.pdf,1
company,co0152,was awarded,tender,277365,188206438.138,Contract_Awards_PDFs/Tender_277365.pdf,1
organization,og0045,awarded contract to,company,co0152,188206438.138,Contract_Awards_PDFs/Tender_277365.pdf,1
person,pp0085,approved award,tender,277365,Chief Engineer,Contract_Awards_PDFs/Tender_277365.pdf,1
organization,og0045,part of,organization,og0016,,Contract_Awards_PDFs/Tender_277365.pdf,1
organization,og0016,part of,organization,og0001,,Contract_Awards_PDFs/Tender_277365.pdf,1
tender,277365,belongs to project,project,pr0058,,Contract_Awards_PDFs/Tender_277365.pdf,1
company,co0153,was awarded,tender,277368,43031474.045,Contract_Awards_PDFs/Tender_277368.pdf,1
organization,og0045,awarded contract to,company,co0153,43031474.045,Contract_Awards_PDFs/Tender_277368.pdf,1
person,pp0085,approved award,tender,277368,Chief Engineer,Contract_Awards_PDFs/Tender_277368.pdf,1
organization,og0045,part of,organization,og0016,,Contract_Awards_PDFs/Tender_277368.pdf,1
organization,og0016,part of,organization,og0001,,Contract_Awards_PDFs/Tender_277368.pdf,1
tender,277368,belongs to project,project,pr0058,,Contract_Awards_PDFs/Tender_277368.pdf,1
company,co0154,was awarded,tender,277369,44046499.949,Contract_Awards_PDFs/Tender_277369.pdf,1
organization,og0045,awarded contract to,company,co0154,44046499.949,Contract_Awards_PDFs/Tender_277369.pdf,1
person,pp0085,approved award,tender,277369,Chief Engineer,Contract_Awards_PDFs/Tender_277369.pdf,1
organization,og0045,part of,organization,og0016,,Contract_Awards_PDFs/Tender_277369.pdf,1
organization,og0016,part of,organization,og0001,,Contract_Awards_PDFs/Tender_277369.pdf,1
tender,277369,belongs to project,project,pr0058,,Contract_Awards_PDFs/Tender_277369.pdf,1
company,co0147,was awarded,tender,282186,169206055.680,Contract_Awards_PDFs/Tender_282186.pdf,1
organization,og0020,awarded contract to,company,co0147,169206055.680,Contract_Awards_PDFs/Tender_282186.pdf,1
person,pp0094,approved award,tender,282186,Member (Engineer),Contract_Awards_PDFs/Tender_282186.pdf,1
organization,og0020,part of,organization,og0020,,Contract_Awards_PDFs/Tender_282186.pdf,1
organization,og0020,part of,organization,og0001,,Contract_Awards_PDFs/Tender_282186.pdf,1
tender,282186,belongs to project,project,pr0056,,Contract_Awards_PDFs/Tender_282186.pdf,1
company,co0155,was awarded,tender,284197,4296920.002,Contract_Awards_PDFs/Tender_284197.pdf,1
organization,og0030,awarded contract to,company,co0155,4296920.002,Contract_Awards_PDFs/Tender_284197.pdf,1
person,pp0023,approved award,tender,284197,Chaiman,Contract_Awards_PDFs/Tender_284197.pdf,1
organization,og0030,part of,organization,og0004,,Contract_Awards_PDFs/Tender_284197.pdf,1
organization,og0004,part of,organization,og0001,,Contract_Awards_PDFs/Tender_284197.pdf,1
tender,284197,belongs to project,project,pr0059,,Contract_Awards_PDFs/Tender_284197.pdf,1
company,co0156,was awarded,tender,291722,3630000.002,Contract_Awards_PDFs/Tender_291722.pdf,1
organization,og0030,awarded contract to,company,co0156,3630000.002,Contract_Awards_PDFs/Tender_291722.pdf,1
person,pp0023,approved award,tender,291722,Chaiman,Contract_Awards_PDFs/Tender_291722.pdf,1
organization,og0030,part of,organization,og0004,,Contract_Awards_PDFs/Tender_291722.pdf,1
organization,og0004,part of,organization,og0001,,Contract_Awards_PDFs/Tender_291722.pdf,1
tender,291722,belongs to project,project,pr0003,,Contract_Awards_PDFs/Tender_291722.pdf,1
company,co0157,was awarded,tender,292111,217816341.219,Contract_Awards_PDFs/Tender_292111.pdf,1
organization,og0032,awarded contract to,company,co0157,217816341.219,Contract_Awards_PDFs/Tender_292111.pdf,1
person,pp0093,approved award,tender,292111,"Chief Engineer, Implementation",Contract_Awards_PDFs/Tender_292111.pdf,1
organization,og0032,part of,organization,og0002,,Contract_Awards_PDFs/Tender_292111.pdf,1
organization,og0002,part of,organization,og0001,,Contract_Awards_PDFs/Tender_292111.pdf,1
tender,292111,belongs to project,project,pr0009,,Contract_Awards_PDFs/Tender_292111.pdf,1
company,co0158,was awarded,tender,293004,54614579.067,Contract_Awards_PDFs/Tender_293004.pdf,1
organization,og0032,awarded contract to,company,co0158,54614579.067,Contract_Awards_PDFs/Tender_293004.pdf,1
person,pp0093,approved award,tender,293004,"Chief Engineer, Implementation",Contract_Awards_PDFs/Tender_293004.pdf,1
organization,og0032,part of,organization,og0002,,Contract_Awards_PDFs/Tender_293004.pdf,1
organization,og0002,part of,organization,og0001,,Contract_Awards_PDFs/Tender_293004.pdf,1
tender,293004,belongs to project,project,pr0009,,Contract_Awards_PDFs/Tender_293004.pdf,1
company,co0001,was awarded,tender,293018,25278908.373,Contract_Awards_PDFs/Tender_293018.pdf,1
organization,og0032,awarded contract to,company,co0001,25278908.373,Contract_Awards_PDFs/Tender_293018.pdf,1
person,pp0093,approved award,tender,293018,"Chief Engineer, Implementation",Contract_Awards_PDFs/Tender_293018.pdf,1
organization,og0032,part of,organization,og0002,,Contract_Awards_PDFs/Tender_293018.pdf,1
organization,og0002,part of,organization,og0001,,Contract_Awards_PDFs/Tender_293018.pdf,1
tender,293018,belongs to project,project,pr0009,,Contract_Awards_PDFs/Tender_293018.pdf,1
company,co0014,was awarded,tender,294388,430185.600,Contract_Awards_PDFs/Tender_294388.pdf,1
organization,og0036,awarded contract to,company,co0014,430185.600,Contract_Awards_PDFs/Tender_294388.pdf,1
person,pp0084,approved award,tender,294388,"Chief Engineer, Project & Design",Contract_Awards_PDFs/Tender_294388.pdf,1
organization,og0036,part of,organization,og0002,,Contract_Awards_PDFs/Tender_294388.pdf,1
organization,og0002,part of,organization,og0001,,Contract_Awards_PDFs/Tender_294388.pdf,1
tender,294388,belongs to project,project,pr0060,,Contract_Awards_PDFs/Tender_294388.pdf,1
company,co0159,was awarded,tender,294444,499900.002,Contract_Awards_PDFs/Tender_294444.pdf,1
organization,og0036,awarded contract to,company,co0159,499900.002,Contract_Awards_PDFs/Tender_294444.pdf,1
person,pp0084,approved award,tender,294444,"Chief Engineer, Project & Design",Contract_Awards_PDFs/Tender_294444.pdf,1
organization,og0036,part of,organization,og0002,,Contract_Awards_PDFs/Tender_294444.pdf,1
organization,og0002,part of,organization,og0001,,Contract_Awards_PDFs/Tender_294444.pdf,1
tender,294444,belongs to project,project,pr0061,,Contract_Awards_PDFs/Tender_294444.pdf,1
company,co0160,was awarded,tender,302667,786000.001,Contract_Awards_PDFs/Tender_302667.pdf,1
organization,og0058,awarded contract to,company,co0160,786000.001,Contract_Awards_PDFs/Tender_302667.pdf,1
person,pp0095,approved award,tender,302667,Planning Officer,Contract_Awards_PDFs/Tender_302667.pdf,1
organization,og0058,part of,organization,og0016,,Contract_Awards_PDFs/Tender_302667.pdf,1
organization,og0016,part of,organization,og0001,,Contract_Awards_PDFs/Tender_302667.pdf,1
tender,302667,belongs to project,project,pr0003,,Contract_Awards_PDFs/Tender_302667.pdf,1
company,co0022,was awarded,tender,303865,4703277.861,Contract_Awards_PDFs/Tender_303865.pdf,1
organization,og0059,awarded contract to,company,co0022,4703277.861,Contract_Awards_PDFs/Tender_303865.pdf,1
person,pp0008,approved award,tender,303865,Project Director,Contract_Awards_PDFs/Tender_303865.pdf,1
organization,og0059,part of,organization,og0009,,Contract_Awards_PDFs/Tender_303865.pdf,1
organization,og0009,part of,organization,og0001,,Contract_Awards_PDFs/Tender_303865.pdf,1
tender,303865,belongs to project,project,pr0003,,Contract_Awards_PDFs/Tender_303865.pdf,1
company,co0142,was awarded,tender,309557,2990847.654,Contract_Awards_PDFs/Tender_309557.pdf,1
organization,og0057,awarded contract to,company,co0142,2990847.654,Contract_Awards_PDFs/Tender_309557.pdf,1
person,pp0024,approved award,tender,309557,Project Director,Contract_Awards_PDFs/Tender_309557.pdf,1
organization,og0057,part of,organization,og0009,,Contract_Awards_PDFs/Tender_309557.pdf,1
organization,og0009,part of,organization,og0001,,Contract_Awards_PDFs/Tender_309557.pdf,1
tender,309557,belongs to project,project,pr0003,,Contract_Awards_PDFs/Tender_309557.pdf,1
company,co0161,was awarded,tender,311188,162409362.264,Contract_Awards_PDFs/Tender_311188.pdf,1
organization,og0032,awarded contract to,company,co0161,162409362.264,Contract_Awards_PDFs/Tender_311188.pdf,1
person,pp0093,approved award,tender,311188,"Chief Engineer, Implementation",Contract_Awards_PDFs/Tender_311188.pdf,1
organization,og0032,part of,organization,og0002,,Contract_Awards_PDFs/Tender_311188.pdf,1
organization,og0002,part of,organization,og0001,,Contract_Awards_PDFs/Tender_311188.pdf,1
tender,311188,belongs to project,project,pr0062,,Contract_Awards_PDFs/Tender_311188.pdf,1
company,co0162,was awarded,tender,312476,71327762.334,Contract_Awards_PDFs/Tender_312476.pdf,1
organization,og0032,awarded contract to,company,co0162,71327762.334,Contract_Awards_PDFs/Tender_312476.pdf,1
person,pp0093,approved award,tender,312476,"Chief Engineer, Implementation",Contract_Awards_PDFs/Tender_312476.pdf,1
organization,og0032,part of,organization,og0002,,Contract_Awards_PDFs/Tender_312476.pdf,1
organization,og0002,part of,organization,og0001,,Contract_Awards_PDFs/Tender_312476.pdf,1
tender,312476,belongs to project,project,pr0062,,Contract_Awards_PDFs/Tender_312476.pdf,1
company,co0161,was awarded,tender,312479,69684008.140,Contract_Awards_PDFs/Tender_312479.pdf,1
organization,og0032,awarded contract to,company,co0161,69684008.140,Contract_Awards_PDFs/Tender_312479.pdf,1
person,pp0093,approved award,tender,312479,"Chief Engineer, Implementation",Contract_Awards_PDFs/Tender_312479.pdf,1
organization,og0032,part of,organization,og0002,,Contract_Awards_PDFs/Tender_312479.pdf,1
organization,og0002,part of,organization,og0001,,Contract_Awards_PDFs/Tender_312479.pdf,1
tender,312479,belongs to project,project,pr0062,,Contract_Awards_PDFs/Tender_312479.pdf,1
company,co0041,was awarded,tender,316510,570000.000,Contract_Awards_PDFs/Tender_316510.pdf,1
organization,og0036,awarded contract to,company,co0041,570000.000,Contract_Awards_PDFs/Tender_316510.pdf,1
person,pp0084,approved award,tender,316510,"Chief Engineer, Project & Design",Contract_Awards_PDFs/Tender_316510.pdf,1
organization,og0036,part of,organization,og0002,,Contract_Awards_PDFs/Tender_316510.pdf,1
organization,og0002,part of,organization,og0001,,Contract_Awards_PDFs/Tender_316510.pdf,1
tender,316510,belongs to project,project,pr0063,,Contract_Awards_PDFs/Tender_316510.pdf,1
company,co0163,was awarded,tender,317182,12900000.001,Contract_Awards_PDFs/Tender_317182.pdf,1
organization,og0058,awarded contract to,company,co0163,12900000.001,Contract_Awards_PDFs/Tender_317182.pdf,1
person,pp0095,approved award,tender,317182,Planning Officer,Contract_Awards_PDFs/Tender_317182.pdf,1
organization,og0058,part of,organization,og0016,,Contract_Awards_PDFs/Tender_317182.pdf,1
organization,og0016,part of,organization,og0001,,Contract_Awards_PDFs/Tender_317182.pdf,1
tender,317182,belongs to project,project,pr0064,,Contract_Awards_PDFs/Tender_317182.pdf,1
company,co0055,was awarded,tender,317767,4900000.002,Contract_Awards_PDFs/Tender_317767.pdf,1
organization,og0058,awarded contract to,company,co0055,4900000.002,Contract_Awards_PDFs/Tender_317767.pdf,1
person,pp0095,approved award,tender,317767,Planning Officer,Contract_Awards_PDFs/Tender_317767.pdf,1
organization,og0058,part of,organization,og0016,,Contract_Awards_PDFs/Tender_317767.pdf,1
organization,og0016,part of,organization,og0001,,Contract_Awards_PDFs/Tender_317767.pdf,1
tender,317767,belongs to project,project,pr0064,,Contract_Awards_PDFs/Tender_317767.pdf,1
company,co0164,was awarded,tender,322093,1720000.004,Contract_Awards_PDFs/Tender_322093.pdf,1
organization,og0030,awarded contract to,company,co0164,1720000.004,Contract_Awards_PDFs/Tender_322093.pdf,1
person,pp0023,approved award,tender,322093,Chaiman,Contract_Awards_PDFs/Tender_322093.pdf,1
organization,og0030,part of,organization,og0004,,Contract_Awards_PDFs/Tender_322093.pdf,1
organization,og0004,part of,organization,og0001,,Contract_Awards_PDFs/Tender_322093.pdf,1
tender,322093,belongs to project,project,pr0059,,Contract_Awards_PDFs/Tender_322093.pdf,1
company,co0165,was awarded,tender,322658,159872645.259,Contract_Awards_PDFs/Tender_322658.pdf,1
organization,og0032,awarded contract to,company,co0165,159872645.259,Contract_Awards_PDFs/Tender_322658.pdf,1
person,pp0093,approved award,tender,322658,"Chief Engineer, Implementation",Contract_Awards_PDFs/Tender_322658.pdf,1
organization,og0032,part of,organization,og0002,,Contract_Awards_PDFs/Tender_322658.pdf,1
organization,og0002,part of,organization,og0001,,Contract_Awards_PDFs/Tender_322658.pdf,1
tender,322658,belongs to project,project,pr0062,,Contract_Awards_PDFs/Tender_322658.pdf,1
company,co0110,was awarded,tender,329551,1105000.011,Contract_Awards_PDFs/Tender_329551.pdf,1
organization,og0036,awarded contract to,company,co0110,1105000.011,Contract_Awards_PDFs/Tender_329551.pdf,1
person,pp0084,approved award,tender,329551,"Chief Engineer, Project & Design",Contract_Awards_PDFs/Tender_329551.pdf,1
organization,og0036,part of,organization,og0002,,Contract_Awards_PDFs/Tender_329551.pdf,1
organization,og0002,part of,organization,og0001,,Contract_Awards_PDFs/Tender_329551.pdf,1
tender,329551,belongs to project,project,pr0004,,Contract_Awards_PDFs/Tender_329551.pdf,1
company,co0146,was awarded,tender,329552,1250199.000,Contract_Awards_PDFs/Tender_329552.pdf,1
organization,og0036,awarded contract to,company,co0146,1250199.000,Contract_Awards_PDFs/Tender_329552.pdf,1
person,pp0084,approved award,tender,329552,"Chief Engineer, Project & Design",Contract_Awards_PDFs/Tender_329552.pdf,1
organization,og0036,part of,organization,og0002,,Contract_Awards_PDFs/Tender_329552.pdf,1
organization,og0002,part of,organization,og0001,,Contract_Awards_PDFs/Tender_329552.pdf,1
tender,329552,belongs to project,project,pr0004,,Contract_Awards_PDFs/Tender_329552.pdf,1
company,co0146,was awarded,tender,329553,1250199.000,Contract_Awards_PDFs/Tender_329553.pdf,1
organization,og0036,awarded contract to,company,co0146,1250199.000,Contract_Awards_PDFs/Tender_329553.pdf,1
person,pp0084,approved award,tender,329553,"Chief Engineer, Project & Design",Contract_Awards_PDFs/Tender_329553.pdf,1
organization,og0036,part of,organization,og0002,,Contract_Awards_PDFs/Tender_329553.pdf,1
organization,og0002,part of,organization,og0001,,Contract_Awards_PDFs/Tender_329553.pdf,1
tender,329553,belongs to project,project,pr0004,,Contract_Awards_PDFs/Tender_329553.pdf,1
company,co0146,was awarded,tender,329556,1152495.000,Contract_Awards_PDFs/Tender_329556.pdf,1
organization,og0036,awarded contract to,company,co0146,1152495.000,Contract_Awards_PDFs/Tender_329556.pdf,1
person,pp0084,approved award,tender,329556,"Chief Engineer, Project & Design",Contract_Awards_PDFs/Tender_329556.pdf,1
organization,og0036,part of,organization,og0002,,Contract_Awards_PDFs/Tender_329556.pdf,1
organization,og0002,part of,organization,og0001,,Contract_Awards_PDFs/Tender_329556.pdf,1
tender,329556,belongs to project,project,pr0004,,Contract_Awards_PDFs/Tender_329556.pdf,1
company,co0127,was awarded,tender,339042,9630921.420,Contract_Awards_PDFs/Tender_339042.pdf,1
organization,og0032,awarded contract to,company,co0127,9630921.420,Contract_Awards_PDFs/Tender_339042.pdf,1
person,pp0093,approved award,tender,339042,"Chief Engineer, Implementation",Contract_Awards_PDFs/Tender_339042.pdf,1
organization,og0032,part of,organization,og0002,,Contract_Awards_PDFs/Tender_339042.pdf,1
organization,og0002,part of,organization,og0001,,Contract_Awards_PDFs/Tender_339042.pdf,1
tender,339042,belongs to project,project,pr0009,,Contract_Awards_PDFs/Tender_339042.pdf,1
company,co0166,was awarded,tender,342502,70658480.502,Contract_Awards_PDFs/Tender_342502.pdf,1
organization,og0060,awarded contract to,company,co0166,70658480.502,Contract_Awards_PDFs/Tender_342502.pdf,1
person,pp0096,approved award,tender,342502,Executive Engineer,Contract_Awards_PDFs/Tender_342502.pdf,1
organization,og0060,part of,organization,og0009,,Contract_Awards_PDFs/Tender_342502.pdf,1
organization,og0009,part of,organization,og0001,,Contract_Awards_PDFs/Tender_342502.pdf,1
tender,342502,belongs to project,project,pr0003,,Contract_Awards_PDFs/Tender_342502.pdf,1
company,co0142,was awarded,tender,360423,3555766.800,Contract_Awards_PDFs/Tender_360423.pdf,1
organization,og0057,awarded contract to,company,co0142,3555766.800,Contract_Awards_PDFs/Tender_360423.pdf,1
person,pp0024,approved award,tender,360423,Project Director,Contract_Awards_PDFs/Tender_360423.pdf,1
organization,og0057,part of,organization,og0009,,Contract_Awards_PDFs/Tender_360423.pdf,1
organization,og0009,part of,organization,og0001,,Contract_Awards_PDFs/Tender_360423.pdf,1
tender,360423,belongs to project,project,pr0003,,Contract_Awards_PDFs/Tender_360423.pdf,1
company,co0114,was awarded,tender,366041,165756363.993,Contract_Awards_PDFs/Tender_366041.pdf,1
organization,og0045,awarded contract to,company,co0114,165756363.993,Contract_Awards_PDFs/Tender_366041.pdf,1
person,pp0085,approved award,tender,366041,Chief Engineer,Contract_Awards_PDFs/Tender_366041.pdf,1
organization,og0045,part of,organization,og0016,,Contract_Awards_PDFs/Tender_366041.pdf,1
organization,og0016,part of,organization,og0001,,Contract_Awards_PDFs/Tender_366041.pdf,1
tender,366041,belongs to project,project,pr0058,,Contract_Awards_PDFs/Tender_366041.pdf,1
company,co0167,was awarded,tender,366087,125264837.700,Contract_Awards_PDFs/Tender_366087.pdf,1
organization,og0045,awarded contract to,company,co0167,125264837.700,Contract_Awards_PDFs/Tender_366087.pdf,1
person,pp0085,approved award,tender,366087,Chief Engineer,Contract_Awards_PDFs/Tender_366087.pdf,1
organization,og0045,part of,organization,og0016,,Contract_Awards_PDFs/Tender_366087.pdf,1
organization,og0016,part of,organization,og0001,,Contract_Awards_PDFs/Tender_366087.pdf,1
tender,366087,belongs to project,project,pr0058,,Contract_Awards_PDFs/Tender_366087.pdf,1
company,co0041,was awarded,tender,376450,865065.768,Contract_Awards_PDFs/Tender_376450.pdf,1
organization,og0036,awarded contract to,company,co0041,865065.768,Contract_Awards_PDFs/Tender_376450.pdf,1
person,pp0084,approved award,tender,376450,"Chief Engineer, Project & Design",Contract_Awards_PDFs/Tender_376450.pdf,1
organization,og0036,part of,organization,og0002,,Contract_Awards_PDFs/Tender_376450.pdf,1
organization,og0002,part of,organization,og0001,,Contract_Awards_PDFs/Tender_376450.pdf,1
tender,376450,belongs to project,project,pr0065,,Contract_Awards_PDFs/Tender_376450.pdf,1
company,co0062,was awarded,tender,383988,292545247.340,Contract_Awards_PDFs/Tender_383988.pdf,1
organization,og0030,awarded contract to,company,co0062,292545247.340,Contract_Awards_PDFs/Tender_383988.pdf,1
person,pp0097,approved award,tender,383988,Chaiman,Contract_Awards_PDFs/Tender_383988.pdf,1
organization,og0030,part of,organization,og0004,,Contract_Awards_PDFs/Tender_383988.pdf,1
organization,og0004,part of,organization,og0001,,Contract_Awards_PDFs/Tender_383988.pdf,1
tender,383988,belongs to project,project,pr0066,,Contract_Awards_PDFs/Tender_383988.pdf,1
company,co0168,was awarded,tender,387658,1018755.630,Contract_Awards_PDFs/Tender_387658.pdf,1
organization,og0057,awarded contract to,company,co0168,1018755.630,Contract_Awards_PDFs/Tender_387658.pdf,1
person,pp0024,approved award,tender,387658,Project Director,Contract_Awards_PDFs/Tender_387658.pdf,1
organization,og0057,part of,organization,og0009,,Contract_Awards_PDFs/Tender_387658.pdf,1
organization,og0009,part of,organization,og0001,,Contract_Awards_PDFs/Tender_387658.pdf,1
tender,387658,belongs to project,project,pr0003,,Contract_Awards_PDFs/Tender_387658.pdf,1
company,co0169,was awarded,tender,398199,4787600.824,Contract_Awards_PDFs/Tender_398199.pdf,1
organization,og0061,awarded contract to,company,co0169,4787600.824,Contract_Awards_PDFs/Tender_398199.pdf,1
person,pp0098,approved award,tender,398199,Executive Engineer,Contract_Awards_PDFs/Tender_398199.pdf,1
organization,og0061,part of,organization,og0009,,Contract_Awards_PDFs/Tender_398199.pdf,1
organization,og0009,part of,organization,og0001,,Contract_Awards_PDFs/Tender_398199.pdf,1
tender,398199,belongs to project,project,pr0003,,Contract_Awards_PDFs/Tender_398199.pdf,1
company,co0111,was awarded,tender,409461,4399000.035,Contract_Awards_PDFs/Tender_409461.pdf,1
organization,og0061,awarded contract to,company,co0111,4399000.035,Contract_Awards_PDFs/Tender_409461.pdf,1
person,pp0098,approved award,tender,409461,Executive Engineer,Contract_Awards_PDFs/Tender_409461.pdf,1
organization,og0061,part of,organization,og0009,,Contract_Awards_PDFs/Tender_409461.pdf,1
organization,og0009,part of,organization,og0001,,Contract_Awards_PDFs/Tender_409461.pdf,1
tender,409461,belongs to project,project,pr0003,,Contract_Awards_PDFs/Tender_409461.pdf,1
company,co0170,was awarded,tender,410561,1876490.289,Contract_Awards_PDFs/Tender_410561.pdf,1
organization,og0057,awarded contract to,company,co0170,1876490.289,Contract_Awards_PDFs/Tender_410561.pdf,1
person,pp0024,approved award,tender,410561,Project Director,Contract_Awards_PDFs/Tender_410561.pdf,1
organization,og0057,part of,organization,og0009,,Contract_Awards_PDFs/Tender_410561.pdf,1
organization,og0009,part of,organization,og0001,,Contract_Awards_PDFs/Tender_410561.pdf,1
tender,410561,belongs to project,project,pr0003,,Contract_Awards_PDFs/Tender_410561.pdf,1
company,co0171,was awarded,tender,417304,9280000.001,Contract_Awards_PDFs/Tender_417304.pdf,1
organization,og0020,awarded contract to,company,co0171,9280000.001,Contract_Awards_PDFs/Tender_417304.pdf,1
person,pp0094,approved award,tender,417304,Member (Engineer),Contract_Awards_PDFs/Tender_417304.pdf,1
organization,og0020,part of,organization,og0020,,Contract_Awards_PDFs/Tender_417304.pdf,1
organization,og0020,part of,organization,og0001,,Contract_Awards_PDFs/Tender_417304.pdf,1
tender,417304,belongs to project,project,pr0003,,Contract_Awards_PDFs/Tender_417304.pdf,1
company,co0081,was awarded,tender,418364,18900000.001,Contract_Awards_PDFs/Tender_418364.pdf,1
organization,og0020,awarded contract to,company,co0081,18900000.001,Contract_Awards_PDFs/Tender_418364.pdf,1
person,pp0094,approved award,tender,418364,Member (Engineer),Contract_Awards_PDFs/Tender_418364.pdf,1
organization,og0020,part of,organization,og0020,,Contract_Awards_PDFs/Tender_418364.pdf,1
organization,og0020,part of,organization,og0001,,Contract_Awards_PDFs/Tender_418364.pdf,1
tender,418364,belongs to project,project,pr0003,,Contract_Awards_PDFs/Tender_418364.pdf,1
company,co0172,was awarded,tender,423315,3910680.006,Contract_Awards_PDFs/Tender_423315.pdf,1
organization,og0038,awarded contract to,company,co0172,3910680.006,Contract_Awards_PDFs/Tender_423315.pdf,1
person,pp0069,approved award,tender,423315,System Analyst,Contract_Awards_PDFs/Tender_423315.pdf,1
organization,og0038,part of,organization,og0009,,Contract_Awards_PDFs/Tender_423315.pdf,1
organization,og0009,part of,organization,og0001,,Contract_Awards_PDFs/Tender_423315.pdf,1
tender,423315,belongs to project,project,pr0003,,Contract_Awards_PDFs/Tender_423315.pdf,1
company,co0173,was awarded,tender,424168,1366203.400,Contract_Awards_PDFs/Tender_424168.pdf,1
organization,og0020,awarded contract to,company,co0173,1366203.400,Contract_Awards_PDFs/Tender_424168.pdf,1
person,pp0094,approved award,tender,424168,Member (Engineer),Contract_Awards_PDFs/Tender_424168.pdf,1
organization,og0020,part of,organization,og0020,,Contract_Awards_PDFs/Tender_424168.pdf,1
organization,og0020,part of,organization,og0001,,Contract_Awards_PDFs/Tender_424168.pdf,1
tender,424168,belongs to project,project,pr0003,,Contract_Awards_PDFs/Tender_424168.pdf,1
company,co0142,was awarded,tender,427246,844233.606,Contract_Awards_PDFs/Tender_427246.pdf,1
organization,og0057,awarded contract to,company,co0142,844233.606,Contract_Awards_PDFs/Tender_427246.pdf,1
person,pp0024,approved award,tender,427246,Project Director,Contract_Awards_PDFs/Tender_427246.pdf,1
organization,og0057,part of,organization,og0009,,Contract_Awards_PDFs/Tender_427246.pdf,1
organization,og0009,part of,organization,og0001,,Contract_Awards_PDFs/Tender_427246.pdf,1
tender,427246,belongs to project,project,pr0003,,Contract_Awards_PDFs/Tender_427246.pdf,1
company,co0077,was awarded,tender,427350,6486507.049,Contract_Awards_PDFs/Tender_427350.pdf,1
organization,og0050,awarded contract to,company,co0077,6486507.049,Contract_Awards_PDFs/Tender_427350.pdf,1
person,pp0093,approved award,tender,427350,Project Director,Contract_Awards_PDFs/Tender_427350.pdf,1
organization,og0050,part of,organization,og0002,,Contract_Awards_PDFs/Tender_427350.pdf,1
organization,og0002,part of,organization,og0001,,Contract_Awards_PDFs/Tender_427350.pdf,1
tender,427350,belongs to project,project,pr0048,,Contract_Awards_PDFs/Tender_427350.pdf,1
company,co0004,was awarded,tender,427858,2665436.400,Contract_Awards_PDFs/Tender_427858.pdf,1
organization,og0015,awarded contract to,company,co0004,2665436.400,Contract_Awards_PDFs/Tender_427858.pdf,1
person,pp0099,approved award,tender,427858,Project Director,Contract_Awards_PDFs/Tender_427858.pdf,1
organization,og0015,part of,organization,og0002,,Contract_Awards_PDFs/Tender_427858.pdf,1
organization,og0002,part of,organization,og0001,,Contract_Awards_PDFs/Tender_427858.pdf,1
tender,427858,belongs to project,project,pr0009,,Contract_Awards_PDFs/Tender_427858.pdf,1
company,co0174,was awarded,tender,427863,38993439.006,Contract_Awards_PDFs/Tender_427863.pdf,1
organization,og0015,awarded contract to,company,co0174,38993439.006,Contract_Awards_PDFs/Tender_427863.pdf,1
person,pp0099,approved award,tender,427863,Project Director,Contract_Awards_PDFs/Tender_427863.pdf,1
organization,og0015,part of,organization,og0002,,Contract_Awards_PDFs/Tender_427863.pdf,1
organization,og0002,part of,organization,og0001,,Contract_Awards_PDFs/Tender_427863.pdf,1
tender,427863,belongs to project,project,pr0009,,Contract_Awards_PDFs/Tender_427863.pdf,1
company,co0175,was awarded,tender,42800,3923174.101,Contract_Awards_PDFs/Tender_42800.pdf,1
organization,og0062,awarded contract to,company,co0175,3923174.101,Contract_Awards_PDFs/Tender_42800.pdf,1
person,pp0100,approved award,tender,42800,Executive Engineer,Contract_Awards_PDFs/Tender_42800.pdf,1
organization,og0062,part of,organization,og0028,,Contract_Awards_PDFs/Tender_42800.pdf,1
organization,og0028,part of,organization,og0027,,Contract_Awards_PDFs/Tender_42800.pdf,1
tender,42800,belongs to project,project,pr0067,,Contract_Awards_PDFs/Tender_42800.pdf,1
company,co0003,was awarded,tender,431689,25495255.777,Contract_Awards_PDFs/Tender_431689.pdf,1
organization,og0063,awarded contract to,company,co0003,25495255.777,Contract_Awards_PDFs/Tender_431689.pdf,1
person,pp0101,approved award,tender,431689,PD (Uttara 3rd Phase),Contract_Awards_PDFs/Tender_431689.pdf,1
organization,og0063,part of,organization,og0002,,Contract_Awards_PDFs/Tender_431689.pdf,1
organization,og0002,part of,organization,og0001,,Contract_Awards_PDFs/Tender_431689.pdf,1
tender,431689,belongs to project,project,pr0035,,Contract_Awards_PDFs/Tender_431689.pdf,1
company,co0176,was awarded,tender,431690,23185264.032,Contract_Awards_PDFs/Tender_431690.pdf,1
organization,og0063,awarded contract to,company,co0176,23185264.032,Contract_Awards_PDFs/Tender_431690.pdf,1
person,pp0101,approved award,tender,431690,PD (Uttara 3rd Phase),Contract_Awards_PDFs/Tender_431690.pdf,1
organization,og0063,part of,organization,og0002,,Contract_Awards_PDFs/Tender_431690.pdf,1
organization,og0002,part of,organization,og0001,,Contract_Awards_PDFs/Tender_431690.pdf,1
tender,431690,belongs to project,project,pr0035,,Contract_Awards_PDFs/Tender_431690.pdf,1
company,co0023,was awarded,tender,431692,25765686.207,Contract_Awards_PDFs/Tender_431692.pdf,1
organization,og0063,awarded contract to,company,co0023,25765686.207,Contract_Awards_PDFs/Tender_431692.pdf,1
person,pp0101,approved award,tender,431692,PD (Uttara 3rd Phase),Contract_Awards_PDFs/Tender_431692.pdf,1
organization,og0063,part of,organization,og0002,,Contract_Awards_PDFs/Tender_431692.pdf,1
organization,og0002,part of,organization,og0001,,Contract_Awards_PDFs/Tender_431692.pdf,1
tender,431692,belongs to project,project,pr0035,,Contract_Awards_PDFs/Tender_431692.pdf,1
company,co0003,was awarded,tender,431697,26794543.185,Contract_Awards_PDFs/Tender_431697.pdf,1
organization,og0063,awarded contract to,company,co0003,26794543.185,Contract_Awards_PDFs/Tender_431697.pdf,1
person,pp0101,approved award,tender,431697,PD (Uttara 3rd Phase),Contract_Awards_PDFs/Tender_431697.pdf,1
organization,og0063,part of,organization,og0002,,Contract_Awards_PDFs/Tender_431697.pdf,1
organization,og0002,part of,organization,og0001,,Contract_Awards_PDFs/Tender_431697.pdf,1
tender,431697,belongs to project,project,pr0035,,Contract_Awards_PDFs/Tender_431697.pdf,1
company,co0023,was awarded,tender,431699,26903358.882,Contract_Awards_PDFs/Tender_431699.pdf,1
organization,og0063,awarded contract to,company,co0023,26903358.882,Contract_Awards_PDFs/Tender_431699.pdf,1
person,pp0101,approved award,tender,431699,PD (Uttara 3rd Phase),Contract_Awards_PDFs/Tender_431699.pdf,1
organization,og0063,part of,organization,og0002,,Contract_Awards_PDFs/Tender_431699.pdf,1
organization,og0002,part of,organization,og0001,,Contract_Awards_PDFs/Tender_431699.pdf,1
tender,431699,belongs to project,project,pr0035,,Contract_Awards_PDFs/Tender_431699.pdf,1
company,co0019,was awarded,tender,431701,24082660.683,Contract_Awards_PDFs/Tender_431701.pdf,1
organization,og0063,awarded contract to,company,co0019,24082660.683,Contract_Awards_PDFs/Tender_431701.pdf,1
person,pp0101,approved award,tender,431701,PD (Uttara 3rd Phase),Contract_Awards_PDFs/Tender_431701.pdf,1
organization,og0063,part of,organization,og0002,,Contract_Awards_PDFs/Tender_431701.pdf,1
organization,og0002,part of,organization,og0001,,Contract_Awards_PDFs/Tender_431701.pdf,1
tender,431701,belongs to project,project,pr0035,,Contract_Awards_PDFs/Tender_431701.pdf,1
company,co0177,was awarded,tender,431702,23615131.509,Contract_Awards_PDFs/Tender_431702.pdf,1
organization,og0063,awarded contract to,company,co0177,23615131.509,Contract_Awards_PDFs/Tender_431702.pdf,1
person,pp0101,approved award,tender,431702,PD (Uttara 3rd Phase),Contract_Awards_PDFs/Tender_431702.pdf,1
organization,og0063,part of,organization,og0002,,Contract_Awards_PDFs/Tender_431702.pdf,1
organization,og0002,part of,organization,og0001,,Contract_Awards_PDFs/Tender_431702.pdf,1
tender,431702,belongs to project,project,pr0035,,Contract_Awards_PDFs/Tender_431702.pdf,1
company,co0025,was awarded,tender,431704,25662161.151,Contract_Awards_PDFs/Tender_431704.pdf,1
organization,og0063,awarded contract to,company,co0025,25662161.151,Contract_Awards_PDFs/Tender_431704.pdf,1
person,pp0101,approved award,tender,431704,PD (Uttara 3rd Phase),Contract_Awards_PDFs/Tender_431704.pdf,1
organization,og0063,part of,organization,og0002,,Contract_Awards_PDFs/Tender_431704.pdf,1
organization,og0002,part of,organization,og0001,,Contract_Awards_PDFs/Tender_431704.pdf,1
tender,431704,belongs to project,project,pr0035,,Contract_Awards_PDFs/Tender_431704.pdf,1
company,co0013,was awarded,tender,431706,25202342.493,Contract_Awards_PDFs/Tender_431706.pdf,1
organization,og0063,awarded contract to,company,co0013,25202342.493,Contract_Awards_PDFs/Tender_431706.pdf,1
person,pp0101,approved award,tender,431706,PD (Uttara 3rd Phase),Contract_Awards_PDFs/Tender_431706.pdf,1
organization,og0063,part of,organization,og0002,,Contract_Awards_PDFs/Tender_431706.pdf,1
organization,og0002,part of,organization,og0001,,Contract_Awards_PDFs/Tender_431706.pdf,1
tender,431706,belongs to project,project,pr0035,,Contract_Awards_PDFs/Tender_431706.pdf,1
company,co0003,was awarded,tender,431707,20671022.142,Contract_Awards_PDFs/Tender_431707.pdf,1
organization,og0063,awarded contract to,company,co0003,20671022.142,Contract_Awards_PDFs/Tender_431707.pdf,1
person,pp0101,approved award,tender,431707,PD (Uttara 3rd Phase),Contract_Awards_PDFs/Tender_431707.pdf,1
organization,og0063,part of,organization,og0002,,Contract_Awards_PDFs/Tender_431707.pdf,1
organization,og0002,part of,organization,og0001,,Contract_Awards_PDFs/Tender_431707.pdf,1
tender,431707,belongs to project,project,pr0035,,Contract_Awards_PDFs/Tender_431707.pdf,1
company,co0003,was awarded,tender,431708,20926797.750,Contract_Awards_PDFs/Tender_431708.pdf,1
organization,og0063,awarded contract to,company,co0003,20926797.750,Contract_Awards_PDFs/Tender_431708.pdf,1
person,pp0101,approved award,tender,431708,PD (Uttara 3rd Phase),Contract_Awards_PDFs/Tender_431708.pdf,1
organization,og0063,part of,organization,og0002,,Contract_Awards_PDFs/Tender_431708.pdf,1
organization,og0002,part of,organization,og0001,,Contract_Awards_PDFs/Tender_431708.pdf,1
tender,431708,belongs to project,project,pr0035,,Contract_Awards_PDFs/Tender_431708.pdf,1
company,co0178,was awarded,tender,436738,2656104.938,Contract_Awards_PDFs/Tender_436738.pdf,1
organization,og0026,awarded contract to,company,co0178,2656104.938,Contract_Awards_PDFs/Tender_436738.pdf,1
person,pp0020,approved award,tender,436738,Project Director,Contract_Awards_PDFs/Tender_436738.pdf,1
organization,og0026,part of,organization,og0009,,Contract_Awards_PDFs/Tender_436738.pdf,1
organization,og0009,part of,organization,og0001,,Contract_Awards_PDFs/Tender_436738.pdf,1
tender,436738,belongs to project,project,pr0003,,Contract_Awards_PDFs/Tender_436738.pdf,1
company,co0179,was awarded,tender,446283,5407490.335,Contract_Awards_PDFs/Tender_446283.pdf,1
organization,og0020,awarded contract to,company,co0179,5407490.335,Contract_Awards_PDFs/Tender_446283.pdf,1
person,pp0094,approved award,tender,446283,Member (Engineer),Contract_Awards_PDFs/Tender_446283.pdf,1
organization,og0020,part of,organization,og0020,,Contract_Awards_PDFs/Tender_446283.pdf,1
organization,og0020,part of,organization,og0001,,Contract_Awards_PDFs/Tender_446283.pdf,1
tender,446283,belongs to project,project,pr0003,,Contract_Awards_PDFs/Tender_446283.pdf,1
company,co0180,was awarded,tender,446869,68731670.637,Contract_Awards_PDFs/Tender_446869.pdf,1
organization,og0006,awarded contract to,company,co0180,68731670.637,Contract_Awards_PDFs/Tender_446869.pdf,1
person,pp0003,approved award,tender,446869,PD (9apt),Contract_Awards_PDFs/Tender_446869.pdf,1
organization,og0006,part of,organization,og0002,,Contract_Awards_PDFs/Tender_446869.pdf,1
organization,og0002,part of,organization,og0001,,Contract_Awards_PDFs/Tender_446869.pdf,1
tender,446869,belongs to project,project,pr0062,,Contract_Awards_PDFs/Tender_446869.pdf,1
company,co0180,was awarded,tender,447380,353523936.294,Contract_Awards_PDFs/Tender_447380.pdf,1
organization,og0006,awarded contract to,company,co0180,353523936.294,Contract_Awards_PDFs/Tender_447380.pdf,1
person,pp0003,approved award,tender,447380,PD (9apt),Contract_Awards_PDFs/Tender_447380.pdf,1
organization,og0006,part of,organization,og0002,,Contract_Awards_PDFs/Tender_447380.pdf,1
organization,og0002,part of,organization,og0001,,Contract_Awards_PDFs/Tender_447380.pdf,1
tender,447380,belongs to project,project,pr0062,,Contract_Awards_PDFs/Tender_447380.pdf,1
company,co0054,was awarded,tender,448324,929999504.713,Contract_Awards_PDFs/Tender_448324.pdf,1
organization,og0020,awarded contract to,company,co0054,929999504.713,Contract_Awards_PDFs/Tender_448324.pdf,1
person,pp0094,approved award,tender,448324,Member (Engineer),Contract_Awards_PDFs/Tender_448324.pdf,1
organization,og0020,part of,organization,og0020,,Contract_Awards_PDFs/Tender_448324.pdf,1
organization,og0020,part of,organization,og0001,,Contract_Awards_PDFs/Tender_448324.pdf,1
tender,448324,belongs to project,project,pr0068,,Contract_Awards_PDFs/Tender_448324.pdf,1
company,co0181,was awarded,tender,448675,1355352.031,Contract_Awards_PDFs/Tender_448675.pdf,1
organization,og0017,awarded contract to,company,co0181,1355352.031,Contract_Awards_PDFs/Tender_448675.pdf,1
person,pp0056,approved award,tender,448675,Assistant Programmer,Contract_Awards_PDFs/Tender_448675.pdf,1
organization,og0017,part of,organization,og0016,,Contract_Awards_PDFs/Tender_448675.pdf,1
organization,og0016,part of,organization,og0001,,Contract_Awards_PDFs/Tender_448675.pdf,1
tender,448675,belongs to project,project,pr0003,,Contract_Awards_PDFs/Tender_448675.pdf,1
company,co0089,was awarded,tender,459665,3102817.500,Contract_Awards_PDFs/Tender_459665.pdf,1
organization,og0064,awarded contract to,company,co0089,3102817.500,Contract_Awards_PDFs/Tender_459665.pdf,1
person,pp0102,approved award,tender,459665,Executive Engineer (Works),Contract_Awards_PDFs/Tender_459665.pdf,1
organization,og0064,part of,organization,og0016,,Contract_Awards_PDFs/Tender_459665.pdf,1
organization,og0016,part of,organization,og0001,,Contract_Awards_PDFs/Tender_459665.pdf,1
tender,459665,belongs to project,project,pr0003,,Contract_Awards_PDFs/Tender_459665.pdf,1
company,co0081,was awarded,tender,461085,18450000.001,Contract_Awards_PDFs/Tender_461085.pdf,1
organization,og0020,awarded contract to,company,co0081,18450000.001,Contract_Awards_PDFs/Tender_461085.pdf,1
person,pp0094,approved award,tender,461085,Member (Engineer),Contract_Awards_PDFs/Tender_461085.pdf,1
organization,og0020,part of,organization,og0020,,Contract_Awards_PDFs/Tender_461085.pdf,1
organization,og0020,part of,organization,og0001,,Contract_Awards_PDFs/Tender_461085.pdf,1
tender,461085,belongs to project,project,pr0068,,Contract_Awards_PDFs/Tender_461085.pdf,1
company,co0081,was awarded,tender,461209,17250000.001,Contract_Awards_PDFs/Tender_461209.pdf,1
organization,og0020,awarded contract to,company,co0081,17250000.001,Contract_Awards_PDFs/Tender_461209.pdf,1
person,pp0094,approved award,tender,461209,Member (Engineer),Contract_Awards_PDFs/Tender_461209.pdf,1
organization,og0020,part of,organization,og0020,,Contract_Awards_PDFs/Tender_461209.pdf,1
organization,og0020,part of,organization,og0001,,Contract_Awards_PDFs/Tender_461209.pdf,1
tender,461209,belongs to project,project,pr0068,,Contract_Awards_PDFs/Tender_461209.pdf,1
company,co0182,was awarded,tender,471795,2661750.000,Contract_Awards_PDFs/Tender_471795.pdf,1
organization,og0020,awarded contract to,company,co0182,2661750.000,Contract_Awards_PDFs/Tender_471795.pdf,1
person,pp0094,approved award,tender,471795,Member (Engineer),Contract_Awards_PDFs/Tender_471795.pdf,1
organization,og0020,part of,organization,og0020,,Contract_Awards_PDFs/Tender_471795.pdf,1
organization,og0020,part of,organization,og0001,,Contract_Awards_PDFs/Tender_471795.pdf,1
tender,471795,belongs to project,project,pr0003,,Contract_Awards_PDFs/Tender_471795.pdf,1
company,co0183,was awarded,tender,475789,2400000.030,Contract_Awards_PDFs/Tender_475789.pdf,1
organization,og0050,awarded contract to,company,co0183,2400000.030,Contract_Awards_PDFs/Tender_475789.pdf,1
person,pp0093,approved award,tender,475789,Project Director,Contract_Awards_PDFs/Tender_475789.pdf,1
organization,og0050,part of,organization,og0002,,Contract_Awards_PDFs/Tender_475789.pdf,1
organization,og0002,part of,organization,og0001,,Contract_Awards_PDFs/Tender_475789.pdf,1
tender,475789,belongs to project,project,pr0048,,Contract_Awards_PDFs/Tender_475789.pdf,1
company,co0184,was awarded,tender,476403,64618703.100,Contract_Awards_PDFs/Tender_476403.pdf,1
organization,og0023,awarded contract to,company,co0184,64618703.100,Contract_Awards_PDFs/Tender_476403.pdf,1
person,pp0010,approved award,tender,476403,PD (Jhilmil),Contract_Awards_PDFs/Tender_476403.pdf,1
organization,og0023,part of,organization,og0002,,Contract_Awards_PDFs/Tender_476403.pdf,1
organization,og0002,part of,organization,og0001,,Contract_Awards_PDFs/Tender_476403.pdf,1
tender,476403,belongs to project,project,pr0017,,Contract_Awards_PDFs/Tender_476403.pdf,1
company,co0185,was awarded,tender,476405,113395366.620,Contract_Awards_PDFs/Tender_476405.pdf,1
organization,og0023,awarded contract to,company,co0185,113395366.620,Contract_Awards_PDFs/Tender_476405.pdf,1
person,pp0010,approved award,tender,476405,PD (Jhilmil),Contract_Awards_PDFs/Tender_476405.pdf,1
organization,og0023,part of,organization,og0002,,Contract_Awards_PDFs/Tender_476405.pdf,1
organization,og0002,part of,organization,og0001,,Contract_Awards_PDFs/Tender_476405.pdf,1
tender,476405,belongs to project,project,pr0017,,Contract_Awards_PDFs/Tender_476405.pdf,1
company,co0186,was awarded,tender,476406,80227876.122,Contract_Awards_PDFs/Tender_476406.pdf,1
organization,og0023,awarded contract to,company,co0186,80227876.122,Contract_Awards_PDFs/Tender_476406.pdf,1
person,pp0010,approved award,tender,476406,PD (Jhilmil),Contract_Awards_PDFs/Tender_476406.pdf,1
organization,og0023,part of,organization,og0002,,Contract_Awards_PDFs/Tender_476406.pdf,1
organization,og0002,part of,organization,og0001,,Contract_Awards_PDFs/Tender_476406.pdf,1
tender,476406,belongs to project,project,pr0017,,Contract_Awards_PDFs/Tender_476406.pdf,1
company,co0187,was awarded,tender,476407,42435114.903,Contract_Awards_PDFs/Tender_476407.pdf,1
organization,og0023,awarded contract to,company,co0187,42435114.903,Contract_Awards_PDFs/Tender_476407.pdf,1
person,pp0010,approved award,tender,476407,PD (Jhilmil),Contract_Awards_PDFs/Tender_476407.pdf,1
organization,og0023,part of,organization,og0002,,Contract_Awards_PDFs/Tender_476407.pdf,1
organization,og0002,part of,organization,og0001,,Contract_Awards_PDFs/Tender_476407.pdf,1
tender,476407,belongs to project,project,pr0017,,Contract_Awards_PDFs/Tender_476407.pdf,1
company,co0188,was awarded,tender,479604,122709753.774,Contract_Awards_PDFs/Tender_479604.pdf,1
organization,og0006,awarded contract to,company,co0188,122709753.774,Contract_Awards_PDFs/Tender_479604.pdf,1
person,pp0003,approved award,tender,479604,PD (9apt),Contract_Awards_PDFs/Tender_479604.pdf,1
organization,og0006,part of,organization,og0002,,Contract_Awards_PDFs/Tender_479604.pdf,1
organization,og0002,part of,organization,og0001,,Contract_Awards_PDFs/Tender_479604.pdf,1
tender,479604,belongs to project,project,pr0062,,Contract_Awards_PDFs/Tender_479604.pdf,1
company,co0189,was awarded,tender,494177,7412897.946,Contract_Awards_PDFs/Tender_494177.pdf,1
organization,og0050,awarded contract to,company,co0189,7412897.946,Contract_Awards_PDFs/Tender_494177.pdf,1
person,pp0093,approved award,tender,494177,Project Director,Contract_Awards_PDFs/Tender_494177.pdf,1
organization,og0050,part of,organization,og0002,,Contract_Awards_PDFs/Tender_494177.pdf,1
organization,og0002,part of,organization,og0001,,Contract_Awards_PDFs/Tender_494177.pdf,1
tender,494177,belongs to project,project,pr0048,,Contract_Awards_PDFs/Tender_494177.pdf,1
company,co0142,was awarded,tender,501707,2617523.059,Contract_Awards_PDFs/Tender_501707.pdf,1
organization,og0065,awarded contract to,company,co0142,2617523.059,Contract_Awards_PDFs/Tender_501707.pdf,1
person,pp0103,approved award,tender,501707,Executive Engineer,Contract_Awards_PDFs/Tender_501707.pdf,1
organization,og0065,part of,organization,og0009,,Contract_Awards_PDFs/Tender_501707.pdf,1
organization,og0009,part of,organization,og0001,,Contract_Awards_PDFs/Tender_501707.pdf,1
tender,501707,belongs to project,project,pr0003,,Contract_Awards_PDFs/Tender_501707.pdf,1
company,co0190,was awarded,tender,501956,14550362.496,Contract_Awards_PDFs/Tender_501956.pdf,1
organization,og0012,awarded contract to,company,co0190,14550362.496,Contract_Awards_PDFs/Tender_501956.pdf,1
person,pp0004,approved award,tender,501956,PD (Uttara Appartment),Contract_Awards_PDFs/Tender_501956.pdf,1
organization,og0012,part of,organization,og0002,,Contract_Awards_PDFs/Tender_501956.pdf,1
organization,og0002,part of,organization,og0001,,Contract_Awards_PDFs/Tender_501956.pdf,1
tender,501956,belongs to project,project,pr0041,,Contract_Awards_PDFs/Tender_501956.pdf,1
company,co0191,was awarded,tender,504349,2253274.281,Contract_Awards_PDFs/Tender_504349.pdf,1
organization,og0065,awarded contract to,company,co0191,2253274.281,Contract_Awards_PDFs/Tender_504349.pdf,1
person,pp0103,approved award,tender,504349,Executive Engineer,Contract_Awards_PDFs/Tender_504349.pdf,1
organization,og0065,part of,organization,og0009,,Contract_Awards_PDFs/Tender_504349.pdf,1
organization,og0009,part of,organization,og0001,,Contract_Awards_PDFs/Tender_504349.pdf,1
tender,504349,belongs to project,project,pr0003,,Contract_Awards_PDFs/Tender_504349.pdf,1
company,co0192,was awarded,tender,504351,1902004.500,Contract_Awards_PDFs/Tender_504351.pdf,1
organization,og0065,awarded contract to,company,co0192,1902004.500,Contract_Awards_PDFs/Tender_504351.pdf,1
person,pp0103,approved award,tender,504351,Executive Engineer,Contract_Awards_PDFs/Tender_504351.pdf,1
organization,og0065,part of,organization,og0009,,Contract_Awards_PDFs/Tender_504351.pdf,1
organization,og0009,part of,organization,og0001,,Contract_Awards_PDFs/Tender_504351.pdf,1
tender,504351,belongs to project,project,pr0003,,Contract_Awards_PDFs/Tender_504351.pdf,1
company,co0193,was awarded,tender,505037,28756845.900,Contract_Awards_PDFs/Tender_505037.pdf,1
organization,og0015,awarded contract to,company,co0193,28756845.900,Contract_Awards_PDFs/Tender_505037.pdf,1
person,pp0099,approved award,tender,505037,Project Director,Contract_Awards_PDFs/Tender_505037.pdf,1
organization,og0015,part of,organization,og0002,,Contract_Awards_PDFs/Tender_505037.pdf,1
organization,og0002,part of,organization,og0001,,Contract_Awards_PDFs/Tender_505037.pdf,1
tender,505037,belongs to project,project,pr0009,,Contract_Awards_PDFs/Tender_505037.pdf,1
company,co0004,was awarded,tender,507537,2245665.168,Contract_Awards_PDFs/Tender_507537.pdf,1
organization,og0003,awarded contract to,company,co0004,2245665.168,Contract_Awards_PDFs/Tender_507537.pdf,1
person,pp0099,approved award,tender,507537,Superintending Engineer,Contract_Awards_PDFs/Tender_507537.pdf,1
organization,og0003,part of,organization,og0002,,Contract_Awards_PDFs/Tender_507537.pdf,1
organization,og0002,part of,organization,og0001,,Contract_Awards_PDFs/Tender_507537.pdf,1
tender,507537,belongs to project,project,pr0001,,Contract_Awards_PDFs/Tender_507537.pdf,1
company,co0194,was awarded,tender,509251,834238358.785,Contract_Awards_PDFs/Tender_509251.pdf,1
organization,og0020,awarded contract to,company,co0194,834238358.785,Contract_Awards_PDFs/Tender_509251.pdf,1
person,pp0094,approved award,tender,509251,Member (Engineer),Contract_Awards_PDFs/Tender_509251.pdf,1
organization,og0020,part of,organization,og0020,,Contract_Awards_PDFs/Tender_509251.pdf,1
organization,og0020,part of,organization,og0001,,Contract_Awards_PDFs/Tender_509251.pdf,1
tender,509251,belongs to project,project,pr0068,,Contract_Awards_PDFs/Tender_509251.pdf,1
company,co0195,was awarded,tender,510186,1437851.259,Contract_Awards_PDFs/Tender_510186.pdf,1
organization,og0007,awarded contract to,company,co0195,1437851.259,Contract_Awards_PDFs/Tender_510186.pdf,1
person,pp0004,approved award,tender,510186,Superintending Engineer,Contract_Awards_PDFs/Tender_510186.pdf,1
organization,og0007,part of,organization,og0002,,Contract_Awards_PDFs/Tender_510186.pdf,1
organization,og0002,part of,organization,og0001,,Contract_Awards_PDFs/Tender_510186.pdf,1
tender,510186,belongs to project,project,pr0069,,Contract_Awards_PDFs/Tender_510186.pdf,1
company,co0196,was awarded,tender,514221,1045150.240,Contract_Awards_PDFs/Tender_514221.pdf,1
organization,og0038,awarded contract to,company,co0196,1045150.240,Contract_Awards_PDFs/Tender_514221.pdf,1
person,pp0069,approved award,tender,514221,System Analyst,Contract_Awards_PDFs/Tender_514221.pdf,1
organization,og0038,part of,organization,og0009,,Contract_Awards_PDFs/Tender_514221.pdf,1
organization,og0009,part of,organization,og0001,,Contract_Awards_PDFs/Tender_514221.pdf,1
tender,514221,belongs to project,project,pr0003,,Contract_Awards_PDFs/Tender_514221.pdf,1
company,co0016,was awarded,tender,514341,5534014.518,Contract_Awards_PDFs/Tender_514341.pdf,1
organization,og0007,awarded contract to,company,co0016,5534014.518,Contract_Awards_PDFs/Tender_514341.pdf,1
person,pp0004,approved award,tender,514341,Superintending Engineer,Contract_Awards_PDFs/Tender_514341.pdf,1
organization,og0007,part of,organization,og0002,,Contract_Awards_PDFs/Tender_514341.pdf,1
organization,og0002,part of,organization,og0001,,Contract_Awards_PDFs/Tender_514341.pdf,1
tender,514341,belongs to project,project,pr0001,,Contract_Awards_PDFs/Tender_514341.pdf,1
company,co0197,was awarded,tender,514343,4165651.890,Contract_Awards_PDFs/Tender_514343.pdf,1
organization,og0007,awarded contract to,company,co0197,4165651.890,Contract_Awards_PDFs/Tender_514343.pdf,1
person,pp0004,approved award,tender,514343,Superintending Engineer,Contract_Awards_PDFs/Tender_514343.pdf,1
organization,og0007,part of,organization,og0002,,Contract_Awards_PDFs/Tender_514343.pdf,1
organization,og0002,part of,organization,og0001,,Contract_Awards_PDFs/Tender_514343.pdf,1
tender,514343,belongs to project,project,pr0001,,Contract_Awards_PDFs/Tender_514343.pdf,1
company,co0198,was awarded,tender,515366,2803601.934,Contract_Awards_PDFs/Tender_515366.pdf,1
organization,og0065,awarded contract to,company,co0198,2803601.934,Contract_Awards_PDFs/Tender_515366.pdf,1
person,pp0103,approved award,tender,515366,Executive Engineer,Contract_Awards_PDFs/Tender_515366.pdf,1
organization,og0065,part of,organization,og0009,,Contract_Awards_PDFs/Tender_515366.pdf,1
organization,og0009,part of,organization,og0001,,Contract_Awards_PDFs/Tender_515366.pdf,1
tender,515366,belongs to project,project,pr0003,,Contract_Awards_PDFs/Tender_515366.pdf,1
company,co0053,was awarded,tender,517916,4270323.600,Contract_Awards_PDFs/Tender_517916.pdf,1
organization,og0011,awarded contract to,company,co0053,4270323.600,Contract_Awards_PDFs/Tender_517916.pdf,1
person,pp0104,approved award,tender,517916,Sup. Eng. (Elec.),Contract_Awards_PDFs/Tender_517916.pdf,1
organization,og0011,part of,organization,og0002,,Contract_Awards_PDFs/Tender_517916.pdf,1
organization,og0002,part of,organization,og0001,,Contract_Awards_PDFs/Tender_517916.pdf,1
tender,517916,belongs to project,project,pr0070,,Contract_Awards_PDFs/Tender_517916.pdf,1
company,co0199,was awarded,tender,519402,1975027.986,Contract_Awards_PDFs/Tender_519402.pdf,1
organization,og0065,awarded contract to,company,co0199,1975027.986,Contract_Awards_PDFs/Tender_519402.pdf,1
person,pp0103,approved award,tender,519402,Executive Engineer,Contract_Awards_PDFs/Tender_519402.pdf,1
organization,og0065,part of,organization,og0009,,Contract_Awards_PDFs/Tender_519402.pdf,1
organization,og0009,part of,organization,og0001,,Contract_Awards_PDFs/Tender_519402.pdf,1
tender,519402,belongs to project,project,pr0003,,Contract_Awards_PDFs/Tender_519402.pdf,1
company,co0142,was awarded,tender,523954,834739.300,Contract_Awards_PDFs/Tender_523954.pdf,1
organization,og0057,awarded contract to,company,co0142,834739.300,Contract_Awards_PDFs/Tender_523954.pdf,1
person,pp0024,approved award,tender,523954,Project Director,Contract_Awards_PDFs/Tender_523954.pdf,1
organization,og0057,part of,organization,og0009,,Contract_Awards_PDFs/Tender_523954.pdf,1
organization,og0009,part of,organization,og0001,,Contract_Awards_PDFs/Tender_523954.pdf,1
tender,523954,belongs to project,project,pr0003,,Contract_Awards_PDFs/Tender_523954.pdf,1
company,co0173,was awarded,tender,528460,1264004.700,Contract_Awards_PDFs/Tender_528460.pdf,1
organization,og0020,awarded contract to,company,co0173,1264004.700,Contract_Awards_PDFs/Tender_528460.pdf,1
person,pp0094,approved award,tender,528460,Member (Engineer),Contract_Awards_PDFs/Tender_528460.pdf,1
organization,og0020,part of,organization,og0020,,Contract_Awards_PDFs/Tender_528460.pdf,1
organization,og0020,part of,organization,og0001,,Contract_Awards_PDFs/Tender_528460.pdf,1
tender,528460,belongs to project,project,pr0003,,Contract_Awards_PDFs/Tender_528460.pdf,1
company,co0200,was awarded,tender,528756,52620082.200,Contract_Awards_PDFs/Tender_528756.pdf,1
organization,og0015,awarded contract to,company,co0200,52620082.200,Contract_Awards_PDFs/Tender_528756.pdf,1
person,pp0099,approved award,tender,528756,Project Director,Contract_Awards_PDFs/Tender_528756.pdf,1
organization,og0015,part of,organization,og0002,,Contract_Awards_PDFs/Tender_528756.pdf,1
organization,og0002,part of,organization,og0001,,Contract_Awards_PDFs/Tender_528756.pdf,1
tender,528756,belongs to project,project,pr0009,,Contract_Awards_PDFs/Tender_528756.pdf,1
company,co0201,was awarded,tender,528758,54897254.622,Contract_Awards_PDFs/Tender_528758.pdf,1
organization,og0015,awarded contract to,company,co0201,54897254.622,Contract_Awards_PDFs/Tender_528758.pdf,1
person,pp0099,approved award,tender,528758,Project Director,Contract_Awards_PDFs/Tender_528758.pdf,1
organization,og0015,part of,organization,og0002,,Contract_Awards_PDFs/Tender_528758.pdf,1
organization,og0002,part of,organization,og0001,,Contract_Awards_PDFs/Tender_528758.pdf,1
tender,528758,belongs to project,project,pr0009,,Contract_Awards_PDFs/Tender_528758.pdf,1
company,co0202,was awarded,tender,535709,112616351.154,Contract_Awards_PDFs/Tender_535709.pdf,1
organization,og0015,awarded contract to,company,co0202,112616351.154,Contract_Awards_PDFs/Tender_535709.pdf,1
person,pp0099,approved award,tender,535709,Project Director,Contract_Awards_PDFs/Tender_535709.pdf,1
organization,og0015,part of,organization,og0002,,Contract_Awards_PDFs/Tender_535709.pdf,1
organization,og0002,part of,organization,og0001,,Contract_Awards_PDFs/Tender_535709.pdf,1
tender,535709,belongs to project,project,pr0009,,Contract_Awards_PDFs/Tender_535709.pdf,1
company,co0165,was awarded,tender,535710,65409834.609,Contract_Awards_PDFs/Tender_535710.pdf,1
organization,og0015,awarded contract to,company,co0165,65409834.609,Contract_Awards_PDFs/Tender_535710.pdf,1
person,pp0099,approved award,tender,535710,Project Director,Contract_Awards_PDFs/Tender_535710.pdf,1
organization,og0015,part of,organization,og0002,,Contract_Awards_PDFs/Tender_535710.pdf,1
organization,og0002,part of,organization,og0001,,Contract_Awards_PDFs/Tender_535710.pdf,1
tender,535710,belongs to project,project,pr0009,,Contract_Awards_PDFs/Tender_535710.pdf,1
company,co0203,was awarded,tender,535712,68842749.996,Contract_Awards_PDFs/Tender_535712.pdf,1
organization,og0015,awarded contract to,company,co0203,68842749.996,Contract_Awards_PDFs/Tender_535712.pdf,1
person,pp0099,approved award,tender,535712,Project Director,Contract_Awards_PDFs/Tender_535712.pdf,1
organization,og0015,part of,organization,og0002,,Contract_Awards_PDFs/Tender_535712.pdf,1
organization,og0002,part of,organization,og0001,,Contract_Awards_PDFs/Tender_535712.pdf,1
tender,535712,belongs to project,project,pr0009,,Contract_Awards_PDFs/Tender_535712.pdf,1
company,co0001,was awarded,tender,535719,148210528.212,Contract_Awards_PDFs/Tender_535719.pdf,1
organization,og0015,awarded contract to,company,co0001,148210528.212,Contract_Awards_PDFs/Tender_535719.pdf,1
person,pp0099,approved award,tender,535719,Project Director,Contract_Awards_PDFs/Tender_535719.pdf,1
organization,og0015,part of,organization,og0002,,Contract_Awards_PDFs/Tender_535719.pdf,1
organization,og0002,part of,organization,og0001,,Contract_Awards_PDFs/Tender_535719.pdf,1
tender,535719,belongs to project,project,pr0009,,Contract_Awards_PDFs/Tender_535719.pdf,1
company,co0014,was awarded,tender,536842,517536.192,Contract_Awards_PDFs/Tender_536842.pdf,1
organization,og0011,awarded contract to,company,co0014,517536.192,Contract_Awards_PDFs/Tender_536842.pdf,1
person,pp0104,approved award,tender,536842,Sup. Eng. (Elec.),Contract_Awards_PDFs/Tender_536842.pdf,1
organization,og0011,part of,organization,og0002,,Contract_Awards_PDFs/Tender_536842.pdf,1
organization,og0002,part of,organization,og0001,,Contract_Awards_PDFs/Tender_536842.pdf,1
tender,536842,belongs to project,project,pr0055,,Contract_Awards_PDFs/Tender_536842.pdf,1
company,co0053,was awarded,tender,536846,1634709.600,Contract_Awards_PDFs/Tender_536846.pdf,1
organization,og0011,awarded contract to,company,co0053,1634709.600,Contract_Awards_PDFs/Tender_536846.pdf,1
person,pp0104,approved award,tender,536846,Sup. Eng. (Elec.),Contract_Awards_PDFs/Tender_536846.pdf,1
organization,og0011,part of,organization,og0002,,Contract_Awards_PDFs/Tender_536846.pdf,1
organization,og0002,part of,organization,og0001,,Contract_Awards_PDFs/Tender_536846.pdf,1
tender,536846,belongs to project,project,pr0006,,Contract_Awards_PDFs/Tender_536846.pdf,1
company,co0204,was awarded,tender,538256,960108457.968,Contract_Awards_PDFs/Tender_538256.pdf,1
organization,og0066,awarded contract to,company,co0204,960108457.968,Contract_Awards_PDFs/Tender_538256.pdf,1
person,pp0105,approved award,tender,538256,Chief Engineer,Contract_Awards_PDFs/Tender_538256.pdf,1
organization,og0066,part of,organization,og0009,,Contract_Awards_PDFs/Tender_538256.pdf,1
organization,og0009,part of,organization,og0001,,Contract_Awards_PDFs/Tender_538256.pdf,1
tender,538256,belongs to project,project,pr0071,,Contract_Awards_PDFs/Tender_538256.pdf,1
company,co0205,was awarded,tender,539744,2261891.109,Contract_Awards_PDFs/Tender_539744.pdf,1
organization,og0057,awarded contract to,company,co0205,2261891.109,Contract_Awards_PDFs/Tender_539744.pdf,1
person,pp0024,approved award,tender,539744,Project Director,Contract_Awards_PDFs/Tender_539744.pdf,1
organization,og0057,part of,organization,og0009,,Contract_Awards_PDFs/Tender_539744.pdf,1
organization,og0009,part of,organization,og0001,,Contract_Awards_PDFs/Tender_539744.pdf,1
tender,539744,belongs to project,project,pr0003,,Contract_Awards_PDFs/Tender_539744.pdf,1
company,co0206,was awarded,tender,548292,13553745.034,Contract_Awards_PDFs/Tender_548292.pdf,1
organization,og0020,awarded contract to,company,co0206,13553745.034,Contract_Awards_PDFs/Tender_548292.pdf,1
person,pp0106,approved award,tender,548292,Member (Engineer),Contract_Awards_PDFs/Tender_548292.pdf,1
organization,og0020,part of,organization,og0020,,Contract_Awards_PDFs/Tender_548292.pdf,1
organization,og0020,part of,organization,og0001,,Contract_Awards_PDFs/Tender_548292.pdf,1
tender,548292,belongs to project,project,pr0072,,Contract_Awards_PDFs/Tender_548292.pdf,1
company,co0206,was awarded,tender,548589,39928546.005,Contract_Awards_PDFs/Tender_548589.pdf,1
organization,og0020,awarded contract to,company,co0206,39928546.005,Contract_Awards_PDFs/Tender_548589.pdf,1
person,pp0106,approved award,tender,548589,Member (Engineer),Contract_Awards_PDFs/Tender_548589.pdf,1
organization,og0020,part of,organization,og0020,,Contract_Awards_PDFs/Tender_548589.pdf,1
organization,og0020,part of,organization,og0001,,Contract_Awards_PDFs/Tender_548589.pdf,1
tender,548589,belongs to project,project,pr0072,,Contract_Awards_PDFs/Tender_548589.pdf,1
company,co0206,was awarded,tender,549164,16229321.450,Contract_Awards_PDFs/Tender_549164.pdf,1
organization,og0020,awarded contract to,company,co0206,16229321.450,Contract_Awards_PDFs/Tender_549164.pdf,1
person,pp0106,approved award,tender,549164,Member (Engineer),Contract_Awards_PDFs/Tender_549164.pdf,1
organization,og0020,part of,organization,og0020,,Contract_Awards_PDFs/Tender_549164.pdf,1
organization,og0020,part of,organization,og0001,,Contract_Awards_PDFs/Tender_549164.pdf,1
tender,549164,belongs to project,project,pr0072,,Contract_Awards_PDFs/Tender_549164.pdf,1
company,co0077,was awarded,tender,549299,21843451.710,Contract_Awards_PDFs/Tender_549299.pdf,1
organization,og0020,awarded contract to,company,co0077,21843451.710,Contract_Awards_PDFs/Tender_549299.pdf,1
person,pp0106,approved award,tender,549299,Member (Engineer),Contract_Awards_PDFs/Tender_549299.pdf,1
organization,og0020,part of,organization,og0020,,Contract_Awards_PDFs/Tender_549299.pdf,1
organization,og0020,part of,organization,og0001,,Contract_Awards_PDFs/Tender_549299.pdf,1
tender,549299,belongs to project,project,pr0068,,Contract_Awards_PDFs/Tender_549299.pdf,1
company,co0077,was awarded,tender,549431,84781759.860,Contract_Awards_PDFs/Tender_549431.pdf,1
organization,og0020,awarded contract to,company,co0077,84781759.860,Contract_Awards_PDFs/Tender_549431.pdf,1
person,pp0106,approved award,tender,549431,Member (Engineer),Contract_Awards_PDFs/Tender_549431.pdf,1
organization,og0020,part of,organization,og0020,,Contract_Awards_PDFs/Tender_549431.pdf,1
organization,og0020,part of,organization,og0001,,Contract_Awards_PDFs/Tender_549431.pdf,1
tender,549431,belongs to project,project,pr0068,,Contract_Awards_PDFs/Tender_549431.pdf,1
company,co0182,was awarded,tender,550266,5912816.094,Contract_Awards_PDFs/Tender_550266.pdf,1
organization,og0020,awarded contract to,company,co0182,5912816.094,Contract_Awards_PDFs/Tender_550266.pdf,1
person,pp0106,approved award,tender,550266,Member (Engineer),Contract_Awards_PDFs/Tender_550266.pdf,1
organization,og0020,part of,organization,og0020,,Contract_Awards_PDFs/Tender_550266.pdf,1
organization,og0020,part of,organization,og0001,,Contract_Awards_PDFs/Tender_550266.pdf,1
tender,550266,belongs to project,project,pr0003,,Contract_Awards_PDFs/Tender_550266.pdf,1
company,co0182,was awarded,tender,550267,999483.110,Contract_Awards_PDFs/Tender_550267.pdf,1
organization,og0020,awarded contract to,company,co0182,999483.110,Contract_Awards_PDFs/Tender_550267.pdf,1
person,pp0106,approved award,tender,550267,Member (Engineer),Contract_Awards_PDFs/Tender_550267.pdf,1
organization,og0020,part of,organization,og0020,,Contract_Awards_PDFs/Tender_550267.pdf,1
organization,og0020,part of,organization,og0001,,Contract_Awards_PDFs/Tender_550267.pdf,1
tender,550267,belongs to project,project,pr0003,,Contract_Awards_PDFs/Tender_550267.pdf,1
company,co0207,was awarded,tender,561734,438000.002,Contract_Awards_PDFs/Tender_561734.pdf,1
organization,og0017,awarded contract to,company,co0207,438000.002,Contract_Awards_PDFs/Tender_561734.pdf,1
person,pp0107,approved award,tender,561734,Assistant Programmer,Contract_Awards_PDFs/Tender_561734.pdf,1
organization,og0017,part of,organization,og0016,,Contract_Awards_PDFs/Tender_561734.pdf,1
organization,og0016,part of,organization,og0001,,Contract_Awards_PDFs/Tender_561734.pdf,1
tender,561734,belongs to project,project,pr0003,,Contract_Awards_PDFs/Tender_561734.pdf,1
company,co0039,was awarded,tender,564502,4094175.038,Contract_Awards_PDFs/Tender_564502.pdf,1
organization,og0050,awarded contract to,company,co0039,4094175.038,Contract_Awards_PDFs/Tender_564502.pdf,1
person,pp0093,approved award,tender,564502,Project Director,Contract_Awards_PDFs/Tender_564502.pdf,1
organization,og0050,part of,organization,og0002,,Contract_Awards_PDFs/Tender_564502.pdf,1
organization,og0002,part of,organization,og0001,,Contract_Awards_PDFs/Tender_564502.pdf,1
tender,564502,belongs to project,project,pr0048,,Contract_Awards_PDFs/Tender_564502.pdf,1
company,co0208,was awarded,tender,577378,1982306.851,Contract_Awards_PDFs/Tender_577378.pdf,1
organization,og0020,awarded contract to,company,co0208,1982306.851,Contract_Awards_PDFs/Tender_577378.pdf,1
person,pp0106,approved award,tender,577378,Member (Engineer),Contract_Awards_PDFs/Tender_577378.pdf,1
organization,og0020,part of,organization,og0020,,Contract_Awards_PDFs/Tender_577378.pdf,1
organization,og0020,part of,organization,og0001,,Contract_Awards_PDFs/Tender_577378.pdf,1
tender,577378,belongs to project,project,pr0072,,Contract_Awards_PDFs/Tender_577378.pdf,1
company,co0209,was awarded,tender,581310,1434577898.254,Contract_Awards_PDFs/Tender_581310.pdf,1
organization,og0067,awarded contract to,company,co0209,1434577898.254,Contract_Awards_PDFs/Tender_581310.pdf,1
person,pp0102,approved award,tender,581310,Project Director,Contract_Awards_PDFs/Tender_581310.pdf,1
organization,og0067,part of,organization,og0016,,Contract_Awards_PDFs/Tender_581310.pdf,1
organization,og0016,part of,organization,og0001,,Contract_Awards_PDFs/Tender_581310.pdf,1
tender,581310,belongs to project,project,pr0073,,Contract_Awards_PDFs/Tender_581310.pdf,1
company,co0210,was awarded,tender,583663,4711111.111,Contract_Awards_PDFs/Tender_583663.pdf,1
organization,og0006,awarded contract to,company,co0210,4711111.111,Contract_Awards_PDFs/Tender_583663.pdf,1
person,pp0003,approved award,tender,583663,PD (9apt),Contract_Awards_PDFs/Tender_583663.pdf,1
organization,og0006,part of,organization,og0002,,Contract_Awards_PDFs/Tender_583663.pdf,1
organization,og0002,part of,organization,og0001,,Contract_Awards_PDFs/Tender_583663.pdf,1
tender,583663,belongs to project,project,pr0062,,Contract_Awards_PDFs/Tender_583663.pdf,1
company,co0169,was awarded,tender,590111,374800.105,Contract_Awards_PDFs/Tender_590111.pdf,1
organization,og0006,awarded contract to,company,co0169,374800.105,Contract_Awards_PDFs/Tender_590111.pdf,1
person,pp0003,approved award,tender,590111,PD (9apt),Contract_Awards_PDFs/Tender_590111.pdf,1
organization,og0006,part of,organization,og0002,,Contract_Awards_PDFs/Tender_590111.pdf,1
organization,og0002,part of,organization,og0001,,Contract_Awards_PDFs/Tender_590111.pdf,1
tender,590111,belongs to project,project,pr0062,,Contract_Awards_PDFs/Tender_590111.pdf,1
company,co0211,was awarded,tender,591374,8464141.096,Contract_Awards_PDFs/Tender_591374.pdf,1
organization,og0006,awarded contract to,company,co0211,8464141.096,Contract_Awards_PDFs/Tender_591374.pdf,1
person,pp0003,approved award,tender,591374,PD (9apt),Contract_Awards_PDFs/Tender_591374.pdf,1
organization,og0006,part of,organization,og0002,,Contract_Awards_PDFs/Tender_591374.pdf,1
organization,og0002,part of,organization,og0001,,Contract_Awards_PDFs/Tender_591374.pdf,1
tender,591374,belongs to project,project,pr0062,,Contract_Awards_PDFs/Tender_591374.pdf,1
company,co0042,was awarded,tender,591591,8386000.423,Contract_Awards_PDFs/Tender_591591.pdf,1
organization,og0006,awarded contract to,company,co0042,8386000.423,Contract_Awards_PDFs/Tender_591591.pdf,1
person,pp0003,approved award,tender,591591,PD (9apt),Contract_Awards_PDFs/Tender_591591.pdf,1
organization,og0006,part of,organization,og0002,,Contract_Awards_PDFs/Tender_591591.pdf,1
organization,og0002,part of,organization,og0001,,Contract_Awards_PDFs/Tender_591591.pdf,1
tender,591591,belongs to project,project,pr0062,,Contract_Awards_PDFs/Tender_591591.pdf,1
company,co0211,was awarded,tender,591741,7481081.361,Contract_Awards_PDFs/Tender_591741.pdf,1
organization,og0006,awarded contract to,company,co0211,7481081.361,Contract_Awards_PDFs/Tender_591741.pdf,1
person,pp0003,approved award,tender,591741,PD (9apt),Contract_Awards_PDFs/Tender_591741.pdf,1
organization,og0006,part of,organization,og0002,,Contract_Awards_PDFs/Tender_591741.pdf,1
organization,og0002,part of,organization,og0001,,Contract_Awards_PDFs/Tender_591741.pdf,1
tender,591741,belongs to project,project,pr0062,,Contract_Awards_PDFs/Tender_591741.pdf,1
company,co0042,was awarded,tender,592175,4200000.323,Contract_Awards_PDFs/Tender_592175.pdf,1
organization,og0006,awarded contract to,company,co0042,4200000.323,Contract_Awards_PDFs/Tender_592175.pdf,1
person,pp0003,approved award,tender,592175,PD (9apt),Contract_Awards_PDFs/Tender_592175.pdf,1
organization,og0006,part of,organization,og0002,,Contract_Awards_PDFs/Tender_592175.pdf,1
organization,og0002,part of,organization,og0001,,Contract_Awards_PDFs/Tender_592175.pdf,1
tender,592175,belongs to project,project,pr0062,,Contract_Awards_PDFs/Tender_592175.pdf,1
company,co0212,was awarded,tender,595725,2023714.563,Contract_Awards_PDFs/Tender_595725.pdf,1
organization,og0030,awarded contract to,company,co0212,2023714.563,Contract_Awards_PDFs/Tender_595725.pdf,1
person,pp0097,approved award,tender,595725,Chaiman,Contract_Awards_PDFs/Tender_595725.pdf,1
organization,og0030,part of,organization,og0004,,Contract_Awards_PDFs/Tender_595725.pdf,1
organization,og0004,part of,organization,og0001,,Contract_Awards_PDFs/Tender_595725.pdf,1
tender,595725,belongs to project,project,pr0003,,Contract_Awards_PDFs/Tender_595725.pdf,1
company,co0116,was awarded,tender,595833,111744601.470,Contract_Awards_PDFs/Tender_595833.pdf,1
organization,og0063,awarded contract to,company,co0116,111744601.470,Contract_Awards_PDFs/Tender_595833.pdf,1
person,pp0108,approved award,tender,595833,PD (Uttara 3rd Phase),Contract_Awards_PDFs/Tender_595833.pdf,1
organization,og0063,part of,organization,og0002,,Contract_Awards_PDFs/Tender_595833.pdf,1
organization,og0002,part of,organization,og0001,,Contract_Awards_PDFs/Tender_595833.pdf,1
tender,595833,belongs to project,project,pr0035,,Contract_Awards_PDFs/Tender_595833.pdf,1
company,co0213,was awarded,tender,596661,88622840.523,Contract_Awards_PDFs/Tender_596661.pdf,1
organization,og0068,awarded contract to,company,co0213,88622840.523,Contract_Awards_PDFs/Tender_596661.pdf,1
person,pp0006,approved award,tender,596661,Executive Engineer,Contract_Awards_PDFs/Tender_596661.pdf,1
organization,og0068,part of,organization,og0009,,Contract_Awards_PDFs/Tender_596661.pdf,1
organization,og0009,part of,organization,og0001,,Contract_Awards_PDFs/Tender_596661.pdf,1
tender,596661,belongs to project,project,pr0074,,Contract_Awards_PDFs/Tender_596661.pdf,1
company,co0054,was awarded,tender,597090,98788892.728,Contract_Awards_PDFs/Tender_597090.pdf,1
organization,og0012,awarded contract to,company,co0054,98788892.728,Contract_Awards_PDFs/Tender_597090.pdf,1
person,pp0004,approved award,tender,597090,PD (Uttara Appartment),Contract_Awards_PDFs/Tender_597090.pdf,1
organization,og0012,part of,organization,og0002,,Contract_Awards_PDFs/Tender_597090.pdf,1
organization,og0002,part of,organization,og0001,,Contract_Awards_PDFs/Tender_597090.pdf,1
tender,597090,belongs to project,project,pr0003,,Contract_Awards_PDFs/Tender_597090.pdf,1
company,co0142,was awarded,tender,598954,1999405.152,Contract_Awards_PDFs/Tender_598954.pdf,1
organization,og0031,awarded contract to,company,co0142,1999405.152,Contract_Awards_PDFs/Tender_598954.pdf,1
person,pp0024,approved award,tender,598954,Project Director,Contract_Awards_PDFs/Tender_598954.pdf,1
organization,og0031,part of,organization,og0009,,Contract_Awards_PDFs/Tender_598954.pdf,1
organization,og0009,part of,organization,og0001,,Contract_Awards_PDFs/Tender_598954.pdf,1
tender,598954,belongs to project,project,pr0003,,Contract_Awards_PDFs/Tender_598954.pdf,1
company,co0023,was awarded,tender,601511,26986410.486,Contract_Awards_PDFs/Tender_601511.pdf,1
organization,og0015,awarded contract to,company,co0023,26986410.486,Contract_Awards_PDFs/Tender_601511.pdf,1
person,pp0099,approved award,tender,601511,Project Director,Contract_Awards_PDFs/Tender_601511.pdf,1
organization,og0015,part of,organization,og0002,,Contract_Awards_PDFs/Tender_601511.pdf,1
organization,og0002,part of,organization,og0001,,Contract_Awards_PDFs/Tender_601511.pdf,1
tender,601511,belongs to project,project,pr0009,,Contract_Awards_PDFs/Tender_601511.pdf,1
company,co0214,was awarded,tender,601512,11116977.075,Contract_Awards_PDFs/Tender_601512.pdf,1
organization,og0015,awarded contract to,company,co0214,11116977.075,Contract_Awards_PDFs/Tender_601512.pdf,1
person,pp0099,approved award,tender,601512,Project Director,Contract_Awards_PDFs/Tender_601512.pdf,1
organization,og0015,part of,organization,og0002,,Contract_Awards_PDFs/Tender_601512.pdf,1
organization,og0002,part of,organization,og0001,,Contract_Awards_PDFs/Tender_601512.pdf,1
tender,601512,belongs to project,project,pr0009,,Contract_Awards_PDFs/Tender_601512.pdf,1
company,co0003,was awarded,tender,601514,54831431.367,Contract_Awards_PDFs/Tender_601514.pdf,1
organization,og0015,awarded contract to,company,co0003,54831431.367,Contract_Awards_PDFs/Tender_601514.pdf,1
person,pp0099,approved award,tender,601514,Project Director,Contract_Awards_PDFs/Tender_601514.pdf,1
organization,og0015,part of,organization,og0002,,Contract_Awards_PDFs/Tender_601514.pdf,1
organization,og0002,part of,organization,og0001,,Contract_Awards_PDFs/Tender_601514.pdf,1
tender,601514,belongs to project,project,pr0009,,Contract_Awards_PDFs/Tender_601514.pdf,1
company,co0197,was awarded,tender,601516,16055781.408,Contract_Awards_PDFs/Tender_601516.pdf,1
organization,og0015,awarded contract to,company,co0197,16055781.408,Contract_Awards_PDFs/Tender_601516.pdf,1
person,pp0099,approved award,tender,601516,Project Director,Contract_Awards_PDFs/Tender_601516.pdf,1
organization,og0015,part of,organization,og0002,,Contract_Awards_PDFs/Tender_601516.pdf,1
organization,og0002,part of,organization,og0001,,Contract_Awards_PDFs/Tender_601516.pdf,1
tender,601516,belongs to project,project,pr0009,,Contract_Awards_PDFs/Tender_601516.pdf,1
company,co0016,was awarded,tender,601519,20511652.707,Contract_Awards_PDFs/Tender_601519.pdf,1
organization,og0015,awarded contract to,company,co0016,20511652.707,Contract_Awards_PDFs/Tender_601519.pdf,1
person,pp0099,approved award,tender,601519,Project Director,Contract_Awards_PDFs/Tender_601519.pdf,1
organization,og0015,part of,organization,og0002,,Contract_Awards_PDFs/Tender_601519.pdf,1
organization,og0002,part of,organization,og0001,,Contract_Awards_PDFs/Tender_601519.pdf,1
tender,601519,belongs to project,project,pr0009,,Contract_Awards_PDFs/Tender_601519.pdf,1
company,co0019,was awarded,tender,601520,25907749.632,Contract_Awards_PDFs/Tender_601520.pdf,1
organization,og0015,awarded contract to,company,co0019,25907749.632,Contract_Awards_PDFs/Tender_601520.pdf,1
person,pp0099,approved award,tender,601520,Project Director,Contract_Awards_PDFs/Tender_601520.pdf,1
organization,og0015,part of,organization,og0002,,Contract_Awards_PDFs/Tender_601520.pdf,1
organization,og0002,part of,organization,og0001,,Contract_Awards_PDFs/Tender_601520.pdf,1
tender,601520,belongs to project,project,pr0009,,Contract_Awards_PDFs/Tender_601520.pdf,1
company,co0169,was awarded,tender,608964,840000.110,Contract_Awards_PDFs/Tender_608964.pdf,1
organization,og0006,awarded contract to,company,co0169,840000.110,Contract_Awards_PDFs/Tender_608964.pdf,1
person,pp0003,approved award,tender,608964,PD (9apt),Contract_Awards_PDFs/Tender_608964.pdf,1
organization,og0006,part of,organization,og0002,,Contract_Awards_PDFs/Tender_608964.pdf,1
organization,og0002,part of,organization,og0001,,Contract_Awards_PDFs/Tender_608964.pdf,1
tender,608964,belongs to project,project,pr0003,,Contract_Awards_PDFs/Tender_608964.pdf,1
company,co0169,was awarded,tender,609656,947996.112,Contract_Awards_PDFs/Tender_609656.pdf,1
organization,og0006,awarded contract to,company,co0169,947996.112,Contract_Awards_PDFs/Tender_609656.pdf,1
person,pp0003,approved award,tender,609656,PD (9apt),Contract_Awards_PDFs/Tender_609656.pdf,1
organization,og0006,part of,organization,og0002,,Contract_Awards_PDFs/Tender_609656.pdf,1
organization,og0002,part of,organization,og0001,,Contract_Awards_PDFs/Tender_609656.pdf,1
tender,609656,belongs to project,project,pr0003,,Contract_Awards_PDFs/Tender_609656.pdf,1
company,co0042,was awarded,tender,614373,4498200.356,Contract_Awards_PDFs/Tender_614373.pdf,1
organization,og0006,awarded contract to,company,co0042,4498200.356,Contract_Awards_PDFs/Tender_614373.pdf,1
person,pp0003,approved award,tender,614373,PD (9apt),Contract_Awards_PDFs/Tender_614373.pdf,1
organization,og0006,part of,organization,og0002,,Contract_Awards_PDFs/Tender_614373.pdf,1
organization,og0002,part of,organization,og0001,,Contract_Awards_PDFs/Tender_614373.pdf,1
tender,614373,belongs to project,project,pr0003,,Contract_Awards_PDFs/Tender_614373.pdf,1
company,co0215,was awarded,tender,614376,5821337.259,Contract_Awards_PDFs/Tender_614376.pdf,1
organization,og0031,awarded contract to,company,co0215,5821337.259,Contract_Awards_PDFs/Tender_614376.pdf,1
person,pp0024,approved award,tender,614376,Project Director,Contract_Awards_PDFs/Tender_614376.pdf,1
organization,og0031,part of,organization,og0009,,Contract_Awards_PDFs/Tender_614376.pdf,1
organization,og0009,part of,organization,og0001,,Contract_Awards_PDFs/Tender_614376.pdf,1
tender,614376,belongs to project,project,pr0003,,Contract_Awards_PDFs/Tender_614376.pdf,1
company,co0169,was awarded,tender,615021,295000.105,Contract_Awards_PDFs/Tender_615021.pdf,1
organization,og0006,awarded contract to,company,co0169,295000.105,Contract_Awards_PDFs/Tender_615021.pdf,1
person,pp0003,approved award,tender,615021,PD (9apt),Contract_Awards_PDFs/Tender_615021.pdf,1
organization,og0006,part of,organization,og0002,,Contract_Awards_PDFs/Tender_615021.pdf,1
organization,og0002,part of,organization,og0001,,Contract_Awards_PDFs/Tender_615021.pdf,1
tender,615021,belongs to project,project,pr0003,,Contract_Awards_PDFs/Tender_615021.pdf,1
company,co0216,was awarded,tender,615572,29216449.314,Contract_Awards_PDFs/Tender_615572.pdf,1
organization,og0063,awarded contract to,company,co0216,29216449.314,Contract_Awards_PDFs/Tender_615572.pdf,1
person,pp0108,approved award,tender,615572,PD (Uttara 3rd Phase),Contract_Awards_PDFs/Tender_615572.pdf,1
organization,og0063,part of,organization,og0002,,Contract_Awards_PDFs/Tender_615572.pdf,1
organization,og0002,part of,organization,og0001,,Contract_Awards_PDFs/Tender_615572.pdf,1
tender,615572,belongs to project,project,pr0035,,Contract_Awards_PDFs/Tender_615572.pdf,1
company,co0017,was awarded,tender,616293,3463421.400,Contract_Awards_PDFs/Tender_616293.pdf,1
organization,og0015,awarded contract to,company,co0017,3463421.400,Contract_Awards_PDFs/Tender_616293.pdf,1
person,pp0099,approved award,tender,616293,Project Director,Contract_Awards_PDFs/Tender_616293.pdf,1
organization,og0015,part of,organization,og0002,,Contract_Awards_PDFs/Tender_616293.pdf,1
organization,og0002,part of,organization,og0001,,Contract_Awards_PDFs/Tender_616293.pdf,1
tender,616293,belongs to project,project,pr0009,,Contract_Awards_PDFs/Tender_616293.pdf,1
company,co0053,was awarded,tender,616294,3463421.400,Contract_Awards_PDFs/Tender_616294.pdf,1
organization,og0015,awarded contract to,company,co0053,3463421.400,Contract_Awards_PDFs/Tender_616294.pdf,1
person,pp0099,approved award,tender,616294,Project Director,Contract_Awards_PDFs/Tender_616294.pdf,1
organization,og0015,part of,organization,og0002,,Contract_Awards_PDFs/Tender_616294.pdf,1
organization,og0002,part of,organization,og0001,,Contract_Awards_PDFs/Tender_616294.pdf,1
tender,616294,belongs to project,project,pr0009,,Contract_Awards_PDFs/Tender_616294.pdf,1
company,co0142,was awarded,tender,616340,3650723.019,Contract_Awards_PDFs/Tender_616340.pdf,1
organization,og0031,awarded contract to,company,co0142,3650723.019,Contract_Awards_PDFs/Tender_616340.pdf,1
person,pp0024,approved award,tender,616340,Project Director,Contract_Awards_PDFs/Tender_616340.pdf,1
organization,og0031,part of,organization,og0009,,Contract_Awards_PDFs/Tender_616340.pdf,1
organization,og0009,part of,organization,og0001,,Contract_Awards_PDFs/Tender_616340.pdf,1
tender,616340,belongs to project,project,pr0003,,Contract_Awards_PDFs/Tender_616340.pdf,1
company,co0217,was awarded,tender,617410,21379456.051,Contract_Awards_PDFs/Tender_617410.pdf,1
organization,og0020,awarded contract to,company,co0217,21379456.051,Contract_Awards_PDFs/Tender_617410.pdf,1
person,pp0106,approved award,tender,617410,Member (Engineer),Contract_Awards_PDFs/Tender_617410.pdf,1
organization,og0020,part of,organization,og0020,,Contract_Awards_PDFs/Tender_617410.pdf,1
organization,og0020,part of,organization,og0001,,Contract_Awards_PDFs/Tender_617410.pdf,1
tender,617410,belongs to project,project,pr0068,,Contract_Awards_PDFs/Tender_617410.pdf,1
company,co0218,was awarded,tender,617807,75976418.725,Contract_Awards_PDFs/Tender_617807.pdf,1
organization,og0020,awarded contract to,company,co0218,75976418.725,Contract_Awards_PDFs/Tender_617807.pdf,1
person,pp0106,approved award,tender,617807,Member (Engineer),Contract_Awards_PDFs/Tender_617807.pdf,1
organization,og0020,part of,organization,og0020,,Contract_Awards_PDFs/Tender_617807.pdf,1
organization,og0020,part of,organization,og0001,,Contract_Awards_PDFs/Tender_617807.pdf,1
tender,617807,belongs to project,project,pr0068,,Contract_Awards_PDFs/Tender_617807.pdf,1
company,co0219,was awarded,tender,618898,94588512.789,Contract_Awards_PDFs/Tender_618898.pdf,1
organization,og0020,awarded contract to,company,co0219,94588512.789,Contract_Awards_PDFs/Tender_618898.pdf,1
person,pp0106,approved award,tender,618898,Member (Engineer),Contract_Awards_PDFs/Tender_618898.pdf,1
organization,og0020,part of,organization,og0020,,Contract_Awards_PDFs/Tender_618898.pdf,1
organization,og0020,part of,organization,og0001,,Contract_Awards_PDFs/Tender_618898.pdf,1
tender,618898,belongs to project,project,pr0068,,Contract_Awards_PDFs/Tender_618898.pdf,1
company,co0016,was awarded,tender,620619,3045193.803,Contract_Awards_PDFs/Tender_620619.pdf,1
organization,og0007,awarded contract to,company,co0016,3045193.803,Contract_Awards_PDFs/Tender_620619.pdf,1
person,pp0004,approved award,tender,620619,Superintending Engineer,Contract_Awards_PDFs/Tender_620619.pdf,1
organization,og0007,part of,organization,og0002,,Contract_Awards_PDFs/Tender_620619.pdf,1
organization,og0002,part of,organization,og0001,,Contract_Awards_PDFs/Tender_620619.pdf,1
tender,620619,belongs to project,project,pr0003,,Contract_Awards_PDFs/Tender_620619.pdf,1
company,co0041,was awarded,tender,622539,3097300.590,Contract_Awards_PDFs/Tender_622539.pdf,1
organization,og0011,awarded contract to,company,co0041,3097300.590,Contract_Awards_PDFs/Tender_622539.pdf,1
person,pp0007,approved award,tender,622539,Sup. Eng. (Elec.),Contract_Awards_PDFs/Tender_622539.pdf,1
organization,og0011,part of,organization,og0002,,Contract_Awards_PDFs/Tender_622539.pdf,1
organization,og0002,part of,organization,og0001,,Contract_Awards_PDFs/Tender_622539.pdf,1
tender,622539,belongs to project,project,pr0075,,Contract_Awards_PDFs/Tender_622539.pdf,1
company,co0041,was awarded,tender,622586,1279542.600,Contract_Awards_PDFs/Tender_622586.pdf,1
organization,og0011,awarded contract to,company,co0041,1279542.600,Contract_Awards_PDFs/Tender_622586.pdf,1
person,pp0007,approved award,tender,622586,Sup. Eng. (Elec.),Contract_Awards_PDFs/Tender_622586.pdf,1
organization,og0011,part of,organization,og0002,,Contract_Awards_PDFs/Tender_622586.pdf,1
organization,og0002,part of,organization,og0001,,Contract_Awards_PDFs/Tender_622586.pdf,1
tender,622586,belongs to project,project,pr0065,,Contract_Awards_PDFs/Tender_622586.pdf,1
company,co0122,was awarded,tender,622637,967554.720,Contract_Awards_PDFs/Tender_622637.pdf,1
organization,og0011,awarded contract to,company,co0122,967554.720,Contract_Awards_PDFs/Tender_622637.pdf,1
person,pp0007,approved award,tender,622637,Sup. Eng. (Elec.),Contract_Awards_PDFs/Tender_622637.pdf,1
organization,og0011,part of,organization,og0002,,Contract_Awards_PDFs/Tender_622637.pdf,1
organization,og0002,part of,organization,og0001,,Contract_Awards_PDFs/Tender_622637.pdf,1
tender,622637,belongs to project,project,pr0055,,Contract_Awards_PDFs/Tender_622637.pdf,1
company,co0220,was awarded,tender,629331,2230689.600,Contract_Awards_PDFs/Tender_629331.pdf,1
organization,og0061,awarded contract to,company,co0220,2230689.600,Contract_Awards_PDFs/Tender_629331.pdf,1
person,pp0109,approved award,tender,629331,Executive Engineer,Contract_Awards_PDFs/Tender_629331.pdf,1
organization,og0061,part of,organization,og0009,,Contract_Awards_PDFs/Tender_629331.pdf,1
organization,og0009,part of,organization,og0001,,Contract_Awards_PDFs/Tender_629331.pdf,1
tender,629331,belongs to project,project,pr0003,,Contract_Awards_PDFs/Tender_629331.pdf,1
company,co0168,was awarded,tender,631780,3296663.136,Contract_Awards_PDFs/Tender_631780.pdf,1
organization,og0031,awarded contract to,company,co0168,3296663.136,Contract_Awards_PDFs/Tender_631780.pdf,1
person,pp0024,approved award,tender,631780,Project Director,Contract_Awards_PDFs/Tender_631780.pdf,1
organization,og0031,part of,organization,og0009,,Contract_Awards_PDFs/Tender_631780.pdf,1
organization,og0009,part of,organization,og0001,,Contract_Awards_PDFs/Tender_631780.pdf,1
tender,631780,belongs to project,project,pr0003,,Contract_Awards_PDFs/Tender_631780.pdf,1
company,co0221,was awarded,tender,637086,2934320.184,Contract_Awards_PDFs/Tender_637086.pdf,1
organization,og0031,awarded contract to,company,co0221,2934320.184,Contract_Awards_PDFs/Tender_637086.pdf,1
person,pp0024,approved award,tender,637086,Project Director,Contract_Awards_PDFs/Tender_637086.pdf,1
organization,og0031,part of,organization,og0009,,Contract_Awards_PDFs/Tender_637086.pdf,1
organization,og0009,part of,organization,og0001,,Contract_Awards_PDFs/Tender_637086.pdf,1
tender,637086,belongs to project,project,pr0003,,Contract_Awards_PDFs/Tender_637086.pdf,1
company,co0042,was awarded,tender,637169,8158500.740,Contract_Awards_PDFs/Tender_637169.pdf,1
organization,og0012,awarded contract to,company,co0042,8158500.740,Contract_Awards_PDFs/Tender_637169.pdf,1
person,pp0004,approved award,tender,637169,PD (Uttara Appartment),Contract_Awards_PDFs/Tender_637169.pdf,1
organization,og0012,part of,organization,og0002,,Contract_Awards_PDFs/Tender_637169.pdf,1
organization,og0002,part of,organization,og0001,,Contract_Awards_PDFs/Tender_637169.pdf,1
tender,637169,belongs to project,project,pr0003,,Contract_Awards_PDFs/Tender_637169.pdf,1
company,co0222,was awarded,tender,638918,15900000.014,Contract_Awards_PDFs/Tender_638918.pdf,1
organization,og0030,awarded contract to,company,co0222,15900000.014,Contract_Awards_PDFs/Tender_638918.pdf,1
person,pp0097,approved award,tender,638918,Chaiman,Contract_Awards_PDFs/Tender_638918.pdf,1
organization,og0030,part of,organization,og0004,,Contract_Awards_PDFs/Tender_638918.pdf,1
organization,og0004,part of,organization,og0001,,Contract_Awards_PDFs/Tender_638918.pdf,1
tender,638918,belongs to project,project,pr0059,,Contract_Awards_PDFs/Tender_638918.pdf,1
company,co0014,was awarded,tender,639927,6132044.298,Contract_Awards_PDFs/Tender_639927.pdf,1
organization,og0006,awarded contract to,company,co0014,6132044.298,Contract_Awards_PDFs/Tender_639927.pdf,1
person,pp0003,approved award,tender,639927,PD (9apt),Contract_Awards_PDFs/Tender_639927.pdf,1
organization,og0006,part of,organization,og0002,,Contract_Awards_PDFs/Tender_639927.pdf,1
organization,og0002,part of,organization,og0001,,Contract_Awards_PDFs/Tender_639927.pdf,1
tender,639927,belongs to project,project,pr0003,,Contract_Awards_PDFs/Tender_639927.pdf,1
company,co0223,was awarded,tender,640368,2681912.169,Contract_Awards_PDFs/Tender_640368.pdf,1
organization,og0031,awarded contract to,company,co0223,2681912.169,Contract_Awards_PDFs/Tender_640368.pdf,1
person,pp0024,approved award,tender,640368,Project Director,Contract_Awards_PDFs/Tender_640368.pdf,1
organization,og0031,part of,organization,og0009,,Contract_Awards_PDFs/Tender_640368.pdf,1
organization,og0009,part of,organization,og0001,,Contract_Awards_PDFs/Tender_640368.pdf,1
tender,640368,belongs to project,project,pr0003,,Contract_Awards_PDFs/Tender_640368.pdf,1
company,co0224,was awarded,tender,64165,4187780.121,Contract_Awards_PDFs/Tender_64165.pdf,1
organization,og0069,awarded contract to,company,co0224,4187780.121,Contract_Awards_PDFs/Tender_64165.pdf,1
person,pp0023,approved award,tender,64165,Chaiman,Contract_Awards_PDFs/Tender_64165.pdf,1
organization,og0069,part of,organization,og0004,,Contract_Awards_PDFs/Tender_64165.pdf,1
organization,og0004,part of,organization,og0001,,Contract_Awards_PDFs/Tender_64165.pdf,1
tender,64165,belongs to project,project,pr0076,,Contract_Awards_PDFs/Tender_64165.pdf,1
company,co0142,was awarded,tender,644083,2384371.026,Contract_Awards_PDFs/Tender_644083.pdf,1
organization,og0031,awarded contract to,company,co0142,2384371.026,Contract_Awards_PDFs/Tender_644083.pdf,1
person,pp0024,approved award,tender,644083,Project Director,Contract_Awards_PDFs/Tender_644083.pdf,1
organization,og0031,part of,organization,og0009,,Contract_Awards_PDFs/Tender_644083.pdf,1
organization,og0009,part of,organization,og0001,,Contract_Awards_PDFs/Tender_644083.pdf,1
tender,644083,belongs to project,project,pr0003,,Contract_Awards_PDFs/Tender_644083.pdf,1
company,co0029,was awarded,tender,647346,16066116.900,Contract_Awards_PDFs/Tender_647346.pdf,1
organization,og0063,awarded contract to,company,co0029,16066116.900,Contract_Awards_PDFs/Tender_647346.pdf,1
person,pp0108,approved award,tender,647346,PD (Uttara 3rd Phase),Contract_Awards_PDFs/Tender_647346.pdf,1
organization,og0063,part of,organization,og0002,,Contract_Awards_PDFs/Tender_647346.pdf,1
organization,og0002,part of,organization,og0001,,Contract_Awards_PDFs/Tender_647346.pdf,1
tender,647346,belongs to project,project,pr0035,,Contract_Awards_PDFs/Tender_647346.pdf,1
company,co0146,was awarded,tender,647351,17017004.700,Contract_Awards_PDFs/Tender_647351.pdf,1
organization,og0063,awarded contract to,company,co0146,17017004.700,Contract_Awards_PDFs/Tender_647351.pdf,1
person,pp0108,approved award,tender,647351,PD (Uttara 3rd Phase),Contract_Awards_PDFs/Tender_647351.pdf,1
organization,og0063,part of,organization,og0002,,Contract_Awards_PDFs/Tender_647351.pdf,1
organization,og0002,part of,organization,og0001,,Contract_Awards_PDFs/Tender_647351.pdf,1
tender,647351,belongs to project,project,pr0035,,Contract_Awards_PDFs/Tender_647351.pdf,1
company,co0225,was awarded,tender,647356,13534879.500,Contract_Awards_PDFs/Tender_647356.pdf,1
organization,og0063,awarded contract to,company,co0225,13534879.500,Contract_Awards_PDFs/Tender_647356.pdf,1
person,pp0108,approved award,tender,647356,PD (Uttara 3rd Phase),Contract_Awards_PDFs/Tender_647356.pdf,1
organization,og0063,part of,organization,og0002,,Contract_Awards_PDFs/Tender_647356.pdf,1
organization,og0002,part of,organization,og0001,,Contract_Awards_PDFs/Tender_647356.pdf,1
tender,647356,belongs to project,project,pr0035,,Contract_Awards_PDFs/Tender_647356.pdf,1
company,co0226,was awarded,tender,647361,9194839.200,Contract_Awards_PDFs/Tender_647361.pdf,1
organization,og0063,awarded contract to,company,co0226,9194839.200,Contract_Awards_PDFs/Tender_647361.pdf,1
person,pp0108,approved award,tender,647361,PD (Uttara 3rd Phase),Contract_Awards_PDFs/Tender_647361.pdf,1
organization,og0063,part of,organization,og0002,,Contract_Awards_PDFs/Tender_647361.pdf,1
organization,og0002,part of,organization,og0001,,Contract_Awards_PDFs/Tender_647361.pdf,1
tender,647361,belongs to project,project,pr0035,,Contract_Awards_PDFs/Tender_647361.pdf,1
company,co0227,was awarded,tender,647467,74887107.687,Contract_Awards_PDFs/Tender_647467.pdf,1
organization,og0020,awarded contract to,company,co0227,74887107.687,Contract_Awards_PDFs/Tender_647467.pdf,1
person,pp0106,approved award,tender,647467,Member (Engineer),Contract_Awards_PDFs/Tender_647467.pdf,1
organization,og0020,part of,organization,og0020,,Contract_Awards_PDFs/Tender_647467.pdf,1
organization,og0020,part of,organization,og0001,,Contract_Awards_PDFs/Tender_647467.pdf,1
tender,647467,belongs to project,project,pr0068,,Contract_Awards_PDFs/Tender_647467.pdf,1
company,co0228,was awarded,tender,647622,8963413.200,Contract_Awards_PDFs/Tender_647622.pdf,1
organization,og0031,awarded contract to,company,co0228,8963413.200,Contract_Awards_PDFs/Tender_647622.pdf,1
person,pp0024,approved award,tender,647622,Project Director,Contract_Awards_PDFs/Tender_647622.pdf,1
organization,og0031,part of,organization,og0009,,Contract_Awards_PDFs/Tender_647622.pdf,1
organization,og0009,part of,organization,og0001,,Contract_Awards_PDFs/Tender_647622.pdf,1
tender,647622,belongs to project,project,pr0003,,Contract_Awards_PDFs/Tender_647622.pdf,1
company,co0208,was awarded,tender,653051,4895631.057,Contract_Awards_PDFs/Tender_653051.pdf,1
organization,og0020,awarded contract to,company,co0208,4895631.057,Contract_Awards_PDFs/Tender_653051.pdf,1
person,pp0106,approved award,tender,653051,Member (Engineer),Contract_Awards_PDFs/Tender_653051.pdf,1
organization,og0020,part of,organization,og0020,,Contract_Awards_PDFs/Tender_653051.pdf,1
organization,og0020,part of,organization,og0001,,Contract_Awards_PDFs/Tender_653051.pdf,1
tender,653051,belongs to project,project,pr0003,,Contract_Awards_PDFs/Tender_653051.pdf,1
company,co0229,was awarded,tender,658227,14747701.408,Contract_Awards_PDFs/Tender_658227.pdf,1
organization,og0030,awarded contract to,company,co0229,14747701.408,Contract_Awards_PDFs/Tender_658227.pdf,1
person,pp0097,approved award,tender,658227,Chaiman,Contract_Awards_PDFs/Tender_658227.pdf,1
organization,og0030,part of,organization,og0004,,Contract_Awards_PDFs/Tender_658227.pdf,1
organization,og0004,part of,organization,og0001,,Contract_Awards_PDFs/Tender_658227.pdf,1
tender,658227,belongs to project,project,pr0003,,Contract_Awards_PDFs/Tender_658227.pdf,1
company,co0016,was awarded,tender,661661,3072847.077,Contract_Awards_PDFs/Tender_661661.pdf,1
organization,og0014,awarded contract to,company,co0016,3072847.077,Contract_Awards_PDFs/Tender_661661.pdf,1
person,pp0009,approved award,tender,661661,Superintending Engineer,Contract_Awards_PDFs/Tender_661661.pdf,1
organization,og0014,part of,organization,og0002,,Contract_Awards_PDFs/Tender_661661.pdf,1
organization,og0002,part of,organization,og0001,,Contract_Awards_PDFs/Tender_661661.pdf,1
tender,661661,belongs to project,project,pr0003,,Contract_Awards_PDFs/Tender_661661.pdf,1
company,co0109,was awarded,tender,661888,3032142.912,Contract_Awards_PDFs/Tender_661888.pdf,1
organization,og0014,awarded contract to,company,co0109,3032142.912,Contract_Awards_PDFs/Tender_661888.pdf,1
person,pp0009,approved award,tender,661888,Superintending Engineer,Contract_Awards_PDFs/Tender_661888.pdf,1
organization,og0014,part of,organization,og0002,,Contract_Awards_PDFs/Tender_661888.pdf,1
organization,og0002,part of,organization,og0001,,Contract_Awards_PDFs/Tender_661888.pdf,1
tender,661888,belongs to project,project,pr0003,,Contract_Awards_PDFs/Tender_661888.pdf,1
company,co0230,was awarded,tender,663428,2243561.755,Contract_Awards_PDFs/Tender_663428.pdf,1
organization,og0025,awarded contract to,company,co0230,2243561.755,Contract_Awards_PDFs/Tender_663428.pdf,1
person,pp0110,approved award,tender,663428,Director (Admin),Contract_Awards_PDFs/Tender_663428.pdf,1
organization,og0025,part of,organization,og0002,,Contract_Awards_PDFs/Tender_663428.pdf,1
organization,og0002,part of,organization,og0001,,Contract_Awards_PDFs/Tender_663428.pdf,1
tender,663428,belongs to project,project,pr0003,,Contract_Awards_PDFs/Tender_663428.pdf,1
company,co0231,was awarded,tender,663429,773944.520,Contract_Awards_PDFs/Tender_663429.pdf,1
organization,og0025,awarded contract to,company,co0231,773944.520,Contract_Awards_PDFs/Tender_663429.pdf,1
person,pp0110,approved award,tender,663429,Director (Admin),Contract_Awards_PDFs/Tender_663429.pdf,1
organization,og0025,part of,organization,og0002,,Contract_Awards_PDFs/Tender_663429.pdf,1
organization,og0002,part of,organization,og0001,,Contract_Awards_PDFs/Tender_663429.pdf,1
tender,663429,belongs to project,project,pr0003,,Contract_Awards_PDFs/Tender_663429.pdf,1
company,co0232,was awarded,tender,667218,3017182.356,Contract_Awards_PDFs/Tender_667218.pdf,1
organization,og0031,awarded contract to,company,co0232,3017182.356,Contract_Awards_PDFs/Tender_667218.pdf,1
person,pp0024,approved award,tender,667218,Project Director,Contract_Awards_PDFs/Tender_667218.pdf,1
organization,og0031,part of,organization,og0009,,Contract_Awards_PDFs/Tender_667218.pdf,1
organization,og0009,part of,organization,og0001,,Contract_Awards_PDFs/Tender_667218.pdf,1
tender,667218,belongs to project,project,pr0003,,Contract_Awards_PDFs/Tender_667218.pdf,1
company,co0019,was awarded,tender,667693,25972842.870,Contract_Awards_PDFs/Tender_667693.pdf,1
organization,og0037,awarded contract to,company,co0019,25972842.870,Contract_Awards_PDFs/Tender_667693.pdf,1
person,pp0001,approved award,tender,667693,PD ( Gulshan-Banani-Baridhara Lake Development Project),Contract_Awards_PDFs/Tender_667693.pdf,1
organization,og0037,part of,organization,og0002,,Contract_Awards_PDFs/Tender_667693.pdf,1
organization,og0002,part of,organization,og0001,,Contract_Awards_PDFs/Tender_667693.pdf,1
tender,667693,belongs to project,project,pr0077,,Contract_Awards_PDFs/Tender_667693.pdf,1
company,co0182,was awarded,tender,669151,7166727.810,Contract_Awards_PDFs/Tender_669151.pdf,1
organization,og0020,awarded contract to,company,co0182,7166727.810,Contract_Awards_PDFs/Tender_669151.pdf,1
person,pp0106,approved award,tender,669151,Member (Engineer),Contract_Awards_PDFs/Tender_669151.pdf,1
organization,og0020,part of,organization,og0020,,Contract_Awards_PDFs/Tender_669151.pdf,1
organization,og0020,part of,organization,og0001,,Contract_Awards_PDFs/Tender_669151.pdf,1
tender,669151,belongs to project,project,pr0003,,Contract_Awards_PDFs/Tender_669151.pdf,1
company,co0142,was awarded,tender,669414,2605776.228,Contract_Awards_PDFs/Tender_669414.pdf,1
organization,og0031,awarded contract to,company,co0142,2605776.228,Contract_Awards_PDFs/Tender_669414.pdf,1
person,pp0024,approved award,tender,669414,Project Director,Contract_Awards_PDFs/Tender_669414.pdf,1
organization,og0031,part of,organization,og0009,,Contract_Awards_PDFs/Tender_669414.pdf,1
organization,og0009,part of,organization,og0001,,Contract_Awards_PDFs/Tender_669414.pdf,1
tender,669414,belongs to project,project,pr0003,,Contract_Awards_PDFs/Tender_669414.pdf,1
company,co0168,was awarded,tender,670154,2775181.446,Contract_Awards_PDFs/Tender_670154.pdf,1
organization,og0031,awarded contract to,company,co0168,2775181.446,Contract_Awards_PDFs/Tender_670154.pdf,1
person,pp0024,approved award,tender,670154,Project Director,Contract_Awards_PDFs/Tender_670154.pdf,1
organization,og0031,part of,organization,og0009,,Contract_Awards_PDFs/Tender_670154.pdf,1
organization,og0009,part of,organization,og0001,,Contract_Awards_PDFs/Tender_670154.pdf,1
tender,670154,belongs to project,project,pr0003,,Contract_Awards_PDFs/Tender_670154.pdf,1
company,co0008,was awarded,tender,670297,1544500.025,Contract_Awards_PDFs/Tender_670297.pdf,1
organization,og0070,awarded contract to,company,co0008,1544500.025,Contract_Awards_PDFs/Tender_670297.pdf,1
person,pp0111,approved award,tender,670297,Deputy Chief Town Planner,Contract_Awards_PDFs/Tender_670297.pdf,1
organization,og0070,part of,organization,og0009,,Contract_Awards_PDFs/Tender_670297.pdf,1
organization,og0009,part of,organization,og0001,,Contract_Awards_PDFs/Tender_670297.pdf,1
tender,670297,belongs to project,project,pr0078,,Contract_Awards_PDFs/Tender_670297.pdf,1
company,co0233,was awarded,tender,671805,444989988.324,Contract_Awards_PDFs/Tender_671805.pdf,1
organization,og0012,awarded contract to,company,co0233,444989988.324,Contract_Awards_PDFs/Tender_671805.pdf,1
person,pp0004,approved award,tender,671805,PD (Uttara Appartment),Contract_Awards_PDFs/Tender_671805.pdf,1
organization,og0012,part of,organization,og0002,,Contract_Awards_PDFs/Tender_671805.pdf,1
organization,og0002,part of,organization,og0001,,Contract_Awards_PDFs/Tender_671805.pdf,1
tender,671805,belongs to project,project,pr0003,,Contract_Awards_PDFs/Tender_671805.pdf,1
company,co0234,was awarded,tender,672061,199501.500,Contract_Awards_PDFs/Tender_672061.pdf,1
organization,og0025,awarded contract to,company,co0234,199501.500,Contract_Awards_PDFs/Tender_672061.pdf,1
person,pp0110,approved award,tender,672061,Director (Admin),Contract_Awards_PDFs/Tender_672061.pdf,1
organization,og0025,part of,organization,og0002,,Contract_Awards_PDFs/Tender_672061.pdf,1
organization,og0002,part of,organization,og0001,,Contract_Awards_PDFs/Tender_672061.pdf,1
tender,672061,belongs to project,project,pr0003,,Contract_Awards_PDFs/Tender_672061.pdf,1
company,co0235,was awarded,tender,680144,2595000.001,Contract_Awards_PDFs/Tender_680144.pdf,1
organization,og0030,awarded contract to,company,co0235,2595000.001,Contract_Awards_PDFs/Tender_680144.pdf,1
person,pp0097,approved award,tender,680144,Chaiman,Contract_Awards_PDFs/Tender_680144.pdf,1
organization,og0030,part of,organization,og0004,,Contract_Awards_PDFs/Tender_680144.pdf,1
organization,og0004,part of,organization,og0001,,Contract_Awards_PDFs/Tender_680144.pdf,1
tender,680144,belongs to project,project,pr0059,,Contract_Awards_PDFs/Tender_680144.pdf,1
company,co0236,was awarded,tender,681465,8202370.579,Contract_Awards_PDFs/Tender_681465.pdf,1
organization,og0020,awarded contract to,company,co0236,8202370.579,Contract_Awards_PDFs/Tender_681465.pdf,1
person,pp0106,approved award,tender,681465,Member (Engineer),Contract_Awards_PDFs/Tender_681465.pdf,1
organization,og0020,part of,organization,og0020,,Contract_Awards_PDFs/Tender_681465.pdf,1
organization,og0020,part of,organization,og0001,,Contract_Awards_PDFs/Tender_681465.pdf,1
tender,681465,belongs to project,project,pr0003,,Contract_Awards_PDFs/Tender_681465.pdf,1
company,co0223,was awarded,tender,683811,4284081.243,Contract_Awards_PDFs/Tender_683811.pdf,1
organization,og0031,awarded contract to,company,co0223,4284081.243,Contract_Awards_PDFs/Tender_683811.pdf,1
person,pp0024,approved award,tender,683811,Project Director,Contract_Awards_PDFs/Tender_683811.pdf,1
organization,og0031,part of,organization,og0009,,Contract_Awards_PDFs/Tender_683811.pdf,1
organization,og0009,part of,organization,og0001,,Contract_Awards_PDFs/Tender_683811.pdf,1
tender,683811,belongs to project,project,pr0003,,Contract_Awards_PDFs/Tender_683811.pdf,1
company,co0026,was awarded,tender,684610,5485150.044,Contract_Awards_PDFs/Tender_684610.pdf,1
organization,og0007,awarded contract to,company,co0026,5485150.044,Contract_Awards_PDFs/Tender_684610.pdf,1
person,pp0004,approved award,tender,684610,Superintending Engineer,Contract_Awards_PDFs/Tender_684610.pdf,1
organization,og0007,part of,organization,og0002,,Contract_Awards_PDFs/Tender_684610.pdf,1
organization,og0002,part of,organization,og0001,,Contract_Awards_PDFs/Tender_684610.pdf,1
tender,684610,belongs to project,project,pr0003,,Contract_Awards_PDFs/Tender_684610.pdf,1
company,co0053,was awarded,tender,685885,1321392.602,Contract_Awards_PDFs/Tender_685885.pdf,1
organization,og0011,awarded contract to,company,co0053,1321392.602,Contract_Awards_PDFs/Tender_685885.pdf,1
person,pp0007,approved award,tender,685885,Sup. Eng. (Elec.),Contract_Awards_PDFs/Tender_685885.pdf,1
organization,og0011,part of,organization,og0002,,Contract_Awards_PDFs/Tender_685885.pdf,1
organization,og0002,part of,organization,og0001,,Contract_Awards_PDFs/Tender_685885.pdf,1
tender,685885,belongs to project,project,pr0034,,Contract_Awards_PDFs/Tender_685885.pdf,1
company,co0055,was awarded,tender,688763,5685000.001,Contract_Awards_PDFs/Tender_688763.pdf,1
organization,og0018,awarded contract to,company,co0055,5685000.001,Contract_Awards_PDFs/Tender_688763.pdf,1
person,pp0012,approved award,tender,688763,Executive Engineer (M),Contract_Awards_PDFs/Tender_688763.pdf,1
organization,og0018,part of,organization,og0016,,Contract_Awards_PDFs/Tender_688763.pdf,1
organization,og0016,part of,organization,og0001,,Contract_Awards_PDFs/Tender_688763.pdf,1
tender,688763,belongs to project,project,pr0003,,Contract_Awards_PDFs/Tender_688763.pdf,1
company,co0055,was awarded,tender,688794,4899000.001,Contract_Awards_PDFs/Tender_688794.pdf,1
organization,og0018,awarded contract to,company,co0055,4899000.001,Contract_Awards_PDFs/Tender_688794.pdf,1
person,pp0012,approved award,tender,688794,Executive Engineer (M),Contract_Awards_PDFs/Tender_688794.pdf,1
organization,og0018,part of,organization,og0016,,Contract_Awards_PDFs/Tender_688794.pdf,1
organization,og0016,part of,organization,og0001,,Contract_Awards_PDFs/Tender_688794.pdf,1
tender,688794,belongs to project,project,pr0003,,Contract_Awards_PDFs/Tender_688794.pdf,1
company,co0109,was awarded,tender,690870,4862965.914,Contract_Awards_PDFs/Tender_690870.pdf,1
organization,og0007,awarded contract to,company,co0109,4862965.914,Contract_Awards_PDFs/Tender_690870.pdf,1
person,pp0004,approved award,tender,690870,Superintending Engineer,Contract_Awards_PDFs/Tender_690870.pdf,1
organization,og0007,part of,organization,og0002,,Contract_Awards_PDFs/Tender_690870.pdf,1
organization,og0002,part of,organization,og0001,,Contract_Awards_PDFs/Tender_690870.pdf,1
tender,690870,belongs to project,project,pr0003,,Contract_Awards_PDFs/Tender_690870.pdf,1
company,co0222,was awarded,tender,695670,2598500.001,Contract_Awards_PDFs/Tender_695670.pdf,1
organization,og0058,awarded contract to,company,co0222,2598500.001,Contract_Awards_PDFs/Tender_695670.pdf,1
person,pp0112,approved award,tender,695670,Planning Officer,Contract_Awards_PDFs/Tender_695670.pdf,1
organization,og0058,part of,organization,og0016,,Contract_Awards_PDFs/Tender_695670.pdf,1
organization,og0016,part of,organization,og0001,,Contract_Awards_PDFs/Tender_695670.pdf,1
tender,695670,belongs to project,project,pr0003,,Contract_Awards_PDFs/Tender_695670.pdf,1
company,co0042,was awarded,tender,699109,17472802.004,Contract_Awards_PDFs/Tender_699109.pdf,1
organization,og0012,awarded contract to,company,co0042,17472802.004,Contract_Awards_PDFs/Tender_699109.pdf,1
person,pp0004,approved award,tender,699109,PD (Uttara Appartment),Contract_Awards_PDFs/Tender_699109.pdf,1
organization,og0012,part of,organization,og0002,,Contract_Awards_PDFs/Tender_699109.pdf,1
organization,og0002,part of,organization,og0001,,Contract_Awards_PDFs/Tender_699109.pdf,1
tender,699109,belongs to project,project,pr0003,,Contract_Awards_PDFs/Tender_699109.pdf,1
company,co0237,was awarded,tender,699111,22498801.427,Contract_Awards_PDFs/Tender_699111.pdf,1
organization,og0012,awarded contract to,company,co0237,22498801.427,Contract_Awards_PDFs/Tender_699111.pdf,1
person,pp0004,approved award,tender,699111,PD (Uttara Appartment),Contract_Awards_PDFs/Tender_699111.pdf,1
organization,og0012,part of,organization,og0002,,Contract_Awards_PDFs/Tender_699111.pdf,1
organization,og0002,part of,organization,og0001,,Contract_Awards_PDFs/Tender_699111.pdf,1
tender,699111,belongs to project,project,pr0003,,Contract_Awards_PDFs/Tender_699111.pdf,1
company,co0238,was awarded,tender,699961,2142865.125,Contract_Awards_PDFs/Tender_699961.pdf,1
organization,og0017,awarded contract to,company,co0238,2142865.125,Contract_Awards_PDFs/Tender_699961.pdf,1
person,pp0011,approved award,tender,699961,Assistant Programmer,Contract_Awards_PDFs/Tender_699961.pdf,1
organization,og0017,part of,organization,og0016,,Contract_Awards_PDFs/Tender_699961.pdf,1
organization,og0016,part of,organization,og0001,,Contract_Awards_PDFs/Tender_699961.pdf,1
tender,699961,belongs to project,project,pr0003,,Contract_Awards_PDFs/Tender_699961.pdf,1
company,co0239,was awarded,tender,703479,7829999.100,Contract_Awards_PDFs/Tender_703479.pdf,1
organization,og0030,awarded contract to,company,co0239,7829999.100,Contract_Awards_PDFs/Tender_703479.pdf,1
person,pp0097,approved award,tender,703479,Chaiman,Contract_Awards_PDFs/Tender_703479.pdf,1
organization,og0030,part of,organization,og0004,,Contract_Awards_PDFs/Tender_703479.pdf,1
organization,og0004,part of,organization,og0001,,Contract_Awards_PDFs/Tender_703479.pdf,1
tender,703479,belongs to project,project,pr0066,,Contract_Awards_PDFs/Tender_703479.pdf,1
company,co0088,was awarded,tender,706666,1517292.000,Contract_Awards_PDFs/Tender_706666.pdf,1
organization,og0011,awarded contract to,company,co0088,1517292.000,Contract_Awards_PDFs/Tender_706666.pdf,1
person,pp0007,approved award,tender,706666,Sup. Eng. (Elec.),Contract_Awards_PDFs/Tender_706666.pdf,1
organization,og0011,part of,organization,og0002,,Contract_Awards_PDFs/Tender_706666.pdf,1
organization,og0002,part of,organization,og0001,,Contract_Awards_PDFs/Tender_706666.pdf,1
tender,706666,belongs to project,project,pr0055,,Contract_Awards_PDFs/Tender_706666.pdf,1
company,co0128,was awarded,tender,710843,2401706.133,Contract_Awards_PDFs/Tender_710843.pdf,1
organization,og0014,awarded contract to,company,co0128,2401706.133,Contract_Awards_PDFs/Tender_710843.pdf,1
person,pp0009,approved award,tender,710843,Superintending Engineer,Contract_Awards_PDFs/Tender_710843.pdf,1
organization,og0014,part of,organization,og0002,,Contract_Awards_PDFs/Tender_710843.pdf,1
organization,og0002,part of,organization,og0001,,Contract_Awards_PDFs/Tender_710843.pdf,1
tender,710843,belongs to project,project,pr0003,,Contract_Awards_PDFs/Tender_710843.pdf,1
company,co0240,was awarded,tender,713622,10179659.646,Contract_Awards_PDFs/Tender_713622.pdf,1
organization,og0007,awarded contract to,company,co0240,10179659.646,Contract_Awards_PDFs/Tender_713622.pdf,1
person,pp0004,approved award,tender,713622,Superintending Engineer,Contract_Awards_PDFs/Tender_713622.pdf,1
organization,og0007,part of,organization,og0002,,Contract_Awards_PDFs/Tender_713622.pdf,1
organization,og0002,part of,organization,og0001,,Contract_Awards_PDFs/Tender_713622.pdf,1
tender,713622,belongs to project,project,pr0003,,Contract_Awards_PDFs/Tender_713622.pdf,1
company,co0241,was awarded,tender,727612,2273120.991,Contract_Awards_PDFs/Tender_727612.pdf,1
organization,og0014,awarded contract to,company,co0241,2273120.991,Contract_Awards_PDFs/Tender_727612.pdf,1
person,pp0009,approved award,tender,727612,Superintending Engineer,Contract_Awards_PDFs/Tender_727612.pdf,1
organization,og0014,part of,organization,og0002,,Contract_Awards_PDFs/Tender_727612.pdf,1
organization,og0002,part of,organization,og0001,,Contract_Awards_PDFs/Tender_727612.pdf,1
tender,727612,belongs to project,project,pr0003,,Contract_Awards_PDFs/Tender_727612.pdf,1
company,co0242,was awarded,tender,728690,1582766.150,Contract_Awards_PDFs/Tender_728690.pdf,1
organization,og0018,awarded contract to,company,co0242,1582766.150,Contract_Awards_PDFs/Tender_728690.pdf,1
person,pp0012,approved award,tender,728690,Executive Engineer (M),Contract_Awards_PDFs/Tender_728690.pdf,1
organization,og0018,part of,organization,og0016,,Contract_Awards_PDFs/Tender_728690.pdf,1
organization,og0016,part of,organization,og0001,,Contract_Awards_PDFs/Tender_728690.pdf,1
tender,728690,belongs to project,project,pr0003,,Contract_Awards_PDFs/Tender_728690.pdf,1
company,co0242,was awarded,tender,728691,1434449.004,Contract_Awards_PDFs/Tender_728691.pdf,1
organization,og0018,awarded contract to,company,co0242,1434449.004,Contract_Awards_PDFs/Tender_728691.pdf,1
person,pp0012,approved award,tender,728691,Executive Engineer (M),Contract_Awards_PDFs/Tender_728691.pdf,1
organization,og0018,part of,organization,og0016,,Contract_Awards_PDFs/Tender_728691.pdf,1
organization,og0016,part of,organization,og0001,,Contract_Awards_PDFs/Tender_728691.pdf,1
tender,728691,belongs to project,project,pr0003,,Contract_Awards_PDFs/Tender_728691.pdf,1
company,co0242,was awarded,tender,728692,1421549.007,Contract_Awards_PDFs/Tender_728692.pdf,1
organization,og0018,awarded contract to,company,co0242,1421549.007,Contract_Awards_PDFs/Tender_728692.pdf,1
person,pp0012,approved award,tender,728692,Executive Engineer (M),Contract_Awards_PDFs/Tender_728692.pdf,1
organization,og0018,part of,organization,og0016,,Contract_Awards_PDFs/Tender_728692.pdf,1
organization,og0016,part of,organization,og0001,,Contract_Awards_PDFs/Tender_728692.pdf,1
tender,728692,belongs to project,project,pr0003,,Contract_Awards_PDFs/Tender_728692.pdf,1
company,co0221,was awarded,tender,728810,1251155.511,Contract_Awards_PDFs/Tender_728810.pdf,1
organization,og0071,awarded contract to,company,co0221,1251155.511,Contract_Awards_PDFs/Tender_728810.pdf,1
person,pp0006,approved award,tender,728810,Executive Engineer,Contract_Awards_PDFs/Tender_728810.pdf,1
organization,og0071,part of,organization,og0009,,Contract_Awards_PDFs/Tender_728810.pdf,1
organization,og0009,part of,organization,og0001,,Contract_Awards_PDFs/Tender_728810.pdf,1
tender,728810,belongs to project,project,pr0003,,Contract_Awards_PDFs/Tender_728810.pdf,1
company,co0007,was awarded,tender,730799,3743397.001,Contract_Awards_PDFs/Tender_730799.pdf,1
organization,og0071,awarded contract to,company,co0007,3743397.001,Contract_Awards_PDFs/Tender_730799.pdf,1
person,pp0006,approved award,tender,730799,Executive Engineer,Contract_Awards_PDFs/Tender_730799.pdf,1
organization,og0071,part of,organization,og0009,,Contract_Awards_PDFs/Tender_730799.pdf,1
organization,og0009,part of,organization,og0001,,Contract_Awards_PDFs/Tender_730799.pdf,1
tender,730799,belongs to project,project,pr0003,,Contract_Awards_PDFs/Tender_730799.pdf,1
company,co0243,was awarded,tender,732686,78671412.468,Contract_Awards_PDFs/Tender_732686.pdf,1
organization,og0012,awarded contract to,company,co0243,78671412.468,Contract_Awards_PDFs/Tender_732686.pdf,1
person,pp0004,approved award,tender,732686,PD (Uttara Appartment),Contract_Awards_PDFs/Tender_732686.pdf,1
organization,og0012,part of,organization,og0002,,Contract_Awards_PDFs/Tender_732686.pdf,1
organization,og0002,part of,organization,og0001,,Contract_Awards_PDFs/Tender_732686.pdf,1
tender,732686,belongs to project,project,pr0003,,Contract_Awards_PDFs/Tender_732686.pdf,1
company,co0244,was awarded,tender,733637,3501581.850,Contract_Awards_PDFs/Tender_733637.pdf,1
organization,og0020,awarded contract to,company,co0244,3501581.850,Contract_Awards_PDFs/Tender_733637.pdf,1
person,pp0106,approved award,tender,733637,Member (Engineer),Contract_Awards_PDFs/Tender_733637.pdf,1
organization,og0020,part of,organization,og0020,,Contract_Awards_PDFs/Tender_733637.pdf,1
organization,og0020,part of,organization,og0001,,Contract_Awards_PDFs/Tender_733637.pdf,1
tender,733637,belongs to project,project,pr0003,,Contract_Awards_PDFs/Tender_733637.pdf,1
company,co0204,was awarded,tender,735107,115180656.255,Contract_Awards_PDFs/Tender_735107.pdf,1
organization,og0068,awarded contract to,company,co0204,115180656.255,Contract_Awards_PDFs/Tender_735107.pdf,1
person,pp0006,approved award,tender,735107,Executive Engineer,Contract_Awards_PDFs/Tender_735107.pdf,1
organization,og0068,part of,organization,og0009,,Contract_Awards_PDFs/Tender_735107.pdf,1
organization,og0009,part of,organization,og0001,,Contract_Awards_PDFs/Tender_735107.pdf,1
tender,735107,belongs to project,project,pr0074,,Contract_Awards_PDFs/Tender_735107.pdf,1
company,co0220,was awarded,tender,736874,6304878.000,Contract_Awards_PDFs/Tender_736874.pdf,1
organization,og0068,awarded contract to,company,co0220,6304878.000,Contract_Awards_PDFs/Tender_736874.pdf,1
person,pp0006,approved award,tender,736874,Executive Engineer,Contract_Awards_PDFs/Tender_736874.pdf,1
organization,og0068,part of,organization,og0009,,Contract_Awards_PDFs/Tender_736874.pdf,1
organization,og0009,part of,organization,og0001,,Contract_Awards_PDFs/Tender_736874.pdf,1
tender,736874,belongs to project,project,pr0074,,Contract_Awards_PDFs/Tender_736874.pdf,1
company,co0042,was awarded,tender,737121,14050000.783,Contract_Awards_PDFs/Tender_737121.pdf,1
organization,og0006,awarded contract to,company,co0042,14050000.783,Contract_Awards_PDFs/Tender_737121.pdf,1
person,pp0003,approved award,tender,737121,PD (9apt),Contract_Awards_PDFs/Tender_737121.pdf,1
organization,og0006,part of,organization,og0002,,Contract_Awards_PDFs/Tender_737121.pdf,1
organization,og0002,part of,organization,og0001,,Contract_Awards_PDFs/Tender_737121.pdf,1
tender,737121,belongs to project,project,pr0003,,Contract_Awards_PDFs/Tender_737121.pdf,1
company,co0245,was awarded,tender,745109,9969999.758,Contract_Awards_PDFs/Tender_745109.pdf,1
organization,og0070,awarded contract to,company,co0245,9969999.758,Contract_Awards_PDFs/Tender_745109.pdf,1
person,pp0111,approved award,tender,745109,Deputy Chief Town Planner,Contract_Awards_PDFs/Tender_745109.pdf,1
organization,og0070,part of,organization,og0009,,Contract_Awards_PDFs/Tender_745109.pdf,1
organization,og0009,part of,organization,og0001,,Contract_Awards_PDFs/Tender_745109.pdf,1
tender,745109,belongs to project,project,pr0078,,Contract_Awards_PDFs/Tender_745109.pdf,1
company,co0043,was awarded,tender,747343,795600.009,Contract_Awards_PDFs/Tender_747343.pdf,1
organization,og0008,awarded contract to,company,co0043,795600.009,Contract_Awards_PDFs/Tender_747343.pdf,1
person,pp0005,approved award,tender,747343,Sup. Eng. (Mechanical),Contract_Awards_PDFs/Tender_747343.pdf,1
organization,og0008,part of,organization,og0002,,Contract_Awards_PDFs/Tender_747343.pdf,1
organization,og0002,part of,organization,og0001,,Contract_Awards_PDFs/Tender_747343.pdf,1
tender,747343,belongs to project,project,pr0004,,Contract_Awards_PDFs/Tender_747343.pdf,1
company,co0197,was awarded,tender,747837,25461859.446,Contract_Awards_PDFs/Tender_747837.pdf,1
organization,og0012,awarded contract to,company,co0197,25461859.446,Contract_Awards_PDFs/Tender_747837.pdf,1
person,pp0004,approved award,tender,747837,PD (Uttara Appartment),Contract_Awards_PDFs/Tender_747837.pdf,1
organization,og0012,part of,organization,og0002,,Contract_Awards_PDFs/Tender_747837.pdf,1
organization,og0002,part of,organization,og0001,,Contract_Awards_PDFs/Tender_747837.pdf,1
tender,747837,belongs to project,project,pr0003,,Contract_Awards_PDFs/Tender_747837.pdf,1
company,co0246,was awarded,tender,752801,452992528.197,Contract_Awards_PDFs/Tender_752801.pdf,1
organization,og0072,awarded contract to,company,co0246,452992528.197,Contract_Awards_PDFs/Tender_752801.pdf,1
person,pp0009,approved award,tender,752801,Superintending Engineer,Contract_Awards_PDFs/Tender_752801.pdf,1
organization,og0072,part of,organization,og0002,,Contract_Awards_PDFs/Tender_752801.pdf,1
organization,og0002,part of,organization,og0001,,Contract_Awards_PDFs/Tender_752801.pdf,1
tender,752801,belongs to project,project,pr0079,,Contract_Awards_PDFs/Tender_752801.pdf,1
company,co0014,was awarded,tender,755274,751429.800,Contract_Awards_PDFs/Tender_755274.pdf,1
organization,og0011,awarded contract to,company,co0014,751429.800,Contract_Awards_PDFs/Tender_755274.pdf,1
person,pp0005,approved award,tender,755274,Sup. Eng. (Elec.),Contract_Awards_PDFs/Tender_755274.pdf,1
organization,og0011,part of,organization,og0002,,Contract_Awards_PDFs/Tender_755274.pdf,1
organization,og0002,part of,organization,og0001,,Contract_Awards_PDFs/Tender_755274.pdf,1
tender,755274,belongs to project,project,pr0018,,Contract_Awards_PDFs/Tender_755274.pdf,1
company,co0109,was awarded,tender,755479,648090.009,Contract_Awards_PDFs/Tender_755479.pdf,1
organization,og0008,awarded contract to,company,co0109,648090.009,Contract_Awards_PDFs/Tender_755479.pdf,1
person,pp0005,approved award,tender,755479,Sup. Eng. (Mechanical),Contract_Awards_PDFs/Tender_755479.pdf,1
organization,og0008,part of,organization,og0002,,Contract_Awards_PDFs/Tender_755479.pdf,1
organization,og0002,part of,organization,og0001,,Contract_Awards_PDFs/Tender_755479.pdf,1
tender,755479,belongs to project,project,pr0004,,Contract_Awards_PDFs/Tender_755479.pdf,1
company,co0005,was awarded,tender,756104,833300.005,Contract_Awards_PDFs/Tender_756104.pdf,1
organization,og0008,awarded contract to,company,co0005,833300.005,Contract_Awards_PDFs/Tender_756104.pdf,1
person,pp0005,approved award,tender,756104,Sup. Eng. (Mechanical),Contract_Awards_PDFs/Tender_756104.pdf,1
organization,og0008,part of,organization,og0002,,Contract_Awards_PDFs/Tender_756104.pdf,1
organization,og0002,part of,organization,og0001,,Contract_Awards_PDFs/Tender_756104.pdf,1
tender,756104,belongs to project,project,pr0004,,Contract_Awards_PDFs/Tender_756104.pdf,1
company,co0145,was awarded,tender,770669,32168480.560,Contract_Awards_PDFs/Tender_770669.pdf,1
organization,og0012,awarded contract to,company,co0145,32168480.560,Contract_Awards_PDFs/Tender_770669.pdf,1
person,pp0004,approved award,tender,770669,PD (Uttara Appartment),Contract_Awards_PDFs/Tender_770669.pdf,1
organization,og0012,part of,organization,og0002,,Contract_Awards_PDFs/Tender_770669.pdf,1
organization,og0002,part of,organization,og0001,,Contract_Awards_PDFs/Tender_770669.pdf,1
tender,770669,belongs to project,project,pr0003,,Contract_Awards_PDFs/Tender_770669.pdf,1
company,co0168,was awarded,tender,773275,778000.000,Contract_Awards_PDFs/Tender_773275.pdf,1
organization,og0031,awarded contract to,company,co0168,778000.000,Contract_Awards_PDFs/Tender_773275.pdf,1
person,pp0024,approved award,tender,773275,Project Director,Contract_Awards_PDFs/Tender_773275.pdf,1
organization,og0031,part of,organization,og0009,,Contract_Awards_PDFs/Tender_773275.pdf,1
organization,og0009,part of,organization,og0001,,Contract_Awards_PDFs/Tender_773275.pdf,1
tender,773275,belongs to project,project,pr0003,,Contract_Awards_PDFs/Tender_773275.pdf,1
company,co0204,was awarded,tender,775105,8812446857.066,Contract_Awards_PDFs/Tender_775105.pdf,1
organization,og0060,awarded contract to,company,co0204,8812446857.066,Contract_Awards_PDFs/Tender_775105.pdf,1
person,pp0096,approved award,tender,775105,Executive Engineer,Contract_Awards_PDFs/Tender_775105.pdf,1
organization,og0060,part of,organization,og0009,,Contract_Awards_PDFs/Tender_775105.pdf,1
organization,og0009,part of,organization,og0001,,Contract_Awards_PDFs/Tender_775105.pdf,1
tender,775105,belongs to project,project,pr0080,,Contract_Awards_PDFs/Tender_775105.pdf,1
company,co0247,was awarded,tender,775307,53908596.900,Contract_Awards_PDFs/Tender_775307.pdf,1
organization,og0012,awarded contract to,company,co0247,53908596.900,Contract_Awards_PDFs/Tender_775307.pdf,1
person,pp0004,approved award,tender,775307,PD (Uttara Appartment),Contract_Awards_PDFs/Tender_775307.pdf,1
organization,og0012,part of,organization,og0002,,Contract_Awards_PDFs/Tender_775307.pdf,1
organization,og0002,part of,organization,og0001,,Contract_Awards_PDFs/Tender_775307.pdf,1
tender,775307,belongs to project,project,pr0003,,Contract_Awards_PDFs/Tender_775307.pdf,1
company,co0053,was awarded,tender,775518,1446505.750,Contract_Awards_PDFs/Tender_775518.pdf,1
organization,og0012,awarded contract to,company,co0053,1446505.750,Contract_Awards_PDFs/Tender_775518.pdf,1
person,pp0004,approved award,tender,775518,PD (Uttara Appartment),Contract_Awards_PDFs/Tender_775518.pdf,1
organization,og0012,part of,organization,og0002,,Contract_Awards_PDFs/Tender_775518.pdf,1
organization,og0002,part of,organization,og0001,,Contract_Awards_PDFs/Tender_775518.pdf,1
tender,775518,belongs to project,project,pr0003,,Contract_Awards_PDFs/Tender_775518.pdf,1
company,co0008,was awarded,tender,780102,1339640.111,Contract_Awards_PDFs/Tender_780102.pdf,1
organization,og0038,awarded contract to,company,co0008,1339640.111,Contract_Awards_PDFs/Tender_780102.pdf,1
person,pp0069,approved award,tender,780102,System Analyst,Contract_Awards_PDFs/Tender_780102.pdf,1
organization,og0038,part of,organization,og0009,,Contract_Awards_PDFs/Tender_780102.pdf,1
organization,og0009,part of,organization,og0001,,Contract_Awards_PDFs/Tender_780102.pdf,1
tender,780102,belongs to project,project,pr0003,,Contract_Awards_PDFs/Tender_780102.pdf,1
company,co0244,was awarded,tender,781011,1889502.525,Contract_Awards_PDFs/Tender_781011.pdf,1
organization,og0020,awarded contract to,company,co0244,1889502.525,Contract_Awards_PDFs/Tender_781011.pdf,1
person,pp0113,approved award,tender,781011,Member (Engineer),Contract_Awards_PDFs/Tender_781011.pdf,1
organization,og0020,part of,organization,og0020,,Contract_Awards_PDFs/Tender_781011.pdf,1
organization,og0020,part of,organization,og0001,,Contract_Awards_PDFs/Tender_781011.pdf,1
tender,781011,belongs to project,project,pr0003,,Contract_Awards_PDFs/Tender_781011.pdf,1
company,co0204,was awarded,tender,781266,791796036.692,Contract_Awards_PDFs/Tender_781266.pdf,1
organization,og0073,awarded contract to,company,co0204,791796036.692,Contract_Awards_PDFs/Tender_781266.pdf,1
person,pp0114,approved award,tender,781266,Project Director,Contract_Awards_PDFs/Tender_781266.pdf,1
organization,og0073,part of,organization,og0009,,Contract_Awards_PDFs/Tender_781266.pdf,1
organization,og0009,part of,organization,og0001,,Contract_Awards_PDFs/Tender_781266.pdf,1
tender,781266,belongs to project,project,pr0081,,Contract_Awards_PDFs/Tender_781266.pdf,1
company,co0161,was awarded,tender,783087,965147418.580,Contract_Awards_PDFs/Tender_783087.pdf,1
organization,og0074,awarded contract to,company,co0161,965147418.580,Contract_Awards_PDFs/Tender_783087.pdf,1
person,pp0115,approved award,tender,783087,Superintending Engineer,Contract_Awards_PDFs/Tender_783087.pdf,1
organization,og0074,part of,organization,og0016,,Contract_Awards_PDFs/Tender_783087.pdf,1
organization,og0016,part of,organization,og0001,,Contract_Awards_PDFs/Tender_783087.pdf,1
tender,783087,belongs to project,project,pr0003,,Contract_Awards_PDFs/Tender_783087.pdf,1
company,co0016,was awarded,tender,789918,25399867.617,Contract_Awards_PDFs/Tender_789918.pdf,1
organization,og0015,awarded contract to,company,co0016,25399867.617,Contract_Awards_PDFs/Tender_789918.pdf,1
person,pp0116,approved award,tender,789918,Project Director,Contract_Awards_PDFs/Tender_789918.pdf,1
organization,og0015,part of,organization,og0002,,Contract_Awards_PDFs/Tender_789918.pdf,1
organization,og0002,part of,organization,og0001,,Contract_Awards_PDFs/Tender_789918.pdf,1
tender,789918,belongs to project,project,pr0009,,Contract_Awards_PDFs/Tender_789918.pdf,1
company,co0001,was awarded,tender,789921,86650791.903,Contract_Awards_PDFs/Tender_789921.pdf,1
organization,og0015,awarded contract to,company,co0001,86650791.903,Contract_Awards_PDFs/Tender_789921.pdf,1
person,pp0116,approved award,tender,789921,Project Director,Contract_Awards_PDFs/Tender_789921.pdf,1
organization,og0015,part of,organization,og0002,,Contract_Awards_PDFs/Tender_789921.pdf,1
organization,og0002,part of,organization,og0001,,Contract_Awards_PDFs/Tender_789921.pdf,1
tender,789921,belongs to project,project,pr0009,,Contract_Awards_PDFs/Tender_789921.pdf,1
company,co0008,was awarded,tender,791688,2888470.843,Contract_Awards_PDFs/Tender_791688.pdf,1
organization,og0071,awarded contract to,company,co0008,2888470.843,Contract_Awards_PDFs/Tender_791688.pdf,1
person,pp0006,approved award,tender,791688,Executive Engineer,Contract_Awards_PDFs/Tender_791688.pdf,1
organization,og0071,part of,organization,og0009,,Contract_Awards_PDFs/Tender_791688.pdf,1
organization,og0009,part of,organization,og0001,,Contract_Awards_PDFs/Tender_791688.pdf,1
tender,791688,belongs to project,project,pr0003,,Contract_Awards_PDFs/Tender_791688.pdf,1
company,co0248,was awarded,tender,79395,79802128.800,Contract_Awards_PDFs/Tender_79395.pdf,1
organization,og0032,awarded contract to,company,co0248,79802128.800,Contract_Awards_PDFs/Tender_79395.pdf,1
person,pp0053,approved award,tender,79395,"Chief Engineer, Implementation",Contract_Awards_PDFs/Tender_79395.pdf,1
organization,og0032,part of,organization,og0002,,Contract_Awards_PDFs/Tender_79395.pdf,1
organization,og0002,part of,organization,og0001,,Contract_Awards_PDFs/Tender_79395.pdf,1
tender,79395,belongs to project,project,pr0041,,Contract_Awards_PDFs/Tender_79395.pdf,1
company,co0248,was awarded,tender,80585,83879558.100,Contract_Awards_PDFs/Tender_80585.pdf,1
organization,og0032,awarded contract to,company,co0248,83879558.100,Contract_Awards_PDFs/Tender_80585.pdf,1
person,pp0053,approved award,tender,80585,"Chief Engineer, Implementation",Contract_Awards_PDFs/Tender_80585.pdf,1
organization,og0032,part of,organization,og0002,,Contract_Awards_PDFs/Tender_80585.pdf,1
organization,og0002,part of,organization,og0001,,Contract_Awards_PDFs/Tender_80585.pdf,1
tender,80585,belongs to project,project,pr0041,,Contract_Awards_PDFs/Tender_80585.pdf,1
company,co0248,was awarded,tender,80586,71975651.400,Contract_Awards_PDFs/Tender_80586.pdf,1
organization,og0032,awarded contract to,company,co0248,71975651.400,Contract_Awards_PDFs/Tender_80586.pdf,1
person,pp0053,approved award,tender,80586,"Chief Engineer, Implementation",Contract_Awards_PDFs/Tender_80586.pdf,1
organization,og0032,part of,organization,og0002,,Contract_Awards_PDFs/Tender_80586.pdf,1
organization,og0002,part of,organization,og0001,,Contract_Awards_PDFs/Tender_80586.pdf,1
tender,80586,belongs to project,project,pr0041,,Contract_Awards_PDFs/Tender_80586.pdf,1
company,co0249,was awarded,tender,807903,36704663.586,Contract_Awards_PDFs/Tender_807903.pdf,1
organization,og0015,awarded contract to,company,co0249,36704663.586,Contract_Awards_PDFs/Tender_807903.pdf,1
person,pp0116,approved award,tender,807903,Project Director,Contract_Awards_PDFs/Tender_807903.pdf,1
organization,og0015,part of,organization,og0002,,Contract_Awards_PDFs/Tender_807903.pdf,1
organization,og0002,part of,organization,og0001,,Contract_Awards_PDFs/Tender_807903.pdf,1
tender,807903,belongs to project,project,pr0009,,Contract_Awards_PDFs/Tender_807903.pdf,1
company,co0236,was awarded,tender,808097,9998620.468,Contract_Awards_PDFs/Tender_808097.pdf,1
organization,og0020,awarded contract to,company,co0236,9998620.468,Contract_Awards_PDFs/Tender_808097.pdf,1
person,pp0113,approved award,tender,808097,Member (Engineer),Contract_Awards_PDFs/Tender_808097.pdf,1
organization,og0020,part of,organization,og0020,,Contract_Awards_PDFs/Tender_808097.pdf,1
organization,og0020,part of,organization,og0001,,Contract_Awards_PDFs/Tender_808097.pdf,1
tender,808097,belongs to project,project,pr0003,,Contract_Awards_PDFs/Tender_808097.pdf,1
company,co0250,was awarded,tender,815786,4292000.000,Contract_Awards_PDFs/Tender_815786.pdf,1
organization,og0038,awarded contract to,company,co0250,4292000.000,Contract_Awards_PDFs/Tender_815786.pdf,1
person,pp0069,approved award,tender,815786,System Analyst,Contract_Awards_PDFs/Tender_815786.pdf,1
organization,og0038,part of,organization,og0009,,Contract_Awards_PDFs/Tender_815786.pdf,1
organization,og0009,part of,organization,og0001,,Contract_Awards_PDFs/Tender_815786.pdf,1
tender,815786,belongs to project,project,pr0003,,Contract_Awards_PDFs/Tender_815786.pdf,1
company,co0205,was awarded,tender,824096,3388017.550,Contract_Awards_PDFs/Tender_824096.pdf,1
organization,og0021,awarded contract to,company,co0205,3388017.550,Contract_Awards_PDFs/Tender_824096.pdf,1
person,pp0006,approved award,tender,824096,Executive Engineer,Contract_Awards_PDFs/Tender_824096.pdf,1
organization,og0021,part of,organization,og0009,,Contract_Awards_PDFs/Tender_824096.pdf,1
organization,og0009,part of,organization,og0001,,Contract_Awards_PDFs/Tender_824096.pdf,1
tender,824096,belongs to project,project,pr0003,,Contract_Awards_PDFs/Tender_824096.pdf,1
company,co0003,was awarded,tender,826146,74638988.254,Contract_Awards_PDFs/Tender_826146.pdf,1
organization,og0012,awarded contract to,company,co0003,74638988.254,Contract_Awards_PDFs/Tender_826146.pdf,1
person,pp0004,approved award,tender,826146,PD (Uttara Appartment),Contract_Awards_PDFs/Tender_826146.pdf,1
organization,og0012,part of,organization,og0002,,Contract_Awards_PDFs/Tender_826146.pdf,1
organization,og0002,part of,organization,og0001,,Contract_Awards_PDFs/Tender_826146.pdf,1
tender,826146,belongs to project,project,pr0003,,Contract_Awards_PDFs/Tender_826146.pdf,1
company,co0251,was awarded,tender,827087,949250.535,Contract_Awards_PDFs/Tender_827087.pdf,1
organization,og0020,awarded contract to,company,co0251,949250.535,Contract_Awards_PDFs/Tender_827087.pdf,1
person,pp0113,approved award,tender,827087,Member (Engineer),Contract_Awards_PDFs/Tender_827087.pdf,1
organization,og0020,part of,organization,og0020,,Contract_Awards_PDFs/Tender_827087.pdf,1
organization,og0020,part of,organization,og0001,,Contract_Awards_PDFs/Tender_827087.pdf,1
tender,827087,belongs to project,project,pr0003,,Contract_Awards_PDFs/Tender_827087.pdf,1
company,co0013,was awarded,tender,827548,39109436.181,Contract_Awards_PDFs/Tender_827548.pdf,1
organization,og0015,awarded contract to,company,co0013,39109436.181,Contract_Awards_PDFs/Tender_827548.pdf,1
person,pp0116,approved award,tender,827548,Project Director,Contract_Awards_PDFs/Tender_827548.pdf,1
organization,og0015,part of,organization,og0002,,Contract_Awards_PDFs/Tender_827548.pdf,1
organization,og0002,part of,organization,og0001,,Contract_Awards_PDFs/Tender_827548.pdf,1
tender,827548,belongs to project,project,pr0009,,Contract_Awards_PDFs/Tender_827548.pdf,1
company,co0041,was awarded,tender,828053,7198146.000,Contract_Awards_PDFs/Tender_828053.pdf,1
organization,og0011,awarded contract to,company,co0041,7198146.000,Contract_Awards_PDFs/Tender_828053.pdf,1
person,pp0005,approved award,tender,828053,Sup. Eng. (Elec.),Contract_Awards_PDFs/Tender_828053.pdf,1
organization,og0011,part of,organization,og0002,,Contract_Awards_PDFs/Tender_828053.pdf,1
organization,og0002,part of,organization,og0001,,Contract_Awards_PDFs/Tender_828053.pdf,1
tender,828053,belongs to project,project,pr0020,,Contract_Awards_PDFs/Tender_828053.pdf,1
company,co0252,was awarded,tender,832064,10540782.332,Contract_Awards_PDFs/Tender_832064.pdf,1
organization,og0011,awarded contract to,company,co0252,10540782.332,Contract_Awards_PDFs/Tender_832064.pdf,1
person,pp0005,approved award,tender,832064,Sup. Eng. (Elec.),Contract_Awards_PDFs/Tender_832064.pdf,1
organization,og0011,part of,organization,og0002,,Contract_Awards_PDFs/Tender_832064.pdf,1
organization,og0002,part of,organization,og0001,,Contract_Awards_PDFs/Tender_832064.pdf,1
tender,832064,belongs to project,project,pr0021,,Contract_Awards_PDFs/Tender_832064.pdf,1
company,co0039,was awarded,tender,834339,2394588.278,Contract_Awards_PDFs/Tender_834339.pdf,1
organization,og0035,awarded contract to,company,co0039,2394588.278,Contract_Awards_PDFs/Tender_834339.pdf,1
person,pp0041,approved award,tender,834339,Deputy Town Planner,Contract_Awards_PDFs/Tender_834339.pdf,1
organization,og0035,part of,organization,og0020,,Contract_Awards_PDFs/Tender_834339.pdf,1
organization,og0020,part of,organization,og0001,,Contract_Awards_PDFs/Tender_834339.pdf,1
tender,834339,belongs to project,project,pr0033,,Contract_Awards_PDFs/Tender_834339.pdf,1
company,co0164,was awarded,tender,835443,3995000.016,Contract_Awards_PDFs/Tender_835443.pdf,1
organization,og0035,awarded contract to,company,co0164,3995000.016,Contract_Awards_PDFs/Tender_835443.pdf,1
person,pp0041,approved award,tender,835443,Deputy Town Planner,Contract_Awards_PDFs/Tender_835443.pdf,1
organization,og0035,part of,organization,og0020,,Contract_Awards_PDFs/Tender_835443.pdf,1
organization,og0020,part of,organization,og0001,,Contract_Awards_PDFs/Tender_835443.pdf,1
tender,835443,belongs to project,project,pr0033,,Contract_Awards_PDFs/Tender_835443.pdf,1
company,co0136,was awarded,tender,835607,3889900.292,Contract_Awards_PDFs/Tender_835607.pdf,1
organization,og0035,awarded contract to,company,co0136,3889900.292,Contract_Awards_PDFs/Tender_835607.pdf,1
person,pp0041,approved award,tender,835607,Deputy Town Planner,Contract_Awards_PDFs/Tender_835607.pdf,1
organization,og0035,part of,organization,og0020,,Contract_Awards_PDFs/Tender_835607.pdf,1
organization,og0020,part of,organization,og0001,,Contract_Awards_PDFs/Tender_835607.pdf,1
tender,835607,belongs to project,project,pr0033,,Contract_Awards_PDFs/Tender_835607.pdf,1
company,co0253,was awarded,tender,835662,568279.892,Contract_Awards_PDFs/Tender_835662.pdf,1
organization,og0035,awarded contract to,company,co0253,568279.892,Contract_Awards_PDFs/Tender_835662.pdf,1
person,pp0041,approved award,tender,835662,Deputy Town Planner,Contract_Awards_PDFs/Tender_835662.pdf,1
organization,og0035,part of,organization,og0020,,Contract_Awards_PDFs/Tender_835662.pdf,1
organization,og0020,part of,organization,og0001,,Contract_Awards_PDFs/Tender_835662.pdf,1
tender,835662,belongs to project,project,pr0033,,Contract_Awards_PDFs/Tender_835662.pdf,1
company,co0251,was awarded,tender,835847,711206.814,Contract_Awards_PDFs/Tender_835847.pdf,1
organization,og0035,awarded contract to,company,co0251,711206.814,Contract_Awards_PDFs/Tender_835847.pdf,1
person,pp0041,approved award,tender,835847,Deputy Town Planner,Contract_Awards_PDFs/Tender_835847.pdf,1
organization,og0035,part of,organization,og0020,,Contract_Awards_PDFs/Tender_835847.pdf,1
organization,og0020,part of,organization,og0001,,Contract_Awards_PDFs/Tender_835847.pdf,1
tender,835847,belongs to project,project,pr0033,,Contract_Awards_PDFs/Tender_835847.pdf,1
company,co0254,was awarded,tender,836225,1450736.100,Contract_Awards_PDFs/Tender_836225.pdf,1
organization,og0030,awarded contract to,company,co0254,1450736.100,Contract_Awards_PDFs/Tender_836225.pdf,1
person,pp0117,approved award,tender,836225,Chaiman,Contract_Awards_PDFs/Tender_836225.pdf,1
organization,og0030,part of,organization,og0004,,Contract_Awards_PDFs/Tender_836225.pdf,1
organization,og0004,part of,organization,og0001,,Contract_Awards_PDFs/Tender_836225.pdf,1
tender,836225,belongs to project,project,pr0003,,Contract_Awards_PDFs/Tender_836225.pdf,1
company,co0255,was awarded,tender,836329,1725135.081,Contract_Awards_PDFs/Tender_836329.pdf,1
organization,og0038,awarded contract to,company,co0255,1725135.081,Contract_Awards_PDFs/Tender_836329.pdf,1
person,pp0069,approved award,tender,836329,System Analyst,Contract_Awards_PDFs/Tender_836329.pdf,1
organization,og0038,part of,organization,og0009,,Contract_Awards_PDFs/Tender_836329.pdf,1
organization,og0009,part of,organization,og0001,,Contract_Awards_PDFs/Tender_836329.pdf,1
tender,836329,belongs to project,project,pr0003,,Contract_Awards_PDFs/Tender_836329.pdf,1
company,co0039,was awarded,tender,837643,16885994.570,Contract_Awards_PDFs/Tender_837643.pdf,1
organization,og0035,awarded contract to,company,co0039,16885994.570,Contract_Awards_PDFs/Tender_837643.pdf,1
person,pp0041,approved award,tender,837643,Deputy Town Planner,Contract_Awards_PDFs/Tender_837643.pdf,1
organization,og0035,part of,organization,og0020,,Contract_Awards_PDFs/Tender_837643.pdf,1
organization,og0020,part of,organization,og0001,,Contract_Awards_PDFs/Tender_837643.pdf,1
tender,837643,belongs to project,project,pr0033,,Contract_Awards_PDFs/Tender_837643.pdf,1
company,co0039,was awarded,tender,837644,19786172.511,Contract_Awards_PDFs/Tender_837644.pdf,1
organization,og0035,awarded contract to,company,co0039,19786172.511,Contract_Awards_PDFs/Tender_837644.pdf,1
person,pp0041,approved award,tender,837644,Deputy Town Planner,Contract_Awards_PDFs/Tender_837644.pdf,1
organization,og0035,part of,organization,og0020,,Contract_Awards_PDFs/Tender_837644.pdf,1
organization,og0020,part of,organization,og0001,,Contract_Awards_PDFs/Tender_837644.pdf,1
tender,837644,belongs to project,project,pr0033,,Contract_Awards_PDFs/Tender_837644.pdf,1
company,co0256,was awarded,tender,840372,2322988.272,Contract_Awards_PDFs/Tender_840372.pdf,1
organization,og0031,awarded contract to,company,co0256,2322988.272,Contract_Awards_PDFs/Tender_840372.pdf,1
person,pp0024,approved award,tender,840372,Project Director,Contract_Awards_PDFs/Tender_840372.pdf,1
organization,og0031,part of,organization,og0009,,Contract_Awards_PDFs/Tender_840372.pdf,1
organization,og0009,part of,organization,og0001,,Contract_Awards_PDFs/Tender_840372.pdf,1
tender,840372,belongs to project,project,pr0003,,Contract_Awards_PDFs/Tender_840372.pdf,1
company,co0011,was awarded,tender,842165,1842091.095,Contract_Awards_PDFs/Tender_842165.pdf,1
organization,og0006,awarded contract to,company,co0011,1842091.095,Contract_Awards_PDFs/Tender_842165.pdf,1
person,pp0003,approved award,tender,842165,PD (9apt),Contract_Awards_PDFs/Tender_842165.pdf,1
organization,og0006,part of,organization,og0002,,Contract_Awards_PDFs/Tender_842165.pdf,1
organization,og0002,part of,organization,og0001,,Contract_Awards_PDFs/Tender_842165.pdf,1
tender,842165,belongs to project,project,pr0003,,Contract_Awards_PDFs/Tender_842165.pdf,1
company,co0257,was awarded,tender,848555,51133146.948,Contract_Awards_PDFs/Tender_848555.pdf,1
organization,og0073,awarded contract to,company,co0257,51133146.948,Contract_Awards_PDFs/Tender_848555.pdf,1
person,pp0114,approved award,tender,848555,Project Director,Contract_Awards_PDFs/Tender_848555.pdf,1
organization,og0073,part of,organization,og0009,,Contract_Awards_PDFs/Tender_848555.pdf,1
organization,og0009,part of,organization,og0001,,Contract_Awards_PDFs/Tender_848555.pdf,1
tender,848555,belongs to project,project,pr0081,,Contract_Awards_PDFs/Tender_848555.pdf,1
company,co0258,was awarded,tender,851863,2707964.064,Contract_Awards_PDFs/Tender_851863.pdf,1
organization,og0021,awarded contract to,company,co0258,2707964.064,Contract_Awards_PDFs/Tender_851863.pdf,1
person,pp0006,approved award,tender,851863,Executive Engineer,Contract_Awards_PDFs/Tender_851863.pdf,1
organization,og0021,part of,organization,og0009,,Contract_Awards_PDFs/Tender_851863.pdf,1
organization,og0009,part of,organization,og0001,,Contract_Awards_PDFs/Tender_851863.pdf,1
tender,851863,belongs to project,project,pr0003,,Contract_Awards_PDFs/Tender_851863.pdf,1
company,co0168,was awarded,tender,851864,12402992.043,Contract_Awards_PDFs/Tender_851864.pdf,1
organization,og0021,awarded contract to,company,co0168,12402992.043,Contract_Awards_PDFs/Tender_851864.pdf,1
person,pp0006,approved award,tender,851864,Executive Engineer,Contract_Awards_PDFs/Tender_851864.pdf,1
organization,og0021,part of,organization,og0009,,Contract_Awards_PDFs/Tender_851864.pdf,1
organization,og0009,part of,organization,og0001,,Contract_Awards_PDFs/Tender_851864.pdf,1
tender,851864,belongs to project,project,pr0003,,Contract_Awards_PDFs/Tender_851864.pdf,1
company,co0259,was awarded,tender,851865,12814150.311,Contract_Awards_PDFs/Tender_851865.pdf,1
organization,og0021,awarded contract to,company,co0259,12814150.311,Contract_Awards_PDFs/Tender_851865.pdf,1
person,pp0006,approved award,tender,851865,Executive Engineer,Contract_Awards_PDFs/Tender_851865.pdf,1
organization,og0021,part of,organization,og0009,,Contract_Awards_PDFs/Tender_851865.pdf,1
organization,og0009,part of,organization,og0001,,Contract_Awards_PDFs/Tender_851865.pdf,1
tender,851865,belongs to project,project,pr0003,,Contract_Awards_PDFs/Tender_851865.pdf,1
company,co0260,was awarded,tender,857646,831424240.458,Contract_Awards_PDFs/Tender_857646.pdf,1
organization,og0006,awarded contract to,company,co0260,831424240.458,Contract_Awards_PDFs/Tender_857646.pdf,1
person,pp0003,approved award,tender,857646,PD (9apt),Contract_Awards_PDFs/Tender_857646.pdf,1
organization,og0006,part of,organization,og0002,,Contract_Awards_PDFs/Tender_857646.pdf,1
organization,og0002,part of,organization,og0001,,Contract_Awards_PDFs/Tender_857646.pdf,1
tender,857646,belongs to project,project,pr0003,,Contract_Awards_PDFs/Tender_857646.pdf,1
company,co0042,was awarded,tender,858747,20293330.080,Contract_Awards_PDFs/Tender_858747.pdf,1
organization,og0015,awarded contract to,company,co0042,20293330.080,Contract_Awards_PDFs/Tender_858747.pdf,1
person,pp0116,approved award,tender,858747,Project Director,Contract_Awards_PDFs/Tender_858747.pdf,1
organization,og0015,part of,organization,og0002,,Contract_Awards_PDFs/Tender_858747.pdf,1
organization,og0002,part of,organization,og0001,,Contract_Awards_PDFs/Tender_858747.pdf,1
tender,858747,belongs to project,project,pr0009,,Contract_Awards_PDFs/Tender_858747.pdf,1
company,co0261,was awarded,tender,859008,90465350.411,Contract_Awards_PDFs/Tender_859008.pdf,1
organization,og0030,awarded contract to,company,co0261,90465350.411,Contract_Awards_PDFs/Tender_859008.pdf,1
person,pp0002,approved award,tender,859008,Assistant Engineer,Contract_Awards_PDFs/Tender_859008.pdf,1
organization,og0030,part of,organization,og0004,,Contract_Awards_PDFs/Tender_859008.pdf,1
organization,og0004,part of,organization,og0001,,Contract_Awards_PDFs/Tender_859008.pdf,1
tender,859008,belongs to project,project,pr0082,,Contract_Awards_PDFs/Tender_859008.pdf,1
company,co0262,was awarded,tender,860503,446902393.401,Contract_Awards_PDFs/Tender_860503.pdf,1
organization,og0012,awarded contract to,company,co0262,446902393.401,Contract_Awards_PDFs/Tender_860503.pdf,1
person,pp0004,approved award,tender,860503,PD (Uttara Appartment),Contract_Awards_PDFs/Tender_860503.pdf,1
organization,og0012,part of,organization,og0002,,Contract_Awards_PDFs/Tender_860503.pdf,1
organization,og0002,part of,organization,og0001,,Contract_Awards_PDFs/Tender_860503.pdf,1
tender,860503,belongs to project,project,pr0003,,Contract_Awards_PDFs/Tender_860503.pdf,1
company,co0263,was awarded,tender,860822,40471936.052,Contract_Awards_PDFs/Tender_860822.pdf,1
organization,og0005,awarded contract to,company,co0263,40471936.052,Contract_Awards_PDFs/Tender_860822.pdf,1
person,pp0002,approved award,tender,860822,Superintending Engineer,Contract_Awards_PDFs/Tender_860822.pdf,1
organization,og0005,part of,organization,og0004,,Contract_Awards_PDFs/Tender_860822.pdf,1
organization,og0004,part of,organization,og0001,,Contract_Awards_PDFs/Tender_860822.pdf,1
tender,860822,belongs to project,project,pr0083,,Contract_Awards_PDFs/Tender_860822.pdf,1
company,co0264,was awarded,tender,860823,7358692.500,Contract_Awards_PDFs/Tender_860823.pdf,1
organization,og0005,awarded contract to,company,co0264,7358692.500,Contract_Awards_PDFs/Tender_860823.pdf,1
person,pp0002,approved award,tender,860823,Superintending Engineer,Contract_Awards_PDFs/Tender_860823.pdf,1
organization,og0005,part of,organization,og0004,,Contract_Awards_PDFs/Tender_860823.pdf,1
organization,og0004,part of,organization,og0001,,Contract_Awards_PDFs/Tender_860823.pdf,1
tender,860823,belongs to project,project,pr0083,,Contract_Awards_PDFs/Tender_860823.pdf,1
company,co0265,was awarded,tender,862601,5388565.650,Contract_Awards_PDFs/Tender_862601.pdf,1
organization,og0010,awarded contract to,company,co0265,5388565.650,Contract_Awards_PDFs/Tender_862601.pdf,1
person,pp0006,approved award,tender,862601,Assistant Engineer,Contract_Awards_PDFs/Tender_862601.pdf,1
organization,og0010,part of,organization,og0009,,Contract_Awards_PDFs/Tender_862601.pdf,1
organization,og0009,part of,organization,og0001,,Contract_Awards_PDFs/Tender_862601.pdf,1
tender,862601,belongs to project,project,pr0005,,Contract_Awards_PDFs/Tender_862601.pdf,1
company,co0007,was awarded,tender,862635,25299889.080,Contract_Awards_PDFs/Tender_862635.pdf,1
organization,og0010,awarded contract to,company,co0007,25299889.080,Contract_Awards_PDFs/Tender_862635.pdf,1
person,pp0006,approved award,tender,862635,Assistant Engineer,Contract_Awards_PDFs/Tender_862635.pdf,1
organization,og0010,part of,organization,og0009,,Contract_Awards_PDFs/Tender_862635.pdf,1
organization,og0009,part of,organization,og0001,,Contract_Awards_PDFs/Tender_862635.pdf,1
tender,862635,belongs to project,project,pr0005,,Contract_Awards_PDFs/Tender_862635.pdf,1
company,co0215,was awarded,tender,863109,18605443.464,Contract_Awards_PDFs/Tender_863109.pdf,1
organization,og0010,awarded contract to,company,co0215,18605443.464,Contract_Awards_PDFs/Tender_863109.pdf,1
person,pp0006,approved award,tender,863109,Assistant Engineer,Contract_Awards_PDFs/Tender_863109.pdf,1
organization,og0010,part of,organization,og0009,,Contract_Awards_PDFs/Tender_863109.pdf,1
organization,og0009,part of,organization,og0001,,Contract_Awards_PDFs/Tender_863109.pdf,1
tender,863109,belongs to project,project,pr0005,,Contract_Awards_PDFs/Tender_863109.pdf,1
company,co0266,was awarded,tender,865422,1426506.247,Contract_Awards_PDFs/Tender_865422.pdf,1
organization,og0025,awarded contract to,company,co0266,1426506.247,Contract_Awards_PDFs/Tender_865422.pdf,1
person,pp0118,approved award,tender,865422,Director (Admin),Contract_Awards_PDFs/Tender_865422.pdf,1
organization,og0025,part of,organization,og0002,,Contract_Awards_PDFs/Tender_865422.pdf,1
organization,og0002,part of,organization,og0001,,Contract_Awards_PDFs/Tender_865422.pdf,1
tender,865422,belongs to project,project,pr0003,,Contract_Awards_PDFs/Tender_865422.pdf,1
company,co0266,was awarded,tender,865423,1268712.037,Contract_Awards_PDFs/Tender_865423.pdf,1
organization,og0025,awarded contract to,company,co0266,1268712.037,Contract_Awards_PDFs/Tender_865423.pdf,1
person,pp0118,approved award,tender,865423,Director (Admin),Contract_Awards_PDFs/Tender_865423.pdf,1
organization,og0025,part of,organization,og0002,,Contract_Awards_PDFs/Tender_865423.pdf,1
organization,og0002,part of,organization,og0001,,Contract_Awards_PDFs/Tender_865423.pdf,1
tender,865423,belongs to project,project,pr0003,,Contract_Awards_PDFs/Tender_865423.pdf,1
company,co0267,was awarded,tender,865569,4403775.886,Contract_Awards_PDFs/Tender_865569.pdf,1
organization,og0031,awarded contract to,company,co0267,4403775.886,Contract_Awards_PDFs/Tender_865569.pdf,1
person,pp0024,approved award,tender,865569,Project Director,Contract_Awards_PDFs/Tender_865569.pdf,1
organization,og0031,part of,organization,og0009,,Contract_Awards_PDFs/Tender_865569.pdf,1
organization,og0009,part of,organization,og0001,,Contract_Awards_PDFs/Tender_865569.pdf,1
tender,865569,belongs to project,project,pr0003,,Contract_Awards_PDFs/Tender_865569.pdf,1
company,co0268,was awarded,tender,867256,107298313.662,Contract_Awards_PDFs/Tender_867256.pdf,1
organization,og0022,awarded contract to,company,co0268,107298313.662,Contract_Awards_PDFs/Tender_867256.pdf,1
person,pp0014,approved award,tender,867256,Project Director,Contract_Awards_PDFs/Tender_867256.pdf,1
organization,og0022,part of,organization,og0016,,Contract_Awards_PDFs/Tender_867256.pdf,1
organization,og0016,part of,organization,og0001,,Contract_Awards_PDFs/Tender_867256.pdf,1
tender,867256,belongs to project,project,pr0003,,Contract_Awards_PDFs/Tender_867256.pdf,1
company,co0269,was awarded,tender,868640,604963771.954,Contract_Awards_PDFs/Tender_868640.pdf,1
organization,og0075,awarded contract to,company,co0269,604963771.954,Contract_Awards_PDFs/Tender_868640.pdf,1
person,pp0014,approved award,tender,868640,Project Director,Contract_Awards_PDFs/Tender_868640.pdf,1
organization,og0075,part of,organization,og0016,,Contract_Awards_PDFs/Tender_868640.pdf,1
organization,og0016,part of,organization,og0001,,Contract_Awards_PDFs/Tender_868640.pdf,1
tender,868640,belongs to project,project,pr0064,,Contract_Awards_PDFs/Tender_868640.pdf,1
company,co0270,was awarded,tender,870250,119111709.123,Contract_Awards_PDFs/Tender_870250.pdf,1
organization,og0015,awarded contract to,company,co0270,119111709.123,Contract_Awards_PDFs/Tender_870250.pdf,1
person,pp0116,approved award,tender,870250,Project Director,Contract_Awards_PDFs/Tender_870250.pdf,1
organization,og0015,part of,organization,og0002,,Contract_Awards_PDFs/Tender_870250.pdf,1
organization,og0002,part of,organization,og0001,,Contract_Awards_PDFs/Tender_870250.pdf,1
tender,870250,belongs to project,project,pr0009,,Contract_Awards_PDFs/Tender_870250.pdf,1
company,co0109,was awarded,tender,870252,8805050.955,Contract_Awards_PDFs/Tender_870252.pdf,1
organization,og0015,awarded contract to,company,co0109,8805050.955,Contract_Awards_PDFs/Tender_870252.pdf,1
person,pp0116,approved award,tender,870252,Project Director,Contract_Awards_PDFs/Tender_870252.pdf,1
organization,og0015,part of,organization,og0002,,Contract_Awards_PDFs/Tender_870252.pdf,1
organization,og0002,part of,organization,og0001,,Contract_Awards_PDFs/Tender_870252.pdf,1
tender,870252,belongs to project,project,pr0009,,Contract_Awards_PDFs/Tender_870252.pdf,1
company,co0109,was awarded,tender,870258,14920046.541,Contract_Awards_PDFs/Tender_870258.pdf,1
organization,og0014,awarded contract to,company,co0109,14920046.541,Contract_Awards_PDFs/Tender_870258.pdf,1
person,pp0009,approved award,tender,870258,Superintending Engineer,Contract_Awards_PDFs/Tender_870258.pdf,1
organization,og0014,part of,organization,og0002,,Contract_Awards_PDFs/Tender_870258.pdf,1
organization,og0002,part of,organization,og0001,,Contract_Awards_PDFs/Tender_870258.pdf,1
tender,870258,belongs to project,project,pr0011,,Contract_Awards_PDFs/Tender_870258.pdf,1
company,co0013,was awarded,tender,870259,19308532.500,Contract_Awards_PDFs/Tender_870259.pdf,1
organization,og0014,awarded contract to,company,co0013,19308532.500,Contract_Awards_PDFs/Tender_870259.pdf,1
person,pp0009,approved award,tender,870259,Superintending Engineer,Contract_Awards_PDFs/Tender_870259.pdf,1
organization,og0014,part of,organization,og0002,,Contract_Awards_PDFs/Tender_870259.pdf,1
organization,og0002,part of,organization,og0001,,Contract_Awards_PDFs/Tender_870259.pdf,1
tender,870259,belongs to project,project,pr0011,,Contract_Awards_PDFs/Tender_870259.pdf,1
company,co0016,was awarded,tender,870260,8637145.857,Contract_Awards_PDFs/Tender_870260.pdf,1
organization,og0014,awarded contract to,company,co0016,8637145.857,Contract_Awards_PDFs/Tender_870260.pdf,1
person,pp0009,approved award,tender,870260,Superintending Engineer,Contract_Awards_PDFs/Tender_870260.pdf,1
organization,og0014,part of,organization,og0002,,Contract_Awards_PDFs/Tender_870260.pdf,1
organization,og0002,part of,organization,og0001,,Contract_Awards_PDFs/Tender_870260.pdf,1
tender,870260,belongs to project,project,pr0011,,Contract_Awards_PDFs/Tender_870260.pdf,1
company,co0197,was awarded,tender,870261,22753866.771,Contract_Awards_PDFs/Tender_870261.pdf,1
organization,og0014,awarded contract to,company,co0197,22753866.771,Contract_Awards_PDFs/Tender_870261.pdf,1
person,pp0009,approved award,tender,870261,Superintending Engineer,Contract_Awards_PDFs/Tender_870261.pdf,1
organization,og0014,part of,organization,og0002,,Contract_Awards_PDFs/Tender_870261.pdf,1
organization,og0002,part of,organization,og0001,,Contract_Awards_PDFs/Tender_870261.pdf,1
tender,870261,belongs to project,project,pr0011,,Contract_Awards_PDFs/Tender_870261.pdf,1
company,co0271,was awarded,tender,879523,14058755.285,Contract_Awards_PDFs/Tender_879523.pdf,1
organization,og0006,awarded contract to,company,co0271,14058755.285,Contract_Awards_PDFs/Tender_879523.pdf,1
person,pp0003,approved award,tender,879523,PD (9apt),Contract_Awards_PDFs/Tender_879523.pdf,1
organization,og0006,part of,organization,og0002,,Contract_Awards_PDFs/Tender_879523.pdf,1
organization,og0002,part of,organization,og0001,,Contract_Awards_PDFs/Tender_879523.pdf,1
tender,879523,belongs to project,project,pr0003,,Contract_Awards_PDFs/Tender_879523.pdf,1
company,co0230,was awarded,tender,882631,4863789.367,Contract_Awards_PDFs/Tender_882631.pdf,1
organization,og0025,awarded contract to,company,co0230,4863789.367,Contract_Awards_PDFs/Tender_882631.pdf,1
person,pp0118,approved award,tender,882631,Director (Admin),Contract_Awards_PDFs/Tender_882631.pdf,1
organization,og0025,part of,organization,og0002,,Contract_Awards_PDFs/Tender_882631.pdf,1
organization,og0002,part of,organization,og0001,,Contract_Awards_PDFs/Tender_882631.pdf,1
tender,882631,belongs to project,project,pr0003,,Contract_Awards_PDFs/Tender_882631.pdf,1
company,co0060,was awarded,tender,882632,1537990.205,Contract_Awards_PDFs/Tender_882632.pdf,1
organization,og0025,awarded contract to,company,co0060,1537990.205,Contract_Awards_PDFs/Tender_882632.pdf,1
person,pp0118,approved award,tender,882632,Director (Admin),Contract_Awards_PDFs/Tender_882632.pdf,1
organization,og0025,part of,organization,og0002,,Contract_Awards_PDFs/Tender_882632.pdf,1
organization,og0002,part of,organization,og0001,,Contract_Awards_PDFs/Tender_882632.pdf,1
tender,882632,belongs to project,project,pr0003,,Contract_Awards_PDFs/Tender_882632.pdf,1
company,co0005,was awarded,tender,887587,839337.005,Contract_Awards_PDFs/Tender_887587.pdf,1
organization,og0008,awarded contract to,company,co0005,839337.005,Contract_Awards_PDFs/Tender_887587.pdf,1
person,pp0005,approved award,tender,887587,Sup. Eng. (Mechanical),Contract_Awards_PDFs/Tender_887587.pdf,1
organization,og0008,part of,organization,og0002,,Contract_Awards_PDFs/Tender_887587.pdf,1
organization,og0002,part of,organization,og0001,,Contract_Awards_PDFs/Tender_887587.pdf,1
tender,887587,belongs to project,project,pr0004,,Contract_Awards_PDFs/Tender_887587.pdf,1
company,co0043,was awarded,tender,887588,825000.011,Contract_Awards_PDFs/Tender_887588.pdf,1
organization,og0008,awarded contract to,company,co0043,825000.011,Contract_Awards_PDFs/Tender_887588.pdf,1
person,pp0005,approved award,tender,887588,Sup. Eng. (Mechanical),Contract_Awards_PDFs/Tender_887588.pdf,1
organization,og0008,part of,organization,og0002,,Contract_Awards_PDFs/Tender_887588.pdf,1
organization,og0002,part of,organization,og0001,,Contract_Awards_PDFs/Tender_887588.pdf,1
tender,887588,belongs to project,project,pr0004,,Contract_Awards_PDFs/Tender_887588.pdf,1
company,co0109,was awarded,tender,887589,836825.011,Contract_Awards_PDFs/Tender_887589.pdf,1
organization,og0008,awarded contract to,company,co0109,836825.011,Contract_Awards_PDFs/Tender_887589.pdf,1
person,pp0005,approved award,tender,887589,Sup. Eng. (Mechanical),Contract_Awards_PDFs/Tender_887589.pdf,1
organization,og0008,part of,organization,og0002,,Contract_Awards_PDFs/Tender_887589.pdf,1
organization,og0002,part of,organization,og0001,,Contract_Awards_PDFs/Tender_887589.pdf,1
tender,887589,belongs to project,project,pr0004,,Contract_Awards_PDFs/Tender_887589.pdf,1
company,co0042,was awarded,tender,888738,17878787.727,Contract_Awards_PDFs/Tender_888738.pdf,1
organization,og0011,awarded contract to,company,co0042,17878787.727,Contract_Awards_PDFs/Tender_888738.pdf,1
person,pp0007,approved award,tender,888738,Sup. Eng. (Elec.),Contract_Awards_PDFs/Tender_888738.pdf,1
organization,og0011,part of,organization,og0002,,Contract_Awards_PDFs/Tender_888738.pdf,1
organization,og0002,part of,organization,og0001,,Contract_Awards_PDFs/Tender_888738.pdf,1
tender,888738,belongs to project,project,pr0084,,Contract_Awards_PDFs/Tender_888738.pdf,1
company,co0100,was awarded,tender,888828,2130000.096,Contract_Awards_PDFs/Tender_888828.pdf,1
organization,og0011,awarded contract to,company,co0100,2130000.096,Contract_Awards_PDFs/Tender_888828.pdf,1
person,pp0007,approved award,tender,888828,Sup. Eng. (Elec.),Contract_Awards_PDFs/Tender_888828.pdf,1
organization,og0011,part of,organization,og0002,,Contract_Awards_PDFs/Tender_888828.pdf,1
organization,og0002,part of,organization,og0001,,Contract_Awards_PDFs/Tender_888828.pdf,1
tender,888828,belongs to project,project,pr0006,,Contract_Awards_PDFs/Tender_888828.pdf,1
company,co0019,was awarded,tender,889937,25273304.235,Contract_Awards_PDFs/Tender_889937.pdf,1
organization,og0014,awarded contract to,company,co0019,25273304.235,Contract_Awards_PDFs/Tender_889937.pdf,1
person,pp0009,approved award,tender,889937,Superintending Engineer,Contract_Awards_PDFs/Tender_889937.pdf,1
organization,og0014,part of,organization,og0002,,Contract_Awards_PDFs/Tender_889937.pdf,1
organization,og0002,part of,organization,og0001,,Contract_Awards_PDFs/Tender_889937.pdf,1
tender,889937,belongs to project,project,pr0011,,Contract_Awards_PDFs/Tender_889937.pdf,1
company,co0197,was awarded,tender,889938,5685032.997,Contract_Awards_PDFs/Tender_889938.pdf,1
organization,og0014,awarded contract to,company,co0197,5685032.997,Contract_Awards_PDFs/Tender_889938.pdf,1
person,pp0009,approved award,tender,889938,Superintending Engineer,Contract_Awards_PDFs/Tender_889938.pdf,1
organization,og0014,part of,organization,og0002,,Contract_Awards_PDFs/Tender_889938.pdf,1
organization,og0002,part of,organization,og0001,,Contract_Awards_PDFs/Tender_889938.pdf,1
tender,889938,belongs to project,project,pr0003,,Contract_Awards_PDFs/Tender_889938.pdf,1
company,co0272,was awarded,tender,89106,126193349.781,Contract_Awards_PDFs/Tender_89106.pdf,1
organization,og0032,awarded contract to,company,co0272,126193349.781,Contract_Awards_PDFs/Tender_89106.pdf,1
person,pp0053,approved award,tender,89106,"Chief Engineer, Implementation",Contract_Awards_PDFs/Tender_89106.pdf,1
organization,og0032,part of,organization,og0002,,Contract_Awards_PDFs/Tender_89106.pdf,1
organization,og0002,part of,organization,og0001,,Contract_Awards_PDFs/Tender_89106.pdf,1
tender,89106,belongs to project,project,pr0079,,Contract_Awards_PDFs/Tender_89106.pdf,1
company,co0041,was awarded,tender,891746,2388323.727,Contract_Awards_PDFs/Tender_891746.pdf,1
organization,og0011,awarded contract to,company,co0041,2388323.727,Contract_Awards_PDFs/Tender_891746.pdf,1
person,pp0005,approved award,tender,891746,Sup. Eng. (Elec.),Contract_Awards_PDFs/Tender_891746.pdf,1
organization,og0011,part of,organization,og0002,,Contract_Awards_PDFs/Tender_891746.pdf,1
organization,og0002,part of,organization,og0001,,Contract_Awards_PDFs/Tender_891746.pdf,1
tender,891746,belongs to project,project,pr0013,,Contract_Awards_PDFs/Tender_891746.pdf,1
company,co0273,was awarded,tender,89768,2729526.828,Contract_Awards_PDFs/Tender_89768.pdf,1
organization,og0077,awarded contract to,company,co0273,2729526.828,Contract_Awards_PDFs/Tender_89768.pdf,1
person,pp0119,approved award,tender,89768,Executive Engineer,Contract_Awards_PDFs/Tender_89768.pdf,1
organization,og0077,part of,organization,og0076,,Contract_Awards_PDFs/Tender_89768.pdf,1
organization,og0076,part of,organization,og0027,,Contract_Awards_PDFs/Tender_89768.pdf,1
tender,89768,belongs to project,project,pr0085,,Contract_Awards_PDFs/Tender_89768.pdf,1
company,co0274,was awarded,tender,901824,43936248.816,Contract_Awards_PDFs/Tender_901824.pdf,1
organization,og0015,awarded contract to,company,co0274,43936248.816,Contract_Awards_PDFs/Tender_901824.pdf,1
person,pp0116,approved award,tender,901824,Project Director,Contract_Awards_PDFs/Tender_901824.pdf,1
organization,og0015,part of,organization,og0002,,Contract_Awards_PDFs/Tender_901824.pdf,1
organization,og0002,part of,organization,og0001,,Contract_Awards_PDFs/Tender_901824.pdf,1
tender,901824,belongs to project,project,pr0009,,Contract_Awards_PDFs/Tender_901824.pdf,1
company,co0203,was awarded,tender,902293,105822700.038,Contract_Awards_PDFs/Tender_902293.pdf,1
organization,og0015,awarded contract to,company,co0203,105822700.038,Contract_Awards_PDFs/Tender_902293.pdf,1
person,pp0116,approved award,tender,902293,Project Director,Contract_Awards_PDFs/Tender_902293.pdf,1
organization,og0015,part of,organization,og0002,,Contract_Awards_PDFs/Tender_902293.pdf,1
organization,og0002,part of,organization,og0001,,Contract_Awards_PDFs/Tender_902293.pdf,1
tender,902293,belongs to project,project,pr0009,,Contract_Awards_PDFs/Tender_902293.pdf,1
company,co0008,was awarded,tender,909179,2640523.644,Contract_Awards_PDFs/Tender_909179.pdf,1
organization,og0021,awarded contract to,company,co0008,2640523.644,Contract_Awards_PDFs/Tender_909179.pdf,1
person,pp0006,approved award,tender,909179,Executive Engineer,Contract_Awards_PDFs/Tender_909179.pdf,1
organization,og0021,part of,organization,og0009,,Contract_Awards_PDFs/Tender_909179.pdf,1
organization,og0009,part of,organization,og0001,,Contract_Awards_PDFs/Tender_909179.pdf,1
tender,909179,belongs to project,project,pr0003,,Contract_Awards_PDFs/Tender_909179.pdf,1
company,co0275,was awarded,tender,909193,53131569.948,Contract_Awards_PDFs/Tender_909193.pdf,1
organization,og0010,awarded contract to,company,co0275,53131569.948,Contract_Awards_PDFs/Tender_909193.pdf,1
person,pp0006,approved award,tender,909193,Assistant Engineer,Contract_Awards_PDFs/Tender_909193.pdf,1
organization,og0010,part of,organization,og0009,,Contract_Awards_PDFs/Tender_909193.pdf,1
organization,og0009,part of,organization,og0001,,Contract_Awards_PDFs/Tender_909193.pdf,1
tender,909193,belongs to project,project,pr0005,,Contract_Awards_PDFs/Tender_909193.pdf,1
company,co0008,was awarded,tender,909196,5896865.104,Contract_Awards_PDFs/Tender_909196.pdf,1
organization,og0021,awarded contract to,company,co0008,5896865.104,Contract_Awards_PDFs/Tender_909196.pdf,1
person,pp0006,approved award,tender,909196,Executive Engineer,Contract_Awards_PDFs/Tender_909196.pdf,1
organization,og0021,part of,organization,og0009,,Contract_Awards_PDFs/Tender_909196.pdf,1
organization,og0009,part of,organization,og0001,,Contract_Awards_PDFs/Tender_909196.pdf,1
tender,909196,belongs to project,project,pr0003,,Contract_Awards_PDFs/Tender_909196.pdf,1
company,co0012,was awarded,tender,91142,17986218.291,Contract_Awards_PDFs/Tender_91142.pdf,1
organization,og0078,awarded contract to,company,co0012,17986218.291,Contract_Awards_PDFs/Tender_91142.pdf,1
person,pp0024,approved award,tender,91142,Assistant Engineer,Contract_Awards_PDFs/Tender_91142.pdf,1
organization,og0078,part of,organization,og0009,,Contract_Awards_PDFs/Tender_91142.pdf,1
organization,og0009,part of,organization,og0001,,Contract_Awards_PDFs/Tender_91142.pdf,1
tender,91142,belongs to project,project,pr0086,,Contract_Awards_PDFs/Tender_91142.pdf,1
company,co0276,was awarded,tender,916128,2241467.989,Contract_Awards_PDFs/Tender_916128.pdf,1
organization,og0020,awarded contract to,company,co0276,2241467.989,Contract_Awards_PDFs/Tender_916128.pdf,1
person,pp0013,approved award,tender,916128,Member (Engineer),Contract_Awards_PDFs/Tender_916128.pdf,1
organization,og0020,part of,organization,og0020,,Contract_Awards_PDFs/Tender_916128.pdf,1
organization,og0020,part of,organization,og0001,,Contract_Awards_PDFs/Tender_916128.pdf,1
tender,916128,belongs to project,project,pr0003,,Contract_Awards_PDFs/Tender_916128.pdf,1
company,co0277,was awarded,tender,917088,161596296.849,Contract_Awards_PDFs/Tender_917088.pdf,1
organization,og0066,awarded contract to,company,co0277,161596296.849,Contract_Awards_PDFs/Tender_917088.pdf,1
person,pp0105,approved award,tender,917088,Chief Engineer,Contract_Awards_PDFs/Tender_917088.pdf,1
organization,og0066,part of,organization,og0009,,Contract_Awards_PDFs/Tender_917088.pdf,1
organization,og0009,part of,organization,og0001,,Contract_Awards_PDFs/Tender_917088.pdf,1
tender,917088,belongs to project,project,pr0071,,Contract_Awards_PDFs/Tender_917088.pdf,1
company,co0093,was awarded,tender,918775,74713501.266,Contract_Awards_PDFs/Tender_918775.pdf,1
organization,og0079,awarded contract to,company,co0093,74713501.266,Contract_Awards_PDFs/Tender_918775.pdf,1
person,pp0020,approved award,tender,918775,Superintending Engineer,Contract_Awards_PDFs/Tender_918775.pdf,1
organization,og0079,part of,organization,og0009,,Contract_Awards_PDFs/Tender_918775.pdf,1
organization,og0009,part of,organization,og0001,,Contract_Awards_PDFs/Tender_918775.pdf,1
tender,918775,belongs to project,project,pr0003,,Contract_Awards_PDFs/Tender_918775.pdf,1
company,co0017,was awarded,tender,920946,52288766.803,Contract_Awards_PDFs/Tender_920946.pdf,1
organization,og0015,awarded contract to,company,co0017,52288766.803,Contract_Awards_PDFs/Tender_920946.pdf,1
person,pp0116,approved award,tender,920946,Project Director,Contract_Awards_PDFs/Tender_920946.pdf,1
organization,og0015,part of,organization,og0002,,Contract_Awards_PDFs/Tender_920946.pdf,1
organization,og0002,part of,organization,og0001,,Contract_Awards_PDFs/Tender_920946.pdf,1
tender,920946,belongs to project,project,pr0009,,Contract_Awards_PDFs/Tender_920946.pdf,1
company,co0276,was awarded,tender,925146,759747.893,Contract_Awards_PDFs/Tender_925146.pdf,1
organization,og0020,awarded contract to,company,co0276,759747.893,Contract_Awards_PDFs/Tender_925146.pdf,1
person,pp0013,approved award,tender,925146,Member (Engineer),Contract_Awards_PDFs/Tender_925146.pdf,1
organization,og0020,part of,organization,og0020,,Contract_Awards_PDFs/Tender_925146.pdf,1
organization,og0020,part of,organization,og0001,,Contract_Awards_PDFs/Tender_925146.pdf,1
tender,925146,belongs to project,project,pr0003,,Contract_Awards_PDFs/Tender_925146.pdf,1
company,co0236,was awarded,tender,925988,9995244.021,Contract_Awards_PDFs/Tender_925988.pdf,1
organization,og0020,awarded contract to,company,co0236,9995244.021,Contract_Awards_PDFs/Tender_925988.pdf,1
person,pp0013,approved award,tender,925988,Member (Engineer),Contract_Awards_PDFs/Tender_925988.pdf,1
organization,og0020,part of,organization,og0020,,Contract_Awards_PDFs/Tender_925988.pdf,1
organization,og0020,part of,organization,og0001,,Contract_Awards_PDFs/Tender_925988.pdf,1
tender,925988,belongs to project,project,pr0003,,Contract_Awards_PDFs/Tender_925988.pdf,1
company,co0278,was awarded,tender,926607,250839121.923,Contract_Awards_PDFs/Tender_926607.pdf,1
organization,og0023,awarded contract to,company,co0278,250839121.923,Contract_Awards_PDFs/Tender_926607.pdf,1
person,pp0015,approved award,tender,926607,PD (Jhilmil),Contract_Awards_PDFs/Tender_926607.pdf,1
organization,og0023,part of,organization,og0002,,Contract_Awards_PDFs/Tender_926607.pdf,1
organization,og0002,part of,organization,og0001,,Contract_Awards_PDFs/Tender_926607.pdf,1
tender,926607,belongs to project,project,pr0017,,Contract_Awards_PDFs/Tender_926607.pdf,1
company,co0279,was awarded,tender,926623,4722959.142,Contract_Awards_PDFs/Tender_926623.pdf,1
organization,og0080,awarded contract to,company,co0279,4722959.142,Contract_Awards_PDFs/Tender_926623.pdf,1
person,pp0015,approved award,tender,926623,Superintending Engineer,Contract_Awards_PDFs/Tender_926623.pdf,1
organization,og0080,part of,organization,og0002,,Contract_Awards_PDFs/Tender_926623.pdf,1
organization,og0002,part of,organization,og0001,,Contract_Awards_PDFs/Tender_926623.pdf,1
tender,926623,belongs to project,project,pr0087,,Contract_Awards_PDFs/Tender_926623.pdf,1
company,co0280,was awarded,tender,932337,153774163.710,Contract_Awards_PDFs/Tender_932337.pdf,1
organization,og0015,awarded contract to,company,co0280,153774163.710,Contract_Awards_PDFs/Tender_932337.pdf,1
person,pp0116,approved award,tender,932337,Project Director,Contract_Awards_PDFs/Tender_932337.pdf,1
organization,og0015,part of,organization,og0002,,Contract_Awards_PDFs/Tender_932337.pdf,1
organization,og0002,part of,organization,og0001,,Contract_Awards_PDFs/Tender_932337.pdf,1
tender,932337,belongs to project,project,pr0009,,Contract_Awards_PDFs/Tender_932337.pdf,1
company,co0281,was awarded,tender,935037,4498000.001,Contract_Awards_PDFs/Tender_935037.pdf,1
organization,og0030,awarded contract to,company,co0281,4498000.001,Contract_Awards_PDFs/Tender_935037.pdf,1
person,pp0002,approved award,tender,935037,Executive Engineer,Contract_Awards_PDFs/Tender_935037.pdf,1
organization,og0030,part of,organization,og0004,,Contract_Awards_PDFs/Tender_935037.pdf,1
organization,og0004,part of,organization,og0001,,Contract_Awards_PDFs/Tender_935037.pdf,1
tender,935037,belongs to project,project,pr0082,,Contract_Awards_PDFs/Tender_935037.pdf,1
company,co0282,was awarded,tender,935064,1719003.450,Contract_Awards_PDFs/Tender_935064.pdf,1
organization,og0020,awarded contract to,company,co0282,1719003.450,Contract_Awards_PDFs/Tender_935064.pdf,1
person,pp0013,approved award,tender,935064,Member (Engineer),Contract_Awards_PDFs/Tender_935064.pdf,1
organization,og0020,part of,organization,og0020,,Contract_Awards_PDFs/Tender_935064.pdf,1
organization,og0020,part of,organization,og0001,,Contract_Awards_PDFs/Tender_935064.pdf,1
tender,935064,belongs to project,project,pr0003,,Contract_Awards_PDFs/Tender_935064.pdf,1
company,co0283,was awarded,tender,935084,42162305.121,Contract_Awards_PDFs/Tender_935084.pdf,1
organization,og0012,awarded contract to,company,co0283,42162305.121,Contract_Awards_PDFs/Tender_935084.pdf,1
person,pp0004,approved award,tender,935084,PD (Uttara Appartment),Contract_Awards_PDFs/Tender_935084.pdf,1
organization,og0012,part of,organization,og0002,,Contract_Awards_PDFs/Tender_935084.pdf,1
organization,og0002,part of,organization,og0001,,Contract_Awards_PDFs/Tender_935084.pdf,1
tender,935084,belongs to project,project,pr0003,,Contract_Awards_PDFs/Tender_935084.pdf,1
company,co0284,was awarded,tender,935090,40484581.128,Contract_Awards_PDFs/Tender_935090.pdf,1
organization,og0012,awarded contract to,company,co0284,40484581.128,Contract_Awards_PDFs/Tender_935090.pdf,1
person,pp0004,approved award,tender,935090,PD (Uttara Appartment),Contract_Awards_PDFs/Tender_935090.pdf,1
organization,og0012,part of,organization,og0002,,Contract_Awards_PDFs/Tender_935090.pdf,1
organization,og0002,part of,organization,og0001,,Contract_Awards_PDFs/Tender_935090.pdf,1
tender,935090,belongs to project,project,pr0003,,Contract_Awards_PDFs/Tender_935090.pdf,1
company,co0285,was awarded,tender,935093,134602376.400,Contract_Awards_PDFs/Tender_935093.pdf,1
organization,og0012,awarded contract to,company,co0285,134602376.400,Contract_Awards_PDFs/Tender_935093.pdf,1
person,pp0004,approved award,tender,935093,PD (Uttara Appartment),Contract_Awards_PDFs/Tender_935093.pdf,1
organization,og0012,part of,organization,og0002,,Contract_Awards_PDFs/Tender_935093.pdf,1
organization,og0002,part of,organization,og0001,,Contract_Awards_PDFs/Tender_935093.pdf,1
tender,935093,belongs to project,project,pr0003,,Contract_Awards_PDFs/Tender_935093.pdf,1
company,co0286,was awarded,tender,935863,9516411.000,Contract_Awards_PDFs/Tender_935863.pdf,1
organization,og0005,awarded contract to,company,co0286,9516411.000,Contract_Awards_PDFs/Tender_935863.pdf,1
person,pp0002,approved award,tender,935863,Superintending Engineer,Contract_Awards_PDFs/Tender_935863.pdf,1
organization,og0005,part of,organization,og0004,,Contract_Awards_PDFs/Tender_935863.pdf,1
organization,og0004,part of,organization,og0001,,Contract_Awards_PDFs/Tender_935863.pdf,1
tender,935863,belongs to project,project,pr0002,,Contract_Awards_PDFs/Tender_935863.pdf,1
company,co0077,was awarded,tender,936176,4160942.100,Contract_Awards_PDFs/Tender_936176.pdf,1
organization,og0011,awarded contract to,company,co0077,4160942.100,Contract_Awards_PDFs/Tender_936176.pdf,1
person,pp0007,approved award,tender,936176,Sup. Eng. (Elec.),Contract_Awards_PDFs/Tender_936176.pdf,1
organization,og0011,part of,organization,og0002,,Contract_Awards_PDFs/Tender_936176.pdf,1
organization,og0002,part of,organization,og0001,,Contract_Awards_PDFs/Tender_936176.pdf,1
tender,936176,belongs to project,project,pr0018,,Contract_Awards_PDFs/Tender_936176.pdf,1
company,co0041,was awarded,tender,936225,2520856.800,Contract_Awards_PDFs/Tender_936225.pdf,1
organization,og0011,awarded contract to,company,co0041,2520856.800,Contract_Awards_PDFs/Tender_936225.pdf,1
person,pp0007,approved award,tender,936225,Sup. Eng. (Elec.),Contract_Awards_PDFs/Tender_936225.pdf,1
organization,og0011,part of,organization,og0002,,Contract_Awards_PDFs/Tender_936225.pdf,1
organization,og0002,part of,organization,og0001,,Contract_Awards_PDFs/Tender_936225.pdf,1
tender,936225,belongs to project,project,pr0018,,Contract_Awards_PDFs/Tender_936225.pdf,1
company,co0043,was awarded,tender,936227,4960174.500,Contract_Awards_PDFs/Tender_936227.pdf,1
organization,og0011,awarded contract to,company,co0043,4960174.500,Contract_Awards_PDFs/Tender_936227.pdf,1
person,pp0007,approved award,tender,936227,Sup. Eng. (Elec.),Contract_Awards_PDFs/Tender_936227.pdf,1
organization,og0011,part of,organization,og0002,,Contract_Awards_PDFs/Tender_936227.pdf,1
organization,og0002,part of,organization,og0001,,Contract_Awards_PDFs/Tender_936227.pdf,1
tender,936227,belongs to project,project,pr0018,,Contract_Awards_PDFs/Tender_936227.pdf,1
company,co0042,was awarded,tender,936248,31299998.782,Contract_Awards_PDFs/Tender_936248.pdf,1
organization,og0011,awarded contract to,company,co0042,31299998.782,Contract_Awards_PDFs/Tender_936248.pdf,1
person,pp0007,approved award,tender,936248,Sup. Eng. (Elec.),Contract_Awards_PDFs/Tender_936248.pdf,1
organization,og0011,part of,organization,og0002,,Contract_Awards_PDFs/Tender_936248.pdf,1
organization,og0002,part of,organization,og0001,,Contract_Awards_PDFs/Tender_936248.pdf,1
tender,936248,belongs to project,project,pr0084,,Contract_Awards_PDFs/Tender_936248.pdf,1
company,co0276,was awarded,tender,937128,1373069.080,Contract_Awards_PDFs/Tender_937128.pdf,1
organization,og0020,awarded contract to,company,co0276,1373069.080,Contract_Awards_PDFs/Tender_937128.pdf,1
person,pp0013,approved award,tender,937128,Member (Engineer),Contract_Awards_PDFs/Tender_937128.pdf,1
organization,og0020,part of,organization,og0020,,Contract_Awards_PDFs/Tender_937128.pdf,1
organization,og0020,part of,organization,og0001,,Contract_Awards_PDFs/Tender_937128.pdf,1
tender,937128,belongs to project,project,pr0003,,Contract_Awards_PDFs/Tender_937128.pdf,1
company,co0043,was awarded,tender,938968,726750.009,Contract_Awards_PDFs/Tender_938968.pdf,1
organization,og0008,awarded contract to,company,co0043,726750.009,Contract_Awards_PDFs/Tender_938968.pdf,1
person,pp0005,approved award,tender,938968,Sup. Eng. (Mechanical),Contract_Awards_PDFs/Tender_938968.pdf,1
organization,og0008,part of,organization,og0002,,Contract_Awards_PDFs/Tender_938968.pdf,1
organization,og0002,part of,organization,og0001,,Contract_Awards_PDFs/Tender_938968.pdf,1
tender,938968,belongs to project,project,pr0004,,Contract_Awards_PDFs/Tender_938968.pdf,1
company,co0287,was awarded,tender,941420,806242304.971,Contract_Awards_PDFs/Tender_941420.pdf,1
organization,og0075,awarded contract to,company,co0287,806242304.971,Contract_Awards_PDFs/Tender_941420.pdf,1
person,pp0014,approved award,tender,941420,Project Director,Contract_Awards_PDFs/Tender_941420.pdf,1
organization,og0075,part of,organization,og0016,,Contract_Awards_PDFs/Tender_941420.pdf,1
organization,og0016,part of,organization,og0001,,Contract_Awards_PDFs/Tender_941420.pdf,1
tender,941420,belongs to project,project,pr0064,,Contract_Awards_PDFs/Tender_941420.pdf,1
company,co0288,was awarded,tender,941511,15234595.177,Contract_Awards_PDFs/Tender_941511.pdf,1
organization,og0030,awarded contract to,company,co0288,15234595.177,Contract_Awards_PDFs/Tender_941511.pdf,1
person,pp0002,approved award,tender,941511,Executive Engineer,Contract_Awards_PDFs/Tender_941511.pdf,1
organization,og0030,part of,organization,og0004,,Contract_Awards_PDFs/Tender_941511.pdf,1
organization,og0004,part of,organization,og0001,,Contract_Awards_PDFs/Tender_941511.pdf,1
tender,941511,belongs to project,project,pr0083,,Contract_Awards_PDFs/Tender_941511.pdf,1
company,co0289,was awarded,tender,941590,15090531.058,Contract_Awards_PDFs/Tender_941590.pdf,1
organization,og0030,awarded contract to,company,co0289,15090531.058,Contract_Awards_PDFs/Tender_941590.pdf,1
person,pp0002,approved award,tender,941590,Executive Engineer,Contract_Awards_PDFs/Tender_941590.pdf,1
organization,og0030,part of,organization,og0004,,Contract_Awards_PDFs/Tender_941590.pdf,1
organization,og0004,part of,organization,og0001,,Contract_Awards_PDFs/Tender_941590.pdf,1
tender,941590,belongs to project,project,pr0082,,Contract_Awards_PDFs/Tender_941590.pdf,1
company,co0290,was awarded,tender,941603,199711775.700,Contract_Awards_PDFs/Tender_941603.pdf,1
organization,og0005,awarded contract to,company,co0290,199711775.700,Contract_Awards_PDFs/Tender_941603.pdf,1
person,pp0002,approved award,tender,941603,Superintending Engineer,Contract_Awards_PDFs/Tender_941603.pdf,1
organization,og0005,part of,organization,og0004,,Contract_Awards_PDFs/Tender_941603.pdf,1
organization,og0004,part of,organization,og0001,,Contract_Awards_PDFs/Tender_941603.pdf,1
tender,941603,belongs to project,project,pr0002,,Contract_Awards_PDFs/Tender_941603.pdf,1
company,co0291,was awarded,tender,943936,30185717.777,Contract_Awards_PDFs/Tender_943936.pdf,1
organization,og0081,awarded contract to,company,co0291,30185717.777,Contract_Awards_PDFs/Tender_943936.pdf,1
person,pp0096,approved award,tender,943936,Executive Engineer,Contract_Awards_PDFs/Tender_943936.pdf,1
organization,og0081,part of,organization,og0009,,Contract_Awards_PDFs/Tender_943936.pdf,1
organization,og0009,part of,organization,og0001,,Contract_Awards_PDFs/Tender_943936.pdf,1
tender,943936,belongs to project,project,pr0003,,Contract_Awards_PDFs/Tender_943936.pdf,1
company,co0197,was awarded,tender,944366,2953145.394,Contract_Awards_PDFs/Tender_944366.pdf,1
organization,og0007,awarded contract to,company,co0197,2953145.394,Contract_Awards_PDFs/Tender_944366.pdf,1
person,pp0004,approved award,tender,944366,Superintending Engineer,Contract_Awards_PDFs/Tender_944366.pdf,1
organization,og0007,part of,organization,og0002,,Contract_Awards_PDFs/Tender_944366.pdf,1
organization,og0002,part of,organization,og0001,,Contract_Awards_PDFs/Tender_944366.pdf,1
tender,944366,belongs to project,project,pr0003,,Contract_Awards_PDFs/Tender_944366.pdf,1
company,co0275,was awarded,tender,944909,24792000.192,Contract_Awards_PDFs/Tender_944909.pdf,1
organization,og0010,awarded contract to,company,co0275,24792000.192,Contract_Awards_PDFs/Tender_944909.pdf,1
person,pp0006,approved award,tender,944909,Assistant Engineer,Contract_Awards_PDFs/Tender_944909.pdf,1
organization,og0010,part of,organization,og0009,,Contract_Awards_PDFs/Tender_944909.pdf,1
organization,og0009,part of,organization,og0001,,Contract_Awards_PDFs/Tender_944909.pdf,1
tender,944909,belongs to project,project,pr0005,,Contract_Awards_PDFs/Tender_944909.pdf,1
company,co0142,was awarded,tender,945416,1867479.381,Contract_Awards_PDFs/Tender_945416.pdf,1
organization,og0031,awarded contract to,company,co0142,1867479.381,Contract_Awards_PDFs/Tender_945416.pdf,1
person,pp0024,approved award,tender,945416,Project Director,Contract_Awards_PDFs/Tender_945416.pdf,1
organization,og0031,part of,organization,og0009,,Contract_Awards_PDFs/Tender_945416.pdf,1
organization,og0009,part of,organization,og0001,,Contract_Awards_PDFs/Tender_945416.pdf,1
tender,945416,belongs to project,project,pr0003,,Contract_Awards_PDFs/Tender_945416.pdf,1
company,co0292,was awarded,tender,945875,1263578.184,Contract_Awards_PDFs/Tender_945875.pdf,1
organization,og0031,awarded contract to,company,co0292,1263578.184,Contract_Awards_PDFs/Tender_945875.pdf,1
person,pp0024,approved award,tender,945875,Project Director,Contract_Awards_PDFs/Tender_945875.pdf,1
organization,og0031,part of,organization,og0009,,Contract_Awards_PDFs/Tender_945875.pdf,1
organization,og0009,part of,organization,og0001,,Contract_Awards_PDFs/Tender_945875.pdf,1
tender,945875,belongs to project,project,pr0003,,Contract_Awards_PDFs/Tender_945875.pdf,1
company,co0003,was awarded,tender,948434,345195688.905,Contract_Awards_PDFs/Tender_948434.pdf,1
organization,og0023,awarded contract to,company,co0003,345195688.905,Contract_Awards_PDFs/Tender_948434.pdf,1
person,pp0015,approved award,tender,948434,PD (Jhilmil),Contract_Awards_PDFs/Tender_948434.pdf,1
organization,og0023,part of,organization,og0002,,Contract_Awards_PDFs/Tender_948434.pdf,1
organization,og0002,part of,organization,og0001,,Contract_Awards_PDFs/Tender_948434.pdf,1
tender,948434,belongs to project,project,pr0017,,Contract_Awards_PDFs/Tender_948434.pdf,1
company,co0041,was awarded,tender,948435,1875194.127,Contract_Awards_PDFs/Tender_948435.pdf,1
organization,og0011,awarded contract to,company,co0041,1875194.127,Contract_Awards_PDFs/Tender_948435.pdf,1
person,pp0007,approved award,tender,948435,Sup. Eng. (Elec.),Contract_Awards_PDFs/Tender_948435.pdf,1
organization,og0011,part of,organization,og0002,,Contract_Awards_PDFs/Tender_948435.pdf,1
organization,og0002,part of,organization,og0001,,Contract_Awards_PDFs/Tender_948435.pdf,1
tender,948435,belongs to project,project,pr0013,,Contract_Awards_PDFs/Tender_948435.pdf,1
company,co0053,was awarded,tender,948446,2904340.500,Contract_Awards_PDFs/Tender_948446.pdf,1
organization,og0011,awarded contract to,company,co0053,2904340.500,Contract_Awards_PDFs/Tender_948446.pdf,1
person,pp0007,approved award,tender,948446,Sup. Eng. (Elec.),Contract_Awards_PDFs/Tender_948446.pdf,1
organization,og0011,part of,organization,og0002,,Contract_Awards_PDFs/Tender_948446.pdf,1
organization,og0002,part of,organization,og0001,,Contract_Awards_PDFs/Tender_948446.pdf,1
tender,948446,belongs to project,project,pr0006,,Contract_Awards_PDFs/Tender_948446.pdf,1
company,co0293,was awarded,tender,948448,8869597.429,Contract_Awards_PDFs/Tender_948448.pdf,1
organization,og0011,awarded contract to,company,co0293,8869597.429,Contract_Awards_PDFs/Tender_948448.pdf,1
person,pp0007,approved award,tender,948448,Sup. Eng. (Elec.),Contract_Awards_PDFs/Tender_948448.pdf,1
organization,og0011,part of,organization,og0002,,Contract_Awards_PDFs/Tender_948448.pdf,1
organization,og0002,part of,organization,og0001,,Contract_Awards_PDFs/Tender_948448.pdf,1
tender,948448,belongs to project,project,pr0021,,Contract_Awards_PDFs/Tender_948448.pdf,1
company,co0015,was awarded,tender,948745,23712858.252,Contract_Awards_PDFs/Tender_948745.pdf,1
organization,og0014,awarded contract to,company,co0015,23712858.252,Contract_Awards_PDFs/Tender_948745.pdf,1
person,pp0009,approved award,tender,948745,Superintending Engineer,Contract_Awards_PDFs/Tender_948745.pdf,1
organization,og0014,part of,organization,og0002,,Contract_Awards_PDFs/Tender_948745.pdf,1
organization,og0002,part of,organization,og0001,,Contract_Awards_PDFs/Tender_948745.pdf,1
tender,948745,belongs to project,project,pr0011,,Contract_Awards_PDFs/Tender_948745.pdf,1
company,co0294,was awarded,tender,948746,37161258.687,Contract_Awards_PDFs/Tender_948746.pdf,1
organization,og0014,awarded contract to,company,co0294,37161258.687,Contract_Awards_PDFs/Tender_948746.pdf,1
person,pp0009,approved award,tender,948746,Superintending Engineer,Contract_Awards_PDFs/Tender_948746.pdf,1
organization,og0014,part of,organization,og0002,,Contract_Awards_PDFs/Tender_948746.pdf,1
organization,og0002,part of,organization,og0001,,Contract_Awards_PDFs/Tender_948746.pdf,1
tender,948746,belongs to project,project,pr0011,,Contract_Awards_PDFs/Tender_948746.pdf,1
company,co0028,was awarded,tender,949817,75000.008,Contract_Awards_PDFs/Tender_949817.pdf,1
organization,og0020,awarded contract to,company,co0028,75000.008,Contract_Awards_PDFs/Tender_949817.pdf,1
person,pp0013,approved award,tender,949817,Member (Engineer),Contract_Awards_PDFs/Tender_949817.pdf,1
organization,og0020,part of,organization,og0020,,Contract_Awards_PDFs/Tender_949817.pdf,1
organization,og0020,part of,organization,og0001,,Contract_Awards_PDFs/Tender_949817.pdf,1
tender,949817,belongs to project,project,pr0003,,Contract_Awards_PDFs/Tender_949817.pdf,1
company,co0028,was awarded,tender,949919,913580.494,Contract_Awards_PDFs/Tender_949919.pdf,1
organization,og0020,awarded contract to,company,co0028,913580.494,Contract_Awards_PDFs/Tender_949919.pdf,1
person,pp0013,approved award,tender,949919,Member (Engineer),Contract_Awards_PDFs/Tender_949919.pdf,1
organization,og0020,part of,organization,og0020,,Contract_Awards_PDFs/Tender_949919.pdf,1
organization,og0020,part of,organization,og0001,,Contract_Awards_PDFs/Tender_949919.pdf,1
tender,949919,belongs to project,project,pr0003,,Contract_Awards_PDFs/Tender_949919.pdf,1
company,co0065,was awarded,tender,950811,378000.021,Contract_Awards_PDFs/Tender_950811.pdf,1
organization,og0020,awarded contract to,company,co0065,378000.021,Contract_Awards_PDFs/Tender_950811.pdf,1
person,pp0013,approved award,tender,950811,Member (Engineer),Contract_Awards_PDFs/Tender_950811.pdf,1
organization,og0020,part of,organization,og0020,,Contract_Awards_PDFs/Tender_950811.pdf,1
organization,og0020,part of,organization,og0001,,Contract_Awards_PDFs/Tender_950811.pdf,1
tender,950811,belongs to project,project,pr0003,,Contract_Awards_PDFs/Tender_950811.pdf,1
company,co0282,was awarded,tender,951146,662552.559,Contract_Awards_PDFs/Tender_951146.pdf,1
organization,og0020,awarded contract to,company,co0282,662552.559,Contract_Awards_PDFs/Tender_951146.pdf,1
person,pp0013,approved award,tender,951146,Member (Engineer),Contract_Awards_PDFs/Tender_951146.pdf,1
organization,og0020,part of,organization,og0020,,Contract_Awards_PDFs/Tender_951146.pdf,1
organization,og0020,part of,organization,og0001,,Contract_Awards_PDFs/Tender_951146.pdf,1
tender,951146,belongs to project,project,pr0003,,Contract_Awards_PDFs/Tender_951146.pdf,1
company,co0295,was awarded,tender,954661,2445000.120,Contract_Awards_PDFs/Tender_954661.pdf,1
organization,og0010,awarded contract to,company,co0295,2445000.120,Contract_Awards_PDFs/Tender_954661.pdf,1
person,pp0006,approved award,tender,954661,Assistant Engineer,Contract_Awards_PDFs/Tender_954661.pdf,1
organization,og0010,part of,organization,og0009,,Contract_Awards_PDFs/Tender_954661.pdf,1
organization,og0009,part of,organization,og0001,,Contract_Awards_PDFs/Tender_954661.pdf,1
tender,954661,belongs to project,project,pr0005,,Contract_Awards_PDFs/Tender_954661.pdf,1
company,co0013,was awarded,tender,957252,47768606.613,Contract_Awards_PDFs/Tender_957252.pdf,1
organization,og0015,awarded contract to,company,co0013,47768606.613,Contract_Awards_PDFs/Tender_957252.pdf,1
person,pp0116,approved award,tender,957252,Project Director,Contract_Awards_PDFs/Tender_957252.pdf,1
organization,og0015,part of,organization,og0002,,Contract_Awards_PDFs/Tender_957252.pdf,1
organization,og0002,part of,organization,og0001,,Contract_Awards_PDFs/Tender_957252.pdf,1
tender,957252,belongs to project,project,pr0009,,Contract_Awards_PDFs/Tender_957252.pdf,1
company,co0017,was awarded,tender,957254,50088046.635,Contract_Awards_PDFs/Tender_957254.pdf,1
organization,og0015,awarded contract to,company,co0017,50088046.635,Contract_Awards_PDFs/Tender_957254.pdf,1
person,pp0116,approved award,tender,957254,Project Director,Contract_Awards_PDFs/Tender_957254.pdf,1
organization,og0015,part of,organization,og0002,,Contract_Awards_PDFs/Tender_957254.pdf,1
organization,og0002,part of,organization,og0001,,Contract_Awards_PDFs/Tender_957254.pdf,1
tender,957254,belongs to project,project,pr0009,,Contract_Awards_PDFs/Tender_957254.pdf,1
company,co0109,was awarded,tender,957255,25012452.159,Contract_Awards_PDFs/Tender_957255.pdf,1
organization,og0015,awarded contract to,company,co0109,25012452.159,Contract_Awards_PDFs/Tender_957255.pdf,1
person,pp0116,approved award,tender,957255,Project Director,Contract_Awards_PDFs/Tender_957255.pdf,1
organization,og0015,part of,organization,og0002,,Contract_Awards_PDFs/Tender_957255.pdf,1
organization,og0002,part of,organization,og0001,,Contract_Awards_PDFs/Tender_957255.pdf,1
tender,957255,belongs to project,project,pr0009,,Contract_Awards_PDFs/Tender_957255.pdf,1
company,co0296,was awarded,tender,957256,44644840.479,Contract_Awards_PDFs/Tender_957256.pdf,1
organization,og0015,awarded contract to,company,co0296,44644840.479,Contract_Awards_PDFs/Tender_957256.pdf,1
person,pp0116,approved award,tender,957256,Project Director,Contract_Awards_PDFs/Tender_957256.pdf,1
organization,og0015,part of,organization,og0002,,Contract_Awards_PDFs/Tender_957256.pdf,1
organization,og0002,part of,organization,og0001,,Contract_Awards_PDFs/Tender_957256.pdf,1
tender,957256,belongs to project,project,pr0009,,Contract_Awards_PDFs/Tender_957256.pdf,1
company,co0279,was awarded,tender,957875,7006021.695,Contract_Awards_PDFs/Tender_957875.pdf,1
organization,og0007,awarded contract to,company,co0279,7006021.695,Contract_Awards_PDFs/Tender_957875.pdf,1
person,pp0004,approved award,tender,957875,Superintending Engineer,Contract_Awards_PDFs/Tender_957875.pdf,1
organization,og0007,part of,organization,og0002,,Contract_Awards_PDFs/Tender_957875.pdf,1
organization,og0002,part of,organization,og0001,,Contract_Awards_PDFs/Tender_957875.pdf,1
tender,957875,belongs to project,project,pr0003,,Contract_Awards_PDFs/Tender_957875.pdf,1
company,co0297,was awarded,tender,95841,475000.000,Contract_Awards_PDFs/Tender_95841.pdf,1
organization,og0083,awarded contract to,company,co0297,475000.000,Contract_Awards_PDFs/Tender_95841.pdf,1
person,pp0120,approved award,tender,95841,Assistant Engineer,Contract_Awards_PDFs/Tender_95841.pdf,1
organization,og0083,part of,organization,og0082,,Contract_Awards_PDFs/Tender_95841.pdf,1
organization,og0082,part of,organization,og0027,,Contract_Awards_PDFs/Tender_95841.pdf,1
tender,95841,belongs to project,project,pr0003,,Contract_Awards_PDFs/Tender_95841.pdf,1
company,co0011,was awarded,tender,959288,3443779.584,Contract_Awards_PDFs/Tender_959288.pdf,1
organization,og0012,awarded contract to,company,co0011,3443779.584,Contract_Awards_PDFs/Tender_959288.pdf,1
person,pp0004,approved award,tender,959288,PD (Uttara Appartment),Contract_Awards_PDFs/Tender_959288.pdf,1
organization,og0012,part of,organization,og0002,,Contract_Awards_PDFs/Tender_959288.pdf,1
organization,og0002,part of,organization,og0001,,Contract_Awards_PDFs/Tender_959288.pdf,1
tender,959288,belongs to project,project,pr0003,,Contract_Awards_PDFs/Tender_959288.pdf,1
company,co0298,was awarded,tender,959962,100790743.232,Contract_Awards_PDFs/Tender_959962.pdf,1
organization,og0084,awarded contract to,company,co0298,100790743.232,Contract_Awards_PDFs/Tender_959962.pdf,1
person,pp0121,approved award,tender,959962,Executive Engineer,Contract_Awards_PDFs/Tender_959962.pdf,1
organization,og0084,part of,organization,og0009,,Contract_Awards_PDFs/Tender_959962.pdf,1
organization,og0009,part of,organization,og0001,,Contract_Awards_PDFs/Tender_959962.pdf,1
tender,959962,belongs to project,project,pr0088,,Contract_Awards_PDFs/Tender_959962.pdf,1
company,co0074,was awarded,tender,960601,1965000.000,Contract_Awards_PDFs/Tender_960601.pdf,1
organization,og0030,awarded contract to,company,co0074,1965000.000,Contract_Awards_PDFs/Tender_960601.pdf,1
person,pp0002,approved award,tender,960601,Executive Engineer,Contract_Awards_PDFs/Tender_960601.pdf,1
organization,og0030,part of,organization,og0004,,Contract_Awards_PDFs/Tender_960601.pdf,1
organization,og0004,part of,organization,og0001,,Contract_Awards_PDFs/Tender_960601.pdf,1
tender,960601,belongs to project,project,pr0003,,Contract_Awards_PDFs/Tender_960601.pdf,1
company,co0011,was awarded,tender,962656,1697789.794,Contract_Awards_PDFs/Tender_962656.pdf,1
organization,og0012,awarded contract to,company,co0011,1697789.794,Contract_Awards_PDFs/Tender_962656.pdf,1
person,pp0004,approved award,tender,962656,PD (Uttara Appartment),Contract_Awards_PDFs/Tender_962656.pdf,1
organization,og0012,part of,organization,og0002,,Contract_Awards_PDFs/Tender_962656.pdf,1
organization,og0002,part of,organization,og0001,,Contract_Awards_PDFs/Tender_962656.pdf,1
tender,962656,belongs to project,project,pr0003,,Contract_Awards_PDFs/Tender_962656.pdf,1
company,co0299,was awarded,tender,962658,12700200.000,Contract_Awards_PDFs/Tender_962658.pdf,1
organization,og0012,awarded contract to,company,co0299,12700200.000,Contract_Awards_PDFs/Tender_962658.pdf,1
person,pp0004,approved award,tender,962658,PD (Uttara Appartment),Contract_Awards_PDFs/Tender_962658.pdf,1
organization,og0012,part of,organization,og0002,,Contract_Awards_PDFs/Tender_962658.pdf,1
organization,og0002,part of,organization,og0001,,Contract_Awards_PDFs/Tender_962658.pdf,1
tender,962658,belongs to project,project,pr0003,,Contract_Awards_PDFs/Tender_962658.pdf,1
company,co0300,was awarded,tender,962659,1249799.272,Contract_Awards_PDFs/Tender_962659.pdf,1
organization,og0012,awarded contract to,company,co0300,1249799.272,Contract_Awards_PDFs/Tender_962659.pdf,1
person,pp0004,approved award,tender,962659,PD (Uttara Appartment),Contract_Awards_PDFs/Tender_962659.pdf,1
organization,og0012,part of,organization,og0002,,Contract_Awards_PDFs/Tender_962659.pdf,1
organization,og0002,part of,organization,og0001,,Contract_Awards_PDFs/Tender_962659.pdf,1
tender,962659,belongs to project,project,pr0003,,Contract_Awards_PDFs/Tender_962659.pdf,1
company,co0236,was awarded,tender,963987,1490274.643,Contract_Awards_PDFs/Tender_963987.pdf,1
organization,og0020,awarded contract to,company,co0236,1490274.643,Contract_Awards_PDFs/Tender_963987.pdf,1
person,pp0013,approved award,tender,963987,Member (Engineer),Contract_Awards_PDFs/Tender_963987.pdf,1
organization,og0020,part of,organization,og0020,,Contract_Awards_PDFs/Tender_963987.pdf,1
organization,og0020,part of,organization,og0001,,Contract_Awards_PDFs/Tender_963987.pdf,1
tender,963987,belongs to project,project,pr0003,,Contract_Awards_PDFs/Tender_963987.pdf,1
company,co0205,was awarded,tender,965239,2678023.363,Contract_Awards_PDFs/Tender_965239.pdf,1
organization,og0079,awarded contract to,company,co0205,2678023.363,Contract_Awards_PDFs/Tender_965239.pdf,1
person,pp0020,approved award,tender,965239,Superintending Engineer,Contract_Awards_PDFs/Tender_965239.pdf,1
organization,og0079,part of,organization,og0009,,Contract_Awards_PDFs/Tender_965239.pdf,1
organization,og0009,part of,organization,og0001,,Contract_Awards_PDFs/Tender_965239.pdf,1
tender,965239,belongs to project,project,pr0003,,Contract_Awards_PDFs/Tender_965239.pdf,1
company,co0301,was awarded,tender,966347,939670.172,Contract_Awards_PDFs/Tender_966347.pdf,1
organization,og0020,awarded contract to,company,co0301,939670.172,Contract_Awards_PDFs/Tender_966347.pdf,1
person,pp0013,approved award,tender,966347,Member (Engineer),Contract_Awards_PDFs/Tender_966347.pdf,1
organization,og0020,part of,organization,og0020,,Contract_Awards_PDFs/Tender_966347.pdf,1
organization,og0020,part of,organization,og0001,,Contract_Awards_PDFs/Tender_966347.pdf,1
tender,966347,belongs to project,project,pr0003,,Contract_Awards_PDFs/Tender_966347.pdf,1
company,co0145,was awarded,tender,969450,11385916.900,Contract_Awards_PDFs/Tender_969450.pdf,1
organization,og0011,awarded contract to,company,co0145,11385916.900,Contract_Awards_PDFs/Tender_969450.pdf,1
person,pp0007,approved award,tender,969450,Sup. Eng. (Elec.),Contract_Awards_PDFs/Tender_969450.pdf,1
organization,og0011,part of,organization,og0002,,Contract_Awards_PDFs/Tender_969450.pdf,1
organization,og0002,part of,organization,og0001,,Contract_Awards_PDFs/Tender_969450.pdf,1
tender,969450,belongs to project,project,pr0075,,Contract_Awards_PDFs/Tender_969450.pdf,1
company,co0302,was awarded,tender,969481,9864800.395,Contract_Awards_PDFs/Tender_969481.pdf,1
organization,og0011,awarded contract to,company,co0302,9864800.395,Contract_Awards_PDFs/Tender_969481.pdf,1
person,pp0007,approved award,tender,969481,Sup. Eng. (Elec.),Contract_Awards_PDFs/Tender_969481.pdf,1
organization,og0011,part of,organization,og0002,,Contract_Awards_PDFs/Tender_969481.pdf,1
organization,og0002,part of,organization,og0001,,Contract_Awards_PDFs/Tender_969481.pdf,1
tender,969481,belongs to project,project,pr0021,,Contract_Awards_PDFs/Tender_969481.pdf,1
company,co0302,was awarded,tender,969489,7477300.251,Contract_Awards_PDFs/Tender_969489.pdf,1
organization,og0011,awarded contract to,company,co0302,7477300.251,Contract_Awards_PDFs/Tender_969489.pdf,1
person,pp0007,approved award,tender,969489,Sup. Eng. (Elec.),Contract_Awards_PDFs/Tender_969489.pdf,1
organization,og0011,part of,organization,og0002,,Contract_Awards_PDFs/Tender_969489.pdf,1
organization,og0002,part of,organization,og0001,,Contract_Awards_PDFs/Tender_969489.pdf,1
tender,969489,belongs to project,project,pr0021,,Contract_Awards_PDFs/Tender_969489.pdf,1
company,co0109,was awarded,tender,969822,2525937.300,Contract_Awards_PDFs/Tender_969822.pdf,1
organization,og0011,awarded contract to,company,co0109,2525937.300,Contract_Awards_PDFs/Tender_969822.pdf,1
person,pp0007,approved award,tender,969822,Sup. Eng. (Elec.),Contract_Awards_PDFs/Tender_969822.pdf,1
organization,og0011,part of,organization,og0002,,Contract_Awards_PDFs/Tender_969822.pdf,1
organization,og0002,part of,organization,og0001,,Contract_Awards_PDFs/Tender_969822.pdf,1
tender,969822,belongs to project,project,pr0018,,Contract_Awards_PDFs/Tender_969822.pdf,1
company,co0303,was awarded,tender,971720,174971612.328,Contract_Awards_PDFs/Tender_971720.pdf,1
organization,og0034,awarded contract to,company,co0303,174971612.328,Contract_Awards_PDFs/Tender_971720.pdf,1
person,pp0122,approved award,tender,971720,Project Director,Contract_Awards_PDFs/Tender_971720.pdf,1
organization,og0034,part of,organization,og0020,,Contract_Awards_PDFs/Tender_971720.pdf,1
organization,og0020,part of,organization,og0001,,Contract_Awards_PDFs/Tender_971720.pdf,1
tender,971720,belongs to project,project,pr0089,,Contract_Awards_PDFs/Tender_971720.pdf,1
company,co0304,was awarded,tender,971832,441661.071,Contract_Awards_PDFs/Tender_971832.pdf,1
organization,og0020,awarded contract to,company,co0304,441661.071,Contract_Awards_PDFs/Tender_971832.pdf,1
person,pp0013,approved award,tender,971832,Member (Engineer),Contract_Awards_PDFs/Tender_971832.pdf,1
organization,og0020,part of,organization,og0020,,Contract_Awards_PDFs/Tender_971832.pdf,1
organization,og0020,part of,organization,og0001,,Contract_Awards_PDFs/Tender_971832.pdf,1
tender,971832,belongs to project,project,pr0003,,Contract_Awards_PDFs/Tender_971832.pdf,1
company,co0305,was awarded,tender,971997,8741984.554,Contract_Awards_PDFs/Tender_971997.pdf,1
organization,og0031,awarded contract to,company,co0305,8741984.554,Contract_Awards_PDFs/Tender_971997.pdf,1
person,pp0024,approved award,tender,971997,Project Director,Contract_Awards_PDFs/Tender_971997.pdf,1
organization,og0031,part of,organization,og0009,,Contract_Awards_PDFs/Tender_971997.pdf,1
organization,og0009,part of,organization,og0001,,Contract_Awards_PDFs/Tender_971997.pdf,1
tender,971997,belongs to project,project,pr0003,,Contract_Awards_PDFs/Tender_971997.pdf,1
company,co0240,was awarded,tender,974362,26265169.503,Contract_Awards_PDFs/Tender_974362.pdf,1
organization,og0012,awarded contract to,company,co0240,26265169.503,Contract_Awards_PDFs/Tender_974362.pdf,1
person,pp0004,approved award,tender,974362,PD (Uttara Appartment),Contract_Awards_PDFs/Tender_974362.pdf,1
organization,og0012,part of,organization,og0002,,Contract_Awards_PDFs/Tender_974362.pdf,1
organization,og0002,part of,organization,og0001,,Contract_Awards_PDFs/Tender_974362.pdf,1
tender,974362,belongs to project,project,pr0003,,Contract_Awards_PDFs/Tender_974362.pdf,1
company,co0001,was awarded,tender,975322,28469847.681,Contract_Awards_PDFs/Tender_975322.pdf,1
organization,og0015,awarded contract to,company,co0001,28469847.681,Contract_Awards_PDFs/Tender_975322.pdf,1
person,pp0010,approved award,tender,975322,Project Director,Contract_Awards_PDFs/Tender_975322.pdf,1
organization,og0015,part of,organization,og0002,,Contract_Awards_PDFs/Tender_975322.pdf,1
organization,og0002,part of,organization,og0001,,Contract_Awards_PDFs/Tender_975322.pdf,1
tender,975322,belongs to project,project,pr0009,,Contract_Awards_PDFs/Tender_975322.pdf,1
company,co0039,was awarded,tender,975403,1798750.110,Contract_Awards_PDFs/Tender_975403.pdf,1
organization,og0035,awarded contract to,company,co0039,1798750.110,Contract_Awards_PDFs/Tender_975403.pdf,1
person,pp0041,approved award,tender,975403,Deputy Town Planner,Contract_Awards_PDFs/Tender_975403.pdf,1
organization,og0035,part of,organization,og0020,,Contract_Awards_PDFs/Tender_975403.pdf,1
organization,og0020,part of,organization,og0001,,Contract_Awards_PDFs/Tender_975403.pdf,1
tender,975403,belongs to project,project,pr0033,,Contract_Awards_PDFs/Tender_975403.pdf,1
company,co0306,was awarded,tender,975516,623250056.000,Contract_Awards_PDFs/Tender_975516.pdf,1
organization,og0075,awarded contract to,company,co0306,623250056.000,Contract_Awards_PDFs/Tender_975516.pdf,1
person,pp0014,approved award,tender,975516,Project Director,Contract_Awards_PDFs/Tender_975516.pdf,1
organization,og0075,part of,organization,og0016,,Contract_Awards_PDFs/Tender_975516.pdf,1
organization,og0016,part of,organization,og0001,,Contract_Awards_PDFs/Tender_975516.pdf,1
tender,975516,belongs to project,project,pr0064,,Contract_Awards_PDFs/Tender_975516.pdf,1
company,co0034,was awarded,tender,976291,1656583.770,Contract_Awards_PDFs/Tender_976291.pdf,1
organization,og0035,awarded contract to,company,co0034,1656583.770,Contract_Awards_PDFs/Tender_976291.pdf,1
person,pp0041,approved award,tender,976291,Deputy Town Planner,Contract_Awards_PDFs/Tender_976291.pdf,1
organization,og0035,part of,organization,og0020,,Contract_Awards_PDFs/Tender_976291.pdf,1
organization,og0020,part of,organization,og0001,,Contract_Awards_PDFs/Tender_976291.pdf,1
tender,976291,belongs to project,project,pr0033,,Contract_Awards_PDFs/Tender_976291.pdf,1
company,co0289,was awarded,tender,976553,13176504.570,Contract_Awards_PDFs/Tender_976553.pdf,1
organization,og0005,awarded contract to,company,co0289,13176504.570,Contract_Awards_PDFs/Tender_976553.pdf,1
person,pp0002,approved award,tender,976553,Superintending Engineer,Contract_Awards_PDFs/Tender_976553.pdf,1
organization,og0005,part of,organization,og0004,,Contract_Awards_PDFs/Tender_976553.pdf,1
organization,og0004,part of,organization,og0001,,Contract_Awards_PDFs/Tender_976553.pdf,1
tender,976553,belongs to project,project,pr0002,,Contract_Awards_PDFs/Tender_976553.pdf,1
company,co0034,was awarded,tender,976770,1158632.338,Contract_Awards_PDFs/Tender_976770.pdf,1
organization,og0035,awarded contract to,company,co0034,1158632.338,Contract_Awards_PDFs/Tender_976770.pdf,1
person,pp0041,approved award,tender,976770,Deputy Town Planner,Contract_Awards_PDFs/Tender_976770.pdf,1
organization,og0035,part of,organization,og0020,,Contract_Awards_PDFs/Tender_976770.pdf,1
organization,og0020,part of,organization,og0001,,Contract_Awards_PDFs/Tender_976770.pdf,1
tender,976770,belongs to project,project,pr0033,,Contract_Awards_PDFs/Tender_976770.pdf,1
company,co0028,was awarded,tender,978265,1219771.524,Contract_Awards_PDFs/Tender_978265.pdf,1
organization,og0020,awarded contract to,company,co0028,1219771.524,Contract_Awards_PDFs/Tender_978265.pdf,1
person,pp0013,approved award,tender,978265,Member (Engineer),Contract_Awards_PDFs/Tender_978265.pdf,1
organization,og0020,part of,organization,og0020,,Contract_Awards_PDFs/Tender_978265.pdf,1
organization,og0020,part of,organization,og0001,,Contract_Awards_PDFs/Tender_978265.pdf,1
tender,978265,belongs to project,project,pr0003,,Contract_Awards_PDFs/Tender_978265.pdf,1
company,co0211,was awarded,tender,980083,3723940.800,Contract_Awards_PDFs/Tender_980083.pdf,1
organization,og0011,awarded contract to,company,co0211,3723940.800,Contract_Awards_PDFs/Tender_980083.pdf,1
person,pp0007,approved award,tender,980083,Sup. Eng. (Elec.),Contract_Awards_PDFs/Tender_980083.pdf,1
organization,og0011,part of,organization,og0002,,Contract_Awards_PDFs/Tender_980083.pdf,1
organization,og0002,part of,organization,og0001,,Contract_Awards_PDFs/Tender_980083.pdf,1
tender,980083,belongs to project,project,pr0018,,Contract_Awards_PDFs/Tender_980083.pdf,1
company,co0005,was awarded,tender,980096,2499710.400,Contract_Awards_PDFs/Tender_980096.pdf,1
organization,og0011,awarded contract to,company,co0005,2499710.400,Contract_Awards_PDFs/Tender_980096.pdf,1
person,pp0007,approved award,tender,980096,Sup. Eng. (Elec.),Contract_Awards_PDFs/Tender_980096.pdf,1
organization,og0011,part of,organization,og0002,,Contract_Awards_PDFs/Tender_980096.pdf,1
organization,og0002,part of,organization,og0001,,Contract_Awards_PDFs/Tender_980096.pdf,1
tender,980096,belongs to project,project,pr0018,,Contract_Awards_PDFs/Tender_980096.pdf,1
company,co0053,was awarded,tender,980099,6560583.300,Contract_Awards_PDFs/Tender_980099.pdf,1
organization,og0011,awarded contract to,company,co0053,6560583.300,Contract_Awards_PDFs/Tender_980099.pdf,1
person,pp0007,approved award,tender,980099,Sup. Eng. (Elec.),Contract_Awards_PDFs/Tender_980099.pdf,1
organization,og0011,part of,organization,og0002,,Contract_Awards_PDFs/Tender_980099.pdf,1
organization,og0002,part of,organization,og0001,,Contract_Awards_PDFs/Tender_980099.pdf,1
tender,980099,belongs to project,project,pr0018,,Contract_Awards_PDFs/Tender_980099.pdf,1
company,co0005,was awarded,tender,980158,823713.000,Contract_Awards_PDFs/Tender_980158.pdf,1
organization,og0011,awarded contract to,company,co0005,823713.000,Contract_Awards_PDFs/Tender_980158.pdf,1
person,pp0007,approved award,tender,980158,Sup. Eng. (Elec.),Contract_Awards_PDFs/Tender_980158.pdf,1
organization,og0011,part of,organization,og0002,,Contract_Awards_PDFs/Tender_980158.pdf,1
organization,og0002,part of,organization,og0001,,Contract_Awards_PDFs/Tender_980158.pdf,1
tender,980158,belongs to project,project,pr0012,,Contract_Awards_PDFs/Tender_980158.pdf,1
company,co0248,was awarded,tender,98112,31685427.000,Contract_Awards_PDFs/Tender_98112.pdf,1
organization,og0032,awarded contract to,company,co0248,31685427.000,Contract_Awards_PDFs/Tender_98112.pdf,1
person,pp0053,approved award,tender,98112,"Chief Engineer, Implementation",Contract_Awards_PDFs/Tender_98112.pdf,1
organization,og0032,part of,organization,og0002,,Contract_Awards_PDFs/Tender_98112.pdf,1
organization,og0002,part of,organization,og0001,,Contract_Awards_PDFs/Tender_98112.pdf,1
tender,98112,belongs to project,project,pr0041,,Contract_Awards_PDFs/Tender_98112.pdf,1
company,co0053,was awarded,tender,984794,52895972.758,Contract_Awards_PDFs/Tender_984794.pdf,1
organization,og0012,awarded contract to,company,co0053,52895972.758,Contract_Awards_PDFs/Tender_984794.pdf,1
person,pp0004,approved award,tender,984794,PD (Uttara Appartment),Contract_Awards_PDFs/Tender_984794.pdf,1
organization,og0012,part of,organization,og0002,,Contract_Awards_PDFs/Tender_984794.pdf,1
organization,og0002,part of,organization,og0001,,Contract_Awards_PDFs/Tender_984794.pdf,1
tender,984794,belongs to project,project,pr0003,,Contract_Awards_PDFs/Tender_984794.pdf,1
company,co0307,was awarded,tender,98617,25899212.700,Contract_Awards_PDFs/Tender_98617.pdf,1
organization,og0036,awarded contract to,company,co0307,25899212.700,Contract_Awards_PDFs/Tender_98617.pdf,1
person,pp0025,approved award,tender,98617,"Chief Engineer, Project & Design",Contract_Awards_PDFs/Tender_98617.pdf,1
organization,og0036,part of,organization,og0002,,Contract_Awards_PDFs/Tender_98617.pdf,1
organization,og0002,part of,organization,og0001,,Contract_Awards_PDFs/Tender_98617.pdf,1
tender,98617,belongs to project,project,pr0050,,Contract_Awards_PDFs/Tender_98617.pdf,1
company,co0308,was awarded,tender,98996,356723044.200,Contract_Awards_PDFs/Tender_98996.pdf,1
organization,og0030,awarded contract to,company,co0308,356723044.200,Contract_Awards_PDFs/Tender_98996.pdf,1
person,pp0023,approved award,tender,98996,Chaiman,Contract_Awards_PDFs/Tender_98996.pdf,1
organization,og0030,part of,organization,og0004,,Contract_Awards_PDFs/Tender_98996.pdf,1
organization,og0004,part of,organization,og0001,,Contract_Awards_PDFs/Tender_98996.pdf,1
tender,98996,belongs to project,project,pr0090,,Contract_Awards_PDFs/Tender_98996.pdf,1
company,co0309,was awarded,tender,991635,442452500.000,Contract_Awards_PDFs/Tender_991635.pdf,1
organization,og0075,awarded contract to,company,co0309,442452500.000,Contract_Awards_PDFs/Tender_991635.pdf,1
person,pp0014,approved award,tender,991635,Project Director,Contract_Awards_PDFs/Tender_991635.pdf,1
organization,og0075,part of,organization,og0016,,Contract_Awards_PDFs/Tender_991635.pdf,1
organization,og0016,part of,organization,og0001,,Contract_Awards_PDFs/Tender_991635.pdf,1
tender,991635,belongs to project,project,pr0064,,Contract_Awards_PDFs/Tender_991635.pdf,1
company,co0141,was awarded,tender,99692,237118580.877,Contract_Awards_PDFs/Tender_99692.pdf,1
organization,og0071,awarded contract to,company,co0141,237118580.877,Contract_Awards_PDFs/Tender_99692.pdf,1
person,pp0017,approved award,tender,99692,Executive Engineer,Contract_Awards_PDFs/Tender_99692.pdf,1
organization,og0071,part of,organization,og0009,,Contract_Awards_PDFs/Tender_99692.pdf,1
organization,og0009,part of,organization,og0001,,Contract_Awards_PDFs/Tender_99692.pdf,1
tender,99692,belongs to project,project,pr0091,,Contract_Awards_PDFs/Tender_99692.pdf,1
organization,og0010,part of,organization,og0009,,Tender Notice_PDFs/CDA_Tender_1001782.pdf,1
organization,og0009,part of,organization,og0001,,Tender Notice_PDFs/CDA_Tender_1001782.pdf,1
person,pp0006,invited tender,tender,1001782,Assistant Engineer,Tender Notice_PDFs/CDA_Tender_1001782.pdf,1
organization,og0010,advertised,tender,1001782,,Tender Notice_PDFs/CDA_Tender_1001782.pdf,1
tender,1001782,belongs to project,project,pr0005,,Tender Notice_PDFs/CDA_Tender_1001782.pdf,1
organization,og0010,part of,organization,og0009,,Tender Notice_PDFs/CDA_Tender_1001843.pdf,1
organization,og0009,part of,organization,og0001,,Tender Notice_PDFs/CDA_Tender_1001843.pdf,1
person,pp0006,invited tender,tender,1001843,Assistant Engineer,Tender Notice_PDFs/CDA_Tender_1001843.pdf,1
organization,og0010,advertised,tender,1001843,,Tender Notice_PDFs/CDA_Tender_1001843.pdf,1
tender,1001843,belongs to project,project,pr0005,,Tender Notice_PDFs/CDA_Tender_1001843.pdf,1
organization,og0085,part of,organization,og0009,,Tender Notice_PDFs/CDA_Tender_1002615.pdf,1
organization,og0009,part of,organization,og0001,,Tender Notice_PDFs/CDA_Tender_1002615.pdf,1
person,pp0123,invited tender,tender,1002615,Executive Engineer,Tender Notice_PDFs/CDA_Tender_1002615.pdf,1
organization,og0085,advertised,tender,1002615,,Tender Notice_PDFs/CDA_Tender_1002615.pdf,1
tender,1002615,belongs to project,project,pr0092,,Tender Notice_PDFs/CDA_Tender_1002615.pdf,1
organization,og0013,part of,organization,og0009,,Tender Notice_PDFs/CDA_Tender_100483.pdf,1
organization,og0009,part of,organization,og0001,,Tender Notice_PDFs/CDA_Tender_100483.pdf,1
person,pp0008,invited tender,tender,100483,Project Director,Tender Notice_PDFs/CDA_Tender_100483.pdf,1
organization,og0013,advertised,tender,100483,,Tender Notice_PDFs/CDA_Tender_100483.pdf,1
tender,100483,belongs to project,project,pr0007,,Tender Notice_PDFs/CDA_Tender_100483.pdf,1
organization,og0031,part of,organization,og0009,,Tender Notice_PDFs/CDA_Tender_1006947.pdf,1
organization,og0009,part of,organization,og0001,,Tender Notice_PDFs/CDA_Tender_1006947.pdf,1
person,pp0024,invited tender,tender,1006947,Project Director,Tender Notice_PDFs/CDA_Tender_1006947.pdf,1
organization,og0031,advertised,tender,1006947,,Tender Notice_PDFs/CDA_Tender_1006947.pdf,1
tender,1006947,belongs to project,project,pr0093,,Tender Notice_PDFs/CDA_Tender_1006947.pdf,1
organization,og0019,part of,organization,og0009,,Tender Notice_PDFs/CDA_Tender_101083.pdf,1
organization,og0009,part of,organization,og0001,,Tender Notice_PDFs/CDA_Tender_101083.pdf,1
person,pp0008,invited tender,tender,101083,Project Director,Tender Notice_PDFs/CDA_Tender_101083.pdf,1
organization,og0019,advertised,tender,101083,,Tender Notice_PDFs/CDA_Tender_101083.pdf,1
tender,101083,belongs to project,project,pr0010,,Tender Notice_PDFs/CDA_Tender_101083.pdf,1
organization,og0010,part of,organization,og0009,,Tender Notice_PDFs/CDA_Tender_1023323.pdf,1
organization,og0009,part of,organization,og0001,,Tender Notice_PDFs/CDA_Tender_1023323.pdf,1
person,pp0006,invited tender,tender,1023323,Assistant Engineer,Tender Notice_PDFs/CDA_Tender_1023323.pdf,1
organization,og0010,advertised,tender,1023323,,Tender Notice_PDFs/CDA_Tender_1023323.pdf,1
tender,1023323,belongs to project,project,pr0093,,Tender Notice_PDFs/CDA_Tender_1023323.pdf,1
organization,og0021,part of,organization,og0009,,Tender Notice_PDFs/CDA_Tender_1023333.pdf,1
organization,og0009,part of,organization,og0001,,Tender Notice_PDFs/CDA_Tender_1023333.pdf,1
person,pp0006,invited tender,tender,1023333,Executive Engineer,Tender Notice_PDFs/CDA_Tender_1023333.pdf,1
organization,og0021,advertised,tender,1023333,,Tender Notice_PDFs/CDA_Tender_1023333.pdf,1
tender,1023333,belongs to project,project,pr0093,,Tender Notice_PDFs/CDA_Tender_1023333.pdf,1
organization,og0010,part of,organization,og0009,,Tender Notice_PDFs/CDA_Tender_1028832.pdf,1
organization,og0009,part of,organization,og0001,,Tender Notice_PDFs/CDA_Tender_1028832.pdf,1
person,pp0006,invited tender,tender,1028832,Assistant Engineer,Tender Notice_PDFs/CDA_Tender_1028832.pdf,1
organization,og0010,advertised,tender,1028832,,Tender Notice_PDFs/CDA_Tender_1028832.pdf,1
tender,1028832,belongs to project,project,pr0093,,Tender Notice_PDFs/CDA_Tender_1028832.pdf,1
organization,og0031,part of,organization,og0009,,Tender Notice_PDFs/CDA_Tender_1032943.pdf,1
organization,og0009,part of,organization,og0001,,Tender Notice_PDFs/CDA_Tender_1032943.pdf,1
person,pp0024,invited tender,tender,1032943,Project Director,Tender Notice_PDFs/CDA_Tender_1032943.pdf,1
organization,og0031,advertised,tender,1032943,,Tender Notice_PDFs/CDA_Tender_1032943.pdf,1
tender,1032943,belongs to project,project,pr0093,,Tender Notice_PDFs/CDA_Tender_1032943.pdf,1
organization,og0084,part of,organization,og0009,,Tender Notice_PDFs/CDA_Tender_1036609.pdf,1
organization,og0009,part of,organization,og0001,,Tender Notice_PDFs/CDA_Tender_1036609.pdf,1
person,pp0121,invited tender,tender,1036609,Executive Engineer,Tender Notice_PDFs/CDA_Tender_1036609.pdf,1
organization,og0084,advertised,tender,1036609,,Tender Notice_PDFs/CDA_Tender_1036609.pdf,1
tender,1036609,belongs to project,project,pr0088,,Tender Notice_PDFs/CDA_Tender_1036609.pdf,1
organization,og0086,part of,organization,og0009,,Tender Notice_PDFs/CDA_Tender_1044421.pdf,1
organization,og0009,part of,organization,og0001,,Tender Notice_PDFs/CDA_Tender_1044421.pdf,1
person,pp0124,invited tender,tender,1044421,Secretary,Tender Notice_PDFs/CDA_Tender_1044421.pdf,1
organization,og0086,advertised,tender,1044421,,Tender Notice_PDFs/CDA_Tender_1044421.pdf,1
tender,1044421,belongs to project,project,pr0093,,Tender Notice_PDFs/CDA_Tender_1044421.pdf,1
organization,og0038,part of,organization,og0009,,Tender Notice_PDFs/CDA_Tender_1048608.pdf,1
organization,og0009,part of,organization,og0001,,Tender Notice_PDFs/CDA_Tender_1048608.pdf,1
person,pp0069,invited tender,tender,1048608,System Analyst,Tender Notice_PDFs/CDA_Tender_1048608.pdf,1
organization,og0038,advertised,tender,1048608,,Tender Notice_PDFs/CDA_Tender_1048608.pdf,1
tender,1048608,belongs to project,project,pr0093,,Tender Notice_PDFs/CDA_Tender_1048608.pdf,1
organization,og0031,part of,organization,og0009,,Tender Notice_PDFs/CDA_Tender_1049598.pdf,1
organization,og0009,part of,organization,og0001,,Tender Notice_PDFs/CDA_Tender_1049598.pdf,1
person,pp0024,invited tender,tender,1049598,Project Director,Tender Notice_PDFs/CDA_Tender_1049598.pdf,1
organization,og0031,advertised,tender,1049598,,Tender Notice_PDFs/CDA_Tender_1049598.pdf,1
tender,1049598,belongs to project,project,pr0093,,Tender Notice_PDFs/CDA_Tender_1049598.pdf,1
organization,og0086,part of,organization,og0009,,Tender Notice_PDFs/CDA_Tender_1054573.pdf,1
organization,og0009,part of,organization,og0001,,Tender Notice_PDFs/CDA_Tender_1054573.pdf,1
person,pp0124,invited tender,tender,1054573,Secretary,Tender Notice_PDFs/CDA_Tender_1054573.pdf,1
organization,og0086,advertised,tender,1054573,,Tender Notice_PDFs/CDA_Tender_1054573.pdf,1
tender,1054573,belongs to project,project,pr0093,,Tender Notice_PDFs/CDA_Tender_1054573.pdf,1
organization,og0024,part of,organization,og0009,,Tender Notice_PDFs/CDA_Tender_108836.pdf,1
organization,og0009,part of,organization,og0001,,Tender Notice_PDFs/CDA_Tender_108836.pdf,1
person,pp0017,invited tender,tender,108836,Executive Engineer,Tender Notice_PDFs/CDA_Tender_108836.pdf,1
organization,og0024,advertised,tender,108836,,Tender Notice_PDFs/CDA_Tender_108836.pdf,1
tender,108836,belongs to project,project,pr0022,,Tender Notice_PDFs/CDA_Tender_108836.pdf,1
organization,og0026,part of,organization,og0009,,Tender Notice_PDFs/CDA_Tender_110297.pdf,1
organization,og0009,part of,organization,og0001,,Tender Notice_PDFs/CDA_Tender_110297.pdf,1
person,pp0020,invited tender,tender,110297,Project Director,Tender Notice_PDFs/CDA_Tender_110297.pdf,2
organization,og0026,advertised,tender,110297,,Tender Notice_PDFs/CDA_Tender_110297.pdf,1
tender,110297,belongs to project,project,pr0024,,Tender Notice_PDFs/CDA_Tender_110297.pdf,1
organization,og0031,part of,organization,og0009,,Tender Notice_PDFs/CDA_Tender_1111428.pdf,1
organization,og0009,part of,organization,og0001,,Tender Notice_PDFs/CDA_Tender_1111428.pdf,1
person,pp0024,invited tender,tender,1111428,Project Director,Tender Notice_PDFs/CDA_Tender_1111428.pdf,1
organization,og0031,advertised,tender,1111428,,Tender Notice_PDFs/CDA_Tender_1111428.pdf,1
tender,1111428,belongs to project,project,pr0093,,Tender Notice_PDFs/CDA_Tender_1111428.pdf,1
organization,og0021,part of,organization,og0009,,Tender Notice_PDFs/CDA_Tender_1115432.pdf,1
organization,og0009,part of,organization,og0001,,Tender Notice_PDFs/CDA_Tender_1115432.pdf,1
person,pp0008,invited tender,tender,1115432,Executive Engineer,Tender Notice_PDFs/CDA_Tender_1115432.pdf,1
organization,og0021,advertised,tender,1115432,,Tender Notice_PDFs/CDA_Tender_1115432.pdf,1
tender,1115432,belongs to project,project,pr0093,,Tender Notice_PDFs/CDA_Tender_1115432.pdf,1
organization,og0031,part of,organization,og0009,,Tender Notice_PDFs/CDA_Tender_1123107.pdf,1
organization,og0009,part of,organization,og0001,,Tender Notice_PDFs/CDA_Tender_1123107.pdf,1
person,pp0024,invited tender,tender,1123107,Project Director,Tender Notice_PDFs/CDA_Tender_1123107.pdf,1
organization,og0031,advertised,tender,1123107,,Tender Notice_PDFs/CDA_Tender_1123107.pdf,1
tender,1123107,belongs to project,project,pr0093,,Tender Notice_PDFs/CDA_Tender_1123107.pdf,1
organization,og0087,part of,organization,og0009,,Tender Notice_PDFs/CDA_Tender_1124277.pdf,1
organization,og0009,part of,organization,og0001,,Tender Notice_PDFs/CDA_Tender_1124277.pdf,1
person,pp0125,invited tender,tender,1124277,Executive Engineer,Tender Notice_PDFs/CDA_Tender_1124277.pdf,1
organization,og0087,advertised,tender,1124277,,Tender Notice_PDFs/CDA_Tender_1124277.pdf,1
tender,1124277,belongs to project,project,pr0094,,Tender Notice_PDFs/CDA_Tender_1124277.pdf,1
organization,og0031,part of,organization,og0009,,Tender Notice_PDFs/CDA_Tender_1128572.pdf,1
organization,og0009,part of,organization,og0001,,Tender Notice_PDFs/CDA_Tender_1128572.pdf,1
person,pp0024,invited tender,tender,1128572,Project Director,Tender Notice_PDFs/CDA_Tender_1128572.pdf,1
organization,og0031,advertised,tender,1128572,,Tender Notice_PDFs/CDA_Tender_1128572.pdf,1
tender,1128572,belongs to project,project,pr0093,,Tender Notice_PDFs/CDA_Tender_1128572.pdf,1
organization,og0038,part of,organization,og0009,,Tender Notice_PDFs/CDA_Tender_1128704.pdf,1
organization,og0009,part of,organization,og0001,,Tender Notice_PDFs/CDA_Tender_1128704.pdf,1
person,pp0069,invited tender,tender,1128704,System Analyst,Tender Notice_PDFs/CDA_Tender_1128704.pdf,1
organization,og0038,advertised,tender,1128704,,Tender Notice_PDFs/CDA_Tender_1128704.pdf,1
tender,1128704,belongs to project,project,pr0093,,Tender Notice_PDFs/CDA_Tender_1128704.pdf,1
organization,og0038,part of,organization,og0009,,Tender Notice_PDFs/CDA_Tender_1129166.pdf,1
organization,og0009,part of,organization,og0001,,Tender Notice_PDFs/CDA_Tender_1129166.pdf,1
person,pp0069,invited tender,tender,1129166,System Analyst,Tender Notice_PDFs/CDA_Tender_1129166.pdf,1
organization,og0038,advertised,tender,1129166,,Tender Notice_PDFs/CDA_Tender_1129166.pdf,1
tender,1129166,belongs to project,project,pr0093,,Tender Notice_PDFs/CDA_Tender_1129166.pdf,1
organization,og0038,part of,organization,og0009,,Tender Notice_PDFs/CDA_Tender_1129170.pdf,1
organization,og0009,part of,organization,og0001,,Tender Notice_PDFs/CDA_Tender_1129170.pdf,1
person,pp0069,invited tender,tender,1129170,System Analyst,Tender Notice_PDFs/CDA_Tender_1129170.pdf,1
organization,og0038,advertised,tender,1129170,,Tender Notice_PDFs/CDA_Tender_1129170.pdf,1
tender,1129170,belongs to project,project,pr0093,,Tender Notice_PDFs/CDA_Tender_1129170.pdf,1
organization,og0033,part of,organization,og0009,,Tender Notice_PDFs/CDA_Tender_114570.pdf,1
organization,og0009,part of,organization,og0001,,Tender Notice_PDFs/CDA_Tender_114570.pdf,1
person,pp0024,invited tender,tender,114570,Project Director,Tender Notice_PDFs/CDA_Tender_114570.pdf,1
organization,og0033,advertised,tender,114570,,Tender Notice_PDFs/CDA_Tender_114570.pdf,1
tender,114570,belongs to project,project,pr0029,,Tender Notice_PDFs/CDA_Tender_114570.pdf,1
organization,og0084,part of,organization,og0009,,Tender Notice_PDFs/CDA_Tender_1153793.pdf,1
organization,og0009,part of,organization,og0001,,Tender Notice_PDFs/CDA_Tender_1153793.pdf,1
person,pp0121,invited tender,tender,1153793,Executive Engineer,Tender Notice_PDFs/CDA_Tender_1153793.pdf,1
organization,og0084,advertised,tender,1153793,,Tender Notice_PDFs/CDA_Tender_1153793.pdf,1
tender,1153793,belongs to project,project,pr0093,,Tender Notice_PDFs/CDA_Tender_1153793.pdf,1
organization,og0084,part of,organization,og0009,,Tender Notice_PDFs/CDA_Tender_1153808.pdf,1
organization,og0009,part of,organization,og0001,,Tender Notice_PDFs/CDA_Tender_1153808.pdf,1
person,pp0121,invited tender,tender,1153808,Executive Engineer,Tender Notice_PDFs/CDA_Tender_1153808.pdf,1
organization,og0084,advertised,tender,1153808,,Tender Notice_PDFs/CDA_Tender_1153808.pdf,1
tender,1153808,belongs to project,project,pr0093,,Tender Notice_PDFs/CDA_Tender_1153808.pdf,1
organization,og0084,part of,organization,og0009,,Tender Notice_PDFs/CDA_Tender_1153840.pdf,1
organization,og0009,part of,organization,og0001,,Tender Notice_PDFs/CDA_Tender_1153840.pdf,1
person,pp0121,invited tender,tender,1153840,Executive Engineer,Tender Notice_PDFs/CDA_Tender_1153840.pdf,1
organization,og0084,advertised,tender,1153840,,Tender Notice_PDFs/CDA_Tender_1153840.pdf,1
tender,1153840,belongs to project,project,pr0093,,Tender Notice_PDFs/CDA_Tender_1153840.pdf,1
organization,og0084,part of,organization,og0009,,Tender Notice_PDFs/CDA_Tender_1153888.pdf,1
organization,og0009,part of,organization,og0001,,Tender Notice_PDFs/CDA_Tender_1153888.pdf,1
person,pp0121,invited tender,tender,1153888,Executive Engineer,Tender Notice_PDFs/CDA_Tender_1153888.pdf,1
organization,og0084,advertised,tender,1153888,,Tender Notice_PDFs/CDA_Tender_1153888.pdf,1
tender,1153888,belongs to project,project,pr0093,,Tender Notice_PDFs/CDA_Tender_1153888.pdf,1
organization,og0038,part of,organization,og0009,,Tender Notice_PDFs/CDA_Tender_1231413.pdf,1
organization,og0009,part of,organization,og0001,,Tender Notice_PDFs/CDA_Tender_1231413.pdf,1
person,pp0069,invited tender,tender,1231413,System Analyst,Tender Notice_PDFs/CDA_Tender_1231413.pdf,1
organization,og0038,advertised,tender,1231413,,Tender Notice_PDFs/CDA_Tender_1231413.pdf,1
tender,1231413,belongs to project,project,pr0093,,Tender Notice_PDFs/CDA_Tender_1231413.pdf,1
organization,og0031,part of,organization,og0009,,Tender Notice_PDFs/CDA_Tender_1251823.pdf,1
organization,og0009,part of,organization,og0001,,Tender Notice_PDFs/CDA_Tender_1251823.pdf,1
person,pp0024,invited tender,tender,1251823,Project Director,Tender Notice_PDFs/CDA_Tender_1251823.pdf,1
organization,og0031,advertised,tender,1251823,,Tender Notice_PDFs/CDA_Tender_1251823.pdf,1
tender,1251823,belongs to project,project,pr0093,,Tender Notice_PDFs/CDA_Tender_1251823.pdf,1
organization,og0087,part of,organization,og0009,,Tender Notice_PDFs/CDA_Tender_1266322.pdf,1
organization,og0009,part of,organization,og0001,,Tender Notice_PDFs/CDA_Tender_1266322.pdf,1
person,pp0126,invited tender,tender,1266322,,Tender Notice_PDFs/CDA_Tender_1266322.pdf,2
organization,og0087,advertised,tender,1266322,,Tender Notice_PDFs/CDA_Tender_1266322.pdf,1
tender,1266322,belongs to project,project,pr0093,,Tender Notice_PDFs/CDA_Tender_1266322.pdf,1
organization,og0038,part of,organization,og0009,,Tender Notice_PDFs/CDA_Tender_1267626.pdf,1
organization,og0009,part of,organization,og0001,,Tender Notice_PDFs/CDA_Tender_1267626.pdf,1
person,pp0069,invited tender,tender,1267626,System Analyst,Tender Notice_PDFs/CDA_Tender_1267626.pdf,1
organization,og0038,advertised,tender,1267626,,Tender Notice_PDFs/CDA_Tender_1267626.pdf,1
tender,1267626,belongs to project,project,pr0093,,Tender Notice_PDFs/CDA_Tender_1267626.pdf,1
organization,og0081,part of,organization,og0009,,Tender Notice_PDFs/CDA_Tender_1280331.pdf,1
organization,og0009,part of,organization,og0001,,Tender Notice_PDFs/CDA_Tender_1280331.pdf,1
person,pp0096,invited tender,tender,1280331,Executive Engineer,Tender Notice_PDFs/CDA_Tender_1280331.pdf,1
organization,og0081,advertised,tender,1280331,,Tender Notice_PDFs/CDA_Tender_1280331.pdf,1
tender,1280331,belongs to project,project,pr0093,,Tender Notice_PDFs/CDA_Tender_1280331.pdf,1
organization,og0070,part of,organization,og0009,,Tender Notice_PDFs/CDA_Tender_1287229.pdf,1
organization,og0009,part of,organization,og0001,,Tender Notice_PDFs/CDA_Tender_1287229.pdf,1
person,pp0111,invited tender,tender,1287229,Deputy Chief Town Planner,Tender Notice_PDFs/CDA_Tender_1287229.pdf,2
organization,og0070,advertised,tender,1287229,,Tender Notice_PDFs/CDA_Tender_1287229.pdf,1
tender,1287229,belongs to project,project,pr0078,,Tender Notice_PDFs/CDA_Tender_1287229.pdf,1
organization,og0086,part of,organization,og0009,,Tender Notice_PDFs/CDA_Tender_1305867.pdf,1
organization,og0009,part of,organization,og0001,,Tender Notice_PDFs/CDA_Tender_1305867.pdf,1
person,pp0127,invited tender,tender,1305867,Secretary,Tender Notice_PDFs/CDA_Tender_1305867.pdf,1
organization,og0086,advertised,tender,1305867,,Tender Notice_PDFs/CDA_Tender_1305867.pdf,1
tender,1305867,belongs to project,project,pr0093,,Tender Notice_PDFs/CDA_Tender_1305867.pdf,1
organization,og0038,part of,organization,og0009,,Tender Notice_PDFs/CDA_Tender_1306342.pdf,1
organization,og0009,part of,organization,og0001,,Tender Notice_PDFs/CDA_Tender_1306342.pdf,1
person,pp0069,invited tender,tender,1306342,System Analyst,Tender Notice_PDFs/CDA_Tender_1306342.pdf,1
organization,og0038,advertised,tender,1306342,,Tender Notice_PDFs/CDA_Tender_1306342.pdf,1
tender,1306342,belongs to project,project,pr0093,,Tender Notice_PDFs/CDA_Tender_1306342.pdf,1
organization,og0010,part of,organization,og0009,,Tender Notice_PDFs/CDA_Tender_133881.pdf,1
organization,og0009,part of,organization,og0001,,Tender Notice_PDFs/CDA_Tender_133881.pdf,1
person,pp0006,invited tender,tender,133881,Assistant Engineer,Tender Notice_PDFs/CDA_Tender_133881.pdf,1
organization,og0010,advertised,tender,133881,,Tender Notice_PDFs/CDA_Tender_133881.pdf,1
tender,133881,belongs to project,project,pr0005,,Tender Notice_PDFs/CDA_Tender_133881.pdf,1
organization,og0038,part of,organization,og0009,,Tender Notice_PDFs/CDA_Tender_147563.pdf,1
organization,og0009,part of,organization,og0001,,Tender Notice_PDFs/CDA_Tender_147563.pdf,1
person,pp0069,invited tender,tender,147563,System Analyst,Tender Notice_PDFs/CDA_Tender_147563.pdf,2
organization,og0038,advertised,tender,147563,,Tender Notice_PDFs/CDA_Tender_147563.pdf,1
tender,147563,belongs to project,project,pr0095,,Tender Notice_PDFs/CDA_Tender_147563.pdf,1
organization,og0090,part of,organization,og0089,,Tender Notice_PDFs/CDA_Tender_15000.pdf,1
organization,og0089,part of,organization,og0088,,Tender Notice_PDFs/CDA_Tender_15000.pdf,1
person,pp0086,invited tender,tender,15000,Executive Engineer,Tender Notice_PDFs/CDA_Tender_15000.pdf,1
organization,og0090,advertised,tender,15000,,Tender Notice_PDFs/CDA_Tender_15000.pdf,1
tender,15000,belongs to project,project,pr0093,,Tender Notice_PDFs/CDA_Tender_15000.pdf,1
organization,og0038,part of,organization,og0009,,Tender Notice_PDFs/CDA_Tender_173113.pdf,1
organization,og0009,part of,organization,og0001,,Tender Notice_PDFs/CDA_Tender_173113.pdf,1
person,pp0069,invited tender,tender,173113,System Analyst,Tender Notice_PDFs/CDA_Tender_173113.pdf,2
organization,og0038,advertised,tender,173113,,Tender Notice_PDFs/CDA_Tender_173113.pdf,1
tender,173113,belongs to project,project,pr0096,,Tender Notice_PDFs/CDA_Tender_173113.pdf,1
organization,og0056,part of,organization,og0009,,Tender Notice_PDFs/CDA_Tender_178554.pdf,1
organization,og0009,part of,organization,og0001,,Tender Notice_PDFs/CDA_Tender_178554.pdf,1
person,pp0092,invited tender,tender,178554,Executive Engineer,Tender Notice_PDFs/CDA_Tender_178554.pdf,1
organization,og0056,advertised,tender,178554,,Tender Notice_PDFs/CDA_Tender_178554.pdf,1
tender,178554,belongs to project,project,pr0053,,Tender Notice_PDFs/CDA_Tender_178554.pdf,1
organization,og0093,part of,organization,og0092,,Tender Notice_PDFs/CDA_Tender_18000.pdf,1
organization,og0092,part of,organization,og0091,,Tender Notice_PDFs/CDA_Tender_18000.pdf,1
person,pp0128,invited tender,tender,18000,Executive Engineer,Tender Notice_PDFs/CDA_Tender_18000.pdf,1
organization,og0093,advertised,tender,18000,,Tender Notice_PDFs/CDA_Tender_18000.pdf,1
tender,18000,belongs to project,project,pr0093,,Tender Notice_PDFs/CDA_Tender_18000.pdf,1
organization,og0024,part of,organization,og0009,,Tender Notice_PDFs/CDA_Tender_189939.pdf,1
organization,og0009,part of,organization,og0001,,Tender Notice_PDFs/CDA_Tender_189939.pdf,1
person,pp0017,invited tender,tender,189939,Executive Engineer,Tender Notice_PDFs/CDA_Tender_189939.pdf,1
organization,og0024,advertised,tender,189939,,Tender Notice_PDFs/CDA_Tender_189939.pdf,1
tender,189939,belongs to project,project,pr0022,,Tender Notice_PDFs/CDA_Tender_189939.pdf,1
organization,og0024,part of,organization,og0009,,Tender Notice_PDFs/CDA_Tender_189944.pdf,1
organization,og0009,part of,organization,og0001,,Tender Notice_PDFs/CDA_Tender_189944.pdf,1
person,pp0017,invited tender,tender,189944,Executive Engineer,Tender Notice_PDFs/CDA_Tender_189944.pdf,1
organization,og0024,advertised,tender,189944,,Tender Notice_PDFs/CDA_Tender_189944.pdf,1
tender,189944,belongs to project,project,pr0022,,Tender Notice_PDFs/CDA_Tender_189944.pdf,1
organization,og0038,part of,organization,og0009,,Tender Notice_PDFs/CDA_Tender_192714.pdf,1
organization,og0009,part of,organization,og0001,,Tender Notice_PDFs/CDA_Tender_192714.pdf,1
person,pp0069,invited tender,tender,192714,System Analyst,Tender Notice_PDFs/CDA_Tender_192714.pdf,2
organization,og0038,advertised,tender,192714,,Tender Notice_PDFs/CDA_Tender_192714.pdf,1
tender,192714,belongs to project,project,pr0051,,Tender Notice_PDFs/CDA_Tender_192714.pdf,1
organization,og0013,part of,organization,og0009,,Tender Notice_PDFs/CDA_Tender_200650.pdf,1
organization,og0009,part of,organization,og0001,,Tender Notice_PDFs/CDA_Tender_200650.pdf,1
person,pp0008,invited tender,tender,200650,Project Director,Tender Notice_PDFs/CDA_Tender_200650.pdf,1
organization,og0013,advertised,tender,200650,,Tender Notice_PDFs/CDA_Tender_200650.pdf,1
tender,200650,belongs to project,project,pr0007,,Tender Notice_PDFs/CDA_Tender_200650.pdf,1
organization,og0013,part of,organization,og0009,,Tender Notice_PDFs/CDA_Tender_201012.pdf,1
organization,og0009,part of,organization,og0001,,Tender Notice_PDFs/CDA_Tender_201012.pdf,1
person,pp0008,invited tender,tender,201012,Project Director,Tender Notice_PDFs/CDA_Tender_201012.pdf,1
organization,og0013,advertised,tender,201012,,Tender Notice_PDFs/CDA_Tender_201012.pdf,1
tender,201012,belongs to project,project,pr0007,,Tender Notice_PDFs/CDA_Tender_201012.pdf,1
organization,og0013,part of,organization,og0009,,Tender Notice_PDFs/CDA_Tender_201451.pdf,1
organization,og0009,part of,organization,og0001,,Tender Notice_PDFs/CDA_Tender_201451.pdf,1
person,pp0008,invited tender,tender,201451,Project Director,Tender Notice_PDFs/CDA_Tender_201451.pdf,1
organization,og0013,advertised,tender,201451,,Tender Notice_PDFs/CDA_Tender_201451.pdf,1
tender,201451,belongs to project,project,pr0007,,Tender Notice_PDFs/CDA_Tender_201451.pdf,1
organization,og0056,part of,organization,og0009,,Tender Notice_PDFs/CDA_Tender_212401.pdf,1
organization,og0009,part of,organization,og0001,,Tender Notice_PDFs/CDA_Tender_212401.pdf,1
person,pp0092,invited tender,tender,212401,Executive Engineer,Tender Notice_PDFs/CDA_Tender_212401.pdf,1
organization,og0056,advertised,tender,212401,,Tender Notice_PDFs/CDA_Tender_212401.pdf,1
tender,212401,belongs to project,project,pr0053,,Tender Notice_PDFs/CDA_Tender_212401.pdf,1
organization,og0024,part of,organization,og0009,,Tender Notice_PDFs/CDA_Tender_215555.pdf,1
organization,og0009,part of,organization,og0001,,Tender Notice_PDFs/CDA_Tender_215555.pdf,1
person,pp0017,invited tender,tender,215555,Executive Engineer,Tender Notice_PDFs/CDA_Tender_215555.pdf,1
organization,og0024,advertised,tender,215555,,Tender Notice_PDFs/CDA_Tender_215555.pdf,1
tender,215555,belongs to project,project,pr0022,,Tender Notice_PDFs/CDA_Tender_215555.pdf,1
organization,og0010,part of,organization,og0009,,Tender Notice_PDFs/CDA_Tender_223246.pdf,1
organization,og0009,part of,organization,og0001,,Tender Notice_PDFs/CDA_Tender_223246.pdf,1
person,pp0006,invited tender,tender,223246,Assistant Engineer,Tender Notice_PDFs/CDA_Tender_223246.pdf,2
organization,og0010,advertised,tender,223246,,Tender Notice_PDFs/CDA_Tender_223246.pdf,1
tender,223246,belongs to project,project,pr0005,,Tender Notice_PDFs/CDA_Tender_223246.pdf,1
organization,og0057,part of,organization,og0009,,Tender Notice_PDFs/CDA_Tender_234888.pdf,1
organization,og0009,part of,organization,og0001,,Tender Notice_PDFs/CDA_Tender_234888.pdf,1
person,pp0024,invited tender,tender,234888,Project Director,Tender Notice_PDFs/CDA_Tender_234888.pdf,1
organization,og0057,advertised,tender,234888,,Tender Notice_PDFs/CDA_Tender_234888.pdf,1
tender,234888,belongs to project,project,pr0093,,Tender Notice_PDFs/CDA_Tender_234888.pdf,1
organization,og0057,part of,organization,og0009,,Tender Notice_PDFs/CDA_Tender_235131.pdf,1
organization,og0009,part of,organization,og0001,,Tender Notice_PDFs/CDA_Tender_235131.pdf,1
person,pp0024,invited tender,tender,235131,Project Director,Tender Notice_PDFs/CDA_Tender_235131.pdf,1
organization,og0057,advertised,tender,235131,,Tender Notice_PDFs/CDA_Tender_235131.pdf,1
tender,235131,belongs to project,project,pr0093,,Tender Notice_PDFs/CDA_Tender_235131.pdf,1
organization,og0057,part of,organization,og0009,,Tender Notice_PDFs/CDA_Tender_235166.pdf,1
organization,og0009,part of,organization,og0001,,Tender Notice_PDFs/CDA_Tender_235166.pdf,1
person,pp0024,invited tender,tender,235166,Project Director,Tender Notice_PDFs/CDA_Tender_235166.pdf,2
organization,og0057,advertised,tender,235166,,Tender Notice_PDFs/CDA_Tender_235166.pdf,1
tender,235166,belongs to project,project,pr0093,,Tender Notice_PDFs/CDA_Tender_235166.pdf,1
organization,og0087,part of,organization,og0009,,Tender Notice_PDFs/CDA_Tender_265155.pdf,1
organization,og0009,part of,organization,og0001,,Tender Notice_PDFs/CDA_Tender_265155.pdf,1
person,pp0125,invited tender,tender,265155,Executive Engineer,Tender Notice_PDFs/CDA_Tender_265155.pdf,1
organization,og0087,advertised,tender,265155,,Tender Notice_PDFs/CDA_Tender_265155.pdf,1
tender,265155,belongs to project,project,pr0093,,Tender Notice_PDFs/CDA_Tender_265155.pdf,1
organization,og0059,part of,organization,og0009,,Tender Notice_PDFs/CDA_Tender_281992.pdf,1
organization,og0009,part of,organization,og0001,,Tender Notice_PDFs/CDA_Tender_281992.pdf,1
person,pp0008,invited tender,tender,281992,Project Director,Tender Notice_PDFs/CDA_Tender_281992.pdf,1
organization,og0059,advertised,tender,281992,,Tender Notice_PDFs/CDA_Tender_281992.pdf,1
tender,281992,belongs to project,project,pr0093,,Tender Notice_PDFs/CDA_Tender_281992.pdf,1
organization,og0057,part of,organization,og0009,,Tender Notice_PDFs/CDA_Tender_287442.pdf,1
organization,og0009,part of,organization,og0001,,Tender Notice_PDFs/CDA_Tender_287442.pdf,1
person,pp0024,invited tender,tender,287442,Project Director,Tender Notice_PDFs/CDA_Tender_287442.pdf,1
organization,og0057,advertised,tender,287442,,Tender Notice_PDFs/CDA_Tender_287442.pdf,1
tender,287442,belongs to project,project,pr0093,,Tender Notice_PDFs/CDA_Tender_287442.pdf,1
organization,og0059,part of,organization,og0009,,Tender Notice_PDFs/CDA_Tender_303865.pdf,1
organization,og0009,part of,organization,og0001,,Tender Notice_PDFs/CDA_Tender_303865.pdf,1
person,pp0008,invited tender,tender,303865,Project Director,Tender Notice_PDFs/CDA_Tender_303865.pdf,1
organization,og0059,advertised,tender,303865,,Tender Notice_PDFs/CDA_Tender_303865.pdf,1
tender,303865,belongs to project,project,pr0093,,Tender Notice_PDFs/CDA_Tender_303865.pdf,1
organization,og0057,part of,organization,og0009,,Tender Notice_PDFs/CDA_Tender_309557.pdf,1
organization,og0009,part of,organization,og0001,,Tender Notice_PDFs/CDA_Tender_309557.pdf,1
person,pp0024,invited tender,tender,309557,Project Director,Tender Notice_PDFs/CDA_Tender_309557.pdf,1
organization,og0057,advertised,tender,309557,,Tender Notice_PDFs/CDA_Tender_309557.pdf,1
tender,309557,belongs to project,project,pr0093,,Tender Notice_PDFs/CDA_Tender_309557.pdf,1
organization,og0060,part of,organization,og0009,,Tender Notice_PDFs/CDA_Tender_342502.pdf,1
organization,og0009,part of,organization,og0001,,Tender Notice_PDFs/CDA_Tender_342502.pdf,1
person,pp0096,invited tender,tender,342502,Executive Engineer,Tender Notice_PDFs/CDA_Tender_342502.pdf,1
organization,og0060,advertised,tender,342502,,Tender Notice_PDFs/CDA_Tender_342502.pdf,1
tender,342502,belongs to project,project,pr0093,,Tender Notice_PDFs/CDA_Tender_342502.pdf,1
organization,og0057,part of,organization,og0009,,Tender Notice_PDFs/CDA_Tender_357570.pdf,1
organization,og0009,part of,organization,og0001,,Tender Notice_PDFs/CDA_Tender_357570.pdf,1
person,pp0024,invited tender,tender,357570,Project Director,Tender Notice_PDFs/CDA_Tender_357570.pdf,1
organization,og0057,advertised,tender,357570,,Tender Notice_PDFs/CDA_Tender_357570.pdf,1
tender,357570,belongs to project,project,pr0093,,Tender Notice_PDFs/CDA_Tender_357570.pdf,1
organization,og0057,part of,organization,og0009,,Tender Notice_PDFs/CDA_Tender_360423.pdf,1
organization,og0009,part of,organization,og0001,,Tender Notice_PDFs/CDA_Tender_360423.pdf,1
person,pp0024,invited tender,tender,360423,Project Director,Tender Notice_PDFs/CDA_Tender_360423.pdf,1
organization,og0057,advertised,tender,360423,,Tender Notice_PDFs/CDA_Tender_360423.pdf,1
tender,360423,belongs to project,project,pr0093,,Tender Notice_PDFs/CDA_Tender_360423.pdf,1
organization,og0057,part of,organization,og0009,,Tender Notice_PDFs/CDA_Tender_363990.pdf,1
organization,og0009,part of,organization,og0001,,Tender Notice_PDFs/CDA_Tender_363990.pdf,1
person,pp0024,invited tender,tender,363990,Project Director,Tender Notice_PDFs/CDA_Tender_363990.pdf,1
organization,og0057,advertised,tender,363990,,Tender Notice_PDFs/CDA_Tender_363990.pdf,1
tender,363990,belongs to project,project,pr0093,,Tender Notice_PDFs/CDA_Tender_363990.pdf,1
organization,og0057,part of,organization,og0009,,Tender Notice_PDFs/CDA_Tender_387658.pdf,1
organization,og0009,part of,organization,og0001,,Tender Notice_PDFs/CDA_Tender_387658.pdf,1
person,pp0024,invited tender,tender,387658,Project Director,Tender Notice_PDFs/CDA_Tender_387658.pdf,1
organization,og0057,advertised,tender,387658,,Tender Notice_PDFs/CDA_Tender_387658.pdf,1
tender,387658,belongs to project,project,pr0093,,Tender Notice_PDFs/CDA_Tender_387658.pdf,1
organization,og0057,part of,organization,og0009,,Tender Notice_PDFs/CDA_Tender_395550.pdf,1
organization,og0009,part of,organization,og0001,,Tender Notice_PDFs/CDA_Tender_395550.pdf,1
person,pp0024,invited tender,tender,395550,Project Director,Tender Notice_PDFs/CDA_Tender_395550.pdf,1
organization,og0057,advertised,tender,395550,,Tender Notice_PDFs/CDA_Tender_395550.pdf,1
tender,395550,belongs to project,project,pr0093,,Tender Notice_PDFs/CDA_Tender_395550.pdf,1
organization,og0061,part of,organization,og0009,,Tender Notice_PDFs/CDA_Tender_398199.pdf,1
organization,og0009,part of,organization,og0001,,Tender Notice_PDFs/CDA_Tender_398199.pdf,1
person,pp0098,invited tender,tender,398199,Executive Engineer,Tender Notice_PDFs/CDA_Tender_398199.pdf,1
organization,og0061,advertised,tender,398199,,Tender Notice_PDFs/CDA_Tender_398199.pdf,1
tender,398199,belongs to project,project,pr0093,,Tender Notice_PDFs/CDA_Tender_398199.pdf,1
organization,og0061,part of,organization,og0009,,Tender Notice_PDFs/CDA_Tender_409461.pdf,1
organization,og0009,part of,organization,og0001,,Tender Notice_PDFs/CDA_Tender_409461.pdf,1
person,pp0098,invited tender,tender,409461,Executive Engineer,Tender Notice_PDFs/CDA_Tender_409461.pdf,1
organization,og0061,advertised,tender,409461,,Tender Notice_PDFs/CDA_Tender_409461.pdf,1
tender,409461,belongs to project,project,pr0093,,Tender Notice_PDFs/CDA_Tender_409461.pdf,1
organization,og0057,part of,organization,og0009,,Tender Notice_PDFs/CDA_Tender_410561.pdf,1
organization,og0009,part of,organization,og0001,,Tender Notice_PDFs/CDA_Tender_410561.pdf,1
person,pp0024,invited tender,tender,410561,Project Director,Tender Notice_PDFs/CDA_Tender_410561.pdf,1
organization,og0057,advertised,tender,410561,,Tender Notice_PDFs/CDA_Tender_410561.pdf,1
tender,410561,belongs to project,project,pr0093,,Tender Notice_PDFs/CDA_Tender_410561.pdf,1
organization,og0038,part of,organization,og0009,,Tender Notice_PDFs/CDA_Tender_423315.pdf,1
organization,og0009,part of,organization,og0001,,Tender Notice_PDFs/CDA_Tender_423315.pdf,1
person,pp0069,invited tender,tender,423315,System Analyst,Tender Notice_PDFs/CDA_Tender_423315.pdf,1
organization,og0038,advertised,tender,423315,,Tender Notice_PDFs/CDA_Tender_423315.pdf,1
tender,423315,belongs to project,project,pr0093,,Tender Notice_PDFs/CDA_Tender_423315.pdf,1
organization,og0026,part of,organization,og0009,,Tender Notice_PDFs/CDA_Tender_425270.pdf,1
organization,og0009,part of,organization,og0001,,Tender Notice_PDFs/CDA_Tender_425270.pdf,1
person,pp0020,invited tender,tender,425270,Project Director,Tender Notice_PDFs/CDA_Tender_425270.pdf,1
organization,og0026,advertised,tender,425270,,Tender Notice_PDFs/CDA_Tender_425270.pdf,1
tender,425270,belongs to project,project,pr0093,,Tender Notice_PDFs/CDA_Tender_425270.pdf,1
organization,og0057,part of,organization,og0009,,Tender Notice_PDFs/CDA_Tender_427246.pdf,1
organization,og0009,part of,organization,og0001,,Tender Notice_PDFs/CDA_Tender_427246.pdf,1
person,pp0024,invited tender,tender,427246,Project Director,Tender Notice_PDFs/CDA_Tender_427246.pdf,1
organization,og0057,advertised,tender,427246,,Tender Notice_PDFs/CDA_Tender_427246.pdf,1
tender,427246,belongs to project,project,pr0093,,Tender Notice_PDFs/CDA_Tender_427246.pdf,1
organization,og0096,part of,organization,og0095,,Tender Notice_PDFs/CDA_Tender_42800.pdf,1
organization,og0095,part of,organization,og0094,,Tender Notice_PDFs/CDA_Tender_42800.pdf,1
person,pp0100,invited tender,tender,42800,Executive Engineer,Tender Notice_PDFs/CDA_Tender_42800.pdf,1
organization,og0096,advertised,tender,42800,,Tender Notice_PDFs/CDA_Tender_42800.pdf,1
tender,42800,belongs to project,project,pr0067,,Tender Notice_PDFs/CDA_Tender_42800.pdf,1
organization,og0057,part of,organization,og0009,,Tender Notice_PDFs/CDA_Tender_434918.pdf,1
organization,og0009,part of,organization,og0001,,Tender Notice_PDFs/CDA_Tender_434918.pdf,1
person,pp0024,invited tender,tender,434918,Project Director,Tender Notice_PDFs/CDA_Tender_434918.pdf,1
organization,og0057,advertised,tender,434918,,Tender Notice_PDFs/CDA_Tender_434918.pdf,1
tender,434918,belongs to project,project,pr0093,,Tender Notice_PDFs/CDA_Tender_434918.pdf,1
organization,og0026,part of,organization,og0009,,Tender Notice_PDFs/CDA_Tender_436738.pdf,1
organization,og0009,part of,organization,og0001,,Tender Notice_PDFs/CDA_Tender_436738.pdf,1
person,pp0020,invited tender,tender,436738,Project Director,Tender Notice_PDFs/CDA_Tender_436738.pdf,2
organization,og0026,advertised,tender,436738,,Tender Notice_PDFs/CDA_Tender_436738.pdf,1
tender,436738,belongs to project,project,pr0093,,Tender Notice_PDFs/CDA_Tender_436738.pdf,1
organization,og0087,part of,organization,og0009,,Tender Notice_PDFs/CDA_Tender_469159.pdf,1
organization,og0009,part of,organization,og0001,,Tender Notice_PDFs/CDA_Tender_469159.pdf,1
person,pp0125,invited tender,tender,469159,Executive Engineer,Tender Notice_PDFs/CDA_Tender_469159.pdf,1
organization,og0087,advertised,tender,469159,,Tender Notice_PDFs/CDA_Tender_469159.pdf,1
tender,469159,belongs to project,project,pr0094,,Tender Notice_PDFs/CDA_Tender_469159.pdf,1
organization,og0057,part of,organization,og0009,,Tender Notice_PDFs/CDA_Tender_478680.pdf,1
organization,og0009,part of,organization,og0001,,Tender Notice_PDFs/CDA_Tender_478680.pdf,1
person,pp0024,invited tender,tender,478680,Project Director,Tender Notice_PDFs/CDA_Tender_478680.pdf,1
organization,og0057,advertised,tender,478680,,Tender Notice_PDFs/CDA_Tender_478680.pdf,1
tender,478680,belongs to project,project,pr0093,,Tender Notice_PDFs/CDA_Tender_478680.pdf,1
organization,og0057,part of,organization,og0009,,Tender Notice_PDFs/CDA_Tender_498041.pdf,1
organization,og0009,part of,organization,og0001,,Tender Notice_PDFs/CDA_Tender_498041.pdf,1
person,pp0024,invited tender,tender,498041,Project Director,Tender Notice_PDFs/CDA_Tender_498041.pdf,1
organization,og0057,advertised,tender,498041,,Tender Notice_PDFs/CDA_Tender_498041.pdf,1
tender,498041,belongs to project,project,pr0093,,Tender Notice_PDFs/CDA_Tender_498041.pdf,1
organization,og0065,part of,organization,og0009,,Tender Notice_PDFs/CDA_Tender_501707.pdf,1
organization,og0009,part of,organization,og0001,,Tender Notice_PDFs/CDA_Tender_501707.pdf,1
person,pp0103,invited tender,tender,501707,Executive Engineer,Tender Notice_PDFs/CDA_Tender_501707.pdf,1
organization,og0065,advertised,tender,501707,,Tender Notice_PDFs/CDA_Tender_501707.pdf,1
tender,501707,belongs to project,project,pr0093,,Tender Notice_PDFs/CDA_Tender_501707.pdf,1
organization,og0065,part of,organization,og0009,,Tender Notice_PDFs/CDA_Tender_504349.pdf,1
organization,og0009,part of,organization,og0001,,Tender Notice_PDFs/CDA_Tender_504349.pdf,1
person,pp0103,invited tender,tender,504349,Executive Engineer,Tender Notice_PDFs/CDA_Tender_504349.pdf,1
organization,og0065,advertised,tender,504349,,Tender Notice_PDFs/CDA_Tender_504349.pdf,1
tender,504349,belongs to project,project,pr0093,,Tender Notice_PDFs/CDA_Tender_504349.pdf,1
organization,og0065,part of,organization,og0009,,Tender Notice_PDFs/CDA_Tender_504351.pdf,1
organization,og0009,part of,organization,og0001,,Tender Notice_PDFs/CDA_Tender_504351.pdf,1
person,pp0103,invited tender,tender,504351,Executive Engineer,Tender Notice_PDFs/CDA_Tender_504351.pdf,1
organization,og0065,advertised,tender,504351,,Tender Notice_PDFs/CDA_Tender_504351.pdf,1
tender,504351,belongs to project,project,pr0093,,Tender Notice_PDFs/CDA_Tender_504351.pdf,1
organization,og0097,part of,organization,og0009,,Tender Notice_PDFs/CDA_Tender_507215.pdf,1
organization,og0009,part of,organization,og0001,,Tender Notice_PDFs/CDA_Tender_507215.pdf,1
person,pp0020,invited tender,tender,507215,Executive Engineer,Tender Notice_PDFs/CDA_Tender_507215.pdf,1
organization,og0097,advertised,tender,507215,,Tender Notice_PDFs/CDA_Tender_507215.pdf,1
tender,507215,belongs to project,project,pr0093,,Tender Notice_PDFs/CDA_Tender_507215.pdf,1
organization,og0038,part of,organization,og0009,,Tender Notice_PDFs/CDA_Tender_514221.pdf,1
organization,og0009,part of,organization,og0001,,Tender Notice_PDFs/CDA_Tender_514221.pdf,1
person,pp0069,invited tender,tender,514221,System Analyst,Tender Notice_PDFs/CDA_Tender_514221.pdf,1
organization,og0038,advertised,tender,514221,,Tender Notice_PDFs/CDA_Tender_514221.pdf,1
tender,514221,belongs to project,project,pr0093,,Tender Notice_PDFs/CDA_Tender_514221.pdf,1
organization,og0065,part of,organization,og0009,,Tender Notice_PDFs/CDA_Tender_515366.pdf,1
organization,og0009,part of,organization,og0001,,Tender Notice_PDFs/CDA_Tender_515366.pdf,1
person,pp0103,invited tender,tender,515366,Executive Engineer,Tender Notice_PDFs/CDA_Tender_515366.pdf,1
organization,og0065,advertised,tender,515366,,Tender Notice_PDFs/CDA_Tender_515366.pdf,1
tender,515366,belongs to project,project,pr0093,,Tender Notice_PDFs/CDA_Tender_515366.pdf,1
organization,og0084,part of,organization,og0009,,Tender Notice_PDFs/CDA_Tender_515689.pdf,1
organization,og0009,part of,organization,og0001,,Tender Notice_PDFs/CDA_Tender_515689.pdf,1
person,pp0121,invited tender,tender,515689,Executive Engineer,Tender Notice_PDFs/CDA_Tender_515689.pdf,1
organization,og0084,advertised,tender,515689,,Tender Notice_PDFs/CDA_Tender_515689.pdf,1
tender,515689,belongs to project,project,pr0093,,Tender Notice_PDFs/CDA_Tender_515689.pdf,1
organization,og0084,part of,organization,og0009,,Tender Notice_PDFs/CDA_Tender_516211.pdf,1
organization,og0009,part of,organization,og0001,,Tender Notice_PDFs/CDA_Tender_516211.pdf,1
person,pp0121,invited tender,tender,516211,Executive Engineer,Tender Notice_PDFs/CDA_Tender_516211.pdf,1
organization,og0084,advertised,tender,516211,,Tender Notice_PDFs/CDA_Tender_516211.pdf,1
tender,516211,belongs to project,project,pr0093,,Tender Notice_PDFs/CDA_Tender_516211.pdf,1
organization,og0084,part of,organization,og0009,,Tender Notice_PDFs/CDA_Tender_516212.pdf,1
organization,og0009,part of,organization,og0001,,Tender Notice_PDFs/CDA_Tender_516212.pdf,1
person,pp0121,invited tender,tender,516212,Executive Engineer,Tender Notice_PDFs/CDA_Tender_516212.pdf,1
organization,og0084,advertised,tender,516212,,Tender Notice_PDFs/CDA_Tender_516212.pdf,1
tender,516212,belongs to project,project,pr0093,,Tender Notice_PDFs/CDA_Tender_516212.pdf,1
organization,og0084,part of,organization,og0009,,Tender Notice_PDFs/CDA_Tender_516485.pdf,1
organization,og0009,part of,organization,og0001,,Tender Notice_PDFs/CDA_Tender_516485.pdf,1
person,pp0121,invited tender,tender,516485,Executive Engineer,Tender Notice_PDFs/CDA_Tender_516485.pdf,1
organization,og0084,advertised,tender,516485,,Tender Notice_PDFs/CDA_Tender_516485.pdf,1
tender,516485,belongs to project,project,pr0093,,Tender Notice_PDFs/CDA_Tender_516485.pdf,1
organization,og0065,part of,organization,og0009,,Tender Notice_PDFs/CDA_Tender_519402.pdf,1
organization,og0009,part of,organization,og0001,,Tender Notice_PDFs/CDA_Tender_519402.pdf,1
person,pp0103,invited tender,tender,519402,Executive Engineer,Tender Notice_PDFs/CDA_Tender_519402.pdf,1
organization,og0065,advertised,tender,519402,,Tender Notice_PDFs/CDA_Tender_519402.pdf,1
tender,519402,belongs to project,project,pr0093,,Tender Notice_PDFs/CDA_Tender_519402.pdf,1
organization,og0057,part of,organization,og0009,,Tender Notice_PDFs/CDA_Tender_523954.pdf,1
organization,og0009,part of,organization,og0001,,Tender Notice_PDFs/CDA_Tender_523954.pdf,1
person,pp0024,invited tender,tender,523954,Project Director,Tender Notice_PDFs/CDA_Tender_523954.pdf,1
organization,og0057,advertised,tender,523954,,Tender Notice_PDFs/CDA_Tender_523954.pdf,1
tender,523954,belongs to project,project,pr0093,,Tender Notice_PDFs/CDA_Tender_523954.pdf,1
organization,og0097,part of,organization,og0009,,Tender Notice_PDFs/CDA_Tender_527700.pdf,1
organization,og0009,part of,organization,og0001,,Tender Notice_PDFs/CDA_Tender_527700.pdf,1
person,pp0006,invited tender,tender,527700,Executive Engineer,Tender Notice_PDFs/CDA_Tender_527700.pdf,1
organization,og0097,advertised,tender,527700,,Tender Notice_PDFs/CDA_Tender_527700.pdf,1
tender,527700,belongs to project,project,pr0093,,Tender Notice_PDFs/CDA_Tender_527700.pdf,1
organization,og0097,part of,organization,og0009,,Tender Notice_PDFs/CDA_Tender_528774.pdf,1
organization,og0009,part of,organization,og0001,,Tender Notice_PDFs/CDA_Tender_528774.pdf,1
person,pp0006,invited tender,tender,528774,Executive Engineer,Tender Notice_PDFs/CDA_Tender_528774.pdf,1
organization,og0097,advertised,tender,528774,,Tender Notice_PDFs/CDA_Tender_528774.pdf,1
tender,528774,belongs to project,project,pr0093,,Tender Notice_PDFs/CDA_Tender_528774.pdf,1
organization,og0066,part of,organization,og0009,,Tender Notice_PDFs/CDA_Tender_538256.pdf,1
organization,og0009,part of,organization,og0001,,Tender Notice_PDFs/CDA_Tender_538256.pdf,1
person,pp0105,invited tender,tender,538256,Chief Engineer,Tender Notice_PDFs/CDA_Tender_538256.pdf,1
organization,og0066,advertised,tender,538256,,Tender Notice_PDFs/CDA_Tender_538256.pdf,1
tender,538256,belongs to project,project,pr0071,,Tender Notice_PDFs/CDA_Tender_538256.pdf,1
organization,og0057,part of,organization,og0009,,Tender Notice_PDFs/CDA_Tender_539744.pdf,1
organization,og0009,part of,organization,og0001,,Tender Notice_PDFs/CDA_Tender_539744.pdf,1
person,pp0024,invited tender,tender,539744,Project Director,Tender Notice_PDFs/CDA_Tender_539744.pdf,1
organization,og0057,advertised,tender,539744,,Tender Notice_PDFs/CDA_Tender_539744.pdf,1
tender,539744,belongs to project,project,pr0093,,Tender Notice_PDFs/CDA_Tender_539744.pdf,1
organization,og0057,part of,organization,og0009,,Tender Notice_PDFs/CDA_Tender_539749.pdf,1
organization,og0009,part of,organization,og0001,,Tender Notice_PDFs/CDA_Tender_539749.pdf,1
person,pp0024,invited tender,tender,539749,Project Director,Tender Notice_PDFs/CDA_Tender_539749.pdf,1
organization,og0057,advertised,tender,539749,,Tender Notice_PDFs/CDA_Tender_539749.pdf,1
tender,539749,belongs to project,project,pr0093,,Tender Notice_PDFs/CDA_Tender_539749.pdf,1
organization,og0097,part of,organization,og0009,,Tender Notice_PDFs/CDA_Tender_547817.pdf,1
organization,og0009,part of,organization,og0001,,Tender Notice_PDFs/CDA_Tender_547817.pdf,1
person,pp0006,invited tender,tender,547817,Executive Engineer,Tender Notice_PDFs/CDA_Tender_547817.pdf,1
organization,og0097,advertised,tender,547817,,Tender Notice_PDFs/CDA_Tender_547817.pdf,1
tender,547817,belongs to project,project,pr0093,,Tender Notice_PDFs/CDA_Tender_547817.pdf,1
organization,og0068,part of,organization,og0009,,Tender Notice_PDFs/CDA_Tender_596661.pdf,1
organization,og0009,part of,organization,og0001,,Tender Notice_PDFs/CDA_Tender_596661.pdf,1
person,pp0006,invited tender,tender,596661,Executive Engineer,Tender Notice_PDFs/CDA_Tender_596661.pdf,1
organization,og0068,advertised,tender,596661,,Tender Notice_PDFs/CDA_Tender_596661.pdf,1
tender,596661,belongs to project,project,pr0074,,Tender Notice_PDFs/CDA_Tender_596661.pdf,1
organization,og0031,part of,organization,og0009,,Tender Notice_PDFs/CDA_Tender_598954.pdf,1
organization,og0009,part of,organization,og0001,,Tender Notice_PDFs/CDA_Tender_598954.pdf,1
person,pp0024,invited tender,tender,598954,Project Director,Tender Notice_PDFs/CDA_Tender_598954.pdf,1
organization,og0031,advertised,tender,598954,,Tender Notice_PDFs/CDA_Tender_598954.pdf,1
tender,598954,belongs to project,project,pr0093,,Tender Notice_PDFs/CDA_Tender_598954.pdf,1
organization,og0031,part of,organization,og0009,,Tender Notice_PDFs/CDA_Tender_614376.pdf,1
organization,og0009,part of,organization,og0001,,Tender Notice_PDFs/CDA_Tender_614376.pdf,1
person,pp0024,invited tender,tender,614376,Project Director,Tender Notice_PDFs/CDA_Tender_614376.pdf,1
organization,og0031,advertised,tender,614376,,Tender Notice_PDFs/CDA_Tender_614376.pdf,1
tender,614376,belongs to project,project,pr0093,,Tender Notice_PDFs/CDA_Tender_614376.pdf,1
organization,og0031,part of,organization,og0009,,Tender Notice_PDFs/CDA_Tender_616340.pdf,1
organization,og0009,part of,organization,og0001,,Tender Notice_PDFs/CDA_Tender_616340.pdf,1
person,pp0024,invited tender,tender,616340,Project Director,Tender Notice_PDFs/CDA_Tender_616340.pdf,1
organization,og0031,advertised,tender,616340,,Tender Notice_PDFs/CDA_Tender_616340.pdf,1
tender,616340,belongs to project,project,pr0093,,Tender Notice_PDFs/CDA_Tender_616340.pdf,1
organization,og0060,part of,organization,og0009,,Tender Notice_PDFs/CDA_Tender_627787.pdf,1
organization,og0009,part of,organization,og0001,,Tender Notice_PDFs/CDA_Tender_627787.pdf,1
person,pp0096,invited tender,tender,627787,Executive Engineer,Tender Notice_PDFs/CDA_Tender_627787.pdf,1
organization,og0060,advertised,tender,627787,,Tender Notice_PDFs/CDA_Tender_627787.pdf,1
tender,627787,belongs to project,project,pr0093,,Tender Notice_PDFs/CDA_Tender_627787.pdf,1
organization,og0061,part of,organization,og0009,,Tender Notice_PDFs/CDA_Tender_629331.pdf,1
organization,og0009,part of,organization,og0001,,Tender Notice_PDFs/CDA_Tender_629331.pdf,1
person,pp0109,invited tender,tender,629331,Executive Engineer,Tender Notice_PDFs/CDA_Tender_629331.pdf,1
organization,og0061,advertised,tender,629331,,Tender Notice_PDFs/CDA_Tender_629331.pdf,1
tender,629331,belongs to project,project,pr0093,,Tender Notice_PDFs/CDA_Tender_629331.pdf,1
organization,og0031,part of,organization,og0009,,Tender Notice_PDFs/CDA_Tender_631780.pdf,1
organization,og0009,part of,organization,og0001,,Tender Notice_PDFs/CDA_Tender_631780.pdf,1
person,pp0024,invited tender,tender,631780,Project Director,Tender Notice_PDFs/CDA_Tender_631780.pdf,1
organization,og0031,advertised,tender,631780,,Tender Notice_PDFs/CDA_Tender_631780.pdf,1
tender,631780,belongs to project,project,pr0093,,Tender Notice_PDFs/CDA_Tender_631780.pdf,1
organization,og0031,part of,organization,og0009,,Tender Notice_PDFs/CDA_Tender_637086.pdf,1
organization,og0009,part of,organization,og0001,,Tender Notice_PDFs/CDA_Tender_637086.pdf,1
person,pp0024,invited tender,tender,637086,Project Director,Tender Notice_PDFs/CDA_Tender_637086.pdf,1
organization,og0031,advertised,tender,637086,,Tender Notice_PDFs/CDA_Tender_637086.pdf,1
tender,637086,belongs to project,project,pr0093,,Tender Notice_PDFs/CDA_Tender_637086.pdf,1
organization,og0031,part of,organization,og0009,,Tender Notice_PDFs/CDA_Tender_640368.pdf,1
organization,og0009,part of,organization,og0001,,Tender Notice_PDFs/CDA_Tender_640368.pdf,1
person,pp0024,invited tender,tender,640368,Project Director,Tender Notice_PDFs/CDA_Tender_640368.pdf,1
organization,og0031,advertised,tender,640368,,Tender Notice_PDFs/CDA_Tender_640368.pdf,1
tender,640368,belongs to project,project,pr0093,,Tender Notice_PDFs/CDA_Tender_640368.pdf,1
organization,og0031,part of,organization,og0009,,Tender Notice_PDFs/CDA_Tender_644083.pdf,1
organization,og0009,part of,organization,og0001,,Tender Notice_PDFs/CDA_Tender_644083.pdf,1
person,pp0024,invited tender,tender,644083,Project Director,Tender Notice_PDFs/CDA_Tender_644083.pdf,1
organization,og0031,advertised,tender,644083,,Tender Notice_PDFs/CDA_Tender_644083.pdf,1
tender,644083,belongs to project,project,pr0093,,Tender Notice_PDFs/CDA_Tender_644083.pdf,1
organization,og0098,part of,organization,og0009,,Tender Notice_PDFs/CDA_Tender_644697.pdf,1
organization,og0009,part of,organization,og0001,,Tender Notice_PDFs/CDA_Tender_644697.pdf,1
person,pp0129,invited tender,tender,644697,Deputy Secretary,Tender Notice_PDFs/CDA_Tender_644697.pdf,1
organization,og0098,advertised,tender,644697,,Tender Notice_PDFs/CDA_Tender_644697.pdf,1
tender,644697,belongs to project,project,pr0093,,Tender Notice_PDFs/CDA_Tender_644697.pdf,1
organization,og0031,part of,organization,og0009,,Tender Notice_PDFs/CDA_Tender_647622.pdf,1
organization,og0009,part of,organization,og0001,,Tender Notice_PDFs/CDA_Tender_647622.pdf,1
person,pp0024,invited tender,tender,647622,Project Director,Tender Notice_PDFs/CDA_Tender_647622.pdf,1
organization,og0031,advertised,tender,647622,,Tender Notice_PDFs/CDA_Tender_647622.pdf,1
tender,647622,belongs to project,project,pr0093,,Tender Notice_PDFs/CDA_Tender_647622.pdf,1
organization,og0070,part of,organization,og0009,,Tender Notice_PDFs/CDA_Tender_655654.pdf,1
organization,og0009,part of,organization,og0001,,Tender Notice_PDFs/CDA_Tender_655654.pdf,1
person,pp0111,invited tender,tender,655654,Deputy Chief Town Planner,Tender Notice_PDFs/CDA_Tender_655654.pdf,2
organization,og0070,advertised,tender,655654,,Tender Notice_PDFs/CDA_Tender_655654.pdf,1
tender,655654,belongs to project,project,pr0078,,Tender Notice_PDFs/CDA_Tender_655654.pdf,1
organization,og0098,part of,organization,og0009,,Tender Notice_PDFs/CDA_Tender_657600.pdf,1
organization,og0009,part of,organization,og0001,,Tender Notice_PDFs/CDA_Tender_657600.pdf,1
person,pp0129,invited tender,tender,657600,Deputy Secretary,Tender Notice_PDFs/CDA_Tender_657600.pdf,1
organization,og0098,advertised,tender,657600,,Tender Notice_PDFs/CDA_Tender_657600.pdf,1
tender,657600,belongs to project,project,pr0093,,Tender Notice_PDFs/CDA_Tender_657600.pdf,1
organization,og0031,part of,organization,og0009,,Tender Notice_PDFs/CDA_Tender_667218.pdf,1
organization,og0009,part of,organization,og0001,,Tender Notice_PDFs/CDA_Tender_667218.pdf,1
person,pp0024,invited tender,tender,667218,Project Director,Tender Notice_PDFs/CDA_Tender_667218.pdf,2
organization,og0031,advertised,tender,667218,,Tender Notice_PDFs/CDA_Tender_667218.pdf,1
tender,667218,belongs to project,project,pr0093,,Tender Notice_PDFs/CDA_Tender_667218.pdf,1
organization,og0031,part of,organization,og0009,,Tender Notice_PDFs/CDA_Tender_669414.pdf,1
organization,og0009,part of,organization,og0001,,Tender Notice_PDFs/CDA_Tender_669414.pdf,1
person,pp0024,invited tender,tender,669414,Project Director,Tender Notice_PDFs/CDA_Tender_669414.pdf,2
organization,og0031,advertised,tender,669414,,Tender Notice_PDFs/CDA_Tender_669414.pdf,1
tender,669414,belongs to project,project,pr0093,,Tender Notice_PDFs/CDA_Tender_669414.pdf,1
organization,og0031,part of,organization,og0009,,Tender Notice_PDFs/CDA_Tender_670154.pdf,1
organization,og0009,part of,organization,og0001,,Tender Notice_PDFs/CDA_Tender_670154.pdf,1
person,pp0024,invited tender,tender,670154,Project Director,Tender Notice_PDFs/CDA_Tender_670154.pdf,2
organization,og0031,advertised,tender,670154,,Tender Notice_PDFs/CDA_Tender_670154.pdf,1
tender,670154,belongs to project,project,pr0093,,Tender Notice_PDFs/CDA_Tender_670154.pdf,1
organization,og0070,part of,organization,og0009,,Tender Notice_PDFs/CDA_Tender_670297.pdf,1
organization,og0009,part of,organization,og0001,,Tender Notice_PDFs/CDA_Tender_670297.pdf,1
person,pp0111,invited tender,tender,670297,Deputy Chief Town Planner,Tender Notice_PDFs/CDA_Tender_670297.pdf,2
organization,og0070,advertised,tender,670297,,Tender Notice_PDFs/CDA_Tender_670297.pdf,1
tender,670297,belongs to project,project,pr0078,,Tender Notice_PDFs/CDA_Tender_670297.pdf,1
organization,og0031,part of,organization,og0009,,Tender Notice_PDFs/CDA_Tender_683811.pdf,1
organization,og0009,part of,organization,og0001,,Tender Notice_PDFs/CDA_Tender_683811.pdf,1
person,pp0024,invited tender,tender,683811,Project Director,Tender Notice_PDFs/CDA_Tender_683811.pdf,1
organization,og0031,advertised,tender,683811,,Tender Notice_PDFs/CDA_Tender_683811.pdf,1
tender,683811,belongs to project,project,pr0093,,Tender Notice_PDFs/CDA_Tender_683811.pdf,1
organization,og0073,part of,organization,og0009,,Tender Notice_PDFs/CDA_Tender_727849.pdf,1
organization,og0009,part of,organization,og0001,,Tender Notice_PDFs/CDA_Tender_727849.pdf,1
person,pp0114,invited tender,tender,727849,Project Director,Tender Notice_PDFs/CDA_Tender_727849.pdf,1
organization,og0073,advertised,tender,727849,,Tender Notice_PDFs/CDA_Tender_727849.pdf,1
tender,727849,belongs to project,project,pr0081,,Tender Notice_PDFs/CDA_Tender_727849.pdf,1
organization,og0071,part of,organization,og0009,,Tender Notice_PDFs/CDA_Tender_728810.pdf,1
organization,og0009,part of,organization,og0001,,Tender Notice_PDFs/CDA_Tender_728810.pdf,1
person,pp0006,invited tender,tender,728810,Executive Engineer,Tender Notice_PDFs/CDA_Tender_728810.pdf,1
organization,og0071,advertised,tender,728810,,Tender Notice_PDFs/CDA_Tender_728810.pdf,1
tender,728810,belongs to project,project,pr0093,,Tender Notice_PDFs/CDA_Tender_728810.pdf,1
organization,og0071,part of,organization,og0009,,Tender Notice_PDFs/CDA_Tender_730799.pdf,1
organization,og0009,part of,organization,og0001,,Tender Notice_PDFs/CDA_Tender_730799.pdf,1
person,pp0006,invited tender,tender,730799,Executive Engineer,Tender Notice_PDFs/CDA_Tender_730799.pdf,1
organization,og0071,advertised,tender,730799,,Tender Notice_PDFs/CDA_Tender_730799.pdf,1
tender,730799,belongs to project,project,pr0093,,Tender Notice_PDFs/CDA_Tender_730799.pdf,1
organization,og0031,part of,organization,og0009,,Tender Notice_PDFs/CDA_Tender_731173.pdf,1
organization,og0009,part of,organization,og0001,,Tender Notice_PDFs/CDA_Tender_731173.pdf,1
person,pp0024,invited tender,tender,731173,Project Director,Tender Notice_PDFs/CDA_Tender_731173.pdf,1
organization,og0031,advertised,tender,731173,,Tender Notice_PDFs/CDA_Tender_731173.pdf,1
tender,731173,belongs to project,project,pr0093,,Tender Notice_PDFs/CDA_Tender_731173.pdf,1
organization,og0070,part of,organization,og0009,,Tender Notice_PDFs/CDA_Tender_733123.pdf,1
organization,og0009,part of,organization,og0001,,Tender Notice_PDFs/CDA_Tender_733123.pdf,1
person,pp0111,invited tender,tender,733123,Deputy Chief Town Planner,Tender Notice_PDFs/CDA_Tender_733123.pdf,2
organization,og0070,advertised,tender,733123,,Tender Notice_PDFs/CDA_Tender_733123.pdf,1
tender,733123,belongs to project,project,pr0078,,Tender Notice_PDFs/CDA_Tender_733123.pdf,1
organization,og0068,part of,organization,og0009,,Tender Notice_PDFs/CDA_Tender_735107.pdf,1
organization,og0009,part of,organization,og0001,,Tender Notice_PDFs/CDA_Tender_735107.pdf,1
person,pp0006,invited tender,tender,735107,Executive Engineer,Tender Notice_PDFs/CDA_Tender_735107.pdf,1
organization,og0068,advertised,tender,735107,,Tender Notice_PDFs/CDA_Tender_735107.pdf,1
tender,735107,belongs to project,project,pr0074,,Tender Notice_PDFs/CDA_Tender_735107.pdf,1
organization,og0068,part of,organization,og0009,,Tender Notice_PDFs/CDA_Tender_736874.pdf,1
organization,og0009,part of,organization,og0001,,Tender Notice_PDFs/CDA_Tender_736874.pdf,1
person,pp0006,invited tender,tender,736874,Executive Engineer,Tender Notice_PDFs/CDA_Tender_736874.pdf,1
organization,og0068,advertised,tender,736874,,Tender Notice_PDFs/CDA_Tender_736874.pdf,1
tender,736874,belongs to project,project,pr0074,,Tender Notice_PDFs/CDA_Tender_736874.pdf,1
organization,og0070,part of,organization,og0009,,Tender Notice_PDFs/CDA_Tender_745109.pdf,1
organization,og0009,part of,organization,og0001,,Tender Notice_PDFs/CDA_Tender_745109.pdf,1
person,pp0111,invited tender,tender,745109,Deputy Chief Town Planner,Tender Notice_PDFs/CDA_Tender_745109.pdf,2
organization,og0070,advertised,tender,745109,,Tender Notice_PDFs/CDA_Tender_745109.pdf,1
tender,745109,belongs to project,project,pr0078,,Tender Notice_PDFs/CDA_Tender_745109.pdf,1
organization,og0084,part of,organization,og0009,,Tender Notice_PDFs/CDA_Tender_748220.pdf,1
organization,og0009,part of,organization,og0001,,Tender Notice_PDFs/CDA_Tender_748220.pdf,1
person,pp0121,invited tender,tender,748220,Executive Engineer,Tender Notice_PDFs/CDA_Tender_748220.pdf,1
organization,og0084,advertised,tender,748220,,Tender Notice_PDFs/CDA_Tender_748220.pdf,1
tender,748220,belongs to project,project,pr0093,,Tender Notice_PDFs/CDA_Tender_748220.pdf,1
organization,og0038,part of,organization,og0009,,Tender Notice_PDFs/CDA_Tender_749274.pdf,1
organization,og0009,part of,organization,og0001,,Tender Notice_PDFs/CDA_Tender_749274.pdf,1
person,pp0069,invited tender,tender,749274,System Analyst,Tender Notice_PDFs/CDA_Tender_749274.pdf,1
organization,og0038,advertised,tender,749274,,Tender Notice_PDFs/CDA_Tender_749274.pdf,1
tender,749274,belongs to project,project,pr0093,,Tender Notice_PDFs/CDA_Tender_749274.pdf,1
organization,og0073,part of,organization,og0009,,Tender Notice_PDFs/CDA_Tender_755321.pdf,1
organization,og0009,part of,organization,og0001,,Tender Notice_PDFs/CDA_Tender_755321.pdf,1
person,pp0114,invited tender,tender,755321,Project Director,Tender Notice_PDFs/CDA_Tender_755321.pdf,1
organization,og0073,advertised,tender,755321,,Tender Notice_PDFs/CDA_Tender_755321.pdf,1
tender,755321,belongs to project,project,pr0081,,Tender Notice_PDFs/CDA_Tender_755321.pdf,1
organization,og0031,part of,organization,og0009,,Tender Notice_PDFs/CDA_Tender_765097.pdf,1
organization,og0009,part of,organization,og0001,,Tender Notice_PDFs/CDA_Tender_765097.pdf,1
person,pp0024,invited tender,tender,765097,Project Director,Tender Notice_PDFs/CDA_Tender_765097.pdf,1
organization,og0031,advertised,tender,765097,,Tender Notice_PDFs/CDA_Tender_765097.pdf,1
tender,765097,belongs to project,project,pr0093,,Tender Notice_PDFs/CDA_Tender_765097.pdf,1
organization,og0031,part of,organization,og0009,,Tender Notice_PDFs/CDA_Tender_773275.pdf,1
organization,og0009,part of,organization,og0001,,Tender Notice_PDFs/CDA_Tender_773275.pdf,1
person,pp0024,invited tender,tender,773275,Project Director,Tender Notice_PDFs/CDA_Tender_773275.pdf,1
organization,og0031,advertised,tender,773275,,Tender Notice_PDFs/CDA_Tender_773275.pdf,1
tender,773275,belongs to project,project,pr0093,,Tender Notice_PDFs/CDA_Tender_773275.pdf,1
organization,og0060,part of,organization,og0009,,Tender Notice_PDFs/CDA_Tender_775105.pdf,1
organization,og0009,part of,organization,og0001,,Tender Notice_PDFs/CDA_Tender_775105.pdf,1
person,pp0096,invited tender,tender,775105,Executive Engineer,Tender Notice_PDFs/CDA_Tender_775105.pdf,1
organization,og0060,advertised,tender,775105,,Tender Notice_PDFs/CDA_Tender_775105.pdf,1
tender,775105,belongs to project,project,pr0080,,Tender Notice_PDFs/CDA_Tender_775105.pdf,1
organization,og0038,part of,organization,og0009,,Tender Notice_PDFs/CDA_Tender_780102.pdf,1
organization,og0009,part of,organization,og0001,,Tender Notice_PDFs/CDA_Tender_780102.pdf,1
person,pp0069,invited tender,tender,780102,System Analyst,Tender Notice_PDFs/CDA_Tender_780102.pdf,1
organization,og0038,advertised,tender,780102,,Tender Notice_PDFs/CDA_Tender_780102.pdf,1
tender,780102,belongs to project,project,pr0093,,Tender Notice_PDFs/CDA_Tender_780102.pdf,1
organization,og0073,part of,organization,og0009,,Tender Notice_PDFs/CDA_Tender_781266.pdf,1
organization,og0009,part of,organization,og0001,,Tender Notice_PDFs/CDA_Tender_781266.pdf,1
person,pp0114,invited tender,tender,781266,Project Director,Tender Notice_PDFs/CDA_Tender_781266.pdf,1
organization,og0073,advertised,tender,781266,,Tender Notice_PDFs/CDA_Tender_781266.pdf,1
tender,781266,belongs to project,project,pr0081,,Tender Notice_PDFs/CDA_Tender_781266.pdf,1
organization,og0087,part of,organization,og0009,,Tender Notice_PDFs/CDA_Tender_782755.pdf,1
organization,og0009,part of,organization,og0001,,Tender Notice_PDFs/CDA_Tender_782755.pdf,1
person,pp0125,invited tender,tender,782755,Executive Engineer,Tender Notice_PDFs/CDA_Tender_782755.pdf,2
organization,og0087,advertised,tender,782755,,Tender Notice_PDFs/CDA_Tender_782755.pdf,1
tender,782755,belongs to project,project,pr0094,,Tender Notice_PDFs/CDA_Tender_782755.pdf,1
organization,og0099,part of,organization,og0009,,Tender Notice_PDFs/CDA_Tender_786407.pdf,1
organization,og0009,part of,organization,og0001,,Tender Notice_PDFs/CDA_Tender_786407.pdf,1
person,pp0103,invited tender,tender,786407,Executive Engineer,Tender Notice_PDFs/CDA_Tender_786407.pdf,1
organization,og0099,advertised,tender,786407,,Tender Notice_PDFs/CDA_Tender_786407.pdf,1
tender,786407,belongs to project,project,pr0093,,Tender Notice_PDFs/CDA_Tender_786407.pdf,1
organization,og0071,part of,organization,og0009,,Tender Notice_PDFs/CDA_Tender_791688.pdf,1
organization,og0009,part of,organization,og0001,,Tender Notice_PDFs/CDA_Tender_791688.pdf,1
person,pp0006,invited tender,tender,791688,Executive Engineer,Tender Notice_PDFs/CDA_Tender_791688.pdf,1
organization,og0071,advertised,tender,791688,,Tender Notice_PDFs/CDA_Tender_791688.pdf,1
tender,791688,belongs to project,project,pr0093,,Tender Notice_PDFs/CDA_Tender_791688.pdf,1
organization,og0038,part of,organization,og0009,,Tender Notice_PDFs/CDA_Tender_809857.pdf,1
organization,og0009,part of,organization,og0001,,Tender Notice_PDFs/CDA_Tender_809857.pdf,1
person,pp0069,invited tender,tender,809857,System Analyst,Tender Notice_PDFs/CDA_Tender_809857.pdf,1
organization,og0038,advertised,tender,809857,,Tender Notice_PDFs/CDA_Tender_809857.pdf,1
tender,809857,belongs to project,project,pr0093,,Tender Notice_PDFs/CDA_Tender_809857.pdf,1
organization,og0087,part of,organization,og0009,,Tender Notice_PDFs/CDA_Tender_814522.pdf,1
organization,og0009,part of,organization,og0001,,Tender Notice_PDFs/CDA_Tender_814522.pdf,1
person,pp0125,invited tender,tender,814522,Executive Engineer,Tender Notice_PDFs/CDA_Tender_814522.pdf,2
organization,og0087,advertised,tender,814522,,Tender Notice_PDFs/CDA_Tender_814522.pdf,1
tender,814522,belongs to project,project,pr0094,,Tender Notice_PDFs/CDA_Tender_814522.pdf,1
organization,og0038,part of,organization,og0009,,Tender Notice_PDFs/CDA_Tender_815786.pdf,1
organization,og0009,part of,organization,og0001,,Tender Notice_PDFs/CDA_Tender_815786.pdf,1
person,pp0069,invited tender,tender,815786,System Analyst,Tender Notice_PDFs/CDA_Tender_815786.pdf,1
organization,og0038,advertised,tender,815786,,Tender Notice_PDFs/CDA_Tender_815786.pdf,1
tender,815786,belongs to project,project,pr0093,,Tender Notice_PDFs/CDA_Tender_815786.pdf,1
organization,og0021,part of,organization,og0009,,Tender Notice_PDFs/CDA_Tender_824096.pdf,1
organization,og0009,part of,organization,og0001,,Tender Notice_PDFs/CDA_Tender_824096.pdf,1
person,pp0006,invited tender,tender,824096,Executive Engineer,Tender Notice_PDFs/CDA_Tender_824096.pdf,1
organization,og0021,advertised,tender,824096,,Tender Notice_PDFs/CDA_Tender_824096.pdf,1
tender,824096,belongs to project,project,pr0093,,Tender Notice_PDFs/CDA_Tender_824096.pdf,1
organization,og0038,part of,organization,og0009,,Tender Notice_PDFs/CDA_Tender_836329.pdf,1
organization,og0009,part of,organization,og0001,,Tender Notice_PDFs/CDA_Tender_836329.pdf,1
person,pp0069,invited tender,tender,836329,System Analyst,Tender Notice_PDFs/CDA_Tender_836329.pdf,1
organization,og0038,advertised,tender,836329,,Tender Notice_PDFs/CDA_Tender_836329.pdf,1
tender,836329,belongs to project,project,pr0093,,Tender Notice_PDFs/CDA_Tender_836329.pdf,1
organization,og0031,part of,organization,og0009,,Tender Notice_PDFs/CDA_Tender_840372.pdf,1
organization,og0009,part of,organization,og0001,,Tender Notice_PDFs/CDA_Tender_840372.pdf,1
person,pp0024,invited tender,tender,840372,Project Director,Tender Notice_PDFs/CDA_Tender_840372.pdf,1
organization,og0031,advertised,tender,840372,,Tender Notice_PDFs/CDA_Tender_840372.pdf,1
tender,840372,belongs to project,project,pr0093,,Tender Notice_PDFs/CDA_Tender_840372.pdf,1
organization,og0084,part of,organization,og0009,,Tender Notice_PDFs/CDA_Tender_844951.pdf,1
organization,og0009,part of,organization,og0001,,Tender Notice_PDFs/CDA_Tender_844951.pdf,1
person,pp0121,invited tender,tender,844951,Executive Engineer,Tender Notice_PDFs/CDA_Tender_844951.pdf,1
organization,og0084,advertised,tender,844951,,Tender Notice_PDFs/CDA_Tender_844951.pdf,1
tender,844951,belongs to project,project,pr0093,,Tender Notice_PDFs/CDA_Tender_844951.pdf,1
organization,og0073,part of,organization,og0009,,Tender Notice_PDFs/CDA_Tender_848555.pdf,1
organization,og0009,part of,organization,og0001,,Tender Notice_PDFs/CDA_Tender_848555.pdf,1
person,pp0114,invited tender,tender,848555,Project Director,Tender Notice_PDFs/CDA_Tender_848555.pdf,1
organization,og0073,advertised,tender,848555,,Tender Notice_PDFs/CDA_Tender_848555.pdf,1
tender,848555,belongs to project,project,pr0081,,Tender Notice_PDFs/CDA_Tender_848555.pdf,1
organization,og0021,part of,organization,og0009,,Tender Notice_PDFs/CDA_Tender_851858.pdf,1
organization,og0009,part of,organization,og0001,,Tender Notice_PDFs/CDA_Tender_851858.pdf,1
person,pp0006,invited tender,tender,851858,Executive Engineer,Tender Notice_PDFs/CDA_Tender_851858.pdf,1
organization,og0021,advertised,tender,851858,,Tender Notice_PDFs/CDA_Tender_851858.pdf,1
tender,851858,belongs to project,project,pr0093,,Tender Notice_PDFs/CDA_Tender_851858.pdf,1
organization,og0021,part of,organization,og0009,,Tender Notice_PDFs/CDA_Tender_851863.pdf,1
organization,og0009,part of,organization,og0001,,Tender Notice_PDFs/CDA_Tender_851863.pdf,1
person,pp0006,invited tender,tender,851863,Executive Engineer,Tender Notice_PDFs/CDA_Tender_851863.pdf,1
organization,og0021,advertised,tender,851863,,Tender Notice_PDFs/CDA_Tender_851863.pdf,1
tender,851863,belongs to project,project,pr0093,,Tender Notice_PDFs/CDA_Tender_851863.pdf,1
organization,og0021,part of,organization,og0009,,Tender Notice_PDFs/CDA_Tender_851864.pdf,1
organization,og0009,part of,organization,og0001,,Tender Notice_PDFs/CDA_Tender_851864.pdf,1
person,pp0006,invited tender,tender,851864,Executive Engineer,Tender Notice_PDFs/CDA_Tender_851864.pdf,1
organization,og0021,advertised,tender,851864,,Tender Notice_PDFs/CDA_Tender_851864.pdf,1
tender,851864,belongs to project,project,pr0093,,Tender Notice_PDFs/CDA_Tender_851864.pdf,1
organization,og0021,part of,organization,og0009,,Tender Notice_PDFs/CDA_Tender_851865.pdf,1
organization,og0009,part of,organization,og0001,,Tender Notice_PDFs/CDA_Tender_851865.pdf,1
person,pp0006,invited tender,tender,851865,Executive Engineer,Tender Notice_PDFs/CDA_Tender_851865.pdf,1
organization,og0021,advertised,tender,851865,,Tender Notice_PDFs/CDA_Tender_851865.pdf,1
tender,851865,belongs to project,project,pr0093,,Tender Notice_PDFs/CDA_Tender_851865.pdf,1
organization,og0010,part of,organization,og0009,,Tender Notice_PDFs/CDA_Tender_862601.pdf,1
organization,og0009,part of,organization,og0001,,Tender Notice_PDFs/CDA_Tender_862601.pdf,1
person,pp0006,invited tender,tender,862601,Assistant Engineer,Tender Notice_PDFs/CDA_Tender_862601.pdf,1
organization,og0010,advertised,tender,862601,,Tender Notice_PDFs/CDA_Tender_862601.pdf,1
tender,862601,belongs to project,project,pr0005,,Tender Notice_PDFs/CDA_Tender_862601.pdf,1
organization,og0010,part of,organization,og0009,,Tender Notice_PDFs/CDA_Tender_862635.pdf,1
organization,og0009,part of,organization,og0001,,Tender Notice_PDFs/CDA_Tender_862635.pdf,1
person,pp0006,invited tender,tender,862635,Assistant Engineer,Tender Notice_PDFs/CDA_Tender_862635.pdf,1
organization,og0010,advertised,tender,862635,,Tender Notice_PDFs/CDA_Tender_862635.pdf,1
tender,862635,belongs to project,project,pr0005,,Tender Notice_PDFs/CDA_Tender_862635.pdf,1
organization,og0010,part of,organization,og0009,,Tender Notice_PDFs/CDA_Tender_863109.pdf,1
organization,og0009,part of,organization,og0001,,Tender Notice_PDFs/CDA_Tender_863109.pdf,1
person,pp0006,invited tender,tender,863109,Assistant Engineer,Tender Notice_PDFs/CDA_Tender_863109.pdf,1
organization,og0010,advertised,tender,863109,,Tender Notice_PDFs/CDA_Tender_863109.pdf,1
tender,863109,belongs to project,project,pr0005,,Tender Notice_PDFs/CDA_Tender_863109.pdf,1
organization,og0010,part of,organization,og0009,,Tender Notice_PDFs/CDA_Tender_863116.pdf,1
organization,og0009,part of,organization,og0001,,Tender Notice_PDFs/CDA_Tender_863116.pdf,1
person,pp0006,invited tender,tender,863116,Assistant Engineer,Tender Notice_PDFs/CDA_Tender_863116.pdf,1
organization,og0010,advertised,tender,863116,,Tender Notice_PDFs/CDA_Tender_863116.pdf,1
tender,863116,belongs to project,project,pr0005,,Tender Notice_PDFs/CDA_Tender_863116.pdf,1
organization,og0031,part of,organization,og0009,,Tender Notice_PDFs/CDA_Tender_865569.pdf,1
organization,og0009,part of,organization,og0001,,Tender Notice_PDFs/CDA_Tender_865569.pdf,1
person,pp0024,invited tender,tender,865569,Project Director,Tender Notice_PDFs/CDA_Tender_865569.pdf,1
organization,og0031,advertised,tender,865569,,Tender Notice_PDFs/CDA_Tender_865569.pdf,1
tender,865569,belongs to project,project,pr0093,,Tender Notice_PDFs/CDA_Tender_865569.pdf,1
organization,og0066,part of,organization,og0009,,Tender Notice_PDFs/CDA_Tender_867632.pdf,1
organization,og0009,part of,organization,og0001,,Tender Notice_PDFs/CDA_Tender_867632.pdf,1
person,pp0105,invited tender,tender,867632,Chief Engineer,Tender Notice_PDFs/CDA_Tender_867632.pdf,1
organization,og0066,advertised,tender,867632,,Tender Notice_PDFs/CDA_Tender_867632.pdf,1
tender,867632,belongs to project,project,pr0071,,Tender Notice_PDFs/CDA_Tender_867632.pdf,1
organization,og0031,part of,organization,og0009,,Tender Notice_PDFs/CDA_Tender_868908.pdf,1
organization,og0009,part of,organization,og0001,,Tender Notice_PDFs/CDA_Tender_868908.pdf,1
person,pp0024,invited tender,tender,868908,Project Director,Tender Notice_PDFs/CDA_Tender_868908.pdf,1
organization,og0031,advertised,tender,868908,,Tender Notice_PDFs/CDA_Tender_868908.pdf,1
tender,868908,belongs to project,project,pr0093,,Tender Notice_PDFs/CDA_Tender_868908.pdf,1
organization,og0099,part of,organization,og0009,,Tender Notice_PDFs/CDA_Tender_894645.pdf,1
organization,og0009,part of,organization,og0001,,Tender Notice_PDFs/CDA_Tender_894645.pdf,1
person,pp0103,invited tender,tender,894645,Executive Engineer,Tender Notice_PDFs/CDA_Tender_894645.pdf,1
organization,og0099,advertised,tender,894645,,Tender Notice_PDFs/CDA_Tender_894645.pdf,1
tender,894645,belongs to project,project,pr0093,,Tender Notice_PDFs/CDA_Tender_894645.pdf,1
organization,og0021,part of,organization,og0009,,Tender Notice_PDFs/CDA_Tender_909179.pdf,1
organization,og0009,part of,organization,og0001,,Tender Notice_PDFs/CDA_Tender_909179.pdf,1
person,pp0006,invited tender,tender,909179,Executive Engineer,Tender Notice_PDFs/CDA_Tender_909179.pdf,1
organization,og0021,advertised,tender,909179,,Tender Notice_PDFs/CDA_Tender_909179.pdf,1
tender,909179,belongs to project,project,pr0093,,Tender Notice_PDFs/CDA_Tender_909179.pdf,1
organization,og0010,part of,organization,og0009,,Tender Notice_PDFs/CDA_Tender_909193.pdf,1
organization,og0009,part of,organization,og0001,,Tender Notice_PDFs/CDA_Tender_909193.pdf,1
person,pp0006,invited tender,tender,909193,Assistant Engineer,Tender Notice_PDFs/CDA_Tender_909193.pdf,1
organization,og0010,advertised,tender,909193,,Tender Notice_PDFs/CDA_Tender_909193.pdf,1
tender,909193,belongs to project,project,pr0005,,Tender Notice_PDFs/CDA_Tender_909193.pdf,1
organization,og0021,part of,organization,og0009,,Tender Notice_PDFs/CDA_Tender_909196.pdf,1
organization,og0009,part of,organization,og0001,,Tender Notice_PDFs/CDA_Tender_909196.pdf,1
person,pp0006,invited tender,tender,909196,Executive Engineer,Tender Notice_PDFs/CDA_Tender_909196.pdf,1
organization,og0021,advertised,tender,909196,,Tender Notice_PDFs/CDA_Tender_909196.pdf,1
tender,909196,belongs to project,project,pr0093,,Tender Notice_PDFs/CDA_Tender_909196.pdf,1
organization,og0010,part of,organization,og0009,,Tender Notice_PDFs/CDA_Tender_909308.pdf,1
organization,og0009,part of,organization,og0001,,Tender Notice_PDFs/CDA_Tender_909308.pdf,1
person,pp0006,invited tender,tender,909308,Assistant Engineer,Tender Notice_PDFs/CDA_Tender_909308.pdf,1
organization,og0010,advertised,tender,909308,,Tender Notice_PDFs/CDA_Tender_909308.pdf,1
tender,909308,belongs to project,project,pr0005,,Tender Notice_PDFs/CDA_Tender_909308.pdf,1
organization,og0078,part of,organization,og0009,,Tender Notice_PDFs/CDA_Tender_91142.pdf,1
organization,og0009,part of,organization,og0001,,Tender Notice_PDFs/CDA_Tender_91142.pdf,1
person,pp0024,invited tender,tender,91142,Assistant Engineer,Tender Notice_PDFs/CDA_Tender_91142.pdf,1
organization,og0078,advertised,tender,91142,,Tender Notice_PDFs/CDA_Tender_91142.pdf,1
tender,91142,belongs to project,project,pr0086,,Tender Notice_PDFs/CDA_Tender_91142.pdf,1
organization,og0066,part of,organization,og0009,,Tender Notice_PDFs/CDA_Tender_917088.pdf,1
organization,og0009,part of,organization,og0001,,Tender Notice_PDFs/CDA_Tender_917088.pdf,1
person,pp0105,invited tender,tender,917088,Chief Engineer,Tender Notice_PDFs/CDA_Tender_917088.pdf,1
organization,og0066,advertised,tender,917088,,Tender Notice_PDFs/CDA_Tender_917088.pdf,1
tender,917088,belongs to project,project,pr0071,,Tender Notice_PDFs/CDA_Tender_917088.pdf,1
organization,og0066,part of,organization,og0009,,Tender Notice_PDFs/CDA_Tender_917456.pdf,1
organization,og0009,part of,organization,og0001,,Tender Notice_PDFs/CDA_Tender_917456.pdf,1
person,pp0105,invited tender,tender,917456,Chief Engineer,Tender Notice_PDFs/CDA_Tender_917456.pdf,1
organization,og0066,advertised,tender,917456,,Tender Notice_PDFs/CDA_Tender_917456.pdf,1
tender,917456,belongs to project,project,pr0071,,Tender Notice_PDFs/CDA_Tender_917456.pdf,1
organization,og0079,part of,organization,og0009,,Tender Notice_PDFs/CDA_Tender_918775.pdf,1
organization,og0009,part of,organization,og0001,,Tender Notice_PDFs/CDA_Tender_918775.pdf,1
person,pp0020,invited tender,tender,918775,Superintending Engineer,Tender Notice_PDFs/CDA_Tender_918775.pdf,1
organization,og0079,advertised,tender,918775,,Tender Notice_PDFs/CDA_Tender_918775.pdf,1
tender,918775,belongs to project,project,pr0093,,Tender Notice_PDFs/CDA_Tender_918775.pdf,1
organization,og0038,part of,organization,og0009,,Tender Notice_PDFs/CDA_Tender_924201.pdf,1
organization,og0009,part of,organization,og0001,,Tender Notice_PDFs/CDA_Tender_924201.pdf,1
person,pp0069,invited tender,tender,924201,System Analyst,Tender Notice_PDFs/CDA_Tender_924201.pdf,1
organization,og0038,advertised,tender,924201,,Tender Notice_PDFs/CDA_Tender_924201.pdf,1
tender,924201,belongs to project,project,pr0093,,Tender Notice_PDFs/CDA_Tender_924201.pdf,1
organization,og0081,part of,organization,og0009,,Tender Notice_PDFs/CDA_Tender_943936.pdf,1
organization,og0009,part of,organization,og0001,,Tender Notice_PDFs/CDA_Tender_943936.pdf,1
person,pp0096,invited tender,tender,943936,Executive Engineer,Tender Notice_PDFs/CDA_Tender_943936.pdf,1
organization,og0081,advertised,tender,943936,,Tender Notice_PDFs/CDA_Tender_943936.pdf,1
tender,943936,belongs to project,project,pr0093,,Tender Notice_PDFs/CDA_Tender_943936.pdf,1
organization,og0010,part of,organization,og0009,,Tender Notice_PDFs/CDA_Tender_944909.pdf,1
organization,og0009,part of,organization,og0001,,Tender Notice_PDFs/CDA_Tender_944909.pdf,1
person,pp0006,invited tender,tender,944909,Assistant Engineer,Tender Notice_PDFs/CDA_Tender_944909.pdf,1
organization,og0010,advertised,tender,944909,,Tender Notice_PDFs/CDA_Tender_944909.pdf,1
tender,944909,belongs to project,project,pr0005,,Tender Notice_PDFs/CDA_Tender_944909.pdf,1
organization,og0031,part of,organization,og0009,,Tender Notice_PDFs/CDA_Tender_945416.pdf,1
organization,og0009,part of,organization,og0001,,Tender Notice_PDFs/CDA_Tender_945416.pdf,1
person,pp0024,invited tender,tender,945416,Project Director,Tender Notice_PDFs/CDA_Tender_945416.pdf,1
organization,og0031,advertised,tender,945416,,Tender Notice_PDFs/CDA_Tender_945416.pdf,1
tender,945416,belongs to project,project,pr0093,,Tender Notice_PDFs/CDA_Tender_945416.pdf,1
organization,og0031,part of,organization,og0009,,Tender Notice_PDFs/CDA_Tender_945875.pdf,1
organization,og0009,part of,organization,og0001,,Tender Notice_PDFs/CDA_Tender_945875.pdf,1
person,pp0024,invited tender,tender,945875,Project Director,Tender Notice_PDFs/CDA_Tender_945875.pdf,1
organization,og0031,advertised,tender,945875,,Tender Notice_PDFs/CDA_Tender_945875.pdf,1
tender,945875,belongs to project,project,pr0093,,Tender Notice_PDFs/CDA_Tender_945875.pdf,1
organization,og0010,part of,organization,og0009,,Tender Notice_PDFs/CDA_Tender_954661.pdf,1
organization,og0009,part of,organization,og0001,,Tender Notice_PDFs/CDA_Tender_954661.pdf,1
person,pp0006,invited tender,tender,954661,Assistant Engineer,Tender Notice_PDFs/CDA_Tender_954661.pdf,1
organization,og0010,advertised,tender,954661,,Tender Notice_PDFs/CDA_Tender_954661.pdf,1
tender,954661,belongs to project,project,pr0005,,Tender Notice_PDFs/CDA_Tender_954661.pdf,1
organization,og0084,part of,organization,og0009,,Tender Notice_PDFs/CDA_Tender_959962.pdf,1
organization,og0009,part of,organization,og0001,,Tender Notice_PDFs/CDA_Tender_959962.pdf,1
person,pp0121,invited tender,tender,959962,Executive Engineer,Tender Notice_PDFs/CDA_Tender_959962.pdf,1
organization,og0084,advertised,tender,959962,,Tender Notice_PDFs/CDA_Tender_959962.pdf,1
tender,959962,belongs to project,project,pr0088,,Tender Notice_PDFs/CDA_Tender_959962.pdf,1
organization,og0079,part of,organization,og0009,,Tender Notice_PDFs/CDA_Tender_965239.pdf,1
organization,og0009,part of,organization,og0001,,Tender Notice_PDFs/CDA_Tender_965239.pdf,1
person,pp0020,invited tender,tender,965239,Superintending Engineer,Tender Notice_PDFs/CDA_Tender_965239.pdf,1
organization,og0079,advertised,tender,965239,,Tender Notice_PDFs/CDA_Tender_965239.pdf,1
tender,965239,belongs to project,project,pr0093,,Tender Notice_PDFs/CDA_Tender_965239.pdf,1
organization,og0038,part of,organization,og0009,,Tender Notice_PDFs/CDA_Tender_968867.pdf,1
organization,og0009,part of,organization,og0001,,Tender Notice_PDFs/CDA_Tender_968867.pdf,1
person,pp0069,invited tender,tender,968867,System Analyst,Tender Notice_PDFs/CDA_Tender_968867.pdf,1
organization,og0038,advertised,tender,968867,,Tender Notice_PDFs/CDA_Tender_968867.pdf,1
tender,968867,belongs to project,project,pr0093,,Tender Notice_PDFs/CDA_Tender_968867.pdf,1
organization,og0031,part of,organization,og0009,,Tender Notice_PDFs/CDA_Tender_971997.pdf,1
organization,og0009,part of,organization,og0001,,Tender Notice_PDFs/CDA_Tender_971997.pdf,1
person,pp0024,invited tender,tender,971997,Project Director,Tender Notice_PDFs/CDA_Tender_971997.pdf,1
organization,og0031,advertised,tender,971997,,Tender Notice_PDFs/CDA_Tender_971997.pdf,1
tender,971997,belongs to project,project,pr0093,,Tender Notice_PDFs/CDA_Tender_971997.pdf,1
organization,og0087,part of,organization,og0009,,Tender Notice_PDFs/CDA_Tender_993983.pdf,1
organization,og0009,part of,organization,og0001,,Tender Notice_PDFs/CDA_Tender_993983.pdf,1
person,pp0125,invited tender,tender,993983,Executive Engineer,Tender Notice_PDFs/CDA_Tender_993983.pdf,1
organization,og0087,advertised,tender,993983,,Tender Notice_PDFs/CDA_Tender_993983.pdf,1
tender,993983,belongs to project,project,pr0094,,Tender Notice_PDFs/CDA_Tender_993983.pdf,1
organization,og0086,part of,organization,og0009,,Tender Notice_PDFs/CDA_Tender_993988.pdf,1
organization,og0009,part of,organization,og0001,,Tender Notice_PDFs/CDA_Tender_993988.pdf,1
person,pp0124,invited tender,tender,993988,Secretary,Tender Notice_PDFs/CDA_Tender_993988.pdf,1
organization,og0086,advertised,tender,993988,,Tender Notice_PDFs/CDA_Tender_993988.pdf,1
tender,993988,belongs to project,project,pr0093,,Tender Notice_PDFs/CDA_Tender_993988.pdf,1
organization,og0086,part of,organization,og0009,,Tender Notice_PDFs/CDA_Tender_993999.pdf,1
organization,og0009,part of,organization,og0001,,Tender Notice_PDFs/CDA_Tender_993999.pdf,1
person,pp0124,invited tender,tender,993999,Secretary,Tender Notice_PDFs/CDA_Tender_993999.pdf,1
organization,og0086,advertised,tender,993999,,Tender Notice_PDFs/CDA_Tender_993999.pdf,1
tender,993999,belongs to project,project,pr0093,,Tender Notice_PDFs/CDA_Tender_993999.pdf,1
organization,og0086,part of,organization,og0009,,Tender Notice_PDFs/CDA_Tender_995096.pdf,1
organization,og0009,part of,organization,og0001,,Tender Notice_PDFs/CDA_Tender_995096.pdf,1
person,pp0124,invited tender,tender,995096,Secretary,Tender Notice_PDFs/CDA_Tender_995096.pdf,1
organization,og0086,advertised,tender,995096,,Tender Notice_PDFs/CDA_Tender_995096.pdf,1
tender,995096,belongs to project,project,pr0093,,Tender Notice_PDFs/CDA_Tender_995096.pdf,1
organization,og0071,part of,organization,og0009,,Tender Notice_PDFs/CDA_Tender_99692.pdf,1
organization,og0009,part of,organization,og0001,,Tender Notice_PDFs/CDA_Tender_99692.pdf,1
person,pp0017,invited tender,tender,99692,Executive Engineer,Tender Notice_PDFs/CDA_Tender_99692.pdf,1
organization,og0071,advertised,tender,99692,,Tender Notice_PDFs/CDA_Tender_99692.pdf,1
tender,99692,belongs to project,project,pr0091,,Tender Notice_PDFs/CDA_Tender_99692.pdf,1
organization,og0026,part of,organization,og0009,,Tender Notice_PDFs/CDA_Tender_99744.pdf,1
organization,og0009,part of,organization,og0001,,Tender Notice_PDFs/CDA_Tender_99744.pdf,1
person,pp0020,invited tender,tender,99744,Project Director,Tender Notice_PDFs/CDA_Tender_99744.pdf,2
organization,og0026,advertised,tender,99744,,Tender Notice_PDFs/CDA_Tender_99744.pdf,1
tender,99744,belongs to project,project,pr0024,,Tender Notice_PDFs/CDA_Tender_99744.pdf,1
organization,og0020,part of,organization,og0020,,Tender Notice_PDFs/COXDA_Tender_1016323.pdf,1
organization,og0020,part of,organization,og0001,,Tender Notice_PDFs/COXDA_Tender_1016323.pdf,1
person,pp0013,invited tender,tender,1016323,Member (Engineer),Tender Notice_PDFs/COXDA_Tender_1016323.pdf,1
organization,og0020,advertised,tender,1016323,,Tender Notice_PDFs/COXDA_Tender_1016323.pdf,1
tender,1016323,belongs to project,project,pr0093,,Tender Notice_PDFs/COXDA_Tender_1016323.pdf,1
organization,og0020,part of,organization,og0020,,Tender Notice_PDFs/COXDA_Tender_1016492.pdf,1
organization,og0020,part of,organization,og0001,,Tender Notice_PDFs/COXDA_Tender_1016492.pdf,1
person,pp0013,invited tender,tender,1016492,Member (Engineer),Tender Notice_PDFs/COXDA_Tender_1016492.pdf,1
organization,og0020,advertised,tender,1016492,,Tender Notice_PDFs/COXDA_Tender_1016492.pdf,1
tender,1016492,belongs to project,project,pr0093,,Tender Notice_PDFs/COXDA_Tender_1016492.pdf,1
organization,og0020,part of,organization,og0020,,Tender Notice_PDFs/COXDA_Tender_1016870.pdf,1
organization,og0020,part of,organization,og0001,,Tender Notice_PDFs/COXDA_Tender_1016870.pdf,1
person,pp0013,invited tender,tender,1016870,Member (Engineer),Tender Notice_PDFs/COXDA_Tender_1016870.pdf,1
organization,og0020,advertised,tender,1016870,,Tender Notice_PDFs/COXDA_Tender_1016870.pdf,1
tender,1016870,belongs to project,project,pr0093,,Tender Notice_PDFs/COXDA_Tender_1016870.pdf,1
organization,og0020,part of,organization,og0020,,Tender Notice_PDFs/COXDA_Tender_1024374.pdf,1
organization,og0020,part of,organization,og0001,,Tender Notice_PDFs/COXDA_Tender_1024374.pdf,1
person,pp0013,invited tender,tender,1024374,Member (Engineer),Tender Notice_PDFs/COXDA_Tender_1024374.pdf,1
organization,og0020,advertised,tender,1024374,,Tender Notice_PDFs/COXDA_Tender_1024374.pdf,1
tender,1024374,belongs to project,project,pr0093,,Tender Notice_PDFs/COXDA_Tender_1024374.pdf,1
organization,og0020,part of,organization,og0020,,Tender Notice_PDFs/COXDA_Tender_1024391.pdf,1
organization,og0020,part of,organization,og0001,,Tender Notice_PDFs/COXDA_Tender_1024391.pdf,1
person,pp0013,invited tender,tender,1024391,Member (Engineer),Tender Notice_PDFs/COXDA_Tender_1024391.pdf,1
organization,og0020,advertised,tender,1024391,,Tender Notice_PDFs/COXDA_Tender_1024391.pdf,1
tender,1024391,belongs to project,project,pr0093,,Tender Notice_PDFs/COXDA_Tender_1024391.pdf,1
organization,og0020,part of,organization,og0020,,Tender Notice_PDFs/COXDA_Tender_1024467.pdf,1
organization,og0020,part of,organization,og0001,,Tender Notice_PDFs/COXDA_Tender_1024467.pdf,1
person,pp0013,invited tender,tender,1024467,Member (Engineer),Tender Notice_PDFs/COXDA_Tender_1024467.pdf,1
organization,og0020,advertised,tender,1024467,,Tender Notice_PDFs/COXDA_Tender_1024467.pdf,1
tender,1024467,belongs to project,project,pr0093,,Tender Notice_PDFs/COXDA_Tender_1024467.pdf,1
organization,og0020,part of,organization,og0020,,Tender Notice_PDFs/COXDA_Tender_1024517.pdf,1
organization,og0020,part of,organization,og0001,,Tender Notice_PDFs/COXDA_Tender_1024517.pdf,1
person,pp0013,invited tender,tender,1024517,Member (Engineer),Tender Notice_PDFs/COXDA_Tender_1024517.pdf,1
organization,og0020,advertised,tender,1024517,,Tender Notice_PDFs/COXDA_Tender_1024517.pdf,1
tender,1024517,belongs to project,project,pr0093,,Tender Notice_PDFs/COXDA_Tender_1024517.pdf,1
organization,og0020,part of,organization,og0020,,Tender Notice_PDFs/COXDA_Tender_1024525.pdf,1
organization,og0020,part of,organization,og0001,,Tender Notice_PDFs/COXDA_Tender_1024525.pdf,1
person,pp0013,invited tender,tender,1024525,Member (Engineer),Tender Notice_PDFs/COXDA_Tender_1024525.pdf,2
organization,og0020,advertised,tender,1024525,,Tender Notice_PDFs/COXDA_Tender_1024525.pdf,1
tender,1024525,belongs to project,project,pr0093,,Tender Notice_PDFs/COXDA_Tender_1024525.pdf,1
organization,og0020,part of,organization,og0020,,Tender Notice_PDFs/COXDA_Tender_1024741.pdf,1
organization,og0020,part of,organization,og0001,,Tender Notice_PDFs/COXDA_Tender_1024741.pdf,1
person,pp0013,invited tender,tender,1024741,Member (Engineer),Tender Notice_PDFs/COXDA_Tender_1024741.pdf,1
organization,og0020,advertised,tender,1024741,,Tender Notice_PDFs/COXDA_Tender_1024741.pdf,1
tender,1024741,belongs to project,project,pr0093,,Tender Notice_PDFs/COXDA_Tender_1024741.pdf,1
organization,og0020,part of,organization,og0020,,Tender Notice_PDFs/COXDA_Tender_1024787.pdf,1
organization,og0020,part of,organization,og0001,,Tender Notice_PDFs/COXDA_Tender_1024787.pdf,1
person,pp0013,invited tender,tender,1024787,Member (Engineer),Tender Notice_PDFs/COXDA_Tender_1024787.pdf,1
organization,og0020,advertised,tender,1024787,,Tender Notice_PDFs/COXDA_Tender_1024787.pdf,1
tender,1024787,belongs to project,project,pr0093,,Tender Notice_PDFs/COXDA_Tender_1024787.pdf,1
organization,og0020,part of,organization,og0020,,Tender Notice_PDFs/COXDA_Tender_1024807.pdf,1
organization,og0020,part of,organization,og0001,,Tender Notice_PDFs/COXDA_Tender_1024807.pdf,1
person,pp0013,invited tender,tender,1024807,Member (Engineer),Tender Notice_PDFs/COXDA_Tender_1024807.pdf,1
organization,og0020,advertised,tender,1024807,,Tender Notice_PDFs/COXDA_Tender_1024807.pdf,1
tender,1024807,belongs to project,project,pr0093,,Tender Notice_PDFs/COXDA_Tender_1024807.pdf,1
organization,og0020,part of,organization,og0020,,Tender Notice_PDFs/COXDA_Tender_1024943.pdf,1
organization,og0020,part of,organization,og0001,,Tender Notice_PDFs/COXDA_Tender_1024943.pdf,1
person,pp0013,invited tender,tender,1024943,Member (Engineer),Tender Notice_PDFs/COXDA_Tender_1024943.pdf,1
organization,og0020,advertised,tender,1024943,,Tender Notice_PDFs/COXDA_Tender_1024943.pdf,1
tender,1024943,belongs to project,project,pr0093,,Tender Notice_PDFs/COXDA_Tender_1024943.pdf,1
organization,og0020,part of,organization,og0020,,Tender Notice_PDFs/COXDA_Tender_1024948.pdf,1
organization,og0020,part of,organization,og0001,,Tender Notice_PDFs/COXDA_Tender_1024948.pdf,1
person,pp0013,invited tender,tender,1024948,Member (Engineer),Tender Notice_PDFs/COXDA_Tender_1024948.pdf,1
organization,og0020,advertised,tender,1024948,,Tender Notice_PDFs/COXDA_Tender_1024948.pdf,1
tender,1024948,belongs to project,project,pr0093,,Tender Notice_PDFs/COXDA_Tender_1024948.pdf,1
organization,og0020,part of,organization,og0020,,Tender Notice_PDFs/COXDA_Tender_1025944.pdf,1
organization,og0020,part of,organization,og0001,,Tender Notice_PDFs/COXDA_Tender_1025944.pdf,1
person,pp0013,invited tender,tender,1025944,Member (Engineer),Tender Notice_PDFs/COXDA_Tender_1025944.pdf,1
organization,og0020,advertised,tender,1025944,,Tender Notice_PDFs/COXDA_Tender_1025944.pdf,1
tender,1025944,belongs to project,project,pr0093,,Tender Notice_PDFs/COXDA_Tender_1025944.pdf,1
organization,og0020,part of,organization,og0020,,Tender Notice_PDFs/COXDA_Tender_1039767.pdf,1
organization,og0020,part of,organization,og0001,,Tender Notice_PDFs/COXDA_Tender_1039767.pdf,1
person,pp0013,invited tender,tender,1039767,Member (Engineer),Tender Notice_PDFs/COXDA_Tender_1039767.pdf,1
organization,og0020,advertised,tender,1039767,,Tender Notice_PDFs/COXDA_Tender_1039767.pdf,1
tender,1039767,belongs to project,project,pr0093,,Tender Notice_PDFs/COXDA_Tender_1039767.pdf,1
organization,og0020,part of,organization,og0020,,Tender Notice_PDFs/COXDA_Tender_1119438.pdf,1
organization,og0020,part of,organization,og0001,,Tender Notice_PDFs/COXDA_Tender_1119438.pdf,1
person,pp0022,invited tender,tender,1119438,Member (Engineer),Tender Notice_PDFs/COXDA_Tender_1119438.pdf,1
organization,og0020,advertised,tender,1119438,,Tender Notice_PDFs/COXDA_Tender_1119438.pdf,1
tender,1119438,belongs to project,project,pr0093,,Tender Notice_PDFs/COXDA_Tender_1119438.pdf,1
organization,og0020,part of,organization,og0020,,Tender Notice_PDFs/COXDA_Tender_1121584.pdf,1
organization,og0020,part of,organization,og0001,,Tender Notice_PDFs/COXDA_Tender_1121584.pdf,1
person,pp0022,invited tender,tender,1121584,Member (Engineer),Tender Notice_PDFs/COXDA_Tender_1121584.pdf,1
organization,og0020,advertised,tender,1121584,,Tender Notice_PDFs/COXDA_Tender_1121584.pdf,1
tender,1121584,belongs to project,project,pr0093,,Tender Notice_PDFs/COXDA_Tender_1121584.pdf,1
organization,og0020,part of,organization,og0020,,Tender Notice_PDFs/COXDA_Tender_1148941.pdf,1
organization,og0020,part of,organization,og0001,,Tender Notice_PDFs/COXDA_Tender_1148941.pdf,1
person,pp0022,invited tender,tender,1148941,Member (Engineer),Tender Notice_PDFs/COXDA_Tender_1148941.pdf,1
organization,og0020,advertised,tender,1148941,,Tender Notice_PDFs/COXDA_Tender_1148941.pdf,1
tender,1148941,belongs to project,project,pr0093,,Tender Notice_PDFs/COXDA_Tender_1148941.pdf,1
organization,og0020,part of,organization,og0020,,Tender Notice_PDFs/COXDA_Tender_1150077.pdf,1
organization,og0020,part of,organization,og0001,,Tender Notice_PDFs/COXDA_Tender_1150077.pdf,1
person,pp0022,invited tender,tender,1150077,Member (Engineer),Tender Notice_PDFs/COXDA_Tender_1150077.pdf,1
organization,og0020,advertised,tender,1150077,,Tender Notice_PDFs/COXDA_Tender_1150077.pdf,1
tender,1150077,belongs to project,project,pr0093,,Tender Notice_PDFs/COXDA_Tender_1150077.pdf,1
organization,og0020,part of,organization,og0020,,Tender Notice_PDFs/COXDA_Tender_1150442.pdf,1
organization,og0020,part of,organization,og0001,,Tender Notice_PDFs/COXDA_Tender_1150442.pdf,1
person,pp0022,invited tender,tender,1150442,Member (Engineer),Tender Notice_PDFs/COXDA_Tender_1150442.pdf,1
organization,og0020,advertised,tender,1150442,,Tender Notice_PDFs/COXDA_Tender_1150442.pdf,1
tender,1150442,belongs to project,project,pr0093,,Tender Notice_PDFs/COXDA_Tender_1150442.pdf,1
organization,og0020,part of,organization,og0020,,Tender Notice_PDFs/COXDA_Tender_1150459.pdf,1
organization,og0020,part of,organization,og0001,,Tender Notice_PDFs/COXDA_Tender_1150459.pdf,1
person,pp0022,invited tender,tender,1150459,Member (Engineer),Tender Notice_PDFs/COXDA_Tender_1150459.pdf,1
organization,og0020,advertised,tender,1150459,,Tender Notice_PDFs/COXDA_Tender_1150459.pdf,1
tender,1150459,belongs to project,project,pr0093,,Tender Notice_PDFs/COXDA_Tender_1150459.pdf,1
organization,og0020,part of,organization,og0020,,Tender Notice_PDFs/COXDA_Tender_1150469.pdf,1
organization,og0020,part of,organization,og0001,,Tender Notice_PDFs/COXDA_Tender_1150469.pdf,1
person,pp0022,invited tender,tender,1150469,Member (Engineer),Tender Notice_PDFs/COXDA_Tender_1150469.pdf,1
organization,og0020,advertised,tender,1150469,,Tender Notice_PDFs/COXDA_Tender_1150469.pdf,1
tender,1150469,belongs to project,project,pr0093,,Tender Notice_PDFs/COXDA_Tender_1150469.pdf,1
organization,og0034,part of,organization,og0020,,Tender Notice_PDFs/COXDA_Tender_1152584.pdf,1
organization,og0020,part of,organization,og0001,,Tender Notice_PDFs/COXDA_Tender_1152584.pdf,1
person,pp0038,invited tender,tender,1152584,Executive Engineer,Tender Notice_PDFs/COXDA_Tender_1152584.pdf,1
organization,og0034,advertised,tender,1152584,,Tender Notice_PDFs/COXDA_Tender_1152584.pdf,1
tender,1152584,belongs to project,project,pr0093,,Tender Notice_PDFs/COXDA_Tender_1152584.pdf,1
organization,og0034,part of,organization,og0020,,Tender Notice_PDFs/COXDA_Tender_1152671.pdf,1
organization,og0020,part of,organization,og0001,,Tender Notice_PDFs/COXDA_Tender_1152671.pdf,1
person,pp0038,invited tender,tender,1152671,Executive Engineer,Tender Notice_PDFs/COXDA_Tender_1152671.pdf,1
organization,og0034,advertised,tender,1152671,,Tender Notice_PDFs/COXDA_Tender_1152671.pdf,1
tender,1152671,belongs to project,project,pr0093,,Tender Notice_PDFs/COXDA_Tender_1152671.pdf,1
organization,og0034,part of,organization,og0020,,Tender Notice_PDFs/COXDA_Tender_1152766.pdf,1
organization,og0020,part of,organization,og0001,,Tender Notice_PDFs/COXDA_Tender_1152766.pdf,1
person,pp0038,invited tender,tender,1152766,Executive Engineer,Tender Notice_PDFs/COXDA_Tender_1152766.pdf,1
organization,og0034,advertised,tender,1152766,,Tender Notice_PDFs/COXDA_Tender_1152766.pdf,1
tender,1152766,belongs to project,project,pr0093,,Tender Notice_PDFs/COXDA_Tender_1152766.pdf,1
organization,og0020,part of,organization,og0020,,Tender Notice_PDFs/COXDA_Tender_1156352.pdf,1
organization,og0020,part of,organization,og0001,,Tender Notice_PDFs/COXDA_Tender_1156352.pdf,1
person,pp0022,invited tender,tender,1156352,Member (Engineer),Tender Notice_PDFs/COXDA_Tender_1156352.pdf,1
organization,og0020,advertised,tender,1156352,,Tender Notice_PDFs/COXDA_Tender_1156352.pdf,1
tender,1156352,belongs to project,project,pr0093,,Tender Notice_PDFs/COXDA_Tender_1156352.pdf,1
organization,og0020,part of,organization,og0020,,Tender Notice_PDFs/COXDA_Tender_1156359.pdf,1
organization,og0020,part of,organization,og0001,,Tender Notice_PDFs/COXDA_Tender_1156359.pdf,1
person,pp0022,invited tender,tender,1156359,Member (Engineer),Tender Notice_PDFs/COXDA_Tender_1156359.pdf,1
organization,og0020,advertised,tender,1156359,,Tender Notice_PDFs/COXDA_Tender_1156359.pdf,1
tender,1156359,belongs to project,project,pr0093,,Tender Notice_PDFs/COXDA_Tender_1156359.pdf,1
organization,og0020,part of,organization,og0020,,Tender Notice_PDFs/COXDA_Tender_1157085.pdf,1
organization,og0020,part of,organization,og0001,,Tender Notice_PDFs/COXDA_Tender_1157085.pdf,1
person,pp0022,invited tender,tender,1157085,Member (Engineer),Tender Notice_PDFs/COXDA_Tender_1157085.pdf,1
organization,og0020,advertised,tender,1157085,,Tender Notice_PDFs/COXDA_Tender_1157085.pdf,1
tender,1157085,belongs to project,project,pr0093,,Tender Notice_PDFs/COXDA_Tender_1157085.pdf,1
organization,og0020,part of,organization,og0020,,Tender Notice_PDFs/COXDA_Tender_1157266.pdf,1
organization,og0020,part of,organization,og0001,,Tender Notice_PDFs/COXDA_Tender_1157266.pdf,1
person,pp0022,invited tender,tender,1157266,Member (Engineer),Tender Notice_PDFs/COXDA_Tender_1157266.pdf,1
organization,og0020,advertised,tender,1157266,,Tender Notice_PDFs/COXDA_Tender_1157266.pdf,1
tender,1157266,belongs to project,project,pr0093,,Tender Notice_PDFs/COXDA_Tender_1157266.pdf,1
organization,og0020,part of,organization,og0020,,Tender Notice_PDFs/COXDA_Tender_1157269.pdf,1
organization,og0020,part of,organization,og0001,,Tender Notice_PDFs/COXDA_Tender_1157269.pdf,1
person,pp0022,invited tender,tender,1157269,Member (Engineer),Tender Notice_PDFs/COXDA_Tender_1157269.pdf,1
organization,og0020,advertised,tender,1157269,,Tender Notice_PDFs/COXDA_Tender_1157269.pdf,1
tender,1157269,belongs to project,project,pr0093,,Tender Notice_PDFs/COXDA_Tender_1157269.pdf,1
organization,og0020,part of,organization,og0020,,Tender Notice_PDFs/COXDA_Tender_1157288.pdf,1
organization,og0020,part of,organization,og0001,,Tender Notice_PDFs/COXDA_Tender_1157288.pdf,1
person,pp0022,invited tender,tender,1157288,Member (Engineer),Tender Notice_PDFs/COXDA_Tender_1157288.pdf,1
organization,og0020,advertised,tender,1157288,,Tender Notice_PDFs/COXDA_Tender_1157288.pdf,1
tender,1157288,belongs to project,project,pr0093,,Tender Notice_PDFs/COXDA_Tender_1157288.pdf,1
organization,og0020,part of,organization,og0020,,Tender Notice_PDFs/COXDA_Tender_1160337.pdf,1
organization,og0020,part of,organization,og0001,,Tender Notice_PDFs/COXDA_Tender_1160337.pdf,1
person,pp0022,invited tender,tender,1160337,Member (Engineer),Tender Notice_PDFs/COXDA_Tender_1160337.pdf,2
organization,og0020,advertised,tender,1160337,,Tender Notice_PDFs/COXDA_Tender_1160337.pdf,1
tender,1160337,belongs to project,project,pr0093,,Tender Notice_PDFs/COXDA_Tender_1160337.pdf,1
organization,og0035,part of,organization,og0020,,Tender Notice_PDFs/COXDA_Tender_1163081.pdf,1
organization,og0020,part of,organization,og0001,,Tender Notice_PDFs/COXDA_Tender_1163081.pdf,1
person,pp0041,invited tender,tender,1163081,Deputy Town Planner,Tender Notice_PDFs/COXDA_Tender_1163081.pdf,1
organization,og0035,advertised,tender,1163081,,Tender Notice_PDFs/COXDA_Tender_1163081.pdf,1
tender,1163081,belongs to project,project,pr0033,,Tender Notice_PDFs/COXDA_Tender_1163081.pdf,1
organization,og0020,part of,organization,og0020,,Tender Notice_PDFs/COXDA_Tender_1163187.pdf,1
organization,og0020,part of,organization,og0001,,Tender Notice_PDFs/COXDA_Tender_1163187.pdf,1
person,pp0022,invited tender,tender,1163187,Member (Engineer),Tender Notice_PDFs/COXDA_Tender_1163187.pdf,2
organization,og0020,advertised,tender,1163187,,Tender Notice_PDFs/COXDA_Tender_1163187.pdf,1
tender,1163187,belongs to project,project,pr0093,,Tender Notice_PDFs/COXDA_Tender_1163187.pdf,1
organization,og0020,part of,organization,og0020,,Tender Notice_PDFs/COXDA_Tender_1163354.pdf,1
organization,og0020,part of,organization,og0001,,Tender Notice_PDFs/COXDA_Tender_1163354.pdf,1
person,pp0022,invited tender,tender,1163354,Member (Engineer),Tender Notice_PDFs/COXDA_Tender_1163354.pdf,1
organization,og0020,advertised,tender,1163354,,Tender Notice_PDFs/COXDA_Tender_1163354.pdf,1
tender,1163354,belongs to project,project,pr0093,,Tender Notice_PDFs/COXDA_Tender_1163354.pdf,1
organization,og0020,part of,organization,og0020,,Tender Notice_PDFs/COXDA_Tender_1163355.pdf,1
organization,og0020,part of,organization,og0001,,Tender Notice_PDFs/COXDA_Tender_1163355.pdf,1
person,pp0022,invited tender,tender,1163355,Member (Engineer),Tender Notice_PDFs/COXDA_Tender_1163355.pdf,1
organization,og0020,advertised,tender,1163355,,Tender Notice_PDFs/COXDA_Tender_1163355.pdf,1
tender,1163355,belongs to project,project,pr0093,,Tender Notice_PDFs/COXDA_Tender_1163355.pdf,1
organization,og0020,part of,organization,og0020,,Tender Notice_PDFs/COXDA_Tender_1172101.pdf,1
organization,og0020,part of,organization,og0001,,Tender Notice_PDFs/COXDA_Tender_1172101.pdf,1
person,pp0022,invited tender,tender,1172101,Member (Engineer),Tender Notice_PDFs/COXDA_Tender_1172101.pdf,2
organization,og0020,advertised,tender,1172101,,Tender Notice_PDFs/COXDA_Tender_1172101.pdf,1
tender,1172101,belongs to project,project,pr0093,,Tender Notice_PDFs/COXDA_Tender_1172101.pdf,1
organization,og0020,part of,organization,og0020,,Tender Notice_PDFs/COXDA_Tender_1172974.pdf,1
organization,og0020,part of,organization,og0001,,Tender Notice_PDFs/COXDA_Tender_1172974.pdf,1
person,pp0022,invited tender,tender,1172974,Member (Engineer),Tender Notice_PDFs/COXDA_Tender_1172974.pdf,1
organization,og0020,advertised,tender,1172974,,Tender Notice_PDFs/COXDA_Tender_1172974.pdf,1
tender,1172974,belongs to project,project,pr0093,,Tender Notice_PDFs/COXDA_Tender_1172974.pdf,1
organization,og0020,part of,organization,og0020,,Tender Notice_PDFs/COXDA_Tender_1173101.pdf,1
organization,og0020,part of,organization,og0001,,Tender Notice_PDFs/COXDA_Tender_1173101.pdf,1
person,pp0022,invited tender,tender,1173101,Member (Engineer),Tender Notice_PDFs/COXDA_Tender_1173101.pdf,1
organization,og0020,advertised,tender,1173101,,Tender Notice_PDFs/COXDA_Tender_1173101.pdf,1
tender,1173101,belongs to project,project,pr0093,,Tender Notice_PDFs/COXDA_Tender_1173101.pdf,1
organization,og0020,part of,organization,og0020,,Tender Notice_PDFs/COXDA_Tender_1173102.pdf,1
organization,og0020,part of,organization,og0001,,Tender Notice_PDFs/COXDA_Tender_1173102.pdf,1
person,pp0022,invited tender,tender,1173102,Member (Engineer),Tender Notice_PDFs/COXDA_Tender_1173102.pdf,1
organization,og0020,advertised,tender,1173102,,Tender Notice_PDFs/COXDA_Tender_1173102.pdf,1
tender,1173102,belongs to project,project,pr0093,,Tender Notice_PDFs/COXDA_Tender_1173102.pdf,1
organization,og0020,part of,organization,og0020,,Tender Notice_PDFs/COXDA_Tender_1178437.pdf,1
organization,og0020,part of,organization,og0001,,Tender Notice_PDFs/COXDA_Tender_1178437.pdf,1
person,pp0022,invited tender,tender,1178437,Member (Engineer),Tender Notice_PDFs/COXDA_Tender_1178437.pdf,1
organization,og0020,advertised,tender,1178437,,Tender Notice_PDFs/COXDA_Tender_1178437.pdf,1
tender,1178437,belongs to project,project,pr0093,,Tender Notice_PDFs/COXDA_Tender_1178437.pdf,1
organization,og0020,part of,organization,og0020,,Tender Notice_PDFs/COXDA_Tender_1183753.pdf,1
organization,og0020,part of,organization,og0001,,Tender Notice_PDFs/COXDA_Tender_1183753.pdf,1
person,pp0022,invited tender,tender,1183753,Member (Engineer),Tender Notice_PDFs/COXDA_Tender_1183753.pdf,1
organization,og0020,advertised,tender,1183753,,Tender Notice_PDFs/COXDA_Tender_1183753.pdf,1
tender,1183753,belongs to project,project,pr0093,,Tender Notice_PDFs/COXDA_Tender_1183753.pdf,1
organization,og0020,part of,organization,og0020,,Tender Notice_PDFs/COXDA_Tender_1183822.pdf,1
organization,og0020,part of,organization,og0001,,Tender Notice_PDFs/COXDA_Tender_1183822.pdf,1
person,pp0022,invited tender,tender,1183822,Member (Engineer),Tender Notice_PDFs/COXDA_Tender_1183822.pdf,1
organization,og0020,advertised,tender,1183822,,Tender Notice_PDFs/COXDA_Tender_1183822.pdf,1
tender,1183822,belongs to project,project,pr0093,,Tender Notice_PDFs/COXDA_Tender_1183822.pdf,1
organization,og0020,part of,organization,og0020,,Tender Notice_PDFs/COXDA_Tender_1183835.pdf,1
organization,og0020,part of,organization,og0001,,Tender Notice_PDFs/COXDA_Tender_1183835.pdf,1
person,pp0022,invited tender,tender,1183835,Member (Engineer),Tender Notice_PDFs/COXDA_Tender_1183835.pdf,1
organization,og0020,advertised,tender,1183835,,Tender Notice_PDFs/COXDA_Tender_1183835.pdf,1
tender,1183835,belongs to project,project,pr0093,,Tender Notice_PDFs/COXDA_Tender_1183835.pdf,1
organization,og0020,part of,organization,og0020,,Tender Notice_PDFs/COXDA_Tender_1184463.pdf,1
organization,og0020,part of,organization,og0001,,Tender Notice_PDFs/COXDA_Tender_1184463.pdf,1
person,pp0022,invited tender,tender,1184463,Member (Engineer),Tender Notice_PDFs/COXDA_Tender_1184463.pdf,1
organization,og0020,advertised,tender,1184463,,Tender Notice_PDFs/COXDA_Tender_1184463.pdf,1
tender,1184463,belongs to project,project,pr0093,,Tender Notice_PDFs/COXDA_Tender_1184463.pdf,1
organization,og0020,part of,organization,og0020,,Tender Notice_PDFs/COXDA_Tender_1184466.pdf,1
organization,og0020,part of,organization,og0001,,Tender Notice_PDFs/COXDA_Tender_1184466.pdf,1
person,pp0022,invited tender,tender,1184466,Member (Engineer),Tender Notice_PDFs/COXDA_Tender_1184466.pdf,1
organization,og0020,advertised,tender,1184466,,Tender Notice_PDFs/COXDA_Tender_1184466.pdf,1
tender,1184466,belongs to project,project,pr0093,,Tender Notice_PDFs/COXDA_Tender_1184466.pdf,1
organization,og0020,part of,organization,og0020,,Tender Notice_PDFs/COXDA_Tender_1184467.pdf,1
organization,og0020,part of,organization,og0001,,Tender Notice_PDFs/COXDA_Tender_1184467.pdf,1
person,pp0022,invited tender,tender,1184467,Member (Engineer),Tender Notice_PDFs/COXDA_Tender_1184467.pdf,1
organization,og0020,advertised,tender,1184467,,Tender Notice_PDFs/COXDA_Tender_1184467.pdf,1
tender,1184467,belongs to project,project,pr0093,,Tender Notice_PDFs/COXDA_Tender_1184467.pdf,1
organization,og0020,part of,organization,og0020,,Tender Notice_PDFs/COXDA_Tender_1184470.pdf,1
organization,og0020,part of,organization,og0001,,Tender Notice_PDFs/COXDA_Tender_1184470.pdf,1
person,pp0022,invited tender,tender,1184470,Member (Engineer),Tender Notice_PDFs/COXDA_Tender_1184470.pdf,1
organization,og0020,advertised,tender,1184470,,Tender Notice_PDFs/COXDA_Tender_1184470.pdf,1
tender,1184470,belongs to project,project,pr0093,,Tender Notice_PDFs/COXDA_Tender_1184470.pdf,1
organization,og0020,part of,organization,og0020,,Tender Notice_PDFs/COXDA_Tender_1185193.pdf,1
organization,og0020,part of,organization,og0001,,Tender Notice_PDFs/COXDA_Tender_1185193.pdf,1
person,pp0022,invited tender,tender,1185193,Member (Engineer),Tender Notice_PDFs/COXDA_Tender_1185193.pdf,1
organization,og0020,advertised,tender,1185193,,Tender Notice_PDFs/COXDA_Tender_1185193.pdf,1
tender,1185193,belongs to project,project,pr0093,,Tender Notice_PDFs/COXDA_Tender_1185193.pdf,1
organization,og0020,part of,organization,og0020,,Tender Notice_PDFs/COXDA_Tender_1189962.pdf,1
organization,og0020,part of,organization,og0001,,Tender Notice_PDFs/COXDA_Tender_1189962.pdf,1
person,pp0022,invited tender,tender,1189962,Member (Engineer),Tender Notice_PDFs/COXDA_Tender_1189962.pdf,1
organization,og0020,advertised,tender,1189962,,Tender Notice_PDFs/COXDA_Tender_1189962.pdf,1
tender,1189962,belongs to project,project,pr0093,,Tender Notice_PDFs/COXDA_Tender_1189962.pdf,1
organization,og0020,part of,organization,og0020,,Tender Notice_PDFs/COXDA_Tender_1199127.pdf,1
organization,og0020,part of,organization,og0001,,Tender Notice_PDFs/COXDA_Tender_1199127.pdf,1
person,pp0022,invited tender,tender,1199127,Member (Engineer),Tender Notice_PDFs/COXDA_Tender_1199127.pdf,1
organization,og0020,advertised,tender,1199127,,Tender Notice_PDFs/COXDA_Tender_1199127.pdf,1
tender,1199127,belongs to project,project,pr0093,,Tender Notice_PDFs/COXDA_Tender_1199127.pdf,1
organization,og0020,part of,organization,og0020,,Tender Notice_PDFs/COXDA_Tender_1207915.pdf,1
organization,og0020,part of,organization,og0001,,Tender Notice_PDFs/COXDA_Tender_1207915.pdf,1
person,pp0022,invited tender,tender,1207915,Member (Engineer),Tender Notice_PDFs/COXDA_Tender_1207915.pdf,1
organization,og0020,advertised,tender,1207915,,Tender Notice_PDFs/COXDA_Tender_1207915.pdf,1
tender,1207915,belongs to project,project,pr0093,,Tender Notice_PDFs/COXDA_Tender_1207915.pdf,1
organization,og0020,part of,organization,og0020,,Tender Notice_PDFs/COXDA_Tender_1211856.pdf,1
organization,og0020,part of,organization,og0001,,Tender Notice_PDFs/COXDA_Tender_1211856.pdf,1
person,pp0022,invited tender,tender,1211856,Member (Engineer),Tender Notice_PDFs/COXDA_Tender_1211856.pdf,1
organization,og0020,advertised,tender,1211856,,Tender Notice_PDFs/COXDA_Tender_1211856.pdf,1
tender,1211856,belongs to project,project,pr0093,,Tender Notice_PDFs/COXDA_Tender_1211856.pdf,1
organization,og0020,part of,organization,og0020,,Tender Notice_PDFs/COXDA_Tender_1252250.pdf,1
organization,og0020,part of,organization,og0001,,Tender Notice_PDFs/COXDA_Tender_1252250.pdf,1
person,pp0022,invited tender,tender,1252250,Member (Engineer),Tender Notice_PDFs/COXDA_Tender_1252250.pdf,1
organization,og0020,advertised,tender,1252250,,Tender Notice_PDFs/COXDA_Tender_1252250.pdf,1
tender,1252250,belongs to project,project,pr0093,,Tender Notice_PDFs/COXDA_Tender_1252250.pdf,1
organization,og0020,part of,organization,og0020,,Tender Notice_PDFs/COXDA_Tender_1257433.pdf,1
organization,og0020,part of,organization,og0001,,Tender Notice_PDFs/COXDA_Tender_1257433.pdf,1
person,pp0022,invited tender,tender,1257433,Member (Engineer),Tender Notice_PDFs/COXDA_Tender_1257433.pdf,1
organization,og0020,advertised,tender,1257433,,Tender Notice_PDFs/COXDA_Tender_1257433.pdf,1
tender,1257433,belongs to project,project,pr0093,,Tender Notice_PDFs/COXDA_Tender_1257433.pdf,1
organization,og0020,part of,organization,og0020,,Tender Notice_PDFs/COXDA_Tender_1257498.pdf,1
organization,og0020,part of,organization,og0001,,Tender Notice_PDFs/COXDA_Tender_1257498.pdf,1
person,pp0022,invited tender,tender,1257498,Member (Engineer),Tender Notice_PDFs/COXDA_Tender_1257498.pdf,1
organization,og0020,advertised,tender,1257498,,Tender Notice_PDFs/COXDA_Tender_1257498.pdf,1
tender,1257498,belongs to project,project,pr0093,,Tender Notice_PDFs/COXDA_Tender_1257498.pdf,1
organization,og0020,part of,organization,og0020,,Tender Notice_PDFs/COXDA_Tender_1258384.pdf,1
organization,og0020,part of,organization,og0001,,Tender Notice_PDFs/COXDA_Tender_1258384.pdf,1
person,pp0022,invited tender,tender,1258384,Member (Engineer),Tender Notice_PDFs/COXDA_Tender_1258384.pdf,1
organization,og0020,advertised,tender,1258384,,Tender Notice_PDFs/COXDA_Tender_1258384.pdf,1
tender,1258384,belongs to project,project,pr0093,,Tender Notice_PDFs/COXDA_Tender_1258384.pdf,1
organization,og0020,part of,organization,og0020,,Tender Notice_PDFs/COXDA_Tender_1265472.pdf,1
organization,og0020,part of,organization,og0001,,Tender Notice_PDFs/COXDA_Tender_1265472.pdf,1
person,pp0022,invited tender,tender,1265472,Member (Engineer),Tender Notice_PDFs/COXDA_Tender_1265472.pdf,1
organization,og0020,advertised,tender,1265472,,Tender Notice_PDFs/COXDA_Tender_1265472.pdf,1
tender,1265472,belongs to project,project,pr0093,,Tender Notice_PDFs/COXDA_Tender_1265472.pdf,1
organization,og0035,part of,organization,og0020,,Tender Notice_PDFs/COXDA_Tender_1272190.pdf,1
organization,og0020,part of,organization,og0001,,Tender Notice_PDFs/COXDA_Tender_1272190.pdf,1
person,pp0041,invited tender,tender,1272190,Deputy Town Planner,Tender Notice_PDFs/COXDA_Tender_1272190.pdf,1
organization,og0035,advertised,tender,1272190,,Tender Notice_PDFs/COXDA_Tender_1272190.pdf,1
tender,1272190,belongs to project,project,pr0033,,Tender Notice_PDFs/COXDA_Tender_1272190.pdf,1
organization,og0035,part of,organization,og0020,,Tender Notice_PDFs/COXDA_Tender_1273100.pdf,1
organization,og0020,part of,organization,og0001,,Tender Notice_PDFs/COXDA_Tender_1273100.pdf,1
person,pp0041,invited tender,tender,1273100,Deputy Town Planner,Tender Notice_PDFs/COXDA_Tender_1273100.pdf,1
organization,og0035,advertised,tender,1273100,,Tender Notice_PDFs/COXDA_Tender_1273100.pdf,1
tender,1273100,belongs to project,project,pr0033,,Tender Notice_PDFs/COXDA_Tender_1273100.pdf,1
organization,og0101,part of,organization,og0100,,Tender Notice_PDFs/COXDA_Tender_20558.pdf,1
organization,og0100,part of,organization,og0053,,Tender Notice_PDFs/COXDA_Tender_20558.pdf,1
person,pp0091,invited tender,tender,20558,Executive Engineer,Tender Notice_PDFs/COXDA_Tender_20558.pdf,1
organization,og0101,advertised,tender,20558,,Tender Notice_PDFs/COXDA_Tender_20558.pdf,1
tender,20558,belongs to project,project,pr0093,,Tender Notice_PDFs/COXDA_Tender_20558.pdf,1
organization,og0020,part of,organization,og0020,,Tender Notice_PDFs/COXDA_Tender_270190.pdf,1
organization,og0020,part of,organization,og0001,,Tender Notice_PDFs/COXDA_Tender_270190.pdf,1
person,pp0094,invited tender,tender,270190,Member (Engineer),Tender Notice_PDFs/COXDA_Tender_270190.pdf,1
organization,og0020,advertised,tender,270190,,Tender Notice_PDFs/COXDA_Tender_270190.pdf,1
tender,270190,belongs to project,project,pr0056,,Tender Notice_PDFs/COXDA_Tender_270190.pdf,1
organization,og0020,part of,organization,og0020,,Tender Notice_PDFs/COXDA_Tender_270651.pdf,1
organization,og0020,part of,organization,og0001,,Tender Notice_PDFs/COXDA_Tender_270651.pdf,1
person,pp0094,invited tender,tender,270651,Member (Engineer),Tender Notice_PDFs/COXDA_Tender_270651.pdf,1
organization,og0020,advertised,tender,270651,,Tender Notice_PDFs/COXDA_Tender_270651.pdf,1
tender,270651,belongs to project,project,pr0056,,Tender Notice_PDFs/COXDA_Tender_270651.pdf,1
organization,og0020,part of,organization,og0020,,Tender Notice_PDFs/COXDA_Tender_276338.pdf,1
organization,og0020,part of,organization,og0001,,Tender Notice_PDFs/COXDA_Tender_276338.pdf,1
person,pp0094,invited tender,tender,276338,Member (Engineer),Tender Notice_PDFs/COXDA_Tender_276338.pdf,1
organization,og0020,advertised,tender,276338,,Tender Notice_PDFs/COXDA_Tender_276338.pdf,1
tender,276338,belongs to project,project,pr0093,,Tender Notice_PDFs/COXDA_Tender_276338.pdf,1
organization,og0020,part of,organization,og0020,,Tender Notice_PDFs/COXDA_Tender_282186.pdf,1
organization,og0020,part of,organization,og0001,,Tender Notice_PDFs/COXDA_Tender_282186.pdf,1
person,pp0094,invited tender,tender,282186,Member (Engineer),Tender Notice_PDFs/COXDA_Tender_282186.pdf,1
organization,og0020,advertised,tender,282186,,Tender Notice_PDFs/COXDA_Tender_282186.pdf,1
tender,282186,belongs to project,project,pr0056,,Tender Notice_PDFs/COXDA_Tender_282186.pdf,1
organization,og0020,part of,organization,og0020,,Tender Notice_PDFs/COXDA_Tender_417304.pdf,1
organization,og0020,part of,organization,og0001,,Tender Notice_PDFs/COXDA_Tender_417304.pdf,1
person,pp0094,invited tender,tender,417304,Member (Engineer),Tender Notice_PDFs/COXDA_Tender_417304.pdf,1
organization,og0020,advertised,tender,417304,,Tender Notice_PDFs/COXDA_Tender_417304.pdf,1
tender,417304,belongs to project,project,pr0093,,Tender Notice_PDFs/COXDA_Tender_417304.pdf,1
organization,og0020,part of,organization,og0020,,Tender Notice_PDFs/COXDA_Tender_418364.pdf,1
organization,og0020,part of,organization,og0001,,Tender Notice_PDFs/COXDA_Tender_418364.pdf,1
person,pp0094,invited tender,tender,418364,Member (Engineer),Tender Notice_PDFs/COXDA_Tender_418364.pdf,2
organization,og0020,advertised,tender,418364,,Tender Notice_PDFs/COXDA_Tender_418364.pdf,1
tender,418364,belongs to project,project,pr0093,,Tender Notice_PDFs/COXDA_Tender_418364.pdf,1
organization,og0020,part of,organization,og0020,,Tender Notice_PDFs/COXDA_Tender_424168.pdf,1
organization,og0020,part of,organization,og0001,,Tender Notice_PDFs/COXDA_Tender_424168.pdf,1
person,pp0094,invited tender,tender,424168,Member (Engineer),Tender Notice_PDFs/COXDA_Tender_424168.pdf,1
organization,og0020,advertised,tender,424168,,Tender Notice_PDFs/COXDA_Tender_424168.pdf,1
tender,424168,belongs to project,project,pr0093,,Tender Notice_PDFs/COXDA_Tender_424168.pdf,1
organization,og0020,part of,organization,og0020,,Tender Notice_PDFs/COXDA_Tender_446283.pdf,1
organization,og0020,part of,organization,og0001,,Tender Notice_PDFs/COXDA_Tender_446283.pdf,1
person,pp0094,invited tender,tender,446283,Member (Engineer),Tender Notice_PDFs/COXDA_Tender_446283.pdf,2
organization,og0020,advertised,tender,446283,,Tender Notice_PDFs/COXDA_Tender_446283.pdf,1
tender,446283,belongs to project,project,pr0093,,Tender Notice_PDFs/COXDA_Tender_446283.pdf,1
organization,og0020,part of,organization,og0020,,Tender Notice_PDFs/COXDA_Tender_448324.pdf,1
organization,og0020,part of,organization,og0001,,Tender Notice_PDFs/COXDA_Tender_448324.pdf,1
person,pp0094,invited tender,tender,448324,Member (Engineer),Tender Notice_PDFs/COXDA_Tender_448324.pdf,2
organization,og0020,advertised,tender,448324,,Tender Notice_PDFs/COXDA_Tender_448324.pdf,1
tender,448324,belongs to project,project,pr0068,,Tender Notice_PDFs/COXDA_Tender_448324.pdf,1
organization,og0020,part of,organization,og0020,,Tender Notice_PDFs/COXDA_Tender_448434.pdf,1
organization,og0020,part of,organization,og0001,,Tender Notice_PDFs/COXDA_Tender_448434.pdf,1
person,pp0094,invited tender,tender,448434,Member (Engineer),Tender Notice_PDFs/COXDA_Tender_448434.pdf,2
organization,og0020,advertised,tender,448434,,Tender Notice_PDFs/COXDA_Tender_448434.pdf,1
tender,448434,belongs to project,project,pr0068,,Tender Notice_PDFs/COXDA_Tender_448434.pdf,1
organization,og0020,part of,organization,og0020,,Tender Notice_PDFs/COXDA_Tender_461085.pdf,1
organization,og0020,part of,organization,og0001,,Tender Notice_PDFs/COXDA_Tender_461085.pdf,1
person,pp0094,invited tender,tender,461085,Member (Engineer),Tender Notice_PDFs/COXDA_Tender_461085.pdf,2
organization,og0020,advertised,tender,461085,,Tender Notice_PDFs/COXDA_Tender_461085.pdf,1
tender,461085,belongs to project,project,pr0068,,Tender Notice_PDFs/COXDA_Tender_461085.pdf,1
organization,og0020,part of,organization,og0020,,Tender Notice_PDFs/COXDA_Tender_461209.pdf,1
organization,og0020,part of,organization,og0001,,Tender Notice_PDFs/COXDA_Tender_461209.pdf,1
person,pp0094,invited tender,tender,461209,Member (Engineer),Tender Notice_PDFs/COXDA_Tender_461209.pdf,2
organization,og0020,advertised,tender,461209,,Tender Notice_PDFs/COXDA_Tender_461209.pdf,1
tender,461209,belongs to project,project,pr0068,,Tender Notice_PDFs/COXDA_Tender_461209.pdf,1
organization,og0020,part of,organization,og0020,,Tender Notice_PDFs/COXDA_Tender_464552.pdf,1
organization,og0020,part of,organization,og0001,,Tender Notice_PDFs/COXDA_Tender_464552.pdf,1
person,pp0094,invited tender,tender,464552,Member (Engineer),Tender Notice_PDFs/COXDA_Tender_464552.pdf,1
organization,og0020,advertised,tender,464552,,Tender Notice_PDFs/COXDA_Tender_464552.pdf,1
tender,464552,belongs to project,project,pr0093,,Tender Notice_PDFs/COXDA_Tender_464552.pdf,1
organization,og0020,part of,organization,og0020,,Tender Notice_PDFs/COXDA_Tender_464647.pdf,1
organization,og0020,part of,organization,og0001,,Tender Notice_PDFs/COXDA_Tender_464647.pdf,1
person,pp0094,invited tender,tender,464647,Member (Engineer),Tender Notice_PDFs/COXDA_Tender_464647.pdf,1
organization,og0020,advertised,tender,464647,,Tender Notice_PDFs/COXDA_Tender_464647.pdf,1
tender,464647,belongs to project,project,pr0093,,Tender Notice_PDFs/COXDA_Tender_464647.pdf,1
organization,og0020,part of,organization,og0020,,Tender Notice_PDFs/COXDA_Tender_471795.pdf,1
organization,og0020,part of,organization,og0001,,Tender Notice_PDFs/COXDA_Tender_471795.pdf,1
person,pp0094,invited tender,tender,471795,Member (Engineer),Tender Notice_PDFs/COXDA_Tender_471795.pdf,2
organization,og0020,advertised,tender,471795,,Tender Notice_PDFs/COXDA_Tender_471795.pdf,1
tender,471795,belongs to project,project,pr0093,,Tender Notice_PDFs/COXDA_Tender_471795.pdf,1
organization,og0020,part of,organization,og0020,,Tender Notice_PDFs/COXDA_Tender_509251.pdf,1
organization,og0020,part of,organization,og0001,,Tender Notice_PDFs/COXDA_Tender_509251.pdf,1
person,pp0094,invited tender,tender,509251,Member (Engineer),Tender Notice_PDFs/COXDA_Tender_509251.pdf,2
organization,og0020,advertised,tender,509251,,Tender Notice_PDFs/COXDA_Tender_509251.pdf,1
tender,509251,belongs to project,project,pr0068,,Tender Notice_PDFs/COXDA_Tender_509251.pdf,1
organization,og0020,part of,organization,og0020,,Tender Notice_PDFs/COXDA_Tender_528460.pdf,1
organization,og0020,part of,organization,og0001,,Tender Notice_PDFs/COXDA_Tender_528460.pdf,1
person,pp0094,invited tender,tender,528460,Member (Engineer),Tender Notice_PDFs/COXDA_Tender_528460.pdf,1
organization,og0020,advertised,tender,528460,,Tender Notice_PDFs/COXDA_Tender_528460.pdf,1
tender,528460,belongs to project,project,pr0093,,Tender Notice_PDFs/COXDA_Tender_528460.pdf,1
organization,og0020,part of,organization,og0020,,Tender Notice_PDFs/COXDA_Tender_540981.pdf,1
organization,og0020,part of,organization,og0001,,Tender Notice_PDFs/COXDA_Tender_540981.pdf,1
person,pp0094,invited tender,tender,540981,Member (Engineer),Tender Notice_PDFs/COXDA_Tender_540981.pdf,1
organization,og0020,advertised,tender,540981,,Tender Notice_PDFs/COXDA_Tender_540981.pdf,1
tender,540981,belongs to project,project,pr0093,,Tender Notice_PDFs/COXDA_Tender_540981.pdf,1
organization,og0020,part of,organization,og0020,,Tender Notice_PDFs/COXDA_Tender_545922.pdf,1
organization,og0020,part of,organization,og0001,,Tender Notice_PDFs/COXDA_Tender_545922.pdf,1
person,pp0094,invited tender,tender,545922,Member (Engineer),Tender Notice_PDFs/COXDA_Tender_545922.pdf,1
organization,og0020,advertised,tender,545922,,Tender Notice_PDFs/COXDA_Tender_545922.pdf,1
tender,545922,belongs to project,project,pr0093,,Tender Notice_PDFs/COXDA_Tender_545922.pdf,1
organization,og0020,part of,organization,og0020,,Tender Notice_PDFs/COXDA_Tender_547875.pdf,1
organization,og0020,part of,organization,og0001,,Tender Notice_PDFs/COXDA_Tender_547875.pdf,1
person,pp0094,invited tender,tender,547875,Member (Engineer),Tender Notice_PDFs/COXDA_Tender_547875.pdf,1
organization,og0020,advertised,tender,547875,,Tender Notice_PDFs/COXDA_Tender_547875.pdf,1
tender,547875,belongs to project,project,pr0072,,Tender Notice_PDFs/COXDA_Tender_547875.pdf,1
organization,og0020,part of,organization,og0020,,Tender Notice_PDFs/COXDA_Tender_548292.pdf,1
organization,og0020,part of,organization,og0001,,Tender Notice_PDFs/COXDA_Tender_548292.pdf,1
person,pp0094,invited tender,tender,548292,Member (Engineer),Tender Notice_PDFs/COXDA_Tender_548292.pdf,1
organization,og0020,advertised,tender,548292,,Tender Notice_PDFs/COXDA_Tender_548292.pdf,1
tender,548292,belongs to project,project,pr0072,,Tender Notice_PDFs/COXDA_Tender_548292.pdf,1
organization,og0020,part of,organization,og0020,,Tender Notice_PDFs/COXDA_Tender_548589.pdf,1
organization,og0020,part of,organization,og0001,,Tender Notice_PDFs/COXDA_Tender_548589.pdf,1
person,pp0094,invited tender,tender,548589,Member (Engineer),Tender Notice_PDFs/COXDA_Tender_548589.pdf,1
organization,og0020,advertised,tender,548589,,Tender Notice_PDFs/COXDA_Tender_548589.pdf,1
tender,548589,belongs to project,project,pr0072,,Tender Notice_PDFs/COXDA_Tender_548589.pdf,1
organization,og0020,part of,organization,og0020,,Tender Notice_PDFs/COXDA_Tender_549164.pdf,1
organization,og0020,part of,organization,og0001,,Tender Notice_PDFs/COXDA_Tender_549164.pdf,1
person,pp0094,invited tender,tender,549164,Member (Engineer),Tender Notice_PDFs/COXDA_Tender_549164.pdf,1
organization,og0020,advertised,tender,549164,,Tender Notice_PDFs/COXDA_Tender_549164.pdf,1
tender,549164,belongs to project,project,pr0072,,Tender Notice_PDFs/COXDA_Tender_549164.pdf,1
organization,og0020,part of,organization,og0020,,Tender Notice_PDFs/COXDA_Tender_549299.pdf,1
organization,og0020,part of,organization,og0001,,Tender Notice_PDFs/COXDA_Tender_549299.pdf,1
person,pp0094,invited tender,tender,549299,Member (Engineer),Tender Notice_PDFs/COXDA_Tender_549299.pdf,1
organization,og0020,advertised,tender,549299,,Tender Notice_PDFs/COXDA_Tender_549299.pdf,1
tender,549299,belongs to project,project,pr0068,,Tender Notice_PDFs/COXDA_Tender_549299.pdf,1
organization,og0020,part of,organization,og0020,,Tender Notice_PDFs/COXDA_Tender_549317.pdf,1
organization,og0020,part of,organization,og0001,,Tender Notice_PDFs/COXDA_Tender_549317.pdf,1
person,pp0094,invited tender,tender,549317,Member (Engineer),Tender Notice_PDFs/COXDA_Tender_549317.pdf,1
organization,og0020,advertised,tender,549317,,Tender Notice_PDFs/COXDA_Tender_549317.pdf,1
tender,549317,belongs to project,project,pr0093,,Tender Notice_PDFs/COXDA_Tender_549317.pdf,1
organization,og0020,part of,organization,og0020,,Tender Notice_PDFs/COXDA_Tender_549431.pdf,1
organization,og0020,part of,organization,og0001,,Tender Notice_PDFs/COXDA_Tender_549431.pdf,1
person,pp0094,invited tender,tender,549431,Member (Engineer),Tender Notice_PDFs/COXDA_Tender_549431.pdf,1
organization,og0020,advertised,tender,549431,,Tender Notice_PDFs/COXDA_Tender_549431.pdf,1
tender,549431,belongs to project,project,pr0068,,Tender Notice_PDFs/COXDA_Tender_549431.pdf,1
organization,og0020,part of,organization,og0020,,Tender Notice_PDFs/COXDA_Tender_549467.pdf,1
organization,og0020,part of,organization,og0001,,Tender Notice_PDFs/COXDA_Tender_549467.pdf,1
person,pp0094,invited tender,tender,549467,Member (Engineer),Tender Notice_PDFs/COXDA_Tender_549467.pdf,1
organization,og0020,advertised,tender,549467,,Tender Notice_PDFs/COXDA_Tender_549467.pdf,1
tender,549467,belongs to project,project,pr0093,,Tender Notice_PDFs/COXDA_Tender_549467.pdf,1
organization,og0020,part of,organization,og0020,,Tender Notice_PDFs/COXDA_Tender_550266.pdf,1
organization,og0020,part of,organization,og0001,,Tender Notice_PDFs/COXDA_Tender_550266.pdf,1
person,pp0094,invited tender,tender,550266,Member (Engineer),Tender Notice_PDFs/COXDA_Tender_550266.pdf,1
organization,og0020,advertised,tender,550266,,Tender Notice_PDFs/COXDA_Tender_550266.pdf,1
tender,550266,belongs to project,project,pr0093,,Tender Notice_PDFs/COXDA_Tender_550266.pdf,1
organization,og0020,part of,organization,og0020,,Tender Notice_PDFs/COXDA_Tender_550267.pdf,1
organization,og0020,part of,organization,og0001,,Tender Notice_PDFs/COXDA_Tender_550267.pdf,1
person,pp0094,invited tender,tender,550267,Member (Engineer),Tender Notice_PDFs/COXDA_Tender_550267.pdf,1
organization,og0020,advertised,tender,550267,,Tender Notice_PDFs/COXDA_Tender_550267.pdf,1
tender,550267,belongs to project,project,pr0093,,Tender Notice_PDFs/COXDA_Tender_550267.pdf,1
organization,og0020,part of,organization,og0020,,Tender Notice_PDFs/COXDA_Tender_563475.pdf,1
organization,og0020,part of,organization,og0001,,Tender Notice_PDFs/COXDA_Tender_563475.pdf,1
person,pp0106,invited tender,tender,563475,Member (Engineer),Tender Notice_PDFs/COXDA_Tender_563475.pdf,1
organization,og0020,advertised,tender,563475,,Tender Notice_PDFs/COXDA_Tender_563475.pdf,1
tender,563475,belongs to project,project,pr0093,,Tender Notice_PDFs/COXDA_Tender_563475.pdf,1
organization,og0020,part of,organization,og0020,,Tender Notice_PDFs/COXDA_Tender_563563.pdf,1
organization,og0020,part of,organization,og0001,,Tender Notice_PDFs/COXDA_Tender_563563.pdf,1
person,pp0106,invited tender,tender,563563,Member (Engineer),Tender Notice_PDFs/COXDA_Tender_563563.pdf,1
organization,og0020,advertised,tender,563563,,Tender Notice_PDFs/COXDA_Tender_563563.pdf,1
tender,563563,belongs to project,project,pr0072,,Tender Notice_PDFs/COXDA_Tender_563563.pdf,1
organization,og0020,part of,organization,og0020,,Tender Notice_PDFs/COXDA_Tender_577378.pdf,1
organization,og0020,part of,organization,og0001,,Tender Notice_PDFs/COXDA_Tender_577378.pdf,1
person,pp0106,invited tender,tender,577378,Member (Engineer),Tender Notice_PDFs/COXDA_Tender_577378.pdf,1
organization,og0020,advertised,tender,577378,,Tender Notice_PDFs/COXDA_Tender_577378.pdf,1
tender,577378,belongs to project,project,pr0072,,Tender Notice_PDFs/COXDA_Tender_577378.pdf,1
organization,og0020,part of,organization,og0020,,Tender Notice_PDFs/COXDA_Tender_617410.pdf,1
organization,og0020,part of,organization,og0001,,Tender Notice_PDFs/COXDA_Tender_617410.pdf,1
person,pp0106,invited tender,tender,617410,Member (Engineer),Tender Notice_PDFs/COXDA_Tender_617410.pdf,1
organization,og0020,advertised,tender,617410,,Tender Notice_PDFs/COXDA_Tender_617410.pdf,1
tender,617410,belongs to project,project,pr0068,,Tender Notice_PDFs/COXDA_Tender_617410.pdf,1
organization,og0020,part of,organization,og0020,,Tender Notice_PDFs/COXDA_Tender_617449.pdf,1
organization,og0020,part of,organization,og0001,,Tender Notice_PDFs/COXDA_Tender_617449.pdf,1
person,pp0106,invited tender,tender,617449,Member (Engineer),Tender Notice_PDFs/COXDA_Tender_617449.pdf,1
organization,og0020,advertised,tender,617449,,Tender Notice_PDFs/COXDA_Tender_617449.pdf,1
tender,617449,belongs to project,project,pr0068,,Tender Notice_PDFs/COXDA_Tender_617449.pdf,1
organization,og0020,part of,organization,og0020,,Tender Notice_PDFs/COXDA_Tender_617807.pdf,1
organization,og0020,part of,organization,og0001,,Tender Notice_PDFs/COXDA_Tender_617807.pdf,1
person,pp0106,invited tender,tender,617807,Member (Engineer),Tender Notice_PDFs/COXDA_Tender_617807.pdf,1
organization,og0020,advertised,tender,617807,,Tender Notice_PDFs/COXDA_Tender_617807.pdf,1
tender,617807,belongs to project,project,pr0068,,Tender Notice_PDFs/COXDA_Tender_617807.pdf,1
organization,og0020,part of,organization,og0020,,Tender Notice_PDFs/COXDA_Tender_618898.pdf,1
organization,og0020,part of,organization,og0001,,Tender Notice_PDFs/COXDA_Tender_618898.pdf,1
person,pp0106,invited tender,tender,618898,Member (Engineer),Tender Notice_PDFs/COXDA_Tender_618898.pdf,1
organization,og0020,advertised,tender,618898,,Tender Notice_PDFs/COXDA_Tender_618898.pdf,1
tender,618898,belongs to project,project,pr0068,,Tender Notice_PDFs/COXDA_Tender_618898.pdf,1
organization,og0020,part of,organization,og0020,,Tender Notice_PDFs/COXDA_Tender_643399.pdf,1
organization,og0020,part of,organization,og0001,,Tender Notice_PDFs/COXDA_Tender_643399.pdf,1
person,pp0106,invited tender,tender,643399,Member (Engineer),Tender Notice_PDFs/COXDA_Tender_643399.pdf,1
organization,og0020,advertised,tender,643399,,Tender Notice_PDFs/COXDA_Tender_643399.pdf,1
tender,643399,belongs to project,project,pr0093,,Tender Notice_PDFs/COXDA_Tender_643399.pdf,1
organization,og0020,part of,organization,og0020,,Tender Notice_PDFs/COXDA_Tender_644172.pdf,1
organization,og0020,part of,organization,og0001,,Tender Notice_PDFs/COXDA_Tender_644172.pdf,1
person,pp0106,invited tender,tender,644172,Member (Engineer),Tender Notice_PDFs/COXDA_Tender_644172.pdf,1
organization,og0020,advertised,tender,644172,,Tender Notice_PDFs/COXDA_Tender_644172.pdf,1
tender,644172,belongs to project,project,pr0093,,Tender Notice_PDFs/COXDA_Tender_644172.pdf,1
organization,og0020,part of,organization,og0020,,Tender Notice_PDFs/COXDA_Tender_647467.pdf,1
organization,og0020,part of,organization,og0001,,Tender Notice_PDFs/COXDA_Tender_647467.pdf,1
person,pp0106,invited tender,tender,647467,Member (Engineer),Tender Notice_PDFs/COXDA_Tender_647467.pdf,1
organization,og0020,advertised,tender,647467,,Tender Notice_PDFs/COXDA_Tender_647467.pdf,1
tender,647467,belongs to project,project,pr0068,,Tender Notice_PDFs/COXDA_Tender_647467.pdf,1
organization,og0020,part of,organization,og0020,,Tender Notice_PDFs/COXDA_Tender_653051.pdf,1
organization,og0020,part of,organization,og0001,,Tender Notice_PDFs/COXDA_Tender_653051.pdf,1
person,pp0106,invited tender,tender,653051,Member (Engineer),Tender Notice_PDFs/COXDA_Tender_653051.pdf,1
organization,og0020,advertised,tender,653051,,Tender Notice_PDFs/COXDA_Tender_653051.pdf,1
tender,653051,belongs to project,project,pr0093,,Tender Notice_PDFs/COXDA_Tender_653051.pdf,1
organization,og0020,part of,organization,og0020,,Tender Notice_PDFs/COXDA_Tender_653586.pdf,1
organization,og0020,part of,organization,og0001,,Tender Notice_PDFs/COXDA_Tender_653586.pdf,1
person,pp0106,invited tender,tender,653586,Member (Engineer),Tender Notice_PDFs/COXDA_Tender_653586.pdf,1
organization,og0020,advertised,tender,653586,,Tender Notice_PDFs/COXDA_Tender_653586.pdf,1
tender,653586,belongs to project,project,pr0093,,Tender Notice_PDFs/COXDA_Tender_653586.pdf,1
organization,og0020,part of,organization,og0020,,Tender Notice_PDFs/COXDA_Tender_669151.pdf,1
organization,og0020,part of,organization,og0001,,Tender Notice_PDFs/COXDA_Tender_669151.pdf,1
person,pp0106,invited tender,tender,669151,Member (Engineer),Tender Notice_PDFs/COXDA_Tender_669151.pdf,1
organization,og0020,advertised,tender,669151,,Tender Notice_PDFs/COXDA_Tender_669151.pdf,1
tender,669151,belongs to project,project,pr0093,,Tender Notice_PDFs/COXDA_Tender_669151.pdf,1
organization,og0020,part of,organization,og0020,,Tender Notice_PDFs/COXDA_Tender_681465.pdf,1
organization,og0020,part of,organization,og0001,,Tender Notice_PDFs/COXDA_Tender_681465.pdf,1
person,pp0106,invited tender,tender,681465,Member (Engineer),Tender Notice_PDFs/COXDA_Tender_681465.pdf,1
organization,og0020,advertised,tender,681465,,Tender Notice_PDFs/COXDA_Tender_681465.pdf,1
tender,681465,belongs to project,project,pr0093,,Tender Notice_PDFs/COXDA_Tender_681465.pdf,1
organization,og0020,part of,organization,og0020,,Tender Notice_PDFs/COXDA_Tender_703185.pdf,1
organization,og0020,part of,organization,og0001,,Tender Notice_PDFs/COXDA_Tender_703185.pdf,1
person,pp0106,invited tender,tender,703185,Member (Engineer),Tender Notice_PDFs/COXDA_Tender_703185.pdf,1
organization,og0020,advertised,tender,703185,,Tender Notice_PDFs/COXDA_Tender_703185.pdf,1
tender,703185,belongs to project,project,pr0093,,Tender Notice_PDFs/COXDA_Tender_703185.pdf,1
organization,og0020,part of,organization,og0020,,Tender Notice_PDFs/COXDA_Tender_703186.pdf,1
organization,og0020,part of,organization,og0001,,Tender Notice_PDFs/COXDA_Tender_703186.pdf,1
person,pp0106,invited tender,tender,703186,Member (Engineer),Tender Notice_PDFs/COXDA_Tender_703186.pdf,1
organization,og0020,advertised,tender,703186,,Tender Notice_PDFs/COXDA_Tender_703186.pdf,1
tender,703186,belongs to project,project,pr0093,,Tender Notice_PDFs/COXDA_Tender_703186.pdf,1
organization,og0020,part of,organization,og0020,,Tender Notice_PDFs/COXDA_Tender_733637.pdf,1
organization,og0020,part of,organization,og0001,,Tender Notice_PDFs/COXDA_Tender_733637.pdf,1
person,pp0106,invited tender,tender,733637,Member (Engineer),Tender Notice_PDFs/COXDA_Tender_733637.pdf,1
organization,og0020,advertised,tender,733637,,Tender Notice_PDFs/COXDA_Tender_733637.pdf,1
tender,733637,belongs to project,project,pr0093,,Tender Notice_PDFs/COXDA_Tender_733637.pdf,1
organization,og0020,part of,organization,og0020,,Tender Notice_PDFs/COXDA_Tender_771427.pdf,1
organization,og0020,part of,organization,og0001,,Tender Notice_PDFs/COXDA_Tender_771427.pdf,1
person,pp0106,invited tender,tender,771427,Member (Engineer),Tender Notice_PDFs/COXDA_Tender_771427.pdf,1
organization,og0020,advertised,tender,771427,,Tender Notice_PDFs/COXDA_Tender_771427.pdf,1
tender,771427,belongs to project,project,pr0093,,Tender Notice_PDFs/COXDA_Tender_771427.pdf,1
organization,og0020,part of,organization,og0020,,Tender Notice_PDFs/COXDA_Tender_771464.pdf,1
organization,og0020,part of,organization,og0001,,Tender Notice_PDFs/COXDA_Tender_771464.pdf,1
person,pp0106,invited tender,tender,771464,Member (Engineer),Tender Notice_PDFs/COXDA_Tender_771464.pdf,1
organization,og0020,advertised,tender,771464,,Tender Notice_PDFs/COXDA_Tender_771464.pdf,1
tender,771464,belongs to project,project,pr0093,,Tender Notice_PDFs/COXDA_Tender_771464.pdf,1
organization,og0020,part of,organization,og0020,,Tender Notice_PDFs/COXDA_Tender_781008.pdf,1
organization,og0020,part of,organization,og0001,,Tender Notice_PDFs/COXDA_Tender_781008.pdf,1
person,pp0106,invited tender,tender,781008,Member (Engineer),Tender Notice_PDFs/COXDA_Tender_781008.pdf,1
organization,og0020,advertised,tender,781008,,Tender Notice_PDFs/COXDA_Tender_781008.pdf,1
tender,781008,belongs to project,project,pr0093,,Tender Notice_PDFs/COXDA_Tender_781008.pdf,1
organization,og0020,part of,organization,og0020,,Tender Notice_PDFs/COXDA_Tender_781011.pdf,1
organization,og0020,part of,organization,og0001,,Tender Notice_PDFs/COXDA_Tender_781011.pdf,1
person,pp0106,invited tender,tender,781011,Member (Engineer),Tender Notice_PDFs/COXDA_Tender_781011.pdf,1
organization,og0020,advertised,tender,781011,,Tender Notice_PDFs/COXDA_Tender_781011.pdf,1
tender,781011,belongs to project,project,pr0093,,Tender Notice_PDFs/COXDA_Tender_781011.pdf,1
organization,og0020,part of,organization,og0020,,Tender Notice_PDFs/COXDA_Tender_808075.pdf,1
organization,og0020,part of,organization,og0001,,Tender Notice_PDFs/COXDA_Tender_808075.pdf,1
person,pp0113,invited tender,tender,808075,Member (Engineer),Tender Notice_PDFs/COXDA_Tender_808075.pdf,1
organization,og0020,advertised,tender,808075,,Tender Notice_PDFs/COXDA_Tender_808075.pdf,1
tender,808075,belongs to project,project,pr0093,,Tender Notice_PDFs/COXDA_Tender_808075.pdf,1
organization,og0020,part of,organization,og0020,,Tender Notice_PDFs/COXDA_Tender_808097.pdf,1
organization,og0020,part of,organization,og0001,,Tender Notice_PDFs/COXDA_Tender_808097.pdf,1
person,pp0113,invited tender,tender,808097,Member (Engineer),Tender Notice_PDFs/COXDA_Tender_808097.pdf,1
organization,og0020,advertised,tender,808097,,Tender Notice_PDFs/COXDA_Tender_808097.pdf,1
tender,808097,belongs to project,project,pr0093,,Tender Notice_PDFs/COXDA_Tender_808097.pdf,1
organization,og0020,part of,organization,og0020,,Tender Notice_PDFs/COXDA_Tender_827087.pdf,1
organization,og0020,part of,organization,og0001,,Tender Notice_PDFs/COXDA_Tender_827087.pdf,1
person,pp0113,invited tender,tender,827087,Member (Engineer),Tender Notice_PDFs/COXDA_Tender_827087.pdf,1
organization,og0020,advertised,tender,827087,,Tender Notice_PDFs/COXDA_Tender_827087.pdf,1
tender,827087,belongs to project,project,pr0093,,Tender Notice_PDFs/COXDA_Tender_827087.pdf,1
organization,og0035,part of,organization,og0020,,Tender Notice_PDFs/COXDA_Tender_834339.pdf,1
organization,og0020,part of,organization,og0001,,Tender Notice_PDFs/COXDA_Tender_834339.pdf,1
person,pp0041,invited tender,tender,834339,Deputy Town Planner,Tender Notice_PDFs/COXDA_Tender_834339.pdf,1
organization,og0035,advertised,tender,834339,,Tender Notice_PDFs/COXDA_Tender_834339.pdf,1
tender,834339,belongs to project,project,pr0033,,Tender Notice_PDFs/COXDA_Tender_834339.pdf,1
organization,og0035,part of,organization,og0020,,Tender Notice_PDFs/COXDA_Tender_835443.pdf,1
organization,og0020,part of,organization,og0001,,Tender Notice_PDFs/COXDA_Tender_835443.pdf,1
person,pp0041,invited tender,tender,835443,Deputy Town Planner,Tender Notice_PDFs/COXDA_Tender_835443.pdf,1
organization,og0035,advertised,tender,835443,,Tender Notice_PDFs/COXDA_Tender_835443.pdf,1
tender,835443,belongs to project,project,pr0033,,Tender Notice_PDFs/COXDA_Tender_835443.pdf,1
organization,og0035,part of,organization,og0020,,Tender Notice_PDFs/COXDA_Tender_835607.pdf,1
organization,og0020,part of,organization,og0001,,Tender Notice_PDFs/COXDA_Tender_835607.pdf,1
person,pp0041,invited tender,tender,835607,Deputy Town Planner,Tender Notice_PDFs/COXDA_Tender_835607.pdf,1
organization,og0035,advertised,tender,835607,,Tender Notice_PDFs/COXDA_Tender_835607.pdf,1
tender,835607,belongs to project,project,pr0033,,Tender Notice_PDFs/COXDA_Tender_835607.pdf,1
organization,og0035,part of,organization,og0020,,Tender Notice_PDFs/COXDA_Tender_835662.pdf,1
organization,og0020,part of,organization,og0001,,Tender Notice_PDFs/COXDA_Tender_835662.pdf,1
person,pp0041,invited tender,tender,835662,Deputy Town Planner,Tender Notice_PDFs/COXDA_Tender_835662.pdf,1
organization,og0035,advertised,tender,835662,,Tender Notice_PDFs/COXDA_Tender_835662.pdf,1
tender,835662,belongs to project,project,pr0033,,Tender Notice_PDFs/COXDA_Tender_835662.pdf,1
organization,og0035,part of,organization,og0020,,Tender Notice_PDFs/COXDA_Tender_835847.pdf,1
organization,og0020,part of,organization,og0001,,Tender Notice_PDFs/COXDA_Tender_835847.pdf,1
person,pp0041,invited tender,tender,835847,Deputy Town Planner,Tender Notice_PDFs/COXDA_Tender_835847.pdf,1
organization,og0035,advertised,tender,835847,,Tender Notice_PDFs/COXDA_Tender_835847.pdf,1
tender,835847,belongs to project,project,pr0033,,Tender Notice_PDFs/COXDA_Tender_835847.pdf,1
organization,og0035,part of,organization,og0020,,Tender Notice_PDFs/COXDA_Tender_837643.pdf,1
organization,og0020,part of,organization,og0001,,Tender Notice_PDFs/COXDA_Tender_837643.pdf,1
person,pp0041,invited tender,tender,837643,Deputy Town Planner,Tender Notice_PDFs/COXDA_Tender_837643.pdf,1
organization,og0035,advertised,tender,837643,,Tender Notice_PDFs/COXDA_Tender_837643.pdf,1
tender,837643,belongs to project,project,pr0033,,Tender Notice_PDFs/COXDA_Tender_837643.pdf,1
organization,og0035,part of,organization,og0020,,Tender Notice_PDFs/COXDA_Tender_837644.pdf,1
organization,og0020,part of,organization,og0001,,Tender Notice_PDFs/COXDA_Tender_837644.pdf,1
person,pp0041,invited tender,tender,837644,Deputy Town Planner,Tender Notice_PDFs/COXDA_Tender_837644.pdf,1
organization,og0035,advertised,tender,837644,,Tender Notice_PDFs/COXDA_Tender_837644.pdf,1
tender,837644,belongs to project,project,pr0033,,Tender Notice_PDFs/COXDA_Tender_837644.pdf,1
organization,og0020,part of,organization,og0020,,Tender Notice_PDFs/COXDA_Tender_891971.pdf,1
organization,og0020,part of,organization,og0001,,Tender Notice_PDFs/COXDA_Tender_891971.pdf,1
person,pp0013,invited tender,tender,891971,Member (Engineer),Tender Notice_PDFs/COXDA_Tender_891971.pdf,1
organization,og0020,advertised,tender,891971,,Tender Notice_PDFs/COXDA_Tender_891971.pdf,1
tender,891971,belongs to project,project,pr0093,,Tender Notice_PDFs/COXDA_Tender_891971.pdf,1
organization,og0020,part of,organization,og0020,,Tender Notice_PDFs/COXDA_Tender_916128.pdf,1
organization,og0020,part of,organization,og0001,,Tender Notice_PDFs/COXDA_Tender_916128.pdf,1
person,pp0013,invited tender,tender,916128,Member (Engineer),Tender Notice_PDFs/COXDA_Tender_916128.pdf,1
organization,og0020,advertised,tender,916128,,Tender Notice_PDFs/COXDA_Tender_916128.pdf,1
tender,916128,belongs to project,project,pr0093,,Tender Notice_PDFs/COXDA_Tender_916128.pdf,1
organization,og0020,part of,organization,og0020,,Tender Notice_PDFs/COXDA_Tender_925146.pdf,1
organization,og0020,part of,organization,og0001,,Tender Notice_PDFs/COXDA_Tender_925146.pdf,1
person,pp0013,invited tender,tender,925146,Member (Engineer),Tender Notice_PDFs/COXDA_Tender_925146.pdf,1
organization,og0020,advertised,tender,925146,,Tender Notice_PDFs/COXDA_Tender_925146.pdf,1
tender,925146,belongs to project,project,pr0093,,Tender Notice_PDFs/COXDA_Tender_925146.pdf,1
organization,og0020,part of,organization,og0020,,Tender Notice_PDFs/COXDA_Tender_925988.pdf,1
organization,og0020,part of,organization,og0001,,Tender Notice_PDFs/COXDA_Tender_925988.pdf,1
person,pp0013,invited tender,tender,925988,Member (Engineer),Tender Notice_PDFs/COXDA_Tender_925988.pdf,1
organization,og0020,advertised,tender,925988,,Tender Notice_PDFs/COXDA_Tender_925988.pdf,1
tender,925988,belongs to project,project,pr0093,,Tender Notice_PDFs/COXDA_Tender_925988.pdf,1
organization,og0020,part of,organization,og0020,,Tender Notice_PDFs/COXDA_Tender_935064.pdf,1
organization,og0020,part of,organization,og0001,,Tender Notice_PDFs/COXDA_Tender_935064.pdf,1
person,pp0013,invited tender,tender,935064,Member (Engineer),Tender Notice_PDFs/COXDA_Tender_935064.pdf,1
organization,og0020,advertised,tender,935064,,Tender Notice_PDFs/COXDA_Tender_935064.pdf,1
tender,935064,belongs to project,project,pr0093,,Tender Notice_PDFs/COXDA_Tender_935064.pdf,1
organization,og0020,part of,organization,og0020,,Tender Notice_PDFs/COXDA_Tender_935974.pdf,1
organization,og0020,part of,organization,og0001,,Tender Notice_PDFs/COXDA_Tender_935974.pdf,1
person,pp0013,invited tender,tender,935974,Member (Engineer),Tender Notice_PDFs/COXDA_Tender_935974.pdf,1
organization,og0020,advertised,tender,935974,,Tender Notice_PDFs/COXDA_Tender_935974.pdf,1
tender,935974,belongs to project,project,pr0093,,Tender Notice_PDFs/COXDA_Tender_935974.pdf,1
organization,og0020,part of,organization,og0020,,Tender Notice_PDFs/COXDA_Tender_937128.pdf,1
organization,og0020,part of,organization,og0001,,Tender Notice_PDFs/COXDA_Tender_937128.pdf,1
person,pp0013,invited tender,tender,937128,Member (Engineer),Tender Notice_PDFs/COXDA_Tender_937128.pdf,1
organization,og0020,advertised,tender,937128,,Tender Notice_PDFs/COXDA_Tender_937128.pdf,1
tender,937128,belongs to project,project,pr0093,,Tender Notice_PDFs/COXDA_Tender_937128.pdf,1
organization,og0020,part of,organization,og0020,,Tender Notice_PDFs/COXDA_Tender_949817.pdf,1
organization,og0020,part of,organization,og0001,,Tender Notice_PDFs/COXDA_Tender_949817.pdf,1
person,pp0013,invited tender,tender,949817,Member (Engineer),Tender Notice_PDFs/COXDA_Tender_949817.pdf,1
organization,og0020,advertised,tender,949817,,Tender Notice_PDFs/COXDA_Tender_949817.pdf,1
tender,949817,belongs to project,project,pr0093,,Tender Notice_PDFs/COXDA_Tender_949817.pdf,1
organization,og0020,part of,organization,og0020,,Tender Notice_PDFs/COXDA_Tender_949919.pdf,1
organization,og0020,part of,organization,og0001,,Tender Notice_PDFs/COXDA_Tender_949919.pdf,1
person,pp0013,invited tender,tender,949919,Member (Engineer),Tender Notice_PDFs/COXDA_Tender_949919.pdf,2
organization,og0020,advertised,tender,949919,,Tender Notice_PDFs/COXDA_Tender_949919.pdf,1
tender,949919,belongs to project,project,pr0093,,Tender Notice_PDFs/COXDA_Tender_949919.pdf,1
organization,og0020,part of,organization,og0020,,Tender Notice_PDFs/COXDA_Tender_950811.pdf,1
organization,og0020,part of,organization,og0001,,Tender Notice_PDFs/COXDA_Tender_950811.pdf,1
person,pp0013,invited tender,tender,950811,Member (Engineer),Tender Notice_PDFs/COXDA_Tender_950811.pdf,1
organization,og0020,advertised,tender,950811,,Tender Notice_PDFs/COXDA_Tender_950811.pdf,1
tender,950811,belongs to project,project,pr0093,,Tender Notice_PDFs/COXDA_Tender_950811.pdf,1
organization,og0020,part of,organization,og0020,,Tender Notice_PDFs/COXDA_Tender_951146.pdf,1
organization,og0020,part of,organization,og0001,,Tender Notice_PDFs/COXDA_Tender_951146.pdf,1
person,pp0013,invited tender,tender,951146,Member (Engineer),Tender Notice_PDFs/COXDA_Tender_951146.pdf,1
organization,og0020,advertised,tender,951146,,Tender Notice_PDFs/COXDA_Tender_951146.pdf,1
tender,951146,belongs to project,project,pr0093,,Tender Notice_PDFs/COXDA_Tender_951146.pdf,1
organization,og0020,part of,organization,og0020,,Tender Notice_PDFs/COXDA_Tender_963968.pdf,1
organization,og0020,part of,organization,og0001,,Tender Notice_PDFs/COXDA_Tender_963968.pdf,1
person,pp0013,invited tender,tender,963968,Member (Engineer),Tender Notice_PDFs/COXDA_Tender_963968.pdf,1
organization,og0020,advertised,tender,963968,,Tender Notice_PDFs/COXDA_Tender_963968.pdf,1
tender,963968,belongs to project,project,pr0093,,Tender Notice_PDFs/COXDA_Tender_963968.pdf,1
organization,og0020,part of,organization,og0020,,Tender Notice_PDFs/COXDA_Tender_963987.pdf,1
organization,og0020,part of,organization,og0001,,Tender Notice_PDFs/COXDA_Tender_963987.pdf,1
person,pp0013,invited tender,tender,963987,Member (Engineer),Tender Notice_PDFs/COXDA_Tender_963987.pdf,1
organization,og0020,advertised,tender,963987,,Tender Notice_PDFs/COXDA_Tender_963987.pdf,1
tender,963987,belongs to project,project,pr0093,,Tender Notice_PDFs/COXDA_Tender_963987.pdf,1
organization,og0020,part of,organization,og0020,,Tender Notice_PDFs/COXDA_Tender_966347.pdf,1
organization,og0020,part of,organization,og0001,,Tender Notice_PDFs/COXDA_Tender_966347.pdf,1
person,pp0013,invited tender,tender,966347,Member (Engineer),Tender Notice_PDFs/COXDA_Tender_966347.pdf,1
organization,og0020,advertised,tender,966347,,Tender Notice_PDFs/COXDA_Tender_966347.pdf,1
tender,966347,belongs to project,project,pr0093,,Tender Notice_PDFs/COXDA_Tender_966347.pdf,1
organization,og0034,part of,organization,og0020,,Tender Notice_PDFs/COXDA_Tender_971720.pdf,1
organization,og0020,part of,organization,og0001,,Tender Notice_PDFs/COXDA_Tender_971720.pdf,1
person,pp0122,invited tender,tender,971720,Project Director,Tender Notice_PDFs/COXDA_Tender_971720.pdf,1
organization,og0034,advertised,tender,971720,,Tender Notice_PDFs/COXDA_Tender_971720.pdf,1
tender,971720,belongs to project,project,pr0089,,Tender Notice_PDFs/COXDA_Tender_971720.pdf,1
organization,og0020,part of,organization,og0020,,Tender Notice_PDFs/COXDA_Tender_971832.pdf,1
organization,og0020,part of,organization,og0001,,Tender Notice_PDFs/COXDA_Tender_971832.pdf,1
person,pp0013,invited tender,tender,971832,Member (Engineer),Tender Notice_PDFs/COXDA_Tender_971832.pdf,1
organization,og0020,advertised,tender,971832,,Tender Notice_PDFs/COXDA_Tender_971832.pdf,1
tender,971832,belongs to project,project,pr0093,,Tender Notice_PDFs/COXDA_Tender_971832.pdf,1
organization,og0035,part of,organization,og0020,,Tender Notice_PDFs/COXDA_Tender_975403.pdf,1
organization,og0020,part of,organization,og0001,,Tender Notice_PDFs/COXDA_Tender_975403.pdf,1
person,pp0041,invited tender,tender,975403,Deputy Town Planner,Tender Notice_PDFs/COXDA_Tender_975403.pdf,1
organization,og0035,advertised,tender,975403,,Tender Notice_PDFs/COXDA_Tender_975403.pdf,1
tender,975403,belongs to project,project,pr0033,,Tender Notice_PDFs/COXDA_Tender_975403.pdf,1
organization,og0035,part of,organization,og0020,,Tender Notice_PDFs/COXDA_Tender_976291.pdf,1
organization,og0020,part of,organization,og0001,,Tender Notice_PDFs/COXDA_Tender_976291.pdf,1
person,pp0041,invited tender,tender,976291,Deputy Town Planner,Tender Notice_PDFs/COXDA_Tender_976291.pdf,1
organization,og0035,advertised,tender,976291,,Tender Notice_PDFs/COXDA_Tender_976291.pdf,1
tender,976291,belongs to project,project,pr0033,,Tender Notice_PDFs/COXDA_Tender_976291.pdf,1
organization,og0035,part of,organization,og0020,,Tender Notice_PDFs/COXDA_Tender_976770.pdf,1
organization,og0020,part of,organization,og0001,,Tender Notice_PDFs/COXDA_Tender_976770.pdf,1
person,pp0041,invited tender,tender,976770,Deputy Town Planner,Tender Notice_PDFs/COXDA_Tender_976770.pdf,1
organization,og0035,advertised,tender,976770,,Tender Notice_PDFs/COXDA_Tender_976770.pdf,1
tender,976770,belongs to project,project,pr0033,,Tender Notice_PDFs/COXDA_Tender_976770.pdf,1
organization,og0020,part of,organization,og0020,,Tender Notice_PDFs/COXDA_Tender_978265.pdf,1
organization,og0020,part of,organization,og0001,,Tender Notice_PDFs/COXDA_Tender_978265.pdf,1
person,pp0013,invited tender,tender,978265,Member (Engineer),Tender Notice_PDFs/COXDA_Tender_978265.pdf,1
organization,og0020,advertised,tender,978265,,Tender Notice_PDFs/COXDA_Tender_978265.pdf,1
tender,978265,belongs to project,project,pr0093,,Tender Notice_PDFs/COXDA_Tender_978265.pdf,1
organization,og0041,part of,organization,og0040,,Tender Notice_PDFs/GDA_Tender_1251658.pdf,1
organization,og0040,part of,organization,og0001,,Tender Notice_PDFs/GDA_Tender_1251658.pdf,1
person,pp0073,invited tender,tender,1251658,Chief Engineer,Tender Notice_PDFs/GDA_Tender_1251658.pdf,2
organization,og0041,advertised,tender,1251658,,Tender Notice_PDFs/GDA_Tender_1251658.pdf,1
tender,1251658,belongs to project,project,pr0042,,Tender Notice_PDFs/GDA_Tender_1251658.pdf,1
organization,og0041,part of,organization,og0040,,Tender Notice_PDFs/GDA_Tender_1251756.pdf,1
organization,og0040,part of,organization,og0001,,Tender Notice_PDFs/GDA_Tender_1251756.pdf,1
person,pp0073,invited tender,tender,1251756,Chief Engineer,Tender Notice_PDFs/GDA_Tender_1251756.pdf,2
organization,og0041,advertised,tender,1251756,,Tender Notice_PDFs/GDA_Tender_1251756.pdf,1
tender,1251756,belongs to project,project,pr0042,,Tender Notice_PDFs/GDA_Tender_1251756.pdf,1
organization,og0041,part of,organization,og0040,,Tender Notice_PDFs/GDA_Tender_1251766.pdf,1
organization,og0040,part of,organization,og0001,,Tender Notice_PDFs/GDA_Tender_1251766.pdf,1
person,pp0073,invited tender,tender,1251766,Chief Engineer,Tender Notice_PDFs/GDA_Tender_1251766.pdf,2
organization,og0041,advertised,tender,1251766,,Tender Notice_PDFs/GDA_Tender_1251766.pdf,1
tender,1251766,belongs to project,project,pr0042,,Tender Notice_PDFs/GDA_Tender_1251766.pdf,1
organization,og0042,part of,organization,og0040,,Tender Notice_PDFs/GDA_Tender_1253316.pdf,1
organization,og0040,part of,organization,og0001,,Tender Notice_PDFs/GDA_Tender_1253316.pdf,1
person,pp0076,invited tender,tender,1253316,Member (Planning),Tender Notice_PDFs/GDA_Tender_1253316.pdf,2
organization,og0042,advertised,tender,1253316,,Tender Notice_PDFs/GDA_Tender_1253316.pdf,1
tender,1253316,belongs to project,project,pr0043,,Tender Notice_PDFs/GDA_Tender_1253316.pdf,1
organization,og0042,part of,organization,og0040,,Tender Notice_PDFs/GDA_Tender_1253318.pdf,1
organization,og0040,part of,organization,og0001,,Tender Notice_PDFs/GDA_Tender_1253318.pdf,1
person,pp0076,invited tender,tender,1253318,Member (Planning),Tender Notice_PDFs/GDA_Tender_1253318.pdf,2
organization,og0042,advertised,tender,1253318,,Tender Notice_PDFs/GDA_Tender_1253318.pdf,1
tender,1253318,belongs to project,project,pr0043,,Tender Notice_PDFs/GDA_Tender_1253318.pdf,1
organization,og0042,part of,organization,og0040,,Tender Notice_PDFs/GDA_Tender_1253320.pdf,1
organization,og0040,part of,organization,og0001,,Tender Notice_PDFs/GDA_Tender_1253320.pdf,1
person,pp0076,invited tender,tender,1253320,Member (Planning),Tender Notice_PDFs/GDA_Tender_1253320.pdf,1
organization,og0042,advertised,tender,1253320,,Tender Notice_PDFs/GDA_Tender_1253320.pdf,1
tender,1253320,belongs to project,project,pr0043,,Tender Notice_PDFs/GDA_Tender_1253320.pdf,1
organization,og0043,part of,organization,og0040,,Tender Notice_PDFs/GDA_Tender_1253425.pdf,1
organization,og0040,part of,organization,og0001,,Tender Notice_PDFs/GDA_Tender_1253425.pdf,1
person,pp0076,invited tender,tender,1253425,Member (Administration and Finance),Tender Notice_PDFs/GDA_Tender_1253425.pdf,2
organization,og0043,advertised,tender,1253425,,Tender Notice_PDFs/GDA_Tender_1253425.pdf,1
tender,1253425,belongs to project,project,pr0044,,Tender Notice_PDFs/GDA_Tender_1253425.pdf,1
organization,og0043,part of,organization,og0040,,Tender Notice_PDFs/GDA_Tender_1253427.pdf,1
organization,og0040,part of,organization,og0001,,Tender Notice_PDFs/GDA_Tender_1253427.pdf,1
person,pp0076,invited tender,tender,1253427,Member (Administration and Finance),Tender Notice_PDFs/GDA_Tender_1253427.pdf,1
organization,og0043,advertised,tender,1253427,,Tender Notice_PDFs/GDA_Tender_1253427.pdf,1
tender,1253427,belongs to project,project,pr0044,,Tender Notice_PDFs/GDA_Tender_1253427.pdf,1
organization,og0043,part of,organization,og0040,,Tender Notice_PDFs/GDA_Tender_1253428.pdf,1
organization,og0040,part of,organization,og0001,,Tender Notice_PDFs/GDA_Tender_1253428.pdf,1
person,pp0076,invited tender,tender,1253428,Member (Administration and Finance),Tender Notice_PDFs/GDA_Tender_1253428.pdf,2
organization,og0043,advertised,tender,1253428,,Tender Notice_PDFs/GDA_Tender_1253428.pdf,1
tender,1253428,belongs to project,project,pr0044,,Tender Notice_PDFs/GDA_Tender_1253428.pdf,1
organization,og0044,part of,organization,og0040,,Tender Notice_PDFs/GDA_Tender_1257073.pdf,1
organization,og0040,part of,organization,og0001,,Tender Notice_PDFs/GDA_Tender_1257073.pdf,1
person,pp0079,invited tender,tender,1257073,Secretary,Tender Notice_PDFs/GDA_Tender_1257073.pdf,1
organization,og0044,advertised,tender,1257073,,Tender Notice_PDFs/GDA_Tender_1257073.pdf,1
tender,1257073,belongs to project,project,pr0045,,Tender Notice_PDFs/GDA_Tender_1257073.pdf,1
organization,og0041,part of,organization,og0040,,Tender Notice_PDFs/GDA_Tender_1257174.pdf,1
organization,og0040,part of,organization,og0001,,Tender Notice_PDFs/GDA_Tender_1257174.pdf,1
person,pp0130,invited tender,tender,1257174,,Tender Notice_PDFs/GDA_Tender_1257174.pdf,1
organization,og0041,advertised,tender,1257174,,Tender Notice_PDFs/GDA_Tender_1257174.pdf,1
tender,1257174,belongs to project,project,pr0042,,Tender Notice_PDFs/GDA_Tender_1257174.pdf,1
organization,og0042,part of,organization,og0040,,Tender Notice_PDFs/GDA_Tender_1257398.pdf,1
organization,og0040,part of,organization,og0001,,Tender Notice_PDFs/GDA_Tender_1257398.pdf,1
person,pp0131,invited tender,tender,1257398,,Tender Notice_PDFs/GDA_Tender_1257398.pdf,1
organization,og0042,advertised,tender,1257398,,Tender Notice_PDFs/GDA_Tender_1257398.pdf,1
tender,1257398,belongs to project,project,pr0043,,Tender Notice_PDFs/GDA_Tender_1257398.pdf,1
organization,og0043,part of,organization,og0040,,Tender Notice_PDFs/GDA_Tender_1257431.pdf,1
organization,og0040,part of,organization,og0001,,Tender Notice_PDFs/GDA_Tender_1257431.pdf,1
person,pp0131,invited tender,tender,1257431,,Tender Notice_PDFs/GDA_Tender_1257431.pdf,1
organization,og0043,advertised,tender,1257431,,Tender Notice_PDFs/GDA_Tender_1257431.pdf,1
tender,1257431,belongs to project,project,pr0044,,Tender Notice_PDFs/GDA_Tender_1257431.pdf,1
organization,og0041,part of,organization,og0040,,Tender Notice_PDFs/GDA_Tender_1261854.pdf,1
organization,og0040,part of,organization,og0001,,Tender Notice_PDFs/GDA_Tender_1261854.pdf,1
person,pp0073,invited tender,tender,1261854,Chief Engineer,Tender Notice_PDFs/GDA_Tender_1261854.pdf,2
organization,og0041,advertised,tender,1261854,,Tender Notice_PDFs/GDA_Tender_1261854.pdf,1
tender,1261854,belongs to project,project,pr0042,,Tender Notice_PDFs/GDA_Tender_1261854.pdf,1
organization,og0042,part of,organization,og0040,,Tender Notice_PDFs/GDA_Tender_1261983.pdf,1
organization,og0040,part of,organization,og0001,,Tender Notice_PDFs/GDA_Tender_1261983.pdf,1
person,pp0076,invited tender,tender,1261983,Member (Planning),Tender Notice_PDFs/GDA_Tender_1261983.pdf,2
organization,og0042,advertised,tender,1261983,,Tender Notice_PDFs/GDA_Tender_1261983.pdf,1
tender,1261983,belongs to project,project,pr0043,,Tender Notice_PDFs/GDA_Tender_1261983.pdf,1
organization,og0043,part of,organization,og0040,,Tender Notice_PDFs/GDA_Tender_1262256.pdf,1
organization,og0040,part of,organization,og0001,,Tender Notice_PDFs/GDA_Tender_1262256.pdf,1
person,pp0076,invited tender,tender,1262256,Member (Administration and Finance),Tender Notice_PDFs/GDA_Tender_1262256.pdf,2
organization,og0043,advertised,tender,1262256,,Tender Notice_PDFs/GDA_Tender_1262256.pdf,1
tender,1262256,belongs to project,project,pr0044,,Tender Notice_PDFs/GDA_Tender_1262256.pdf,1
organization,og0044,part of,organization,og0040,,Tender Notice_PDFs/GDA_Tender_1288890.pdf,1
organization,og0040,part of,organization,og0001,,Tender Notice_PDFs/GDA_Tender_1288890.pdf,1
person,pp0079,invited tender,tender,1288890,Secretary,Tender Notice_PDFs/GDA_Tender_1288890.pdf,2
organization,og0044,advertised,tender,1288890,,Tender Notice_PDFs/GDA_Tender_1288890.pdf,1
tender,1288890,belongs to project,project,pr0093,,Tender Notice_PDFs/GDA_Tender_1288890.pdf,1
organization,og0044,part of,organization,og0040,,Tender Notice_PDFs/GDA_Tender_1290616.pdf,1
organization,og0040,part of,organization,og0001,,Tender Notice_PDFs/GDA_Tender_1290616.pdf,1
person,pp0079,invited tender,tender,1290616,Secretary,Tender Notice_PDFs/GDA_Tender_1290616.pdf,2
organization,og0044,advertised,tender,1290616,,Tender Notice_PDFs/GDA_Tender_1290616.pdf,1
tender,1290616,belongs to project,project,pr0093,,Tender Notice_PDFs/GDA_Tender_1290616.pdf,1
organization,og0044,part of,organization,og0040,,Tender Notice_PDFs/GDA_Tender_1306351.pdf,1
organization,og0040,part of,organization,og0001,,Tender Notice_PDFs/GDA_Tender_1306351.pdf,1
person,pp0079,invited tender,tender,1306351,Secretary,Tender Notice_PDFs/GDA_Tender_1306351.pdf,2
organization,og0044,advertised,tender,1306351,,Tender Notice_PDFs/GDA_Tender_1306351.pdf,1
tender,1306351,belongs to project,project,pr0093,,Tender Notice_PDFs/GDA_Tender_1306351.pdf,1
organization,og0044,part of,organization,og0040,,Tender Notice_PDFs/GDA_Tender_1306354.pdf,1
organization,og0040,part of,organization,og0001,,Tender Notice_PDFs/GDA_Tender_1306354.pdf,1
person,pp0079,invited tender,tender,1306354,Secretary,Tender Notice_PDFs/GDA_Tender_1306354.pdf,1
organization,og0044,advertised,tender,1306354,,Tender Notice_PDFs/GDA_Tender_1306354.pdf,1
tender,1306354,belongs to project,project,pr0093,,Tender Notice_PDFs/GDA_Tender_1306354.pdf,1
organization,og0102,part of,organization,og0016,,Tender Notice_PDFs/KDA_Tender_1007160.pdf,1
organization,og0016,part of,organization,og0001,,Tender Notice_PDFs/KDA_Tender_1007160.pdf,1
person,pp0012,invited tender,tender,1007160,Project Director,Tender Notice_PDFs/KDA_Tender_1007160.pdf,2
organization,og0102,advertised,tender,1007160,,Tender Notice_PDFs/KDA_Tender_1007160.pdf,1
tender,1007160,belongs to project,project,pr0093,,Tender Notice_PDFs/KDA_Tender_1007160.pdf,1
organization,og0017,part of,organization,og0016,,Tender Notice_PDFs/KDA_Tender_1009276.pdf,1
organization,og0016,part of,organization,og0001,,Tender Notice_PDFs/KDA_Tender_1009276.pdf,1
person,pp0011,invited tender,tender,1009276,Assistant Programmer,Tender Notice_PDFs/KDA_Tender_1009276.pdf,1
organization,og0017,advertised,tender,1009276,,Tender Notice_PDFs/KDA_Tender_1009276.pdf,1
tender,1009276,belongs to project,project,pr0093,,Tender Notice_PDFs/KDA_Tender_1009276.pdf,1
organization,og0018,part of,organization,og0016,,Tender Notice_PDFs/KDA_Tender_1010247.pdf,1
organization,og0016,part of,organization,og0001,,Tender Notice_PDFs/KDA_Tender_1010247.pdf,1
person,pp0012,invited tender,tender,1010247,Executive Engineer (M),Tender Notice_PDFs/KDA_Tender_1010247.pdf,1
organization,og0018,advertised,tender,1010247,,Tender Notice_PDFs/KDA_Tender_1010247.pdf,1
tender,1010247,belongs to project,project,pr0093,,Tender Notice_PDFs/KDA_Tender_1010247.pdf,1
organization,og0018,part of,organization,og0016,,Tender Notice_PDFs/KDA_Tender_1013009.pdf,1
organization,og0016,part of,organization,og0001,,Tender Notice_PDFs/KDA_Tender_1013009.pdf,1
person,pp0012,invited tender,tender,1013009,Executive Engineer (M),Tender Notice_PDFs/KDA_Tender_1013009.pdf,1
organization,og0018,advertised,tender,1013009,,Tender Notice_PDFs/KDA_Tender_1013009.pdf,1
tender,1013009,belongs to project,project,pr0093,,Tender Notice_PDFs/KDA_Tender_1013009.pdf,1
organization,og0102,part of,organization,og0016,,Tender Notice_PDFs/KDA_Tender_1020481.pdf,1
organization,og0016,part of,organization,og0001,,Tender Notice_PDFs/KDA_Tender_1020481.pdf,1
person,pp0012,invited tender,tender,1020481,Project Director,Tender Notice_PDFs/KDA_Tender_1020481.pdf,2
organization,og0102,advertised,tender,1020481,,Tender Notice_PDFs/KDA_Tender_1020481.pdf,1
tender,1020481,belongs to project,project,pr0093,,Tender Notice_PDFs/KDA_Tender_1020481.pdf,1
organization,og0022,part of,organization,og0016,,Tender Notice_PDFs/KDA_Tender_1037582.pdf,1
organization,og0016,part of,organization,og0001,,Tender Notice_PDFs/KDA_Tender_1037582.pdf,1
person,pp0014,invited tender,tender,1037582,Project Director,Tender Notice_PDFs/KDA_Tender_1037582.pdf,2
organization,og0022,advertised,tender,1037582,,Tender Notice_PDFs/KDA_Tender_1037582.pdf,1
tender,1037582,belongs to project,project,pr0093,,Tender Notice_PDFs/KDA_Tender_1037582.pdf,1
organization,og0017,part of,organization,og0016,,Tender Notice_PDFs/KDA_Tender_1072723.pdf,1
organization,og0016,part of,organization,og0001,,Tender Notice_PDFs/KDA_Tender_1072723.pdf,1
person,pp0011,invited tender,tender,1072723,Assistant Programmer,Tender Notice_PDFs/KDA_Tender_1072723.pdf,1
organization,og0017,advertised,tender,1072723,,Tender Notice_PDFs/KDA_Tender_1072723.pdf,1
tender,1072723,belongs to project,project,pr0093,,Tender Notice_PDFs/KDA_Tender_1072723.pdf,1
organization,og0018,part of,organization,og0016,,Tender Notice_PDFs/KDA_Tender_1076521.pdf,1
organization,og0016,part of,organization,og0001,,Tender Notice_PDFs/KDA_Tender_1076521.pdf,1
person,pp0012,invited tender,tender,1076521,Executive Engineer (M),Tender Notice_PDFs/KDA_Tender_1076521.pdf,1
organization,og0018,advertised,tender,1076521,,Tender Notice_PDFs/KDA_Tender_1076521.pdf,1
tender,1076521,belongs to project,project,pr0093,,Tender Notice_PDFs/KDA_Tender_1076521.pdf,1
organization,og0058,part of,organization,og0016,,Tender Notice_PDFs/KDA_Tender_1132951.pdf,1
organization,og0016,part of,organization,og0001,,Tender Notice_PDFs/KDA_Tender_1132951.pdf,1
person,pp0112,invited tender,tender,1132951,Planning Officer,Tender Notice_PDFs/KDA_Tender_1132951.pdf,1
organization,og0058,advertised,tender,1132951,,Tender Notice_PDFs/KDA_Tender_1132951.pdf,1
tender,1132951,belongs to project,project,pr0093,,Tender Notice_PDFs/KDA_Tender_1132951.pdf,1
organization,og0067,part of,organization,og0016,,Tender Notice_PDFs/KDA_Tender_1142890.pdf,1
organization,og0016,part of,organization,og0001,,Tender Notice_PDFs/KDA_Tender_1142890.pdf,1
person,pp0102,invited tender,tender,1142890,Project Director,Tender Notice_PDFs/KDA_Tender_1142890.pdf,1
organization,og0067,advertised,tender,1142890,,Tender Notice_PDFs/KDA_Tender_1142890.pdf,1
tender,1142890,belongs to project,project,pr0073,,Tender Notice_PDFs/KDA_Tender_1142890.pdf,1
organization,og0074,part of,organization,og0016,,Tender Notice_PDFs/KDA_Tender_1146762.pdf,1
organization,og0016,part of,organization,og0001,,Tender Notice_PDFs/KDA_Tender_1146762.pdf,1
person,pp0115,invited tender,tender,1146762,Superintending Engineer,Tender Notice_PDFs/KDA_Tender_1146762.pdf,2
organization,og0074,advertised,tender,1146762,,Tender Notice_PDFs/KDA_Tender_1146762.pdf,1
tender,1146762,belongs to project,project,pr0093,,Tender Notice_PDFs/KDA_Tender_1146762.pdf,1
organization,og0058,part of,organization,og0016,,Tender Notice_PDFs/KDA_Tender_1173472.pdf,1
organization,og0016,part of,organization,og0001,,Tender Notice_PDFs/KDA_Tender_1173472.pdf,1
person,pp0112,invited tender,tender,1173472,Planning Officer,Tender Notice_PDFs/KDA_Tender_1173472.pdf,1
organization,og0058,advertised,tender,1173472,,Tender Notice_PDFs/KDA_Tender_1173472.pdf,1
tender,1173472,belongs to project,project,pr0093,,Tender Notice_PDFs/KDA_Tender_1173472.pdf,1
organization,og0074,part of,organization,og0016,,Tender Notice_PDFs/KDA_Tender_1229751.pdf,1
organization,og0016,part of,organization,og0001,,Tender Notice_PDFs/KDA_Tender_1229751.pdf,1
person,pp0115,invited tender,tender,1229751,Superintending Engineer,Tender Notice_PDFs/KDA_Tender_1229751.pdf,1
organization,og0074,advertised,tender,1229751,,Tender Notice_PDFs/KDA_Tender_1229751.pdf,1
tender,1229751,belongs to project,project,pr0093,,Tender Notice_PDFs/KDA_Tender_1229751.pdf,1
organization,og0039,part of,organization,og0016,,Tender Notice_PDFs/KDA_Tender_124055.pdf,1
organization,og0016,part of,organization,og0001,,Tender Notice_PDFs/KDA_Tender_124055.pdf,1
person,pp0072,invited tender,tender,124055,Project Director,Tender Notice_PDFs/KDA_Tender_124055.pdf,1
organization,og0039,advertised,tender,124055,,Tender Notice_PDFs/KDA_Tender_124055.pdf,1
tender,124055,belongs to project,project,pr0040,,Tender Notice_PDFs/KDA_Tender_124055.pdf,1
organization,og0067,part of,organization,og0016,,Tender Notice_PDFs/KDA_Tender_1265434.pdf,1
organization,og0016,part of,organization,og0001,,Tender Notice_PDFs/KDA_Tender_1265434.pdf,1
person,pp0102,invited tender,tender,1265434,Project Director,Tender Notice_PDFs/KDA_Tender_1265434.pdf,1
organization,og0067,advertised,tender,1265434,,Tender Notice_PDFs/KDA_Tender_1265434.pdf,1
tender,1265434,belongs to project,project,pr0073,,Tender Notice_PDFs/KDA_Tender_1265434.pdf,1
organization,og0045,part of,organization,og0016,,Tender Notice_PDFs/KDA_Tender_149365.pdf,1
organization,og0016,part of,organization,og0001,,Tender Notice_PDFs/KDA_Tender_149365.pdf,1
person,pp0085,invited tender,tender,149365,Chief Engineer,Tender Notice_PDFs/KDA_Tender_149365.pdf,1
organization,og0045,advertised,tender,149365,,Tender Notice_PDFs/KDA_Tender_149365.pdf,1
tender,149365,belongs to project,project,pr0093,,Tender Notice_PDFs/KDA_Tender_149365.pdf,1
organization,og0017,part of,organization,og0016,,Tender Notice_PDFs/KDA_Tender_179865.pdf,1
organization,og0016,part of,organization,og0001,,Tender Notice_PDFs/KDA_Tender_179865.pdf,1
person,pp0090,invited tender,tender,179865,Assistant Programmer,Tender Notice_PDFs/KDA_Tender_179865.pdf,1
organization,og0017,advertised,tender,179865,,Tender Notice_PDFs/KDA_Tender_179865.pdf,1
tender,179865,belongs to project,project,pr0093,,Tender Notice_PDFs/KDA_Tender_179865.pdf,1
organization,og0017,part of,organization,og0016,,Tender Notice_PDFs/KDA_Tender_179866.pdf,1
organization,og0016,part of,organization,og0001,,Tender Notice_PDFs/KDA_Tender_179866.pdf,1
person,pp0090,invited tender,tender,179866,Assistant Programmer,Tender Notice_PDFs/KDA_Tender_179866.pdf,1
organization,og0017,advertised,tender,179866,,Tender Notice_PDFs/KDA_Tender_179866.pdf,1
tender,179866,belongs to project,project,pr0093,,Tender Notice_PDFs/KDA_Tender_179866.pdf,1
organization,og0017,part of,organization,og0016,,Tender Notice_PDFs/KDA_Tender_262818.pdf,1
organization,og0016,part of,organization,og0001,,Tender Notice_PDFs/KDA_Tender_262818.pdf,1
person,pp0090,invited tender,tender,262818,Assistant Programmer,Tender Notice_PDFs/KDA_Tender_262818.pdf,1
organization,og0017,advertised,tender,262818,,Tender Notice_PDFs/KDA_Tender_262818.pdf,1
tender,262818,belongs to project,project,pr0093,,Tender Notice_PDFs/KDA_Tender_262818.pdf,1
organization,og0017,part of,organization,og0016,,Tender Notice_PDFs/KDA_Tender_276885.pdf,1
organization,og0016,part of,organization,og0001,,Tender Notice_PDFs/KDA_Tender_276885.pdf,1
person,pp0090,invited tender,tender,276885,Assistant Programmer,Tender Notice_PDFs/KDA_Tender_276885.pdf,1
organization,og0017,advertised,tender,276885,,Tender Notice_PDFs/KDA_Tender_276885.pdf,1
tender,276885,belongs to project,project,pr0093,,Tender Notice_PDFs/KDA_Tender_276885.pdf,1
organization,og0045,part of,organization,og0016,,Tender Notice_PDFs/KDA_Tender_277364.pdf,1
organization,og0016,part of,organization,og0001,,Tender Notice_PDFs/KDA_Tender_277364.pdf,1
person,pp0085,invited tender,tender,277364,Chief Engineer,Tender Notice_PDFs/KDA_Tender_277364.pdf,1
organization,og0045,advertised,tender,277364,,Tender Notice_PDFs/KDA_Tender_277364.pdf,1
tender,277364,belongs to project,project,pr0058,,Tender Notice_PDFs/KDA_Tender_277364.pdf,1
organization,og0045,part of,organization,og0016,,Tender Notice_PDFs/KDA_Tender_277365.pdf,1
organization,og0016,part of,organization,og0001,,Tender Notice_PDFs/KDA_Tender_277365.pdf,1
person,pp0085,invited tender,tender,277365,Chief Engineer,Tender Notice_PDFs/KDA_Tender_277365.pdf,1
organization,og0045,advertised,tender,277365,,Tender Notice_PDFs/KDA_Tender_277365.pdf,1
tender,277365,belongs to project,project,pr0058,,Tender Notice_PDFs/KDA_Tender_277365.pdf,1
organization,og0045,part of,organization,og0016,,Tender Notice_PDFs/KDA_Tender_277366.pdf,1
organization,og0016,part of,organization,og0001,,Tender Notice_PDFs/KDA_Tender_277366.pdf,1
person,pp0085,invited tender,tender,277366,Chief Engineer,Tender Notice_PDFs/KDA_Tender_277366.pdf,1
organization,og0045,advertised,tender,277366,,Tender Notice_PDFs/KDA_Tender_277366.pdf,1
tender,277366,belongs to project,project,pr0058,,Tender Notice_PDFs/KDA_Tender_277366.pdf,1
organization,og0045,part of,organization,og0016,,Tender Notice_PDFs/KDA_Tender_277367.pdf,1
organization,og0016,part of,organization,og0001,,Tender Notice_PDFs/KDA_Tender_277367.pdf,1
person,pp0085,invited tender,tender,277367,Chief Engineer,Tender Notice_PDFs/KDA_Tender_277367.pdf,1
organization,og0045,advertised,tender,277367,,Tender Notice_PDFs/KDA_Tender_277367.pdf,1
tender,277367,belongs to project,project,pr0058,,Tender Notice_PDFs/KDA_Tender_277367.pdf,1
organization,og0045,part of,organization,og0016,,Tender Notice_PDFs/KDA_Tender_277368.pdf,1
organization,og0016,part of,organization,og0001,,Tender Notice_PDFs/KDA_Tender_277368.pdf,1
person,pp0085,invited tender,tender,277368,Chief Engineer,Tender Notice_PDFs/KDA_Tender_277368.pdf,1
organization,og0045,advertised,tender,277368,,Tender Notice_PDFs/KDA_Tender_277368.pdf,1
tender,277368,belongs to project,project,pr0058,,Tender Notice_PDFs/KDA_Tender_277368.pdf,1
organization,og0045,part of,organization,og0016,,Tender Notice_PDFs/KDA_Tender_277369.pdf,1
organization,og0016,part of,organization,og0001,,Tender Notice_PDFs/KDA_Tender_277369.pdf,1
person,pp0085,invited tender,tender,277369,Chief Engineer,Tender Notice_PDFs/KDA_Tender_277369.pdf,1
organization,og0045,advertised,tender,277369,,Tender Notice_PDFs/KDA_Tender_277369.pdf,1
tender,277369,belongs to project,project,pr0058,,Tender Notice_PDFs/KDA_Tender_277369.pdf,1
organization,og0045,part of,organization,og0016,,Tender Notice_PDFs/KDA_Tender_292378.pdf,1
organization,og0016,part of,organization,og0001,,Tender Notice_PDFs/KDA_Tender_292378.pdf,1
person,pp0085,invited tender,tender,292378,Chief Engineer,Tender Notice_PDFs/KDA_Tender_292378.pdf,1
organization,og0045,advertised,tender,292378,,Tender Notice_PDFs/KDA_Tender_292378.pdf,1
tender,292378,belongs to project,project,pr0058,,Tender Notice_PDFs/KDA_Tender_292378.pdf,1
organization,og0045,part of,organization,og0016,,Tender Notice_PDFs/KDA_Tender_292379.pdf,1
organization,og0016,part of,organization,og0001,,Tender Notice_PDFs/KDA_Tender_292379.pdf,1
person,pp0085,invited tender,tender,292379,Chief Engineer,Tender Notice_PDFs/KDA_Tender_292379.pdf,1
organization,og0045,advertised,tender,292379,,Tender Notice_PDFs/KDA_Tender_292379.pdf,1
tender,292379,belongs to project,project,pr0058,,Tender Notice_PDFs/KDA_Tender_292379.pdf,1
organization,og0058,part of,organization,og0016,,Tender Notice_PDFs/KDA_Tender_302667.pdf,1
organization,og0016,part of,organization,og0001,,Tender Notice_PDFs/KDA_Tender_302667.pdf,1
person,pp0095,invited tender,tender,302667,Planning Officer,Tender Notice_PDFs/KDA_Tender_302667.pdf,1
organization,og0058,advertised,tender,302667,,Tender Notice_PDFs/KDA_Tender_302667.pdf,1
tender,302667,belongs to project,project,pr0093,,Tender Notice_PDFs/KDA_Tender_302667.pdf,1
organization,og0058,part of,organization,og0016,,Tender Notice_PDFs/KDA_Tender_317182.pdf,1
organization,og0016,part of,organization,og0001,,Tender Notice_PDFs/KDA_Tender_317182.pdf,1
person,pp0095,invited tender,tender,317182,Planning Officer,Tender Notice_PDFs/KDA_Tender_317182.pdf,1
organization,og0058,advertised,tender,317182,,Tender Notice_PDFs/KDA_Tender_317182.pdf,1
tender,317182,belongs to project,project,pr0064,,Tender Notice_PDFs/KDA_Tender_317182.pdf,1
organization,og0058,part of,organization,og0016,,Tender Notice_PDFs/KDA_Tender_317767.pdf,1
organization,og0016,part of,organization,og0001,,Tender Notice_PDFs/KDA_Tender_317767.pdf,1
person,pp0095,invited tender,tender,317767,Planning Officer,Tender Notice_PDFs/KDA_Tender_317767.pdf,1
organization,og0058,advertised,tender,317767,,Tender Notice_PDFs/KDA_Tender_317767.pdf,1
tender,317767,belongs to project,project,pr0064,,Tender Notice_PDFs/KDA_Tender_317767.pdf,1
organization,og0058,part of,organization,og0016,,Tender Notice_PDFs/KDA_Tender_317768.pdf,1
organization,og0016,part of,organization,og0001,,Tender Notice_PDFs/KDA_Tender_317768.pdf,1
person,pp0095,invited tender,tender,317768,Planning Officer,Tender Notice_PDFs/KDA_Tender_317768.pdf,1
organization,og0058,advertised,tender,317768,,Tender Notice_PDFs/KDA_Tender_317768.pdf,1
tender,317768,belongs to project,project,pr0064,,Tender Notice_PDFs/KDA_Tender_317768.pdf,1
organization,og0045,part of,organization,og0016,,Tender Notice_PDFs/KDA_Tender_326787.pdf,1
organization,og0016,part of,organization,og0001,,Tender Notice_PDFs/KDA_Tender_326787.pdf,1
person,pp0085,invited tender,tender,326787,Chief Engineer,Tender Notice_PDFs/KDA_Tender_326787.pdf,1
organization,og0045,advertised,tender,326787,,Tender Notice_PDFs/KDA_Tender_326787.pdf,1
tender,326787,belongs to project,project,pr0058,,Tender Notice_PDFs/KDA_Tender_326787.pdf,1
organization,og0045,part of,organization,og0016,,Tender Notice_PDFs/KDA_Tender_326788.pdf,1
organization,og0016,part of,organization,og0001,,Tender Notice_PDFs/KDA_Tender_326788.pdf,1
person,pp0085,invited tender,tender,326788,Chief Engineer,Tender Notice_PDFs/KDA_Tender_326788.pdf,1
organization,og0045,advertised,tender,326788,,Tender Notice_PDFs/KDA_Tender_326788.pdf,1
tender,326788,belongs to project,project,pr0058,,Tender Notice_PDFs/KDA_Tender_326788.pdf,1
organization,og0045,part of,organization,og0016,,Tender Notice_PDFs/KDA_Tender_366041.pdf,1
organization,og0016,part of,organization,og0001,,Tender Notice_PDFs/KDA_Tender_366041.pdf,1
person,pp0085,invited tender,tender,366041,Chief Engineer,Tender Notice_PDFs/KDA_Tender_366041.pdf,1
organization,og0045,advertised,tender,366041,,Tender Notice_PDFs/KDA_Tender_366041.pdf,1
tender,366041,belongs to project,project,pr0058,,Tender Notice_PDFs/KDA_Tender_366041.pdf,1
organization,og0045,part of,organization,og0016,,Tender Notice_PDFs/KDA_Tender_366087.pdf,1
organization,og0016,part of,organization,og0001,,Tender Notice_PDFs/KDA_Tender_366087.pdf,1
person,pp0085,invited tender,tender,366087,Chief Engineer,Tender Notice_PDFs/KDA_Tender_366087.pdf,1
organization,og0045,advertised,tender,366087,,Tender Notice_PDFs/KDA_Tender_366087.pdf,1
tender,366087,belongs to project,project,pr0058,,Tender Notice_PDFs/KDA_Tender_366087.pdf,1
organization,og0017,part of,organization,og0016,,Tender Notice_PDFs/KDA_Tender_448675.pdf,1
organization,og0016,part of,organization,og0001,,Tender Notice_PDFs/KDA_Tender_448675.pdf,1
person,pp0056,invited tender,tender,448675,Assistant Programmer,Tender Notice_PDFs/KDA_Tender_448675.pdf,1
organization,og0017,advertised,tender,448675,,Tender Notice_PDFs/KDA_Tender_448675.pdf,1
tender,448675,belongs to project,project,pr0093,,Tender Notice_PDFs/KDA_Tender_448675.pdf,1
organization,og0064,part of,organization,og0016,,Tender Notice_PDFs/KDA_Tender_459665.pdf,1
organization,og0016,part of,organization,og0001,,Tender Notice_PDFs/KDA_Tender_459665.pdf,1
person,pp0102,invited tender,tender,459665,Executive Engineer (Works),Tender Notice_PDFs/KDA_Tender_459665.pdf,1
organization,og0064,advertised,tender,459665,,Tender Notice_PDFs/KDA_Tender_459665.pdf,1
tender,459665,belongs to project,project,pr0093,,Tender Notice_PDFs/KDA_Tender_459665.pdf,1
organization,og0067,part of,organization,og0016,,Tender Notice_PDFs/KDA_Tender_502973.pdf,1
organization,og0016,part of,organization,og0001,,Tender Notice_PDFs/KDA_Tender_502973.pdf,1
person,pp0102,invited tender,tender,502973,Project Director,Tender Notice_PDFs/KDA_Tender_502973.pdf,1
organization,og0067,advertised,tender,502973,,Tender Notice_PDFs/KDA_Tender_502973.pdf,1
tender,502973,belongs to project,project,pr0073,,Tender Notice_PDFs/KDA_Tender_502973.pdf,1
organization,og0017,part of,organization,og0016,,Tender Notice_PDFs/KDA_Tender_524780.pdf,1
organization,og0016,part of,organization,og0001,,Tender Notice_PDFs/KDA_Tender_524780.pdf,1
person,pp0056,invited tender,tender,524780,Assistant Programmer,Tender Notice_PDFs/KDA_Tender_524780.pdf,1
organization,og0017,advertised,tender,524780,,Tender Notice_PDFs/KDA_Tender_524780.pdf,1
tender,524780,belongs to project,project,pr0093,,Tender Notice_PDFs/KDA_Tender_524780.pdf,1
organization,og0017,part of,organization,og0016,,Tender Notice_PDFs/KDA_Tender_561734.pdf,1
organization,og0016,part of,organization,og0001,,Tender Notice_PDFs/KDA_Tender_561734.pdf,1
person,pp0107,invited tender,tender,561734,Assistant Programmer,Tender Notice_PDFs/KDA_Tender_561734.pdf,1
organization,og0017,advertised,tender,561734,,Tender Notice_PDFs/KDA_Tender_561734.pdf,1
tender,561734,belongs to project,project,pr0093,,Tender Notice_PDFs/KDA_Tender_561734.pdf,1
organization,og0067,part of,organization,og0016,,Tender Notice_PDFs/KDA_Tender_581310.pdf,1
organization,og0016,part of,organization,og0001,,Tender Notice_PDFs/KDA_Tender_581310.pdf,1
person,pp0102,invited tender,tender,581310,Project Director,Tender Notice_PDFs/KDA_Tender_581310.pdf,1
organization,og0067,advertised,tender,581310,,Tender Notice_PDFs/KDA_Tender_581310.pdf,1
tender,581310,belongs to project,project,pr0073,,Tender Notice_PDFs/KDA_Tender_581310.pdf,1
organization,og0018,part of,organization,og0016,,Tender Notice_PDFs/KDA_Tender_688763.pdf,1
organization,og0016,part of,organization,og0001,,Tender Notice_PDFs/KDA_Tender_688763.pdf,1
person,pp0012,invited tender,tender,688763,Executive Engineer (M),Tender Notice_PDFs/KDA_Tender_688763.pdf,2
organization,og0018,advertised,tender,688763,,Tender Notice_PDFs/KDA_Tender_688763.pdf,1
tender,688763,belongs to project,project,pr0093,,Tender Notice_PDFs/KDA_Tender_688763.pdf,1
organization,og0018,part of,organization,og0016,,Tender Notice_PDFs/KDA_Tender_688794.pdf,1
organization,og0016,part of,organization,og0001,,Tender Notice_PDFs/KDA_Tender_688794.pdf,1
person,pp0012,invited tender,tender,688794,Executive Engineer (M),Tender Notice_PDFs/KDA_Tender_688794.pdf,2
organization,og0018,advertised,tender,688794,,Tender Notice_PDFs/KDA_Tender_688794.pdf,1
tender,688794,belongs to project,project,pr0093,,Tender Notice_PDFs/KDA_Tender_688794.pdf,1
organization,og0058,part of,organization,og0016,,Tender Notice_PDFs/KDA_Tender_695670.pdf,1
organization,og0016,part of,organization,og0001,,Tender Notice_PDFs/KDA_Tender_695670.pdf,1
person,pp0112,invited tender,tender,695670,Planning Officer,Tender Notice_PDFs/KDA_Tender_695670.pdf,1
organization,og0058,advertised,tender,695670,,Tender Notice_PDFs/KDA_Tender_695670.pdf,1
tender,695670,belongs to project,project,pr0093,,Tender Notice_PDFs/KDA_Tender_695670.pdf,1
organization,og0017,part of,organization,og0016,,Tender Notice_PDFs/KDA_Tender_699961.pdf,1
organization,og0016,part of,organization,og0001,,Tender Notice_PDFs/KDA_Tender_699961.pdf,1
person,pp0011,invited tender,tender,699961,Assistant Programmer,Tender Notice_PDFs/KDA_Tender_699961.pdf,1
organization,og0017,advertised,tender,699961,,Tender Notice_PDFs/KDA_Tender_699961.pdf,1
tender,699961,belongs to project,project,pr0093,,Tender Notice_PDFs/KDA_Tender_699961.pdf,1
organization,og0018,part of,organization,og0016,,Tender Notice_PDFs/KDA_Tender_728690.pdf,1
organization,og0016,part of,organization,og0001,,Tender Notice_PDFs/KDA_Tender_728690.pdf,1
person,pp0012,invited tender,tender,728690,Executive Engineer (M),Tender Notice_PDFs/KDA_Tender_728690.pdf,1
organization,og0018,advertised,tender,728690,,Tender Notice_PDFs/KDA_Tender_728690.pdf,1
tender,728690,belongs to project,project,pr0093,,Tender Notice_PDFs/KDA_Tender_728690.pdf,1
organization,og0018,part of,organization,og0016,,Tender Notice_PDFs/KDA_Tender_728691.pdf,1
organization,og0016,part of,organization,og0001,,Tender Notice_PDFs/KDA_Tender_728691.pdf,1
person,pp0012,invited tender,tender,728691,Executive Engineer (M),Tender Notice_PDFs/KDA_Tender_728691.pdf,1
organization,og0018,advertised,tender,728691,,Tender Notice_PDFs/KDA_Tender_728691.pdf,1
tender,728691,belongs to project,project,pr0093,,Tender Notice_PDFs/KDA_Tender_728691.pdf,1
organization,og0018,part of,organization,og0016,,Tender Notice_PDFs/KDA_Tender_728692.pdf,1
organization,og0016,part of,organization,og0001,,Tender Notice_PDFs/KDA_Tender_728692.pdf,1
person,pp0012,invited tender,tender,728692,Executive Engineer (M),Tender Notice_PDFs/KDA_Tender_728692.pdf,1
organization,og0018,advertised,tender,728692,,Tender Notice_PDFs/KDA_Tender_728692.pdf,1
tender,728692,belongs to project,project,pr0093,,Tender Notice_PDFs/KDA_Tender_728692.pdf,1
organization,og0074,part of,organization,og0016,,Tender Notice_PDFs/KDA_Tender_783087.pdf,1
organization,og0016,part of,organization,og0001,,Tender Notice_PDFs/KDA_Tender_783087.pdf,1
person,pp0115,invited tender,tender,783087,Superintending Engineer,Tender Notice_PDFs/KDA_Tender_783087.pdf,2
organization,og0074,advertised,tender,783087,,Tender Notice_PDFs/KDA_Tender_783087.pdf,1
tender,783087,belongs to project,project,pr0093,,Tender Notice_PDFs/KDA_Tender_783087.pdf,1
organization,og0022,part of,organization,og0016,,Tender Notice_PDFs/KDA_Tender_867256.pdf,1
organization,og0016,part of,organization,og0001,,Tender Notice_PDFs/KDA_Tender_867256.pdf,1
person,pp0014,invited tender,tender,867256,Project Director,Tender Notice_PDFs/KDA_Tender_867256.pdf,1
organization,og0022,advertised,tender,867256,,Tender Notice_PDFs/KDA_Tender_867256.pdf,1
tender,867256,belongs to project,project,pr0093,,Tender Notice_PDFs/KDA_Tender_867256.pdf,1
organization,og0075,part of,organization,og0016,,Tender Notice_PDFs/KDA_Tender_868640.pdf,1
organization,og0016,part of,organization,og0001,,Tender Notice_PDFs/KDA_Tender_868640.pdf,1
person,pp0014,invited tender,tender,868640,Project Director,Tender Notice_PDFs/KDA_Tender_868640.pdf,1
organization,og0075,advertised,tender,868640,,Tender Notice_PDFs/KDA_Tender_868640.pdf,1
tender,868640,belongs to project,project,pr0064,,Tender Notice_PDFs/KDA_Tender_868640.pdf,1
organization,og0103,part of,organization,og0016,,Tender Notice_PDFs/KDA_Tender_925871.pdf,1
organization,og0016,part of,organization,og0001,,Tender Notice_PDFs/KDA_Tender_925871.pdf,1
person,pp0132,invited tender,tender,925871,Superintending Engineer,Tender Notice_PDFs/KDA_Tender_925871.pdf,1
organization,og0103,advertised,tender,925871,,Tender Notice_PDFs/KDA_Tender_925871.pdf,1
tender,925871,belongs to project,project,pr0093,,Tender Notice_PDFs/KDA_Tender_925871.pdf,1
organization,og0103,part of,organization,og0016,,Tender Notice_PDFs/KDA_Tender_925890.pdf,1
organization,og0016,part of,organization,og0001,,Tender Notice_PDFs/KDA_Tender_925890.pdf,1
person,pp0132,invited tender,tender,925890,Superintending Engineer,Tender Notice_PDFs/KDA_Tender_925890.pdf,1
organization,og0103,advertised,tender,925890,,Tender Notice_PDFs/KDA_Tender_925890.pdf,1
tender,925890,belongs to project,project,pr0093,,Tender Notice_PDFs/KDA_Tender_925890.pdf,1
organization,og0103,part of,organization,og0016,,Tender Notice_PDFs/KDA_Tender_926061.pdf,1
organization,og0016,part of,organization,og0001,,Tender Notice_PDFs/KDA_Tender_926061.pdf,1
person,pp0132,invited tender,tender,926061,Superintending Engineer,Tender Notice_PDFs/KDA_Tender_926061.pdf,1
organization,og0103,advertised,tender,926061,,Tender Notice_PDFs/KDA_Tender_926061.pdf,1
tender,926061,belongs to project,project,pr0093,,Tender Notice_PDFs/KDA_Tender_926061.pdf,1
organization,og0103,part of,organization,og0016,,Tender Notice_PDFs/KDA_Tender_926062.pdf,1
organization,og0016,part of,organization,og0001,,Tender Notice_PDFs/KDA_Tender_926062.pdf,1
person,pp0132,invited tender,tender,926062,Superintending Engineer,Tender Notice_PDFs/KDA_Tender_926062.pdf,1
organization,og0103,advertised,tender,926062,,Tender Notice_PDFs/KDA_Tender_926062.pdf,1
tender,926062,belongs to project,project,pr0093,,Tender Notice_PDFs/KDA_Tender_926062.pdf,1
organization,og0103,part of,organization,og0016,,Tender Notice_PDFs/KDA_Tender_926063.pdf,1
organization,og0016,part of,organization,og0001,,Tender Notice_PDFs/KDA_Tender_926063.pdf,1
person,pp0132,invited tender,tender,926063,Superintending Engineer,Tender Notice_PDFs/KDA_Tender_926063.pdf,1
organization,og0103,advertised,tender,926063,,Tender Notice_PDFs/KDA_Tender_926063.pdf,1
tender,926063,belongs to project,project,pr0093,,Tender Notice_PDFs/KDA_Tender_926063.pdf,1
organization,og0103,part of,organization,og0016,,Tender Notice_PDFs/KDA_Tender_926064.pdf,1
organization,og0016,part of,organization,og0001,,Tender Notice_PDFs/KDA_Tender_926064.pdf,1
person,pp0132,invited tender,tender,926064,Superintending Engineer,Tender Notice_PDFs/KDA_Tender_926064.pdf,1
organization,og0103,advertised,tender,926064,,Tender Notice_PDFs/KDA_Tender_926064.pdf,1
tender,926064,belongs to project,project,pr0093,,Tender Notice_PDFs/KDA_Tender_926064.pdf,1
organization,og0075,part of,organization,og0016,,Tender Notice_PDFs/KDA_Tender_932066.pdf,1
organization,og0016,part of,organization,og0001,,Tender Notice_PDFs/KDA_Tender_932066.pdf,1
person,pp0014,invited tender,tender,932066,Project Director,Tender Notice_PDFs/KDA_Tender_932066.pdf,2
organization,og0075,advertised,tender,932066,,Tender Notice_PDFs/KDA_Tender_932066.pdf,1
tender,932066,belongs to project,project,pr0064,,Tender Notice_PDFs/KDA_Tender_932066.pdf,1
organization,og0075,part of,organization,og0016,,Tender Notice_PDFs/KDA_Tender_941420.pdf,1
organization,og0016,part of,organization,og0001,,Tender Notice_PDFs/KDA_Tender_941420.pdf,1
person,pp0014,invited tender,tender,941420,Project Director,Tender Notice_PDFs/KDA_Tender_941420.pdf,2
organization,og0075,advertised,tender,941420,,Tender Notice_PDFs/KDA_Tender_941420.pdf,1
tender,941420,belongs to project,project,pr0064,,Tender Notice_PDFs/KDA_Tender_941420.pdf,1
organization,og0018,part of,organization,og0016,,Tender Notice_PDFs/KDA_Tender_953792.pdf,1
organization,og0016,part of,organization,og0001,,Tender Notice_PDFs/KDA_Tender_953792.pdf,1
person,pp0012,invited tender,tender,953792,Executive Engineer (M),Tender Notice_PDFs/KDA_Tender_953792.pdf,2
organization,og0018,advertised,tender,953792,,Tender Notice_PDFs/KDA_Tender_953792.pdf,1
tender,953792,belongs to project,project,pr0093,,Tender Notice_PDFs/KDA_Tender_953792.pdf,1
organization,og0018,part of,organization,og0016,,Tender Notice_PDFs/KDA_Tender_953793.pdf,1
organization,og0016,part of,organization,og0001,,Tender Notice_PDFs/KDA_Tender_953793.pdf,1
person,pp0012,invited tender,tender,953793,Executive Engineer (M),Tender Notice_PDFs/KDA_Tender_953793.pdf,2
organization,og0018,advertised,tender,953793,,Tender Notice_PDFs/KDA_Tender_953793.pdf,1
tender,953793,belongs to project,project,pr0093,,Tender Notice_PDFs/KDA_Tender_953793.pdf,1
organization,og0075,part of,organization,og0016,,Tender Notice_PDFs/KDA_Tender_975516.pdf,1
organization,og0016,part of,organization,og0001,,Tender Notice_PDFs/KDA_Tender_975516.pdf,1
person,pp0014,invited tender,tender,975516,Project Director,Tender Notice_PDFs/KDA_Tender_975516.pdf,2
organization,og0075,advertised,tender,975516,,Tender Notice_PDFs/KDA_Tender_975516.pdf,1
tender,975516,belongs to project,project,pr0064,,Tender Notice_PDFs/KDA_Tender_975516.pdf,1
organization,og0075,part of,organization,og0016,,Tender Notice_PDFs/KDA_Tender_991635.pdf,1
organization,og0016,part of,organization,og0001,,Tender Notice_PDFs/KDA_Tender_991635.pdf,1
person,pp0014,invited tender,tender,991635,Project Director,Tender Notice_PDFs/KDA_Tender_991635.pdf,2
organization,og0075,advertised,tender,991635,,Tender Notice_PDFs/KDA_Tender_991635.pdf,1
tender,991635,belongs to project,project,pr0064,,Tender Notice_PDFs/KDA_Tender_991635.pdf,1
organization,og0003,part of,organization,og0002,,Tender Notice_PDFs/RAJUK_Tender_1000267.pdf,1
organization,og0002,part of,organization,og0001,,Tender Notice_PDFs/RAJUK_Tender_1000267.pdf,1
person,pp0001,invited tender,tender,1000267,Superintending Engineer,Tender Notice_PDFs/RAJUK_Tender_1000267.pdf,1
organization,og0003,advertised,tender,1000267,,Tender Notice_PDFs/RAJUK_Tender_1000267.pdf,1
tender,1000267,belongs to project,project,pr0097,,Tender Notice_PDFs/RAJUK_Tender_1000267.pdf,1
organization,og0012,part of,organization,og0002,,Tender Notice_PDFs/RAJUK_Tender_1000530.pdf,1
organization,og0002,part of,organization,og0001,,Tender Notice_PDFs/RAJUK_Tender_1000530.pdf,1
person,pp0004,invited tender,tender,1000530,PD (Uttara Appartment),Tender Notice_PDFs/RAJUK_Tender_1000530.pdf,1
organization,og0012,advertised,tender,1000530,,Tender Notice_PDFs/RAJUK_Tender_1000530.pdf,1
tender,1000530,belongs to project,project,pr0093,,Tender Notice_PDFs/RAJUK_Tender_1000530.pdf,1
organization,og0006,part of,organization,og0002,,Tender Notice_PDFs/RAJUK_Tender_1000945.pdf,1
organization,og0002,part of,organization,og0001,,Tender Notice_PDFs/RAJUK_Tender_1000945.pdf,1
person,pp0003,invited tender,tender,1000945,PD (9apt),Tender Notice_PDFs/RAJUK_Tender_1000945.pdf,1
organization,og0006,advertised,tender,1000945,,Tender Notice_PDFs/RAJUK_Tender_1000945.pdf,1
tender,1000945,belongs to project,project,pr0093,,Tender Notice_PDFs/RAJUK_Tender_1000945.pdf,1
organization,og0007,part of,organization,og0002,,Tender Notice_PDFs/RAJUK_Tender_1001120.pdf,1
organization,og0002,part of,organization,og0001,,Tender Notice_PDFs/RAJUK_Tender_1001120.pdf,1
person,pp0004,invited tender,tender,1001120,Superintending Engineer,Tender Notice_PDFs/RAJUK_Tender_1001120.pdf,1
organization,og0007,advertised,tender,1001120,,Tender Notice_PDFs/RAJUK_Tender_1001120.pdf,1
tender,1001120,belongs to project,project,pr0093,,Tender Notice_PDFs/RAJUK_Tender_1001120.pdf,1
organization,og0008,part of,organization,og0002,,Tender Notice_PDFs/RAJUK_Tender_1001460.pdf,1
organization,og0002,part of,organization,og0001,,Tender Notice_PDFs/RAJUK_Tender_1001460.pdf,1
person,pp0005,invited tender,tender,1001460,Sup. Eng. (Mechanical),Tender Notice_PDFs/RAJUK_Tender_1001460.pdf,1
organization,og0008,advertised,tender,1001460,,Tender Notice_PDFs/RAJUK_Tender_1001460.pdf,1
tender,1001460,belongs to project,project,pr0004,,Tender Notice_PDFs/RAJUK_Tender_1001460.pdf,1
organization,og0008,part of,organization,og0002,,Tender Notice_PDFs/RAJUK_Tender_1001461.pdf,1
organization,og0002,part of,organization,og0001,,Tender Notice_PDFs/RAJUK_Tender_1001461.pdf,1
person,pp0005,invited tender,tender,1001461,Sup. Eng. (Mechanical),Tender Notice_PDFs/RAJUK_Tender_1001461.pdf,1
organization,og0008,advertised,tender,1001461,,Tender Notice_PDFs/RAJUK_Tender_1001461.pdf,1
tender,1001461,belongs to project,project,pr0004,,Tender Notice_PDFs/RAJUK_Tender_1001461.pdf,1
organization,og0007,part of,organization,og0002,,Tender Notice_PDFs/RAJUK_Tender_1001613.pdf,1
organization,og0002,part of,organization,og0001,,Tender Notice_PDFs/RAJUK_Tender_1001613.pdf,1
person,pp0004,invited tender,tender,1001613,Superintending Engineer,Tender Notice_PDFs/RAJUK_Tender_1001613.pdf,1
organization,og0007,advertised,tender,1001613,,Tender Notice_PDFs/RAJUK_Tender_1001613.pdf,1
tender,1001613,belongs to project,project,pr0093,,Tender Notice_PDFs/RAJUK_Tender_1001613.pdf,1
organization,og0011,part of,organization,og0002,,Tender Notice_PDFs/RAJUK_Tender_1002814.pdf,1
organization,og0002,part of,organization,og0001,,Tender Notice_PDFs/RAJUK_Tender_1002814.pdf,1
person,pp0007,invited tender,tender,1002814,Sup. Eng. (Elec.),Tender Notice_PDFs/RAJUK_Tender_1002814.pdf,2
organization,og0011,advertised,tender,1002814,,Tender Notice_PDFs/RAJUK_Tender_1002814.pdf,1
tender,1002814,belongs to project,project,pr0098,,Tender Notice_PDFs/RAJUK_Tender_1002814.pdf,1
organization,og0011,part of,organization,og0002,,Tender Notice_PDFs/RAJUK_Tender_1002854.pdf,1
organization,og0002,part of,organization,og0001,,Tender Notice_PDFs/RAJUK_Tender_1002854.pdf,1
person,pp0007,invited tender,tender,1002854,Sup. Eng. (Elec.),Tender Notice_PDFs/RAJUK_Tender_1002854.pdf,2
organization,og0011,advertised,tender,1002854,,Tender Notice_PDFs/RAJUK_Tender_1002854.pdf,1
tender,1002854,belongs to project,project,pr0098,,Tender Notice_PDFs/RAJUK_Tender_1002854.pdf,1
organization,og0012,part of,organization,og0002,,Tender Notice_PDFs/RAJUK_Tender_1003623.pdf,1
organization,og0002,part of,organization,og0001,,Tender Notice_PDFs/RAJUK_Tender_1003623.pdf,1
person,pp0004,invited tender,tender,1003623,PD (Uttara Appartment),Tender Notice_PDFs/RAJUK_Tender_1003623.pdf,1
organization,og0012,advertised,tender,1003623,,Tender Notice_PDFs/RAJUK_Tender_1003623.pdf,1
tender,1003623,belongs to project,project,pr0093,,Tender Notice_PDFs/RAJUK_Tender_1003623.pdf,1
organization,og0014,part of,organization,og0002,,Tender Notice_PDFs/RAJUK_Tender_1007300.pdf,1
organization,og0002,part of,organization,og0001,,Tender Notice_PDFs/RAJUK_Tender_1007300.pdf,1
person,pp0009,invited tender,tender,1007300,Superintending Engineer,Tender Notice_PDFs/RAJUK_Tender_1007300.pdf,1
organization,og0014,advertised,tender,1007300,,Tender Notice_PDFs/RAJUK_Tender_1007300.pdf,1
tender,1007300,belongs to project,project,pr0093,,Tender Notice_PDFs/RAJUK_Tender_1007300.pdf,1
organization,og0012,part of,organization,og0002,,Tender Notice_PDFs/RAJUK_Tender_1008266.pdf,1
organization,og0002,part of,organization,og0001,,Tender Notice_PDFs/RAJUK_Tender_1008266.pdf,1
person,pp0004,invited tender,tender,1008266,PD (Uttara Appartment),Tender Notice_PDFs/RAJUK_Tender_1008266.pdf,1
organization,og0012,advertised,tender,1008266,,Tender Notice_PDFs/RAJUK_Tender_1008266.pdf,1
tender,1008266,belongs to project,project,pr0093,,Tender Notice_PDFs/RAJUK_Tender_1008266.pdf,1
organization,og0011,part of,organization,og0002,,Tender Notice_PDFs/RAJUK_Tender_1008472.pdf,1
organization,og0002,part of,organization,og0001,,Tender Notice_PDFs/RAJUK_Tender_1008472.pdf,1
person,pp0007,invited tender,tender,1008472,Sup. Eng. (Elec.),Tender Notice_PDFs/RAJUK_Tender_1008472.pdf,1
organization,og0011,advertised,tender,1008472,,Tender Notice_PDFs/RAJUK_Tender_1008472.pdf,1
tender,1008472,belongs to project,project,pr0008,,Tender Notice_PDFs/RAJUK_Tender_1008472.pdf,1
organization,og0015,part of,organization,og0002,,Tender Notice_PDFs/RAJUK_Tender_1008542.pdf,1
organization,og0002,part of,organization,og0001,,Tender Notice_PDFs/RAJUK_Tender_1008542.pdf,1
person,pp0010,invited tender,tender,1008542,Project Director,Tender Notice_PDFs/RAJUK_Tender_1008542.pdf,1
organization,og0015,advertised,tender,1008542,,Tender Notice_PDFs/RAJUK_Tender_1008542.pdf,1
tender,1008542,belongs to project,project,pr0009,,Tender Notice_PDFs/RAJUK_Tender_1008542.pdf,1
organization,og0015,part of,organization,og0002,,Tender Notice_PDFs/RAJUK_Tender_1008543.pdf,1
organization,og0002,part of,organization,og0001,,Tender Notice_PDFs/RAJUK_Tender_1008543.pdf,1
person,pp0010,invited tender,tender,1008543,Project Director,Tender Notice_PDFs/RAJUK_Tender_1008543.pdf,1
organization,og0015,advertised,tender,1008543,,Tender Notice_PDFs/RAJUK_Tender_1008543.pdf,1
tender,1008543,belongs to project,project,pr0009,,Tender Notice_PDFs/RAJUK_Tender_1008543.pdf,1
organization,og0015,part of,organization,og0002,,Tender Notice_PDFs/RAJUK_Tender_1008544.pdf,1
organization,og0002,part of,organization,og0001,,Tender Notice_PDFs/RAJUK_Tender_1008544.pdf,1
person,pp0010,invited tender,tender,1008544,Project Director,Tender Notice_PDFs/RAJUK_Tender_1008544.pdf,1
organization,og0015,advertised,tender,1008544,,Tender Notice_PDFs/RAJUK_Tender_1008544.pdf,1
tender,1008544,belongs to project,project,pr0009,,Tender Notice_PDFs/RAJUK_Tender_1008544.pdf,1
organization,og0015,part of,organization,og0002,,Tender Notice_PDFs/RAJUK_Tender_1008545.pdf,1
organization,og0002,part of,organization,og0001,,Tender Notice_PDFs/RAJUK_Tender_1008545.pdf,1
person,pp0010,invited tender,tender,1008545,Project Director,Tender Notice_PDFs/RAJUK_Tender_1008545.pdf,1
organization,og0015,advertised,tender,1008545,,Tender Notice_PDFs/RAJUK_Tender_1008545.pdf,1
tender,1008545,belongs to project,project,pr0009,,Tender Notice_PDFs/RAJUK_Tender_1008545.pdf,1
organization,og0015,part of,organization,og0002,,Tender Notice_PDFs/RAJUK_Tender_1008546.pdf,1
organization,og0002,part of,organization,og0001,,Tender Notice_PDFs/RAJUK_Tender_1008546.pdf,1
person,pp0010,invited tender,tender,1008546,Project Director,Tender Notice_PDFs/RAJUK_Tender_1008546.pdf,1
organization,og0015,advertised,tender,1008546,,Tender Notice_PDFs/RAJUK_Tender_1008546.pdf,1
tender,1008546,belongs to project,project,pr0009,,Tender Notice_PDFs/RAJUK_Tender_1008546.pdf,1
organization,og0015,part of,organization,og0002,,Tender Notice_PDFs/RAJUK_Tender_1008547.pdf,1
organization,og0002,part of,organization,og0001,,Tender Notice_PDFs/RAJUK_Tender_1008547.pdf,1
person,pp0010,invited tender,tender,1008547,Project Director,Tender Notice_PDFs/RAJUK_Tender_1008547.pdf,1
organization,og0015,advertised,tender,1008547,,Tender Notice_PDFs/RAJUK_Tender_1008547.pdf,1
tender,1008547,belongs to project,project,pr0009,,Tender Notice_PDFs/RAJUK_Tender_1008547.pdf,1
organization,og0015,part of,organization,og0002,,Tender Notice_PDFs/RAJUK_Tender_1008548.pdf,1
organization,og0002,part of,organization,og0001,,Tender Notice_PDFs/RAJUK_Tender_1008548.pdf,1
person,pp0010,invited tender,tender,1008548,Project Director,Tender Notice_PDFs/RAJUK_Tender_1008548.pdf,1
organization,og0015,advertised,tender,1008548,,Tender Notice_PDFs/RAJUK_Tender_1008548.pdf,1
tender,1008548,belongs to project,project,pr0009,,Tender Notice_PDFs/RAJUK_Tender_1008548.pdf,1
organization,og0015,part of,organization,og0002,,Tender Notice_PDFs/RAJUK_Tender_1011370.pdf,1
organization,og0002,part of,organization,og0001,,Tender Notice_PDFs/RAJUK_Tender_1011370.pdf,1
person,pp0010,invited tender,tender,1011370,Project Director,Tender Notice_PDFs/RAJUK_Tender_1011370.pdf,1
organization,og0015,advertised,tender,1011370,,Tender Notice_PDFs/RAJUK_Tender_1011370.pdf,1
tender,1011370,belongs to project,project,pr0009,,Tender Notice_PDFs/RAJUK_Tender_1011370.pdf,1
organization,og0015,part of,organization,og0002,,Tender Notice_PDFs/RAJUK_Tender_1011371.pdf,1
organization,og0002,part of,organization,og0001,,Tender Notice_PDFs/RAJUK_Tender_1011371.pdf,1
person,pp0010,invited tender,tender,1011371,Project Director,Tender Notice_PDFs/RAJUK_Tender_1011371.pdf,1
organization,og0015,advertised,tender,1011371,,Tender Notice_PDFs/RAJUK_Tender_1011371.pdf,1
tender,1011371,belongs to project,project,pr0009,,Tender Notice_PDFs/RAJUK_Tender_1011371.pdf,1
organization,og0011,part of,organization,og0002,,Tender Notice_PDFs/RAJUK_Tender_1013104.pdf,1
organization,og0002,part of,organization,og0001,,Tender Notice_PDFs/RAJUK_Tender_1013104.pdf,1
person,pp0007,invited tender,tender,1013104,Sup. Eng. (Elec.),Tender Notice_PDFs/RAJUK_Tender_1013104.pdf,1
organization,og0011,advertised,tender,1013104,,Tender Notice_PDFs/RAJUK_Tender_1013104.pdf,1
tender,1013104,belongs to project,project,pr0018,,Tender Notice_PDFs/RAJUK_Tender_1013104.pdf,1
organization,og0014,part of,organization,og0002,,Tender Notice_PDFs/RAJUK_Tender_1013268.pdf,1
organization,og0002,part of,organization,og0001,,Tender Notice_PDFs/RAJUK_Tender_1013268.pdf,1
person,pp0009,invited tender,tender,1013268,Superintending Engineer,Tender Notice_PDFs/RAJUK_Tender_1013268.pdf,1
organization,og0014,advertised,tender,1013268,,Tender Notice_PDFs/RAJUK_Tender_1013268.pdf,1
tender,1013268,belongs to project,project,pr0011,,Tender Notice_PDFs/RAJUK_Tender_1013268.pdf,1
organization,og0014,part of,organization,og0002,,Tender Notice_PDFs/RAJUK_Tender_1013269.pdf,1
organization,og0002,part of,organization,og0001,,Tender Notice_PDFs/RAJUK_Tender_1013269.pdf,1
person,pp0009,invited tender,tender,1013269,Superintending Engineer,Tender Notice_PDFs/RAJUK_Tender_1013269.pdf,1
organization,og0014,advertised,tender,1013269,,Tender Notice_PDFs/RAJUK_Tender_1013269.pdf,1
tender,1013269,belongs to project,project,pr0011,,Tender Notice_PDFs/RAJUK_Tender_1013269.pdf,1
organization,og0014,part of,organization,og0002,,Tender Notice_PDFs/RAJUK_Tender_1013270.pdf,1
organization,og0002,part of,organization,og0001,,Tender Notice_PDFs/RAJUK_Tender_1013270.pdf,1
person,pp0009,invited tender,tender,1013270,Superintending Engineer,Tender Notice_PDFs/RAJUK_Tender_1013270.pdf,1
organization,og0014,advertised,tender,1013270,,Tender Notice_PDFs/RAJUK_Tender_1013270.pdf,1
tender,1013270,belongs to project,project,pr0011,,Tender Notice_PDFs/RAJUK_Tender_1013270.pdf,1
organization,og0008,part of,organization,og0002,,Tender Notice_PDFs/RAJUK_Tender_1014223.pdf,1
organization,og0002,part of,organization,og0001,,Tender Notice_PDFs/RAJUK_Tender_1014223.pdf,1
person,pp0005,invited tender,tender,1014223,Sup. Eng. (Mechanical),Tender Notice_PDFs/RAJUK_Tender_1014223.pdf,1
organization,og0008,advertised,tender,1014223,,Tender Notice_PDFs/RAJUK_Tender_1014223.pdf,1
tender,1014223,belongs to project,project,pr0019,,Tender Notice_PDFs/RAJUK_Tender_1014223.pdf,1
organization,og0011,part of,organization,og0002,,Tender Notice_PDFs/RAJUK_Tender_1014738.pdf,1
organization,og0002,part of,organization,og0001,,Tender Notice_PDFs/RAJUK_Tender_1014738.pdf,1
person,pp0007,invited tender,tender,1014738,Sup. Eng. (Elec.),Tender Notice_PDFs/RAJUK_Tender_1014738.pdf,1
organization,og0011,advertised,tender,1014738,,Tender Notice_PDFs/RAJUK_Tender_1014738.pdf,1
tender,1014738,belongs to project,project,pr0012,,Tender Notice_PDFs/RAJUK_Tender_1014738.pdf,1
organization,og0014,part of,organization,og0002,,Tender Notice_PDFs/RAJUK_Tender_1016865.pdf,1
organization,og0002,part of,organization,og0001,,Tender Notice_PDFs/RAJUK_Tender_1016865.pdf,1
person,pp0009,invited tender,tender,1016865,Superintending Engineer,Tender Notice_PDFs/RAJUK_Tender_1016865.pdf,1
organization,og0014,advertised,tender,1016865,,Tender Notice_PDFs/RAJUK_Tender_1016865.pdf,1
tender,1016865,belongs to project,project,pr0020,,Tender Notice_PDFs/RAJUK_Tender_1016865.pdf,1
organization,og0014,part of,organization,og0002,,Tender Notice_PDFs/RAJUK_Tender_1016866.pdf,1
organization,og0002,part of,organization,og0001,,Tender Notice_PDFs/RAJUK_Tender_1016866.pdf,1
person,pp0009,invited tender,tender,1016866,Superintending Engineer,Tender Notice_PDFs/RAJUK_Tender_1016866.pdf,1
organization,og0014,advertised,tender,1016866,,Tender Notice_PDFs/RAJUK_Tender_1016866.pdf,1
tender,1016866,belongs to project,project,pr0020,,Tender Notice_PDFs/RAJUK_Tender_1016866.pdf,1
organization,og0014,part of,organization,og0002,,Tender Notice_PDFs/RAJUK_Tender_1016867.pdf,1
organization,og0002,part of,organization,og0001,,Tender Notice_PDFs/RAJUK_Tender_1016867.pdf,1
person,pp0009,invited tender,tender,1016867,Superintending Engineer,Tender Notice_PDFs/RAJUK_Tender_1016867.pdf,1
organization,og0014,advertised,tender,1016867,,Tender Notice_PDFs/RAJUK_Tender_1016867.pdf,1
tender,1016867,belongs to project,project,pr0020,,Tender Notice_PDFs/RAJUK_Tender_1016867.pdf,1
organization,og0006,part of,organization,og0002,,Tender Notice_PDFs/RAJUK_Tender_1017045.pdf,1
organization,og0002,part of,organization,og0001,,Tender Notice_PDFs/RAJUK_Tender_1017045.pdf,1
person,pp0003,invited tender,tender,1017045,PD (9apt),Tender Notice_PDFs/RAJUK_Tender_1017045.pdf,1
organization,og0006,advertised,tender,1017045,,Tender Notice_PDFs/RAJUK_Tender_1017045.pdf,1
tender,1017045,belongs to project,project,pr0093,,Tender Notice_PDFs/RAJUK_Tender_1017045.pdf,1
organization,og0012,part of,organization,og0002,,Tender Notice_PDFs/RAJUK_Tender_1017448.pdf,1
organization,og0002,part of,organization,og0001,,Tender Notice_PDFs/RAJUK_Tender_1017448.pdf,1
person,pp0004,invited tender,tender,1017448,PD (Uttara Appartment),Tender Notice_PDFs/RAJUK_Tender_1017448.pdf,1
organization,og0012,advertised,tender,1017448,,Tender Notice_PDFs/RAJUK_Tender_1017448.pdf,1
tender,1017448,belongs to project,project,pr0093,,Tender Notice_PDFs/RAJUK_Tender_1017448.pdf,1
organization,og0006,part of,organization,og0002,,Tender Notice_PDFs/RAJUK_Tender_1018667.pdf,1
organization,og0002,part of,organization,og0001,,Tender Notice_PDFs/RAJUK_Tender_1018667.pdf,1
person,pp0003,invited tender,tender,1018667,PD (9apt),Tender Notice_PDFs/RAJUK_Tender_1018667.pdf,1
organization,og0006,advertised,tender,1018667,,Tender Notice_PDFs/RAJUK_Tender_1018667.pdf,1
tender,1018667,belongs to project,project,pr0093,,Tender Notice_PDFs/RAJUK_Tender_1018667.pdf,1
organization,og0006,part of,organization,og0002,,Tender Notice_PDFs/RAJUK_Tender_1018730.pdf,1
organization,og0002,part of,organization,og0001,,Tender Notice_PDFs/RAJUK_Tender_1018730.pdf,1
person,pp0003,invited tender,tender,1018730,PD (9apt),Tender Notice_PDFs/RAJUK_Tender_1018730.pdf,1
organization,og0006,advertised,tender,1018730,,Tender Notice_PDFs/RAJUK_Tender_1018730.pdf,1
tender,1018730,belongs to project,project,pr0093,,Tender Notice_PDFs/RAJUK_Tender_1018730.pdf,1
organization,og0036,part of,organization,og0002,,Tender Notice_PDFs/RAJUK_Tender_101974.pdf,1
organization,og0002,part of,organization,og0001,,Tender Notice_PDFs/RAJUK_Tender_101974.pdf,1
person,pp0025,invited tender,tender,101974,"Chief Engineer, Project & Design",Tender Notice_PDFs/RAJUK_Tender_101974.pdf,2
organization,og0036,advertised,tender,101974,,Tender Notice_PDFs/RAJUK_Tender_101974.pdf,1
tender,101974,belongs to project,project,pr0004,,Tender Notice_PDFs/RAJUK_Tender_101974.pdf,1
organization,og0011,part of,organization,og0002,,Tender Notice_PDFs/RAJUK_Tender_1022432.pdf,1
organization,og0002,part of,organization,og0001,,Tender Notice_PDFs/RAJUK_Tender_1022432.pdf,1
person,pp0007,invited tender,tender,1022432,Sup. Eng. (Elec.),Tender Notice_PDFs/RAJUK_Tender_1022432.pdf,1
organization,og0011,advertised,tender,1022432,,Tender Notice_PDFs/RAJUK_Tender_1022432.pdf,1
tender,1022432,belongs to project,project,pr0075,,Tender Notice_PDFs/RAJUK_Tender_1022432.pdf,1
organization,og0012,part of,organization,og0002,,Tender Notice_PDFs/RAJUK_Tender_1023051.pdf,1
organization,og0002,part of,organization,og0001,,Tender Notice_PDFs/RAJUK_Tender_1023051.pdf,1
person,pp0004,invited tender,tender,1023051,PD (Uttara Appartment),Tender Notice_PDFs/RAJUK_Tender_1023051.pdf,1
organization,og0012,advertised,tender,1023051,,Tender Notice_PDFs/RAJUK_Tender_1023051.pdf,1
tender,1023051,belongs to project,project,pr0093,,Tender Notice_PDFs/RAJUK_Tender_1023051.pdf,1
organization,og0012,part of,organization,og0002,,Tender Notice_PDFs/RAJUK_Tender_1023052.pdf,1
organization,og0002,part of,organization,og0001,,Tender Notice_PDFs/RAJUK_Tender_1023052.pdf,1
person,pp0004,invited tender,tender,1023052,PD (Uttara Appartment),Tender Notice_PDFs/RAJUK_Tender_1023052.pdf,1
organization,og0012,advertised,tender,1023052,,Tender Notice_PDFs/RAJUK_Tender_1023052.pdf,1
tender,1023052,belongs to project,project,pr0093,,Tender Notice_PDFs/RAJUK_Tender_1023052.pdf,1
organization,og0012,part of,organization,og0002,,Tender Notice_PDFs/RAJUK_Tender_1023053.pdf,1
organization,og0002,part of,organization,og0001,,Tender Notice_PDFs/RAJUK_Tender_1023053.pdf,1
person,pp0004,invited tender,tender,1023053,PD (Uttara Appartment),Tender Notice_PDFs/RAJUK_Tender_1023053.pdf,1
organization,og0012,advertised,tender,1023053,,Tender Notice_PDFs/RAJUK_Tender_1023053.pdf,1
tender,1023053,belongs to project,project,pr0093,,Tender Notice_PDFs/RAJUK_Tender_1023053.pdf,1
organization,og0012,part of,organization,og0002,,Tender Notice_PDFs/RAJUK_Tender_1023054.pdf,1
organization,og0002,part of,organization,og0001,,Tender Notice_PDFs/RAJUK_Tender_1023054.pdf,1
person,pp0004,invited tender,tender,1023054,PD (Uttara Appartment),Tender Notice_PDFs/RAJUK_Tender_1023054.pdf,1
organization,og0012,advertised,tender,1023054,,Tender Notice_PDFs/RAJUK_Tender_1023054.pdf,1
tender,1023054,belongs to project,project,pr0093,,Tender Notice_PDFs/RAJUK_Tender_1023054.pdf,1
organization,og0012,part of,organization,og0002,,Tender Notice_PDFs/RAJUK_Tender_1023057.pdf,1
organization,og0002,part of,organization,og0001,,Tender Notice_PDFs/RAJUK_Tender_1023057.pdf,1
person,pp0004,invited tender,tender,1023057,PD (Uttara Appartment),Tender Notice_PDFs/RAJUK_Tender_1023057.pdf,1
organization,og0012,advertised,tender,1023057,,Tender Notice_PDFs/RAJUK_Tender_1023057.pdf,1
tender,1023057,belongs to project,project,pr0093,,Tender Notice_PDFs/RAJUK_Tender_1023057.pdf,1
organization,og0012,part of,organization,og0002,,Tender Notice_PDFs/RAJUK_Tender_1023059.pdf,1
organization,og0002,part of,organization,og0001,,Tender Notice_PDFs/RAJUK_Tender_1023059.pdf,1
person,pp0004,invited tender,tender,1023059,PD (Uttara Appartment),Tender Notice_PDFs/RAJUK_Tender_1023059.pdf,1
organization,og0012,advertised,tender,1023059,,Tender Notice_PDFs/RAJUK_Tender_1023059.pdf,1
tender,1023059,belongs to project,project,pr0093,,Tender Notice_PDFs/RAJUK_Tender_1023059.pdf,1
organization,og0012,part of,organization,og0002,,Tender Notice_PDFs/RAJUK_Tender_1023060.pdf,1
organization,og0002,part of,organization,og0001,,Tender Notice_PDFs/RAJUK_Tender_1023060.pdf,1
person,pp0004,invited tender,tender,1023060,PD (Uttara Appartment),Tender Notice_PDFs/RAJUK_Tender_1023060.pdf,1
organization,og0012,advertised,tender,1023060,,Tender Notice_PDFs/RAJUK_Tender_1023060.pdf,1
tender,1023060,belongs to project,project,pr0093,,Tender Notice_PDFs/RAJUK_Tender_1023060.pdf,1
organization,og0012,part of,organization,og0002,,Tender Notice_PDFs/RAJUK_Tender_1023061.pdf,1
organization,og0002,part of,organization,og0001,,Tender Notice_PDFs/RAJUK_Tender_1023061.pdf,1
person,pp0004,invited tender,tender,1023061,PD (Uttara Appartment),Tender Notice_PDFs/RAJUK_Tender_1023061.pdf,1
organization,og0012,advertised,tender,1023061,,Tender Notice_PDFs/RAJUK_Tender_1023061.pdf,1
tender,1023061,belongs to project,project,pr0093,,Tender Notice_PDFs/RAJUK_Tender_1023061.pdf,1
organization,og0012,part of,organization,og0002,,Tender Notice_PDFs/RAJUK_Tender_1023063.pdf,1
organization,og0002,part of,organization,og0001,,Tender Notice_PDFs/RAJUK_Tender_1023063.pdf,1
person,pp0004,invited tender,tender,1023063,PD (Uttara Appartment),Tender Notice_PDFs/RAJUK_Tender_1023063.pdf,1
organization,og0012,advertised,tender,1023063,,Tender Notice_PDFs/RAJUK_Tender_1023063.pdf,1
tender,1023063,belongs to project,project,pr0093,,Tender Notice_PDFs/RAJUK_Tender_1023063.pdf,1
organization,og0011,part of,organization,og0002,,Tender Notice_PDFs/RAJUK_Tender_1030720.pdf,1
organization,og0002,part of,organization,og0001,,Tender Notice_PDFs/RAJUK_Tender_1030720.pdf,1
person,pp0007,invited tender,tender,1030720,Sup. Eng. (Elec.),Tender Notice_PDFs/RAJUK_Tender_1030720.pdf,1
organization,og0011,advertised,tender,1030720,,Tender Notice_PDFs/RAJUK_Tender_1030720.pdf,1
tender,1030720,belongs to project,project,pr0013,,Tender Notice_PDFs/RAJUK_Tender_1030720.pdf,1
organization,og0011,part of,organization,og0002,,Tender Notice_PDFs/RAJUK_Tender_1030829.pdf,1
organization,og0002,part of,organization,og0001,,Tender Notice_PDFs/RAJUK_Tender_1030829.pdf,1
person,pp0007,invited tender,tender,1030829,Sup. Eng. (Elec.),Tender Notice_PDFs/RAJUK_Tender_1030829.pdf,1
organization,og0011,advertised,tender,1030829,,Tender Notice_PDFs/RAJUK_Tender_1030829.pdf,1
tender,1030829,belongs to project,project,pr0034,,Tender Notice_PDFs/RAJUK_Tender_1030829.pdf,1
organization,og0011,part of,organization,og0002,,Tender Notice_PDFs/RAJUK_Tender_1031711.pdf,1
organization,og0002,part of,organization,og0001,,Tender Notice_PDFs/RAJUK_Tender_1031711.pdf,1
person,pp0007,invited tender,tender,1031711,Sup. Eng. (Elec.),Tender Notice_PDFs/RAJUK_Tender_1031711.pdf,2
organization,og0011,advertised,tender,1031711,,Tender Notice_PDFs/RAJUK_Tender_1031711.pdf,1
tender,1031711,belongs to project,project,pr0014,,Tender Notice_PDFs/RAJUK_Tender_1031711.pdf,1
organization,og0011,part of,organization,og0002,,Tender Notice_PDFs/RAJUK_Tender_1031714.pdf,1
organization,og0002,part of,organization,og0001,,Tender Notice_PDFs/RAJUK_Tender_1031714.pdf,1
person,pp0007,invited tender,tender,1031714,Sup. Eng. (Elec.),Tender Notice_PDFs/RAJUK_Tender_1031714.pdf,1
organization,og0011,advertised,tender,1031714,,Tender Notice_PDFs/RAJUK_Tender_1031714.pdf,1
tender,1031714,belongs to project,project,pr0014,,Tender Notice_PDFs/RAJUK_Tender_1031714.pdf,1
organization,og0008,part of,organization,og0002,,Tender Notice_PDFs/RAJUK_Tender_1031800.pdf,1
organization,og0002,part of,organization,og0001,,Tender Notice_PDFs/RAJUK_Tender_1031800.pdf,1
person,pp0005,invited tender,tender,1031800,Sup. Eng. (Mechanical),Tender Notice_PDFs/RAJUK_Tender_1031800.pdf,1
organization,og0008,advertised,tender,1031800,,Tender Notice_PDFs/RAJUK_Tender_1031800.pdf,1
tender,1031800,belongs to project,project,pr0015,,Tender Notice_PDFs/RAJUK_Tender_1031800.pdf,1
organization,og0008,part of,organization,og0002,,Tender Notice_PDFs/RAJUK_Tender_1031801.pdf,1
organization,og0002,part of,organization,og0001,,Tender Notice_PDFs/RAJUK_Tender_1031801.pdf,1
person,pp0005,invited tender,tender,1031801,Sup. Eng. (Mechanical),Tender Notice_PDFs/RAJUK_Tender_1031801.pdf,1
organization,og0008,advertised,tender,1031801,,Tender Notice_PDFs/RAJUK_Tender_1031801.pdf,1
tender,1031801,belongs to project,project,pr0004,,Tender Notice_PDFs/RAJUK_Tender_1031801.pdf,1
organization,og0003,part of,organization,og0002,,Tender Notice_PDFs/RAJUK_Tender_1035179.pdf,1
organization,og0002,part of,organization,og0001,,Tender Notice_PDFs/RAJUK_Tender_1035179.pdf,1
person,pp0001,invited tender,tender,1035179,Superintending Engineer,Tender Notice_PDFs/RAJUK_Tender_1035179.pdf,1
organization,og0003,advertised,tender,1035179,,Tender Notice_PDFs/RAJUK_Tender_1035179.pdf,1
tender,1035179,belongs to project,project,pr0016,,Tender Notice_PDFs/RAJUK_Tender_1035179.pdf,1
organization,og0011,part of,organization,og0002,,Tender Notice_PDFs/RAJUK_Tender_1038890.pdf,1
organization,og0002,part of,organization,og0001,,Tender Notice_PDFs/RAJUK_Tender_1038890.pdf,1
person,pp0007,invited tender,tender,1038890,Sup. Eng. (Elec.),Tender Notice_PDFs/RAJUK_Tender_1038890.pdf,1
organization,og0011,advertised,tender,1038890,,Tender Notice_PDFs/RAJUK_Tender_1038890.pdf,1
tender,1038890,belongs to project,project,pr0012,,Tender Notice_PDFs/RAJUK_Tender_1038890.pdf,1
organization,og0023,part of,organization,og0002,,Tender Notice_PDFs/RAJUK_Tender_1044320.pdf,1
organization,og0002,part of,organization,og0001,,Tender Notice_PDFs/RAJUK_Tender_1044320.pdf,1
person,pp0015,invited tender,tender,1044320,PD (Jhilmil),Tender Notice_PDFs/RAJUK_Tender_1044320.pdf,1
organization,og0023,advertised,tender,1044320,,Tender Notice_PDFs/RAJUK_Tender_1044320.pdf,1
tender,1044320,belongs to project,project,pr0017,,Tender Notice_PDFs/RAJUK_Tender_1044320.pdf,1
organization,og0003,part of,organization,og0002,,Tender Notice_PDFs/RAJUK_Tender_1044805.pdf,1
organization,og0002,part of,organization,og0001,,Tender Notice_PDFs/RAJUK_Tender_1044805.pdf,1
person,pp0001,invited tender,tender,1044805,Superintending Engineer,Tender Notice_PDFs/RAJUK_Tender_1044805.pdf,1
organization,og0003,advertised,tender,1044805,,Tender Notice_PDFs/RAJUK_Tender_1044805.pdf,1
tender,1044805,belongs to project,project,pr0097,,Tender Notice_PDFs/RAJUK_Tender_1044805.pdf,1
organization,og0008,part of,organization,og0002,,Tender Notice_PDFs/RAJUK_Tender_1056194.pdf,1
organization,og0002,part of,organization,og0001,,Tender Notice_PDFs/RAJUK_Tender_1056194.pdf,1
person,pp0005,invited tender,tender,1056194,Sup. Eng. (Mechanical),Tender Notice_PDFs/RAJUK_Tender_1056194.pdf,1
organization,og0008,advertised,tender,1056194,,Tender Notice_PDFs/RAJUK_Tender_1056194.pdf,1
tender,1056194,belongs to project,project,pr0028,,Tender Notice_PDFs/RAJUK_Tender_1056194.pdf,1
organization,og0008,part of,organization,og0002,,Tender Notice_PDFs/RAJUK_Tender_1056195.pdf,1
organization,og0002,part of,organization,og0001,,Tender Notice_PDFs/RAJUK_Tender_1056195.pdf,1
person,pp0005,invited tender,tender,1056195,Sup. Eng. (Mechanical),Tender Notice_PDFs/RAJUK_Tender_1056195.pdf,1
organization,og0008,advertised,tender,1056195,,Tender Notice_PDFs/RAJUK_Tender_1056195.pdf,1
tender,1056195,belongs to project,project,pr0015,,Tender Notice_PDFs/RAJUK_Tender_1056195.pdf,1
organization,og0023,part of,organization,og0002,,Tender Notice_PDFs/RAJUK_Tender_1058290.pdf,1
organization,og0002,part of,organization,og0001,,Tender Notice_PDFs/RAJUK_Tender_1058290.pdf,1
person,pp0015,invited tender,tender,1058290,PD (Jhilmil),Tender Notice_PDFs/RAJUK_Tender_1058290.pdf,1
organization,og0023,advertised,tender,1058290,,Tender Notice_PDFs/RAJUK_Tender_1058290.pdf,1
tender,1058290,belongs to project,project,pr0017,,Tender Notice_PDFs/RAJUK_Tender_1058290.pdf,1
organization,og0023,part of,organization,og0002,,Tender Notice_PDFs/RAJUK_Tender_1058291.pdf,1
organization,og0002,part of,organization,og0001,,Tender Notice_PDFs/RAJUK_Tender_1058291.pdf,1
person,pp0015,invited tender,tender,1058291,PD (Jhilmil),Tender Notice_PDFs/RAJUK_Tender_1058291.pdf,1
organization,og0023,advertised,tender,1058291,,Tender Notice_PDFs/RAJUK_Tender_1058291.pdf,1
tender,1058291,belongs to project,project,pr0017,,Tender Notice_PDFs/RAJUK_Tender_1058291.pdf,1
organization,og0023,part of,organization,og0002,,Tender Notice_PDFs/RAJUK_Tender_1058292.pdf,1
organization,og0002,part of,organization,og0001,,Tender Notice_PDFs/RAJUK_Tender_1058292.pdf,1
person,pp0015,invited tender,tender,1058292,PD (Jhilmil),Tender Notice_PDFs/RAJUK_Tender_1058292.pdf,1
organization,og0023,advertised,tender,1058292,,Tender Notice_PDFs/RAJUK_Tender_1058292.pdf,1
tender,1058292,belongs to project,project,pr0017,,Tender Notice_PDFs/RAJUK_Tender_1058292.pdf,1
organization,og0023,part of,organization,og0002,,Tender Notice_PDFs/RAJUK_Tender_1058293.pdf,1
organization,og0002,part of,organization,og0001,,Tender Notice_PDFs/RAJUK_Tender_1058293.pdf,1
person,pp0015,invited tender,tender,1058293,PD (Jhilmil),Tender Notice_PDFs/RAJUK_Tender_1058293.pdf,1
organization,og0023,advertised,tender,1058293,,Tender Notice_PDFs/RAJUK_Tender_1058293.pdf,1
tender,1058293,belongs to project,project,pr0017,,Tender Notice_PDFs/RAJUK_Tender_1058293.pdf,1
organization,og0008,part of,organization,og0002,,Tender Notice_PDFs/RAJUK_Tender_1059690.pdf,1
organization,og0002,part of,organization,og0001,,Tender Notice_PDFs/RAJUK_Tender_1059690.pdf,1
person,pp0005,invited tender,tender,1059690,Sup. Eng. (Mechanical),Tender Notice_PDFs/RAJUK_Tender_1059690.pdf,1
organization,og0008,advertised,tender,1059690,,Tender Notice_PDFs/RAJUK_Tender_1059690.pdf,1
tender,1059690,belongs to project,project,pr0004,,Tender Notice_PDFs/RAJUK_Tender_1059690.pdf,1
organization,og0023,part of,organization,og0002,,Tender Notice_PDFs/RAJUK_Tender_1060377.pdf,1
organization,og0002,part of,organization,og0001,,Tender Notice_PDFs/RAJUK_Tender_1060377.pdf,1
person,pp0015,invited tender,tender,1060377,PD (Jhilmil),Tender Notice_PDFs/RAJUK_Tender_1060377.pdf,1
organization,og0023,advertised,tender,1060377,,Tender Notice_PDFs/RAJUK_Tender_1060377.pdf,1
tender,1060377,belongs to project,project,pr0017,,Tender Notice_PDFs/RAJUK_Tender_1060377.pdf,1
organization,og0023,part of,organization,og0002,,Tender Notice_PDFs/RAJUK_Tender_1060378.pdf,1
organization,og0002,part of,organization,og0001,,Tender Notice_PDFs/RAJUK_Tender_1060378.pdf,1
person,pp0015,invited tender,tender,1060378,PD (Jhilmil),Tender Notice_PDFs/RAJUK_Tender_1060378.pdf,1
organization,og0023,advertised,tender,1060378,,Tender Notice_PDFs/RAJUK_Tender_1060378.pdf,1
tender,1060378,belongs to project,project,pr0017,,Tender Notice_PDFs/RAJUK_Tender_1060378.pdf,1
organization,og0023,part of,organization,og0002,,Tender Notice_PDFs/RAJUK_Tender_1060379.pdf,1
organization,og0002,part of,organization,og0001,,Tender Notice_PDFs/RAJUK_Tender_1060379.pdf,1
person,pp0015,invited tender,tender,1060379,PD (Jhilmil),Tender Notice_PDFs/RAJUK_Tender_1060379.pdf,1
organization,og0023,advertised,tender,1060379,,Tender Notice_PDFs/RAJUK_Tender_1060379.pdf,1
tender,1060379,belongs to project,project,pr0017,,Tender Notice_PDFs/RAJUK_Tender_1060379.pdf,1
organization,og0023,part of,organization,og0002,,Tender Notice_PDFs/RAJUK_Tender_1060380.pdf,1
organization,og0002,part of,organization,og0001,,Tender Notice_PDFs/RAJUK_Tender_1060380.pdf,1
person,pp0015,invited tender,tender,1060380,PD (Jhilmil),Tender Notice_PDFs/RAJUK_Tender_1060380.pdf,1
organization,og0023,advertised,tender,1060380,,Tender Notice_PDFs/RAJUK_Tender_1060380.pdf,1
tender,1060380,belongs to project,project,pr0017,,Tender Notice_PDFs/RAJUK_Tender_1060380.pdf,1
organization,og0023,part of,organization,og0002,,Tender Notice_PDFs/RAJUK_Tender_1060381.pdf,1
organization,og0002,part of,organization,og0001,,Tender Notice_PDFs/RAJUK_Tender_1060381.pdf,1
person,pp0015,invited tender,tender,1060381,PD (Jhilmil),Tender Notice_PDFs/RAJUK_Tender_1060381.pdf,1
organization,og0023,advertised,tender,1060381,,Tender Notice_PDFs/RAJUK_Tender_1060381.pdf,1
tender,1060381,belongs to project,project,pr0017,,Tender Notice_PDFs/RAJUK_Tender_1060381.pdf,1
organization,og0015,part of,organization,og0002,,Tender Notice_PDFs/RAJUK_Tender_1060890.pdf,1
organization,og0002,part of,organization,og0001,,Tender Notice_PDFs/RAJUK_Tender_1060890.pdf,1
person,pp0010,invited tender,tender,1060890,Project Director,Tender Notice_PDFs/RAJUK_Tender_1060890.pdf,1
organization,og0015,advertised,tender,1060890,,Tender Notice_PDFs/RAJUK_Tender_1060890.pdf,1
tender,1060890,belongs to project,project,pr0009,,Tender Notice_PDFs/RAJUK_Tender_1060890.pdf,1
organization,og0015,part of,organization,og0002,,Tender Notice_PDFs/RAJUK_Tender_1060891.pdf,1
organization,og0002,part of,organization,og0001,,Tender Notice_PDFs/RAJUK_Tender_1060891.pdf,1
person,pp0010,invited tender,tender,1060891,Project Director,Tender Notice_PDFs/RAJUK_Tender_1060891.pdf,1
organization,og0015,advertised,tender,1060891,,Tender Notice_PDFs/RAJUK_Tender_1060891.pdf,1
tender,1060891,belongs to project,project,pr0009,,Tender Notice_PDFs/RAJUK_Tender_1060891.pdf,1
organization,og0015,part of,organization,og0002,,Tender Notice_PDFs/RAJUK_Tender_1060892.pdf,1
organization,og0002,part of,organization,og0001,,Tender Notice_PDFs/RAJUK_Tender_1060892.pdf,1
person,pp0010,invited tender,tender,1060892,Project Director,Tender Notice_PDFs/RAJUK_Tender_1060892.pdf,1
organization,og0015,advertised,tender,1060892,,Tender Notice_PDFs/RAJUK_Tender_1060892.pdf,1
tender,1060892,belongs to project,project,pr0009,,Tender Notice_PDFs/RAJUK_Tender_1060892.pdf,1
organization,og0015,part of,organization,og0002,,Tender Notice_PDFs/RAJUK_Tender_1060893.pdf,1
organization,og0002,part of,organization,og0001,,Tender Notice_PDFs/RAJUK_Tender_1060893.pdf,1
person,pp0010,invited tender,tender,1060893,Project Director,Tender Notice_PDFs/RAJUK_Tender_1060893.pdf,1
organization,og0015,advertised,tender,1060893,,Tender Notice_PDFs/RAJUK_Tender_1060893.pdf,1
tender,1060893,belongs to project,project,pr0009,,Tender Notice_PDFs/RAJUK_Tender_1060893.pdf,1
organization,og0015,part of,organization,og0002,,Tender Notice_PDFs/RAJUK_Tender_1060894.pdf,1
organization,og0002,part of,organization,og0001,,Tender Notice_PDFs/RAJUK_Tender_1060894.pdf,1
person,pp0010,invited tender,tender,1060894,Project Director,Tender Notice_PDFs/RAJUK_Tender_1060894.pdf,1
organization,og0015,advertised,tender,1060894,,Tender Notice_PDFs/RAJUK_Tender_1060894.pdf,1
tender,1060894,belongs to project,project,pr0009,,Tender Notice_PDFs/RAJUK_Tender_1060894.pdf,1
organization,og0015,part of,organization,og0002,,Tender Notice_PDFs/RAJUK_Tender_1060895.pdf,1
organization,og0002,part of,organization,og0001,,Tender Notice_PDFs/RAJUK_Tender_1060895.pdf,1
person,pp0010,invited tender,tender,1060895,Project Director,Tender Notice_PDFs/RAJUK_Tender_1060895.pdf,1
organization,og0015,advertised,tender,1060895,,Tender Notice_PDFs/RAJUK_Tender_1060895.pdf,1
tender,1060895,belongs to project,project,pr0009,,Tender Notice_PDFs/RAJUK_Tender_1060895.pdf,1
organization,og0006,part of,organization,og0002,,Tender Notice_PDFs/RAJUK_Tender_1062494.pdf,1
organization,og0002,part of,organization,og0001,,Tender Notice_PDFs/RAJUK_Tender_1062494.pdf,1
person,pp0003,invited tender,tender,1062494,PD (9apt),Tender Notice_PDFs/RAJUK_Tender_1062494.pdf,1
organization,og0006,advertised,tender,1062494,,Tender Notice_PDFs/RAJUK_Tender_1062494.pdf,1
tender,1062494,belongs to project,project,pr0093,,Tender Notice_PDFs/RAJUK_Tender_1062494.pdf,1
organization,og0008,part of,organization,og0002,,Tender Notice_PDFs/RAJUK_Tender_1062628.pdf,1
organization,og0002,part of,organization,og0001,,Tender Notice_PDFs/RAJUK_Tender_1062628.pdf,1
person,pp0005,invited tender,tender,1062628,Sup. Eng. (Mechanical),Tender Notice_PDFs/RAJUK_Tender_1062628.pdf,1
organization,og0008,advertised,tender,1062628,,Tender Notice_PDFs/RAJUK_Tender_1062628.pdf,1
tender,1062628,belongs to project,project,pr0015,,Tender Notice_PDFs/RAJUK_Tender_1062628.pdf,1
organization,og0015,part of,organization,og0002,,Tender Notice_PDFs/RAJUK_Tender_1066944.pdf,1
organization,og0002,part of,organization,og0001,,Tender Notice_PDFs/RAJUK_Tender_1066944.pdf,1
person,pp0010,invited tender,tender,1066944,Project Director,Tender Notice_PDFs/RAJUK_Tender_1066944.pdf,1
organization,og0015,advertised,tender,1066944,,Tender Notice_PDFs/RAJUK_Tender_1066944.pdf,1
tender,1066944,belongs to project,project,pr0009,,Tender Notice_PDFs/RAJUK_Tender_1066944.pdf,1
organization,og0015,part of,organization,og0002,,Tender Notice_PDFs/RAJUK_Tender_1066945.pdf,1
organization,og0002,part of,organization,og0001,,Tender Notice_PDFs/RAJUK_Tender_1066945.pdf,1
person,pp0010,invited tender,tender,1066945,Project Director,Tender Notice_PDFs/RAJUK_Tender_1066945.pdf,1
organization,og0015,advertised,tender,1066945,,Tender Notice_PDFs/RAJUK_Tender_1066945.pdf,1
tender,1066945,belongs to project,project,pr0009,,Tender Notice_PDFs/RAJUK_Tender_1066945.pdf,1
organization,og0015,part of,organization,og0002,,Tender Notice_PDFs/RAJUK_Tender_1066946.pdf,1
organization,og0002,part of,organization,og0001,,Tender Notice_PDFs/RAJUK_Tender_1066946.pdf,1
person,pp0010,invited tender,tender,1066946,Project Director,Tender Notice_PDFs/RAJUK_Tender_1066946.pdf,1
organization,og0015,advertised,tender,1066946,,Tender Notice_PDFs/RAJUK_Tender_1066946.pdf,1
tender,1066946,belongs to project,project,pr0009,,Tender Notice_PDFs/RAJUK_Tender_1066946.pdf,1
organization,og0015,part of,organization,og0002,,Tender Notice_PDFs/RAJUK_Tender_1069558.pdf,1
organization,og0002,part of,organization,og0001,,Tender Notice_PDFs/RAJUK_Tender_1069558.pdf,1
person,pp0010,invited tender,tender,1069558,Project Director,Tender Notice_PDFs/RAJUK_Tender_1069558.pdf,1
organization,og0015,advertised,tender,1069558,,Tender Notice_PDFs/RAJUK_Tender_1069558.pdf,1
tender,1069558,belongs to project,project,pr0009,,Tender Notice_PDFs/RAJUK_Tender_1069558.pdf,1
organization,og0015,part of,organization,og0002,,Tender Notice_PDFs/RAJUK_Tender_1069559.pdf,1
organization,og0002,part of,organization,og0001,,Tender Notice_PDFs/RAJUK_Tender_1069559.pdf,1
person,pp0010,invited tender,tender,1069559,Project Director,Tender Notice_PDFs/RAJUK_Tender_1069559.pdf,1
organization,og0015,advertised,tender,1069559,,Tender Notice_PDFs/RAJUK_Tender_1069559.pdf,1
tender,1069559,belongs to project,project,pr0009,,Tender Notice_PDFs/RAJUK_Tender_1069559.pdf,1
organization,og0015,part of,organization,og0002,,Tender Notice_PDFs/RAJUK_Tender_1069560.pdf,1
organization,og0002,part of,organization,og0001,,Tender Notice_PDFs/RAJUK_Tender_1069560.pdf,1
person,pp0010,invited tender,tender,1069560,Project Director,Tender Notice_PDFs/RAJUK_Tender_1069560.pdf,1
organization,og0015,advertised,tender,1069560,,Tender Notice_PDFs/RAJUK_Tender_1069560.pdf,1
tender,1069560,belongs to project,project,pr0009,,Tender Notice_PDFs/RAJUK_Tender_1069560.pdf,1
organization,og0015,part of,organization,og0002,,Tender Notice_PDFs/RAJUK_Tender_1069561.pdf,1
organization,og0002,part of,organization,og0001,,Tender Notice_PDFs/RAJUK_Tender_1069561.pdf,1
person,pp0010,invited tender,tender,1069561,Project Director,Tender Notice_PDFs/RAJUK_Tender_1069561.pdf,1
organization,og0015,advertised,tender,1069561,,Tender Notice_PDFs/RAJUK_Tender_1069561.pdf,1
tender,1069561,belongs to project,project,pr0009,,Tender Notice_PDFs/RAJUK_Tender_1069561.pdf,1
organization,og0015,part of,organization,og0002,,Tender Notice_PDFs/RAJUK_Tender_1069562.pdf,1
organization,og0002,part of,organization,og0001,,Tender Notice_PDFs/RAJUK_Tender_1069562.pdf,1
person,pp0010,invited tender,tender,1069562,Project Director,Tender Notice_PDFs/RAJUK_Tender_1069562.pdf,1
organization,og0015,advertised,tender,1069562,,Tender Notice_PDFs/RAJUK_Tender_1069562.pdf,1
tender,1069562,belongs to project,project,pr0009,,Tender Notice_PDFs/RAJUK_Tender_1069562.pdf,1
organization,og0015,part of,organization,og0002,,Tender Notice_PDFs/RAJUK_Tender_1069563.pdf,1
organization,og0002,part of,organization,og0001,,Tender Notice_PDFs/RAJUK_Tender_1069563.pdf,1
person,pp0010,invited tender,tender,1069563,Project Director,Tender Notice_PDFs/RAJUK_Tender_1069563.pdf,1
organization,og0015,advertised,tender,1069563,,Tender Notice_PDFs/RAJUK_Tender_1069563.pdf,1
tender,1069563,belongs to project,project,pr0009,,Tender Notice_PDFs/RAJUK_Tender_1069563.pdf,1
organization,og0015,part of,organization,og0002,,Tender Notice_PDFs/RAJUK_Tender_1069564.pdf,1
organization,og0002,part of,organization,og0001,,Tender Notice_PDFs/RAJUK_Tender_1069564.pdf,1
person,pp0010,invited tender,tender,1069564,Project Director,Tender Notice_PDFs/RAJUK_Tender_1069564.pdf,1
organization,og0015,advertised,tender,1069564,,Tender Notice_PDFs/RAJUK_Tender_1069564.pdf,1
tender,1069564,belongs to project,project,pr0009,,Tender Notice_PDFs/RAJUK_Tender_1069564.pdf,1
organization,og0015,part of,organization,og0002,,Tender Notice_PDFs/RAJUK_Tender_1071058.pdf,1
organization,og0002,part of,organization,og0001,,Tender Notice_PDFs/RAJUK_Tender_1071058.pdf,1
person,pp0010,invited tender,tender,1071058,Project Director,Tender Notice_PDFs/RAJUK_Tender_1071058.pdf,1
organization,og0015,advertised,tender,1071058,,Tender Notice_PDFs/RAJUK_Tender_1071058.pdf,1
tender,1071058,belongs to project,project,pr0009,,Tender Notice_PDFs/RAJUK_Tender_1071058.pdf,1
organization,og0015,part of,organization,og0002,,Tender Notice_PDFs/RAJUK_Tender_1071059.pdf,1
organization,og0002,part of,organization,og0001,,Tender Notice_PDFs/RAJUK_Tender_1071059.pdf,1
person,pp0010,invited tender,tender,1071059,Project Director,Tender Notice_PDFs/RAJUK_Tender_1071059.pdf,1
organization,og0015,advertised,tender,1071059,,Tender Notice_PDFs/RAJUK_Tender_1071059.pdf,1
tender,1071059,belongs to project,project,pr0009,,Tender Notice_PDFs/RAJUK_Tender_1071059.pdf,1
organization,og0011,part of,organization,og0002,,Tender Notice_PDFs/RAJUK_Tender_1074002.pdf,1
organization,og0002,part of,organization,og0001,,Tender Notice_PDFs/RAJUK_Tender_1074002.pdf,1
person,pp0007,invited tender,tender,1074002,Sup. Eng. (Elec.),Tender Notice_PDFs/RAJUK_Tender_1074002.pdf,2
organization,og0011,advertised,tender,1074002,,Tender Notice_PDFs/RAJUK_Tender_1074002.pdf,1
tender,1074002,belongs to project,project,pr0012,,Tender Notice_PDFs/RAJUK_Tender_1074002.pdf,1
organization,og0011,part of,organization,og0002,,Tender Notice_PDFs/RAJUK_Tender_1074022.pdf,1
organization,og0002,part of,organization,og0001,,Tender Notice_PDFs/RAJUK_Tender_1074022.pdf,1
person,pp0007,invited tender,tender,1074022,Sup. Eng. (Elec.),Tender Notice_PDFs/RAJUK_Tender_1074022.pdf,2
organization,og0011,advertised,tender,1074022,,Tender Notice_PDFs/RAJUK_Tender_1074022.pdf,1
tender,1074022,belongs to project,project,pr0012,,Tender Notice_PDFs/RAJUK_Tender_1074022.pdf,1
organization,og0011,part of,organization,og0002,,Tender Notice_PDFs/RAJUK_Tender_1074661.pdf,1
organization,og0002,part of,organization,og0001,,Tender Notice_PDFs/RAJUK_Tender_1074661.pdf,1
person,pp0007,invited tender,tender,1074661,Sup. Eng. (Elec.),Tender Notice_PDFs/RAJUK_Tender_1074661.pdf,1
organization,og0011,advertised,tender,1074661,,Tender Notice_PDFs/RAJUK_Tender_1074661.pdf,1
tender,1074661,belongs to project,project,pr0018,,Tender Notice_PDFs/RAJUK_Tender_1074661.pdf,1
organization,og0008,part of,organization,og0002,,Tender Notice_PDFs/RAJUK_Tender_1077063.pdf,1
organization,og0002,part of,organization,og0001,,Tender Notice_PDFs/RAJUK_Tender_1077063.pdf,1
person,pp0005,invited tender,tender,1077063,Sup. Eng. (Mechanical),Tender Notice_PDFs/RAJUK_Tender_1077063.pdf,1
organization,og0008,advertised,tender,1077063,,Tender Notice_PDFs/RAJUK_Tender_1077063.pdf,1
tender,1077063,belongs to project,project,pr0019,,Tender Notice_PDFs/RAJUK_Tender_1077063.pdf,1
organization,og0025,part of,organization,og0002,,Tender Notice_PDFs/RAJUK_Tender_1077511.pdf,1
organization,og0002,part of,organization,og0001,,Tender Notice_PDFs/RAJUK_Tender_1077511.pdf,1
person,pp0133,invited tender,tender,1077511,Director (Admin),Tender Notice_PDFs/RAJUK_Tender_1077511.pdf,1
organization,og0025,advertised,tender,1077511,,Tender Notice_PDFs/RAJUK_Tender_1077511.pdf,1
tender,1077511,belongs to project,project,pr0099,,Tender Notice_PDFs/RAJUK_Tender_1077511.pdf,1
organization,og0014,part of,organization,og0002,,Tender Notice_PDFs/RAJUK_Tender_1081213.pdf,1
organization,og0002,part of,organization,og0001,,Tender Notice_PDFs/RAJUK_Tender_1081213.pdf,1
person,pp0001,invited tender,tender,1081213,Superintending Engineer,Tender Notice_PDFs/RAJUK_Tender_1081213.pdf,2
organization,og0014,advertised,tender,1081213,,Tender Notice_PDFs/RAJUK_Tender_1081213.pdf,1
tender,1081213,belongs to project,project,pr0020,,Tender Notice_PDFs/RAJUK_Tender_1081213.pdf,1
organization,og0011,part of,organization,og0002,,Tender Notice_PDFs/RAJUK_Tender_1081271.pdf,1
organization,og0002,part of,organization,og0001,,Tender Notice_PDFs/RAJUK_Tender_1081271.pdf,1
person,pp0007,invited tender,tender,1081271,Sup. Eng. (Elec.),Tender Notice_PDFs/RAJUK_Tender_1081271.pdf,2
organization,og0011,advertised,tender,1081271,,Tender Notice_PDFs/RAJUK_Tender_1081271.pdf,1
tender,1081271,belongs to project,project,pr0098,,Tender Notice_PDFs/RAJUK_Tender_1081271.pdf,1
organization,og0011,part of,organization,og0002,,Tender Notice_PDFs/RAJUK_Tender_1081736.pdf,1
organization,og0002,part of,organization,og0001,,Tender Notice_PDFs/RAJUK_Tender_1081736.pdf,1
person,pp0007,invited tender,tender,1081736,Sup. Eng. (Elec.),Tender Notice_PDFs/RAJUK_Tender_1081736.pdf,1
organization,og0011,advertised,tender,1081736,,Tender Notice_PDFs/RAJUK_Tender_1081736.pdf,1
tender,1081736,belongs to project,project,pr0098,,Tender Notice_PDFs/RAJUK_Tender_1081736.pdf,1
organization,og0014,part of,organization,og0002,,Tender Notice_PDFs/RAJUK_Tender_1082494.pdf,1
organization,og0002,part of,organization,og0001,,Tender Notice_PDFs/RAJUK_Tender_1082494.pdf,1
person,pp0001,invited tender,tender,1082494,Superintending Engineer,Tender Notice_PDFs/RAJUK_Tender_1082494.pdf,2
organization,og0014,advertised,tender,1082494,,Tender Notice_PDFs/RAJUK_Tender_1082494.pdf,1
tender,1082494,belongs to project,project,pr0020,,Tender Notice_PDFs/RAJUK_Tender_1082494.pdf,1
organization,og0014,part of,organization,og0002,,Tender Notice_PDFs/RAJUK_Tender_1082495.pdf,1
organization,og0002,part of,organization,og0001,,Tender Notice_PDFs/RAJUK_Tender_1082495.pdf,1
person,pp0001,invited tender,tender,1082495,Superintending Engineer,Tender Notice_PDFs/RAJUK_Tender_1082495.pdf,1
organization,og0014,advertised,tender,1082495,,Tender Notice_PDFs/RAJUK_Tender_1082495.pdf,1
tender,1082495,belongs to project,project,pr0020,,Tender Notice_PDFs/RAJUK_Tender_1082495.pdf,1
organization,og0014,part of,organization,og0002,,Tender Notice_PDFs/RAJUK_Tender_1082496.pdf,1
organization,og0002,part of,organization,og0001,,Tender Notice_PDFs/RAJUK_Tender_1082496.pdf,1
person,pp0001,invited tender,tender,1082496,Superintending Engineer,Tender Notice_PDFs/RAJUK_Tender_1082496.pdf,1
organization,og0014,advertised,tender,1082496,,Tender Notice_PDFs/RAJUK_Tender_1082496.pdf,1
tender,1082496,belongs to project,project,pr0020,,Tender Notice_PDFs/RAJUK_Tender_1082496.pdf,1
organization,og0014,part of,organization,og0002,,Tender Notice_PDFs/RAJUK_Tender_1082525.pdf,1
organization,og0002,part of,organization,og0001,,Tender Notice_PDFs/RAJUK_Tender_1082525.pdf,1
person,pp0001,invited tender,tender,1082525,Superintending Engineer,Tender Notice_PDFs/RAJUK_Tender_1082525.pdf,1
organization,og0014,advertised,tender,1082525,,Tender Notice_PDFs/RAJUK_Tender_1082525.pdf,1
tender,1082525,belongs to project,project,pr0011,,Tender Notice_PDFs/RAJUK_Tender_1082525.pdf,1
organization,og0006,part of,organization,og0002,,Tender Notice_PDFs/RAJUK_Tender_1082896.pdf,1
organization,og0002,part of,organization,og0001,,Tender Notice_PDFs/RAJUK_Tender_1082896.pdf,1
person,pp0003,invited tender,tender,1082896,PD (9apt),Tender Notice_PDFs/RAJUK_Tender_1082896.pdf,1
organization,og0006,advertised,tender,1082896,,Tender Notice_PDFs/RAJUK_Tender_1082896.pdf,1
tender,1082896,belongs to project,project,pr0093,,Tender Notice_PDFs/RAJUK_Tender_1082896.pdf,1
organization,og0006,part of,organization,og0002,,Tender Notice_PDFs/RAJUK_Tender_1082915.pdf,1
organization,og0002,part of,organization,og0001,,Tender Notice_PDFs/RAJUK_Tender_1082915.pdf,1
person,pp0003,invited tender,tender,1082915,PD (9apt),Tender Notice_PDFs/RAJUK_Tender_1082915.pdf,1
organization,og0006,advertised,tender,1082915,,Tender Notice_PDFs/RAJUK_Tender_1082915.pdf,1
tender,1082915,belongs to project,project,pr0093,,Tender Notice_PDFs/RAJUK_Tender_1082915.pdf,1
organization,og0011,part of,organization,og0002,,Tender Notice_PDFs/RAJUK_Tender_1083479.pdf,1
organization,og0002,part of,organization,og0001,,Tender Notice_PDFs/RAJUK_Tender_1083479.pdf,1
person,pp0007,invited tender,tender,1083479,Sup. Eng. (Elec.),Tender Notice_PDFs/RAJUK_Tender_1083479.pdf,1
organization,og0011,advertised,tender,1083479,,Tender Notice_PDFs/RAJUK_Tender_1083479.pdf,1
tender,1083479,belongs to project,project,pr0098,,Tender Notice_PDFs/RAJUK_Tender_1083479.pdf,1
organization,og0011,part of,organization,og0002,,Tender Notice_PDFs/RAJUK_Tender_1083760.pdf,1
organization,og0002,part of,organization,og0001,,Tender Notice_PDFs/RAJUK_Tender_1083760.pdf,1
person,pp0007,invited tender,tender,1083760,Sup. Eng. (Elec.),Tender Notice_PDFs/RAJUK_Tender_1083760.pdf,1
organization,og0011,advertised,tender,1083760,,Tender Notice_PDFs/RAJUK_Tender_1083760.pdf,1
tender,1083760,belongs to project,project,pr0021,,Tender Notice_PDFs/RAJUK_Tender_1083760.pdf,1
organization,og0012,part of,organization,og0002,,Tender Notice_PDFs/RAJUK_Tender_1094618.pdf,1
organization,og0002,part of,organization,og0001,,Tender Notice_PDFs/RAJUK_Tender_1094618.pdf,1
person,pp0004,invited tender,tender,1094618,PD (Uttara Appartment),Tender Notice_PDFs/RAJUK_Tender_1094618.pdf,1
organization,og0012,advertised,tender,1094618,,Tender Notice_PDFs/RAJUK_Tender_1094618.pdf,1
tender,1094618,belongs to project,project,pr0093,,Tender Notice_PDFs/RAJUK_Tender_1094618.pdf,1
organization,og0025,part of,organization,og0002,,Tender Notice_PDFs/RAJUK_Tender_1096839.pdf,1
organization,og0002,part of,organization,og0001,,Tender Notice_PDFs/RAJUK_Tender_1096839.pdf,1
person,pp0018,invited tender,tender,1096839,Director (Admin),Tender Notice_PDFs/RAJUK_Tender_1096839.pdf,1
organization,og0025,advertised,tender,1096839,,Tender Notice_PDFs/RAJUK_Tender_1096839.pdf,1
tender,1096839,belongs to project,project,pr0023,,Tender Notice_PDFs/RAJUK_Tender_1096839.pdf,1
organization,og0025,part of,organization,og0002,,Tender Notice_PDFs/RAJUK_Tender_1096909.pdf,1
organization,og0002,part of,organization,og0001,,Tender Notice_PDFs/RAJUK_Tender_1096909.pdf,1
person,pp0018,invited tender,tender,1096909,Director (Admin),Tender Notice_PDFs/RAJUK_Tender_1096909.pdf,1
organization,og0025,advertised,tender,1096909,,Tender Notice_PDFs/RAJUK_Tender_1096909.pdf,1
tender,1096909,belongs to project,project,pr0023,,Tender Notice_PDFs/RAJUK_Tender_1096909.pdf,1
organization,og0011,part of,organization,og0002,,Tender Notice_PDFs/RAJUK_Tender_1097226.pdf,1
organization,og0002,part of,organization,og0001,,Tender Notice_PDFs/RAJUK_Tender_1097226.pdf,1
person,pp0007,invited tender,tender,1097226,Sup. Eng. (Elec.),Tender Notice_PDFs/RAJUK_Tender_1097226.pdf,1
organization,og0011,advertised,tender,1097226,,Tender Notice_PDFs/RAJUK_Tender_1097226.pdf,1
tender,1097226,belongs to project,project,pr0012,,Tender Notice_PDFs/RAJUK_Tender_1097226.pdf,1
organization,og0011,part of,organization,og0002,,Tender Notice_PDFs/RAJUK_Tender_1097756.pdf,1
organization,og0002,part of,organization,og0001,,Tender Notice_PDFs/RAJUK_Tender_1097756.pdf,1
person,pp0007,invited tender,tender,1097756,Sup. Eng. (Elec.),Tender Notice_PDFs/RAJUK_Tender_1097756.pdf,2
organization,og0011,advertised,tender,1097756,,Tender Notice_PDFs/RAJUK_Tender_1097756.pdf,1
tender,1097756,belongs to project,project,pr0018,,Tender Notice_PDFs/RAJUK_Tender_1097756.pdf,1
organization,og0036,part of,organization,og0002,,Tender Notice_PDFs/RAJUK_Tender_110916.pdf,1
organization,og0002,part of,organization,og0001,,Tender Notice_PDFs/RAJUK_Tender_110916.pdf,1
person,pp0053,invited tender,tender,110916,"Chief Engineer, Project & Design",Tender Notice_PDFs/RAJUK_Tender_110916.pdf,1
organization,og0036,advertised,tender,110916,,Tender Notice_PDFs/RAJUK_Tender_110916.pdf,1
tender,110916,belongs to project,project,pr0100,,Tender Notice_PDFs/RAJUK_Tender_110916.pdf,1
organization,og0008,part of,organization,og0002,,Tender Notice_PDFs/RAJUK_Tender_1109349.pdf,1
organization,og0002,part of,organization,og0001,,Tender Notice_PDFs/RAJUK_Tender_1109349.pdf,1
person,pp0005,invited tender,tender,1109349,Sup. Eng. (Mechanical),Tender Notice_PDFs/RAJUK_Tender_1109349.pdf,1
organization,og0008,advertised,tender,1109349,,Tender Notice_PDFs/RAJUK_Tender_1109349.pdf,1
tender,1109349,belongs to project,project,pr0004,,Tender Notice_PDFs/RAJUK_Tender_1109349.pdf,1
organization,og0008,part of,organization,og0002,,Tender Notice_PDFs/RAJUK_Tender_1109365.pdf,1
organization,og0002,part of,organization,og0001,,Tender Notice_PDFs/RAJUK_Tender_1109365.pdf,1
person,pp0005,invited tender,tender,1109365,Sup. Eng. (Mechanical),Tender Notice_PDFs/RAJUK_Tender_1109365.pdf,1
organization,og0008,advertised,tender,1109365,,Tender Notice_PDFs/RAJUK_Tender_1109365.pdf,1
tender,1109365,belongs to project,project,pr0015,,Tender Notice_PDFs/RAJUK_Tender_1109365.pdf,1
organization,og0104,part of,organization,og0095,,Tender Notice_PDFs/RAJUK_Tender_111480.pdf,1
organization,og0095,part of,organization,og0094,,Tender Notice_PDFs/RAJUK_Tender_111480.pdf,1
person,pp0021,invited tender,tender,111480,Executive Engineer,Tender Notice_PDFs/RAJUK_Tender_111480.pdf,1
organization,og0104,advertised,tender,111480,,Tender Notice_PDFs/RAJUK_Tender_111480.pdf,1
tender,111480,belongs to project,project,pr0025,,Tender Notice_PDFs/RAJUK_Tender_111480.pdf,1
organization,og0006,part of,organization,og0002,,Tender Notice_PDFs/RAJUK_Tender_1117569.pdf,1
organization,og0002,part of,organization,og0001,,Tender Notice_PDFs/RAJUK_Tender_1117569.pdf,1
person,pp0003,invited tender,tender,1117569,PD (9apt),Tender Notice_PDFs/RAJUK_Tender_1117569.pdf,1
organization,og0006,advertised,tender,1117569,,Tender Notice_PDFs/RAJUK_Tender_1117569.pdf,1
tender,1117569,belongs to project,project,pr0093,,Tender Notice_PDFs/RAJUK_Tender_1117569.pdf,1
organization,og0007,part of,organization,og0002,,Tender Notice_PDFs/RAJUK_Tender_1123494.pdf,1
organization,og0002,part of,organization,og0001,,Tender Notice_PDFs/RAJUK_Tender_1123494.pdf,1
person,pp0004,invited tender,tender,1123494,Superintending Engineer,Tender Notice_PDFs/RAJUK_Tender_1123494.pdf,1
organization,og0007,advertised,tender,1123494,,Tender Notice_PDFs/RAJUK_Tender_1123494.pdf,1
tender,1123494,belongs to project,project,pr0093,,Tender Notice_PDFs/RAJUK_Tender_1123494.pdf,1
organization,og0007,part of,organization,og0002,,Tender Notice_PDFs/RAJUK_Tender_1124881.pdf,1
organization,og0002,part of,organization,og0001,,Tender Notice_PDFs/RAJUK_Tender_1124881.pdf,1
person,pp0004,invited tender,tender,1124881,Superintending Engineer,Tender Notice_PDFs/RAJUK_Tender_1124881.pdf,1
organization,og0007,advertised,tender,1124881,,Tender Notice_PDFs/RAJUK_Tender_1124881.pdf,1
tender,1124881,belongs to project,project,pr0093,,Tender Notice_PDFs/RAJUK_Tender_1124881.pdf,1
organization,og0025,part of,organization,og0002,,Tender Notice_PDFs/RAJUK_Tender_1129777.pdf,1
organization,og0002,part of,organization,og0001,,Tender Notice_PDFs/RAJUK_Tender_1129777.pdf,1
person,pp0018,invited tender,tender,1129777,Director (Admin),Tender Notice_PDFs/RAJUK_Tender_1129777.pdf,1
organization,og0025,advertised,tender,1129777,,Tender Notice_PDFs/RAJUK_Tender_1129777.pdf,1
tender,1129777,belongs to project,project,pr0099,,Tender Notice_PDFs/RAJUK_Tender_1129777.pdf,1
organization,og0032,part of,organization,og0002,,Tender Notice_PDFs/RAJUK_Tender_113428.pdf,1
organization,og0002,part of,organization,og0001,,Tender Notice_PDFs/RAJUK_Tender_113428.pdf,1
person,pp0025,invited tender,tender,113428,"Chief Engineer, Implementation",Tender Notice_PDFs/RAJUK_Tender_113428.pdf,1
organization,og0032,advertised,tender,113428,,Tender Notice_PDFs/RAJUK_Tender_113428.pdf,1
tender,113428,belongs to project,project,pr0009,,Tender Notice_PDFs/RAJUK_Tender_113428.pdf,1
organization,og0008,part of,organization,og0002,,Tender Notice_PDFs/RAJUK_Tender_1134392.pdf,1
organization,og0002,part of,organization,og0001,,Tender Notice_PDFs/RAJUK_Tender_1134392.pdf,1
person,pp0005,invited tender,tender,1134392,Sup. Eng. (Mechanical),Tender Notice_PDFs/RAJUK_Tender_1134392.pdf,1
organization,og0008,advertised,tender,1134392,,Tender Notice_PDFs/RAJUK_Tender_1134392.pdf,1
tender,1134392,belongs to project,project,pr0028,,Tender Notice_PDFs/RAJUK_Tender_1134392.pdf,1
organization,og0008,part of,organization,og0002,,Tender Notice_PDFs/RAJUK_Tender_1134396.pdf,1
organization,og0002,part of,organization,og0001,,Tender Notice_PDFs/RAJUK_Tender_1134396.pdf,1
person,pp0005,invited tender,tender,1134396,Sup. Eng. (Mechanical),Tender Notice_PDFs/RAJUK_Tender_1134396.pdf,1
organization,og0008,advertised,tender,1134396,,Tender Notice_PDFs/RAJUK_Tender_1134396.pdf,1
tender,1134396,belongs to project,project,pr0015,,Tender Notice_PDFs/RAJUK_Tender_1134396.pdf,1
organization,og0011,part of,organization,og0002,,Tender Notice_PDFs/RAJUK_Tender_1135936.pdf,1
organization,og0002,part of,organization,og0001,,Tender Notice_PDFs/RAJUK_Tender_1135936.pdf,1
person,pp0007,invited tender,tender,1135936,Sup. Eng. (Elec.),Tender Notice_PDFs/RAJUK_Tender_1135936.pdf,2
organization,og0011,advertised,tender,1135936,,Tender Notice_PDFs/RAJUK_Tender_1135936.pdf,1
tender,1135936,belongs to project,project,pr0027,,Tender Notice_PDFs/RAJUK_Tender_1135936.pdf,1
organization,og0007,part of,organization,og0002,,Tender Notice_PDFs/RAJUK_Tender_1135970.pdf,1
organization,og0002,part of,organization,og0001,,Tender Notice_PDFs/RAJUK_Tender_1135970.pdf,1
person,pp0004,invited tender,tender,1135970,Superintending Engineer,Tender Notice_PDFs/RAJUK_Tender_1135970.pdf,1
organization,og0007,advertised,tender,1135970,,Tender Notice_PDFs/RAJUK_Tender_1135970.pdf,1
tender,1135970,belongs to project,project,pr0093,,Tender Notice_PDFs/RAJUK_Tender_1135970.pdf,1
organization,og0006,part of,organization,og0002,,Tender Notice_PDFs/RAJUK_Tender_1138415.pdf,1
organization,og0002,part of,organization,og0001,,Tender Notice_PDFs/RAJUK_Tender_1138415.pdf,1
person,pp0003,invited tender,tender,1138415,PD (9apt),Tender Notice_PDFs/RAJUK_Tender_1138415.pdf,1
organization,og0006,advertised,tender,1138415,,Tender Notice_PDFs/RAJUK_Tender_1138415.pdf,1
tender,1138415,belongs to project,project,pr0093,,Tender Notice_PDFs/RAJUK_Tender_1138415.pdf,1
organization,og0008,part of,organization,og0002,,Tender Notice_PDFs/RAJUK_Tender_1140010.pdf,1
organization,og0002,part of,organization,og0001,,Tender Notice_PDFs/RAJUK_Tender_1140010.pdf,1
person,pp0005,invited tender,tender,1140010,Sup. Eng. (Mechanical),Tender Notice_PDFs/RAJUK_Tender_1140010.pdf,1
organization,og0008,advertised,tender,1140010,,Tender Notice_PDFs/RAJUK_Tender_1140010.pdf,1
tender,1140010,belongs to project,project,pr0028,,Tender Notice_PDFs/RAJUK_Tender_1140010.pdf,1
organization,og0008,part of,organization,og0002,,Tender Notice_PDFs/RAJUK_Tender_1140011.pdf,1
organization,og0002,part of,organization,og0001,,Tender Notice_PDFs/RAJUK_Tender_1140011.pdf,1
person,pp0005,invited tender,tender,1140011,Sup. Eng. (Mechanical),Tender Notice_PDFs/RAJUK_Tender_1140011.pdf,2
organization,og0008,advertised,tender,1140011,,Tender Notice_PDFs/RAJUK_Tender_1140011.pdf,1
tender,1140011,belongs to project,project,pr0028,,Tender Notice_PDFs/RAJUK_Tender_1140011.pdf,1
organization,og0032,part of,organization,og0002,,Tender Notice_PDFs/RAJUK_Tender_114054.pdf,1
organization,og0002,part of,organization,og0001,,Tender Notice_PDFs/RAJUK_Tender_114054.pdf,1
person,pp0025,invited tender,tender,114054,"Chief Engineer, Implementation",Tender Notice_PDFs/RAJUK_Tender_114054.pdf,1
organization,og0032,advertised,tender,114054,,Tender Notice_PDFs/RAJUK_Tender_114054.pdf,1
tender,114054,belongs to project,project,pr0039,,Tender Notice_PDFs/RAJUK_Tender_114054.pdf,1
organization,og0011,part of,organization,og0002,,Tender Notice_PDFs/RAJUK_Tender_1146506.pdf,1
organization,og0002,part of,organization,og0001,,Tender Notice_PDFs/RAJUK_Tender_1146506.pdf,1
person,pp0007,invited tender,tender,1146506,Sup. Eng. (Elec.),Tender Notice_PDFs/RAJUK_Tender_1146506.pdf,2
organization,og0011,advertised,tender,1146506,,Tender Notice_PDFs/RAJUK_Tender_1146506.pdf,1
tender,1146506,belongs to project,project,pr0030,,Tender Notice_PDFs/RAJUK_Tender_1146506.pdf,1
organization,og0011,part of,organization,og0002,,Tender Notice_PDFs/RAJUK_Tender_1146509.pdf,1
organization,og0002,part of,organization,og0001,,Tender Notice_PDFs/RAJUK_Tender_1146509.pdf,1
person,pp0007,invited tender,tender,1146509,Sup. Eng. (Elec.),Tender Notice_PDFs/RAJUK_Tender_1146509.pdf,2
organization,og0011,advertised,tender,1146509,,Tender Notice_PDFs/RAJUK_Tender_1146509.pdf,1
tender,1146509,belongs to project,project,pr0031,,Tender Notice_PDFs/RAJUK_Tender_1146509.pdf,1
organization,og0011,part of,organization,og0002,,Tender Notice_PDFs/RAJUK_Tender_1146510.pdf,1
organization,og0002,part of,organization,og0001,,Tender Notice_PDFs/RAJUK_Tender_1146510.pdf,1
person,pp0007,invited tender,tender,1146510,Sup. Eng. (Elec.),Tender Notice_PDFs/RAJUK_Tender_1146510.pdf,1
organization,og0011,advertised,tender,1146510,,Tender Notice_PDFs/RAJUK_Tender_1146510.pdf,1
tender,1146510,belongs to project,project,pr0031,,Tender Notice_PDFs/RAJUK_Tender_1146510.pdf,1
organization,og0011,part of,organization,og0002,,Tender Notice_PDFs/RAJUK_Tender_1146511.pdf,1
organization,og0002,part of,organization,og0001,,Tender Notice_PDFs/RAJUK_Tender_1146511.pdf,1
person,pp0007,invited tender,tender,1146511,Sup. Eng. (Elec.),Tender Notice_PDFs/RAJUK_Tender_1146511.pdf,1
organization,og0011,advertised,tender,1146511,,Tender Notice_PDFs/RAJUK_Tender_1146511.pdf,1
tender,1146511,belongs to project,project,pr0032,,Tender Notice_PDFs/RAJUK_Tender_1146511.pdf,1
organization,og0011,part of,organization,og0002,,Tender Notice_PDFs/RAJUK_Tender_1147755.pdf,1
organization,og0002,part of,organization,og0001,,Tender Notice_PDFs/RAJUK_Tender_1147755.pdf,1
person,pp0007,invited tender,tender,1147755,Sup. Eng. (Elec.),Tender Notice_PDFs/RAJUK_Tender_1147755.pdf,1
organization,og0011,advertised,tender,1147755,,Tender Notice_PDFs/RAJUK_Tender_1147755.pdf,1
tender,1147755,belongs to project,project,pr0008,,Tender Notice_PDFs/RAJUK_Tender_1147755.pdf,1
organization,og0007,part of,organization,og0002,,Tender Notice_PDFs/RAJUK_Tender_1149822.pdf,1
organization,og0002,part of,organization,og0001,,Tender Notice_PDFs/RAJUK_Tender_1149822.pdf,1
person,pp0004,invited tender,tender,1149822,Superintending Engineer,Tender Notice_PDFs/RAJUK_Tender_1149822.pdf,1
organization,og0007,advertised,tender,1149822,,Tender Notice_PDFs/RAJUK_Tender_1149822.pdf,1
tender,1149822,belongs to project,project,pr0093,,Tender Notice_PDFs/RAJUK_Tender_1149822.pdf,1
organization,og0008,part of,organization,og0002,,Tender Notice_PDFs/RAJUK_Tender_1154317.pdf,1
organization,og0002,part of,organization,og0001,,Tender Notice_PDFs/RAJUK_Tender_1154317.pdf,1
person,pp0005,invited tender,tender,1154317,Sup. Eng. (Mechanical),Tender Notice_PDFs/RAJUK_Tender_1154317.pdf,1
organization,og0008,advertised,tender,1154317,,Tender Notice_PDFs/RAJUK_Tender_1154317.pdf,1
tender,1154317,belongs to project,project,pr0019,,Tender Notice_PDFs/RAJUK_Tender_1154317.pdf,1
organization,og0008,part of,organization,og0002,,Tender Notice_PDFs/RAJUK_Tender_1167810.pdf,1
organization,og0002,part of,organization,og0001,,Tender Notice_PDFs/RAJUK_Tender_1167810.pdf,1
person,pp0005,invited tender,tender,1167810,Sup. Eng. (Mechanical),Tender Notice_PDFs/RAJUK_Tender_1167810.pdf,1
organization,og0008,advertised,tender,1167810,,Tender Notice_PDFs/RAJUK_Tender_1167810.pdf,1
tender,1167810,belongs to project,project,pr0004,,Tender Notice_PDFs/RAJUK_Tender_1167810.pdf,1
organization,og0037,part of,organization,og0002,,Tender Notice_PDFs/RAJUK_Tender_1170765.pdf,1
organization,og0002,part of,organization,og0001,,Tender Notice_PDFs/RAJUK_Tender_1170765.pdf,1
person,pp0001,invited tender,tender,1170765,PD ( Gulshan-Banani-Baridhara Lake,Tender Notice_PDFs/RAJUK_Tender_1170765.pdf,1
organization,og0037,advertised,tender,1170765,,Tender Notice_PDFs/RAJUK_Tender_1170765.pdf,1
tender,1170765,belongs to project,project,pr0039,,Tender Notice_PDFs/RAJUK_Tender_1170765.pdf,1
organization,og0037,part of,organization,og0002,,Tender Notice_PDFs/RAJUK_Tender_1170766.pdf,1
organization,og0002,part of,organization,og0001,,Tender Notice_PDFs/RAJUK_Tender_1170766.pdf,1
person,pp0001,invited tender,tender,1170766,PD ( Gulshan-Banani-Baridhara Lake,Tender Notice_PDFs/RAJUK_Tender_1170766.pdf,1
organization,og0037,advertised,tender,1170766,,Tender Notice_PDFs/RAJUK_Tender_1170766.pdf,1
tender,1170766,belongs to project,project,pr0039,,Tender Notice_PDFs/RAJUK_Tender_1170766.pdf,1
organization,og0006,part of,organization,og0002,,Tender Notice_PDFs/RAJUK_Tender_1173557.pdf,1
organization,og0002,part of,organization,og0001,,Tender Notice_PDFs/RAJUK_Tender_1173557.pdf,1
person,pp0003,invited tender,tender,1173557,PD (9apt),Tender Notice_PDFs/RAJUK_Tender_1173557.pdf,1
organization,og0006,advertised,tender,1173557,,Tender Notice_PDFs/RAJUK_Tender_1173557.pdf,1
tender,1173557,belongs to project,project,pr0093,,Tender Notice_PDFs/RAJUK_Tender_1173557.pdf,1
organization,og0011,part of,organization,og0002,,Tender Notice_PDFs/RAJUK_Tender_1186178.pdf,1
organization,og0002,part of,organization,og0001,,Tender Notice_PDFs/RAJUK_Tender_1186178.pdf,1
person,pp0007,invited tender,tender,1186178,Sup. Eng. (Elec.),Tender Notice_PDFs/RAJUK_Tender_1186178.pdf,1
organization,og0011,advertised,tender,1186178,,Tender Notice_PDFs/RAJUK_Tender_1186178.pdf,1
tender,1186178,belongs to project,project,pr0034,,Tender Notice_PDFs/RAJUK_Tender_1186178.pdf,1
organization,og0011,part of,organization,og0002,,Tender Notice_PDFs/RAJUK_Tender_1186179.pdf,1
organization,og0002,part of,organization,og0001,,Tender Notice_PDFs/RAJUK_Tender_1186179.pdf,1
person,pp0007,invited tender,tender,1186179,Sup. Eng. (Elec.),Tender Notice_PDFs/RAJUK_Tender_1186179.pdf,1
organization,og0011,advertised,tender,1186179,,Tender Notice_PDFs/RAJUK_Tender_1186179.pdf,1
tender,1186179,belongs to project,project,pr0034,,Tender Notice_PDFs/RAJUK_Tender_1186179.pdf,1
organization,og0011,part of,organization,og0002,,Tender Notice_PDFs/RAJUK_Tender_1189629.pdf,1
organization,og0002,part of,organization,og0001,,Tender Notice_PDFs/RAJUK_Tender_1189629.pdf,1
person,pp0007,invited tender,tender,1189629,Sup. Eng. (Elec.),Tender Notice_PDFs/RAJUK_Tender_1189629.pdf,2
organization,og0011,advertised,tender,1189629,,Tender Notice_PDFs/RAJUK_Tender_1189629.pdf,1
tender,1189629,belongs to project,project,pr0012,,Tender Notice_PDFs/RAJUK_Tender_1189629.pdf,1
organization,og0032,part of,organization,og0002,,Tender Notice_PDFs/RAJUK_Tender_119326.pdf,1
organization,og0002,part of,organization,og0001,,Tender Notice_PDFs/RAJUK_Tender_119326.pdf,1
person,pp0025,invited tender,tender,119326,"Chief Engineer, Implementation",Tender Notice_PDFs/RAJUK_Tender_119326.pdf,1
organization,og0032,advertised,tender,119326,,Tender Notice_PDFs/RAJUK_Tender_119326.pdf,1
tender,119326,belongs to project,project,pr0035,,Tender Notice_PDFs/RAJUK_Tender_119326.pdf,1
organization,og0032,part of,organization,og0002,,Tender Notice_PDFs/RAJUK_Tender_119498.pdf,1
organization,og0002,part of,organization,og0001,,Tender Notice_PDFs/RAJUK_Tender_119498.pdf,1
person,pp0025,invited tender,tender,119498,"Chief Engineer, Implementation",Tender Notice_PDFs/RAJUK_Tender_119498.pdf,1
organization,og0032,advertised,tender,119498,,Tender Notice_PDFs/RAJUK_Tender_119498.pdf,1
tender,119498,belongs to project,project,pr0035,,Tender Notice_PDFs/RAJUK_Tender_119498.pdf,1
organization,og0032,part of,organization,og0002,,Tender Notice_PDFs/RAJUK_Tender_119500.pdf,1
organization,og0002,part of,organization,og0001,,Tender Notice_PDFs/RAJUK_Tender_119500.pdf,1
person,pp0025,invited tender,tender,119500,"Chief Engineer, Implementation",Tender Notice_PDFs/RAJUK_Tender_119500.pdf,1
organization,og0032,advertised,tender,119500,,Tender Notice_PDFs/RAJUK_Tender_119500.pdf,1
tender,119500,belongs to project,project,pr0035,,Tender Notice_PDFs/RAJUK_Tender_119500.pdf,1
organization,og0032,part of,organization,og0002,,Tender Notice_PDFs/RAJUK_Tender_119545.pdf,1
organization,og0002,part of,organization,og0001,,Tender Notice_PDFs/RAJUK_Tender_119545.pdf,1
person,pp0025,invited tender,tender,119545,"Chief Engineer, Implementation",Tender Notice_PDFs/RAJUK_Tender_119545.pdf,1
organization,og0032,advertised,tender,119545,,Tender Notice_PDFs/RAJUK_Tender_119545.pdf,1
tender,119545,belongs to project,project,pr0035,,Tender Notice_PDFs/RAJUK_Tender_119545.pdf,1
organization,og0036,part of,organization,og0002,,Tender Notice_PDFs/RAJUK_Tender_119629.pdf,1
organization,og0002,part of,organization,og0001,,Tender Notice_PDFs/RAJUK_Tender_119629.pdf,1
person,pp0053,invited tender,tender,119629,"Chief Engineer, Project & Design",Tender Notice_PDFs/RAJUK_Tender_119629.pdf,1
organization,og0036,advertised,tender,119629,,Tender Notice_PDFs/RAJUK_Tender_119629.pdf,1
tender,119629,belongs to project,project,pr0009,,Tender Notice_PDFs/RAJUK_Tender_119629.pdf,1
organization,og0036,part of,organization,og0002,,Tender Notice_PDFs/RAJUK_Tender_119632.pdf,1
organization,og0002,part of,organization,og0001,,Tender Notice_PDFs/RAJUK_Tender_119632.pdf,1
person,pp0053,invited tender,tender,119632,"Chief Engineer, Project & Design",Tender Notice_PDFs/RAJUK_Tender_119632.pdf,1
organization,og0036,advertised,tender,119632,,Tender Notice_PDFs/RAJUK_Tender_119632.pdf,1
tender,119632,belongs to project,project,pr0050,,Tender Notice_PDFs/RAJUK_Tender_119632.pdf,1
organization,og0036,part of,organization,og0002,,Tender Notice_PDFs/RAJUK_Tender_119636.pdf,1
organization,og0002,part of,organization,og0001,,Tender Notice_PDFs/RAJUK_Tender_119636.pdf,1
person,pp0053,invited tender,tender,119636,"Chief Engineer, Project & Design",Tender Notice_PDFs/RAJUK_Tender_119636.pdf,1
organization,og0036,advertised,tender,119636,,Tender Notice_PDFs/RAJUK_Tender_119636.pdf,1
tender,119636,belongs to project,project,pr0036,,Tender Notice_PDFs/RAJUK_Tender_119636.pdf,1
organization,og0008,part of,organization,og0002,,Tender Notice_PDFs/RAJUK_Tender_1205116.pdf,1
organization,og0002,part of,organization,og0001,,Tender Notice_PDFs/RAJUK_Tender_1205116.pdf,1
person,pp0005,invited tender,tender,1205116,Sup. Eng. (Mechanical),Tender Notice_PDFs/RAJUK_Tender_1205116.pdf,1
organization,og0008,advertised,tender,1205116,,Tender Notice_PDFs/RAJUK_Tender_1205116.pdf,1
tender,1205116,belongs to project,project,pr0019,,Tender Notice_PDFs/RAJUK_Tender_1205116.pdf,1
organization,og0011,part of,organization,og0002,,Tender Notice_PDFs/RAJUK_Tender_1205153.pdf,1
organization,og0002,part of,organization,og0001,,Tender Notice_PDFs/RAJUK_Tender_1205153.pdf,1
person,pp0007,invited tender,tender,1205153,Sup. Eng. (Elec.),Tender Notice_PDFs/RAJUK_Tender_1205153.pdf,1
organization,og0011,advertised,tender,1205153,,Tender Notice_PDFs/RAJUK_Tender_1205153.pdf,1
tender,1205153,belongs to project,project,pr0030,,Tender Notice_PDFs/RAJUK_Tender_1205153.pdf,1
organization,og0011,part of,organization,og0002,,Tender Notice_PDFs/RAJUK_Tender_1205154.pdf,1
organization,og0002,part of,organization,og0001,,Tender Notice_PDFs/RAJUK_Tender_1205154.pdf,1
person,pp0007,invited tender,tender,1205154,Sup. Eng. (Elec.),Tender Notice_PDFs/RAJUK_Tender_1205154.pdf,2
organization,og0011,advertised,tender,1205154,,Tender Notice_PDFs/RAJUK_Tender_1205154.pdf,1
tender,1205154,belongs to project,project,pr0037,,Tender Notice_PDFs/RAJUK_Tender_1205154.pdf,1
organization,og0011,part of,organization,og0002,,Tender Notice_PDFs/RAJUK_Tender_1205157.pdf,1
organization,og0002,part of,organization,og0001,,Tender Notice_PDFs/RAJUK_Tender_1205157.pdf,1
person,pp0007,invited tender,tender,1205157,Sup. Eng. (Elec.),Tender Notice_PDFs/RAJUK_Tender_1205157.pdf,1
organization,og0011,advertised,tender,1205157,,Tender Notice_PDFs/RAJUK_Tender_1205157.pdf,1
tender,1205157,belongs to project,project,pr0038,,Tender Notice_PDFs/RAJUK_Tender_1205157.pdf,1
organization,og0011,part of,organization,og0002,,Tender Notice_PDFs/RAJUK_Tender_1205162.pdf,1
organization,og0002,part of,organization,og0001,,Tender Notice_PDFs/RAJUK_Tender_1205162.pdf,1
person,pp0007,invited tender,tender,1205162,Sup. Eng. (Elec.),Tender Notice_PDFs/RAJUK_Tender_1205162.pdf,1
organization,og0011,advertised,tender,1205162,,Tender Notice_PDFs/RAJUK_Tender_1205162.pdf,1
tender,1205162,belongs to project,project,pr0018,,Tender Notice_PDFs/RAJUK_Tender_1205162.pdf,1
organization,og0011,part of,organization,og0002,,Tender Notice_PDFs/RAJUK_Tender_1206004.pdf,1
organization,og0002,part of,organization,og0001,,Tender Notice_PDFs/RAJUK_Tender_1206004.pdf,1
person,pp0007,invited tender,tender,1206004,Sup. Eng. (Elec.),Tender Notice_PDFs/RAJUK_Tender_1206004.pdf,1
organization,og0011,advertised,tender,1206004,,Tender Notice_PDFs/RAJUK_Tender_1206004.pdf,1
tender,1206004,belongs to project,project,pr0037,,Tender Notice_PDFs/RAJUK_Tender_1206004.pdf,1
organization,og0023,part of,organization,og0002,,Tender Notice_PDFs/RAJUK_Tender_1207633.pdf,1
organization,og0002,part of,organization,og0001,,Tender Notice_PDFs/RAJUK_Tender_1207633.pdf,1
person,pp0015,invited tender,tender,1207633,PD (Jhilmil),Tender Notice_PDFs/RAJUK_Tender_1207633.pdf,1
organization,og0023,advertised,tender,1207633,,Tender Notice_PDFs/RAJUK_Tender_1207633.pdf,1
tender,1207633,belongs to project,project,pr0017,,Tender Notice_PDFs/RAJUK_Tender_1207633.pdf,1
organization,og0023,part of,organization,og0002,,Tender Notice_PDFs/RAJUK_Tender_1207634.pdf,1
organization,og0002,part of,organization,og0001,,Tender Notice_PDFs/RAJUK_Tender_1207634.pdf,1
person,pp0015,invited tender,tender,1207634,PD (Jhilmil),Tender Notice_PDFs/RAJUK_Tender_1207634.pdf,1
organization,og0023,advertised,tender,1207634,,Tender Notice_PDFs/RAJUK_Tender_1207634.pdf,1
tender,1207634,belongs to project,project,pr0017,,Tender Notice_PDFs/RAJUK_Tender_1207634.pdf,1
organization,og0023,part of,organization,og0002,,Tender Notice_PDFs/RAJUK_Tender_1207635.pdf,1
organization,og0002,part of,organization,og0001,,Tender Notice_PDFs/RAJUK_Tender_1207635.pdf,1
person,pp0015,invited tender,tender,1207635,PD (Jhilmil),Tender Notice_PDFs/RAJUK_Tender_1207635.pdf,1
organization,og0023,advertised,tender,1207635,,Tender Notice_PDFs/RAJUK_Tender_1207635.pdf,1
tender,1207635,belongs to project,project,pr0017,,Tender Notice_PDFs/RAJUK_Tender_1207635.pdf,1
organization,og0023,part of,organization,og0002,,Tender Notice_PDFs/RAJUK_Tender_1207636.pdf,1
organization,og0002,part of,organization,og0001,,Tender Notice_PDFs/RAJUK_Tender_1207636.pdf,1
person,pp0015,invited tender,tender,1207636,PD (Jhilmil),Tender Notice_PDFs/RAJUK_Tender_1207636.pdf,1
organization,og0023,advertised,tender,1207636,,Tender Notice_PDFs/RAJUK_Tender_1207636.pdf,1
tender,1207636,belongs to project,project,pr0017,,Tender Notice_PDFs/RAJUK_Tender_1207636.pdf,1
organization,og0023,part of,organization,og0002,,Tender Notice_PDFs/RAJUK_Tender_1207637.pdf,1
organization,og0002,part of,organization,og0001,,Tender Notice_PDFs/RAJUK_Tender_1207637.pdf,1
person,pp0015,invited tender,tender,1207637,PD (Jhilmil),Tender Notice_PDFs/RAJUK_Tender_1207637.pdf,1
organization,og0023,advertised,tender,1207637,,Tender Notice_PDFs/RAJUK_Tender_1207637.pdf,1
tender,1207637,belongs to project,project,pr0017,,Tender Notice_PDFs/RAJUK_Tender_1207637.pdf,1
organization,og0011,part of,organization,og0002,,Tender Notice_PDFs/RAJUK_Tender_1215675.pdf,1
organization,og0002,part of,organization,og0001,,Tender Notice_PDFs/RAJUK_Tender_1215675.pdf,1
person,pp0007,invited tender,tender,1215675,Sup. Eng. (Elec.),Tender Notice_PDFs/RAJUK_Tender_1215675.pdf,1
organization,og0011,advertised,tender,1215675,,Tender Notice_PDFs/RAJUK_Tender_1215675.pdf,1
tender,1215675,belongs to project,project,pr0021,,Tender Notice_PDFs/RAJUK_Tender_1215675.pdf,1
organization,og0011,part of,organization,og0002,,Tender Notice_PDFs/RAJUK_Tender_1215677.pdf,1
organization,og0002,part of,organization,og0001,,Tender Notice_PDFs/RAJUK_Tender_1215677.pdf,1
person,pp0007,invited tender,tender,1215677,Sup. Eng. (Elec.),Tender Notice_PDFs/RAJUK_Tender_1215677.pdf,1
organization,og0011,advertised,tender,1215677,,Tender Notice_PDFs/RAJUK_Tender_1215677.pdf,1
tender,1215677,belongs to project,project,pr0021,,Tender Notice_PDFs/RAJUK_Tender_1215677.pdf,1
organization,og0032,part of,organization,og0002,,Tender Notice_PDFs/RAJUK_Tender_122105.pdf,1
organization,og0002,part of,organization,og0001,,Tender Notice_PDFs/RAJUK_Tender_122105.pdf,1
person,pp0025,invited tender,tender,122105,"Chief Engineer, Implementation",Tender Notice_PDFs/RAJUK_Tender_122105.pdf,1
organization,og0032,advertised,tender,122105,,Tender Notice_PDFs/RAJUK_Tender_122105.pdf,1
tender,122105,belongs to project,project,pr0054,,Tender Notice_PDFs/RAJUK_Tender_122105.pdf,1
organization,og0011,part of,organization,og0002,,Tender Notice_PDFs/RAJUK_Tender_1222794.pdf,1
organization,og0002,part of,organization,og0001,,Tender Notice_PDFs/RAJUK_Tender_1222794.pdf,1
person,pp0007,invited tender,tender,1222794,Sup. Eng. (Elec.),Tender Notice_PDFs/RAJUK_Tender_1222794.pdf,1
organization,og0011,advertised,tender,1222794,,Tender Notice_PDFs/RAJUK_Tender_1222794.pdf,1
tender,1222794,belongs to project,project,pr0098,,Tender Notice_PDFs/RAJUK_Tender_1222794.pdf,1
organization,og0011,part of,organization,og0002,,Tender Notice_PDFs/RAJUK_Tender_1222799.pdf,1
organization,og0002,part of,organization,og0001,,Tender Notice_PDFs/RAJUK_Tender_1222799.pdf,1
person,pp0007,invited tender,tender,1222799,Sup. Eng. (Elec.),Tender Notice_PDFs/RAJUK_Tender_1222799.pdf,1
organization,og0011,advertised,tender,1222799,,Tender Notice_PDFs/RAJUK_Tender_1222799.pdf,1
tender,1222799,belongs to project,project,pr0012,,Tender Notice_PDFs/RAJUK_Tender_1222799.pdf,1
organization,og0037,part of,organization,og0002,,Tender Notice_PDFs/RAJUK_Tender_1225895.pdf,1
organization,og0002,part of,organization,og0001,,Tender Notice_PDFs/RAJUK_Tender_1225895.pdf,1
person,pp0001,invited tender,tender,1225895,PD ( Gulshan-Banani-Baridhara Lake,Tender Notice_PDFs/RAJUK_Tender_1225895.pdf,1
organization,og0037,advertised,tender,1225895,,Tender Notice_PDFs/RAJUK_Tender_1225895.pdf,1
tender,1225895,belongs to project,project,pr0039,,Tender Notice_PDFs/RAJUK_Tender_1225895.pdf,1
organization,og0037,part of,organization,og0002,,Tender Notice_PDFs/RAJUK_Tender_1225896.pdf,1
organization,og0002,part of,organization,og0001,,Tender Notice_PDFs/RAJUK_Tender_1225896.pdf,1
person,pp0001,invited tender,tender,1225896,PD ( Gulshan-Banani-Baridhara Lake,Tender Notice_PDFs/RAJUK_Tender_1225896.pdf,1
organization,og0037,advertised,tender,1225896,,Tender Notice_PDFs/RAJUK_Tender_1225896.pdf,1
tender,1225896,belongs to project,project,pr0039,,Tender Notice_PDFs/RAJUK_Tender_1225896.pdf,1
organization,og0011,part of,organization,og0002,,Tender Notice_PDFs/RAJUK_Tender_1232699.pdf,1
organization,og0002,part of,organization,og0001,,Tender Notice_PDFs/RAJUK_Tender_1232699.pdf,1
person,pp0007,invited tender,tender,1232699,Sup. Eng. (Elec.),Tender Notice_PDFs/RAJUK_Tender_1232699.pdf,1
organization,og0011,advertised,tender,1232699,,Tender Notice_PDFs/RAJUK_Tender_1232699.pdf,1
tender,1232699,belongs to project,project,pr0037,,Tender Notice_PDFs/RAJUK_Tender_1232699.pdf,1
organization,og0011,part of,organization,og0002,,Tender Notice_PDFs/RAJUK_Tender_1234620.pdf,1
organization,og0002,part of,organization,og0001,,Tender Notice_PDFs/RAJUK_Tender_1234620.pdf,1
person,pp0007,invited tender,tender,1234620,Sup. Eng. (Elec.),Tender Notice_PDFs/RAJUK_Tender_1234620.pdf,1
organization,og0011,advertised,tender,1234620,,Tender Notice_PDFs/RAJUK_Tender_1234620.pdf,1
tender,1234620,belongs to project,project,pr0012,,Tender Notice_PDFs/RAJUK_Tender_1234620.pdf,1
organization,og0011,part of,organization,og0002,,Tender Notice_PDFs/RAJUK_Tender_1234622.pdf,1
organization,og0002,part of,organization,og0001,,Tender Notice_PDFs/RAJUK_Tender_1234622.pdf,1
person,pp0007,invited tender,tender,1234622,Sup. Eng. (Elec.),Tender Notice_PDFs/RAJUK_Tender_1234622.pdf,1
organization,og0011,advertised,tender,1234622,,Tender Notice_PDFs/RAJUK_Tender_1234622.pdf,1
tender,1234622,belongs to project,project,pr0027,,Tender Notice_PDFs/RAJUK_Tender_1234622.pdf,1
organization,og0008,part of,organization,og0002,,Tender Notice_PDFs/RAJUK_Tender_1240321.pdf,1
organization,og0002,part of,organization,og0001,,Tender Notice_PDFs/RAJUK_Tender_1240321.pdf,1
person,pp0005,invited tender,tender,1240321,Sup. Eng. (Mechanical),Tender Notice_PDFs/RAJUK_Tender_1240321.pdf,1
organization,og0008,advertised,tender,1240321,,Tender Notice_PDFs/RAJUK_Tender_1240321.pdf,1
tender,1240321,belongs to project,project,pr0004,,Tender Notice_PDFs/RAJUK_Tender_1240321.pdf,1
organization,og0008,part of,organization,og0002,,Tender Notice_PDFs/RAJUK_Tender_1240322.pdf,1
organization,og0002,part of,organization,og0001,,Tender Notice_PDFs/RAJUK_Tender_1240322.pdf,1
person,pp0005,invited tender,tender,1240322,Sup. Eng. (Mechanical),Tender Notice_PDFs/RAJUK_Tender_1240322.pdf,1
organization,og0008,advertised,tender,1240322,,Tender Notice_PDFs/RAJUK_Tender_1240322.pdf,1
tender,1240322,belongs to project,project,pr0004,,Tender Notice_PDFs/RAJUK_Tender_1240322.pdf,1
organization,og0008,part of,organization,og0002,,Tender Notice_PDFs/RAJUK_Tender_1240323.pdf,1
organization,og0002,part of,organization,og0001,,Tender Notice_PDFs/RAJUK_Tender_1240323.pdf,1
person,pp0005,invited tender,tender,1240323,Sup. Eng. (Mechanical),Tender Notice_PDFs/RAJUK_Tender_1240323.pdf,1
organization,og0008,advertised,tender,1240323,,Tender Notice_PDFs/RAJUK_Tender_1240323.pdf,1
tender,1240323,belongs to project,project,pr0004,,Tender Notice_PDFs/RAJUK_Tender_1240323.pdf,1
organization,og0036,part of,organization,og0002,,Tender Notice_PDFs/RAJUK_Tender_125042.pdf,1
organization,og0002,part of,organization,og0001,,Tender Notice_PDFs/RAJUK_Tender_125042.pdf,1
person,pp0053,invited tender,tender,125042,"Chief Engineer, Project & Design",Tender Notice_PDFs/RAJUK_Tender_125042.pdf,2
organization,og0036,advertised,tender,125042,,Tender Notice_PDFs/RAJUK_Tender_125042.pdf,1
tender,125042,belongs to project,project,pr0101,,Tender Notice_PDFs/RAJUK_Tender_125042.pdf,1
organization,og0008,part of,organization,og0002,,Tender Notice_PDFs/RAJUK_Tender_1250614.pdf,1
organization,og0002,part of,organization,og0001,,Tender Notice_PDFs/RAJUK_Tender_1250614.pdf,1
person,pp0005,invited tender,tender,1250614,Sup. Eng. (Mechanical),Tender Notice_PDFs/RAJUK_Tender_1250614.pdf,2
organization,og0008,advertised,tender,1250614,,Tender Notice_PDFs/RAJUK_Tender_1250614.pdf,1
tender,1250614,belongs to project,project,pr0004,,Tender Notice_PDFs/RAJUK_Tender_1250614.pdf,1
organization,og0036,part of,organization,og0002,,Tender Notice_PDFs/RAJUK_Tender_125126.pdf,1
organization,og0002,part of,organization,og0001,,Tender Notice_PDFs/RAJUK_Tender_125126.pdf,1
person,pp0053,invited tender,tender,125126,"Chief Engineer, Project & Design",Tender Notice_PDFs/RAJUK_Tender_125126.pdf,2
organization,og0036,advertised,tender,125126,,Tender Notice_PDFs/RAJUK_Tender_125126.pdf,1
tender,125126,belongs to project,project,pr0101,,Tender Notice_PDFs/RAJUK_Tender_125126.pdf,1
organization,og0036,part of,organization,og0002,,Tender Notice_PDFs/RAJUK_Tender_125292.pdf,1
organization,og0002,part of,organization,og0001,,Tender Notice_PDFs/RAJUK_Tender_125292.pdf,1
person,pp0053,invited tender,tender,125292,"Chief Engineer, Project & Design",Tender Notice_PDFs/RAJUK_Tender_125292.pdf,2
organization,og0036,advertised,tender,125292,,Tender Notice_PDFs/RAJUK_Tender_125292.pdf,1
tender,125292,belongs to project,project,pr0101,,Tender Notice_PDFs/RAJUK_Tender_125292.pdf,1
organization,og0036,part of,organization,og0002,,Tender Notice_PDFs/RAJUK_Tender_125293.pdf,1
organization,og0002,part of,organization,og0001,,Tender Notice_PDFs/RAJUK_Tender_125293.pdf,1
person,pp0053,invited tender,tender,125293,"Chief Engineer, Project & Design",Tender Notice_PDFs/RAJUK_Tender_125293.pdf,2
organization,og0036,advertised,tender,125293,,Tender Notice_PDFs/RAJUK_Tender_125293.pdf,1
tender,125293,belongs to project,project,pr0101,,Tender Notice_PDFs/RAJUK_Tender_125293.pdf,1
organization,og0036,part of,organization,og0002,,Tender Notice_PDFs/RAJUK_Tender_125294.pdf,1
organization,og0002,part of,organization,og0001,,Tender Notice_PDFs/RAJUK_Tender_125294.pdf,1
person,pp0053,invited tender,tender,125294,"Chief Engineer, Project & Design",Tender Notice_PDFs/RAJUK_Tender_125294.pdf,2
organization,og0036,advertised,tender,125294,,Tender Notice_PDFs/RAJUK_Tender_125294.pdf,1
tender,125294,belongs to project,project,pr0101,,Tender Notice_PDFs/RAJUK_Tender_125294.pdf,1
organization,og0036,part of,organization,og0002,,Tender Notice_PDFs/RAJUK_Tender_125295.pdf,1
organization,og0002,part of,organization,og0001,,Tender Notice_PDFs/RAJUK_Tender_125295.pdf,1
person,pp0053,invited tender,tender,125295,"Chief Engineer, Project & Design",Tender Notice_PDFs/RAJUK_Tender_125295.pdf,2
organization,og0036,advertised,tender,125295,,Tender Notice_PDFs/RAJUK_Tender_125295.pdf,1
tender,125295,belongs to project,project,pr0101,,Tender Notice_PDFs/RAJUK_Tender_125295.pdf,1
organization,og0036,part of,organization,og0002,,Tender Notice_PDFs/RAJUK_Tender_125297.pdf,1
organization,og0002,part of,organization,og0001,,Tender Notice_PDFs/RAJUK_Tender_125297.pdf,1
person,pp0053,invited tender,tender,125297,"Chief Engineer, Project & Design",Tender Notice_PDFs/RAJUK_Tender_125297.pdf,2
organization,og0036,advertised,tender,125297,,Tender Notice_PDFs/RAJUK_Tender_125297.pdf,1
tender,125297,belongs to project,project,pr0101,,Tender Notice_PDFs/RAJUK_Tender_125297.pdf,1
organization,og0036,part of,organization,og0002,,Tender Notice_PDFs/RAJUK_Tender_125298.pdf,1
organization,og0002,part of,organization,og0001,,Tender Notice_PDFs/RAJUK_Tender_125298.pdf,1
person,pp0053,invited tender,tender,125298,"Chief Engineer, Project & Design",Tender Notice_PDFs/RAJUK_Tender_125298.pdf,2
organization,og0036,advertised,tender,125298,,Tender Notice_PDFs/RAJUK_Tender_125298.pdf,1
tender,125298,belongs to project,project,pr0101,,Tender Notice_PDFs/RAJUK_Tender_125298.pdf,1
organization,og0036,part of,organization,og0002,,Tender Notice_PDFs/RAJUK_Tender_125300.pdf,1
organization,og0002,part of,organization,og0001,,Tender Notice_PDFs/RAJUK_Tender_125300.pdf,1
person,pp0053,invited tender,tender,125300,"Chief Engineer, Project & Design",Tender Notice_PDFs/RAJUK_Tender_125300.pdf,2
organization,og0036,advertised,tender,125300,,Tender Notice_PDFs/RAJUK_Tender_125300.pdf,1
tender,125300,belongs to project,project,pr0101,,Tender Notice_PDFs/RAJUK_Tender_125300.pdf,1
organization,og0036,part of,organization,og0002,,Tender Notice_PDFs/RAJUK_Tender_125301.pdf,1
organization,og0002,part of,organization,og0001,,Tender Notice_PDFs/RAJUK_Tender_125301.pdf,1
person,pp0053,invited tender,tender,125301,"Chief Engineer, Project & Design",Tender Notice_PDFs/RAJUK_Tender_125301.pdf,2
organization,og0036,advertised,tender,125301,,Tender Notice_PDFs/RAJUK_Tender_125301.pdf,1
tender,125301,belongs to project,project,pr0101,,Tender Notice_PDFs/RAJUK_Tender_125301.pdf,1
organization,og0007,part of,organization,og0002,,Tender Notice_PDFs/RAJUK_Tender_1254223.pdf,1
organization,og0002,part of,organization,og0001,,Tender Notice_PDFs/RAJUK_Tender_1254223.pdf,1
person,pp0134,invited tender,tender,1254223,Superintending Engineer,Tender Notice_PDFs/RAJUK_Tender_1254223.pdf,1
organization,og0007,advertised,tender,1254223,,Tender Notice_PDFs/RAJUK_Tender_1254223.pdf,1
tender,1254223,belongs to project,project,pr0093,,Tender Notice_PDFs/RAJUK_Tender_1254223.pdf,1
organization,og0032,part of,organization,og0002,,Tender Notice_PDFs/RAJUK_Tender_125872.pdf,1
organization,og0002,part of,organization,og0001,,Tender Notice_PDFs/RAJUK_Tender_125872.pdf,1
person,pp0025,invited tender,tender,125872,"Chief Engineer, Implementation",Tender Notice_PDFs/RAJUK_Tender_125872.pdf,1
organization,og0032,advertised,tender,125872,,Tender Notice_PDFs/RAJUK_Tender_125872.pdf,1
tender,125872,belongs to project,project,pr0035,,Tender Notice_PDFs/RAJUK_Tender_125872.pdf,1
organization,og0032,part of,organization,og0002,,Tender Notice_PDFs/RAJUK_Tender_125873.pdf,1
organization,og0002,part of,organization,og0001,,Tender Notice_PDFs/RAJUK_Tender_125873.pdf,1
person,pp0025,invited tender,tender,125873,"Chief Engineer, Implementation",Tender Notice_PDFs/RAJUK_Tender_125873.pdf,1
organization,og0032,advertised,tender,125873,,Tender Notice_PDFs/RAJUK_Tender_125873.pdf,1
tender,125873,belongs to project,project,pr0035,,Tender Notice_PDFs/RAJUK_Tender_125873.pdf,1
organization,og0032,part of,organization,og0002,,Tender Notice_PDFs/RAJUK_Tender_125874.pdf,1
organization,og0002,part of,organization,og0001,,Tender Notice_PDFs/RAJUK_Tender_125874.pdf,1
person,pp0025,invited tender,tender,125874,"Chief Engineer, Implementation",Tender Notice_PDFs/RAJUK_Tender_125874.pdf,1
organization,og0032,advertised,tender,125874,,Tender Notice_PDFs/RAJUK_Tender_125874.pdf,1
tender,125874,belongs to project,project,pr0035,,Tender Notice_PDFs/RAJUK_Tender_125874.pdf,1
organization,og0032,part of,organization,og0002,,Tender Notice_PDFs/RAJUK_Tender_125877.pdf,1
organization,og0002,part of,organization,og0001,,Tender Notice_PDFs/RAJUK_Tender_125877.pdf,1
person,pp0025,invited tender,tender,125877,"Chief Engineer, Implementation",Tender Notice_PDFs/RAJUK_Tender_125877.pdf,1
organization,og0032,advertised,tender,125877,,Tender Notice_PDFs/RAJUK_Tender_125877.pdf,1
tender,125877,belongs to project,project,pr0035,,Tender Notice_PDFs/RAJUK_Tender_125877.pdf,1
organization,og0011,part of,organization,og0002,,Tender Notice_PDFs/RAJUK_Tender_1262415.pdf,1
organization,og0002,part of,organization,og0001,,Tender Notice_PDFs/RAJUK_Tender_1262415.pdf,1
person,pp0007,invited tender,tender,1262415,Sup. Eng. (Elec.),Tender Notice_PDFs/RAJUK_Tender_1262415.pdf,1
organization,og0011,advertised,tender,1262415,,Tender Notice_PDFs/RAJUK_Tender_1262415.pdf,1
tender,1262415,belongs to project,project,pr0027,,Tender Notice_PDFs/RAJUK_Tender_1262415.pdf,1
organization,og0011,part of,organization,og0002,,Tender Notice_PDFs/RAJUK_Tender_1262416.pdf,1
organization,og0002,part of,organization,og0001,,Tender Notice_PDFs/RAJUK_Tender_1262416.pdf,1
person,pp0007,invited tender,tender,1262416,Sup. Eng. (Elec.),Tender Notice_PDFs/RAJUK_Tender_1262416.pdf,1
organization,og0011,advertised,tender,1262416,,Tender Notice_PDFs/RAJUK_Tender_1262416.pdf,1
tender,1262416,belongs to project,project,pr0027,,Tender Notice_PDFs/RAJUK_Tender_1262416.pdf,1
organization,og0011,part of,organization,og0002,,Tender Notice_PDFs/RAJUK_Tender_1265185.pdf,1
organization,og0002,part of,organization,og0001,,Tender Notice_PDFs/RAJUK_Tender_1265185.pdf,1
person,pp0007,invited tender,tender,1265185,Sup. Eng. (Elec.),Tender Notice_PDFs/RAJUK_Tender_1265185.pdf,1
organization,og0011,advertised,tender,1265185,,Tender Notice_PDFs/RAJUK_Tender_1265185.pdf,1
tender,1265185,belongs to project,project,pr0075,,Tender Notice_PDFs/RAJUK_Tender_1265185.pdf,1
organization,og0023,part of,organization,og0002,,Tender Notice_PDFs/RAJUK_Tender_1266470.pdf,1
organization,og0002,part of,organization,og0001,,Tender Notice_PDFs/RAJUK_Tender_1266470.pdf,1
person,pp0015,invited tender,tender,1266470,PD (Jhilmil),Tender Notice_PDFs/RAJUK_Tender_1266470.pdf,1
organization,og0023,advertised,tender,1266470,,Tender Notice_PDFs/RAJUK_Tender_1266470.pdf,1
tender,1266470,belongs to project,project,pr0017,,Tender Notice_PDFs/RAJUK_Tender_1266470.pdf,1
organization,og0032,part of,organization,og0002,,Tender Notice_PDFs/RAJUK_Tender_126807.pdf,1
organization,og0002,part of,organization,og0001,,Tender Notice_PDFs/RAJUK_Tender_126807.pdf,1
person,pp0025,invited tender,tender,126807,"Chief Engineer, Implementation",Tender Notice_PDFs/RAJUK_Tender_126807.pdf,1
organization,og0032,advertised,tender,126807,,Tender Notice_PDFs/RAJUK_Tender_126807.pdf,1
tender,126807,belongs to project,project,pr0102,,Tender Notice_PDFs/RAJUK_Tender_126807.pdf,1
organization,og0011,part of,organization,og0002,,Tender Notice_PDFs/RAJUK_Tender_1272697.pdf,1
organization,og0002,part of,organization,og0001,,Tender Notice_PDFs/RAJUK_Tender_1272697.pdf,1
person,pp0007,invited tender,tender,1272697,Sup. Eng. (Elec.),Tender Notice_PDFs/RAJUK_Tender_1272697.pdf,1
organization,og0011,advertised,tender,1272697,,Tender Notice_PDFs/RAJUK_Tender_1272697.pdf,1
tender,1272697,belongs to project,project,pr0032,,Tender Notice_PDFs/RAJUK_Tender_1272697.pdf,1
organization,og0008,part of,organization,og0002,,Tender Notice_PDFs/RAJUK_Tender_1294288.pdf,1
organization,og0002,part of,organization,og0001,,Tender Notice_PDFs/RAJUK_Tender_1294288.pdf,1
person,pp0005,invited tender,tender,1294288,Sup. Eng. (Mechanical),Tender Notice_PDFs/RAJUK_Tender_1294288.pdf,1
organization,og0008,advertised,tender,1294288,,Tender Notice_PDFs/RAJUK_Tender_1294288.pdf,1
tender,1294288,belongs to project,project,pr0004,,Tender Notice_PDFs/RAJUK_Tender_1294288.pdf,1
organization,og0008,part of,organization,og0002,,Tender Notice_PDFs/RAJUK_Tender_1297773.pdf,1
organization,og0002,part of,organization,og0001,,Tender Notice_PDFs/RAJUK_Tender_1297773.pdf,1
person,pp0005,invited tender,tender,1297773,Sup. Eng. (Mechanical),Tender Notice_PDFs/RAJUK_Tender_1297773.pdf,1
organization,og0008,advertised,tender,1297773,,Tender Notice_PDFs/RAJUK_Tender_1297773.pdf,1
tender,1297773,belongs to project,project,pr0028,,Tender Notice_PDFs/RAJUK_Tender_1297773.pdf,1
organization,og0003,part of,organization,og0002,,Tender Notice_PDFs/RAJUK_Tender_1307402.pdf,1
organization,og0002,part of,organization,og0001,,Tender Notice_PDFs/RAJUK_Tender_1307402.pdf,1
person,pp0016,invited tender,tender,1307402,Superintending Engineer,Tender Notice_PDFs/RAJUK_Tender_1307402.pdf,1
organization,og0003,advertised,tender,1307402,,Tender Notice_PDFs/RAJUK_Tender_1307402.pdf,1
tender,1307402,belongs to project,project,pr0103,,Tender Notice_PDFs/RAJUK_Tender_1307402.pdf,1
organization,og0036,part of,organization,og0002,,Tender Notice_PDFs/RAJUK_Tender_134910.pdf,1
organization,og0002,part of,organization,og0001,,Tender Notice_PDFs/RAJUK_Tender_134910.pdf,1
person,pp0084,invited tender,tender,134910,"Chief Engineer, Project & Design",Tender Notice_PDFs/RAJUK_Tender_134910.pdf,1
organization,og0036,advertised,tender,134910,,Tender Notice_PDFs/RAJUK_Tender_134910.pdf,1
tender,134910,belongs to project,project,pr0004,,Tender Notice_PDFs/RAJUK_Tender_134910.pdf,1
organization,og0036,part of,organization,og0002,,Tender Notice_PDFs/RAJUK_Tender_134917.pdf,1
organization,og0002,part of,organization,og0001,,Tender Notice_PDFs/RAJUK_Tender_134917.pdf,1
person,pp0053,invited tender,tender,134917,"Chief Engineer, Project & Design",Tender Notice_PDFs/RAJUK_Tender_134917.pdf,1
organization,og0036,advertised,tender,134917,,Tender Notice_PDFs/RAJUK_Tender_134917.pdf,1
tender,134917,belongs to project,project,pr0004,,Tender Notice_PDFs/RAJUK_Tender_134917.pdf,1
organization,og0036,part of,organization,og0002,,Tender Notice_PDFs/RAJUK_Tender_141649.pdf,1
organization,og0002,part of,organization,og0001,,Tender Notice_PDFs/RAJUK_Tender_141649.pdf,1
person,pp0053,invited tender,tender,141649,"Chief Engineer, Project & Design",Tender Notice_PDFs/RAJUK_Tender_141649.pdf,2
organization,og0036,advertised,tender,141649,,Tender Notice_PDFs/RAJUK_Tender_141649.pdf,1
tender,141649,belongs to project,project,pr0018,,Tender Notice_PDFs/RAJUK_Tender_141649.pdf,1
organization,og0036,part of,organization,og0002,,Tender Notice_PDFs/RAJUK_Tender_144571.pdf,1
organization,og0002,part of,organization,og0001,,Tender Notice_PDFs/RAJUK_Tender_144571.pdf,1
person,pp0053,invited tender,tender,144571,"Chief Engineer, Project & Design",Tender Notice_PDFs/RAJUK_Tender_144571.pdf,2
organization,og0036,advertised,tender,144571,,Tender Notice_PDFs/RAJUK_Tender_144571.pdf,1
tender,144571,belongs to project,project,pr0004,,Tender Notice_PDFs/RAJUK_Tender_144571.pdf,1
organization,og0036,part of,organization,og0002,,Tender Notice_PDFs/RAJUK_Tender_146363.pdf,1
organization,og0002,part of,organization,og0001,,Tender Notice_PDFs/RAJUK_Tender_146363.pdf,1
person,pp0053,invited tender,tender,146363,"Chief Engineer, Project & Design",Tender Notice_PDFs/RAJUK_Tender_146363.pdf,2
organization,og0036,advertised,tender,146363,,Tender Notice_PDFs/RAJUK_Tender_146363.pdf,1
tender,146363,belongs to project,project,pr0101,,Tender Notice_PDFs/RAJUK_Tender_146363.pdf,1
organization,og0036,part of,organization,og0002,,Tender Notice_PDFs/RAJUK_Tender_146364.pdf,1
organization,og0002,part of,organization,og0001,,Tender Notice_PDFs/RAJUK_Tender_146364.pdf,1
person,pp0053,invited tender,tender,146364,"Chief Engineer, Project & Design",Tender Notice_PDFs/RAJUK_Tender_146364.pdf,2
organization,og0036,advertised,tender,146364,,Tender Notice_PDFs/RAJUK_Tender_146364.pdf,1
tender,146364,belongs to project,project,pr0101,,Tender Notice_PDFs/RAJUK_Tender_146364.pdf,1
organization,og0036,part of,organization,og0002,,Tender Notice_PDFs/RAJUK_Tender_146365.pdf,1
organization,og0002,part of,organization,og0001,,Tender Notice_PDFs/RAJUK_Tender_146365.pdf,1
person,pp0053,invited tender,tender,146365,"Chief Engineer, Project & Design",Tender Notice_PDFs/RAJUK_Tender_146365.pdf,2
organization,og0036,advertised,tender,146365,,Tender Notice_PDFs/RAJUK_Tender_146365.pdf,1
tender,146365,belongs to project,project,pr0101,,Tender Notice_PDFs/RAJUK_Tender_146365.pdf,1
organization,og0036,part of,organization,og0002,,Tender Notice_PDFs/RAJUK_Tender_146370.pdf,1
organization,og0002,part of,organization,og0001,,Tender Notice_PDFs/RAJUK_Tender_146370.pdf,1
person,pp0053,invited tender,tender,146370,"Chief Engineer, Project & Design",Tender Notice_PDFs/RAJUK_Tender_146370.pdf,2
organization,og0036,advertised,tender,146370,,Tender Notice_PDFs/RAJUK_Tender_146370.pdf,1
tender,146370,belongs to project,project,pr0101,,Tender Notice_PDFs/RAJUK_Tender_146370.pdf,1
organization,og0036,part of,organization,og0002,,Tender Notice_PDFs/RAJUK_Tender_146372.pdf,1
organization,og0002,part of,organization,og0001,,Tender Notice_PDFs/RAJUK_Tender_146372.pdf,1
person,pp0053,invited tender,tender,146372,"Chief Engineer, Project & Design",Tender Notice_PDFs/RAJUK_Tender_146372.pdf,2
organization,og0036,advertised,tender,146372,,Tender Notice_PDFs/RAJUK_Tender_146372.pdf,1
tender,146372,belongs to project,project,pr0101,,Tender Notice_PDFs/RAJUK_Tender_146372.pdf,1
organization,og0036,part of,organization,og0002,,Tender Notice_PDFs/RAJUK_Tender_146374.pdf,1
organization,og0002,part of,organization,og0001,,Tender Notice_PDFs/RAJUK_Tender_146374.pdf,1
person,pp0053,invited tender,tender,146374,"Chief Engineer, Project & Design",Tender Notice_PDFs/RAJUK_Tender_146374.pdf,2
organization,og0036,advertised,tender,146374,,Tender Notice_PDFs/RAJUK_Tender_146374.pdf,1
tender,146374,belongs to project,project,pr0101,,Tender Notice_PDFs/RAJUK_Tender_146374.pdf,1
organization,og0036,part of,organization,og0002,,Tender Notice_PDFs/RAJUK_Tender_146376.pdf,1
organization,og0002,part of,organization,og0001,,Tender Notice_PDFs/RAJUK_Tender_146376.pdf,1
person,pp0053,invited tender,tender,146376,"Chief Engineer, Project & Design",Tender Notice_PDFs/RAJUK_Tender_146376.pdf,2
organization,og0036,advertised,tender,146376,,Tender Notice_PDFs/RAJUK_Tender_146376.pdf,1
tender,146376,belongs to project,project,pr0101,,Tender Notice_PDFs/RAJUK_Tender_146376.pdf,1
organization,og0036,part of,organization,og0002,,Tender Notice_PDFs/RAJUK_Tender_146377.pdf,1
organization,og0002,part of,organization,og0001,,Tender Notice_PDFs/RAJUK_Tender_146377.pdf,1
person,pp0053,invited tender,tender,146377,"Chief Engineer, Project & Design",Tender Notice_PDFs/RAJUK_Tender_146377.pdf,1
organization,og0036,advertised,tender,146377,,Tender Notice_PDFs/RAJUK_Tender_146377.pdf,1
tender,146377,belongs to project,project,pr0101,,Tender Notice_PDFs/RAJUK_Tender_146377.pdf,1
organization,og0036,part of,organization,og0002,,Tender Notice_PDFs/RAJUK_Tender_146380.pdf,1
organization,og0002,part of,organization,og0001,,Tender Notice_PDFs/RAJUK_Tender_146380.pdf,1
person,pp0053,invited tender,tender,146380,"Chief Engineer, Project & Design",Tender Notice_PDFs/RAJUK_Tender_146380.pdf,1
organization,og0036,advertised,tender,146380,,Tender Notice_PDFs/RAJUK_Tender_146380.pdf,1
tender,146380,belongs to project,project,pr0101,,Tender Notice_PDFs/RAJUK_Tender_146380.pdf,1
organization,og0036,part of,organization,og0002,,Tender Notice_PDFs/RAJUK_Tender_146381.pdf,1
organization,og0002,part of,organization,og0001,,Tender Notice_PDFs/RAJUK_Tender_146381.pdf,1
person,pp0053,invited tender,tender,146381,"Chief Engineer, Project & Design",Tender Notice_PDFs/RAJUK_Tender_146381.pdf,2
organization,og0036,advertised,tender,146381,,Tender Notice_PDFs/RAJUK_Tender_146381.pdf,1
tender,146381,belongs to project,project,pr0101,,Tender Notice_PDFs/RAJUK_Tender_146381.pdf,1
organization,og0036,part of,organization,og0002,,Tender Notice_PDFs/RAJUK_Tender_146443.pdf,1
organization,og0002,part of,organization,og0001,,Tender Notice_PDFs/RAJUK_Tender_146443.pdf,1
person,pp0053,invited tender,tender,146443,"Chief Engineer, Project & Design",Tender Notice_PDFs/RAJUK_Tender_146443.pdf,1
organization,og0036,advertised,tender,146443,,Tender Notice_PDFs/RAJUK_Tender_146443.pdf,1
tender,146443,belongs to project,project,pr0009,,Tender Notice_PDFs/RAJUK_Tender_146443.pdf,1
organization,og0036,part of,organization,og0002,,Tender Notice_PDFs/RAJUK_Tender_146449.pdf,1
organization,og0002,part of,organization,og0001,,Tender Notice_PDFs/RAJUK_Tender_146449.pdf,1
person,pp0053,invited tender,tender,146449,"Chief Engineer, Project & Design",Tender Notice_PDFs/RAJUK_Tender_146449.pdf,1
organization,og0036,advertised,tender,146449,,Tender Notice_PDFs/RAJUK_Tender_146449.pdf,1
tender,146449,belongs to project,project,pr0009,,Tender Notice_PDFs/RAJUK_Tender_146449.pdf,1
organization,og0036,part of,organization,og0002,,Tender Notice_PDFs/RAJUK_Tender_149102.pdf,1
organization,og0002,part of,organization,og0001,,Tender Notice_PDFs/RAJUK_Tender_149102.pdf,1
person,pp0053,invited tender,tender,149102,"Chief Engineer, Project & Design",Tender Notice_PDFs/RAJUK_Tender_149102.pdf,2
organization,og0036,advertised,tender,149102,,Tender Notice_PDFs/RAJUK_Tender_149102.pdf,1
tender,149102,belongs to project,project,pr0101,,Tender Notice_PDFs/RAJUK_Tender_149102.pdf,1
organization,og0036,part of,organization,og0002,,Tender Notice_PDFs/RAJUK_Tender_149103.pdf,1
organization,og0002,part of,organization,og0001,,Tender Notice_PDFs/RAJUK_Tender_149103.pdf,1
person,pp0053,invited tender,tender,149103,"Chief Engineer, Project & Design",Tender Notice_PDFs/RAJUK_Tender_149103.pdf,2
organization,og0036,advertised,tender,149103,,Tender Notice_PDFs/RAJUK_Tender_149103.pdf,1
tender,149103,belongs to project,project,pr0101,,Tender Notice_PDFs/RAJUK_Tender_149103.pdf,1
organization,og0036,part of,organization,og0002,,Tender Notice_PDFs/RAJUK_Tender_149104.pdf,1
organization,og0002,part of,organization,og0001,,Tender Notice_PDFs/RAJUK_Tender_149104.pdf,1
person,pp0053,invited tender,tender,149104,"Chief Engineer, Project & Design",Tender Notice_PDFs/RAJUK_Tender_149104.pdf,2
organization,og0036,advertised,tender,149104,,Tender Notice_PDFs/RAJUK_Tender_149104.pdf,1
tender,149104,belongs to project,project,pr0101,,Tender Notice_PDFs/RAJUK_Tender_149104.pdf,1
organization,og0036,part of,organization,og0002,,Tender Notice_PDFs/RAJUK_Tender_149105.pdf,1
organization,og0002,part of,organization,og0001,,Tender Notice_PDFs/RAJUK_Tender_149105.pdf,1
person,pp0053,invited tender,tender,149105,"Chief Engineer, Project & Design",Tender Notice_PDFs/RAJUK_Tender_149105.pdf,2
organization,og0036,advertised,tender,149105,,Tender Notice_PDFs/RAJUK_Tender_149105.pdf,1
tender,149105,belongs to project,project,pr0101,,Tender Notice_PDFs/RAJUK_Tender_149105.pdf,1
organization,og0036,part of,organization,og0002,,Tender Notice_PDFs/RAJUK_Tender_149107.pdf,1
organization,og0002,part of,organization,og0001,,Tender Notice_PDFs/RAJUK_Tender_149107.pdf,1
person,pp0053,invited tender,tender,149107,"Chief Engineer, Project & Design",Tender Notice_PDFs/RAJUK_Tender_149107.pdf,2
organization,og0036,advertised,tender,149107,,Tender Notice_PDFs/RAJUK_Tender_149107.pdf,1
tender,149107,belongs to project,project,pr0101,,Tender Notice_PDFs/RAJUK_Tender_149107.pdf,1
organization,og0036,part of,organization,og0002,,Tender Notice_PDFs/RAJUK_Tender_149108.pdf,1
organization,og0002,part of,organization,og0001,,Tender Notice_PDFs/RAJUK_Tender_149108.pdf,1
person,pp0053,invited tender,tender,149108,"Chief Engineer, Project & Design",Tender Notice_PDFs/RAJUK_Tender_149108.pdf,1
organization,og0036,advertised,tender,149108,,Tender Notice_PDFs/RAJUK_Tender_149108.pdf,1
tender,149108,belongs to project,project,pr0101,,Tender Notice_PDFs/RAJUK_Tender_149108.pdf,1
organization,og0036,part of,organization,og0002,,Tender Notice_PDFs/RAJUK_Tender_149110.pdf,1
organization,og0002,part of,organization,og0001,,Tender Notice_PDFs/RAJUK_Tender_149110.pdf,1
person,pp0053,invited tender,tender,149110,"Chief Engineer, Project & Design",Tender Notice_PDFs/RAJUK_Tender_149110.pdf,2
organization,og0036,advertised,tender,149110,,Tender Notice_PDFs/RAJUK_Tender_149110.pdf,1
tender,149110,belongs to project,project,pr0101,,Tender Notice_PDFs/RAJUK_Tender_149110.pdf,1
organization,og0036,part of,organization,og0002,,Tender Notice_PDFs/RAJUK_Tender_149115.pdf,1
organization,og0002,part of,organization,og0001,,Tender Notice_PDFs/RAJUK_Tender_149115.pdf,1
person,pp0053,invited tender,tender,149115,"Chief Engineer, Project & Design",Tender Notice_PDFs/RAJUK_Tender_149115.pdf,2
organization,og0036,advertised,tender,149115,,Tender Notice_PDFs/RAJUK_Tender_149115.pdf,1
tender,149115,belongs to project,project,pr0101,,Tender Notice_PDFs/RAJUK_Tender_149115.pdf,1
organization,og0036,part of,organization,og0002,,Tender Notice_PDFs/RAJUK_Tender_149117.pdf,1
organization,og0002,part of,organization,og0001,,Tender Notice_PDFs/RAJUK_Tender_149117.pdf,1
person,pp0053,invited tender,tender,149117,"Chief Engineer, Project & Design",Tender Notice_PDFs/RAJUK_Tender_149117.pdf,2
organization,og0036,advertised,tender,149117,,Tender Notice_PDFs/RAJUK_Tender_149117.pdf,1
tender,149117,belongs to project,project,pr0101,,Tender Notice_PDFs/RAJUK_Tender_149117.pdf,1
organization,og0036,part of,organization,og0002,,Tender Notice_PDFs/RAJUK_Tender_149118.pdf,1
organization,og0002,part of,organization,og0001,,Tender Notice_PDFs/RAJUK_Tender_149118.pdf,1
person,pp0053,invited tender,tender,149118,"Chief Engineer, Project & Design",Tender Notice_PDFs/RAJUK_Tender_149118.pdf,2
organization,og0036,advertised,tender,149118,,Tender Notice_PDFs/RAJUK_Tender_149118.pdf,1
tender,149118,belongs to project,project,pr0101,,Tender Notice_PDFs/RAJUK_Tender_149118.pdf,1
organization,og0036,part of,organization,og0002,,Tender Notice_PDFs/RAJUK_Tender_150704.pdf,1
organization,og0002,part of,organization,og0001,,Tender Notice_PDFs/RAJUK_Tender_150704.pdf,1
person,pp0053,invited tender,tender,150704,"Chief Engineer, Project & Design",Tender Notice_PDFs/RAJUK_Tender_150704.pdf,2
organization,og0036,advertised,tender,150704,,Tender Notice_PDFs/RAJUK_Tender_150704.pdf,1
tender,150704,belongs to project,project,pr0101,,Tender Notice_PDFs/RAJUK_Tender_150704.pdf,1
organization,og0032,part of,organization,og0002,,Tender Notice_PDFs/RAJUK_Tender_151177.pdf,1
organization,og0002,part of,organization,og0001,,Tender Notice_PDFs/RAJUK_Tender_151177.pdf,1
person,pp0025,invited tender,tender,151177,"Chief Engineer, Implementation",Tender Notice_PDFs/RAJUK_Tender_151177.pdf,1
organization,og0032,advertised,tender,151177,,Tender Notice_PDFs/RAJUK_Tender_151177.pdf,1
tender,151177,belongs to project,project,pr0039,,Tender Notice_PDFs/RAJUK_Tender_151177.pdf,1
organization,og0105,part of,organization,og0095,,Tender Notice_PDFs/RAJUK_Tender_159826.pdf,1
organization,og0095,part of,organization,og0094,,Tender Notice_PDFs/RAJUK_Tender_159826.pdf,1
person,pp0087,invited tender,tender,159826,Executive Engineer,Tender Notice_PDFs/RAJUK_Tender_159826.pdf,1
organization,og0105,advertised,tender,159826,,Tender Notice_PDFs/RAJUK_Tender_159826.pdf,1
tender,159826,belongs to project,project,pr0046,,Tender Notice_PDFs/RAJUK_Tender_159826.pdf,1
organization,og0036,part of,organization,og0002,,Tender Notice_PDFs/RAJUK_Tender_162060.pdf,1
organization,og0002,part of,organization,og0001,,Tender Notice_PDFs/RAJUK_Tender_162060.pdf,1
person,pp0053,invited tender,tender,162060,"Chief Engineer, Project & Design",Tender Notice_PDFs/RAJUK_Tender_162060.pdf,1
organization,og0036,advertised,tender,162060,,Tender Notice_PDFs/RAJUK_Tender_162060.pdf,1
tender,162060,belongs to project,project,pr0104,,Tender Notice_PDFs/RAJUK_Tender_162060.pdf,1
organization,og0036,part of,organization,og0002,,Tender Notice_PDFs/RAJUK_Tender_162590.pdf,1
organization,og0002,part of,organization,og0001,,Tender Notice_PDFs/RAJUK_Tender_162590.pdf,1
person,pp0053,invited tender,tender,162590,"Chief Engineer, Project & Design",Tender Notice_PDFs/RAJUK_Tender_162590.pdf,1
organization,og0036,advertised,tender,162590,,Tender Notice_PDFs/RAJUK_Tender_162590.pdf,1
tender,162590,belongs to project,project,pr0104,,Tender Notice_PDFs/RAJUK_Tender_162590.pdf,1
organization,og0050,part of,organization,og0002,,Tender Notice_PDFs/RAJUK_Tender_164878.pdf,1
organization,og0002,part of,organization,og0001,,Tender Notice_PDFs/RAJUK_Tender_164878.pdf,1
person,pp0088,invited tender,tender,164878,Project Director,Tender Notice_PDFs/RAJUK_Tender_164878.pdf,1
organization,og0050,advertised,tender,164878,,Tender Notice_PDFs/RAJUK_Tender_164878.pdf,1
tender,164878,belongs to project,project,pr0048,,Tender Notice_PDFs/RAJUK_Tender_164878.pdf,1
organization,og0032,part of,organization,og0002,,Tender Notice_PDFs/RAJUK_Tender_168193.pdf,1
organization,og0002,part of,organization,og0001,,Tender Notice_PDFs/RAJUK_Tender_168193.pdf,1
person,pp0025,invited tender,tender,168193,"Chief Engineer, Implementation",Tender Notice_PDFs/RAJUK_Tender_168193.pdf,1
organization,og0032,advertised,tender,168193,,Tender Notice_PDFs/RAJUK_Tender_168193.pdf,1
tender,168193,belongs to project,project,pr0101,,Tender Notice_PDFs/RAJUK_Tender_168193.pdf,1
organization,og0106,part of,organization,og0095,,Tender Notice_PDFs/RAJUK_Tender_168749.pdf,1
organization,og0095,part of,organization,og0094,,Tender Notice_PDFs/RAJUK_Tender_168749.pdf,1
person,pp0089,invited tender,tender,168749,Executive Engineer,Tender Notice_PDFs/RAJUK_Tender_168749.pdf,1
organization,og0106,advertised,tender,168749,,Tender Notice_PDFs/RAJUK_Tender_168749.pdf,1
tender,168749,belongs to project,project,pr0093,,Tender Notice_PDFs/RAJUK_Tender_168749.pdf,1
organization,og0036,part of,organization,og0002,,Tender Notice_PDFs/RAJUK_Tender_169223.pdf,1
organization,og0002,part of,organization,og0001,,Tender Notice_PDFs/RAJUK_Tender_169223.pdf,1
person,pp0053,invited tender,tender,169223,"Chief Engineer, Project & Design",Tender Notice_PDFs/RAJUK_Tender_169223.pdf,1
organization,og0036,advertised,tender,169223,,Tender Notice_PDFs/RAJUK_Tender_169223.pdf,1
tender,169223,belongs to project,project,pr0049,,Tender Notice_PDFs/RAJUK_Tender_169223.pdf,1
organization,og0036,part of,organization,og0002,,Tender Notice_PDFs/RAJUK_Tender_170785.pdf,1
organization,og0002,part of,organization,og0001,,Tender Notice_PDFs/RAJUK_Tender_170785.pdf,1
person,pp0053,invited tender,tender,170785,"Chief Engineer, Project & Design",Tender Notice_PDFs/RAJUK_Tender_170785.pdf,1
organization,og0036,advertised,tender,170785,,Tender Notice_PDFs/RAJUK_Tender_170785.pdf,1
tender,170785,belongs to project,project,pr0104,,Tender Notice_PDFs/RAJUK_Tender_170785.pdf,1
organization,og0036,part of,organization,og0002,,Tender Notice_PDFs/RAJUK_Tender_171570.pdf,1
organization,og0002,part of,organization,og0001,,Tender Notice_PDFs/RAJUK_Tender_171570.pdf,1
person,pp0053,invited tender,tender,171570,"Chief Engineer, Project & Design",Tender Notice_PDFs/RAJUK_Tender_171570.pdf,1
organization,og0036,advertised,tender,171570,,Tender Notice_PDFs/RAJUK_Tender_171570.pdf,1
tender,171570,belongs to project,project,pr0050,,Tender Notice_PDFs/RAJUK_Tender_171570.pdf,1
organization,og0032,part of,organization,og0002,,Tender Notice_PDFs/RAJUK_Tender_172775.pdf,1
organization,og0002,part of,organization,og0001,,Tender Notice_PDFs/RAJUK_Tender_172775.pdf,1
person,pp0025,invited tender,tender,172775,"Chief Engineer, Implementation",Tender Notice_PDFs/RAJUK_Tender_172775.pdf,1
organization,og0032,advertised,tender,172775,,Tender Notice_PDFs/RAJUK_Tender_172775.pdf,1
tender,172775,belongs to project,project,pr0017,,Tender Notice_PDFs/RAJUK_Tender_172775.pdf,1
organization,og0036,part of,organization,og0002,,Tender Notice_PDFs/RAJUK_Tender_173602.pdf,1
organization,og0002,part of,organization,og0001,,Tender Notice_PDFs/RAJUK_Tender_173602.pdf,1
person,pp0053,invited tender,tender,173602,"Chief Engineer, Project & Design",Tender Notice_PDFs/RAJUK_Tender_173602.pdf,1
organization,og0036,advertised,tender,173602,,Tender Notice_PDFs/RAJUK_Tender_173602.pdf,1
tender,173602,belongs to project,project,pr0104,,Tender Notice_PDFs/RAJUK_Tender_173602.pdf,1
organization,og0036,part of,organization,og0002,,Tender Notice_PDFs/RAJUK_Tender_173603.pdf,1
organization,og0002,part of,organization,og0001,,Tender Notice_PDFs/RAJUK_Tender_173603.pdf,1
person,pp0053,invited tender,tender,173603,"Chief Engineer, Project & Design",Tender Notice_PDFs/RAJUK_Tender_173603.pdf,1
organization,og0036,advertised,tender,173603,,Tender Notice_PDFs/RAJUK_Tender_173603.pdf,1
tender,173603,belongs to project,project,pr0104,,Tender Notice_PDFs/RAJUK_Tender_173603.pdf,1
organization,og0036,part of,organization,og0002,,Tender Notice_PDFs/RAJUK_Tender_173605.pdf,1
organization,og0002,part of,organization,og0001,,Tender Notice_PDFs/RAJUK_Tender_173605.pdf,1
person,pp0053,invited tender,tender,173605,"Chief Engineer, Project & Design",Tender Notice_PDFs/RAJUK_Tender_173605.pdf,1
organization,og0036,advertised,tender,173605,,Tender Notice_PDFs/RAJUK_Tender_173605.pdf,1
tender,173605,belongs to project,project,pr0104,,Tender Notice_PDFs/RAJUK_Tender_173605.pdf,1
organization,og0036,part of,organization,og0002,,Tender Notice_PDFs/RAJUK_Tender_174034.pdf,1
organization,og0002,part of,organization,og0001,,Tender Notice_PDFs/RAJUK_Tender_174034.pdf,1
person,pp0053,invited tender,tender,174034,"Chief Engineer, Project & Design",Tender Notice_PDFs/RAJUK_Tender_174034.pdf,1
organization,og0036,advertised,tender,174034,,Tender Notice_PDFs/RAJUK_Tender_174034.pdf,1
tender,174034,belongs to project,project,pr0063,,Tender Notice_PDFs/RAJUK_Tender_174034.pdf,1
organization,og0050,part of,organization,og0002,,Tender Notice_PDFs/RAJUK_Tender_174037.pdf,1
organization,og0002,part of,organization,og0001,,Tender Notice_PDFs/RAJUK_Tender_174037.pdf,1
person,pp0088,invited tender,tender,174037,Project Director,Tender Notice_PDFs/RAJUK_Tender_174037.pdf,1
organization,og0050,advertised,tender,174037,,Tender Notice_PDFs/RAJUK_Tender_174037.pdf,1
tender,174037,belongs to project,project,pr0048,,Tender Notice_PDFs/RAJUK_Tender_174037.pdf,1
organization,og0036,part of,organization,og0002,,Tender Notice_PDFs/RAJUK_Tender_174655.pdf,1
organization,og0002,part of,organization,og0001,,Tender Notice_PDFs/RAJUK_Tender_174655.pdf,1
person,pp0025,invited tender,tender,174655,"Chief Engineer, Project & Design",Tender Notice_PDFs/RAJUK_Tender_174655.pdf,1
organization,og0036,advertised,tender,174655,,Tender Notice_PDFs/RAJUK_Tender_174655.pdf,1
tender,174655,belongs to project,project,pr0101,,Tender Notice_PDFs/RAJUK_Tender_174655.pdf,1
organization,og0036,part of,organization,og0002,,Tender Notice_PDFs/RAJUK_Tender_174658.pdf,1
organization,og0002,part of,organization,og0001,,Tender Notice_PDFs/RAJUK_Tender_174658.pdf,1
person,pp0025,invited tender,tender,174658,"Chief Engineer, Project & Design",Tender Notice_PDFs/RAJUK_Tender_174658.pdf,1
organization,og0036,advertised,tender,174658,,Tender Notice_PDFs/RAJUK_Tender_174658.pdf,1
tender,174658,belongs to project,project,pr0101,,Tender Notice_PDFs/RAJUK_Tender_174658.pdf,1
organization,og0036,part of,organization,og0002,,Tender Notice_PDFs/RAJUK_Tender_174661.pdf,1
organization,og0002,part of,organization,og0001,,Tender Notice_PDFs/RAJUK_Tender_174661.pdf,1
person,pp0025,invited tender,tender,174661,"Chief Engineer, Project & Design",Tender Notice_PDFs/RAJUK_Tender_174661.pdf,1
organization,og0036,advertised,tender,174661,,Tender Notice_PDFs/RAJUK_Tender_174661.pdf,1
tender,174661,belongs to project,project,pr0101,,Tender Notice_PDFs/RAJUK_Tender_174661.pdf,1
organization,og0036,part of,organization,og0002,,Tender Notice_PDFs/RAJUK_Tender_174662.pdf,1
organization,og0002,part of,organization,og0001,,Tender Notice_PDFs/RAJUK_Tender_174662.pdf,1
person,pp0025,invited tender,tender,174662,"Chief Engineer, Project & Design",Tender Notice_PDFs/RAJUK_Tender_174662.pdf,1
organization,og0036,advertised,tender,174662,,Tender Notice_PDFs/RAJUK_Tender_174662.pdf,1
tender,174662,belongs to project,project,pr0101,,Tender Notice_PDFs/RAJUK_Tender_174662.pdf,1
organization,og0036,part of,organization,og0002,,Tender Notice_PDFs/RAJUK_Tender_174664.pdf,1
organization,og0002,part of,organization,og0001,,Tender Notice_PDFs/RAJUK_Tender_174664.pdf,1
person,pp0025,invited tender,tender,174664,"Chief Engineer, Project & Design",Tender Notice_PDFs/RAJUK_Tender_174664.pdf,1
organization,og0036,advertised,tender,174664,,Tender Notice_PDFs/RAJUK_Tender_174664.pdf,1
tender,174664,belongs to project,project,pr0101,,Tender Notice_PDFs/RAJUK_Tender_174664.pdf,1
organization,og0036,part of,organization,og0002,,Tender Notice_PDFs/RAJUK_Tender_174665.pdf,1
organization,og0002,part of,organization,og0001,,Tender Notice_PDFs/RAJUK_Tender_174665.pdf,1
person,pp0025,invited tender,tender,174665,"Chief Engineer, Project & Design",Tender Notice_PDFs/RAJUK_Tender_174665.pdf,1
organization,og0036,advertised,tender,174665,,Tender Notice_PDFs/RAJUK_Tender_174665.pdf,1
tender,174665,belongs to project,project,pr0101,,Tender Notice_PDFs/RAJUK_Tender_174665.pdf,1
organization,og0036,part of,organization,og0002,,Tender Notice_PDFs/RAJUK_Tender_174666.pdf,1
organization,og0002,part of,organization,og0001,,Tender Notice_PDFs/RAJUK_Tender_174666.pdf,1
person,pp0025,invited tender,tender,174666,"Chief Engineer, Project & Design",Tender Notice_PDFs/RAJUK_Tender_174666.pdf,1
organization,og0036,advertised,tender,174666,,Tender Notice_PDFs/RAJUK_Tender_174666.pdf,1
tender,174666,belongs to project,project,pr0101,,Tender Notice_PDFs/RAJUK_Tender_174666.pdf,1
organization,og0036,part of,organization,og0002,,Tender Notice_PDFs/RAJUK_Tender_174667.pdf,1
organization,og0002,part of,organization,og0001,,Tender Notice_PDFs/RAJUK_Tender_174667.pdf,1
person,pp0025,invited tender,tender,174667,"Chief Engineer, Project & Design",Tender Notice_PDFs/RAJUK_Tender_174667.pdf,1
organization,og0036,advertised,tender,174667,,Tender Notice_PDFs/RAJUK_Tender_174667.pdf,1
tender,174667,belongs to project,project,pr0101,,Tender Notice_PDFs/RAJUK_Tender_174667.pdf,1
organization,og0036,part of,organization,og0002,,Tender Notice_PDFs/RAJUK_Tender_174668.pdf,1
organization,og0002,part of,organization,og0001,,Tender Notice_PDFs/RAJUK_Tender_174668.pdf,1
person,pp0025,invited tender,tender,174668,"Chief Engineer, Project & Design",Tender Notice_PDFs/RAJUK_Tender_174668.pdf,1
organization,og0036,advertised,tender,174668,,Tender Notice_PDFs/RAJUK_Tender_174668.pdf,1
tender,174668,belongs to project,project,pr0101,,Tender Notice_PDFs/RAJUK_Tender_174668.pdf,1
organization,og0036,part of,organization,og0002,,Tender Notice_PDFs/RAJUK_Tender_174669.pdf,1
organization,og0002,part of,organization,og0001,,Tender Notice_PDFs/RAJUK_Tender_174669.pdf,1
person,pp0025,invited tender,tender,174669,"Chief Engineer, Project & Design",Tender Notice_PDFs/RAJUK_Tender_174669.pdf,1
organization,og0036,advertised,tender,174669,,Tender Notice_PDFs/RAJUK_Tender_174669.pdf,1
tender,174669,belongs to project,project,pr0101,,Tender Notice_PDFs/RAJUK_Tender_174669.pdf,1
organization,og0036,part of,organization,og0002,,Tender Notice_PDFs/RAJUK_Tender_174670.pdf,1
organization,og0002,part of,organization,og0001,,Tender Notice_PDFs/RAJUK_Tender_174670.pdf,1
person,pp0025,invited tender,tender,174670,"Chief Engineer, Project & Design",Tender Notice_PDFs/RAJUK_Tender_174670.pdf,1
organization,og0036,advertised,tender,174670,,Tender Notice_PDFs/RAJUK_Tender_174670.pdf,1
tender,174670,belongs to project,project,pr0101,,Tender Notice_PDFs/RAJUK_Tender_174670.pdf,1
organization,og0036,part of,organization,og0002,,Tender Notice_PDFs/RAJUK_Tender_174671.pdf,1
organization,og0002,part of,organization,og0001,,Tender Notice_PDFs/RAJUK_Tender_174671.pdf,1
person,pp0025,invited tender,tender,174671,"Chief Engineer, Project & Design",Tender Notice_PDFs/RAJUK_Tender_174671.pdf,1
organization,og0036,advertised,tender,174671,,Tender Notice_PDFs/RAJUK_Tender_174671.pdf,1
tender,174671,belongs to project,project,pr0101,,Tender Notice_PDFs/RAJUK_Tender_174671.pdf,1
organization,og0036,part of,organization,og0002,,Tender Notice_PDFs/RAJUK_Tender_174673.pdf,1
organization,og0002,part of,organization,og0001,,Tender Notice_PDFs/RAJUK_Tender_174673.pdf,1
person,pp0025,invited tender,tender,174673,"Chief Engineer, Project & Design",Tender Notice_PDFs/RAJUK_Tender_174673.pdf,1
organization,og0036,advertised,tender,174673,,Tender Notice_PDFs/RAJUK_Tender_174673.pdf,1
tender,174673,belongs to project,project,pr0101,,Tender Notice_PDFs/RAJUK_Tender_174673.pdf,1
organization,og0036,part of,organization,og0002,,Tender Notice_PDFs/RAJUK_Tender_174674.pdf,1
organization,og0002,part of,organization,og0001,,Tender Notice_PDFs/RAJUK_Tender_174674.pdf,1
person,pp0025,invited tender,tender,174674,"Chief Engineer, Project & Design",Tender Notice_PDFs/RAJUK_Tender_174674.pdf,1
organization,og0036,advertised,tender,174674,,Tender Notice_PDFs/RAJUK_Tender_174674.pdf,1
tender,174674,belongs to project,project,pr0101,,Tender Notice_PDFs/RAJUK_Tender_174674.pdf,1
organization,og0036,part of,organization,og0002,,Tender Notice_PDFs/RAJUK_Tender_174677.pdf,1
organization,og0002,part of,organization,og0001,,Tender Notice_PDFs/RAJUK_Tender_174677.pdf,1
person,pp0025,invited tender,tender,174677,"Chief Engineer, Project & Design",Tender Notice_PDFs/RAJUK_Tender_174677.pdf,1
organization,og0036,advertised,tender,174677,,Tender Notice_PDFs/RAJUK_Tender_174677.pdf,1
tender,174677,belongs to project,project,pr0101,,Tender Notice_PDFs/RAJUK_Tender_174677.pdf,1
organization,og0036,part of,organization,og0002,,Tender Notice_PDFs/RAJUK_Tender_174678.pdf,1
organization,og0002,part of,organization,og0001,,Tender Notice_PDFs/RAJUK_Tender_174678.pdf,1
person,pp0025,invited tender,tender,174678,"Chief Engineer, Project & Design",Tender Notice_PDFs/RAJUK_Tender_174678.pdf,1
organization,og0036,advertised,tender,174678,,Tender Notice_PDFs/RAJUK_Tender_174678.pdf,1
tender,174678,belongs to project,project,pr0101,,Tender Notice_PDFs/RAJUK_Tender_174678.pdf,1
organization,og0036,part of,organization,og0002,,Tender Notice_PDFs/RAJUK_Tender_174680.pdf,1
organization,og0002,part of,organization,og0001,,Tender Notice_PDFs/RAJUK_Tender_174680.pdf,1
person,pp0025,invited tender,tender,174680,"Chief Engineer, Project & Design",Tender Notice_PDFs/RAJUK_Tender_174680.pdf,1
organization,og0036,advertised,tender,174680,,Tender Notice_PDFs/RAJUK_Tender_174680.pdf,1
tender,174680,belongs to project,project,pr0101,,Tender Notice_PDFs/RAJUK_Tender_174680.pdf,1
organization,og0036,part of,organization,og0002,,Tender Notice_PDFs/RAJUK_Tender_174683.pdf,1
organization,og0002,part of,organization,og0001,,Tender Notice_PDFs/RAJUK_Tender_174683.pdf,1
person,pp0025,invited tender,tender,174683,"Chief Engineer, Project & Design",Tender Notice_PDFs/RAJUK_Tender_174683.pdf,1
organization,og0036,advertised,tender,174683,,Tender Notice_PDFs/RAJUK_Tender_174683.pdf,1
tender,174683,belongs to project,project,pr0101,,Tender Notice_PDFs/RAJUK_Tender_174683.pdf,1
organization,og0036,part of,organization,og0002,,Tender Notice_PDFs/RAJUK_Tender_174685.pdf,1
organization,og0002,part of,organization,og0001,,Tender Notice_PDFs/RAJUK_Tender_174685.pdf,1
person,pp0025,invited tender,tender,174685,"Chief Engineer, Project & Design",Tender Notice_PDFs/RAJUK_Tender_174685.pdf,1
organization,og0036,advertised,tender,174685,,Tender Notice_PDFs/RAJUK_Tender_174685.pdf,1
tender,174685,belongs to project,project,pr0101,,Tender Notice_PDFs/RAJUK_Tender_174685.pdf,1
organization,og0036,part of,organization,og0002,,Tender Notice_PDFs/RAJUK_Tender_174686.pdf,1
organization,og0002,part of,organization,og0001,,Tender Notice_PDFs/RAJUK_Tender_174686.pdf,1
person,pp0025,invited tender,tender,174686,"Chief Engineer, Project & Design",Tender Notice_PDFs/RAJUK_Tender_174686.pdf,1
organization,og0036,advertised,tender,174686,,Tender Notice_PDFs/RAJUK_Tender_174686.pdf,1
tender,174686,belongs to project,project,pr0101,,Tender Notice_PDFs/RAJUK_Tender_174686.pdf,1
organization,og0032,part of,organization,og0002,,Tender Notice_PDFs/RAJUK_Tender_174700.pdf,1
organization,og0002,part of,organization,og0001,,Tender Notice_PDFs/RAJUK_Tender_174700.pdf,1
person,pp0025,invited tender,tender,174700,"Chief Engineer, Implementation",Tender Notice_PDFs/RAJUK_Tender_174700.pdf,1
organization,og0032,advertised,tender,174700,,Tender Notice_PDFs/RAJUK_Tender_174700.pdf,1
tender,174700,belongs to project,project,pr0035,,Tender Notice_PDFs/RAJUK_Tender_174700.pdf,1
organization,og0032,part of,organization,og0002,,Tender Notice_PDFs/RAJUK_Tender_174705.pdf,1
organization,og0002,part of,organization,og0001,,Tender Notice_PDFs/RAJUK_Tender_174705.pdf,1
person,pp0025,invited tender,tender,174705,"Chief Engineer, Implementation",Tender Notice_PDFs/RAJUK_Tender_174705.pdf,1
organization,og0032,advertised,tender,174705,,Tender Notice_PDFs/RAJUK_Tender_174705.pdf,1
tender,174705,belongs to project,project,pr0035,,Tender Notice_PDFs/RAJUK_Tender_174705.pdf,1
organization,og0032,part of,organization,og0002,,Tender Notice_PDFs/RAJUK_Tender_174709.pdf,1
organization,og0002,part of,organization,og0001,,Tender Notice_PDFs/RAJUK_Tender_174709.pdf,1
person,pp0025,invited tender,tender,174709,"Chief Engineer, Implementation",Tender Notice_PDFs/RAJUK_Tender_174709.pdf,1
organization,og0032,advertised,tender,174709,,Tender Notice_PDFs/RAJUK_Tender_174709.pdf,1
tender,174709,belongs to project,project,pr0035,,Tender Notice_PDFs/RAJUK_Tender_174709.pdf,1
organization,og0032,part of,organization,og0002,,Tender Notice_PDFs/RAJUK_Tender_174710.pdf,1
organization,og0002,part of,organization,og0001,,Tender Notice_PDFs/RAJUK_Tender_174710.pdf,1
person,pp0025,invited tender,tender,174710,"Chief Engineer, Implementation",Tender Notice_PDFs/RAJUK_Tender_174710.pdf,1
organization,og0032,advertised,tender,174710,,Tender Notice_PDFs/RAJUK_Tender_174710.pdf,1
tender,174710,belongs to project,project,pr0035,,Tender Notice_PDFs/RAJUK_Tender_174710.pdf,1
organization,og0032,part of,organization,og0002,,Tender Notice_PDFs/RAJUK_Tender_174712.pdf,1
organization,og0002,part of,organization,og0001,,Tender Notice_PDFs/RAJUK_Tender_174712.pdf,1
person,pp0025,invited tender,tender,174712,"Chief Engineer, Implementation",Tender Notice_PDFs/RAJUK_Tender_174712.pdf,1
organization,og0032,advertised,tender,174712,,Tender Notice_PDFs/RAJUK_Tender_174712.pdf,1
tender,174712,belongs to project,project,pr0035,,Tender Notice_PDFs/RAJUK_Tender_174712.pdf,1
organization,og0032,part of,organization,og0002,,Tender Notice_PDFs/RAJUK_Tender_174714.pdf,1
organization,og0002,part of,organization,og0001,,Tender Notice_PDFs/RAJUK_Tender_174714.pdf,1
person,pp0025,invited tender,tender,174714,"Chief Engineer, Implementation",Tender Notice_PDFs/RAJUK_Tender_174714.pdf,1
organization,og0032,advertised,tender,174714,,Tender Notice_PDFs/RAJUK_Tender_174714.pdf,1
tender,174714,belongs to project,project,pr0035,,Tender Notice_PDFs/RAJUK_Tender_174714.pdf,1
organization,og0032,part of,organization,og0002,,Tender Notice_PDFs/RAJUK_Tender_174717.pdf,1
organization,og0002,part of,organization,og0001,,Tender Notice_PDFs/RAJUK_Tender_174717.pdf,1
person,pp0025,invited tender,tender,174717,"Chief Engineer, Implementation",Tender Notice_PDFs/RAJUK_Tender_174717.pdf,1
organization,og0032,advertised,tender,174717,,Tender Notice_PDFs/RAJUK_Tender_174717.pdf,1
tender,174717,belongs to project,project,pr0035,,Tender Notice_PDFs/RAJUK_Tender_174717.pdf,1
organization,og0032,part of,organization,og0002,,Tender Notice_PDFs/RAJUK_Tender_174720.pdf,1
organization,og0002,part of,organization,og0001,,Tender Notice_PDFs/RAJUK_Tender_174720.pdf,1
person,pp0025,invited tender,tender,174720,"Chief Engineer, Implementation",Tender Notice_PDFs/RAJUK_Tender_174720.pdf,1
organization,og0032,advertised,tender,174720,,Tender Notice_PDFs/RAJUK_Tender_174720.pdf,1
tender,174720,belongs to project,project,pr0035,,Tender Notice_PDFs/RAJUK_Tender_174720.pdf,1
organization,og0050,part of,organization,og0002,,Tender Notice_PDFs/RAJUK_Tender_178196.pdf,1
organization,og0002,part of,organization,og0001,,Tender Notice_PDFs/RAJUK_Tender_178196.pdf,1
person,pp0088,invited tender,tender,178196,Project Director,Tender Notice_PDFs/RAJUK_Tender_178196.pdf,1
organization,og0050,advertised,tender,178196,,Tender Notice_PDFs/RAJUK_Tender_178196.pdf,1
tender,178196,belongs to project,project,pr0048,,Tender Notice_PDFs/RAJUK_Tender_178196.pdf,1
organization,og0032,part of,organization,og0002,,Tender Notice_PDFs/RAJUK_Tender_182856.pdf,1
organization,og0002,part of,organization,og0001,,Tender Notice_PDFs/RAJUK_Tender_182856.pdf,1
person,pp0025,invited tender,tender,182856,"Chief Engineer, Implementation",Tender Notice_PDFs/RAJUK_Tender_182856.pdf,1
organization,og0032,advertised,tender,182856,,Tender Notice_PDFs/RAJUK_Tender_182856.pdf,1
tender,182856,belongs to project,project,pr0101,,Tender Notice_PDFs/RAJUK_Tender_182856.pdf,1
organization,og0032,part of,organization,og0002,,Tender Notice_PDFs/RAJUK_Tender_189828.pdf,1
organization,og0002,part of,organization,og0001,,Tender Notice_PDFs/RAJUK_Tender_189828.pdf,1
person,pp0025,invited tender,tender,189828,"Chief Engineer, Implementation",Tender Notice_PDFs/RAJUK_Tender_189828.pdf,1
organization,og0032,advertised,tender,189828,,Tender Notice_PDFs/RAJUK_Tender_189828.pdf,1
tender,189828,belongs to project,project,pr0097,,Tender Notice_PDFs/RAJUK_Tender_189828.pdf,1
organization,og0052,part of,organization,og0002,,Tender Notice_PDFs/RAJUK_Tender_18994.pdf,1
organization,og0002,part of,organization,og0001,,Tender Notice_PDFs/RAJUK_Tender_18994.pdf,1
person,pp0025,invited tender,tender,18994,"Chief Engineer, Project & Design",Tender Notice_PDFs/RAJUK_Tender_18994.pdf,1
organization,og0052,advertised,tender,18994,,Tender Notice_PDFs/RAJUK_Tender_18994.pdf,1
tender,18994,belongs to project,project,pr0093,,Tender Notice_PDFs/RAJUK_Tender_18994.pdf,1
organization,og0032,part of,organization,og0002,,Tender Notice_PDFs/RAJUK_Tender_190232.pdf,1
organization,og0002,part of,organization,og0001,,Tender Notice_PDFs/RAJUK_Tender_190232.pdf,1
person,pp0025,invited tender,tender,190232,"Chief Engineer, Implementation",Tender Notice_PDFs/RAJUK_Tender_190232.pdf,1
organization,og0032,advertised,tender,190232,,Tender Notice_PDFs/RAJUK_Tender_190232.pdf,1
tender,190232,belongs to project,project,pr0035,,Tender Notice_PDFs/RAJUK_Tender_190232.pdf,1
organization,og0036,part of,organization,og0002,,Tender Notice_PDFs/RAJUK_Tender_198193.pdf,1
organization,og0002,part of,organization,og0001,,Tender Notice_PDFs/RAJUK_Tender_198193.pdf,1
person,pp0025,invited tender,tender,198193,"Chief Engineer, Project & Design",Tender Notice_PDFs/RAJUK_Tender_198193.pdf,1
organization,og0036,advertised,tender,198193,,Tender Notice_PDFs/RAJUK_Tender_198193.pdf,1
tender,198193,belongs to project,project,pr0101,,Tender Notice_PDFs/RAJUK_Tender_198193.pdf,1
organization,og0036,part of,organization,og0002,,Tender Notice_PDFs/RAJUK_Tender_198200.pdf,1
organization,og0002,part of,organization,og0001,,Tender Notice_PDFs/RAJUK_Tender_198200.pdf,1
person,pp0025,invited tender,tender,198200,"Chief Engineer, Project & Design",Tender Notice_PDFs/RAJUK_Tender_198200.pdf,1
organization,og0036,advertised,tender,198200,,Tender Notice_PDFs/RAJUK_Tender_198200.pdf,1
tender,198200,belongs to project,project,pr0101,,Tender Notice_PDFs/RAJUK_Tender_198200.pdf,1
organization,og0036,part of,organization,og0002,,Tender Notice_PDFs/RAJUK_Tender_198298.pdf,1
organization,og0002,part of,organization,og0001,,Tender Notice_PDFs/RAJUK_Tender_198298.pdf,1
person,pp0025,invited tender,tender,198298,"Chief Engineer, Project & Design",Tender Notice_PDFs/RAJUK_Tender_198298.pdf,1
organization,og0036,advertised,tender,198298,,Tender Notice_PDFs/RAJUK_Tender_198298.pdf,1
tender,198298,belongs to project,project,pr0101,,Tender Notice_PDFs/RAJUK_Tender_198298.pdf,1
organization,og0036,part of,organization,og0002,,Tender Notice_PDFs/RAJUK_Tender_198333.pdf,1
organization,og0002,part of,organization,og0001,,Tender Notice_PDFs/RAJUK_Tender_198333.pdf,1
person,pp0025,invited tender,tender,198333,"Chief Engineer, Project & Design",Tender Notice_PDFs/RAJUK_Tender_198333.pdf,1
organization,og0036,advertised,tender,198333,,Tender Notice_PDFs/RAJUK_Tender_198333.pdf,1
tender,198333,belongs to project,project,pr0105,,Tender Notice_PDFs/RAJUK_Tender_198333.pdf,1
organization,og0036,part of,organization,og0002,,Tender Notice_PDFs/RAJUK_Tender_198861.pdf,1
organization,og0002,part of,organization,og0001,,Tender Notice_PDFs/RAJUK_Tender_198861.pdf,1
person,pp0025,invited tender,tender,198861,"Chief Engineer, Project & Design",Tender Notice_PDFs/RAJUK_Tender_198861.pdf,1
organization,og0036,advertised,tender,198861,,Tender Notice_PDFs/RAJUK_Tender_198861.pdf,1
tender,198861,belongs to project,project,pr0036,,Tender Notice_PDFs/RAJUK_Tender_198861.pdf,1
organization,og0036,part of,organization,og0002,,Tender Notice_PDFs/RAJUK_Tender_199294.pdf,1
organization,og0002,part of,organization,og0001,,Tender Notice_PDFs/RAJUK_Tender_199294.pdf,1
person,pp0025,invited tender,tender,199294,"Chief Engineer, Project & Design",Tender Notice_PDFs/RAJUK_Tender_199294.pdf,1
organization,og0036,advertised,tender,199294,,Tender Notice_PDFs/RAJUK_Tender_199294.pdf,1
tender,199294,belongs to project,project,pr0101,,Tender Notice_PDFs/RAJUK_Tender_199294.pdf,1
organization,og0036,part of,organization,og0002,,Tender Notice_PDFs/RAJUK_Tender_199306.pdf,1
organization,og0002,part of,organization,og0001,,Tender Notice_PDFs/RAJUK_Tender_199306.pdf,1
person,pp0025,invited tender,tender,199306,"Chief Engineer, Project & Design",Tender Notice_PDFs/RAJUK_Tender_199306.pdf,1
organization,og0036,advertised,tender,199306,,Tender Notice_PDFs/RAJUK_Tender_199306.pdf,1
tender,199306,belongs to project,project,pr0101,,Tender Notice_PDFs/RAJUK_Tender_199306.pdf,1
organization,og0036,part of,organization,og0002,,Tender Notice_PDFs/RAJUK_Tender_199307.pdf,1
organization,og0002,part of,organization,og0001,,Tender Notice_PDFs/RAJUK_Tender_199307.pdf,1
person,pp0025,invited tender,tender,199307,"Chief Engineer, Project & Design",Tender Notice_PDFs/RAJUK_Tender_199307.pdf,1
organization,og0036,advertised,tender,199307,,Tender Notice_PDFs/RAJUK_Tender_199307.pdf,1
tender,199307,belongs to project,project,pr0101,,Tender Notice_PDFs/RAJUK_Tender_199307.pdf,1
organization,og0036,part of,organization,og0002,,Tender Notice_PDFs/RAJUK_Tender_199363.pdf,1
organization,og0002,part of,organization,og0001,,Tender Notice_PDFs/RAJUK_Tender_199363.pdf,1
person,pp0025,invited tender,tender,199363,"Chief Engineer, Project & Design",Tender Notice_PDFs/RAJUK_Tender_199363.pdf,1
organization,og0036,advertised,tender,199363,,Tender Notice_PDFs/RAJUK_Tender_199363.pdf,1
tender,199363,belongs to project,project,pr0036,,Tender Notice_PDFs/RAJUK_Tender_199363.pdf,1
organization,og0036,part of,organization,og0002,,Tender Notice_PDFs/RAJUK_Tender_199364.pdf,1
organization,og0002,part of,organization,og0001,,Tender Notice_PDFs/RAJUK_Tender_199364.pdf,1
person,pp0025,invited tender,tender,199364,"Chief Engineer, Project & Design",Tender Notice_PDFs/RAJUK_Tender_199364.pdf,1
organization,og0036,advertised,tender,199364,,Tender Notice_PDFs/RAJUK_Tender_199364.pdf,1
tender,199364,belongs to project,project,pr0036,,Tender Notice_PDFs/RAJUK_Tender_199364.pdf,1
organization,og0036,part of,organization,og0002,,Tender Notice_PDFs/RAJUK_Tender_199368.pdf,1
organization,og0002,part of,organization,og0001,,Tender Notice_PDFs/RAJUK_Tender_199368.pdf,1
person,pp0025,invited tender,tender,199368,"Chief Engineer, Project & Design",Tender Notice_PDFs/RAJUK_Tender_199368.pdf,1
organization,og0036,advertised,tender,199368,,Tender Notice_PDFs/RAJUK_Tender_199368.pdf,1
tender,199368,belongs to project,project,pr0035,,Tender Notice_PDFs/RAJUK_Tender_199368.pdf,1
organization,og0036,part of,organization,og0002,,Tender Notice_PDFs/RAJUK_Tender_199377.pdf,1
organization,og0002,part of,organization,og0001,,Tender Notice_PDFs/RAJUK_Tender_199377.pdf,1
person,pp0025,invited tender,tender,199377,"Chief Engineer, Project & Design",Tender Notice_PDFs/RAJUK_Tender_199377.pdf,1
organization,og0036,advertised,tender,199377,,Tender Notice_PDFs/RAJUK_Tender_199377.pdf,1
tender,199377,belongs to project,project,pr0012,,Tender Notice_PDFs/RAJUK_Tender_199377.pdf,1
organization,og0032,part of,organization,og0002,,Tender Notice_PDFs/RAJUK_Tender_199891.pdf,1
organization,og0002,part of,organization,og0001,,Tender Notice_PDFs/RAJUK_Tender_199891.pdf,1
person,pp0025,invited tender,tender,199891,"Chief Engineer, Implementation",Tender Notice_PDFs/RAJUK_Tender_199891.pdf,1
organization,og0032,advertised,tender,199891,,Tender Notice_PDFs/RAJUK_Tender_199891.pdf,1
tender,199891,belongs to project,project,pr0101,,Tender Notice_PDFs/RAJUK_Tender_199891.pdf,1
organization,og0050,part of,organization,og0002,,Tender Notice_PDFs/RAJUK_Tender_199942.pdf,1
organization,og0002,part of,organization,og0001,,Tender Notice_PDFs/RAJUK_Tender_199942.pdf,1
person,pp0088,invited tender,tender,199942,Project Director,Tender Notice_PDFs/RAJUK_Tender_199942.pdf,1
organization,og0050,advertised,tender,199942,,Tender Notice_PDFs/RAJUK_Tender_199942.pdf,1
tender,199942,belongs to project,project,pr0048,,Tender Notice_PDFs/RAJUK_Tender_199942.pdf,1
organization,og0032,part of,organization,og0002,,Tender Notice_PDFs/RAJUK_Tender_202993.pdf,1
organization,og0002,part of,organization,og0001,,Tender Notice_PDFs/RAJUK_Tender_202993.pdf,1
person,pp0025,invited tender,tender,202993,"Chief Engineer, Implementation",Tender Notice_PDFs/RAJUK_Tender_202993.pdf,1
organization,og0032,advertised,tender,202993,,Tender Notice_PDFs/RAJUK_Tender_202993.pdf,1
tender,202993,belongs to project,project,pr0009,,Tender Notice_PDFs/RAJUK_Tender_202993.pdf,1
organization,og0032,part of,organization,og0002,,Tender Notice_PDFs/RAJUK_Tender_209496.pdf,1
organization,og0002,part of,organization,og0001,,Tender Notice_PDFs/RAJUK_Tender_209496.pdf,1
person,pp0025,invited tender,tender,209496,"Chief Engineer, Implementation",Tender Notice_PDFs/RAJUK_Tender_209496.pdf,1
organization,og0032,advertised,tender,209496,,Tender Notice_PDFs/RAJUK_Tender_209496.pdf,1
tender,209496,belongs to project,project,pr0009,,Tender Notice_PDFs/RAJUK_Tender_209496.pdf,1
organization,og0032,part of,organization,og0002,,Tender Notice_PDFs/RAJUK_Tender_209498.pdf,1
organization,og0002,part of,organization,og0001,,Tender Notice_PDFs/RAJUK_Tender_209498.pdf,1
person,pp0025,invited tender,tender,209498,"Chief Engineer, Implementation",Tender Notice_PDFs/RAJUK_Tender_209498.pdf,1
organization,og0032,advertised,tender,209498,,Tender Notice_PDFs/RAJUK_Tender_209498.pdf,1
tender,209498,belongs to project,project,pr0009,,Tender Notice_PDFs/RAJUK_Tender_209498.pdf,1
organization,og0032,part of,organization,og0002,,Tender Notice_PDFs/RAJUK_Tender_209736.pdf,1
organization,og0002,part of,organization,og0001,,Tender Notice_PDFs/RAJUK_Tender_209736.pdf,1
person,pp0025,invited tender,tender,209736,"Chief Engineer, Implementation",Tender Notice_PDFs/RAJUK_Tender_209736.pdf,2
organization,og0032,advertised,tender,209736,,Tender Notice_PDFs/RAJUK_Tender_209736.pdf,1
tender,209736,belongs to project,project,pr0101,,Tender Notice_PDFs/RAJUK_Tender_209736.pdf,1
organization,og0032,part of,organization,og0002,,Tender Notice_PDFs/RAJUK_Tender_209938.pdf,1
organization,og0002,part of,organization,og0001,,Tender Notice_PDFs/RAJUK_Tender_209938.pdf,1
person,pp0025,invited tender,tender,209938,"Chief Engineer, Implementation",Tender Notice_PDFs/RAJUK_Tender_209938.pdf,1
organization,og0032,advertised,tender,209938,,Tender Notice_PDFs/RAJUK_Tender_209938.pdf,1
tender,209938,belongs to project,project,pr0009,,Tender Notice_PDFs/RAJUK_Tender_209938.pdf,1
organization,og0032,part of,organization,og0002,,Tender Notice_PDFs/RAJUK_Tender_209939.pdf,1
organization,og0002,part of,organization,og0001,,Tender Notice_PDFs/RAJUK_Tender_209939.pdf,1
person,pp0025,invited tender,tender,209939,"Chief Engineer, Implementation",Tender Notice_PDFs/RAJUK_Tender_209939.pdf,1
organization,og0032,advertised,tender,209939,,Tender Notice_PDFs/RAJUK_Tender_209939.pdf,1
tender,209939,belongs to project,project,pr0009,,Tender Notice_PDFs/RAJUK_Tender_209939.pdf,1
organization,og0032,part of,organization,og0002,,Tender Notice_PDFs/RAJUK_Tender_209949.pdf,1
organization,og0002,part of,organization,og0001,,Tender Notice_PDFs/RAJUK_Tender_209949.pdf,1
person,pp0025,invited tender,tender,209949,"Chief Engineer, Implementation",Tender Notice_PDFs/RAJUK_Tender_209949.pdf,1
organization,og0032,advertised,tender,209949,,Tender Notice_PDFs/RAJUK_Tender_209949.pdf,1
tender,209949,belongs to project,project,pr0097,,Tender Notice_PDFs/RAJUK_Tender_209949.pdf,1
organization,og0032,part of,organization,og0002,,Tender Notice_PDFs/RAJUK_Tender_214247.pdf,1
organization,og0002,part of,organization,og0001,,Tender Notice_PDFs/RAJUK_Tender_214247.pdf,1
person,pp0025,invited tender,tender,214247,"Chief Engineer, Implementation",Tender Notice_PDFs/RAJUK_Tender_214247.pdf,1
organization,og0032,advertised,tender,214247,,Tender Notice_PDFs/RAJUK_Tender_214247.pdf,1
tender,214247,belongs to project,project,pr0054,,Tender Notice_PDFs/RAJUK_Tender_214247.pdf,1
organization,og0032,part of,organization,og0002,,Tender Notice_PDFs/RAJUK_Tender_214250.pdf,1
organization,og0002,part of,organization,og0001,,Tender Notice_PDFs/RAJUK_Tender_214250.pdf,1
person,pp0025,invited tender,tender,214250,"Chief Engineer, Implementation",Tender Notice_PDFs/RAJUK_Tender_214250.pdf,1
organization,og0032,advertised,tender,214250,,Tender Notice_PDFs/RAJUK_Tender_214250.pdf,1
tender,214250,belongs to project,project,pr0097,,Tender Notice_PDFs/RAJUK_Tender_214250.pdf,1
organization,og0032,part of,organization,og0002,,Tender Notice_PDFs/RAJUK_Tender_214275.pdf,1
organization,og0002,part of,organization,og0001,,Tender Notice_PDFs/RAJUK_Tender_214275.pdf,1
person,pp0025,invited tender,tender,214275,"Chief Engineer, Implementation",Tender Notice_PDFs/RAJUK_Tender_214275.pdf,1
organization,og0032,advertised,tender,214275,,Tender Notice_PDFs/RAJUK_Tender_214275.pdf,1
tender,214275,belongs to project,project,pr0054,,Tender Notice_PDFs/RAJUK_Tender_214275.pdf,1
organization,og0036,part of,organization,og0002,,Tender Notice_PDFs/RAJUK_Tender_214561.pdf,1
organization,og0002,part of,organization,og0001,,Tender Notice_PDFs/RAJUK_Tender_214561.pdf,1
person,pp0135,invited tender,tender,214561,"Chief Engineer, Project & Design",Tender Notice_PDFs/RAJUK_Tender_214561.pdf,1
organization,og0036,advertised,tender,214561,,Tender Notice_PDFs/RAJUK_Tender_214561.pdf,1
tender,214561,belongs to project,project,pr0004,,Tender Notice_PDFs/RAJUK_Tender_214561.pdf,1
organization,og0036,part of,organization,og0002,,Tender Notice_PDFs/RAJUK_Tender_236033.pdf,1
organization,og0002,part of,organization,og0001,,Tender Notice_PDFs/RAJUK_Tender_236033.pdf,1
person,pp0135,invited tender,tender,236033,"Chief Engineer, Project & Design",Tender Notice_PDFs/RAJUK_Tender_236033.pdf,1
organization,og0036,advertised,tender,236033,,Tender Notice_PDFs/RAJUK_Tender_236033.pdf,1
tender,236033,belongs to project,project,pr0004,,Tender Notice_PDFs/RAJUK_Tender_236033.pdf,1
organization,og0036,part of,organization,og0002,,Tender Notice_PDFs/RAJUK_Tender_236036.pdf,1
organization,og0002,part of,organization,og0001,,Tender Notice_PDFs/RAJUK_Tender_236036.pdf,1
person,pp0135,invited tender,tender,236036,"Chief Engineer, Project & Design",Tender Notice_PDFs/RAJUK_Tender_236036.pdf,1
organization,og0036,advertised,tender,236036,,Tender Notice_PDFs/RAJUK_Tender_236036.pdf,1
tender,236036,belongs to project,project,pr0004,,Tender Notice_PDFs/RAJUK_Tender_236036.pdf,1
organization,og0036,part of,organization,og0002,,Tender Notice_PDFs/RAJUK_Tender_236043.pdf,1
organization,og0002,part of,organization,og0001,,Tender Notice_PDFs/RAJUK_Tender_236043.pdf,1
person,pp0135,invited tender,tender,236043,"Chief Engineer, Project & Design",Tender Notice_PDFs/RAJUK_Tender_236043.pdf,1
organization,og0036,advertised,tender,236043,,Tender Notice_PDFs/RAJUK_Tender_236043.pdf,1
tender,236043,belongs to project,project,pr0004,,Tender Notice_PDFs/RAJUK_Tender_236043.pdf,1
organization,og0036,part of,organization,og0002,,Tender Notice_PDFs/RAJUK_Tender_236045.pdf,1
organization,og0002,part of,organization,og0001,,Tender Notice_PDFs/RAJUK_Tender_236045.pdf,1
person,pp0135,invited tender,tender,236045,"Chief Engineer, Project & Design",Tender Notice_PDFs/RAJUK_Tender_236045.pdf,1
organization,og0036,advertised,tender,236045,,Tender Notice_PDFs/RAJUK_Tender_236045.pdf,1
tender,236045,belongs to project,project,pr0004,,Tender Notice_PDFs/RAJUK_Tender_236045.pdf,1
organization,og0036,part of,organization,og0002,,Tender Notice_PDFs/RAJUK_Tender_236048.pdf,1
organization,og0002,part of,organization,og0001,,Tender Notice_PDFs/RAJUK_Tender_236048.pdf,1
person,pp0135,invited tender,tender,236048,"Chief Engineer, Project & Design",Tender Notice_PDFs/RAJUK_Tender_236048.pdf,1
organization,og0036,advertised,tender,236048,,Tender Notice_PDFs/RAJUK_Tender_236048.pdf,1
tender,236048,belongs to project,project,pr0004,,Tender Notice_PDFs/RAJUK_Tender_236048.pdf,1
organization,og0036,part of,organization,og0002,,Tender Notice_PDFs/RAJUK_Tender_236241.pdf,1
organization,og0002,part of,organization,og0001,,Tender Notice_PDFs/RAJUK_Tender_236241.pdf,1
person,pp0084,invited tender,tender,236241,"Chief Engineer, Project & Design",Tender Notice_PDFs/RAJUK_Tender_236241.pdf,2
organization,og0036,advertised,tender,236241,,Tender Notice_PDFs/RAJUK_Tender_236241.pdf,1
tender,236241,belongs to project,project,pr0101,,Tender Notice_PDFs/RAJUK_Tender_236241.pdf,1
organization,og0036,part of,organization,og0002,,Tender Notice_PDFs/RAJUK_Tender_236242.pdf,1
organization,og0002,part of,organization,og0001,,Tender Notice_PDFs/RAJUK_Tender_236242.pdf,1
person,pp0084,invited tender,tender,236242,"Chief Engineer, Project & Design",Tender Notice_PDFs/RAJUK_Tender_236242.pdf,2
organization,og0036,advertised,tender,236242,,Tender Notice_PDFs/RAJUK_Tender_236242.pdf,1
tender,236242,belongs to project,project,pr0101,,Tender Notice_PDFs/RAJUK_Tender_236242.pdf,1
organization,og0050,part of,organization,og0002,,Tender Notice_PDFs/RAJUK_Tender_237820.pdf,1
organization,og0002,part of,organization,og0001,,Tender Notice_PDFs/RAJUK_Tender_237820.pdf,1
person,pp0093,invited tender,tender,237820,Project Director,Tender Notice_PDFs/RAJUK_Tender_237820.pdf,1
organization,og0050,advertised,tender,237820,,Tender Notice_PDFs/RAJUK_Tender_237820.pdf,1
tender,237820,belongs to project,project,pr0048,,Tender Notice_PDFs/RAJUK_Tender_237820.pdf,1
organization,og0036,part of,organization,og0002,,Tender Notice_PDFs/RAJUK_Tender_247987.pdf,1
organization,og0002,part of,organization,og0001,,Tender Notice_PDFs/RAJUK_Tender_247987.pdf,1
person,pp0135,invited tender,tender,247987,"Chief Engineer, Project & Design",Tender Notice_PDFs/RAJUK_Tender_247987.pdf,2
organization,og0036,advertised,tender,247987,,Tender Notice_PDFs/RAJUK_Tender_247987.pdf,1
tender,247987,belongs to project,project,pr0101,,Tender Notice_PDFs/RAJUK_Tender_247987.pdf,1
organization,og0036,part of,organization,og0002,,Tender Notice_PDFs/RAJUK_Tender_248286.pdf,1
organization,og0002,part of,organization,og0001,,Tender Notice_PDFs/RAJUK_Tender_248286.pdf,1
person,pp0135,invited tender,tender,248286,"Chief Engineer, Project & Design",Tender Notice_PDFs/RAJUK_Tender_248286.pdf,1
organization,og0036,advertised,tender,248286,,Tender Notice_PDFs/RAJUK_Tender_248286.pdf,1
tender,248286,belongs to project,project,pr0101,,Tender Notice_PDFs/RAJUK_Tender_248286.pdf,1
organization,og0036,part of,organization,og0002,,Tender Notice_PDFs/RAJUK_Tender_248317.pdf,1
organization,og0002,part of,organization,og0001,,Tender Notice_PDFs/RAJUK_Tender_248317.pdf,1
person,pp0135,invited tender,tender,248317,"Chief Engineer, Project & Design",Tender Notice_PDFs/RAJUK_Tender_248317.pdf,1
organization,og0036,advertised,tender,248317,,Tender Notice_PDFs/RAJUK_Tender_248317.pdf,1
tender,248317,belongs to project,project,pr0101,,Tender Notice_PDFs/RAJUK_Tender_248317.pdf,1
organization,og0036,part of,organization,og0002,,Tender Notice_PDFs/RAJUK_Tender_248616.pdf,1
organization,og0002,part of,organization,og0001,,Tender Notice_PDFs/RAJUK_Tender_248616.pdf,1
person,pp0084,invited tender,tender,248616,"Chief Engineer, Project & Design",Tender Notice_PDFs/RAJUK_Tender_248616.pdf,2
organization,og0036,advertised,tender,248616,,Tender Notice_PDFs/RAJUK_Tender_248616.pdf,1
tender,248616,belongs to project,project,pr0101,,Tender Notice_PDFs/RAJUK_Tender_248616.pdf,1
organization,og0036,part of,organization,og0002,,Tender Notice_PDFs/RAJUK_Tender_248617.pdf,1
organization,og0002,part of,organization,og0001,,Tender Notice_PDFs/RAJUK_Tender_248617.pdf,1
person,pp0084,invited tender,tender,248617,"Chief Engineer, Project & Design",Tender Notice_PDFs/RAJUK_Tender_248617.pdf,2
organization,og0036,advertised,tender,248617,,Tender Notice_PDFs/RAJUK_Tender_248617.pdf,1
tender,248617,belongs to project,project,pr0101,,Tender Notice_PDFs/RAJUK_Tender_248617.pdf,1
organization,og0036,part of,organization,og0002,,Tender Notice_PDFs/RAJUK_Tender_248618.pdf,1
organization,og0002,part of,organization,og0001,,Tender Notice_PDFs/RAJUK_Tender_248618.pdf,1
person,pp0084,invited tender,tender,248618,"Chief Engineer, Project & Design",Tender Notice_PDFs/RAJUK_Tender_248618.pdf,2
organization,og0036,advertised,tender,248618,,Tender Notice_PDFs/RAJUK_Tender_248618.pdf,1
tender,248618,belongs to project,project,pr0101,,Tender Notice_PDFs/RAJUK_Tender_248618.pdf,1
organization,og0036,part of,organization,og0002,,Tender Notice_PDFs/RAJUK_Tender_248619.pdf,1
organization,og0002,part of,organization,og0001,,Tender Notice_PDFs/RAJUK_Tender_248619.pdf,1
person,pp0084,invited tender,tender,248619,"Chief Engineer, Project & Design",Tender Notice_PDFs/RAJUK_Tender_248619.pdf,2
organization,og0036,advertised,tender,248619,,Tender Notice_PDFs/RAJUK_Tender_248619.pdf,1
tender,248619,belongs to project,project,pr0101,,Tender Notice_PDFs/RAJUK_Tender_248619.pdf,1
organization,og0036,part of,organization,og0002,,Tender Notice_PDFs/RAJUK_Tender_248621.pdf,1
organization,og0002,part of,organization,og0001,,Tender Notice_PDFs/RAJUK_Tender_248621.pdf,1
person,pp0084,invited tender,tender,248621,"Chief Engineer, Project & Design",Tender Notice_PDFs/RAJUK_Tender_248621.pdf,2
organization,og0036,advertised,tender,248621,,Tender Notice_PDFs/RAJUK_Tender_248621.pdf,1
tender,248621,belongs to project,project,pr0101,,Tender Notice_PDFs/RAJUK_Tender_248621.pdf,1
organization,og0036,part of,organization,og0002,,Tender Notice_PDFs/RAJUK_Tender_248622.pdf,1
organization,og0002,part of,organization,og0001,,Tender Notice_PDFs/RAJUK_Tender_248622.pdf,1
person,pp0084,invited tender,tender,248622,"Chief Engineer, Project & Design",Tender Notice_PDFs/RAJUK_Tender_248622.pdf,2
organization,og0036,advertised,tender,248622,,Tender Notice_PDFs/RAJUK_Tender_248622.pdf,1
tender,248622,belongs to project,project,pr0101,,Tender Notice_PDFs/RAJUK_Tender_248622.pdf,1
organization,og0036,part of,organization,og0002,,Tender Notice_PDFs/RAJUK_Tender_248623.pdf,1
organization,og0002,part of,organization,og0001,,Tender Notice_PDFs/RAJUK_Tender_248623.pdf,1
person,pp0084,invited tender,tender,248623,"Chief Engineer, Project & Design",Tender Notice_PDFs/RAJUK_Tender_248623.pdf,2
organization,og0036,advertised,tender,248623,,Tender Notice_PDFs/RAJUK_Tender_248623.pdf,1
tender,248623,belongs to project,project,pr0101,,Tender Notice_PDFs/RAJUK_Tender_248623.pdf,1
organization,og0036,part of,organization,og0002,,Tender Notice_PDFs/RAJUK_Tender_248625.pdf,1
organization,og0002,part of,organization,og0001,,Tender Notice_PDFs/RAJUK_Tender_248625.pdf,1
person,pp0084,invited tender,tender,248625,"Chief Engineer, Project & Design",Tender Notice_PDFs/RAJUK_Tender_248625.pdf,2
organization,og0036,advertised,tender,248625,,Tender Notice_PDFs/RAJUK_Tender_248625.pdf,1
tender,248625,belongs to project,project,pr0101,,Tender Notice_PDFs/RAJUK_Tender_248625.pdf,1
organization,og0108,part of,organization,og0107,,Tender Notice_PDFs/RAJUK_Tender_248630.pdf,1
tender,248630,belongs to project,project,pr0106,,Tender Notice_PDFs/RAJUK_Tender_248630.pdf,1
organization,og0036,part of,organization,og0002,,Tender Notice_PDFs/RAJUK_Tender_248631.pdf,1
organization,og0002,part of,organization,og0001,,Tender Notice_PDFs/RAJUK_Tender_248631.pdf,1
person,pp0084,invited tender,tender,248631,"Chief Engineer, Project & Design",Tender Notice_PDFs/RAJUK_Tender_248631.pdf,2
organization,og0036,advertised,tender,248631,,Tender Notice_PDFs/RAJUK_Tender_248631.pdf,1
tender,248631,belongs to project,project,pr0101,,Tender Notice_PDFs/RAJUK_Tender_248631.pdf,1
organization,og0036,part of,organization,og0002,,Tender Notice_PDFs/RAJUK_Tender_248633.pdf,1
organization,og0002,part of,organization,og0001,,Tender Notice_PDFs/RAJUK_Tender_248633.pdf,1
person,pp0084,invited tender,tender,248633,"Chief Engineer, Project & Design",Tender Notice_PDFs/RAJUK_Tender_248633.pdf,2
organization,og0036,advertised,tender,248633,,Tender Notice_PDFs/RAJUK_Tender_248633.pdf,1
tender,248633,belongs to project,project,pr0101,,Tender Notice_PDFs/RAJUK_Tender_248633.pdf,1
organization,og0032,part of,organization,og0002,,Tender Notice_PDFs/RAJUK_Tender_251214.pdf,1
organization,og0002,part of,organization,og0001,,Tender Notice_PDFs/RAJUK_Tender_251214.pdf,1
person,pp0025,invited tender,tender,251214,"Chief Engineer, Implementation",Tender Notice_PDFs/RAJUK_Tender_251214.pdf,1
organization,og0032,advertised,tender,251214,,Tender Notice_PDFs/RAJUK_Tender_251214.pdf,1
tender,251214,belongs to project,project,pr0087,,Tender Notice_PDFs/RAJUK_Tender_251214.pdf,1
organization,og0032,part of,organization,og0002,,Tender Notice_PDFs/RAJUK_Tender_251218.pdf,1
organization,og0002,part of,organization,og0001,,Tender Notice_PDFs/RAJUK_Tender_251218.pdf,1
person,pp0025,invited tender,tender,251218,"Chief Engineer, Implementation",Tender Notice_PDFs/RAJUK_Tender_251218.pdf,1
organization,og0032,advertised,tender,251218,,Tender Notice_PDFs/RAJUK_Tender_251218.pdf,1
tender,251218,belongs to project,project,pr0097,,Tender Notice_PDFs/RAJUK_Tender_251218.pdf,1
organization,og0032,part of,organization,og0002,,Tender Notice_PDFs/RAJUK_Tender_251224.pdf,1
organization,og0002,part of,organization,og0001,,Tender Notice_PDFs/RAJUK_Tender_251224.pdf,1
person,pp0025,invited tender,tender,251224,"Chief Engineer, Implementation",Tender Notice_PDFs/RAJUK_Tender_251224.pdf,1
organization,og0032,advertised,tender,251224,,Tender Notice_PDFs/RAJUK_Tender_251224.pdf,1
tender,251224,belongs to project,project,pr0009,,Tender Notice_PDFs/RAJUK_Tender_251224.pdf,1
organization,og0032,part of,organization,og0002,,Tender Notice_PDFs/RAJUK_Tender_251227.pdf,1
organization,og0002,part of,organization,og0001,,Tender Notice_PDFs/RAJUK_Tender_251227.pdf,1
person,pp0025,invited tender,tender,251227,"Chief Engineer, Implementation",Tender Notice_PDFs/RAJUK_Tender_251227.pdf,1
organization,og0032,advertised,tender,251227,,Tender Notice_PDFs/RAJUK_Tender_251227.pdf,1
tender,251227,belongs to project,project,pr0009,,Tender Notice_PDFs/RAJUK_Tender_251227.pdf,1
organization,og0036,part of,organization,og0002,,Tender Notice_PDFs/RAJUK_Tender_260451.pdf,1
organization,og0002,part of,organization,og0001,,Tender Notice_PDFs/RAJUK_Tender_260451.pdf,1
person,pp0135,invited tender,tender,260451,"Chief Engineer, Project & Design",Tender Notice_PDFs/RAJUK_Tender_260451.pdf,1
organization,og0036,advertised,tender,260451,,Tender Notice_PDFs/RAJUK_Tender_260451.pdf,1
tender,260451,belongs to project,project,pr0055,,Tender Notice_PDFs/RAJUK_Tender_260451.pdf,1
organization,og0036,part of,organization,og0002,,Tender Notice_PDFs/RAJUK_Tender_260513.pdf,1
organization,og0002,part of,organization,og0001,,Tender Notice_PDFs/RAJUK_Tender_260513.pdf,1
person,pp0135,invited tender,tender,260513,"Chief Engineer, Project & Design",Tender Notice_PDFs/RAJUK_Tender_260513.pdf,1
organization,og0036,advertised,tender,260513,,Tender Notice_PDFs/RAJUK_Tender_260513.pdf,1
tender,260513,belongs to project,project,pr0055,,Tender Notice_PDFs/RAJUK_Tender_260513.pdf,1
organization,og0036,part of,organization,og0002,,Tender Notice_PDFs/RAJUK_Tender_260788.pdf,1
organization,og0002,part of,organization,og0001,,Tender Notice_PDFs/RAJUK_Tender_260788.pdf,1
person,pp0135,invited tender,tender,260788,"Chief Engineer, Project & Design",Tender Notice_PDFs/RAJUK_Tender_260788.pdf,1
organization,og0036,advertised,tender,260788,,Tender Notice_PDFs/RAJUK_Tender_260788.pdf,1
tender,260788,belongs to project,project,pr0098,,Tender Notice_PDFs/RAJUK_Tender_260788.pdf,1
organization,og0036,part of,organization,og0002,,Tender Notice_PDFs/RAJUK_Tender_260843.pdf,1
organization,og0002,part of,organization,og0001,,Tender Notice_PDFs/RAJUK_Tender_260843.pdf,1
person,pp0135,invited tender,tender,260843,"Chief Engineer, Project & Design",Tender Notice_PDFs/RAJUK_Tender_260843.pdf,1
organization,og0036,advertised,tender,260843,,Tender Notice_PDFs/RAJUK_Tender_260843.pdf,1
tender,260843,belongs to project,project,pr0098,,Tender Notice_PDFs/RAJUK_Tender_260843.pdf,1
organization,og0036,part of,organization,og0002,,Tender Notice_PDFs/RAJUK_Tender_276518.pdf,1
organization,og0002,part of,organization,og0001,,Tender Notice_PDFs/RAJUK_Tender_276518.pdf,1
person,pp0084,invited tender,tender,276518,"Chief Engineer, Project & Design",Tender Notice_PDFs/RAJUK_Tender_276518.pdf,1
organization,og0036,advertised,tender,276518,,Tender Notice_PDFs/RAJUK_Tender_276518.pdf,1
tender,276518,belongs to project,project,pr0057,,Tender Notice_PDFs/RAJUK_Tender_276518.pdf,1
organization,og0032,part of,organization,og0002,,Tender Notice_PDFs/RAJUK_Tender_286205.pdf,1
organization,og0002,part of,organization,og0001,,Tender Notice_PDFs/RAJUK_Tender_286205.pdf,1
person,pp0025,invited tender,tender,286205,"Chief Engineer, Implementation",Tender Notice_PDFs/RAJUK_Tender_286205.pdf,1
organization,og0032,advertised,tender,286205,,Tender Notice_PDFs/RAJUK_Tender_286205.pdf,1
tender,286205,belongs to project,project,pr0097,,Tender Notice_PDFs/RAJUK_Tender_286205.pdf,1
organization,og0036,part of,organization,og0002,,Tender Notice_PDFs/RAJUK_Tender_287329.pdf,1
organization,og0002,part of,organization,og0001,,Tender Notice_PDFs/RAJUK_Tender_287329.pdf,1
person,pp0084,invited tender,tender,287329,"Chief Engineer, Project & Design",Tender Notice_PDFs/RAJUK_Tender_287329.pdf,2
organization,og0036,advertised,tender,287329,,Tender Notice_PDFs/RAJUK_Tender_287329.pdf,1
tender,287329,belongs to project,project,pr0101,,Tender Notice_PDFs/RAJUK_Tender_287329.pdf,1
organization,og0036,part of,organization,og0002,,Tender Notice_PDFs/RAJUK_Tender_287337.pdf,1
organization,og0002,part of,organization,og0001,,Tender Notice_PDFs/RAJUK_Tender_287337.pdf,1
person,pp0084,invited tender,tender,287337,"Chief Engineer, Project & Design",Tender Notice_PDFs/RAJUK_Tender_287337.pdf,1
organization,og0036,advertised,tender,287337,,Tender Notice_PDFs/RAJUK_Tender_287337.pdf,1
tender,287337,belongs to project,project,pr0101,,Tender Notice_PDFs/RAJUK_Tender_287337.pdf,1
organization,og0036,part of,organization,og0002,,Tender Notice_PDFs/RAJUK_Tender_287341.pdf,1
organization,og0002,part of,organization,og0001,,Tender Notice_PDFs/RAJUK_Tender_287341.pdf,1
person,pp0084,invited tender,tender,287341,"Chief Engineer, Project & Design",Tender Notice_PDFs/RAJUK_Tender_287341.pdf,2
organization,og0036,advertised,tender,287341,,Tender Notice_PDFs/RAJUK_Tender_287341.pdf,1
tender,287341,belongs to project,project,pr0101,,Tender Notice_PDFs/RAJUK_Tender_287341.pdf,1
organization,og0036,part of,organization,og0002,,Tender Notice_PDFs/RAJUK_Tender_287345.pdf,1
organization,og0002,part of,organization,og0001,,Tender Notice_PDFs/RAJUK_Tender_287345.pdf,1
person,pp0084,invited tender,tender,287345,"Chief Engineer, Project & Design",Tender Notice_PDFs/RAJUK_Tender_287345.pdf,1
organization,og0036,advertised,tender,287345,,Tender Notice_PDFs/RAJUK_Tender_287345.pdf,1
tender,287345,belongs to project,project,pr0101,,Tender Notice_PDFs/RAJUK_Tender_287345.pdf,1
organization,og0036,part of,organization,og0002,,Tender Notice_PDFs/RAJUK_Tender_287350.pdf,1
organization,og0002,part of,organization,og0001,,Tender Notice_PDFs/RAJUK_Tender_287350.pdf,1
person,pp0084,invited tender,tender,287350,"Chief Engineer, Project & Design",Tender Notice_PDFs/RAJUK_Tender_287350.pdf,1
organization,og0036,advertised,tender,287350,,Tender Notice_PDFs/RAJUK_Tender_287350.pdf,1
tender,287350,belongs to project,project,pr0101,,Tender Notice_PDFs/RAJUK_Tender_287350.pdf,1
organization,og0036,part of,organization,og0002,,Tender Notice_PDFs/RAJUK_Tender_287352.pdf,1
organization,og0002,part of,organization,og0001,,Tender Notice_PDFs/RAJUK_Tender_287352.pdf,1
person,pp0084,invited tender,tender,287352,"Chief Engineer, Project & Design",Tender Notice_PDFs/RAJUK_Tender_287352.pdf,1
organization,og0036,advertised,tender,287352,,Tender Notice_PDFs/RAJUK_Tender_287352.pdf,1
tender,287352,belongs to project,project,pr0101,,Tender Notice_PDFs/RAJUK_Tender_287352.pdf,1
organization,og0036,part of,organization,og0002,,Tender Notice_PDFs/RAJUK_Tender_287354.pdf,1
organization,og0002,part of,organization,og0001,,Tender Notice_PDFs/RAJUK_Tender_287354.pdf,1
person,pp0084,invited tender,tender,287354,"Chief Engineer, Project & Design",Tender Notice_PDFs/RAJUK_Tender_287354.pdf,2
organization,og0036,advertised,tender,287354,,Tender Notice_PDFs/RAJUK_Tender_287354.pdf,1
tender,287354,belongs to project,project,pr0101,,Tender Notice_PDFs/RAJUK_Tender_287354.pdf,1
organization,og0036,part of,organization,og0002,,Tender Notice_PDFs/RAJUK_Tender_287356.pdf,1
organization,og0002,part of,organization,og0001,,Tender Notice_PDFs/RAJUK_Tender_287356.pdf,1
person,pp0084,invited tender,tender,287356,"Chief Engineer, Project & Design",Tender Notice_PDFs/RAJUK_Tender_287356.pdf,2
organization,og0036,advertised,tender,287356,,Tender Notice_PDFs/RAJUK_Tender_287356.pdf,1
tender,287356,belongs to project,project,pr0101,,Tender Notice_PDFs/RAJUK_Tender_287356.pdf,1
organization,og0036,part of,organization,og0002,,Tender Notice_PDFs/RAJUK_Tender_287357.pdf,1
organization,og0002,part of,organization,og0001,,Tender Notice_PDFs/RAJUK_Tender_287357.pdf,1
person,pp0084,invited tender,tender,287357,"Chief Engineer, Project & Design",Tender Notice_PDFs/RAJUK_Tender_287357.pdf,2
organization,og0036,advertised,tender,287357,,Tender Notice_PDFs/RAJUK_Tender_287357.pdf,1
tender,287357,belongs to project,project,pr0101,,Tender Notice_PDFs/RAJUK_Tender_287357.pdf,1
organization,og0036,part of,organization,og0002,,Tender Notice_PDFs/RAJUK_Tender_287358.pdf,1
organization,og0002,part of,organization,og0001,,Tender Notice_PDFs/RAJUK_Tender_287358.pdf,1
person,pp0084,invited tender,tender,287358,"Chief Engineer, Project & Design",Tender Notice_PDFs/RAJUK_Tender_287358.pdf,2
organization,og0036,advertised,tender,287358,,Tender Notice_PDFs/RAJUK_Tender_287358.pdf,1
tender,287358,belongs to project,project,pr0101,,Tender Notice_PDFs/RAJUK_Tender_287358.pdf,1
organization,og0036,part of,organization,og0002,,Tender Notice_PDFs/RAJUK_Tender_287360.pdf,1
organization,og0002,part of,organization,og0001,,Tender Notice_PDFs/RAJUK_Tender_287360.pdf,1
person,pp0084,invited tender,tender,287360,"Chief Engineer, Project & Design",Tender Notice_PDFs/RAJUK_Tender_287360.pdf,2
organization,og0036,advertised,tender,287360,,Tender Notice_PDFs/RAJUK_Tender_287360.pdf,1
tender,287360,belongs to project,project,pr0101,,Tender Notice_PDFs/RAJUK_Tender_287360.pdf,1
organization,og0032,part of,organization,og0002,,Tender Notice_PDFs/RAJUK_Tender_292111.pdf,1
organization,og0002,part of,organization,og0001,,Tender Notice_PDFs/RAJUK_Tender_292111.pdf,1
person,pp0093,invited tender,tender,292111,"Chief Engineer, Implementation",Tender Notice_PDFs/RAJUK_Tender_292111.pdf,1
organization,og0032,advertised,tender,292111,,Tender Notice_PDFs/RAJUK_Tender_292111.pdf,1
tender,292111,belongs to project,project,pr0009,,Tender Notice_PDFs/RAJUK_Tender_292111.pdf,1
organization,og0032,part of,organization,og0002,,Tender Notice_PDFs/RAJUK_Tender_293000.pdf,1
organization,og0002,part of,organization,og0001,,Tender Notice_PDFs/RAJUK_Tender_293000.pdf,1
person,pp0093,invited tender,tender,293000,"Chief Engineer, Implementation",Tender Notice_PDFs/RAJUK_Tender_293000.pdf,1
organization,og0032,advertised,tender,293000,,Tender Notice_PDFs/RAJUK_Tender_293000.pdf,1
tender,293000,belongs to project,project,pr0009,,Tender Notice_PDFs/RAJUK_Tender_293000.pdf,1
organization,og0032,part of,organization,og0002,,Tender Notice_PDFs/RAJUK_Tender_293004.pdf,1
organization,og0002,part of,organization,og0001,,Tender Notice_PDFs/RAJUK_Tender_293004.pdf,1
person,pp0093,invited tender,tender,293004,"Chief Engineer, Implementation",Tender Notice_PDFs/RAJUK_Tender_293004.pdf,1
organization,og0032,advertised,tender,293004,,Tender Notice_PDFs/RAJUK_Tender_293004.pdf,1
tender,293004,belongs to project,project,pr0009,,Tender Notice_PDFs/RAJUK_Tender_293004.pdf,1
organization,og0032,part of,organization,og0002,,Tender Notice_PDFs/RAJUK_Tender_293018.pdf,1
organization,og0002,part of,organization,og0001,,Tender Notice_PDFs/RAJUK_Tender_293018.pdf,1
person,pp0093,invited tender,tender,293018,"Chief Engineer, Implementation",Tender Notice_PDFs/RAJUK_Tender_293018.pdf,1
organization,og0032,advertised,tender,293018,,Tender Notice_PDFs/RAJUK_Tender_293018.pdf,1
tender,293018,belongs to project,project,pr0009,,Tender Notice_PDFs/RAJUK_Tender_293018.pdf,1
organization,og0036,part of,organization,og0002,,Tender Notice_PDFs/RAJUK_Tender_294388.pdf,1
organization,og0002,part of,organization,og0001,,Tender Notice_PDFs/RAJUK_Tender_294388.pdf,1
person,pp0084,invited tender,tender,294388,"Chief Engineer, Project & Design",Tender Notice_PDFs/RAJUK_Tender_294388.pdf,1
organization,og0036,advertised,tender,294388,,Tender Notice_PDFs/RAJUK_Tender_294388.pdf,1
tender,294388,belongs to project,project,pr0060,,Tender Notice_PDFs/RAJUK_Tender_294388.pdf,1
organization,og0036,part of,organization,og0002,,Tender Notice_PDFs/RAJUK_Tender_294444.pdf,1
organization,og0002,part of,organization,og0001,,Tender Notice_PDFs/RAJUK_Tender_294444.pdf,1
person,pp0084,invited tender,tender,294444,"Chief Engineer, Project & Design",Tender Notice_PDFs/RAJUK_Tender_294444.pdf,1
organization,og0036,advertised,tender,294444,,Tender Notice_PDFs/RAJUK_Tender_294444.pdf,1
tender,294444,belongs to project,project,pr0061,,Tender Notice_PDFs/RAJUK_Tender_294444.pdf,1
organization,og0032,part of,organization,og0002,,Tender Notice_PDFs/RAJUK_Tender_301503.pdf,1
organization,og0002,part of,organization,og0001,,Tender Notice_PDFs/RAJUK_Tender_301503.pdf,1
person,pp0093,invited tender,tender,301503,"Chief Engineer, Implementation",Tender Notice_PDFs/RAJUK_Tender_301503.pdf,1
organization,og0032,advertised,tender,301503,,Tender Notice_PDFs/RAJUK_Tender_301503.pdf,1
tender,301503,belongs to project,project,pr0009,,Tender Notice_PDFs/RAJUK_Tender_301503.pdf,1
organization,og0032,part of,organization,og0002,,Tender Notice_PDFs/RAJUK_Tender_301505.pdf,1
organization,og0002,part of,organization,og0001,,Tender Notice_PDFs/RAJUK_Tender_301505.pdf,1
person,pp0093,invited tender,tender,301505,"Chief Engineer, Implementation",Tender Notice_PDFs/RAJUK_Tender_301505.pdf,1
organization,og0032,advertised,tender,301505,,Tender Notice_PDFs/RAJUK_Tender_301505.pdf,1
tender,301505,belongs to project,project,pr0009,,Tender Notice_PDFs/RAJUK_Tender_301505.pdf,1
organization,og0032,part of,organization,og0002,,Tender Notice_PDFs/RAJUK_Tender_311188.pdf,1
organization,og0002,part of,organization,og0001,,Tender Notice_PDFs/RAJUK_Tender_311188.pdf,1
person,pp0093,invited tender,tender,311188,"Chief Engineer, Implementation",Tender Notice_PDFs/RAJUK_Tender_311188.pdf,1
organization,og0032,advertised,tender,311188,,Tender Notice_PDFs/RAJUK_Tender_311188.pdf,1
tender,311188,belongs to project,project,pr0062,,Tender Notice_PDFs/RAJUK_Tender_311188.pdf,1
organization,og0032,part of,organization,og0002,,Tender Notice_PDFs/RAJUK_Tender_312476.pdf,1
organization,og0002,part of,organization,og0001,,Tender Notice_PDFs/RAJUK_Tender_312476.pdf,1
person,pp0093,invited tender,tender,312476,"Chief Engineer, Implementation",Tender Notice_PDFs/RAJUK_Tender_312476.pdf,1
organization,og0032,advertised,tender,312476,,Tender Notice_PDFs/RAJUK_Tender_312476.pdf,1
tender,312476,belongs to project,project,pr0062,,Tender Notice_PDFs/RAJUK_Tender_312476.pdf,1
organization,og0032,part of,organization,og0002,,Tender Notice_PDFs/RAJUK_Tender_312478.pdf,1
organization,og0002,part of,organization,og0001,,Tender Notice_PDFs/RAJUK_Tender_312478.pdf,1
person,pp0093,invited tender,tender,312478,"Chief Engineer, Implementation",Tender Notice_PDFs/RAJUK_Tender_312478.pdf,1
organization,og0032,advertised,tender,312478,,Tender Notice_PDFs/RAJUK_Tender_312478.pdf,1
tender,312478,belongs to project,project,pr0062,,Tender Notice_PDFs/RAJUK_Tender_312478.pdf,1
organization,og0032,part of,organization,og0002,,Tender Notice_PDFs/RAJUK_Tender_312479.pdf,1
organization,og0002,part of,organization,og0001,,Tender Notice_PDFs/RAJUK_Tender_312479.pdf,1
person,pp0093,invited tender,tender,312479,"Chief Engineer, Implementation",Tender Notice_PDFs/RAJUK_Tender_312479.pdf,1
organization,og0032,advertised,tender,312479,,Tender Notice_PDFs/RAJUK_Tender_312479.pdf,1
tender,312479,belongs to project,project,pr0062,,Tender Notice_PDFs/RAJUK_Tender_312479.pdf,1
organization,og0036,part of,organization,og0002,,Tender Notice_PDFs/RAJUK_Tender_316510.pdf,1
organization,og0002,part of,organization,og0001,,Tender Notice_PDFs/RAJUK_Tender_316510.pdf,1
person,pp0084,invited tender,tender,316510,"Chief Engineer, Project & Design",Tender Notice_PDFs/RAJUK_Tender_316510.pdf,1
organization,og0036,advertised,tender,316510,,Tender Notice_PDFs/RAJUK_Tender_316510.pdf,1
tender,316510,belongs to project,project,pr0063,,Tender Notice_PDFs/RAJUK_Tender_316510.pdf,1
organization,og0032,part of,organization,og0002,,Tender Notice_PDFs/RAJUK_Tender_320832.pdf,1
organization,og0002,part of,organization,og0001,,Tender Notice_PDFs/RAJUK_Tender_320832.pdf,1
person,pp0093,invited tender,tender,320832,"Chief Engineer, Implementation",Tender Notice_PDFs/RAJUK_Tender_320832.pdf,1
organization,og0032,advertised,tender,320832,,Tender Notice_PDFs/RAJUK_Tender_320832.pdf,1
tender,320832,belongs to project,project,pr0009,,Tender Notice_PDFs/RAJUK_Tender_320832.pdf,1
organization,og0032,part of,organization,og0002,,Tender Notice_PDFs/RAJUK_Tender_322658.pdf,1
organization,og0002,part of,organization,og0001,,Tender Notice_PDFs/RAJUK_Tender_322658.pdf,1
person,pp0093,invited tender,tender,322658,"Chief Engineer, Implementation",Tender Notice_PDFs/RAJUK_Tender_322658.pdf,1
organization,og0032,advertised,tender,322658,,Tender Notice_PDFs/RAJUK_Tender_322658.pdf,1
tender,322658,belongs to project,project,pr0062,,Tender Notice_PDFs/RAJUK_Tender_322658.pdf,1
organization,og0036,part of,organization,og0002,,Tender Notice_PDFs/RAJUK_Tender_329551.pdf,1
organization,og0002,part of,organization,og0001,,Tender Notice_PDFs/RAJUK_Tender_329551.pdf,1
person,pp0084,invited tender,tender,329551,"Chief Engineer, Project & Design",Tender Notice_PDFs/RAJUK_Tender_329551.pdf,1
organization,og0036,advertised,tender,329551,,Tender Notice_PDFs/RAJUK_Tender_329551.pdf,1
tender,329551,belongs to project,project,pr0004,,Tender Notice_PDFs/RAJUK_Tender_329551.pdf,1
organization,og0036,part of,organization,og0002,,Tender Notice_PDFs/RAJUK_Tender_329552.pdf,1
organization,og0002,part of,organization,og0001,,Tender Notice_PDFs/RAJUK_Tender_329552.pdf,1
person,pp0084,invited tender,tender,329552,"Chief Engineer, Project & Design",Tender Notice_PDFs/RAJUK_Tender_329552.pdf,1
organization,og0036,advertised,tender,329552,,Tender Notice_PDFs/RAJUK_Tender_329552.pdf,1
tender,329552,belongs to project,project,pr0004,,Tender Notice_PDFs/RAJUK_Tender_329552.pdf,1
organization,og0036,part of,organization,og0002,,Tender Notice_PDFs/RAJUK_Tender_329553.pdf,1
organization,og0002,part of,organization,og0001,,Tender Notice_PDFs/RAJUK_Tender_329553.pdf,1
person,pp0084,invited tender,tender,329553,"Chief Engineer, Project & Design",Tender Notice_PDFs/RAJUK_Tender_329553.pdf,1
organization,og0036,advertised,tender,329553,,Tender Notice_PDFs/RAJUK_Tender_329553.pdf,1
tender,329553,belongs to project,project,pr0004,,Tender Notice_PDFs/RAJUK_Tender_329553.pdf,1
organization,og0036,part of,organization,og0002,,Tender Notice_PDFs/RAJUK_Tender_329556.pdf,1
organization,og0002,part of,organization,og0001,,Tender Notice_PDFs/RAJUK_Tender_329556.pdf,1
person,pp0084,invited tender,tender,329556,"Chief Engineer, Project & Design",Tender Notice_PDFs/RAJUK_Tender_329556.pdf,1
organization,og0036,advertised,tender,329556,,Tender Notice_PDFs/RAJUK_Tender_329556.pdf,1
tender,329556,belongs to project,project,pr0004,,Tender Notice_PDFs/RAJUK_Tender_329556.pdf,1
organization,og0032,part of,organization,og0002,,Tender Notice_PDFs/RAJUK_Tender_339042.pdf,1
organization,og0002,part of,organization,og0001,,Tender Notice_PDFs/RAJUK_Tender_339042.pdf,1
person,pp0093,invited tender,tender,339042,"Chief Engineer, Implementation",Tender Notice_PDFs/RAJUK_Tender_339042.pdf,1
organization,og0032,advertised,tender,339042,,Tender Notice_PDFs/RAJUK_Tender_339042.pdf,1
tender,339042,belongs to project,project,pr0009,,Tender Notice_PDFs/RAJUK_Tender_339042.pdf,1
organization,og0032,part of,organization,og0002,,Tender Notice_PDFs/RAJUK_Tender_339493.pdf,1
organization,og0002,part of,organization,og0001,,Tender Notice_PDFs/RAJUK_Tender_339493.pdf,1
person,pp0093,invited tender,tender,339493,"Chief Engineer, Implementation",Tender Notice_PDFs/RAJUK_Tender_339493.pdf,1
organization,og0032,advertised,tender,339493,,Tender Notice_PDFs/RAJUK_Tender_339493.pdf,1
tender,339493,belongs to project,project,pr0009,,Tender Notice_PDFs/RAJUK_Tender_339493.pdf,1
organization,og0032,part of,organization,og0002,,Tender Notice_PDFs/RAJUK_Tender_339496.pdf,1
organization,og0002,part of,organization,og0001,,Tender Notice_PDFs/RAJUK_Tender_339496.pdf,1
person,pp0093,invited tender,tender,339496,"Chief Engineer, Implementation",Tender Notice_PDFs/RAJUK_Tender_339496.pdf,1
organization,og0032,advertised,tender,339496,,Tender Notice_PDFs/RAJUK_Tender_339496.pdf,1
tender,339496,belongs to project,project,pr0009,,Tender Notice_PDFs/RAJUK_Tender_339496.pdf,1
organization,og0036,part of,organization,og0002,,Tender Notice_PDFs/RAJUK_Tender_360496.pdf,1
organization,og0002,part of,organization,og0001,,Tender Notice_PDFs/RAJUK_Tender_360496.pdf,1
person,pp0084,invited tender,tender,360496,"Chief Engineer, Project & Design",Tender Notice_PDFs/RAJUK_Tender_360496.pdf,1
organization,og0036,advertised,tender,360496,,Tender Notice_PDFs/RAJUK_Tender_360496.pdf,1
tender,360496,belongs to project,project,pr0021,,Tender Notice_PDFs/RAJUK_Tender_360496.pdf,1
organization,og0036,part of,organization,og0002,,Tender Notice_PDFs/RAJUK_Tender_376450.pdf,1
organization,og0002,part of,organization,og0001,,Tender Notice_PDFs/RAJUK_Tender_376450.pdf,1
person,pp0084,invited tender,tender,376450,"Chief Engineer, Project & Design",Tender Notice_PDFs/RAJUK_Tender_376450.pdf,1
organization,og0036,advertised,tender,376450,,Tender Notice_PDFs/RAJUK_Tender_376450.pdf,1
tender,376450,belongs to project,project,pr0065,,Tender Notice_PDFs/RAJUK_Tender_376450.pdf,1
organization,og0050,part of,organization,og0002,,Tender Notice_PDFs/RAJUK_Tender_376977.pdf,1
organization,og0002,part of,organization,og0001,,Tender Notice_PDFs/RAJUK_Tender_376977.pdf,1
person,pp0093,invited tender,tender,376977,Project Director,Tender Notice_PDFs/RAJUK_Tender_376977.pdf,1
organization,og0050,advertised,tender,376977,,Tender Notice_PDFs/RAJUK_Tender_376977.pdf,1
tender,376977,belongs to project,project,pr0048,,Tender Notice_PDFs/RAJUK_Tender_376977.pdf,1
organization,og0050,part of,organization,og0002,,Tender Notice_PDFs/RAJUK_Tender_389133.pdf,1
organization,og0002,part of,organization,og0001,,Tender Notice_PDFs/RAJUK_Tender_389133.pdf,1
person,pp0093,invited tender,tender,389133,Project Director,Tender Notice_PDFs/RAJUK_Tender_389133.pdf,1
organization,og0050,advertised,tender,389133,,Tender Notice_PDFs/RAJUK_Tender_389133.pdf,1
tender,389133,belongs to project,project,pr0048,,Tender Notice_PDFs/RAJUK_Tender_389133.pdf,1
organization,og0012,part of,organization,og0002,,Tender Notice_PDFs/RAJUK_Tender_423280.pdf,1
organization,og0002,part of,organization,og0001,,Tender Notice_PDFs/RAJUK_Tender_423280.pdf,1
person,pp0004,invited tender,tender,423280,PD (Uttara Appartment),Tender Notice_PDFs/RAJUK_Tender_423280.pdf,1
organization,og0012,advertised,tender,423280,,Tender Notice_PDFs/RAJUK_Tender_423280.pdf,1
tender,423280,belongs to project,project,pr0101,,Tender Notice_PDFs/RAJUK_Tender_423280.pdf,1
organization,og0050,part of,organization,og0002,,Tender Notice_PDFs/RAJUK_Tender_427350.pdf,1
organization,og0002,part of,organization,og0001,,Tender Notice_PDFs/RAJUK_Tender_427350.pdf,1
person,pp0093,invited tender,tender,427350,Project Director,Tender Notice_PDFs/RAJUK_Tender_427350.pdf,1
organization,og0050,advertised,tender,427350,,Tender Notice_PDFs/RAJUK_Tender_427350.pdf,1
tender,427350,belongs to project,project,pr0048,,Tender Notice_PDFs/RAJUK_Tender_427350.pdf,1
organization,og0015,part of,organization,og0002,,Tender Notice_PDFs/RAJUK_Tender_427820.pdf,1
organization,og0002,part of,organization,og0001,,Tender Notice_PDFs/RAJUK_Tender_427820.pdf,1
person,pp0099,invited tender,tender,427820,Project Director,Tender Notice_PDFs/RAJUK_Tender_427820.pdf,1
organization,og0015,advertised,tender,427820,,Tender Notice_PDFs/RAJUK_Tender_427820.pdf,1
tender,427820,belongs to project,project,pr0009,,Tender Notice_PDFs/RAJUK_Tender_427820.pdf,1
organization,og0015,part of,organization,og0002,,Tender Notice_PDFs/RAJUK_Tender_427825.pdf,1
organization,og0002,part of,organization,og0001,,Tender Notice_PDFs/RAJUK_Tender_427825.pdf,1
person,pp0099,invited tender,tender,427825,Project Director,Tender Notice_PDFs/RAJUK_Tender_427825.pdf,1
organization,og0015,advertised,tender,427825,,Tender Notice_PDFs/RAJUK_Tender_427825.pdf,1
tender,427825,belongs to project,project,pr0009,,Tender Notice_PDFs/RAJUK_Tender_427825.pdf,1
organization,og0015,part of,organization,og0002,,Tender Notice_PDFs/RAJUK_Tender_427828.pdf,1
organization,og0002,part of,organization,og0001,,Tender Notice_PDFs/RAJUK_Tender_427828.pdf,1
person,pp0099,invited tender,tender,427828,Project Director,Tender Notice_PDFs/RAJUK_Tender_427828.pdf,1
organization,og0015,advertised,tender,427828,,Tender Notice_PDFs/RAJUK_Tender_427828.pdf,1
tender,427828,belongs to project,project,pr0009,,Tender Notice_PDFs/RAJUK_Tender_427828.pdf,1
organization,og0015,part of,organization,og0002,,Tender Notice_PDFs/RAJUK_Tender_427832.pdf,1
organization,og0002,part of,organization,og0001,,Tender Notice_PDFs/RAJUK_Tender_427832.pdf,1
person,pp0099,invited tender,tender,427832,Project Director,Tender Notice_PDFs/RAJUK_Tender_427832.pdf,1
organization,og0015,advertised,tender,427832,,Tender Notice_PDFs/RAJUK_Tender_427832.pdf,1
tender,427832,belongs to project,project,pr0009,,Tender Notice_PDFs/RAJUK_Tender_427832.pdf,1
organization,og0015,part of,organization,og0002,,Tender Notice_PDFs/RAJUK_Tender_427834.pdf,1
organization,og0002,part of,organization,og0001,,Tender Notice_PDFs/RAJUK_Tender_427834.pdf,1
person,pp0099,invited tender,tender,427834,Project Director,Tender Notice_PDFs/RAJUK_Tender_427834.pdf,1
organization,og0015,advertised,tender,427834,,Tender Notice_PDFs/RAJUK_Tender_427834.pdf,1
tender,427834,belongs to project,project,pr0009,,Tender Notice_PDFs/RAJUK_Tender_427834.pdf,1
organization,og0015,part of,organization,og0002,,Tender Notice_PDFs/RAJUK_Tender_427848.pdf,1
organization,og0002,part of,organization,og0001,,Tender Notice_PDFs/RAJUK_Tender_427848.pdf,1
person,pp0099,invited tender,tender,427848,Project Director,Tender Notice_PDFs/RAJUK_Tender_427848.pdf,1
organization,og0015,advertised,tender,427848,,Tender Notice_PDFs/RAJUK_Tender_427848.pdf,1
tender,427848,belongs to project,project,pr0009,,Tender Notice_PDFs/RAJUK_Tender_427848.pdf,1
organization,og0015,part of,organization,og0002,,Tender Notice_PDFs/RAJUK_Tender_427851.pdf,1
organization,og0002,part of,organization,og0001,,Tender Notice_PDFs/RAJUK_Tender_427851.pdf,1
person,pp0099,invited tender,tender,427851,Project Director,Tender Notice_PDFs/RAJUK_Tender_427851.pdf,1
organization,og0015,advertised,tender,427851,,Tender Notice_PDFs/RAJUK_Tender_427851.pdf,1
tender,427851,belongs to project,project,pr0009,,Tender Notice_PDFs/RAJUK_Tender_427851.pdf,1
organization,og0015,part of,organization,og0002,,Tender Notice_PDFs/RAJUK_Tender_427855.pdf,1
organization,og0002,part of,organization,og0001,,Tender Notice_PDFs/RAJUK_Tender_427855.pdf,1
person,pp0099,invited tender,tender,427855,Project Director,Tender Notice_PDFs/RAJUK_Tender_427855.pdf,1
organization,og0015,advertised,tender,427855,,Tender Notice_PDFs/RAJUK_Tender_427855.pdf,1
tender,427855,belongs to project,project,pr0009,,Tender Notice_PDFs/RAJUK_Tender_427855.pdf,1
organization,og0015,part of,organization,og0002,,Tender Notice_PDFs/RAJUK_Tender_427858.pdf,1
organization,og0002,part of,organization,og0001,,Tender Notice_PDFs/RAJUK_Tender_427858.pdf,1
person,pp0099,invited tender,tender,427858,Project Director,Tender Notice_PDFs/RAJUK_Tender_427858.pdf,1
organization,og0015,advertised,tender,427858,,Tender Notice_PDFs/RAJUK_Tender_427858.pdf,1
tender,427858,belongs to project,project,pr0009,,Tender Notice_PDFs/RAJUK_Tender_427858.pdf,1
organization,og0015,part of,organization,og0002,,Tender Notice_PDFs/RAJUK_Tender_427861.pdf,1
organization,og0002,part of,organization,og0001,,Tender Notice_PDFs/RAJUK_Tender_427861.pdf,1
person,pp0099,invited tender,tender,427861,Project Director,Tender Notice_PDFs/RAJUK_Tender_427861.pdf,1
organization,og0015,advertised,tender,427861,,Tender Notice_PDFs/RAJUK_Tender_427861.pdf,1
tender,427861,belongs to project,project,pr0009,,Tender Notice_PDFs/RAJUK_Tender_427861.pdf,1
organization,og0015,part of,organization,og0002,,Tender Notice_PDFs/RAJUK_Tender_427863.pdf,1
organization,og0002,part of,organization,og0001,,Tender Notice_PDFs/RAJUK_Tender_427863.pdf,1
person,pp0099,invited tender,tender,427863,Project Director,Tender Notice_PDFs/RAJUK_Tender_427863.pdf,1
organization,og0015,advertised,tender,427863,,Tender Notice_PDFs/RAJUK_Tender_427863.pdf,1
tender,427863,belongs to project,project,pr0009,,Tender Notice_PDFs/RAJUK_Tender_427863.pdf,1
organization,og0063,part of,organization,og0002,,Tender Notice_PDFs/RAJUK_Tender_431687.pdf,1
organization,og0002,part of,organization,og0001,,Tender Notice_PDFs/RAJUK_Tender_431687.pdf,1
person,pp0101,invited tender,tender,431687,PD (Uttara 3rd Phase),Tender Notice_PDFs/RAJUK_Tender_431687.pdf,1
organization,og0063,advertised,tender,431687,,Tender Notice_PDFs/RAJUK_Tender_431687.pdf,1
tender,431687,belongs to project,project,pr0035,,Tender Notice_PDFs/RAJUK_Tender_431687.pdf,1
organization,og0063,part of,organization,og0002,,Tender Notice_PDFs/RAJUK_Tender_431689.pdf,1
organization,og0002,part of,organization,og0001,,Tender Notice_PDFs/RAJUK_Tender_431689.pdf,1
person,pp0101,invited tender,tender,431689,PD (Uttara 3rd Phase),Tender Notice_PDFs/RAJUK_Tender_431689.pdf,1
organization,og0063,advertised,tender,431689,,Tender Notice_PDFs/RAJUK_Tender_431689.pdf,1
tender,431689,belongs to project,project,pr0035,,Tender Notice_PDFs/RAJUK_Tender_431689.pdf,1
organization,og0063,part of,organization,og0002,,Tender Notice_PDFs/RAJUK_Tender_431690.pdf,1
organization,og0002,part of,organization,og0001,,Tender Notice_PDFs/RAJUK_Tender_431690.pdf,1
person,pp0101,invited tender,tender,431690,PD (Uttara 3rd Phase),Tender Notice_PDFs/RAJUK_Tender_431690.pdf,1
organization,og0063,advertised,tender,431690,,Tender Notice_PDFs/RAJUK_Tender_431690.pdf,1
tender,431690,belongs to project,project,pr0035,,Tender Notice_PDFs/RAJUK_Tender_431690.pdf,1
organization,og0063,part of,organization,og0002,,Tender Notice_PDFs/RAJUK_Tender_431692.pdf,1
organization,og0002,part of,organization,og0001,,Tender Notice_PDFs/RAJUK_Tender_431692.pdf,1
person,pp0101,invited tender,tender,431692,PD (Uttara 3rd Phase),Tender Notice_PDFs/RAJUK_Tender_431692.pdf,1
organization,og0063,advertised,tender,431692,,Tender Notice_PDFs/RAJUK_Tender_431692.pdf,1
tender,431692,belongs to project,project,pr0035,,Tender Notice_PDFs/RAJUK_Tender_431692.pdf,1
organization,og0063,part of,organization,og0002,,Tender Notice_PDFs/RAJUK_Tender_431697.pdf,1
organization,og0002,part of,organization,og0001,,Tender Notice_PDFs/RAJUK_Tender_431697.pdf,1
person,pp0101,invited tender,tender,431697,PD (Uttara 3rd Phase),Tender Notice_PDFs/RAJUK_Tender_431697.pdf,1
organization,og0063,advertised,tender,431697,,Tender Notice_PDFs/RAJUK_Tender_431697.pdf,1
tender,431697,belongs to project,project,pr0035,,Tender Notice_PDFs/RAJUK_Tender_431697.pdf,1
organization,og0063,part of,organization,og0002,,Tender Notice_PDFs/RAJUK_Tender_431699.pdf,1
organization,og0002,part of,organization,og0001,,Tender Notice_PDFs/RAJUK_Tender_431699.pdf,1
person,pp0101,invited tender,tender,431699,PD (Uttara 3rd Phase),Tender Notice_PDFs/RAJUK_Tender_431699.pdf,1
organization,og0063,advertised,tender,431699,,Tender Notice_PDFs/RAJUK_Tender_431699.pdf,1
tender,431699,belongs to project,project,pr0035,,Tender Notice_PDFs/RAJUK_Tender_431699.pdf,1
organization,og0063,part of,organization,og0002,,Tender Notice_PDFs/RAJUK_Tender_431701.pdf,1
organization,og0002,part of,organization,og0001,,Tender Notice_PDFs/RAJUK_Tender_431701.pdf,1
person,pp0101,invited tender,tender,431701,PD (Uttara 3rd Phase),Tender Notice_PDFs/RAJUK_Tender_431701.pdf,1
organization,og0063,advertised,tender,431701,,Tender Notice_PDFs/RAJUK_Tender_431701.pdf,1
tender,431701,belongs to project,project,pr0035,,Tender Notice_PDFs/RAJUK_Tender_431701.pdf,1
organization,og0063,part of,organization,og0002,,Tender Notice_PDFs/RAJUK_Tender_431702.pdf,1
organization,og0002,part of,organization,og0001,,Tender Notice_PDFs/RAJUK_Tender_431702.pdf,1
person,pp0101,invited tender,tender,431702,PD (Uttara 3rd Phase),Tender Notice_PDFs/RAJUK_Tender_431702.pdf,1
organization,og0063,advertised,tender,431702,,Tender Notice_PDFs/RAJUK_Tender_431702.pdf,1
tender,431702,belongs to project,project,pr0035,,Tender Notice_PDFs/RAJUK_Tender_431702.pdf,1
organization,og0063,part of,organization,og0002,,Tender Notice_PDFs/RAJUK_Tender_431704.pdf,1
organization,og0002,part of,organization,og0001,,Tender Notice_PDFs/RAJUK_Tender_431704.pdf,1
person,pp0101,invited tender,tender,431704,PD (Uttara 3rd Phase),Tender Notice_PDFs/RAJUK_Tender_431704.pdf,1
organization,og0063,advertised,tender,431704,,Tender Notice_PDFs/RAJUK_Tender_431704.pdf,1
tender,431704,belongs to project,project,pr0035,,Tender Notice_PDFs/RAJUK_Tender_431704.pdf,1
organization,og0063,part of,organization,og0002,,Tender Notice_PDFs/RAJUK_Tender_431706.pdf,1
organization,og0002,part of,organization,og0001,,Tender Notice_PDFs/RAJUK_Tender_431706.pdf,1
person,pp0101,invited tender,tender,431706,PD (Uttara 3rd Phase),Tender Notice_PDFs/RAJUK_Tender_431706.pdf,1
organization,og0063,advertised,tender,431706,,Tender Notice_PDFs/RAJUK_Tender_431706.pdf,1
tender,431706,belongs to project,project,pr0035,,Tender Notice_PDFs/RAJUK_Tender_431706.pdf,1
organization,og0063,part of,organization,og0002,,Tender Notice_PDFs/RAJUK_Tender_431707.pdf,1
organization,og0002,part of,organization,og0001,,Tender Notice_PDFs/RAJUK_Tender_431707.pdf,1
person,pp0101,invited tender,tender,431707,PD (Uttara 3rd Phase),Tender Notice_PDFs/RAJUK_Tender_431707.pdf,1
organization,og0063,advertised,tender,431707,,Tender Notice_PDFs/RAJUK_Tender_431707.pdf,1
tender,431707,belongs to project,project,pr0035,,Tender Notice_PDFs/RAJUK_Tender_431707.pdf,1
organization,og0063,part of,organization,og0002,,Tender Notice_PDFs/RAJUK_Tender_431708.pdf,1
organization,og0002,part of,organization,og0001,,Tender Notice_PDFs/RAJUK_Tender_431708.pdf,1
person,pp0101,invited tender,tender,431708,PD (Uttara 3rd Phase),Tender Notice_PDFs/RAJUK_Tender_431708.pdf,1
organization,og0063,advertised,tender,431708,,Tender Notice_PDFs/RAJUK_Tender_431708.pdf,1
tender,431708,belongs to project,project,pr0035,,Tender Notice_PDFs/RAJUK_Tender_431708.pdf,1
organization,og0050,part of,organization,og0002,,Tender Notice_PDFs/RAJUK_Tender_437635.pdf,1
organization,og0002,part of,organization,og0001,,Tender Notice_PDFs/RAJUK_Tender_437635.pdf,1
person,pp0093,invited tender,tender,437635,Project Director,Tender Notice_PDFs/RAJUK_Tender_437635.pdf,1
organization,og0050,advertised,tender,437635,,Tender Notice_PDFs/RAJUK_Tender_437635.pdf,1
tender,437635,belongs to project,project,pr0048,,Tender Notice_PDFs/RAJUK_Tender_437635.pdf,1
organization,og0006,part of,organization,og0002,,Tender Notice_PDFs/RAJUK_Tender_446869.pdf,1
organization,og0002,part of,organization,og0001,,Tender Notice_PDFs/RAJUK_Tender_446869.pdf,1
person,pp0003,invited tender,tender,446869,PD (9apt),Tender Notice_PDFs/RAJUK_Tender_446869.pdf,1
organization,og0006,advertised,tender,446869,,Tender Notice_PDFs/RAJUK_Tender_446869.pdf,1
tender,446869,belongs to project,project,pr0062,,Tender Notice_PDFs/RAJUK_Tender_446869.pdf,1
organization,og0006,part of,organization,og0002,,Tender Notice_PDFs/RAJUK_Tender_447380.pdf,1
organization,og0002,part of,organization,og0001,,Tender Notice_PDFs/RAJUK_Tender_447380.pdf,1
person,pp0003,invited tender,tender,447380,PD (9apt),Tender Notice_PDFs/RAJUK_Tender_447380.pdf,1
organization,og0006,advertised,tender,447380,,Tender Notice_PDFs/RAJUK_Tender_447380.pdf,1
tender,447380,belongs to project,project,pr0062,,Tender Notice_PDFs/RAJUK_Tender_447380.pdf,1
organization,og0015,part of,organization,og0002,,Tender Notice_PDFs/RAJUK_Tender_466081.pdf,1
organization,og0002,part of,organization,og0001,,Tender Notice_PDFs/RAJUK_Tender_466081.pdf,1
person,pp0099,invited tender,tender,466081,Project Director,Tender Notice_PDFs/RAJUK_Tender_466081.pdf,1
organization,og0015,advertised,tender,466081,,Tender Notice_PDFs/RAJUK_Tender_466081.pdf,1
tender,466081,belongs to project,project,pr0009,,Tender Notice_PDFs/RAJUK_Tender_466081.pdf,1
organization,og0015,part of,organization,og0002,,Tender Notice_PDFs/RAJUK_Tender_466089.pdf,1
organization,og0002,part of,organization,og0001,,Tender Notice_PDFs/RAJUK_Tender_466089.pdf,1
person,pp0099,invited tender,tender,466089,Project Director,Tender Notice_PDFs/RAJUK_Tender_466089.pdf,1
organization,og0015,advertised,tender,466089,,Tender Notice_PDFs/RAJUK_Tender_466089.pdf,1
tender,466089,belongs to project,project,pr0009,,Tender Notice_PDFs/RAJUK_Tender_466089.pdf,1
organization,og0015,part of,organization,og0002,,Tender Notice_PDFs/RAJUK_Tender_466094.pdf,1
organization,og0002,part of,organization,og0001,,Tender Notice_PDFs/RAJUK_Tender_466094.pdf,1
person,pp0099,invited tender,tender,466094,Project Director,Tender Notice_PDFs/RAJUK_Tender_466094.pdf,1
organization,og0015,advertised,tender,466094,,Tender Notice_PDFs/RAJUK_Tender_466094.pdf,1
tender,466094,belongs to project,project,pr0009,,Tender Notice_PDFs/RAJUK_Tender_466094.pdf,1
organization,og0015,part of,organization,og0002,,Tender Notice_PDFs/RAJUK_Tender_466100.pdf,1
organization,og0002,part of,organization,og0001,,Tender Notice_PDFs/RAJUK_Tender_466100.pdf,1
person,pp0099,invited tender,tender,466100,Project Director,Tender Notice_PDFs/RAJUK_Tender_466100.pdf,1
organization,og0015,advertised,tender,466100,,Tender Notice_PDFs/RAJUK_Tender_466100.pdf,1
tender,466100,belongs to project,project,pr0009,,Tender Notice_PDFs/RAJUK_Tender_466100.pdf,1
organization,og0015,part of,organization,og0002,,Tender Notice_PDFs/RAJUK_Tender_466105.pdf,1
organization,og0002,part of,organization,og0001,,Tender Notice_PDFs/RAJUK_Tender_466105.pdf,1
person,pp0099,invited tender,tender,466105,Project Director,Tender Notice_PDFs/RAJUK_Tender_466105.pdf,1
organization,og0015,advertised,tender,466105,,Tender Notice_PDFs/RAJUK_Tender_466105.pdf,1
tender,466105,belongs to project,project,pr0009,,Tender Notice_PDFs/RAJUK_Tender_466105.pdf,1
organization,og0015,part of,organization,og0002,,Tender Notice_PDFs/RAJUK_Tender_466107.pdf,1
organization,og0002,part of,organization,og0001,,Tender Notice_PDFs/RAJUK_Tender_466107.pdf,1
person,pp0099,invited tender,tender,466107,Project Director,Tender Notice_PDFs/RAJUK_Tender_466107.pdf,1
organization,og0015,advertised,tender,466107,,Tender Notice_PDFs/RAJUK_Tender_466107.pdf,1
tender,466107,belongs to project,project,pr0009,,Tender Notice_PDFs/RAJUK_Tender_466107.pdf,1
organization,og0015,part of,organization,og0002,,Tender Notice_PDFs/RAJUK_Tender_466108.pdf,1
organization,og0002,part of,organization,og0001,,Tender Notice_PDFs/RAJUK_Tender_466108.pdf,1
person,pp0099,invited tender,tender,466108,Project Director,Tender Notice_PDFs/RAJUK_Tender_466108.pdf,1
organization,og0015,advertised,tender,466108,,Tender Notice_PDFs/RAJUK_Tender_466108.pdf,1
tender,466108,belongs to project,project,pr0009,,Tender Notice_PDFs/RAJUK_Tender_466108.pdf,1
organization,og0015,part of,organization,og0002,,Tender Notice_PDFs/RAJUK_Tender_466109.pdf,1
organization,og0002,part of,organization,og0001,,Tender Notice_PDFs/RAJUK_Tender_466109.pdf,1
person,pp0099,invited tender,tender,466109,Project Director,Tender Notice_PDFs/RAJUK_Tender_466109.pdf,1
organization,og0015,advertised,tender,466109,,Tender Notice_PDFs/RAJUK_Tender_466109.pdf,1
tender,466109,belongs to project,project,pr0009,,Tender Notice_PDFs/RAJUK_Tender_466109.pdf,1
organization,og0050,part of,organization,og0002,,Tender Notice_PDFs/RAJUK_Tender_475789.pdf,1
organization,og0002,part of,organization,og0001,,Tender Notice_PDFs/RAJUK_Tender_475789.pdf,1
person,pp0093,invited tender,tender,475789,Project Director,Tender Notice_PDFs/RAJUK_Tender_475789.pdf,1
organization,og0050,advertised,tender,475789,,Tender Notice_PDFs/RAJUK_Tender_475789.pdf,1
tender,475789,belongs to project,project,pr0048,,Tender Notice_PDFs/RAJUK_Tender_475789.pdf,1
organization,og0050,part of,organization,og0002,,Tender Notice_PDFs/RAJUK_Tender_475801.pdf,1
organization,og0002,part of,organization,og0001,,Tender Notice_PDFs/RAJUK_Tender_475801.pdf,1
person,pp0093,invited tender,tender,475801,Project Director,Tender Notice_PDFs/RAJUK_Tender_475801.pdf,1
organization,og0050,advertised,tender,475801,,Tender Notice_PDFs/RAJUK_Tender_475801.pdf,1
tender,475801,belongs to project,project,pr0048,,Tender Notice_PDFs/RAJUK_Tender_475801.pdf,1
organization,og0023,part of,organization,og0002,,Tender Notice_PDFs/RAJUK_Tender_476403.pdf,1
organization,og0002,part of,organization,og0001,,Tender Notice_PDFs/RAJUK_Tender_476403.pdf,1
person,pp0010,invited tender,tender,476403,PD (Jhilmil),Tender Notice_PDFs/RAJUK_Tender_476403.pdf,1
organization,og0023,advertised,tender,476403,,Tender Notice_PDFs/RAJUK_Tender_476403.pdf,1
tender,476403,belongs to project,project,pr0017,,Tender Notice_PDFs/RAJUK_Tender_476403.pdf,1
organization,og0023,part of,organization,og0002,,Tender Notice_PDFs/RAJUK_Tender_476405.pdf,1
organization,og0002,part of,organization,og0001,,Tender Notice_PDFs/RAJUK_Tender_476405.pdf,1
person,pp0010,invited tender,tender,476405,PD (Jhilmil),Tender Notice_PDFs/RAJUK_Tender_476405.pdf,1
organization,og0023,advertised,tender,476405,,Tender Notice_PDFs/RAJUK_Tender_476405.pdf,1
tender,476405,belongs to project,project,pr0017,,Tender Notice_PDFs/RAJUK_Tender_476405.pdf,1
organization,og0023,part of,organization,og0002,,Tender Notice_PDFs/RAJUK_Tender_476406.pdf,1
organization,og0002,part of,organization,og0001,,Tender Notice_PDFs/RAJUK_Tender_476406.pdf,1
person,pp0010,invited tender,tender,476406,PD (Jhilmil),Tender Notice_PDFs/RAJUK_Tender_476406.pdf,1
organization,og0023,advertised,tender,476406,,Tender Notice_PDFs/RAJUK_Tender_476406.pdf,1
tender,476406,belongs to project,project,pr0017,,Tender Notice_PDFs/RAJUK_Tender_476406.pdf,1
organization,og0023,part of,organization,og0002,,Tender Notice_PDFs/RAJUK_Tender_476407.pdf,1
organization,og0002,part of,organization,og0001,,Tender Notice_PDFs/RAJUK_Tender_476407.pdf,1
person,pp0010,invited tender,tender,476407,PD (Jhilmil),Tender Notice_PDFs/RAJUK_Tender_476407.pdf,1
organization,og0023,advertised,tender,476407,,Tender Notice_PDFs/RAJUK_Tender_476407.pdf,1
tender,476407,belongs to project,project,pr0017,,Tender Notice_PDFs/RAJUK_Tender_476407.pdf,1
organization,og0023,part of,organization,og0002,,Tender Notice_PDFs/RAJUK_Tender_476408.pdf,1
organization,og0002,part of,organization,og0001,,Tender Notice_PDFs/RAJUK_Tender_476408.pdf,1
person,pp0010,invited tender,tender,476408,PD (Jhilmil),Tender Notice_PDFs/RAJUK_Tender_476408.pdf,1
organization,og0023,advertised,tender,476408,,Tender Notice_PDFs/RAJUK_Tender_476408.pdf,1
tender,476408,belongs to project,project,pr0017,,Tender Notice_PDFs/RAJUK_Tender_476408.pdf,1
organization,og0006,part of,organization,og0002,,Tender Notice_PDFs/RAJUK_Tender_479604.pdf,1
organization,og0002,part of,organization,og0001,,Tender Notice_PDFs/RAJUK_Tender_479604.pdf,1
person,pp0003,invited tender,tender,479604,PD (9apt),Tender Notice_PDFs/RAJUK_Tender_479604.pdf,1
organization,og0006,advertised,tender,479604,,Tender Notice_PDFs/RAJUK_Tender_479604.pdf,1
tender,479604,belongs to project,project,pr0062,,Tender Notice_PDFs/RAJUK_Tender_479604.pdf,1
organization,og0011,part of,organization,og0002,,Tender Notice_PDFs/RAJUK_Tender_480539.pdf,1
organization,og0002,part of,organization,og0001,,Tender Notice_PDFs/RAJUK_Tender_480539.pdf,1
person,pp0104,invited tender,tender,480539,Sup. Eng. (Elec.),Tender Notice_PDFs/RAJUK_Tender_480539.pdf,2
organization,og0011,advertised,tender,480539,,Tender Notice_PDFs/RAJUK_Tender_480539.pdf,1
tender,480539,belongs to project,project,pr0055,,Tender Notice_PDFs/RAJUK_Tender_480539.pdf,1
organization,og0011,part of,organization,og0002,,Tender Notice_PDFs/RAJUK_Tender_480550.pdf,1
organization,og0002,part of,organization,og0001,,Tender Notice_PDFs/RAJUK_Tender_480550.pdf,1
person,pp0104,invited tender,tender,480550,Sup. Eng. (Elec.),Tender Notice_PDFs/RAJUK_Tender_480550.pdf,2
organization,og0011,advertised,tender,480550,,Tender Notice_PDFs/RAJUK_Tender_480550.pdf,1
tender,480550,belongs to project,project,pr0098,,Tender Notice_PDFs/RAJUK_Tender_480550.pdf,1
organization,og0011,part of,organization,og0002,,Tender Notice_PDFs/RAJUK_Tender_480572.pdf,1
organization,og0002,part of,organization,og0001,,Tender Notice_PDFs/RAJUK_Tender_480572.pdf,1
person,pp0104,invited tender,tender,480572,Sup. Eng. (Elec.),Tender Notice_PDFs/RAJUK_Tender_480572.pdf,2
organization,og0011,advertised,tender,480572,,Tender Notice_PDFs/RAJUK_Tender_480572.pdf,1
tender,480572,belongs to project,project,pr0098,,Tender Notice_PDFs/RAJUK_Tender_480572.pdf,1
organization,og0050,part of,organization,og0002,,Tender Notice_PDFs/RAJUK_Tender_494177.pdf,1
organization,og0002,part of,organization,og0001,,Tender Notice_PDFs/RAJUK_Tender_494177.pdf,1
person,pp0093,invited tender,tender,494177,Project Director,Tender Notice_PDFs/RAJUK_Tender_494177.pdf,1
organization,og0050,advertised,tender,494177,,Tender Notice_PDFs/RAJUK_Tender_494177.pdf,1
tender,494177,belongs to project,project,pr0048,,Tender Notice_PDFs/RAJUK_Tender_494177.pdf,1
organization,og0012,part of,organization,og0002,,Tender Notice_PDFs/RAJUK_Tender_501956.pdf,1
organization,og0002,part of,organization,og0001,,Tender Notice_PDFs/RAJUK_Tender_501956.pdf,1
person,pp0004,invited tender,tender,501956,PD (Uttara Appartment),Tender Notice_PDFs/RAJUK_Tender_501956.pdf,2
organization,og0012,advertised,tender,501956,,Tender Notice_PDFs/RAJUK_Tender_501956.pdf,1
tender,501956,belongs to project,project,pr0101,,Tender Notice_PDFs/RAJUK_Tender_501956.pdf,1
organization,og0012,part of,organization,og0002,,Tender Notice_PDFs/RAJUK_Tender_502059.pdf,1
organization,og0002,part of,organization,og0001,,Tender Notice_PDFs/RAJUK_Tender_502059.pdf,1
person,pp0004,invited tender,tender,502059,PD (Uttara Appartment),Tender Notice_PDFs/RAJUK_Tender_502059.pdf,2
organization,og0012,advertised,tender,502059,,Tender Notice_PDFs/RAJUK_Tender_502059.pdf,1
tender,502059,belongs to project,project,pr0101,,Tender Notice_PDFs/RAJUK_Tender_502059.pdf,1
organization,og0012,part of,organization,og0002,,Tender Notice_PDFs/RAJUK_Tender_502977.pdf,1
organization,og0002,part of,organization,og0001,,Tender Notice_PDFs/RAJUK_Tender_502977.pdf,1
person,pp0004,invited tender,tender,502977,PD (Uttara Appartment),Tender Notice_PDFs/RAJUK_Tender_502977.pdf,2
organization,og0012,advertised,tender,502977,,Tender Notice_PDFs/RAJUK_Tender_502977.pdf,1
tender,502977,belongs to project,project,pr0101,,Tender Notice_PDFs/RAJUK_Tender_502977.pdf,1
organization,og0012,part of,organization,og0002,,Tender Notice_PDFs/RAJUK_Tender_502982.pdf,1
organization,og0002,part of,organization,og0001,,Tender Notice_PDFs/RAJUK_Tender_502982.pdf,1
person,pp0004,invited tender,tender,502982,PD (Uttara Appartment),Tender Notice_PDFs/RAJUK_Tender_502982.pdf,1
organization,og0012,advertised,tender,502982,,Tender Notice_PDFs/RAJUK_Tender_502982.pdf,1
tender,502982,belongs to project,project,pr0101,,Tender Notice_PDFs/RAJUK_Tender_502982.pdf,1
organization,og0012,part of,organization,og0002,,Tender Notice_PDFs/RAJUK_Tender_502984.pdf,1
organization,og0002,part of,organization,og0001,,Tender Notice_PDFs/RAJUK_Tender_502984.pdf,1
person,pp0004,invited tender,tender,502984,PD (Uttara Appartment),Tender Notice_PDFs/RAJUK_Tender_502984.pdf,2
organization,og0012,advertised,tender,502984,,Tender Notice_PDFs/RAJUK_Tender_502984.pdf,1
tender,502984,belongs to project,project,pr0101,,Tender Notice_PDFs/RAJUK_Tender_502984.pdf,1
organization,og0015,part of,organization,og0002,,Tender Notice_PDFs/RAJUK_Tender_505037.pdf,1
organization,og0002,part of,organization,og0001,,Tender Notice_PDFs/RAJUK_Tender_505037.pdf,1
person,pp0099,invited tender,tender,505037,Project Director,Tender Notice_PDFs/RAJUK_Tender_505037.pdf,1
organization,og0015,advertised,tender,505037,,Tender Notice_PDFs/RAJUK_Tender_505037.pdf,1
tender,505037,belongs to project,project,pr0009,,Tender Notice_PDFs/RAJUK_Tender_505037.pdf,1
organization,og0011,part of,organization,og0002,,Tender Notice_PDFs/RAJUK_Tender_506934.pdf,1
organization,og0002,part of,organization,og0001,,Tender Notice_PDFs/RAJUK_Tender_506934.pdf,1
person,pp0104,invited tender,tender,506934,Sup. Eng. (Elec.),Tender Notice_PDFs/RAJUK_Tender_506934.pdf,1
organization,og0011,advertised,tender,506934,,Tender Notice_PDFs/RAJUK_Tender_506934.pdf,1
tender,506934,belongs to project,project,pr0055,,Tender Notice_PDFs/RAJUK_Tender_506934.pdf,1
organization,og0003,part of,organization,og0002,,Tender Notice_PDFs/RAJUK_Tender_507537.pdf,1
organization,og0002,part of,organization,og0001,,Tender Notice_PDFs/RAJUK_Tender_507537.pdf,1
person,pp0099,invited tender,tender,507537,Superintending Engineer,Tender Notice_PDFs/RAJUK_Tender_507537.pdf,1
organization,og0003,advertised,tender,507537,,Tender Notice_PDFs/RAJUK_Tender_507537.pdf,1
tender,507537,belongs to project,project,pr0097,,Tender Notice_PDFs/RAJUK_Tender_507537.pdf,1
organization,og0007,part of,organization,og0002,,Tender Notice_PDFs/RAJUK_Tender_510186.pdf,1
organization,og0002,part of,organization,og0001,,Tender Notice_PDFs/RAJUK_Tender_510186.pdf,1
person,pp0004,invited tender,tender,510186,Superintending Engineer,Tender Notice_PDFs/RAJUK_Tender_510186.pdf,1
organization,og0007,advertised,tender,510186,,Tender Notice_PDFs/RAJUK_Tender_510186.pdf,1
tender,510186,belongs to project,project,pr0069,,Tender Notice_PDFs/RAJUK_Tender_510186.pdf,1
organization,og0007,part of,organization,og0002,,Tender Notice_PDFs/RAJUK_Tender_514341.pdf,1
organization,og0002,part of,organization,og0001,,Tender Notice_PDFs/RAJUK_Tender_514341.pdf,1
person,pp0004,invited tender,tender,514341,Superintending Engineer,Tender Notice_PDFs/RAJUK_Tender_514341.pdf,1
organization,og0007,advertised,tender,514341,,Tender Notice_PDFs/RAJUK_Tender_514341.pdf,1
tender,514341,belongs to project,project,pr0097,,Tender Notice_PDFs/RAJUK_Tender_514341.pdf,1
organization,og0007,part of,organization,og0002,,Tender Notice_PDFs/RAJUK_Tender_514342.pdf,1
organization,og0002,part of,organization,og0001,,Tender Notice_PDFs/RAJUK_Tender_514342.pdf,1
person,pp0004,invited tender,tender,514342,Superintending Engineer,Tender Notice_PDFs/RAJUK_Tender_514342.pdf,1
organization,og0007,advertised,tender,514342,,Tender Notice_PDFs/RAJUK_Tender_514342.pdf,1
tender,514342,belongs to project,project,pr0097,,Tender Notice_PDFs/RAJUK_Tender_514342.pdf,1
organization,og0007,part of,organization,og0002,,Tender Notice_PDFs/RAJUK_Tender_514343.pdf,1
organization,og0002,part of,organization,og0001,,Tender Notice_PDFs/RAJUK_Tender_514343.pdf,1
person,pp0004,invited tender,tender,514343,Superintending Engineer,Tender Notice_PDFs/RAJUK_Tender_514343.pdf,1
organization,og0007,advertised,tender,514343,,Tender Notice_PDFs/RAJUK_Tender_514343.pdf,1
tender,514343,belongs to project,project,pr0097,,Tender Notice_PDFs/RAJUK_Tender_514343.pdf,1
organization,og0011,part of,organization,og0002,,Tender Notice_PDFs/RAJUK_Tender_517916.pdf,1
organization,og0002,part of,organization,og0001,,Tender Notice_PDFs/RAJUK_Tender_517916.pdf,1
person,pp0104,invited tender,tender,517916,Sup. Eng. (Elec.),Tender Notice_PDFs/RAJUK_Tender_517916.pdf,1
organization,og0011,advertised,tender,517916,,Tender Notice_PDFs/RAJUK_Tender_517916.pdf,1
tender,517916,belongs to project,project,pr0070,,Tender Notice_PDFs/RAJUK_Tender_517916.pdf,1
organization,og0011,part of,organization,og0002,,Tender Notice_PDFs/RAJUK_Tender_517938.pdf,1
organization,og0002,part of,organization,og0001,,Tender Notice_PDFs/RAJUK_Tender_517938.pdf,1
person,pp0104,invited tender,tender,517938,Sup. Eng. (Elec.),Tender Notice_PDFs/RAJUK_Tender_517938.pdf,2
organization,og0011,advertised,tender,517938,,Tender Notice_PDFs/RAJUK_Tender_517938.pdf,1
tender,517938,belongs to project,project,pr0098,,Tender Notice_PDFs/RAJUK_Tender_517938.pdf,1
organization,og0011,part of,organization,og0002,,Tender Notice_PDFs/RAJUK_Tender_517945.pdf,1
organization,og0002,part of,organization,og0001,,Tender Notice_PDFs/RAJUK_Tender_517945.pdf,1
person,pp0104,invited tender,tender,517945,Sup. Eng. (Elec.),Tender Notice_PDFs/RAJUK_Tender_517945.pdf,2
organization,og0011,advertised,tender,517945,,Tender Notice_PDFs/RAJUK_Tender_517945.pdf,1
tender,517945,belongs to project,project,pr0098,,Tender Notice_PDFs/RAJUK_Tender_517945.pdf,1
organization,og0015,part of,organization,og0002,,Tender Notice_PDFs/RAJUK_Tender_528756.pdf,1
organization,og0002,part of,organization,og0001,,Tender Notice_PDFs/RAJUK_Tender_528756.pdf,1
person,pp0099,invited tender,tender,528756,Project Director,Tender Notice_PDFs/RAJUK_Tender_528756.pdf,1
organization,og0015,advertised,tender,528756,,Tender Notice_PDFs/RAJUK_Tender_528756.pdf,1
tender,528756,belongs to project,project,pr0009,,Tender Notice_PDFs/RAJUK_Tender_528756.pdf,1
organization,og0015,part of,organization,og0002,,Tender Notice_PDFs/RAJUK_Tender_528758.pdf,1
organization,og0002,part of,organization,og0001,,Tender Notice_PDFs/RAJUK_Tender_528758.pdf,1
person,pp0099,invited tender,tender,528758,Project Director,Tender Notice_PDFs/RAJUK_Tender_528758.pdf,1
organization,og0015,advertised,tender,528758,,Tender Notice_PDFs/RAJUK_Tender_528758.pdf,1
tender,528758,belongs to project,project,pr0009,,Tender Notice_PDFs/RAJUK_Tender_528758.pdf,1
organization,og0015,part of,organization,og0002,,Tender Notice_PDFs/RAJUK_Tender_535709.pdf,1
organization,og0002,part of,organization,og0001,,Tender Notice_PDFs/RAJUK_Tender_535709.pdf,1
person,pp0099,invited tender,tender,535709,Project Director,Tender Notice_PDFs/RAJUK_Tender_535709.pdf,1
organization,og0015,advertised,tender,535709,,Tender Notice_PDFs/RAJUK_Tender_535709.pdf,1
tender,535709,belongs to project,project,pr0009,,Tender Notice_PDFs/RAJUK_Tender_535709.pdf,1
organization,og0015,part of,organization,og0002,,Tender Notice_PDFs/RAJUK_Tender_535710.pdf,1
organization,og0002,part of,organization,og0001,,Tender Notice_PDFs/RAJUK_Tender_535710.pdf,1
person,pp0099,invited tender,tender,535710,Project Director,Tender Notice_PDFs/RAJUK_Tender_535710.pdf,1
organization,og0015,advertised,tender,535710,,Tender Notice_PDFs/RAJUK_Tender_535710.pdf,1
tender,535710,belongs to project,project,pr0009,,Tender Notice_PDFs/RAJUK_Tender_535710.pdf,1
organization,og0015,part of,organization,og0002,,Tender Notice_PDFs/RAJUK_Tender_535712.pdf,1
organization,og0002,part of,organization,og0001,,Tender Notice_PDFs/RAJUK_Tender_535712.pdf,1
person,pp0099,invited tender,tender,535712,Project Director,Tender Notice_PDFs/RAJUK_Tender_535712.pdf,1
organization,og0015,advertised,tender,535712,,Tender Notice_PDFs/RAJUK_Tender_535712.pdf,1
tender,535712,belongs to project,project,pr0009,,Tender Notice_PDFs/RAJUK_Tender_535712.pdf,1
organization,og0015,part of,organization,og0002,,Tender Notice_PDFs/RAJUK_Tender_535717.pdf,1
organization,og0002,part of,organization,og0001,,Tender Notice_PDFs/RAJUK_Tender_535717.pdf,1
person,pp0099,invited tender,tender,535717,Project Director,Tender Notice_PDFs/RAJUK_Tender_535717.pdf,1
organization,og0015,advertised,tender,535717,,Tender Notice_PDFs/RAJUK_Tender_535717.pdf,1
tender,535717,belongs to project,project,pr0009,,Tender Notice_PDFs/RAJUK_Tender_535717.pdf,1
organization,og0015,part of,organization,og0002,,Tender Notice_PDFs/RAJUK_Tender_535718.pdf,1
organization,og0002,part of,organization,og0001,,Tender Notice_PDFs/RAJUK_Tender_535718.pdf,1
person,pp0099,invited tender,tender,535718,Project Director,Tender Notice_PDFs/RAJUK_Tender_535718.pdf,1
organization,og0015,advertised,tender,535718,,Tender Notice_PDFs/RAJUK_Tender_535718.pdf,1
tender,535718,belongs to project,project,pr0009,,Tender Notice_PDFs/RAJUK_Tender_535718.pdf,1
organization,og0015,part of,organization,og0002,,Tender Notice_PDFs/RAJUK_Tender_535719.pdf,1
organization,og0002,part of,organization,og0001,,Tender Notice_PDFs/RAJUK_Tender_535719.pdf,1
person,pp0099,invited tender,tender,535719,Project Director,Tender Notice_PDFs/RAJUK_Tender_535719.pdf,1
organization,og0015,advertised,tender,535719,,Tender Notice_PDFs/RAJUK_Tender_535719.pdf,1
tender,535719,belongs to project,project,pr0009,,Tender Notice_PDFs/RAJUK_Tender_535719.pdf,1
organization,og0011,part of,organization,og0002,,Tender Notice_PDFs/RAJUK_Tender_536842.pdf,1
organization,og0002,part of,organization,og0001,,Tender Notice_PDFs/RAJUK_Tender_536842.pdf,1
person,pp0104,invited tender,tender,536842,Sup. Eng. (Elec.),Tender Notice_PDFs/RAJUK_Tender_536842.pdf,2
organization,og0011,advertised,tender,536842,,Tender Notice_PDFs/RAJUK_Tender_536842.pdf,1
tender,536842,belongs to project,project,pr0055,,Tender Notice_PDFs/RAJUK_Tender_536842.pdf,1
organization,og0011,part of,organization,og0002,,Tender Notice_PDFs/RAJUK_Tender_536846.pdf,1
organization,og0002,part of,organization,og0001,,Tender Notice_PDFs/RAJUK_Tender_536846.pdf,1
person,pp0104,invited tender,tender,536846,Sup. Eng. (Elec.),Tender Notice_PDFs/RAJUK_Tender_536846.pdf,2
organization,og0011,advertised,tender,536846,,Tender Notice_PDFs/RAJUK_Tender_536846.pdf,1
tender,536846,belongs to project,project,pr0098,,Tender Notice_PDFs/RAJUK_Tender_536846.pdf,1
organization,og0050,part of,organization,og0002,,Tender Notice_PDFs/RAJUK_Tender_564502.pdf,1
organization,og0002,part of,organization,og0001,,Tender Notice_PDFs/RAJUK_Tender_564502.pdf,1
person,pp0093,invited tender,tender,564502,Project Director,Tender Notice_PDFs/RAJUK_Tender_564502.pdf,1
organization,og0050,advertised,tender,564502,,Tender Notice_PDFs/RAJUK_Tender_564502.pdf,1
tender,564502,belongs to project,project,pr0048,,Tender Notice_PDFs/RAJUK_Tender_564502.pdf,1
organization,og0011,part of,organization,og0002,,Tender Notice_PDFs/RAJUK_Tender_583196.pdf,1
organization,og0002,part of,organization,og0001,,Tender Notice_PDFs/RAJUK_Tender_583196.pdf,1
person,pp0104,invited tender,tender,583196,Sup. Eng. (Elec.),Tender Notice_PDFs/RAJUK_Tender_583196.pdf,2
organization,og0011,advertised,tender,583196,,Tender Notice_PDFs/RAJUK_Tender_583196.pdf,1
tender,583196,belongs to project,project,pr0098,,Tender Notice_PDFs/RAJUK_Tender_583196.pdf,1
organization,og0011,part of,organization,og0002,,Tender Notice_PDFs/RAJUK_Tender_583212.pdf,1
organization,og0002,part of,organization,og0001,,Tender Notice_PDFs/RAJUK_Tender_583212.pdf,1
person,pp0104,invited tender,tender,583212,Sup. Eng. (Elec.),Tender Notice_PDFs/RAJUK_Tender_583212.pdf,2
organization,og0011,advertised,tender,583212,,Tender Notice_PDFs/RAJUK_Tender_583212.pdf,1
tender,583212,belongs to project,project,pr0098,,Tender Notice_PDFs/RAJUK_Tender_583212.pdf,1
organization,og0011,part of,organization,og0002,,Tender Notice_PDFs/RAJUK_Tender_583276.pdf,1
organization,og0002,part of,organization,og0001,,Tender Notice_PDFs/RAJUK_Tender_583276.pdf,1
person,pp0104,invited tender,tender,583276,Sup. Eng. (Elec.),Tender Notice_PDFs/RAJUK_Tender_583276.pdf,2
organization,og0011,advertised,tender,583276,,Tender Notice_PDFs/RAJUK_Tender_583276.pdf,1
tender,583276,belongs to project,project,pr0055,,Tender Notice_PDFs/RAJUK_Tender_583276.pdf,1
organization,og0006,part of,organization,og0002,,Tender Notice_PDFs/RAJUK_Tender_583663.pdf,1
organization,og0002,part of,organization,og0001,,Tender Notice_PDFs/RAJUK_Tender_583663.pdf,1
person,pp0003,invited tender,tender,583663,PD (9apt),Tender Notice_PDFs/RAJUK_Tender_583663.pdf,1
organization,og0006,advertised,tender,583663,,Tender Notice_PDFs/RAJUK_Tender_583663.pdf,1
tender,583663,belongs to project,project,pr0062,,Tender Notice_PDFs/RAJUK_Tender_583663.pdf,1
organization,og0006,part of,organization,og0002,,Tender Notice_PDFs/RAJUK_Tender_583666.pdf,1
organization,og0002,part of,organization,og0001,,Tender Notice_PDFs/RAJUK_Tender_583666.pdf,1
person,pp0003,invited tender,tender,583666,PD (9apt),Tender Notice_PDFs/RAJUK_Tender_583666.pdf,1
organization,og0006,advertised,tender,583666,,Tender Notice_PDFs/RAJUK_Tender_583666.pdf,1
tender,583666,belongs to project,project,pr0062,,Tender Notice_PDFs/RAJUK_Tender_583666.pdf,1
organization,og0012,part of,organization,og0002,,Tender Notice_PDFs/RAJUK_Tender_584524.pdf,1
organization,og0002,part of,organization,og0001,,Tender Notice_PDFs/RAJUK_Tender_584524.pdf,1
person,pp0004,invited tender,tender,584524,PD (Uttara Appartment),Tender Notice_PDFs/RAJUK_Tender_584524.pdf,1
organization,og0012,advertised,tender,584524,,Tender Notice_PDFs/RAJUK_Tender_584524.pdf,1
tender,584524,belongs to project,project,pr0101,,Tender Notice_PDFs/RAJUK_Tender_584524.pdf,1
organization,og0006,part of,organization,og0002,,Tender Notice_PDFs/RAJUK_Tender_590111.pdf,1
organization,og0002,part of,organization,og0001,,Tender Notice_PDFs/RAJUK_Tender_590111.pdf,1
person,pp0003,invited tender,tender,590111,PD (9apt),Tender Notice_PDFs/RAJUK_Tender_590111.pdf,1
organization,og0006,advertised,tender,590111,,Tender Notice_PDFs/RAJUK_Tender_590111.pdf,1
tender,590111,belongs to project,project,pr0062,,Tender Notice_PDFs/RAJUK_Tender_590111.pdf,1
organization,og0015,part of,organization,og0002,,Tender Notice_PDFs/RAJUK_Tender_590668.pdf,1
organization,og0002,part of,organization,og0001,,Tender Notice_PDFs/RAJUK_Tender_590668.pdf,1
person,pp0099,invited tender,tender,590668,Project Director,Tender Notice_PDFs/RAJUK_Tender_590668.pdf,1
organization,og0015,advertised,tender,590668,,Tender Notice_PDFs/RAJUK_Tender_590668.pdf,1
tender,590668,belongs to project,project,pr0009,,Tender Notice_PDFs/RAJUK_Tender_590668.pdf,1
organization,og0006,part of,organization,og0002,,Tender Notice_PDFs/RAJUK_Tender_591292.pdf,1
organization,og0002,part of,organization,og0001,,Tender Notice_PDFs/RAJUK_Tender_591292.pdf,1
person,pp0003,invited tender,tender,591292,PD (9apt),Tender Notice_PDFs/RAJUK_Tender_591292.pdf,1
organization,og0006,advertised,tender,591292,,Tender Notice_PDFs/RAJUK_Tender_591292.pdf,1
tender,591292,belongs to project,project,pr0062,,Tender Notice_PDFs/RAJUK_Tender_591292.pdf,1
organization,og0006,part of,organization,og0002,,Tender Notice_PDFs/RAJUK_Tender_591374.pdf,1
organization,og0002,part of,organization,og0001,,Tender Notice_PDFs/RAJUK_Tender_591374.pdf,1
person,pp0003,invited tender,tender,591374,PD (9apt),Tender Notice_PDFs/RAJUK_Tender_591374.pdf,1
organization,og0006,advertised,tender,591374,,Tender Notice_PDFs/RAJUK_Tender_591374.pdf,1
tender,591374,belongs to project,project,pr0062,,Tender Notice_PDFs/RAJUK_Tender_591374.pdf,1
organization,og0006,part of,organization,og0002,,Tender Notice_PDFs/RAJUK_Tender_591591.pdf,1
organization,og0002,part of,organization,og0001,,Tender Notice_PDFs/RAJUK_Tender_591591.pdf,1
person,pp0003,invited tender,tender,591591,PD (9apt),Tender Notice_PDFs/RAJUK_Tender_591591.pdf,1
organization,og0006,advertised,tender,591591,,Tender Notice_PDFs/RAJUK_Tender_591591.pdf,1
tender,591591,belongs to project,project,pr0062,,Tender Notice_PDFs/RAJUK_Tender_591591.pdf,1
organization,og0006,part of,organization,og0002,,Tender Notice_PDFs/RAJUK_Tender_591741.pdf,1
organization,og0002,part of,organization,og0001,,Tender Notice_PDFs/RAJUK_Tender_591741.pdf,1
person,pp0003,invited tender,tender,591741,PD (9apt),Tender Notice_PDFs/RAJUK_Tender_591741.pdf,1
organization,og0006,advertised,tender,591741,,Tender Notice_PDFs/RAJUK_Tender_591741.pdf,1
tender,591741,belongs to project,project,pr0062,,Tender Notice_PDFs/RAJUK_Tender_591741.pdf,1
organization,og0006,part of,organization,og0002,,Tender Notice_PDFs/RAJUK_Tender_592175.pdf,1
organization,og0002,part of,organization,og0001,,Tender Notice_PDFs/RAJUK_Tender_592175.pdf,1
person,pp0003,invited tender,tender,592175,PD (9apt),Tender Notice_PDFs/RAJUK_Tender_592175.pdf,1
organization,og0006,advertised,tender,592175,,Tender Notice_PDFs/RAJUK_Tender_592175.pdf,1
tender,592175,belongs to project,project,pr0062,,Tender Notice_PDFs/RAJUK_Tender_592175.pdf,1
organization,og0006,part of,organization,og0002,,Tender Notice_PDFs/RAJUK_Tender_592354.pdf,1
organization,og0002,part of,organization,og0001,,Tender Notice_PDFs/RAJUK_Tender_592354.pdf,1
person,pp0003,invited tender,tender,592354,PD (9apt),Tender Notice_PDFs/RAJUK_Tender_592354.pdf,1
organization,og0006,advertised,tender,592354,,Tender Notice_PDFs/RAJUK_Tender_592354.pdf,1
tender,592354,belongs to project,project,pr0062,,Tender Notice_PDFs/RAJUK_Tender_592354.pdf,1
organization,og0063,part of,organization,og0002,,Tender Notice_PDFs/RAJUK_Tender_595833.pdf,1
organization,og0002,part of,organization,og0001,,Tender Notice_PDFs/RAJUK_Tender_595833.pdf,1
person,pp0108,invited tender,tender,595833,PD (Uttara 3rd Phase),Tender Notice_PDFs/RAJUK_Tender_595833.pdf,1
organization,og0063,advertised,tender,595833,,Tender Notice_PDFs/RAJUK_Tender_595833.pdf,1
tender,595833,belongs to project,project,pr0035,,Tender Notice_PDFs/RAJUK_Tender_595833.pdf,1
organization,og0012,part of,organization,og0002,,Tender Notice_PDFs/RAJUK_Tender_597090.pdf,1
organization,og0002,part of,organization,og0001,,Tender Notice_PDFs/RAJUK_Tender_597090.pdf,1
person,pp0004,invited tender,tender,597090,PD (Uttara Appartment),Tender Notice_PDFs/RAJUK_Tender_597090.pdf,2
organization,og0012,advertised,tender,597090,,Tender Notice_PDFs/RAJUK_Tender_597090.pdf,1
tender,597090,belongs to project,project,pr0093,,Tender Notice_PDFs/RAJUK_Tender_597090.pdf,1
organization,og0015,part of,organization,og0002,,Tender Notice_PDFs/RAJUK_Tender_601508.pdf,1
organization,og0002,part of,organization,og0001,,Tender Notice_PDFs/RAJUK_Tender_601508.pdf,1
person,pp0099,invited tender,tender,601508,Project Director,Tender Notice_PDFs/RAJUK_Tender_601508.pdf,1
organization,og0015,advertised,tender,601508,,Tender Notice_PDFs/RAJUK_Tender_601508.pdf,1
tender,601508,belongs to project,project,pr0009,,Tender Notice_PDFs/RAJUK_Tender_601508.pdf,1
organization,og0015,part of,organization,og0002,,Tender Notice_PDFs/RAJUK_Tender_601511.pdf,1
organization,og0002,part of,organization,og0001,,Tender Notice_PDFs/RAJUK_Tender_601511.pdf,1
person,pp0099,invited tender,tender,601511,Project Director,Tender Notice_PDFs/RAJUK_Tender_601511.pdf,1
organization,og0015,advertised,tender,601511,,Tender Notice_PDFs/RAJUK_Tender_601511.pdf,1
tender,601511,belongs to project,project,pr0009,,Tender Notice_PDFs/RAJUK_Tender_601511.pdf,1
organization,og0015,part of,organization,og0002,,Tender Notice_PDFs/RAJUK_Tender_601512.pdf,1
organization,og0002,part of,organization,og0001,,Tender Notice_PDFs/RAJUK_Tender_601512.pdf,1
person,pp0099,invited tender,tender,601512,Project Director,Tender Notice_PDFs/RAJUK_Tender_601512.pdf,1
organization,og0015,advertised,tender,601512,,Tender Notice_PDFs/RAJUK_Tender_601512.pdf,1
tender,601512,belongs to project,project,pr0009,,Tender Notice_PDFs/RAJUK_Tender_601512.pdf,1
organization,og0015,part of,organization,og0002,,Tender Notice_PDFs/RAJUK_Tender_601514.pdf,1
organization,og0002,part of,organization,og0001,,Tender Notice_PDFs/RAJUK_Tender_601514.pdf,1
person,pp0099,invited tender,tender,601514,Project Director,Tender Notice_PDFs/RAJUK_Tender_601514.pdf,1
organization,og0015,advertised,tender,601514,,Tender Notice_PDFs/RAJUK_Tender_601514.pdf,1
tender,601514,belongs to project,project,pr0009,,Tender Notice_PDFs/RAJUK_Tender_601514.pdf,1
organization,og0015,part of,organization,og0002,,Tender Notice_PDFs/RAJUK_Tender_601516.pdf,1
organization,og0002,part of,organization,og0001,,Tender Notice_PDFs/RAJUK_Tender_601516.pdf,1
person,pp0099,invited tender,tender,601516,Project Director,Tender Notice_PDFs/RAJUK_Tender_601516.pdf,1
organization,og0015,advertised,tender,601516,,Tender Notice_PDFs/RAJUK_Tender_601516.pdf,1
tender,601516,belongs to project,project,pr0009,,Tender Notice_PDFs/RAJUK_Tender_601516.pdf,1
organization,og0015,part of,organization,og0002,,Tender Notice_PDFs/RAJUK_Tender_601518.pdf,1
organization,og0002,part of,organization,og0001,,Tender Notice_PDFs/RAJUK_Tender_601518.pdf,1
person,pp0099,invited tender,tender,601518,Project Director,Tender Notice_PDFs/RAJUK_Tender_601518.pdf,1
organization,og0015,advertised,tender,601518,,Tender Notice_PDFs/RAJUK_Tender_601518.pdf,1
tender,601518,belongs to project,project,pr0009,,Tender Notice_PDFs/RAJUK_Tender_601518.pdf,1
organization,og0015,part of,organization,og0002,,Tender Notice_PDFs/RAJUK_Tender_601519.pdf,1
organization,og0002,part of,organization,og0001,,Tender Notice_PDFs/RAJUK_Tender_601519.pdf,1
person,pp0099,invited tender,tender,601519,Project Director,Tender Notice_PDFs/RAJUK_Tender_601519.pdf,1
organization,og0015,advertised,tender,601519,,Tender Notice_PDFs/RAJUK_Tender_601519.pdf,1
tender,601519,belongs to project,project,pr0009,,Tender Notice_PDFs/RAJUK_Tender_601519.pdf,1
organization,og0015,part of,organization,og0002,,Tender Notice_PDFs/RAJUK_Tender_601520.pdf,1
organization,og0002,part of,organization,og0001,,Tender Notice_PDFs/RAJUK_Tender_601520.pdf,1
person,pp0099,invited tender,tender,601520,Project Director,Tender Notice_PDFs/RAJUK_Tender_601520.pdf,1
organization,og0015,advertised,tender,601520,,Tender Notice_PDFs/RAJUK_Tender_601520.pdf,1
tender,601520,belongs to project,project,pr0009,,Tender Notice_PDFs/RAJUK_Tender_601520.pdf,1
organization,og0006,part of,organization,og0002,,Tender Notice_PDFs/RAJUK_Tender_608564.pdf,1
organization,og0002,part of,organization,og0001,,Tender Notice_PDFs/RAJUK_Tender_608564.pdf,1
person,pp0003,invited tender,tender,608564,PD (9apt),Tender Notice_PDFs/RAJUK_Tender_608564.pdf,1
organization,og0006,advertised,tender,608564,,Tender Notice_PDFs/RAJUK_Tender_608564.pdf,1
tender,608564,belongs to project,project,pr0093,,Tender Notice_PDFs/RAJUK_Tender_608564.pdf,1
organization,og0006,part of,organization,og0002,,Tender Notice_PDFs/RAJUK_Tender_608964.pdf,1
organization,og0002,part of,organization,og0001,,Tender Notice_PDFs/RAJUK_Tender_608964.pdf,1
person,pp0003,invited tender,tender,608964,PD (9apt),Tender Notice_PDFs/RAJUK_Tender_608964.pdf,1
organization,og0006,advertised,tender,608964,,Tender Notice_PDFs/RAJUK_Tender_608964.pdf,1
tender,608964,belongs to project,project,pr0093,,Tender Notice_PDFs/RAJUK_Tender_608964.pdf,1
organization,og0006,part of,organization,og0002,,Tender Notice_PDFs/RAJUK_Tender_609656.pdf,1
organization,og0002,part of,organization,og0001,,Tender Notice_PDFs/RAJUK_Tender_609656.pdf,1
person,pp0003,invited tender,tender,609656,PD (9apt),Tender Notice_PDFs/RAJUK_Tender_609656.pdf,1
organization,og0006,advertised,tender,609656,,Tender Notice_PDFs/RAJUK_Tender_609656.pdf,1
tender,609656,belongs to project,project,pr0093,,Tender Notice_PDFs/RAJUK_Tender_609656.pdf,1
organization,og0006,part of,organization,og0002,,Tender Notice_PDFs/RAJUK_Tender_614373.pdf,1
organization,og0002,part of,organization,og0001,,Tender Notice_PDFs/RAJUK_Tender_614373.pdf,1
person,pp0003,invited tender,tender,614373,PD (9apt),Tender Notice_PDFs/RAJUK_Tender_614373.pdf,1
organization,og0006,advertised,tender,614373,,Tender Notice_PDFs/RAJUK_Tender_614373.pdf,1
tender,614373,belongs to project,project,pr0093,,Tender Notice_PDFs/RAJUK_Tender_614373.pdf,1
organization,og0006,part of,organization,og0002,,Tender Notice_PDFs/RAJUK_Tender_614620.pdf,1
organization,og0002,part of,organization,og0001,,Tender Notice_PDFs/RAJUK_Tender_614620.pdf,1
person,pp0003,invited tender,tender,614620,PD (9apt),Tender Notice_PDFs/RAJUK_Tender_614620.pdf,1
organization,og0006,advertised,tender,614620,,Tender Notice_PDFs/RAJUK_Tender_614620.pdf,1
tender,614620,belongs to project,project,pr0093,,Tender Notice_PDFs/RAJUK_Tender_614620.pdf,1
organization,og0006,part of,organization,og0002,,Tender Notice_PDFs/RAJUK_Tender_615021.pdf,1
organization,og0002,part of,organization,og0001,,Tender Notice_PDFs/RAJUK_Tender_615021.pdf,1
person,pp0003,invited tender,tender,615021,PD (9apt),Tender Notice_PDFs/RAJUK_Tender_615021.pdf,1
organization,og0006,advertised,tender,615021,,Tender Notice_PDFs/RAJUK_Tender_615021.pdf,1
tender,615021,belongs to project,project,pr0093,,Tender Notice_PDFs/RAJUK_Tender_615021.pdf,1
organization,og0063,part of,organization,og0002,,Tender Notice_PDFs/RAJUK_Tender_615572.pdf,1
organization,og0002,part of,organization,og0001,,Tender Notice_PDFs/RAJUK_Tender_615572.pdf,1
person,pp0108,invited tender,tender,615572,PD (Uttara 3rd Phase),Tender Notice_PDFs/RAJUK_Tender_615572.pdf,1
organization,og0063,advertised,tender,615572,,Tender Notice_PDFs/RAJUK_Tender_615572.pdf,1
tender,615572,belongs to project,project,pr0035,,Tender Notice_PDFs/RAJUK_Tender_615572.pdf,1
organization,og0015,part of,organization,og0002,,Tender Notice_PDFs/RAJUK_Tender_616291.pdf,1
organization,og0002,part of,organization,og0001,,Tender Notice_PDFs/RAJUK_Tender_616291.pdf,1
person,pp0099,invited tender,tender,616291,Project Director,Tender Notice_PDFs/RAJUK_Tender_616291.pdf,1
organization,og0015,advertised,tender,616291,,Tender Notice_PDFs/RAJUK_Tender_616291.pdf,1
tender,616291,belongs to project,project,pr0009,,Tender Notice_PDFs/RAJUK_Tender_616291.pdf,1
organization,og0015,part of,organization,og0002,,Tender Notice_PDFs/RAJUK_Tender_616292.pdf,1
organization,og0002,part of,organization,og0001,,Tender Notice_PDFs/RAJUK_Tender_616292.pdf,1
person,pp0099,invited tender,tender,616292,Project Director,Tender Notice_PDFs/RAJUK_Tender_616292.pdf,1
organization,og0015,advertised,tender,616292,,Tender Notice_PDFs/RAJUK_Tender_616292.pdf,1
tender,616292,belongs to project,project,pr0009,,Tender Notice_PDFs/RAJUK_Tender_616292.pdf,1
organization,og0015,part of,organization,og0002,,Tender Notice_PDFs/RAJUK_Tender_616293.pdf,1
organization,og0002,part of,organization,og0001,,Tender Notice_PDFs/RAJUK_Tender_616293.pdf,1
person,pp0099,invited tender,tender,616293,Project Director,Tender Notice_PDFs/RAJUK_Tender_616293.pdf,1
organization,og0015,advertised,tender,616293,,Tender Notice_PDFs/RAJUK_Tender_616293.pdf,1
tender,616293,belongs to project,project,pr0009,,Tender Notice_PDFs/RAJUK_Tender_616293.pdf,1
organization,og0015,part of,organization,og0002,,Tender Notice_PDFs/RAJUK_Tender_616294.pdf,1
organization,og0002,part of,organization,og0001,,Tender Notice_PDFs/RAJUK_Tender_616294.pdf,1
person,pp0099,invited tender,tender,616294,Project Director,Tender Notice_PDFs/RAJUK_Tender_616294.pdf,1
organization,og0015,advertised,tender,616294,,Tender Notice_PDFs/RAJUK_Tender_616294.pdf,1
tender,616294,belongs to project,project,pr0009,,Tender Notice_PDFs/RAJUK_Tender_616294.pdf,1
organization,og0007,part of,organization,og0002,,Tender Notice_PDFs/RAJUK_Tender_619039.pdf,1
organization,og0002,part of,organization,og0001,,Tender Notice_PDFs/RAJUK_Tender_619039.pdf,1
person,pp0004,invited tender,tender,619039,Superintending Engineer,Tender Notice_PDFs/RAJUK_Tender_619039.pdf,1
organization,og0007,advertised,tender,619039,,Tender Notice_PDFs/RAJUK_Tender_619039.pdf,1
tender,619039,belongs to project,project,pr0093,,Tender Notice_PDFs/RAJUK_Tender_619039.pdf,1
organization,og0007,part of,organization,og0002,,Tender Notice_PDFs/RAJUK_Tender_620619.pdf,1
organization,og0002,part of,organization,og0001,,Tender Notice_PDFs/RAJUK_Tender_620619.pdf,1
person,pp0004,invited tender,tender,620619,Superintending Engineer,Tender Notice_PDFs/RAJUK_Tender_620619.pdf,1
organization,og0007,advertised,tender,620619,,Tender Notice_PDFs/RAJUK_Tender_620619.pdf,1
tender,620619,belongs to project,project,pr0093,,Tender Notice_PDFs/RAJUK_Tender_620619.pdf,1
organization,og0011,part of,organization,og0002,,Tender Notice_PDFs/RAJUK_Tender_622539.pdf,1
organization,og0002,part of,organization,og0001,,Tender Notice_PDFs/RAJUK_Tender_622539.pdf,1
person,pp0104,invited tender,tender,622539,Sup. Eng. (Elec.),Tender Notice_PDFs/RAJUK_Tender_622539.pdf,1
organization,og0011,advertised,tender,622539,,Tender Notice_PDFs/RAJUK_Tender_622539.pdf,1
tender,622539,belongs to project,project,pr0075,,Tender Notice_PDFs/RAJUK_Tender_622539.pdf,1
organization,og0011,part of,organization,og0002,,Tender Notice_PDFs/RAJUK_Tender_622586.pdf,1
organization,og0002,part of,organization,og0001,,Tender Notice_PDFs/RAJUK_Tender_622586.pdf,1
person,pp0104,invited tender,tender,622586,Sup. Eng. (Elec.),Tender Notice_PDFs/RAJUK_Tender_622586.pdf,1
organization,og0011,advertised,tender,622586,,Tender Notice_PDFs/RAJUK_Tender_622586.pdf,1
tender,622586,belongs to project,project,pr0065,,Tender Notice_PDFs/RAJUK_Tender_622586.pdf,1
organization,og0011,part of,organization,og0002,,Tender Notice_PDFs/RAJUK_Tender_622637.pdf,1
organization,og0002,part of,organization,og0001,,Tender Notice_PDFs/RAJUK_Tender_622637.pdf,1
person,pp0104,invited tender,tender,622637,Sup. Eng. (Elec.),Tender Notice_PDFs/RAJUK_Tender_622637.pdf,1
organization,og0011,advertised,tender,622637,,Tender Notice_PDFs/RAJUK_Tender_622637.pdf,1
tender,622637,belongs to project,project,pr0055,,Tender Notice_PDFs/RAJUK_Tender_622637.pdf,1
organization,og0015,part of,organization,og0002,,Tender Notice_PDFs/RAJUK_Tender_632736.pdf,1
organization,og0002,part of,organization,og0001,,Tender Notice_PDFs/RAJUK_Tender_632736.pdf,1
person,pp0099,invited tender,tender,632736,Project Director,Tender Notice_PDFs/RAJUK_Tender_632736.pdf,1
organization,og0015,advertised,tender,632736,,Tender Notice_PDFs/RAJUK_Tender_632736.pdf,1
tender,632736,belongs to project,project,pr0009,,Tender Notice_PDFs/RAJUK_Tender_632736.pdf,1
organization,og0015,part of,organization,og0002,,Tender Notice_PDFs/RAJUK_Tender_632746.pdf,1
organization,og0002,part of,organization,og0001,,Tender Notice_PDFs/RAJUK_Tender_632746.pdf,1
person,pp0099,invited tender,tender,632746,Project Director,Tender Notice_PDFs/RAJUK_Tender_632746.pdf,1
organization,og0015,advertised,tender,632746,,Tender Notice_PDFs/RAJUK_Tender_632746.pdf,1
tender,632746,belongs to project,project,pr0009,,Tender Notice_PDFs/RAJUK_Tender_632746.pdf,1
organization,og0015,part of,organization,og0002,,Tender Notice_PDFs/RAJUK_Tender_632748.pdf,1
organization,og0002,part of,organization,og0001,,Tender Notice_PDFs/RAJUK_Tender_632748.pdf,1
person,pp0099,invited tender,tender,632748,Project Director,Tender Notice_PDFs/RAJUK_Tender_632748.pdf,1
organization,og0015,advertised,tender,632748,,Tender Notice_PDFs/RAJUK_Tender_632748.pdf,1
tender,632748,belongs to project,project,pr0009,,Tender Notice_PDFs/RAJUK_Tender_632748.pdf,1
organization,og0015,part of,organization,og0002,,Tender Notice_PDFs/RAJUK_Tender_632749.pdf,1
organization,og0002,part of,organization,og0001,,Tender Notice_PDFs/RAJUK_Tender_632749.pdf,1
person,pp0099,invited tender,tender,632749,Project Director,Tender Notice_PDFs/RAJUK_Tender_632749.pdf,1
organization,og0015,advertised,tender,632749,,Tender Notice_PDFs/RAJUK_Tender_632749.pdf,1
tender,632749,belongs to project,project,pr0009,,Tender Notice_PDFs/RAJUK_Tender_632749.pdf,1
organization,og0012,part of,organization,og0002,,Tender Notice_PDFs/RAJUK_Tender_637168.pdf,1
organization,og0002,part of,organization,og0001,,Tender Notice_PDFs/RAJUK_Tender_637168.pdf,1
person,pp0004,invited tender,tender,637168,PD (Uttara Appartment),Tender Notice_PDFs/RAJUK_Tender_637168.pdf,1
organization,og0012,advertised,tender,637168,,Tender Notice_PDFs/RAJUK_Tender_637168.pdf,1
tender,637168,belongs to project,project,pr0093,,Tender Notice_PDFs/RAJUK_Tender_637168.pdf,1
organization,og0012,part of,organization,og0002,,Tender Notice_PDFs/RAJUK_Tender_637169.pdf,1
organization,og0002,part of,organization,og0001,,Tender Notice_PDFs/RAJUK_Tender_637169.pdf,1
person,pp0004,invited tender,tender,637169,PD (Uttara Appartment),Tender Notice_PDFs/RAJUK_Tender_637169.pdf,1
organization,og0012,advertised,tender,637169,,Tender Notice_PDFs/RAJUK_Tender_637169.pdf,1
tender,637169,belongs to project,project,pr0093,,Tender Notice_PDFs/RAJUK_Tender_637169.pdf,1
organization,og0012,part of,organization,og0002,,Tender Notice_PDFs/RAJUK_Tender_637171.pdf,1
organization,og0002,part of,organization,og0001,,Tender Notice_PDFs/RAJUK_Tender_637171.pdf,1
person,pp0004,invited tender,tender,637171,PD (Uttara Appartment),Tender Notice_PDFs/RAJUK_Tender_637171.pdf,1
organization,og0012,advertised,tender,637171,,Tender Notice_PDFs/RAJUK_Tender_637171.pdf,1
tender,637171,belongs to project,project,pr0093,,Tender Notice_PDFs/RAJUK_Tender_637171.pdf,1
organization,og0014,part of,organization,og0002,,Tender Notice_PDFs/RAJUK_Tender_639202.pdf,1
organization,og0002,part of,organization,og0001,,Tender Notice_PDFs/RAJUK_Tender_639202.pdf,1
person,pp0009,invited tender,tender,639202,Superintending Engineer,Tender Notice_PDFs/RAJUK_Tender_639202.pdf,1
organization,og0014,advertised,tender,639202,,Tender Notice_PDFs/RAJUK_Tender_639202.pdf,1
tender,639202,belongs to project,project,pr0093,,Tender Notice_PDFs/RAJUK_Tender_639202.pdf,1
organization,og0006,part of,organization,og0002,,Tender Notice_PDFs/RAJUK_Tender_639295.pdf,1
organization,og0002,part of,organization,og0001,,Tender Notice_PDFs/RAJUK_Tender_639295.pdf,1
person,pp0003,invited tender,tender,639295,PD (9apt),Tender Notice_PDFs/RAJUK_Tender_639295.pdf,1
organization,og0006,advertised,tender,639295,,Tender Notice_PDFs/RAJUK_Tender_639295.pdf,1
tender,639295,belongs to project,project,pr0093,,Tender Notice_PDFs/RAJUK_Tender_639295.pdf,1
organization,og0015,part of,organization,og0002,,Tender Notice_PDFs/RAJUK_Tender_639731.pdf,1
organization,og0002,part of,organization,og0001,,Tender Notice_PDFs/RAJUK_Tender_639731.pdf,1
person,pp0099,invited tender,tender,639731,Project Director,Tender Notice_PDFs/RAJUK_Tender_639731.pdf,1
organization,og0015,advertised,tender,639731,,Tender Notice_PDFs/RAJUK_Tender_639731.pdf,1
tender,639731,belongs to project,project,pr0009,,Tender Notice_PDFs/RAJUK_Tender_639731.pdf,1
organization,og0015,part of,organization,og0002,,Tender Notice_PDFs/RAJUK_Tender_639732.pdf,1
organization,og0002,part of,organization,og0001,,Tender Notice_PDFs/RAJUK_Tender_639732.pdf,1
person,pp0099,invited tender,tender,639732,Project Director,Tender Notice_PDFs/RAJUK_Tender_639732.pdf,1
organization,og0015,advertised,tender,639732,,Tender Notice_PDFs/RAJUK_Tender_639732.pdf,1
tender,639732,belongs to project,project,pr0009,,Tender Notice_PDFs/RAJUK_Tender_639732.pdf,1
organization,og0006,part of,organization,og0002,,Tender Notice_PDFs/RAJUK_Tender_639913.pdf,1
organization,og0002,part of,organization,og0001,,Tender Notice_PDFs/RAJUK_Tender_639913.pdf,1
person,pp0003,invited tender,tender,639913,PD (9apt),Tender Notice_PDFs/RAJUK_Tender_639913.pdf,1
organization,og0006,advertised,tender,639913,,Tender Notice_PDFs/RAJUK_Tender_639913.pdf,1
tender,639913,belongs to project,project,pr0093,,Tender Notice_PDFs/RAJUK_Tender_639913.pdf,1
organization,og0006,part of,organization,og0002,,Tender Notice_PDFs/RAJUK_Tender_639927.pdf,1
organization,og0002,part of,organization,og0001,,Tender Notice_PDFs/RAJUK_Tender_639927.pdf,1
person,pp0003,invited tender,tender,639927,PD (9apt),Tender Notice_PDFs/RAJUK_Tender_639927.pdf,1
organization,og0006,advertised,tender,639927,,Tender Notice_PDFs/RAJUK_Tender_639927.pdf,1
tender,639927,belongs to project,project,pr0093,,Tender Notice_PDFs/RAJUK_Tender_639927.pdf,1
organization,og0014,part of,organization,og0002,,Tender Notice_PDFs/RAJUK_Tender_641674.pdf,1
organization,og0002,part of,organization,og0001,,Tender Notice_PDFs/RAJUK_Tender_641674.pdf,1
person,pp0009,invited tender,tender,641674,Superintending Engineer,Tender Notice_PDFs/RAJUK_Tender_641674.pdf,1
organization,og0014,advertised,tender,641674,,Tender Notice_PDFs/RAJUK_Tender_641674.pdf,1
tender,641674,belongs to project,project,pr0093,,Tender Notice_PDFs/RAJUK_Tender_641674.pdf,1
organization,og0063,part of,organization,og0002,,Tender Notice_PDFs/RAJUK_Tender_647342.pdf,1
organization,og0002,part of,organization,og0001,,Tender Notice_PDFs/RAJUK_Tender_647342.pdf,1
person,pp0108,invited tender,tender,647342,PD (Uttara 3rd Phase),Tender Notice_PDFs/RAJUK_Tender_647342.pdf,1
organization,og0063,advertised,tender,647342,,Tender Notice_PDFs/RAJUK_Tender_647342.pdf,1
tender,647342,belongs to project,project,pr0035,,Tender Notice_PDFs/RAJUK_Tender_647342.pdf,1
organization,og0063,part of,organization,og0002,,Tender Notice_PDFs/RAJUK_Tender_647346.pdf,1
organization,og0002,part of,organization,og0001,,Tender Notice_PDFs/RAJUK_Tender_647346.pdf,1
person,pp0108,invited tender,tender,647346,PD (Uttara 3rd Phase),Tender Notice_PDFs/RAJUK_Tender_647346.pdf,1
organization,og0063,advertised,tender,647346,,Tender Notice_PDFs/RAJUK_Tender_647346.pdf,1
tender,647346,belongs to project,project,pr0035,,Tender Notice_PDFs/RAJUK_Tender_647346.pdf,1
organization,og0063,part of,organization,og0002,,Tender Notice_PDFs/RAJUK_Tender_647351.pdf,1
organization,og0002,part of,organization,og0001,,Tender Notice_PDFs/RAJUK_Tender_647351.pdf,1
person,pp0108,invited tender,tender,647351,PD (Uttara 3rd Phase),Tender Notice_PDFs/RAJUK_Tender_647351.pdf,1
organization,og0063,advertised,tender,647351,,Tender Notice_PDFs/RAJUK_Tender_647351.pdf,1
tender,647351,belongs to project,project,pr0035,,Tender Notice_PDFs/RAJUK_Tender_647351.pdf,1
organization,og0063,part of,organization,og0002,,Tender Notice_PDFs/RAJUK_Tender_647356.pdf,1
organization,og0002,part of,organization,og0001,,Tender Notice_PDFs/RAJUK_Tender_647356.pdf,1
person,pp0108,invited tender,tender,647356,PD (Uttara 3rd Phase),Tender Notice_PDFs/RAJUK_Tender_647356.pdf,1
organization,og0063,advertised,tender,647356,,Tender Notice_PDFs/RAJUK_Tender_647356.pdf,1
tender,647356,belongs to project,project,pr0035,,Tender Notice_PDFs/RAJUK_Tender_647356.pdf,1
organization,og0063,part of,organization,og0002,,Tender Notice_PDFs/RAJUK_Tender_647359.pdf,1
organization,og0002,part of,organization,og0001,,Tender Notice_PDFs/RAJUK_Tender_647359.pdf,1
person,pp0108,invited tender,tender,647359,PD (Uttara 3rd Phase),Tender Notice_PDFs/RAJUK_Tender_647359.pdf,1
organization,og0063,advertised,tender,647359,,Tender Notice_PDFs/RAJUK_Tender_647359.pdf,1
tender,647359,belongs to project,project,pr0035,,Tender Notice_PDFs/RAJUK_Tender_647359.pdf,1
organization,og0063,part of,organization,og0002,,Tender Notice_PDFs/RAJUK_Tender_647361.pdf,1
organization,og0002,part of,organization,og0001,,Tender Notice_PDFs/RAJUK_Tender_647361.pdf,1
person,pp0108,invited tender,tender,647361,PD (Uttara 3rd Phase),Tender Notice_PDFs/RAJUK_Tender_647361.pdf,1
organization,og0063,advertised,tender,647361,,Tender Notice_PDFs/RAJUK_Tender_647361.pdf,1
tender,647361,belongs to project,project,pr0035,,Tender Notice_PDFs/RAJUK_Tender_647361.pdf,1
organization,og0007,part of,organization,og0002,,Tender Notice_PDFs/RAJUK_Tender_656595.pdf,1
organization,og0002,part of,organization,og0001,,Tender Notice_PDFs/RAJUK_Tender_656595.pdf,1
person,pp0004,invited tender,tender,656595,Superintending Engineer,Tender Notice_PDFs/RAJUK_Tender_656595.pdf,1
organization,og0007,advertised,tender,656595,,Tender Notice_PDFs/RAJUK_Tender_656595.pdf,1
tender,656595,belongs to project,project,pr0093,,Tender Notice_PDFs/RAJUK_Tender_656595.pdf,1
organization,og0007,part of,organization,og0002,,Tender Notice_PDFs/RAJUK_Tender_659096.pdf,1
organization,og0002,part of,organization,og0001,,Tender Notice_PDFs/RAJUK_Tender_659096.pdf,1
person,pp0004,invited tender,tender,659096,Superintending Engineer,Tender Notice_PDFs/RAJUK_Tender_659096.pdf,1
organization,og0007,advertised,tender,659096,,Tender Notice_PDFs/RAJUK_Tender_659096.pdf,1
tender,659096,belongs to project,project,pr0093,,Tender Notice_PDFs/RAJUK_Tender_659096.pdf,1
organization,og0007,part of,organization,og0002,,Tender Notice_PDFs/RAJUK_Tender_660091.pdf,1
organization,og0002,part of,organization,og0001,,Tender Notice_PDFs/RAJUK_Tender_660091.pdf,1
person,pp0004,invited tender,tender,660091,Superintending Engineer,Tender Notice_PDFs/RAJUK_Tender_660091.pdf,1
organization,og0007,advertised,tender,660091,,Tender Notice_PDFs/RAJUK_Tender_660091.pdf,1
tender,660091,belongs to project,project,pr0093,,Tender Notice_PDFs/RAJUK_Tender_660091.pdf,1
organization,og0014,part of,organization,og0002,,Tender Notice_PDFs/RAJUK_Tender_661661.pdf,1
organization,og0002,part of,organization,og0001,,Tender Notice_PDFs/RAJUK_Tender_661661.pdf,1
person,pp0009,invited tender,tender,661661,Superintending Engineer,Tender Notice_PDFs/RAJUK_Tender_661661.pdf,1
organization,og0014,advertised,tender,661661,,Tender Notice_PDFs/RAJUK_Tender_661661.pdf,1
tender,661661,belongs to project,project,pr0093,,Tender Notice_PDFs/RAJUK_Tender_661661.pdf,1
organization,og0014,part of,organization,og0002,,Tender Notice_PDFs/RAJUK_Tender_661888.pdf,1
organization,og0002,part of,organization,og0001,,Tender Notice_PDFs/RAJUK_Tender_661888.pdf,1
person,pp0009,invited tender,tender,661888,Superintending Engineer,Tender Notice_PDFs/RAJUK_Tender_661888.pdf,1
organization,og0014,advertised,tender,661888,,Tender Notice_PDFs/RAJUK_Tender_661888.pdf,1
tender,661888,belongs to project,project,pr0093,,Tender Notice_PDFs/RAJUK_Tender_661888.pdf,1
organization,og0007,part of,organization,og0002,,Tender Notice_PDFs/RAJUK_Tender_662605.pdf,1
organization,og0002,part of,organization,og0001,,Tender Notice_PDFs/RAJUK_Tender_662605.pdf,1
person,pp0004,invited tender,tender,662605,Superintending Engineer,Tender Notice_PDFs/RAJUK_Tender_662605.pdf,1
organization,og0007,advertised,tender,662605,,Tender Notice_PDFs/RAJUK_Tender_662605.pdf,1
tender,662605,belongs to project,project,pr0097,,Tender Notice_PDFs/RAJUK_Tender_662605.pdf,1
organization,og0025,part of,organization,og0002,,Tender Notice_PDFs/RAJUK_Tender_663428.pdf,1
organization,og0002,part of,organization,og0001,,Tender Notice_PDFs/RAJUK_Tender_663428.pdf,1
person,pp0110,invited tender,tender,663428,Director (Admin),Tender Notice_PDFs/RAJUK_Tender_663428.pdf,1
organization,og0025,advertised,tender,663428,,Tender Notice_PDFs/RAJUK_Tender_663428.pdf,1
tender,663428,belongs to project,project,pr0093,,Tender Notice_PDFs/RAJUK_Tender_663428.pdf,1
organization,og0025,part of,organization,og0002,,Tender Notice_PDFs/RAJUK_Tender_663429.pdf,1
organization,og0002,part of,organization,og0001,,Tender Notice_PDFs/RAJUK_Tender_663429.pdf,1
person,pp0110,invited tender,tender,663429,Director (Admin),Tender Notice_PDFs/RAJUK_Tender_663429.pdf,1
organization,og0025,advertised,tender,663429,,Tender Notice_PDFs/RAJUK_Tender_663429.pdf,1
tender,663429,belongs to project,project,pr0093,,Tender Notice_PDFs/RAJUK_Tender_663429.pdf,1
organization,og0037,part of,organization,og0002,,Tender Notice_PDFs/RAJUK_Tender_667693.pdf,1
organization,og0002,part of,organization,og0001,,Tender Notice_PDFs/RAJUK_Tender_667693.pdf,1
person,pp0001,invited tender,tender,667693,PD ( Gulshan-Banani-Baridhara Lake,Tender Notice_PDFs/RAJUK_Tender_667693.pdf,1
organization,og0037,advertised,tender,667693,,Tender Notice_PDFs/RAJUK_Tender_667693.pdf,1
tender,667693,belongs to project,project,pr0077,,Tender Notice_PDFs/RAJUK_Tender_667693.pdf,1
organization,og0012,part of,organization,og0002,,Tender Notice_PDFs/RAJUK_Tender_671803.pdf,1
organization,og0002,part of,organization,og0001,,Tender Notice_PDFs/RAJUK_Tender_671803.pdf,1
person,pp0004,invited tender,tender,671803,PD (Uttara Appartment),Tender Notice_PDFs/RAJUK_Tender_671803.pdf,2
organization,og0012,advertised,tender,671803,,Tender Notice_PDFs/RAJUK_Tender_671803.pdf,1
tender,671803,belongs to project,project,pr0093,,Tender Notice_PDFs/RAJUK_Tender_671803.pdf,1
organization,og0012,part of,organization,og0002,,Tender Notice_PDFs/RAJUK_Tender_671804.pdf,1
organization,og0002,part of,organization,og0001,,Tender Notice_PDFs/RAJUK_Tender_671804.pdf,1
person,pp0004,invited tender,tender,671804,PD (Uttara Appartment),Tender Notice_PDFs/RAJUK_Tender_671804.pdf,1
organization,og0012,advertised,tender,671804,,Tender Notice_PDFs/RAJUK_Tender_671804.pdf,1
tender,671804,belongs to project,project,pr0093,,Tender Notice_PDFs/RAJUK_Tender_671804.pdf,1
organization,og0012,part of,organization,og0002,,Tender Notice_PDFs/RAJUK_Tender_671805.pdf,1
organization,og0002,part of,organization,og0001,,Tender Notice_PDFs/RAJUK_Tender_671805.pdf,1
person,pp0004,invited tender,tender,671805,PD (Uttara Appartment),Tender Notice_PDFs/RAJUK_Tender_671805.pdf,2
organization,og0012,advertised,tender,671805,,Tender Notice_PDFs/RAJUK_Tender_671805.pdf,1
tender,671805,belongs to project,project,pr0093,,Tender Notice_PDFs/RAJUK_Tender_671805.pdf,1
organization,og0025,part of,organization,og0002,,Tender Notice_PDFs/RAJUK_Tender_672061.pdf,1
organization,og0002,part of,organization,og0001,,Tender Notice_PDFs/RAJUK_Tender_672061.pdf,1
person,pp0110,invited tender,tender,672061,Director (Admin),Tender Notice_PDFs/RAJUK_Tender_672061.pdf,1
organization,og0025,advertised,tender,672061,,Tender Notice_PDFs/RAJUK_Tender_672061.pdf,1
tender,672061,belongs to project,project,pr0093,,Tender Notice_PDFs/RAJUK_Tender_672061.pdf,1
organization,og0007,part of,organization,og0002,,Tender Notice_PDFs/RAJUK_Tender_684610.pdf,1
organization,og0002,part of,organization,og0001,,Tender Notice_PDFs/RAJUK_Tender_684610.pdf,1
person,pp0004,invited tender,tender,684610,Superintending Engineer,Tender Notice_PDFs/RAJUK_Tender_684610.pdf,1
organization,og0007,advertised,tender,684610,,Tender Notice_PDFs/RAJUK_Tender_684610.pdf,1
tender,684610,belongs to project,project,pr0093,,Tender Notice_PDFs/RAJUK_Tender_684610.pdf,1
organization,og0011,part of,organization,og0002,,Tender Notice_PDFs/RAJUK_Tender_685799.pdf,1
organization,og0002,part of,organization,og0001,,Tender Notice_PDFs/RAJUK_Tender_685799.pdf,1
person,pp0007,invited tender,tender,685799,Sup. Eng. (Elec.),Tender Notice_PDFs/RAJUK_Tender_685799.pdf,2
organization,og0011,advertised,tender,685799,,Tender Notice_PDFs/RAJUK_Tender_685799.pdf,1
tender,685799,belongs to project,project,pr0034,,Tender Notice_PDFs/RAJUK_Tender_685799.pdf,1
organization,og0011,part of,organization,og0002,,Tender Notice_PDFs/RAJUK_Tender_685873.pdf,1
organization,og0002,part of,organization,og0001,,Tender Notice_PDFs/RAJUK_Tender_685873.pdf,1
person,pp0007,invited tender,tender,685873,Sup. Eng. (Elec.),Tender Notice_PDFs/RAJUK_Tender_685873.pdf,2
organization,og0011,advertised,tender,685873,,Tender Notice_PDFs/RAJUK_Tender_685873.pdf,1
tender,685873,belongs to project,project,pr0034,,Tender Notice_PDFs/RAJUK_Tender_685873.pdf,1
organization,og0011,part of,organization,og0002,,Tender Notice_PDFs/RAJUK_Tender_685885.pdf,1
organization,og0002,part of,organization,og0001,,Tender Notice_PDFs/RAJUK_Tender_685885.pdf,1
person,pp0007,invited tender,tender,685885,Sup. Eng. (Elec.),Tender Notice_PDFs/RAJUK_Tender_685885.pdf,2
organization,og0011,advertised,tender,685885,,Tender Notice_PDFs/RAJUK_Tender_685885.pdf,1
tender,685885,belongs to project,project,pr0034,,Tender Notice_PDFs/RAJUK_Tender_685885.pdf,1
organization,og0007,part of,organization,og0002,,Tender Notice_PDFs/RAJUK_Tender_690870.pdf,1
organization,og0002,part of,organization,og0001,,Tender Notice_PDFs/RAJUK_Tender_690870.pdf,1
person,pp0004,invited tender,tender,690870,Superintending Engineer,Tender Notice_PDFs/RAJUK_Tender_690870.pdf,1
organization,og0007,advertised,tender,690870,,Tender Notice_PDFs/RAJUK_Tender_690870.pdf,1
tender,690870,belongs to project,project,pr0093,,Tender Notice_PDFs/RAJUK_Tender_690870.pdf,1
organization,og0012,part of,organization,og0002,,Tender Notice_PDFs/RAJUK_Tender_699109.pdf,1
organization,og0002,part of,organization,og0001,,Tender Notice_PDFs/RAJUK_Tender_699109.pdf,1
person,pp0004,invited tender,tender,699109,PD (Uttara Appartment),Tender Notice_PDFs/RAJUK_Tender_699109.pdf,1
organization,og0012,advertised,tender,699109,,Tender Notice_PDFs/RAJUK_Tender_699109.pdf,1
tender,699109,belongs to project,project,pr0093,,Tender Notice_PDFs/RAJUK_Tender_699109.pdf,1
organization,og0012,part of,organization,og0002,,Tender Notice_PDFs/RAJUK_Tender_699111.pdf,1
organization,og0002,part of,organization,og0001,,Tender Notice_PDFs/RAJUK_Tender_699111.pdf,1
person,pp0004,invited tender,tender,699111,PD (Uttara Appartment),Tender Notice_PDFs/RAJUK_Tender_699111.pdf,1
organization,og0012,advertised,tender,699111,,Tender Notice_PDFs/RAJUK_Tender_699111.pdf,1
tender,699111,belongs to project,project,pr0093,,Tender Notice_PDFs/RAJUK_Tender_699111.pdf,1
organization,og0007,part of,organization,og0002,,Tender Notice_PDFs/RAJUK_Tender_699609.pdf,1
organization,og0002,part of,organization,og0001,,Tender Notice_PDFs/RAJUK_Tender_699609.pdf,1
person,pp0004,invited tender,tender,699609,Superintending Engineer,Tender Notice_PDFs/RAJUK_Tender_699609.pdf,1
organization,og0007,advertised,tender,699609,,Tender Notice_PDFs/RAJUK_Tender_699609.pdf,1
tender,699609,belongs to project,project,pr0093,,Tender Notice_PDFs/RAJUK_Tender_699609.pdf,1
organization,og0006,part of,organization,og0002,,Tender Notice_PDFs/RAJUK_Tender_702345.pdf,1
organization,og0002,part of,organization,og0001,,Tender Notice_PDFs/RAJUK_Tender_702345.pdf,1
person,pp0003,invited tender,tender,702345,PD (9apt),Tender Notice_PDFs/RAJUK_Tender_702345.pdf,1
organization,og0006,advertised,tender,702345,,Tender Notice_PDFs/RAJUK_Tender_702345.pdf,1
tender,702345,belongs to project,project,pr0093,,Tender Notice_PDFs/RAJUK_Tender_702345.pdf,1
organization,og0011,part of,organization,og0002,,Tender Notice_PDFs/RAJUK_Tender_704135.pdf,1
organization,og0002,part of,organization,og0001,,Tender Notice_PDFs/RAJUK_Tender_704135.pdf,1
person,pp0007,invited tender,tender,704135,Sup. Eng. (Elec.),Tender Notice_PDFs/RAJUK_Tender_704135.pdf,1
organization,og0011,advertised,tender,704135,,Tender Notice_PDFs/RAJUK_Tender_704135.pdf,1
tender,704135,belongs to project,project,pr0098,,Tender Notice_PDFs/RAJUK_Tender_704135.pdf,1
organization,og0011,part of,organization,og0002,,Tender Notice_PDFs/RAJUK_Tender_704165.pdf,1
organization,og0002,part of,organization,og0001,,Tender Notice_PDFs/RAJUK_Tender_704165.pdf,1
person,pp0007,invited tender,tender,704165,Sup. Eng. (Elec.),Tender Notice_PDFs/RAJUK_Tender_704165.pdf,1
organization,og0011,advertised,tender,704165,,Tender Notice_PDFs/RAJUK_Tender_704165.pdf,1
tender,704165,belongs to project,project,pr0034,,Tender Notice_PDFs/RAJUK_Tender_704165.pdf,1
organization,og0011,part of,organization,og0002,,Tender Notice_PDFs/RAJUK_Tender_706666.pdf,1
organization,og0002,part of,organization,og0001,,Tender Notice_PDFs/RAJUK_Tender_706666.pdf,1
person,pp0007,invited tender,tender,706666,Sup. Eng. (Elec.),Tender Notice_PDFs/RAJUK_Tender_706666.pdf,1
organization,og0011,advertised,tender,706666,,Tender Notice_PDFs/RAJUK_Tender_706666.pdf,1
tender,706666,belongs to project,project,pr0055,,Tender Notice_PDFs/RAJUK_Tender_706666.pdf,1
organization,og0014,part of,organization,og0002,,Tender Notice_PDFs/RAJUK_Tender_710843.pdf,1
organization,og0002,part of,organization,og0001,,Tender Notice_PDFs/RAJUK_Tender_710843.pdf,1
person,pp0009,invited tender,tender,710843,Superintending Engineer,Tender Notice_PDFs/RAJUK_Tender_710843.pdf,1
organization,og0014,advertised,tender,710843,,Tender Notice_PDFs/RAJUK_Tender_710843.pdf,1
tender,710843,belongs to project,project,pr0093,,Tender Notice_PDFs/RAJUK_Tender_710843.pdf,1
organization,og0012,part of,organization,og0002,,Tender Notice_PDFs/RAJUK_Tender_713439.pdf,1
organization,og0002,part of,organization,og0001,,Tender Notice_PDFs/RAJUK_Tender_713439.pdf,1
person,pp0004,invited tender,tender,713439,PD (Uttara Appartment),Tender Notice_PDFs/RAJUK_Tender_713439.pdf,2
organization,og0012,advertised,tender,713439,,Tender Notice_PDFs/RAJUK_Tender_713439.pdf,1
tender,713439,belongs to project,project,pr0093,,Tender Notice_PDFs/RAJUK_Tender_713439.pdf,1
organization,og0007,part of,organization,og0002,,Tender Notice_PDFs/RAJUK_Tender_713622.pdf,1
organization,og0002,part of,organization,og0001,,Tender Notice_PDFs/RAJUK_Tender_713622.pdf,1
person,pp0004,invited tender,tender,713622,Superintending Engineer,Tender Notice_PDFs/RAJUK_Tender_713622.pdf,1
organization,og0007,advertised,tender,713622,,Tender Notice_PDFs/RAJUK_Tender_713622.pdf,1
tender,713622,belongs to project,project,pr0093,,Tender Notice_PDFs/RAJUK_Tender_713622.pdf,1
organization,og0032,part of,organization,og0002,,Tender Notice_PDFs/RAJUK_Tender_72113.pdf,1
organization,og0002,part of,organization,og0001,,Tender Notice_PDFs/RAJUK_Tender_72113.pdf,1
person,pp0053,invited tender,tender,72113,"Chief Engineer, Implementation",Tender Notice_PDFs/RAJUK_Tender_72113.pdf,1
organization,og0032,advertised,tender,72113,,Tender Notice_PDFs/RAJUK_Tender_72113.pdf,1
tender,72113,belongs to project,project,pr0009,,Tender Notice_PDFs/RAJUK_Tender_72113.pdf,1
organization,og0032,part of,organization,og0002,,Tender Notice_PDFs/RAJUK_Tender_72139.pdf,1
organization,og0002,part of,organization,og0001,,Tender Notice_PDFs/RAJUK_Tender_72139.pdf,1
person,pp0053,invited tender,tender,72139,"Chief Engineer, Implementation",Tender Notice_PDFs/RAJUK_Tender_72139.pdf,1
organization,og0032,advertised,tender,72139,,Tender Notice_PDFs/RAJUK_Tender_72139.pdf,1
tender,72139,belongs to project,project,pr0009,,Tender Notice_PDFs/RAJUK_Tender_72139.pdf,1
organization,og0036,part of,organization,og0002,,Tender Notice_PDFs/RAJUK_Tender_72156.pdf,1
organization,og0002,part of,organization,og0001,,Tender Notice_PDFs/RAJUK_Tender_72156.pdf,1
person,pp0025,invited tender,tender,72156,"Chief Engineer, Project & Design",Tender Notice_PDFs/RAJUK_Tender_72156.pdf,1
organization,og0036,advertised,tender,72156,,Tender Notice_PDFs/RAJUK_Tender_72156.pdf,1
tender,72156,belongs to project,project,pr0004,,Tender Notice_PDFs/RAJUK_Tender_72156.pdf,1
organization,og0036,part of,organization,og0002,,Tender Notice_PDFs/RAJUK_Tender_72166.pdf,1
organization,og0002,part of,organization,og0001,,Tender Notice_PDFs/RAJUK_Tender_72166.pdf,1
person,pp0025,invited tender,tender,72166,"Chief Engineer, Project & Design",Tender Notice_PDFs/RAJUK_Tender_72166.pdf,2
organization,og0036,advertised,tender,72166,,Tender Notice_PDFs/RAJUK_Tender_72166.pdf,1
tender,72166,belongs to project,project,pr0018,,Tender Notice_PDFs/RAJUK_Tender_72166.pdf,1
organization,og0008,part of,organization,og0002,,Tender Notice_PDFs/RAJUK_Tender_722613.pdf,1
organization,og0002,part of,organization,og0001,,Tender Notice_PDFs/RAJUK_Tender_722613.pdf,1
person,pp0010,invited tender,tender,722613,Sup. Eng. (Mechanical),Tender Notice_PDFs/RAJUK_Tender_722613.pdf,1
organization,og0008,advertised,tender,722613,,Tender Notice_PDFs/RAJUK_Tender_722613.pdf,1
tender,722613,belongs to project,project,pr0028,,Tender Notice_PDFs/RAJUK_Tender_722613.pdf,1
organization,og0008,part of,organization,og0002,,Tender Notice_PDFs/RAJUK_Tender_722614.pdf,1
organization,og0002,part of,organization,og0001,,Tender Notice_PDFs/RAJUK_Tender_722614.pdf,1
person,pp0010,invited tender,tender,722614,Sup. Eng. (Mechanical),Tender Notice_PDFs/RAJUK_Tender_722614.pdf,1
organization,og0008,advertised,tender,722614,,Tender Notice_PDFs/RAJUK_Tender_722614.pdf,1
tender,722614,belongs to project,project,pr0028,,Tender Notice_PDFs/RAJUK_Tender_722614.pdf,1
organization,og0014,part of,organization,og0002,,Tender Notice_PDFs/RAJUK_Tender_727612.pdf,1
organization,og0002,part of,organization,og0001,,Tender Notice_PDFs/RAJUK_Tender_727612.pdf,1
person,pp0009,invited tender,tender,727612,Superintending Engineer,Tender Notice_PDFs/RAJUK_Tender_727612.pdf,1
organization,og0014,advertised,tender,727612,,Tender Notice_PDFs/RAJUK_Tender_727612.pdf,1
tender,727612,belongs to project,project,pr0093,,Tender Notice_PDFs/RAJUK_Tender_727612.pdf,1
organization,og0012,part of,organization,og0002,,Tender Notice_PDFs/RAJUK_Tender_732686.pdf,1
organization,og0002,part of,organization,og0001,,Tender Notice_PDFs/RAJUK_Tender_732686.pdf,1
person,pp0004,invited tender,tender,732686,PD (Uttara Appartment),Tender Notice_PDFs/RAJUK_Tender_732686.pdf,1
organization,og0012,advertised,tender,732686,,Tender Notice_PDFs/RAJUK_Tender_732686.pdf,1
tender,732686,belongs to project,project,pr0093,,Tender Notice_PDFs/RAJUK_Tender_732686.pdf,1
organization,og0006,part of,organization,og0002,,Tender Notice_PDFs/RAJUK_Tender_737121.pdf,1
organization,og0002,part of,organization,og0001,,Tender Notice_PDFs/RAJUK_Tender_737121.pdf,1
person,pp0003,invited tender,tender,737121,PD (9apt),Tender Notice_PDFs/RAJUK_Tender_737121.pdf,1
organization,og0006,advertised,tender,737121,,Tender Notice_PDFs/RAJUK_Tender_737121.pdf,1
tender,737121,belongs to project,project,pr0093,,Tender Notice_PDFs/RAJUK_Tender_737121.pdf,1
organization,og0012,part of,organization,og0002,,Tender Notice_PDFs/RAJUK_Tender_745254.pdf,1
organization,og0002,part of,organization,og0001,,Tender Notice_PDFs/RAJUK_Tender_745254.pdf,1
person,pp0004,invited tender,tender,745254,PD (Uttara Appartment),Tender Notice_PDFs/RAJUK_Tender_745254.pdf,1
organization,og0012,advertised,tender,745254,,Tender Notice_PDFs/RAJUK_Tender_745254.pdf,1
tender,745254,belongs to project,project,pr0093,,Tender Notice_PDFs/RAJUK_Tender_745254.pdf,1
organization,og0007,part of,organization,og0002,,Tender Notice_PDFs/RAJUK_Tender_745718.pdf,1
organization,og0002,part of,organization,og0001,,Tender Notice_PDFs/RAJUK_Tender_745718.pdf,1
person,pp0004,invited tender,tender,745718,Superintending Engineer,Tender Notice_PDFs/RAJUK_Tender_745718.pdf,1
organization,og0007,advertised,tender,745718,,Tender Notice_PDFs/RAJUK_Tender_745718.pdf,1
tender,745718,belongs to project,project,pr0093,,Tender Notice_PDFs/RAJUK_Tender_745718.pdf,1
organization,og0008,part of,organization,og0002,,Tender Notice_PDFs/RAJUK_Tender_747343.pdf,1
organization,og0002,part of,organization,og0001,,Tender Notice_PDFs/RAJUK_Tender_747343.pdf,1
person,pp0010,invited tender,tender,747343,Sup. Eng. (Mechanical),Tender Notice_PDFs/RAJUK_Tender_747343.pdf,1
organization,og0008,advertised,tender,747343,,Tender Notice_PDFs/RAJUK_Tender_747343.pdf,1
tender,747343,belongs to project,project,pr0004,,Tender Notice_PDFs/RAJUK_Tender_747343.pdf,1
organization,og0012,part of,organization,og0002,,Tender Notice_PDFs/RAJUK_Tender_747837.pdf,1
organization,og0002,part of,organization,og0001,,Tender Notice_PDFs/RAJUK_Tender_747837.pdf,1
person,pp0004,invited tender,tender,747837,PD (Uttara Appartment),Tender Notice_PDFs/RAJUK_Tender_747837.pdf,1
organization,og0012,advertised,tender,747837,,Tender Notice_PDFs/RAJUK_Tender_747837.pdf,1
tender,747837,belongs to project,project,pr0093,,Tender Notice_PDFs/RAJUK_Tender_747837.pdf,1
organization,og0003,part of,organization,og0002,,Tender Notice_PDFs/RAJUK_Tender_748677.pdf,1
organization,og0002,part of,organization,og0001,,Tender Notice_PDFs/RAJUK_Tender_748677.pdf,1
person,pp0099,invited tender,tender,748677,Superintending Engineer,Tender Notice_PDFs/RAJUK_Tender_748677.pdf,1
organization,og0003,advertised,tender,748677,,Tender Notice_PDFs/RAJUK_Tender_748677.pdf,1
tender,748677,belongs to project,project,pr0097,,Tender Notice_PDFs/RAJUK_Tender_748677.pdf,1
organization,og0072,part of,organization,og0002,,Tender Notice_PDFs/RAJUK_Tender_752801.pdf,1
organization,og0002,part of,organization,og0001,,Tender Notice_PDFs/RAJUK_Tender_752801.pdf,1
person,pp0009,invited tender,tender,752801,Superintending Engineer,Tender Notice_PDFs/RAJUK_Tender_752801.pdf,1
organization,og0072,advertised,tender,752801,,Tender Notice_PDFs/RAJUK_Tender_752801.pdf,1
tender,752801,belongs to project,project,pr0079,,Tender Notice_PDFs/RAJUK_Tender_752801.pdf,1
organization,og0023,part of,organization,og0002,,Tender Notice_PDFs/RAJUK_Tender_753302.pdf,1
organization,og0002,part of,organization,og0001,,Tender Notice_PDFs/RAJUK_Tender_753302.pdf,1
person,pp0010,invited tender,tender,753302,PD (Jhilmil),Tender Notice_PDFs/RAJUK_Tender_753302.pdf,1
organization,og0023,advertised,tender,753302,,Tender Notice_PDFs/RAJUK_Tender_753302.pdf,1
tender,753302,belongs to project,project,pr0017,,Tender Notice_PDFs/RAJUK_Tender_753302.pdf,1
organization,og0023,part of,organization,og0002,,Tender Notice_PDFs/RAJUK_Tender_753303.pdf,1
organization,og0002,part of,organization,og0001,,Tender Notice_PDFs/RAJUK_Tender_753303.pdf,1
person,pp0010,invited tender,tender,753303,PD (Jhilmil),Tender Notice_PDFs/RAJUK_Tender_753303.pdf,1
organization,og0023,advertised,tender,753303,,Tender Notice_PDFs/RAJUK_Tender_753303.pdf,1
tender,753303,belongs to project,project,pr0017,,Tender Notice_PDFs/RAJUK_Tender_753303.pdf,1
organization,og0023,part of,organization,og0002,,Tender Notice_PDFs/RAJUK_Tender_753305.pdf,1
organization,og0002,part of,organization,og0001,,Tender Notice_PDFs/RAJUK_Tender_753305.pdf,1
person,pp0010,invited tender,tender,753305,PD (Jhilmil),Tender Notice_PDFs/RAJUK_Tender_753305.pdf,1
organization,og0023,advertised,tender,753305,,Tender Notice_PDFs/RAJUK_Tender_753305.pdf,1
tender,753305,belongs to project,project,pr0017,,Tender Notice_PDFs/RAJUK_Tender_753305.pdf,1
organization,og0023,part of,organization,og0002,,Tender Notice_PDFs/RAJUK_Tender_753306.pdf,1
organization,og0002,part of,organization,og0001,,Tender Notice_PDFs/RAJUK_Tender_753306.pdf,1
person,pp0010,invited tender,tender,753306,PD (Jhilmil),Tender Notice_PDFs/RAJUK_Tender_753306.pdf,1
organization,og0023,advertised,tender,753306,,Tender Notice_PDFs/RAJUK_Tender_753306.pdf,1
tender,753306,belongs to project,project,pr0017,,Tender Notice_PDFs/RAJUK_Tender_753306.pdf,1
organization,og0023,part of,organization,og0002,,Tender Notice_PDFs/RAJUK_Tender_753307.pdf,1
organization,og0002,part of,organization,og0001,,Tender Notice_PDFs/RAJUK_Tender_753307.pdf,1
person,pp0010,invited tender,tender,753307,PD (Jhilmil),Tender Notice_PDFs/RAJUK_Tender_753307.pdf,1
organization,og0023,advertised,tender,753307,,Tender Notice_PDFs/RAJUK_Tender_753307.pdf,1
tender,753307,belongs to project,project,pr0017,,Tender Notice_PDFs/RAJUK_Tender_753307.pdf,1
organization,og0023,part of,organization,og0002,,Tender Notice_PDFs/RAJUK_Tender_753308.pdf,1
organization,og0002,part of,organization,og0001,,Tender Notice_PDFs/RAJUK_Tender_753308.pdf,1
person,pp0010,invited tender,tender,753308,PD (Jhilmil),Tender Notice_PDFs/RAJUK_Tender_753308.pdf,1
organization,og0023,advertised,tender,753308,,Tender Notice_PDFs/RAJUK_Tender_753308.pdf,1
tender,753308,belongs to project,project,pr0017,,Tender Notice_PDFs/RAJUK_Tender_753308.pdf,1
organization,og0023,part of,organization,og0002,,Tender Notice_PDFs/RAJUK_Tender_753309.pdf,1
organization,og0002,part of,organization,og0001,,Tender Notice_PDFs/RAJUK_Tender_753309.pdf,1
person,pp0010,invited tender,tender,753309,PD (Jhilmil),Tender Notice_PDFs/RAJUK_Tender_753309.pdf,1
organization,og0023,advertised,tender,753309,,Tender Notice_PDFs/RAJUK_Tender_753309.pdf,1
tender,753309,belongs to project,project,pr0017,,Tender Notice_PDFs/RAJUK_Tender_753309.pdf,1
organization,og0023,part of,organization,og0002,,Tender Notice_PDFs/RAJUK_Tender_753310.pdf,1
organization,og0002,part of,organization,og0001,,Tender Notice_PDFs/RAJUK_Tender_753310.pdf,1
person,pp0010,invited tender,tender,753310,PD (Jhilmil),Tender Notice_PDFs/RAJUK_Tender_753310.pdf,1
organization,og0023,advertised,tender,753310,,Tender Notice_PDFs/RAJUK_Tender_753310.pdf,1
tender,753310,belongs to project,project,pr0017,,Tender Notice_PDFs/RAJUK_Tender_753310.pdf,1
organization,og0023,part of,organization,og0002,,Tender Notice_PDFs/RAJUK_Tender_753311.pdf,1
organization,og0002,part of,organization,og0001,,Tender Notice_PDFs/RAJUK_Tender_753311.pdf,1
person,pp0010,invited tender,tender,753311,PD (Jhilmil),Tender Notice_PDFs/RAJUK_Tender_753311.pdf,1
organization,og0023,advertised,tender,753311,,Tender Notice_PDFs/RAJUK_Tender_753311.pdf,1
tender,753311,belongs to project,project,pr0017,,Tender Notice_PDFs/RAJUK_Tender_753311.pdf,1
organization,og0023,part of,organization,og0002,,Tender Notice_PDFs/RAJUK_Tender_753312.pdf,1
organization,og0002,part of,organization,og0001,,Tender Notice_PDFs/RAJUK_Tender_753312.pdf,1
person,pp0010,invited tender,tender,753312,PD (Jhilmil),Tender Notice_PDFs/RAJUK_Tender_753312.pdf,1
organization,og0023,advertised,tender,753312,,Tender Notice_PDFs/RAJUK_Tender_753312.pdf,1
tender,753312,belongs to project,project,pr0017,,Tender Notice_PDFs/RAJUK_Tender_753312.pdf,1
organization,og0012,part of,organization,og0002,,Tender Notice_PDFs/RAJUK_Tender_755031.pdf,1
organization,og0002,part of,organization,og0001,,Tender Notice_PDFs/RAJUK_Tender_755031.pdf,1
person,pp0004,invited tender,tender,755031,PD (Uttara Appartment),Tender Notice_PDFs/RAJUK_Tender_755031.pdf,1
organization,og0012,advertised,tender,755031,,Tender Notice_PDFs/RAJUK_Tender_755031.pdf,1
tender,755031,belongs to project,project,pr0093,,Tender Notice_PDFs/RAJUK_Tender_755031.pdf,1
organization,og0011,part of,organization,og0002,,Tender Notice_PDFs/RAJUK_Tender_755274.pdf,1
organization,og0002,part of,organization,og0001,,Tender Notice_PDFs/RAJUK_Tender_755274.pdf,1
person,pp0010,invited tender,tender,755274,Sup. Eng. (Elec.),Tender Notice_PDFs/RAJUK_Tender_755274.pdf,1
organization,og0011,advertised,tender,755274,,Tender Notice_PDFs/RAJUK_Tender_755274.pdf,1
tender,755274,belongs to project,project,pr0018,,Tender Notice_PDFs/RAJUK_Tender_755274.pdf,1
organization,og0008,part of,organization,og0002,,Tender Notice_PDFs/RAJUK_Tender_755479.pdf,1
organization,og0002,part of,organization,og0001,,Tender Notice_PDFs/RAJUK_Tender_755479.pdf,1
person,pp0010,invited tender,tender,755479,Sup. Eng. (Mechanical),Tender Notice_PDFs/RAJUK_Tender_755479.pdf,1
organization,og0008,advertised,tender,755479,,Tender Notice_PDFs/RAJUK_Tender_755479.pdf,1
tender,755479,belongs to project,project,pr0004,,Tender Notice_PDFs/RAJUK_Tender_755479.pdf,1
organization,og0008,part of,organization,og0002,,Tender Notice_PDFs/RAJUK_Tender_756104.pdf,1
organization,og0002,part of,organization,og0001,,Tender Notice_PDFs/RAJUK_Tender_756104.pdf,1
person,pp0010,invited tender,tender,756104,Sup. Eng. (Mechanical),Tender Notice_PDFs/RAJUK_Tender_756104.pdf,1
organization,og0008,advertised,tender,756104,,Tender Notice_PDFs/RAJUK_Tender_756104.pdf,1
tender,756104,belongs to project,project,pr0004,,Tender Notice_PDFs/RAJUK_Tender_756104.pdf,1
organization,og0012,part of,organization,og0002,,Tender Notice_PDFs/RAJUK_Tender_770668.pdf,1
organization,og0002,part of,organization,og0001,,Tender Notice_PDFs/RAJUK_Tender_770668.pdf,1
person,pp0004,invited tender,tender,770668,PD (Uttara Appartment),Tender Notice_PDFs/RAJUK_Tender_770668.pdf,1
organization,og0012,advertised,tender,770668,,Tender Notice_PDFs/RAJUK_Tender_770668.pdf,1
tender,770668,belongs to project,project,pr0093,,Tender Notice_PDFs/RAJUK_Tender_770668.pdf,1
organization,og0012,part of,organization,og0002,,Tender Notice_PDFs/RAJUK_Tender_770669.pdf,1
organization,og0002,part of,organization,og0001,,Tender Notice_PDFs/RAJUK_Tender_770669.pdf,1
person,pp0004,invited tender,tender,770669,PD (Uttara Appartment),Tender Notice_PDFs/RAJUK_Tender_770669.pdf,1
organization,og0012,advertised,tender,770669,,Tender Notice_PDFs/RAJUK_Tender_770669.pdf,1
tender,770669,belongs to project,project,pr0093,,Tender Notice_PDFs/RAJUK_Tender_770669.pdf,1
organization,og0006,part of,organization,og0002,,Tender Notice_PDFs/RAJUK_Tender_775169.pdf,1
organization,og0002,part of,organization,og0001,,Tender Notice_PDFs/RAJUK_Tender_775169.pdf,1
person,pp0003,invited tender,tender,775169,PD (9apt),Tender Notice_PDFs/RAJUK_Tender_775169.pdf,1
organization,og0006,advertised,tender,775169,,Tender Notice_PDFs/RAJUK_Tender_775169.pdf,1
tender,775169,belongs to project,project,pr0093,,Tender Notice_PDFs/RAJUK_Tender_775169.pdf,1
organization,og0012,part of,organization,og0002,,Tender Notice_PDFs/RAJUK_Tender_775307.pdf,1
organization,og0002,part of,organization,og0001,,Tender Notice_PDFs/RAJUK_Tender_775307.pdf,1
person,pp0004,invited tender,tender,775307,PD (Uttara Appartment),Tender Notice_PDFs/RAJUK_Tender_775307.pdf,1
organization,og0012,advertised,tender,775307,,Tender Notice_PDFs/RAJUK_Tender_775307.pdf,1
tender,775307,belongs to project,project,pr0093,,Tender Notice_PDFs/RAJUK_Tender_775307.pdf,1
organization,og0012,part of,organization,og0002,,Tender Notice_PDFs/RAJUK_Tender_775309.pdf,1
organization,og0002,part of,organization,og0001,,Tender Notice_PDFs/RAJUK_Tender_775309.pdf,1
person,pp0004,invited tender,tender,775309,PD (Uttara Appartment),Tender Notice_PDFs/RAJUK_Tender_775309.pdf,1
organization,og0012,advertised,tender,775309,,Tender Notice_PDFs/RAJUK_Tender_775309.pdf,1
tender,775309,belongs to project,project,pr0093,,Tender Notice_PDFs/RAJUK_Tender_775309.pdf,1
organization,og0012,part of,organization,og0002,,Tender Notice_PDFs/RAJUK_Tender_775518.pdf,1
organization,og0002,part of,organization,og0001,,Tender Notice_PDFs/RAJUK_Tender_775518.pdf,1
person,pp0004,invited tender,tender,775518,PD (Uttara Appartment),Tender Notice_PDFs/RAJUK_Tender_775518.pdf,1
organization,og0012,advertised,tender,775518,,Tender Notice_PDFs/RAJUK_Tender_775518.pdf,1
tender,775518,belongs to project,project,pr0093,,Tender Notice_PDFs/RAJUK_Tender_775518.pdf,1
organization,og0015,part of,organization,og0002,,Tender Notice_PDFs/RAJUK_Tender_778651.pdf,1
organization,og0002,part of,organization,og0001,,Tender Notice_PDFs/RAJUK_Tender_778651.pdf,1
person,pp0116,invited tender,tender,778651,Project Director,Tender Notice_PDFs/RAJUK_Tender_778651.pdf,1
organization,og0015,advertised,tender,778651,,Tender Notice_PDFs/RAJUK_Tender_778651.pdf,1
tender,778651,belongs to project,project,pr0009,,Tender Notice_PDFs/RAJUK_Tender_778651.pdf,1
organization,og0015,part of,organization,og0002,,Tender Notice_PDFs/RAJUK_Tender_778652.pdf,1
organization,og0002,part of,organization,og0001,,Tender Notice_PDFs/RAJUK_Tender_778652.pdf,1
person,pp0116,invited tender,tender,778652,Project Director,Tender Notice_PDFs/RAJUK_Tender_778652.pdf,1
organization,og0015,advertised,tender,778652,,Tender Notice_PDFs/RAJUK_Tender_778652.pdf,1
tender,778652,belongs to project,project,pr0009,,Tender Notice_PDFs/RAJUK_Tender_778652.pdf,1
organization,og0015,part of,organization,og0002,,Tender Notice_PDFs/RAJUK_Tender_778653.pdf,1
organization,og0002,part of,organization,og0001,,Tender Notice_PDFs/RAJUK_Tender_778653.pdf,1
person,pp0116,invited tender,tender,778653,Project Director,Tender Notice_PDFs/RAJUK_Tender_778653.pdf,1
organization,og0015,advertised,tender,778653,,Tender Notice_PDFs/RAJUK_Tender_778653.pdf,1
tender,778653,belongs to project,project,pr0009,,Tender Notice_PDFs/RAJUK_Tender_778653.pdf,1
organization,og0012,part of,organization,og0002,,Tender Notice_PDFs/RAJUK_Tender_788086.pdf,1
organization,og0002,part of,organization,og0001,,Tender Notice_PDFs/RAJUK_Tender_788086.pdf,1
person,pp0004,invited tender,tender,788086,PD (Uttara Appartment),Tender Notice_PDFs/RAJUK_Tender_788086.pdf,1
organization,og0012,advertised,tender,788086,,Tender Notice_PDFs/RAJUK_Tender_788086.pdf,1
tender,788086,belongs to project,project,pr0093,,Tender Notice_PDFs/RAJUK_Tender_788086.pdf,1
organization,og0015,part of,organization,og0002,,Tender Notice_PDFs/RAJUK_Tender_789917.pdf,1
organization,og0002,part of,organization,og0001,,Tender Notice_PDFs/RAJUK_Tender_789917.pdf,1
person,pp0116,invited tender,tender,789917,Project Director,Tender Notice_PDFs/RAJUK_Tender_789917.pdf,1
organization,og0015,advertised,tender,789917,,Tender Notice_PDFs/RAJUK_Tender_789917.pdf,1
tender,789917,belongs to project,project,pr0009,,Tender Notice_PDFs/RAJUK_Tender_789917.pdf,1
organization,og0015,part of,organization,og0002,,Tender Notice_PDFs/RAJUK_Tender_789918.pdf,1
organization,og0002,part of,organization,og0001,,Tender Notice_PDFs/RAJUK_Tender_789918.pdf,1
person,pp0116,invited tender,tender,789918,Project Director,Tender Notice_PDFs/RAJUK_Tender_789918.pdf,1
organization,og0015,advertised,tender,789918,,Tender Notice_PDFs/RAJUK_Tender_789918.pdf,1
tender,789918,belongs to project,project,pr0009,,Tender Notice_PDFs/RAJUK_Tender_789918.pdf,1
organization,og0015,part of,organization,og0002,,Tender Notice_PDFs/RAJUK_Tender_789920.pdf,1
organization,og0002,part of,organization,og0001,,Tender Notice_PDFs/RAJUK_Tender_789920.pdf,1
person,pp0116,invited tender,tender,789920,Project Director,Tender Notice_PDFs/RAJUK_Tender_789920.pdf,1
organization,og0015,advertised,tender,789920,,Tender Notice_PDFs/RAJUK_Tender_789920.pdf,1
tender,789920,belongs to project,project,pr0009,,Tender Notice_PDFs/RAJUK_Tender_789920.pdf,1
organization,og0015,part of,organization,og0002,,Tender Notice_PDFs/RAJUK_Tender_789921.pdf,1
organization,og0002,part of,organization,og0001,,Tender Notice_PDFs/RAJUK_Tender_789921.pdf,1
person,pp0116,invited tender,tender,789921,Project Director,Tender Notice_PDFs/RAJUK_Tender_789921.pdf,1
organization,og0015,advertised,tender,789921,,Tender Notice_PDFs/RAJUK_Tender_789921.pdf,1
tender,789921,belongs to project,project,pr0009,,Tender Notice_PDFs/RAJUK_Tender_789921.pdf,1
organization,og0015,part of,organization,og0002,,Tender Notice_PDFs/RAJUK_Tender_789948.pdf,1
organization,og0002,part of,organization,og0001,,Tender Notice_PDFs/RAJUK_Tender_789948.pdf,1
person,pp0116,invited tender,tender,789948,Project Director,Tender Notice_PDFs/RAJUK_Tender_789948.pdf,1
organization,og0015,advertised,tender,789948,,Tender Notice_PDFs/RAJUK_Tender_789948.pdf,1
tender,789948,belongs to project,project,pr0009,,Tender Notice_PDFs/RAJUK_Tender_789948.pdf,1
organization,og0003,part of,organization,og0002,,Tender Notice_PDFs/RAJUK_Tender_792327.pdf,1
organization,og0002,part of,organization,og0001,,Tender Notice_PDFs/RAJUK_Tender_792327.pdf,1
person,pp0099,invited tender,tender,792327,Superintending Engineer,Tender Notice_PDFs/RAJUK_Tender_792327.pdf,1
organization,og0003,advertised,tender,792327,,Tender Notice_PDFs/RAJUK_Tender_792327.pdf,1
tender,792327,belongs to project,project,pr0097,,Tender Notice_PDFs/RAJUK_Tender_792327.pdf,1
organization,og0014,part of,organization,og0002,,Tender Notice_PDFs/RAJUK_Tender_792351.pdf,1
organization,og0002,part of,organization,og0001,,Tender Notice_PDFs/RAJUK_Tender_792351.pdf,1
person,pp0009,invited tender,tender,792351,Superintending Engineer,Tender Notice_PDFs/RAJUK_Tender_792351.pdf,1
organization,og0014,advertised,tender,792351,,Tender Notice_PDFs/RAJUK_Tender_792351.pdf,1
tender,792351,belongs to project,project,pr0093,,Tender Notice_PDFs/RAJUK_Tender_792351.pdf,1
organization,og0032,part of,organization,og0002,,Tender Notice_PDFs/RAJUK_Tender_79261.pdf,1
organization,og0002,part of,organization,og0001,,Tender Notice_PDFs/RAJUK_Tender_79261.pdf,1
person,pp0053,invited tender,tender,79261,"Chief Engineer, Implementation",Tender Notice_PDFs/RAJUK_Tender_79261.pdf,1
organization,og0032,advertised,tender,79261,,Tender Notice_PDFs/RAJUK_Tender_79261.pdf,1
tender,79261,belongs to project,project,pr0104,,Tender Notice_PDFs/RAJUK_Tender_79261.pdf,1
organization,og0032,part of,organization,og0002,,Tender Notice_PDFs/RAJUK_Tender_79262.pdf,1
organization,og0002,part of,organization,og0001,,Tender Notice_PDFs/RAJUK_Tender_79262.pdf,1
person,pp0053,invited tender,tender,79262,"Chief Engineer, Implementation",Tender Notice_PDFs/RAJUK_Tender_79262.pdf,2
organization,og0032,advertised,tender,79262,,Tender Notice_PDFs/RAJUK_Tender_79262.pdf,1
tender,79262,belongs to project,project,pr0101,,Tender Notice_PDFs/RAJUK_Tender_79262.pdf,1
organization,og0032,part of,organization,og0002,,Tender Notice_PDFs/RAJUK_Tender_79395.pdf,1
organization,og0002,part of,organization,og0001,,Tender Notice_PDFs/RAJUK_Tender_79395.pdf,1
person,pp0053,invited tender,tender,79395,"Chief Engineer, Implementation",Tender Notice_PDFs/RAJUK_Tender_79395.pdf,2
organization,og0032,advertised,tender,79395,,Tender Notice_PDFs/RAJUK_Tender_79395.pdf,1
tender,79395,belongs to project,project,pr0101,,Tender Notice_PDFs/RAJUK_Tender_79395.pdf,1
organization,og0012,part of,organization,og0002,,Tender Notice_PDFs/RAJUK_Tender_796189.pdf,1
organization,og0002,part of,organization,og0001,,Tender Notice_PDFs/RAJUK_Tender_796189.pdf,1
person,pp0004,invited tender,tender,796189,PD (Uttara Appartment),Tender Notice_PDFs/RAJUK_Tender_796189.pdf,1
organization,og0012,advertised,tender,796189,,Tender Notice_PDFs/RAJUK_Tender_796189.pdf,1
tender,796189,belongs to project,project,pr0093,,Tender Notice_PDFs/RAJUK_Tender_796189.pdf,1
organization,og0012,part of,organization,og0002,,Tender Notice_PDFs/RAJUK_Tender_800104.pdf,1
organization,og0002,part of,organization,og0001,,Tender Notice_PDFs/RAJUK_Tender_800104.pdf,1
person,pp0004,invited tender,tender,800104,PD (Uttara Appartment),Tender Notice_PDFs/RAJUK_Tender_800104.pdf,1
organization,og0012,advertised,tender,800104,,Tender Notice_PDFs/RAJUK_Tender_800104.pdf,1
tender,800104,belongs to project,project,pr0093,,Tender Notice_PDFs/RAJUK_Tender_800104.pdf,1
organization,og0012,part of,organization,og0002,,Tender Notice_PDFs/RAJUK_Tender_800105.pdf,1
organization,og0002,part of,organization,og0001,,Tender Notice_PDFs/RAJUK_Tender_800105.pdf,1
person,pp0004,invited tender,tender,800105,PD (Uttara Appartment),Tender Notice_PDFs/RAJUK_Tender_800105.pdf,1
organization,og0012,advertised,tender,800105,,Tender Notice_PDFs/RAJUK_Tender_800105.pdf,1
tender,800105,belongs to project,project,pr0093,,Tender Notice_PDFs/RAJUK_Tender_800105.pdf,1
organization,og0032,part of,organization,og0002,,Tender Notice_PDFs/RAJUK_Tender_80585.pdf,1
organization,og0002,part of,organization,og0001,,Tender Notice_PDFs/RAJUK_Tender_80585.pdf,1
person,pp0053,invited tender,tender,80585,"Chief Engineer, Implementation",Tender Notice_PDFs/RAJUK_Tender_80585.pdf,2
organization,og0032,advertised,tender,80585,,Tender Notice_PDFs/RAJUK_Tender_80585.pdf,1
tender,80585,belongs to project,project,pr0101,,Tender Notice_PDFs/RAJUK_Tender_80585.pdf,1
organization,og0032,part of,organization,og0002,,Tender Notice_PDFs/RAJUK_Tender_80586.pdf,1
organization,og0002,part of,organization,og0001,,Tender Notice_PDFs/RAJUK_Tender_80586.pdf,1
person,pp0053,invited tender,tender,80586,"Chief Engineer, Implementation",Tender Notice_PDFs/RAJUK_Tender_80586.pdf,2
organization,og0032,advertised,tender,80586,,Tender Notice_PDFs/RAJUK_Tender_80586.pdf,1
tender,80586,belongs to project,project,pr0101,,Tender Notice_PDFs/RAJUK_Tender_80586.pdf,1
organization,og0015,part of,organization,og0002,,Tender Notice_PDFs/RAJUK_Tender_807901.pdf,1
organization,og0002,part of,organization,og0001,,Tender Notice_PDFs/RAJUK_Tender_807901.pdf,1
person,pp0116,invited tender,tender,807901,Project Director,Tender Notice_PDFs/RAJUK_Tender_807901.pdf,1
organization,og0015,advertised,tender,807901,,Tender Notice_PDFs/RAJUK_Tender_807901.pdf,1
tender,807901,belongs to project,project,pr0009,,Tender Notice_PDFs/RAJUK_Tender_807901.pdf,1
organization,og0015,part of,organization,og0002,,Tender Notice_PDFs/RAJUK_Tender_807902.pdf,1
organization,og0002,part of,organization,og0001,,Tender Notice_PDFs/RAJUK_Tender_807902.pdf,1
person,pp0116,invited tender,tender,807902,Project Director,Tender Notice_PDFs/RAJUK_Tender_807902.pdf,1
organization,og0015,advertised,tender,807902,,Tender Notice_PDFs/RAJUK_Tender_807902.pdf,1
tender,807902,belongs to project,project,pr0009,,Tender Notice_PDFs/RAJUK_Tender_807902.pdf,1
organization,og0015,part of,organization,og0002,,Tender Notice_PDFs/RAJUK_Tender_807903.pdf,1
organization,og0002,part of,organization,og0001,,Tender Notice_PDFs/RAJUK_Tender_807903.pdf,1
person,pp0116,invited tender,tender,807903,Project Director,Tender Notice_PDFs/RAJUK_Tender_807903.pdf,1
organization,og0015,advertised,tender,807903,,Tender Notice_PDFs/RAJUK_Tender_807903.pdf,1
tender,807903,belongs to project,project,pr0009,,Tender Notice_PDFs/RAJUK_Tender_807903.pdf,1
organization,og0015,part of,organization,og0002,,Tender Notice_PDFs/RAJUK_Tender_807938.pdf,1
organization,og0002,part of,organization,og0001,,Tender Notice_PDFs/RAJUK_Tender_807938.pdf,1
person,pp0116,invited tender,tender,807938,Project Director,Tender Notice_PDFs/RAJUK_Tender_807938.pdf,1
organization,og0015,advertised,tender,807938,,Tender Notice_PDFs/RAJUK_Tender_807938.pdf,1
tender,807938,belongs to project,project,pr0009,,Tender Notice_PDFs/RAJUK_Tender_807938.pdf,1
organization,og0012,part of,organization,og0002,,Tender Notice_PDFs/RAJUK_Tender_813704.pdf,1
organization,og0002,part of,organization,og0001,,Tender Notice_PDFs/RAJUK_Tender_813704.pdf,1
person,pp0004,invited tender,tender,813704,PD (Uttara Appartment),Tender Notice_PDFs/RAJUK_Tender_813704.pdf,1
organization,og0012,advertised,tender,813704,,Tender Notice_PDFs/RAJUK_Tender_813704.pdf,1
tender,813704,belongs to project,project,pr0093,,Tender Notice_PDFs/RAJUK_Tender_813704.pdf,1
organization,og0011,part of,organization,og0002,,Tender Notice_PDFs/RAJUK_Tender_825783.pdf,1
organization,og0002,part of,organization,og0001,,Tender Notice_PDFs/RAJUK_Tender_825783.pdf,1
person,pp0005,invited tender,tender,825783,Sup. Eng. (Elec.),Tender Notice_PDFs/RAJUK_Tender_825783.pdf,1
organization,og0011,advertised,tender,825783,,Tender Notice_PDFs/RAJUK_Tender_825783.pdf,1
tender,825783,belongs to project,project,pr0021,,Tender Notice_PDFs/RAJUK_Tender_825783.pdf,1
organization,og0011,part of,organization,og0002,,Tender Notice_PDFs/RAJUK_Tender_825901.pdf,1
organization,og0002,part of,organization,og0001,,Tender Notice_PDFs/RAJUK_Tender_825901.pdf,1
person,pp0005,invited tender,tender,825901,Sup. Eng. (Elec.),Tender Notice_PDFs/RAJUK_Tender_825901.pdf,1
organization,og0011,advertised,tender,825901,,Tender Notice_PDFs/RAJUK_Tender_825901.pdf,1
tender,825901,belongs to project,project,pr0098,,Tender Notice_PDFs/RAJUK_Tender_825901.pdf,1
organization,og0012,part of,organization,og0002,,Tender Notice_PDFs/RAJUK_Tender_826146.pdf,1
organization,og0002,part of,organization,og0001,,Tender Notice_PDFs/RAJUK_Tender_826146.pdf,1
person,pp0004,invited tender,tender,826146,PD (Uttara Appartment),Tender Notice_PDFs/RAJUK_Tender_826146.pdf,1
organization,og0012,advertised,tender,826146,,Tender Notice_PDFs/RAJUK_Tender_826146.pdf,1
tender,826146,belongs to project,project,pr0093,,Tender Notice_PDFs/RAJUK_Tender_826146.pdf,1
organization,og0015,part of,organization,og0002,,Tender Notice_PDFs/RAJUK_Tender_827548.pdf,1
organization,og0002,part of,organization,og0001,,Tender Notice_PDFs/RAJUK_Tender_827548.pdf,1
person,pp0116,invited tender,tender,827548,Project Director,Tender Notice_PDFs/RAJUK_Tender_827548.pdf,1
organization,og0015,advertised,tender,827548,,Tender Notice_PDFs/RAJUK_Tender_827548.pdf,1
tender,827548,belongs to project,project,pr0009,,Tender Notice_PDFs/RAJUK_Tender_827548.pdf,1
organization,og0011,part of,organization,og0002,,Tender Notice_PDFs/RAJUK_Tender_828053.pdf,1
organization,og0002,part of,organization,og0001,,Tender Notice_PDFs/RAJUK_Tender_828053.pdf,1
person,pp0005,invited tender,tender,828053,Sup. Eng. (Elec.),Tender Notice_PDFs/RAJUK_Tender_828053.pdf,1
organization,og0011,advertised,tender,828053,,Tender Notice_PDFs/RAJUK_Tender_828053.pdf,1
tender,828053,belongs to project,project,pr0020,,Tender Notice_PDFs/RAJUK_Tender_828053.pdf,1
organization,og0006,part of,organization,og0002,,Tender Notice_PDFs/RAJUK_Tender_829141.pdf,1
organization,og0002,part of,organization,og0001,,Tender Notice_PDFs/RAJUK_Tender_829141.pdf,1
person,pp0003,invited tender,tender,829141,PD (9apt),Tender Notice_PDFs/RAJUK_Tender_829141.pdf,1
organization,og0006,advertised,tender,829141,,Tender Notice_PDFs/RAJUK_Tender_829141.pdf,1
tender,829141,belongs to project,project,pr0093,,Tender Notice_PDFs/RAJUK_Tender_829141.pdf,1
organization,og0011,part of,organization,og0002,,Tender Notice_PDFs/RAJUK_Tender_832064.pdf,1
organization,og0002,part of,organization,og0001,,Tender Notice_PDFs/RAJUK_Tender_832064.pdf,1
person,pp0005,invited tender,tender,832064,Sup. Eng. (Elec.),Tender Notice_PDFs/RAJUK_Tender_832064.pdf,1
organization,og0011,advertised,tender,832064,,Tender Notice_PDFs/RAJUK_Tender_832064.pdf,1
tender,832064,belongs to project,project,pr0021,,Tender Notice_PDFs/RAJUK_Tender_832064.pdf,1
organization,og0011,part of,organization,og0002,,Tender Notice_PDFs/RAJUK_Tender_832070.pdf,1
organization,og0002,part of,organization,og0001,,Tender Notice_PDFs/RAJUK_Tender_832070.pdf,1
person,pp0005,invited tender,tender,832070,Sup. Eng. (Elec.),Tender Notice_PDFs/RAJUK_Tender_832070.pdf,2
organization,og0011,advertised,tender,832070,,Tender Notice_PDFs/RAJUK_Tender_832070.pdf,1
tender,832070,belongs to project,project,pr0084,,Tender Notice_PDFs/RAJUK_Tender_832070.pdf,1
organization,og0006,part of,organization,og0002,,Tender Notice_PDFs/RAJUK_Tender_840299.pdf,1
organization,og0002,part of,organization,og0001,,Tender Notice_PDFs/RAJUK_Tender_840299.pdf,1
person,pp0003,invited tender,tender,840299,PD (9apt),Tender Notice_PDFs/RAJUK_Tender_840299.pdf,1
organization,og0006,advertised,tender,840299,,Tender Notice_PDFs/RAJUK_Tender_840299.pdf,1
tender,840299,belongs to project,project,pr0093,,Tender Notice_PDFs/RAJUK_Tender_840299.pdf,1
organization,og0006,part of,organization,og0002,,Tender Notice_PDFs/RAJUK_Tender_842165.pdf,1
organization,og0002,part of,organization,og0001,,Tender Notice_PDFs/RAJUK_Tender_842165.pdf,1
person,pp0003,invited tender,tender,842165,PD (9apt),Tender Notice_PDFs/RAJUK_Tender_842165.pdf,1
organization,og0006,advertised,tender,842165,,Tender Notice_PDFs/RAJUK_Tender_842165.pdf,1
tender,842165,belongs to project,project,pr0093,,Tender Notice_PDFs/RAJUK_Tender_842165.pdf,1
organization,og0032,part of,organization,og0002,,Tender Notice_PDFs/RAJUK_Tender_85344.pdf,1
organization,og0002,part of,organization,og0001,,Tender Notice_PDFs/RAJUK_Tender_85344.pdf,1
person,pp0053,invited tender,tender,85344,"Chief Engineer, Implementation",Tender Notice_PDFs/RAJUK_Tender_85344.pdf,1
organization,og0032,advertised,tender,85344,,Tender Notice_PDFs/RAJUK_Tender_85344.pdf,1
tender,85344,belongs to project,project,pr0035,,Tender Notice_PDFs/RAJUK_Tender_85344.pdf,1
organization,og0008,part of,organization,og0002,,Tender Notice_PDFs/RAJUK_Tender_854205.pdf,1
organization,og0002,part of,organization,og0001,,Tender Notice_PDFs/RAJUK_Tender_854205.pdf,1
person,pp0005,invited tender,tender,854205,Sup. Eng. (Mechanical),Tender Notice_PDFs/RAJUK_Tender_854205.pdf,1
organization,og0008,advertised,tender,854205,,Tender Notice_PDFs/RAJUK_Tender_854205.pdf,1
tender,854205,belongs to project,project,pr0028,,Tender Notice_PDFs/RAJUK_Tender_854205.pdf,1
organization,og0006,part of,organization,og0002,,Tender Notice_PDFs/RAJUK_Tender_857646.pdf,1
organization,og0002,part of,organization,og0001,,Tender Notice_PDFs/RAJUK_Tender_857646.pdf,1
person,pp0003,invited tender,tender,857646,PD (9apt),Tender Notice_PDFs/RAJUK_Tender_857646.pdf,1
organization,og0006,advertised,tender,857646,,Tender Notice_PDFs/RAJUK_Tender_857646.pdf,1
tender,857646,belongs to project,project,pr0093,,Tender Notice_PDFs/RAJUK_Tender_857646.pdf,1
organization,og0015,part of,organization,og0002,,Tender Notice_PDFs/RAJUK_Tender_858747.pdf,1
organization,og0002,part of,organization,og0001,,Tender Notice_PDFs/RAJUK_Tender_858747.pdf,1
person,pp0116,invited tender,tender,858747,Project Director,Tender Notice_PDFs/RAJUK_Tender_858747.pdf,2
organization,og0015,advertised,tender,858747,,Tender Notice_PDFs/RAJUK_Tender_858747.pdf,1
tender,858747,belongs to project,project,pr0009,,Tender Notice_PDFs/RAJUK_Tender_858747.pdf,1
organization,og0012,part of,organization,og0002,,Tender Notice_PDFs/RAJUK_Tender_860503.pdf,1
organization,og0002,part of,organization,og0001,,Tender Notice_PDFs/RAJUK_Tender_860503.pdf,1
person,pp0004,invited tender,tender,860503,PD (Uttara Appartment),Tender Notice_PDFs/RAJUK_Tender_860503.pdf,1
organization,og0012,advertised,tender,860503,,Tender Notice_PDFs/RAJUK_Tender_860503.pdf,1
tender,860503,belongs to project,project,pr0093,,Tender Notice_PDFs/RAJUK_Tender_860503.pdf,1
organization,og0007,part of,organization,og0002,,Tender Notice_PDFs/RAJUK_Tender_860528.pdf,1
organization,og0002,part of,organization,og0001,,Tender Notice_PDFs/RAJUK_Tender_860528.pdf,1
person,pp0004,invited tender,tender,860528,Superintending Engineer,Tender Notice_PDFs/RAJUK_Tender_860528.pdf,1
organization,og0007,advertised,tender,860528,,Tender Notice_PDFs/RAJUK_Tender_860528.pdf,1
tender,860528,belongs to project,project,pr0093,,Tender Notice_PDFs/RAJUK_Tender_860528.pdf,1
organization,og0036,part of,organization,og0002,,Tender Notice_PDFs/RAJUK_Tender_86290.pdf,1
organization,og0002,part of,organization,og0001,,Tender Notice_PDFs/RAJUK_Tender_86290.pdf,1
person,pp0025,invited tender,tender,86290,"Chief Engineer, Project & Design",Tender Notice_PDFs/RAJUK_Tender_86290.pdf,2
organization,og0036,advertised,tender,86290,,Tender Notice_PDFs/RAJUK_Tender_86290.pdf,1
tender,86290,belongs to project,project,pr0050,,Tender Notice_PDFs/RAJUK_Tender_86290.pdf,1
organization,og0025,part of,organization,og0002,,Tender Notice_PDFs/RAJUK_Tender_865422.pdf,1
organization,og0002,part of,organization,og0001,,Tender Notice_PDFs/RAJUK_Tender_865422.pdf,1
person,pp0118,invited tender,tender,865422,Director (Admin),Tender Notice_PDFs/RAJUK_Tender_865422.pdf,1
organization,og0025,advertised,tender,865422,,Tender Notice_PDFs/RAJUK_Tender_865422.pdf,1
tender,865422,belongs to project,project,pr0093,,Tender Notice_PDFs/RAJUK_Tender_865422.pdf,1
organization,og0025,part of,organization,og0002,,Tender Notice_PDFs/RAJUK_Tender_865423.pdf,1
organization,og0002,part of,organization,og0001,,Tender Notice_PDFs/RAJUK_Tender_865423.pdf,1
person,pp0118,invited tender,tender,865423,Director (Admin),Tender Notice_PDFs/RAJUK_Tender_865423.pdf,1
organization,og0025,advertised,tender,865423,,Tender Notice_PDFs/RAJUK_Tender_865423.pdf,1
tender,865423,belongs to project,project,pr0093,,Tender Notice_PDFs/RAJUK_Tender_865423.pdf,1
organization,og0015,part of,organization,og0002,,Tender Notice_PDFs/RAJUK_Tender_870250.pdf,1
organization,og0002,part of,organization,og0001,,Tender Notice_PDFs/RAJUK_Tender_870250.pdf,1
person,pp0116,invited tender,tender,870250,Project Director,Tender Notice_PDFs/RAJUK_Tender_870250.pdf,1
organization,og0015,advertised,tender,870250,,Tender Notice_PDFs/RAJUK_Tender_870250.pdf,1
tender,870250,belongs to project,project,pr0009,,Tender Notice_PDFs/RAJUK_Tender_870250.pdf,1
organization,og0015,part of,organization,og0002,,Tender Notice_PDFs/RAJUK_Tender_870251.pdf,1
organization,og0002,part of,organization,og0001,,Tender Notice_PDFs/RAJUK_Tender_870251.pdf,1
person,pp0116,invited tender,tender,870251,Project Director,Tender Notice_PDFs/RAJUK_Tender_870251.pdf,1
organization,og0015,advertised,tender,870251,,Tender Notice_PDFs/RAJUK_Tender_870251.pdf,1
tender,870251,belongs to project,project,pr0009,,Tender Notice_PDFs/RAJUK_Tender_870251.pdf,1
organization,og0015,part of,organization,og0002,,Tender Notice_PDFs/RAJUK_Tender_870252.pdf,1
organization,og0002,part of,organization,og0001,,Tender Notice_PDFs/RAJUK_Tender_870252.pdf,1
person,pp0116,invited tender,tender,870252,Project Director,Tender Notice_PDFs/RAJUK_Tender_870252.pdf,1
organization,og0015,advertised,tender,870252,,Tender Notice_PDFs/RAJUK_Tender_870252.pdf,1
tender,870252,belongs to project,project,pr0009,,Tender Notice_PDFs/RAJUK_Tender_870252.pdf,1
organization,og0014,part of,organization,og0002,,Tender Notice_PDFs/RAJUK_Tender_870258.pdf,1
organization,og0002,part of,organization,og0001,,Tender Notice_PDFs/RAJUK_Tender_870258.pdf,1
person,pp0009,invited tender,tender,870258,Superintending Engineer,Tender Notice_PDFs/RAJUK_Tender_870258.pdf,1
organization,og0014,advertised,tender,870258,,Tender Notice_PDFs/RAJUK_Tender_870258.pdf,1
tender,870258,belongs to project,project,pr0011,,Tender Notice_PDFs/RAJUK_Tender_870258.pdf,1
organization,og0014,part of,organization,og0002,,Tender Notice_PDFs/RAJUK_Tender_870259.pdf,1
organization,og0002,part of,organization,og0001,,Tender Notice_PDFs/RAJUK_Tender_870259.pdf,1
person,pp0009,invited tender,tender,870259,Superintending Engineer,Tender Notice_PDFs/RAJUK_Tender_870259.pdf,1
organization,og0014,advertised,tender,870259,,Tender Notice_PDFs/RAJUK_Tender_870259.pdf,1
tender,870259,belongs to project,project,pr0011,,Tender Notice_PDFs/RAJUK_Tender_870259.pdf,1
organization,og0014,part of,organization,og0002,,Tender Notice_PDFs/RAJUK_Tender_870260.pdf,1
organization,og0002,part of,organization,og0001,,Tender Notice_PDFs/RAJUK_Tender_870260.pdf,1
person,pp0009,invited tender,tender,870260,Superintending Engineer,Tender Notice_PDFs/RAJUK_Tender_870260.pdf,1
organization,og0014,advertised,tender,870260,,Tender Notice_PDFs/RAJUK_Tender_870260.pdf,1
tender,870260,belongs to project,project,pr0011,,Tender Notice_PDFs/RAJUK_Tender_870260.pdf,1
organization,og0014,part of,organization,og0002,,Tender Notice_PDFs/RAJUK_Tender_870261.pdf,1
organization,og0002,part of,organization,og0001,,Tender Notice_PDFs/RAJUK_Tender_870261.pdf,1
person,pp0009,invited tender,tender,870261,Superintending Engineer,Tender Notice_PDFs/RAJUK_Tender_870261.pdf,1
organization,og0014,advertised,tender,870261,,Tender Notice_PDFs/RAJUK_Tender_870261.pdf,1
tender,870261,belongs to project,project,pr0011,,Tender Notice_PDFs/RAJUK_Tender_870261.pdf,1
organization,og0006,part of,organization,og0002,,Tender Notice_PDFs/RAJUK_Tender_879523.pdf,1
organization,og0002,part of,organization,og0001,,Tender Notice_PDFs/RAJUK_Tender_879523.pdf,1
person,pp0003,invited tender,tender,879523,PD (9apt),Tender Notice_PDFs/RAJUK_Tender_879523.pdf,1
organization,og0006,advertised,tender,879523,,Tender Notice_PDFs/RAJUK_Tender_879523.pdf,1
tender,879523,belongs to project,project,pr0093,,Tender Notice_PDFs/RAJUK_Tender_879523.pdf,1
organization,og0025,part of,organization,og0002,,Tender Notice_PDFs/RAJUK_Tender_882631.pdf,1
organization,og0002,part of,organization,og0001,,Tender Notice_PDFs/RAJUK_Tender_882631.pdf,1
person,pp0118,invited tender,tender,882631,Director (Admin),Tender Notice_PDFs/RAJUK_Tender_882631.pdf,1
organization,og0025,advertised,tender,882631,,Tender Notice_PDFs/RAJUK_Tender_882631.pdf,1
tender,882631,belongs to project,project,pr0093,,Tender Notice_PDFs/RAJUK_Tender_882631.pdf,1
organization,og0025,part of,organization,og0002,,Tender Notice_PDFs/RAJUK_Tender_882632.pdf,1
organization,og0002,part of,organization,og0001,,Tender Notice_PDFs/RAJUK_Tender_882632.pdf,1
person,pp0118,invited tender,tender,882632,Director (Admin),Tender Notice_PDFs/RAJUK_Tender_882632.pdf,1
organization,og0025,advertised,tender,882632,,Tender Notice_PDFs/RAJUK_Tender_882632.pdf,1
tender,882632,belongs to project,project,pr0093,,Tender Notice_PDFs/RAJUK_Tender_882632.pdf,1
organization,og0008,part of,organization,og0002,,Tender Notice_PDFs/RAJUK_Tender_887587.pdf,1
organization,og0002,part of,organization,og0001,,Tender Notice_PDFs/RAJUK_Tender_887587.pdf,1
person,pp0005,invited tender,tender,887587,Sup. Eng. (Mechanical),Tender Notice_PDFs/RAJUK_Tender_887587.pdf,1
organization,og0008,advertised,tender,887587,,Tender Notice_PDFs/RAJUK_Tender_887587.pdf,1
tender,887587,belongs to project,project,pr0004,,Tender Notice_PDFs/RAJUK_Tender_887587.pdf,1
organization,og0008,part of,organization,og0002,,Tender Notice_PDFs/RAJUK_Tender_887588.pdf,1
organization,og0002,part of,organization,og0001,,Tender Notice_PDFs/RAJUK_Tender_887588.pdf,1
person,pp0005,invited tender,tender,887588,Sup. Eng. (Mechanical),Tender Notice_PDFs/RAJUK_Tender_887588.pdf,1
organization,og0008,advertised,tender,887588,,Tender Notice_PDFs/RAJUK_Tender_887588.pdf,1
tender,887588,belongs to project,project,pr0004,,Tender Notice_PDFs/RAJUK_Tender_887588.pdf,1
organization,og0008,part of,organization,og0002,,Tender Notice_PDFs/RAJUK_Tender_887589.pdf,1
organization,og0002,part of,organization,og0001,,Tender Notice_PDFs/RAJUK_Tender_887589.pdf,1
person,pp0005,invited tender,tender,887589,Sup. Eng. (Mechanical),Tender Notice_PDFs/RAJUK_Tender_887589.pdf,1
organization,og0008,advertised,tender,887589,,Tender Notice_PDFs/RAJUK_Tender_887589.pdf,1
tender,887589,belongs to project,project,pr0004,,Tender Notice_PDFs/RAJUK_Tender_887589.pdf,1
organization,og0011,part of,organization,og0002,,Tender Notice_PDFs/RAJUK_Tender_888738.pdf,1
organization,og0002,part of,organization,og0001,,Tender Notice_PDFs/RAJUK_Tender_888738.pdf,1
person,pp0005,invited tender,tender,888738,Sup. Eng. (Elec.),Tender Notice_PDFs/RAJUK_Tender_888738.pdf,2
organization,og0011,advertised,tender,888738,,Tender Notice_PDFs/RAJUK_Tender_888738.pdf,1
tender,888738,belongs to project,project,pr0084,,Tender Notice_PDFs/RAJUK_Tender_888738.pdf,1
organization,og0011,part of,organization,og0002,,Tender Notice_PDFs/RAJUK_Tender_888828.pdf,1
organization,og0002,part of,organization,og0001,,Tender Notice_PDFs/RAJUK_Tender_888828.pdf,1
person,pp0005,invited tender,tender,888828,Sup. Eng. (Elec.),Tender Notice_PDFs/RAJUK_Tender_888828.pdf,1
organization,og0011,advertised,tender,888828,,Tender Notice_PDFs/RAJUK_Tender_888828.pdf,1
tender,888828,belongs to project,project,pr0098,,Tender Notice_PDFs/RAJUK_Tender_888828.pdf,1
organization,og0014,part of,organization,og0002,,Tender Notice_PDFs/RAJUK_Tender_889937.pdf,1
organization,og0002,part of,organization,og0001,,Tender Notice_PDFs/RAJUK_Tender_889937.pdf,1
person,pp0009,invited tender,tender,889937,Superintending Engineer,Tender Notice_PDFs/RAJUK_Tender_889937.pdf,1
organization,og0014,advertised,tender,889937,,Tender Notice_PDFs/RAJUK_Tender_889937.pdf,1
tender,889937,belongs to project,project,pr0011,,Tender Notice_PDFs/RAJUK_Tender_889937.pdf,1
organization,og0014,part of,organization,og0002,,Tender Notice_PDFs/RAJUK_Tender_889938.pdf,1
organization,og0002,part of,organization,og0001,,Tender Notice_PDFs/RAJUK_Tender_889938.pdf,1
person,pp0009,invited tender,tender,889938,Superintending Engineer,Tender Notice_PDFs/RAJUK_Tender_889938.pdf,1
organization,og0014,advertised,tender,889938,,Tender Notice_PDFs/RAJUK_Tender_889938.pdf,1
tender,889938,belongs to project,project,pr0093,,Tender Notice_PDFs/RAJUK_Tender_889938.pdf,1
organization,og0032,part of,organization,og0002,,Tender Notice_PDFs/RAJUK_Tender_89106.pdf,1
organization,og0002,part of,organization,og0001,,Tender Notice_PDFs/RAJUK_Tender_89106.pdf,1
person,pp0053,invited tender,tender,89106,"Chief Engineer, Implementation",Tender Notice_PDFs/RAJUK_Tender_89106.pdf,1
organization,og0032,advertised,tender,89106,,Tender Notice_PDFs/RAJUK_Tender_89106.pdf,1
tender,89106,belongs to project,project,pr0079,,Tender Notice_PDFs/RAJUK_Tender_89106.pdf,1
organization,og0011,part of,organization,og0002,,Tender Notice_PDFs/RAJUK_Tender_891746.pdf,1
organization,og0002,part of,organization,og0001,,Tender Notice_PDFs/RAJUK_Tender_891746.pdf,1
person,pp0005,invited tender,tender,891746,Sup. Eng. (Elec.),Tender Notice_PDFs/RAJUK_Tender_891746.pdf,1
organization,og0011,advertised,tender,891746,,Tender Notice_PDFs/RAJUK_Tender_891746.pdf,1
tender,891746,belongs to project,project,pr0013,,Tender Notice_PDFs/RAJUK_Tender_891746.pdf,1
organization,og0110,part of,organization,og0109,,Tender Notice_PDFs/RAJUK_Tender_89768.pdf,1
organization,og0109,part of,organization,og0094,,Tender Notice_PDFs/RAJUK_Tender_89768.pdf,1
person,pp0119,invited tender,tender,89768,Executive Engineer,Tender Notice_PDFs/RAJUK_Tender_89768.pdf,1
organization,og0110,advertised,tender,89768,,Tender Notice_PDFs/RAJUK_Tender_89768.pdf,1
tender,89768,belongs to project,project,pr0085,,Tender Notice_PDFs/RAJUK_Tender_89768.pdf,1
organization,og0032,part of,organization,og0002,,Tender Notice_PDFs/RAJUK_Tender_89828.pdf,1
organization,og0002,part of,organization,og0001,,Tender Notice_PDFs/RAJUK_Tender_89828.pdf,1
person,pp0053,invited tender,tender,89828,"Chief Engineer, Implementation",Tender Notice_PDFs/RAJUK_Tender_89828.pdf,2
organization,og0032,advertised,tender,89828,,Tender Notice_PDFs/RAJUK_Tender_89828.pdf,1
tender,89828,belongs to project,project,pr0050,,Tender Notice_PDFs/RAJUK_Tender_89828.pdf,1
organization,og0036,part of,organization,og0002,,Tender Notice_PDFs/RAJUK_Tender_89904.pdf,1
organization,og0002,part of,organization,og0001,,Tender Notice_PDFs/RAJUK_Tender_89904.pdf,1
person,pp0025,invited tender,tender,89904,"Chief Engineer, Project & Design",Tender Notice_PDFs/RAJUK_Tender_89904.pdf,2
organization,og0036,advertised,tender,89904,,Tender Notice_PDFs/RAJUK_Tender_89904.pdf,1
tender,89904,belongs to project,project,pr0049,,Tender Notice_PDFs/RAJUK_Tender_89904.pdf,1
organization,og0036,part of,organization,og0002,,Tender Notice_PDFs/RAJUK_Tender_89908.pdf,1
organization,og0002,part of,organization,og0001,,Tender Notice_PDFs/RAJUK_Tender_89908.pdf,1
person,pp0025,invited tender,tender,89908,"Chief Engineer, Project & Design",Tender Notice_PDFs/RAJUK_Tender_89908.pdf,2
organization,og0036,advertised,tender,89908,,Tender Notice_PDFs/RAJUK_Tender_89908.pdf,1
tender,89908,belongs to project,project,pr0049,,Tender Notice_PDFs/RAJUK_Tender_89908.pdf,1
organization,og0015,part of,organization,og0002,,Tender Notice_PDFs/RAJUK_Tender_901824.pdf,1
organization,og0002,part of,organization,og0001,,Tender Notice_PDFs/RAJUK_Tender_901824.pdf,1
person,pp0116,invited tender,tender,901824,Project Director,Tender Notice_PDFs/RAJUK_Tender_901824.pdf,1
organization,og0015,advertised,tender,901824,,Tender Notice_PDFs/RAJUK_Tender_901824.pdf,1
tender,901824,belongs to project,project,pr0009,,Tender Notice_PDFs/RAJUK_Tender_901824.pdf,1
organization,og0015,part of,organization,og0002,,Tender Notice_PDFs/RAJUK_Tender_902293.pdf,1
organization,og0002,part of,organization,og0001,,Tender Notice_PDFs/RAJUK_Tender_902293.pdf,1
person,pp0116,invited tender,tender,902293,Project Director,Tender Notice_PDFs/RAJUK_Tender_902293.pdf,1
organization,og0015,advertised,tender,902293,,Tender Notice_PDFs/RAJUK_Tender_902293.pdf,1
tender,902293,belongs to project,project,pr0009,,Tender Notice_PDFs/RAJUK_Tender_902293.pdf,1
organization,og0015,part of,organization,og0002,,Tender Notice_PDFs/RAJUK_Tender_905028.pdf,1
organization,og0002,part of,organization,og0001,,Tender Notice_PDFs/RAJUK_Tender_905028.pdf,1
person,pp0116,invited tender,tender,905028,Project Director,Tender Notice_PDFs/RAJUK_Tender_905028.pdf,1
organization,og0015,advertised,tender,905028,,Tender Notice_PDFs/RAJUK_Tender_905028.pdf,1
tender,905028,belongs to project,project,pr0107,,Tender Notice_PDFs/RAJUK_Tender_905028.pdf,1
organization,og0015,part of,organization,og0002,,Tender Notice_PDFs/RAJUK_Tender_905029.pdf,1
organization,og0002,part of,organization,og0001,,Tender Notice_PDFs/RAJUK_Tender_905029.pdf,1
person,pp0116,invited tender,tender,905029,Project Director,Tender Notice_PDFs/RAJUK_Tender_905029.pdf,1
organization,og0015,advertised,tender,905029,,Tender Notice_PDFs/RAJUK_Tender_905029.pdf,1
tender,905029,belongs to project,project,pr0107,,Tender Notice_PDFs/RAJUK_Tender_905029.pdf,1
organization,og0015,part of,organization,og0002,,Tender Notice_PDFs/RAJUK_Tender_905030.pdf,1
organization,og0002,part of,organization,og0001,,Tender Notice_PDFs/RAJUK_Tender_905030.pdf,1
person,pp0116,invited tender,tender,905030,Project Director,Tender Notice_PDFs/RAJUK_Tender_905030.pdf,1
organization,og0015,advertised,tender,905030,,Tender Notice_PDFs/RAJUK_Tender_905030.pdf,1
tender,905030,belongs to project,project,pr0107,,Tender Notice_PDFs/RAJUK_Tender_905030.pdf,1
organization,og0015,part of,organization,og0002,,Tender Notice_PDFs/RAJUK_Tender_905031.pdf,1
organization,og0002,part of,organization,og0001,,Tender Notice_PDFs/RAJUK_Tender_905031.pdf,1
person,pp0116,invited tender,tender,905031,Project Director,Tender Notice_PDFs/RAJUK_Tender_905031.pdf,1
organization,og0015,advertised,tender,905031,,Tender Notice_PDFs/RAJUK_Tender_905031.pdf,1
tender,905031,belongs to project,project,pr0107,,Tender Notice_PDFs/RAJUK_Tender_905031.pdf,1
organization,og0015,part of,organization,og0002,,Tender Notice_PDFs/RAJUK_Tender_905032.pdf,1
organization,og0002,part of,organization,og0001,,Tender Notice_PDFs/RAJUK_Tender_905032.pdf,1
person,pp0116,invited tender,tender,905032,Project Director,Tender Notice_PDFs/RAJUK_Tender_905032.pdf,1
organization,og0015,advertised,tender,905032,,Tender Notice_PDFs/RAJUK_Tender_905032.pdf,1
tender,905032,belongs to project,project,pr0107,,Tender Notice_PDFs/RAJUK_Tender_905032.pdf,1
organization,og0015,part of,organization,og0002,,Tender Notice_PDFs/RAJUK_Tender_905033.pdf,1
organization,og0002,part of,organization,og0001,,Tender Notice_PDFs/RAJUK_Tender_905033.pdf,1
person,pp0116,invited tender,tender,905033,Project Director,Tender Notice_PDFs/RAJUK_Tender_905033.pdf,1
organization,og0015,advertised,tender,905033,,Tender Notice_PDFs/RAJUK_Tender_905033.pdf,1
tender,905033,belongs to project,project,pr0107,,Tender Notice_PDFs/RAJUK_Tender_905033.pdf,1
organization,og0023,part of,organization,og0002,,Tender Notice_PDFs/RAJUK_Tender_905912.pdf,1
organization,og0002,part of,organization,og0001,,Tender Notice_PDFs/RAJUK_Tender_905912.pdf,1
person,pp0015,invited tender,tender,905912,PD (Jhilmil),Tender Notice_PDFs/RAJUK_Tender_905912.pdf,1
organization,og0023,advertised,tender,905912,,Tender Notice_PDFs/RAJUK_Tender_905912.pdf,1
tender,905912,belongs to project,project,pr0017,,Tender Notice_PDFs/RAJUK_Tender_905912.pdf,1
organization,og0023,part of,organization,og0002,,Tender Notice_PDFs/RAJUK_Tender_905913.pdf,1
organization,og0002,part of,organization,og0001,,Tender Notice_PDFs/RAJUK_Tender_905913.pdf,1
person,pp0015,invited tender,tender,905913,PD (Jhilmil),Tender Notice_PDFs/RAJUK_Tender_905913.pdf,1
organization,og0023,advertised,tender,905913,,Tender Notice_PDFs/RAJUK_Tender_905913.pdf,1
tender,905913,belongs to project,project,pr0017,,Tender Notice_PDFs/RAJUK_Tender_905913.pdf,1
organization,og0023,part of,organization,og0002,,Tender Notice_PDFs/RAJUK_Tender_905914.pdf,1
organization,og0002,part of,organization,og0001,,Tender Notice_PDFs/RAJUK_Tender_905914.pdf,1
person,pp0015,invited tender,tender,905914,PD (Jhilmil),Tender Notice_PDFs/RAJUK_Tender_905914.pdf,1
organization,og0023,advertised,tender,905914,,Tender Notice_PDFs/RAJUK_Tender_905914.pdf,1
tender,905914,belongs to project,project,pr0017,,Tender Notice_PDFs/RAJUK_Tender_905914.pdf,1
organization,og0023,part of,organization,og0002,,Tender Notice_PDFs/RAJUK_Tender_905915.pdf,1
organization,og0002,part of,organization,og0001,,Tender Notice_PDFs/RAJUK_Tender_905915.pdf,1
person,pp0015,invited tender,tender,905915,PD (Jhilmil),Tender Notice_PDFs/RAJUK_Tender_905915.pdf,1
organization,og0023,advertised,tender,905915,,Tender Notice_PDFs/RAJUK_Tender_905915.pdf,1
tender,905915,belongs to project,project,pr0017,,Tender Notice_PDFs/RAJUK_Tender_905915.pdf,1
organization,og0023,part of,organization,og0002,,Tender Notice_PDFs/RAJUK_Tender_905916.pdf,1
organization,og0002,part of,organization,og0001,,Tender Notice_PDFs/RAJUK_Tender_905916.pdf,1
person,pp0015,invited tender,tender,905916,PD (Jhilmil),Tender Notice_PDFs/RAJUK_Tender_905916.pdf,1
organization,og0023,advertised,tender,905916,,Tender Notice_PDFs/RAJUK_Tender_905916.pdf,1
tender,905916,belongs to project,project,pr0017,,Tender Notice_PDFs/RAJUK_Tender_905916.pdf,1
organization,og0015,part of,organization,og0002,,Tender Notice_PDFs/RAJUK_Tender_920944.pdf,1
organization,og0002,part of,organization,og0001,,Tender Notice_PDFs/RAJUK_Tender_920944.pdf,1
person,pp0116,invited tender,tender,920944,Project Director,Tender Notice_PDFs/RAJUK_Tender_920944.pdf,1
organization,og0015,advertised,tender,920944,,Tender Notice_PDFs/RAJUK_Tender_920944.pdf,1
tender,920944,belongs to project,project,pr0009,,Tender Notice_PDFs/RAJUK_Tender_920944.pdf,1
organization,og0015,part of,organization,og0002,,Tender Notice_PDFs/RAJUK_Tender_920945.pdf,1
organization,og0002,part of,organization,og0001,,Tender Notice_PDFs/RAJUK_Tender_920945.pdf,1
person,pp0116,invited tender,tender,920945,Project Director,Tender Notice_PDFs/RAJUK_Tender_920945.pdf,1
organization,og0015,advertised,tender,920945,,Tender Notice_PDFs/RAJUK_Tender_920945.pdf,1
tender,920945,belongs to project,project,pr0009,,Tender Notice_PDFs/RAJUK_Tender_920945.pdf,1
organization,og0015,part of,organization,og0002,,Tender Notice_PDFs/RAJUK_Tender_920946.pdf,1
organization,og0002,part of,organization,og0001,,Tender Notice_PDFs/RAJUK_Tender_920946.pdf,1
person,pp0116,invited tender,tender,920946,Project Director,Tender Notice_PDFs/RAJUK_Tender_920946.pdf,1
organization,og0015,advertised,tender,920946,,Tender Notice_PDFs/RAJUK_Tender_920946.pdf,1
tender,920946,belongs to project,project,pr0009,,Tender Notice_PDFs/RAJUK_Tender_920946.pdf,1
organization,og0023,part of,organization,og0002,,Tender Notice_PDFs/RAJUK_Tender_926607.pdf,1
organization,og0002,part of,organization,og0001,,Tender Notice_PDFs/RAJUK_Tender_926607.pdf,1
person,pp0015,invited tender,tender,926607,PD (Jhilmil),Tender Notice_PDFs/RAJUK_Tender_926607.pdf,1
organization,og0023,advertised,tender,926607,,Tender Notice_PDFs/RAJUK_Tender_926607.pdf,1
tender,926607,belongs to project,project,pr0017,,Tender Notice_PDFs/RAJUK_Tender_926607.pdf,1
organization,og0080,part of,organization,og0002,,Tender Notice_PDFs/RAJUK_Tender_926623.pdf,1
organization,og0002,part of,organization,og0001,,Tender Notice_PDFs/RAJUK_Tender_926623.pdf,1
person,pp0015,invited tender,tender,926623,Superintending Engineer,Tender Notice_PDFs/RAJUK_Tender_926623.pdf,1
organization,og0080,advertised,tender,926623,,Tender Notice_PDFs/RAJUK_Tender_926623.pdf,1
tender,926623,belongs to project,project,pr0087,,Tender Notice_PDFs/RAJUK_Tender_926623.pdf,1
organization,og0015,part of,organization,og0002,,Tender Notice_PDFs/RAJUK_Tender_932337.pdf,1
organization,og0002,part of,organization,og0001,,Tender Notice_PDFs/RAJUK_Tender_932337.pdf,1
person,pp0116,invited tender,tender,932337,Project Director,Tender Notice_PDFs/RAJUK_Tender_932337.pdf,1
organization,og0015,advertised,tender,932337,,Tender Notice_PDFs/RAJUK_Tender_932337.pdf,1
tender,932337,belongs to project,project,pr0009,,Tender Notice_PDFs/RAJUK_Tender_932337.pdf,1
organization,og0012,part of,organization,og0002,,Tender Notice_PDFs/RAJUK_Tender_935084.pdf,1
organization,og0002,part of,organization,og0001,,Tender Notice_PDFs/RAJUK_Tender_935084.pdf,1
person,pp0004,invited tender,tender,935084,PD (Uttara Appartment),Tender Notice_PDFs/RAJUK_Tender_935084.pdf,1
organization,og0012,advertised,tender,935084,,Tender Notice_PDFs/RAJUK_Tender_935084.pdf,1
tender,935084,belongs to project,project,pr0093,,Tender Notice_PDFs/RAJUK_Tender_935084.pdf,1
organization,og0012,part of,organization,og0002,,Tender Notice_PDFs/RAJUK_Tender_935090.pdf,1
organization,og0002,part of,organization,og0001,,Tender Notice_PDFs/RAJUK_Tender_935090.pdf,1
person,pp0004,invited tender,tender,935090,PD (Uttara Appartment),Tender Notice_PDFs/RAJUK_Tender_935090.pdf,1
organization,og0012,advertised,tender,935090,,Tender Notice_PDFs/RAJUK_Tender_935090.pdf,1
tender,935090,belongs to project,project,pr0093,,Tender Notice_PDFs/RAJUK_Tender_935090.pdf,1
organization,og0012,part of,organization,og0002,,Tender Notice_PDFs/RAJUK_Tender_935092.pdf,1
organization,og0002,part of,organization,og0001,,Tender Notice_PDFs/RAJUK_Tender_935092.pdf,1
person,pp0004,invited tender,tender,935092,PD (Uttara Appartment),Tender Notice_PDFs/RAJUK_Tender_935092.pdf,1
organization,og0012,advertised,tender,935092,,Tender Notice_PDFs/RAJUK_Tender_935092.pdf,1
tender,935092,belongs to project,project,pr0093,,Tender Notice_PDFs/RAJUK_Tender_935092.pdf,1
organization,og0012,part of,organization,og0002,,Tender Notice_PDFs/RAJUK_Tender_935093.pdf,1
organization,og0002,part of,organization,og0001,,Tender Notice_PDFs/RAJUK_Tender_935093.pdf,1
person,pp0004,invited tender,tender,935093,PD (Uttara Appartment),Tender Notice_PDFs/RAJUK_Tender_935093.pdf,1
organization,og0012,advertised,tender,935093,,Tender Notice_PDFs/RAJUK_Tender_935093.pdf,1
tender,935093,belongs to project,project,pr0093,,Tender Notice_PDFs/RAJUK_Tender_935093.pdf,1
organization,og0011,part of,organization,og0002,,Tender Notice_PDFs/RAJUK_Tender_936176.pdf,1
organization,og0002,part of,organization,og0001,,Tender Notice_PDFs/RAJUK_Tender_936176.pdf,1
person,pp0007,invited tender,tender,936176,Sup. Eng. (Elec.),Tender Notice_PDFs/RAJUK_Tender_936176.pdf,1
organization,og0011,advertised,tender,936176,,Tender Notice_PDFs/RAJUK_Tender_936176.pdf,1
tender,936176,belongs to project,project,pr0018,,Tender Notice_PDFs/RAJUK_Tender_936176.pdf,1
organization,og0011,part of,organization,og0002,,Tender Notice_PDFs/RAJUK_Tender_936225.pdf,1
organization,og0002,part of,organization,og0001,,Tender Notice_PDFs/RAJUK_Tender_936225.pdf,1
person,pp0007,invited tender,tender,936225,Sup. Eng. (Elec.),Tender Notice_PDFs/RAJUK_Tender_936225.pdf,1
organization,og0011,advertised,tender,936225,,Tender Notice_PDFs/RAJUK_Tender_936225.pdf,1
tender,936225,belongs to project,project,pr0018,,Tender Notice_PDFs/RAJUK_Tender_936225.pdf,1
organization,og0011,part of,organization,og0002,,Tender Notice_PDFs/RAJUK_Tender_936227.pdf,1
organization,og0002,part of,organization,og0001,,Tender Notice_PDFs/RAJUK_Tender_936227.pdf,1
person,pp0007,invited tender,tender,936227,Sup. Eng. (Elec.),Tender Notice_PDFs/RAJUK_Tender_936227.pdf,2
organization,og0011,advertised,tender,936227,,Tender Notice_PDFs/RAJUK_Tender_936227.pdf,1
tender,936227,belongs to project,project,pr0018,,Tender Notice_PDFs/RAJUK_Tender_936227.pdf,1
organization,og0011,part of,organization,og0002,,Tender Notice_PDFs/RAJUK_Tender_936248.pdf,1
organization,og0002,part of,organization,og0001,,Tender Notice_PDFs/RAJUK_Tender_936248.pdf,1
person,pp0007,invited tender,tender,936248,Sup. Eng. (Elec.),Tender Notice_PDFs/RAJUK_Tender_936248.pdf,2
organization,og0011,advertised,tender,936248,,Tender Notice_PDFs/RAJUK_Tender_936248.pdf,1
tender,936248,belongs to project,project,pr0084,,Tender Notice_PDFs/RAJUK_Tender_936248.pdf,1
organization,og0008,part of,organization,og0002,,Tender Notice_PDFs/RAJUK_Tender_938968.pdf,1
organization,og0002,part of,organization,og0001,,Tender Notice_PDFs/RAJUK_Tender_938968.pdf,1
person,pp0005,invited tender,tender,938968,Sup. Eng. (Mechanical),Tender Notice_PDFs/RAJUK_Tender_938968.pdf,1
organization,og0008,advertised,tender,938968,,Tender Notice_PDFs/RAJUK_Tender_938968.pdf,1
tender,938968,belongs to project,project,pr0004,,Tender Notice_PDFs/RAJUK_Tender_938968.pdf,1
organization,og0008,part of,organization,og0002,,Tender Notice_PDFs/RAJUK_Tender_938969.pdf,1
organization,og0002,part of,organization,og0001,,Tender Notice_PDFs/RAJUK_Tender_938969.pdf,1
person,pp0005,invited tender,tender,938969,Sup. Eng. (Mechanical),Tender Notice_PDFs/RAJUK_Tender_938969.pdf,1
organization,og0008,advertised,tender,938969,,Tender Notice_PDFs/RAJUK_Tender_938969.pdf,1
tender,938969,belongs to project,project,pr0004,,Tender Notice_PDFs/RAJUK_Tender_938969.pdf,1
organization,og0007,part of,organization,og0002,,Tender Notice_PDFs/RAJUK_Tender_944366.pdf,1
organization,og0002,part of,organization,og0001,,Tender Notice_PDFs/RAJUK_Tender_944366.pdf,1
person,pp0004,invited tender,tender,944366,Superintending Engineer,Tender Notice_PDFs/RAJUK_Tender_944366.pdf,1
organization,og0007,advertised,tender,944366,,Tender Notice_PDFs/RAJUK_Tender_944366.pdf,1
tender,944366,belongs to project,project,pr0093,,Tender Notice_PDFs/RAJUK_Tender_944366.pdf,1
organization,og0023,part of,organization,og0002,,Tender Notice_PDFs/RAJUK_Tender_948434.pdf,1
organization,og0002,part of,organization,og0001,,Tender Notice_PDFs/RAJUK_Tender_948434.pdf,1
person,pp0015,invited tender,tender,948434,PD (Jhilmil),Tender Notice_PDFs/RAJUK_Tender_948434.pdf,1
organization,og0023,advertised,tender,948434,,Tender Notice_PDFs/RAJUK_Tender_948434.pdf,1
tender,948434,belongs to project,project,pr0017,,Tender Notice_PDFs/RAJUK_Tender_948434.pdf,1
organization,og0011,part of,organization,og0002,,Tender Notice_PDFs/RAJUK_Tender_948435.pdf,1
organization,og0002,part of,organization,og0001,,Tender Notice_PDFs/RAJUK_Tender_948435.pdf,1
person,pp0007,invited tender,tender,948435,Sup. Eng. (Elec.),Tender Notice_PDFs/RAJUK_Tender_948435.pdf,1
organization,og0011,advertised,tender,948435,,Tender Notice_PDFs/RAJUK_Tender_948435.pdf,1
tender,948435,belongs to project,project,pr0013,,Tender Notice_PDFs/RAJUK_Tender_948435.pdf,1
organization,og0011,part of,organization,og0002,,Tender Notice_PDFs/RAJUK_Tender_948446.pdf,1
organization,og0002,part of,organization,og0001,,Tender Notice_PDFs/RAJUK_Tender_948446.pdf,1
person,pp0007,invited tender,tender,948446,Sup. Eng. (Elec.),Tender Notice_PDFs/RAJUK_Tender_948446.pdf,1
organization,og0011,advertised,tender,948446,,Tender Notice_PDFs/RAJUK_Tender_948446.pdf,1
tender,948446,belongs to project,project,pr0098,,Tender Notice_PDFs/RAJUK_Tender_948446.pdf,1
organization,og0011,part of,organization,og0002,,Tender Notice_PDFs/RAJUK_Tender_948448.pdf,1
organization,og0002,part of,organization,og0001,,Tender Notice_PDFs/RAJUK_Tender_948448.pdf,1
person,pp0007,invited tender,tender,948448,Sup. Eng. (Elec.),Tender Notice_PDFs/RAJUK_Tender_948448.pdf,1
organization,og0011,advertised,tender,948448,,Tender Notice_PDFs/RAJUK_Tender_948448.pdf,1
tender,948448,belongs to project,project,pr0021,,Tender Notice_PDFs/RAJUK_Tender_948448.pdf,1
organization,og0014,part of,organization,og0002,,Tender Notice_PDFs/RAJUK_Tender_948744.pdf,1
organization,og0002,part of,organization,og0001,,Tender Notice_PDFs/RAJUK_Tender_948744.pdf,1
person,pp0009,invited tender,tender,948744,Superintending Engineer,Tender Notice_PDFs/RAJUK_Tender_948744.pdf,1
organization,og0014,advertised,tender,948744,,Tender Notice_PDFs/RAJUK_Tender_948744.pdf,1
tender,948744,belongs to project,project,pr0093,,Tender Notice_PDFs/RAJUK_Tender_948744.pdf,1
organization,og0014,part of,organization,og0002,,Tender Notice_PDFs/RAJUK_Tender_948745.pdf,1
organization,og0002,part of,organization,og0001,,Tender Notice_PDFs/RAJUK_Tender_948745.pdf,1
person,pp0009,invited tender,tender,948745,Superintending Engineer,Tender Notice_PDFs/RAJUK_Tender_948745.pdf,1
organization,og0014,advertised,tender,948745,,Tender Notice_PDFs/RAJUK_Tender_948745.pdf,1
tender,948745,belongs to project,project,pr0011,,Tender Notice_PDFs/RAJUK_Tender_948745.pdf,1
organization,og0014,part of,organization,og0002,,Tender Notice_PDFs/RAJUK_Tender_948746.pdf,1
organization,og0002,part of,organization,og0001,,Tender Notice_PDFs/RAJUK_Tender_948746.pdf,1
person,pp0009,invited tender,tender,948746,Superintending Engineer,Tender Notice_PDFs/RAJUK_Tender_948746.pdf,1
organization,og0014,advertised,tender,948746,,Tender Notice_PDFs/RAJUK_Tender_948746.pdf,1
tender,948746,belongs to project,project,pr0011,,Tender Notice_PDFs/RAJUK_Tender_948746.pdf,1
organization,og0015,part of,organization,og0002,,Tender Notice_PDFs/RAJUK_Tender_957252.pdf,1
organization,og0002,part of,organization,og0001,,Tender Notice_PDFs/RAJUK_Tender_957252.pdf,1
person,pp0116,invited tender,tender,957252,Project Director,Tender Notice_PDFs/RAJUK_Tender_957252.pdf,1
organization,og0015,advertised,tender,957252,,Tender Notice_PDFs/RAJUK_Tender_957252.pdf,1
tender,957252,belongs to project,project,pr0009,,Tender Notice_PDFs/RAJUK_Tender_957252.pdf,1
organization,og0015,part of,organization,og0002,,Tender Notice_PDFs/RAJUK_Tender_957253.pdf,1
organization,og0002,part of,organization,og0001,,Tender Notice_PDFs/RAJUK_Tender_957253.pdf,1
person,pp0116,invited tender,tender,957253,Project Director,Tender Notice_PDFs/RAJUK_Tender_957253.pdf,1
organization,og0015,advertised,tender,957253,,Tender Notice_PDFs/RAJUK_Tender_957253.pdf,1
tender,957253,belongs to project,project,pr0009,,Tender Notice_PDFs/RAJUK_Tender_957253.pdf,1
organization,og0015,part of,organization,og0002,,Tender Notice_PDFs/RAJUK_Tender_957254.pdf,1
organization,og0002,part of,organization,og0001,,Tender Notice_PDFs/RAJUK_Tender_957254.pdf,1
person,pp0116,invited tender,tender,957254,Project Director,Tender Notice_PDFs/RAJUK_Tender_957254.pdf,1
organization,og0015,advertised,tender,957254,,Tender Notice_PDFs/RAJUK_Tender_957254.pdf,1
tender,957254,belongs to project,project,pr0009,,Tender Notice_PDFs/RAJUK_Tender_957254.pdf,1
organization,og0015,part of,organization,og0002,,Tender Notice_PDFs/RAJUK_Tender_957255.pdf,1
organization,og0002,part of,organization,og0001,,Tender Notice_PDFs/RAJUK_Tender_957255.pdf,1
person,pp0116,invited tender,tender,957255,Project Director,Tender Notice_PDFs/RAJUK_Tender_957255.pdf,1
organization,og0015,advertised,tender,957255,,Tender Notice_PDFs/RAJUK_Tender_957255.pdf,1
tender,957255,belongs to project,project,pr0009,,Tender Notice_PDFs/RAJUK_Tender_957255.pdf,1
organization,og0015,part of,organization,og0002,,Tender Notice_PDFs/RAJUK_Tender_957256.pdf,1
organization,og0002,part of,organization,og0001,,Tender Notice_PDFs/RAJUK_Tender_957256.pdf,1
person,pp0116,invited tender,tender,957256,Project Director,Tender Notice_PDFs/RAJUK_Tender_957256.pdf,1
organization,og0015,advertised,tender,957256,,Tender Notice_PDFs/RAJUK_Tender_957256.pdf,1
tender,957256,belongs to project,project,pr0009,,Tender Notice_PDFs/RAJUK_Tender_957256.pdf,1
organization,og0007,part of,organization,og0002,,Tender Notice_PDFs/RAJUK_Tender_957875.pdf,1
organization,og0002,part of,organization,og0001,,Tender Notice_PDFs/RAJUK_Tender_957875.pdf,1
person,pp0004,invited tender,tender,957875,Superintending Engineer,Tender Notice_PDFs/RAJUK_Tender_957875.pdf,1
organization,og0007,advertised,tender,957875,,Tender Notice_PDFs/RAJUK_Tender_957875.pdf,1
tender,957875,belongs to project,project,pr0093,,Tender Notice_PDFs/RAJUK_Tender_957875.pdf,1
organization,og0012,part of,organization,og0002,,Tender Notice_PDFs/RAJUK_Tender_959288.pdf,1
organization,og0002,part of,organization,og0001,,Tender Notice_PDFs/RAJUK_Tender_959288.pdf,1
person,pp0004,invited tender,tender,959288,PD (Uttara Appartment),Tender Notice_PDFs/RAJUK_Tender_959288.pdf,1
organization,og0012,advertised,tender,959288,,Tender Notice_PDFs/RAJUK_Tender_959288.pdf,1
tender,959288,belongs to project,project,pr0093,,Tender Notice_PDFs/RAJUK_Tender_959288.pdf,1
organization,og0036,part of,organization,og0002,,Tender Notice_PDFs/RAJUK_Tender_96142.pdf,1
organization,og0002,part of,organization,og0001,,Tender Notice_PDFs/RAJUK_Tender_96142.pdf,1
person,pp0025,invited tender,tender,96142,"Chief Engineer, Project & Design",Tender Notice_PDFs/RAJUK_Tender_96142.pdf,1
organization,og0036,advertised,tender,96142,,Tender Notice_PDFs/RAJUK_Tender_96142.pdf,1
tender,96142,belongs to project,project,pr0057,,Tender Notice_PDFs/RAJUK_Tender_96142.pdf,1
organization,og0012,part of,organization,og0002,,Tender Notice_PDFs/RAJUK_Tender_962656.pdf,1
organization,og0002,part of,organization,og0001,,Tender Notice_PDFs/RAJUK_Tender_962656.pdf,1
person,pp0004,invited tender,tender,962656,PD (Uttara Appartment),Tender Notice_PDFs/RAJUK_Tender_962656.pdf,1
organization,og0012,advertised,tender,962656,,Tender Notice_PDFs/RAJUK_Tender_962656.pdf,1
tender,962656,belongs to project,project,pr0093,,Tender Notice_PDFs/RAJUK_Tender_962656.pdf,1
organization,og0012,part of,organization,og0002,,Tender Notice_PDFs/RAJUK_Tender_962658.pdf,1
organization,og0002,part of,organization,og0001,,Tender Notice_PDFs/RAJUK_Tender_962658.pdf,1
person,pp0004,invited tender,tender,962658,PD (Uttara Appartment),Tender Notice_PDFs/RAJUK_Tender_962658.pdf,1
organization,og0012,advertised,tender,962658,,Tender Notice_PDFs/RAJUK_Tender_962658.pdf,1
tender,962658,belongs to project,project,pr0093,,Tender Notice_PDFs/RAJUK_Tender_962658.pdf,1
organization,og0012,part of,organization,og0002,,Tender Notice_PDFs/RAJUK_Tender_962659.pdf,1
organization,og0002,part of,organization,og0001,,Tender Notice_PDFs/RAJUK_Tender_962659.pdf,1
person,pp0004,invited tender,tender,962659,PD (Uttara Appartment),Tender Notice_PDFs/RAJUK_Tender_962659.pdf,1
organization,og0012,advertised,tender,962659,,Tender Notice_PDFs/RAJUK_Tender_962659.pdf,1
tender,962659,belongs to project,project,pr0093,,Tender Notice_PDFs/RAJUK_Tender_962659.pdf,1
organization,og0011,part of,organization,og0002,,Tender Notice_PDFs/RAJUK_Tender_969450.pdf,1
organization,og0002,part of,organization,og0001,,Tender Notice_PDFs/RAJUK_Tender_969450.pdf,1
person,pp0007,invited tender,tender,969450,Sup. Eng. (Elec.),Tender Notice_PDFs/RAJUK_Tender_969450.pdf,2
organization,og0011,advertised,tender,969450,,Tender Notice_PDFs/RAJUK_Tender_969450.pdf,1
tender,969450,belongs to project,project,pr0075,,Tender Notice_PDFs/RAJUK_Tender_969450.pdf,1
organization,og0011,part of,organization,og0002,,Tender Notice_PDFs/RAJUK_Tender_969481.pdf,1
organization,og0002,part of,organization,og0001,,Tender Notice_PDFs/RAJUK_Tender_969481.pdf,1
person,pp0007,invited tender,tender,969481,Sup. Eng. (Elec.),Tender Notice_PDFs/RAJUK_Tender_969481.pdf,2
organization,og0011,advertised,tender,969481,,Tender Notice_PDFs/RAJUK_Tender_969481.pdf,1
tender,969481,belongs to project,project,pr0021,,Tender Notice_PDFs/RAJUK_Tender_969481.pdf,1
organization,og0011,part of,organization,og0002,,Tender Notice_PDFs/RAJUK_Tender_969489.pdf,1
organization,og0002,part of,organization,og0001,,Tender Notice_PDFs/RAJUK_Tender_969489.pdf,1
person,pp0007,invited tender,tender,969489,Sup. Eng. (Elec.),Tender Notice_PDFs/RAJUK_Tender_969489.pdf,1
organization,og0011,advertised,tender,969489,,Tender Notice_PDFs/RAJUK_Tender_969489.pdf,1
tender,969489,belongs to project,project,pr0021,,Tender Notice_PDFs/RAJUK_Tender_969489.pdf,1
organization,og0011,part of,organization,og0002,,Tender Notice_PDFs/RAJUK_Tender_969822.pdf,1
organization,og0002,part of,organization,og0001,,Tender Notice_PDFs/RAJUK_Tender_969822.pdf,1
person,pp0007,invited tender,tender,969822,Sup. Eng. (Elec.),Tender Notice_PDFs/RAJUK_Tender_969822.pdf,2
organization,og0011,advertised,tender,969822,,Tender Notice_PDFs/RAJUK_Tender_969822.pdf,1
tender,969822,belongs to project,project,pr0018,,Tender Notice_PDFs/RAJUK_Tender_969822.pdf,1
organization,og0012,part of,organization,og0002,,Tender Notice_PDFs/RAJUK_Tender_974362.pdf,1
organization,og0002,part of,organization,og0001,,Tender Notice_PDFs/RAJUK_Tender_974362.pdf,1
person,pp0004,invited tender,tender,974362,PD (Uttara Appartment),Tender Notice_PDFs/RAJUK_Tender_974362.pdf,1
organization,og0012,advertised,tender,974362,,Tender Notice_PDFs/RAJUK_Tender_974362.pdf,1
tender,974362,belongs to project,project,pr0093,,Tender Notice_PDFs/RAJUK_Tender_974362.pdf,1
organization,og0015,part of,organization,og0002,,Tender Notice_PDFs/RAJUK_Tender_975321.pdf,1
organization,og0002,part of,organization,og0001,,Tender Notice_PDFs/RAJUK_Tender_975321.pdf,1
person,pp0116,invited tender,tender,975321,Project Director,Tender Notice_PDFs/RAJUK_Tender_975321.pdf,1
organization,og0015,advertised,tender,975321,,Tender Notice_PDFs/RAJUK_Tender_975321.pdf,1
tender,975321,belongs to project,project,pr0009,,Tender Notice_PDFs/RAJUK_Tender_975321.pdf,1
organization,og0015,part of,organization,og0002,,Tender Notice_PDFs/RAJUK_Tender_975322.pdf,1
organization,og0002,part of,organization,og0001,,Tender Notice_PDFs/RAJUK_Tender_975322.pdf,1
person,pp0116,invited tender,tender,975322,Project Director,Tender Notice_PDFs/RAJUK_Tender_975322.pdf,1
organization,og0015,advertised,tender,975322,,Tender Notice_PDFs/RAJUK_Tender_975322.pdf,1
tender,975322,belongs to project,project,pr0009,,Tender Notice_PDFs/RAJUK_Tender_975322.pdf,1
organization,og0011,part of,organization,og0002,,Tender Notice_PDFs/RAJUK_Tender_980083.pdf,1
organization,og0002,part of,organization,og0001,,Tender Notice_PDFs/RAJUK_Tender_980083.pdf,1
person,pp0007,invited tender,tender,980083,Sup. Eng. (Elec.),Tender Notice_PDFs/RAJUK_Tender_980083.pdf,2
organization,og0011,advertised,tender,980083,,Tender Notice_PDFs/RAJUK_Tender_980083.pdf,1
tender,980083,belongs to project,project,pr0018,,Tender Notice_PDFs/RAJUK_Tender_980083.pdf,1
organization,og0011,part of,organization,og0002,,Tender Notice_PDFs/RAJUK_Tender_980096.pdf,1
organization,og0002,part of,organization,og0001,,Tender Notice_PDFs/RAJUK_Tender_980096.pdf,1
person,pp0007,invited tender,tender,980096,Sup. Eng. (Elec.),Tender Notice_PDFs/RAJUK_Tender_980096.pdf,2
organization,og0011,advertised,tender,980096,,Tender Notice_PDFs/RAJUK_Tender_980096.pdf,1
tender,980096,belongs to project,project,pr0018,,Tender Notice_PDFs/RAJUK_Tender_980096.pdf,1
organization,og0011,part of,organization,og0002,,Tender Notice_PDFs/RAJUK_Tender_980099.pdf,1
organization,og0002,part of,organization,og0001,,Tender Notice_PDFs/RAJUK_Tender_980099.pdf,1
person,pp0007,invited tender,tender,980099,Sup. Eng. (Elec.),Tender Notice_PDFs/RAJUK_Tender_980099.pdf,2
organization,og0011,advertised,tender,980099,,Tender Notice_PDFs/RAJUK_Tender_980099.pdf,1
tender,980099,belongs to project,project,pr0018,,Tender Notice_PDFs/RAJUK_Tender_980099.pdf,1
organization,og0011,part of,organization,og0002,,Tender Notice_PDFs/RAJUK_Tender_980104.pdf,1
organization,og0002,part of,organization,og0001,,Tender Notice_PDFs/RAJUK_Tender_980104.pdf,1
person,pp0007,invited tender,tender,980104,Sup. Eng. (Elec.),Tender Notice_PDFs/RAJUK_Tender_980104.pdf,1
organization,og0011,advertised,tender,980104,,Tender Notice_PDFs/RAJUK_Tender_980104.pdf,1
tender,980104,belongs to project,project,pr0108,,Tender Notice_PDFs/RAJUK_Tender_980104.pdf,1
organization,og0011,part of,organization,og0002,,Tender Notice_PDFs/RAJUK_Tender_980158.pdf,1
organization,og0002,part of,organization,og0001,,Tender Notice_PDFs/RAJUK_Tender_980158.pdf,1
person,pp0007,invited tender,tender,980158,Sup. Eng. (Elec.),Tender Notice_PDFs/RAJUK_Tender_980158.pdf,1
organization,og0011,advertised,tender,980158,,Tender Notice_PDFs/RAJUK_Tender_980158.pdf,1
tender,980158,belongs to project,project,pr0012,,Tender Notice_PDFs/RAJUK_Tender_980158.pdf,1
organization,og0032,part of,organization,og0002,,Tender Notice_PDFs/RAJUK_Tender_98112.pdf,1
organization,og0002,part of,organization,og0001,,Tender Notice_PDFs/RAJUK_Tender_98112.pdf,1
person,pp0053,invited tender,tender,98112,"Chief Engineer, Implementation",Tender Notice_PDFs/RAJUK_Tender_98112.pdf,2
organization,og0032,advertised,tender,98112,,Tender Notice_PDFs/RAJUK_Tender_98112.pdf,1
tender,98112,belongs to project,project,pr0101,,Tender Notice_PDFs/RAJUK_Tender_98112.pdf,1
organization,og0012,part of,organization,og0002,,Tender Notice_PDFs/RAJUK_Tender_982350.pdf,1
organization,og0002,part of,organization,og0001,,Tender Notice_PDFs/RAJUK_Tender_982350.pdf,1
person,pp0004,invited tender,tender,982350,PD (Uttara Appartment),Tender Notice_PDFs/RAJUK_Tender_982350.pdf,1
organization,og0012,advertised,tender,982350,,Tender Notice_PDFs/RAJUK_Tender_982350.pdf,1
tender,982350,belongs to project,project,pr0093,,Tender Notice_PDFs/RAJUK_Tender_982350.pdf,1
organization,og0012,part of,organization,og0002,,Tender Notice_PDFs/RAJUK_Tender_984794.pdf,1
organization,og0002,part of,organization,og0001,,Tender Notice_PDFs/RAJUK_Tender_984794.pdf,1
person,pp0004,invited tender,tender,984794,PD (Uttara Appartment),Tender Notice_PDFs/RAJUK_Tender_984794.pdf,1
organization,og0012,advertised,tender,984794,,Tender Notice_PDFs/RAJUK_Tender_984794.pdf,1
tender,984794,belongs to project,project,pr0093,,Tender Notice_PDFs/RAJUK_Tender_984794.pdf,1
organization,og0036,part of,organization,og0002,,Tender Notice_PDFs/RAJUK_Tender_98617.pdf,1
organization,og0002,part of,organization,og0001,,Tender Notice_PDFs/RAJUK_Tender_98617.pdf,1
person,pp0025,invited tender,tender,98617,"Chief Engineer, Project & Design",Tender Notice_PDFs/RAJUK_Tender_98617.pdf,2
organization,og0036,advertised,tender,98617,,Tender Notice_PDFs/RAJUK_Tender_98617.pdf,1
tender,98617,belongs to project,project,pr0050,,Tender Notice_PDFs/RAJUK_Tender_98617.pdf,1
organization,og0011,part of,organization,og0002,,Tender Notice_PDFs/RAJUK_Tender_989834.pdf,1
organization,og0002,part of,organization,og0001,,Tender Notice_PDFs/RAJUK_Tender_989834.pdf,1
person,pp0007,invited tender,tender,989834,Sup. Eng. (Elec.),Tender Notice_PDFs/RAJUK_Tender_989834.pdf,1
organization,og0011,advertised,tender,989834,,Tender Notice_PDFs/RAJUK_Tender_989834.pdf,1
tender,989834,belongs to project,project,pr0012,,Tender Notice_PDFs/RAJUK_Tender_989834.pdf,1
organization,og0011,part of,organization,og0002,,Tender Notice_PDFs/RAJUK_Tender_989865.pdf,1
organization,og0002,part of,organization,og0001,,Tender Notice_PDFs/RAJUK_Tender_989865.pdf,1
person,pp0007,invited tender,tender,989865,Sup. Eng. (Elec.),Tender Notice_PDFs/RAJUK_Tender_989865.pdf,1
organization,og0011,advertised,tender,989865,,Tender Notice_PDFs/RAJUK_Tender_989865.pdf,1
tender,989865,belongs to project,project,pr0021,,Tender Notice_PDFs/RAJUK_Tender_989865.pdf,1
organization,og0011,part of,organization,og0002,,Tender Notice_PDFs/RAJUK_Tender_989883.pdf,1
organization,og0002,part of,organization,og0001,,Tender Notice_PDFs/RAJUK_Tender_989883.pdf,1
person,pp0007,invited tender,tender,989883,Sup. Eng. (Elec.),Tender Notice_PDFs/RAJUK_Tender_989883.pdf,2
organization,og0011,advertised,tender,989883,,Tender Notice_PDFs/RAJUK_Tender_989883.pdf,1
tender,989883,belongs to project,project,pr0018,,Tender Notice_PDFs/RAJUK_Tender_989883.pdf,1
organization,og0011,part of,organization,og0002,,Tender Notice_PDFs/RAJUK_Tender_998795.pdf,1
organization,og0002,part of,organization,og0001,,Tender Notice_PDFs/RAJUK_Tender_998795.pdf,1
person,pp0007,invited tender,tender,998795,Sup. Eng. (Elec.),Tender Notice_PDFs/RAJUK_Tender_998795.pdf,1
organization,og0011,advertised,tender,998795,,Tender Notice_PDFs/RAJUK_Tender_998795.pdf,1
tender,998795,belongs to project,project,pr0021,,Tender Notice_PDFs/RAJUK_Tender_998795.pdf,1
organization,og0005,part of,organization,og0004,,Tender Notice_PDFs/RDA_Tender_1000426.pdf,1
organization,og0004,part of,organization,og0001,,Tender Notice_PDFs/RDA_Tender_1000426.pdf,1
person,pp0002,invited tender,tender,1000426,Superintending Engineer,Tender Notice_PDFs/RDA_Tender_1000426.pdf,1
organization,og0005,advertised,tender,1000426,,Tender Notice_PDFs/RDA_Tender_1000426.pdf,1
tender,1000426,belongs to project,project,pr0002,,Tender Notice_PDFs/RDA_Tender_1000426.pdf,1
organization,og0030,part of,organization,og0004,,Tender Notice_PDFs/RDA_Tender_112012.pdf,1
organization,og0004,part of,organization,og0001,,Tender Notice_PDFs/RDA_Tender_112012.pdf,1
person,pp0136,invited tender,tender,112012,Chaiman,Tender Notice_PDFs/RDA_Tender_112012.pdf,1
organization,og0030,advertised,tender,112012,,Tender Notice_PDFs/RDA_Tender_112012.pdf,1
tender,112012,belongs to project,project,pr0026,,Tender Notice_PDFs/RDA_Tender_112012.pdf,1
organization,og0030,part of,organization,og0004,,Tender Notice_PDFs/RDA_Tender_1140112.pdf,1
organization,og0004,part of,organization,og0001,,Tender Notice_PDFs/RDA_Tender_1140112.pdf,1
person,pp0002,invited tender,tender,1140112,Executive Engineer,Tender Notice_PDFs/RDA_Tender_1140112.pdf,1
organization,og0030,advertised,tender,1140112,,Tender Notice_PDFs/RDA_Tender_1140112.pdf,1
tender,1140112,belongs to project,project,pr0093,,Tender Notice_PDFs/RDA_Tender_1140112.pdf,1
organization,og0030,part of,organization,og0004,,Tender Notice_PDFs/RDA_Tender_1140113.pdf,1
organization,og0004,part of,organization,og0001,,Tender Notice_PDFs/RDA_Tender_1140113.pdf,1
person,pp0002,invited tender,tender,1140113,Executive Engineer,Tender Notice_PDFs/RDA_Tender_1140113.pdf,1
organization,og0030,advertised,tender,1140113,,Tender Notice_PDFs/RDA_Tender_1140113.pdf,1
tender,1140113,belongs to project,project,pr0093,,Tender Notice_PDFs/RDA_Tender_1140113.pdf,1
organization,og0030,part of,organization,og0004,,Tender Notice_PDFs/RDA_Tender_1142188.pdf,1
organization,og0004,part of,organization,og0001,,Tender Notice_PDFs/RDA_Tender_1142188.pdf,1
person,pp0002,invited tender,tender,1142188,Executive Engineer,Tender Notice_PDFs/RDA_Tender_1142188.pdf,1
organization,og0030,advertised,tender,1142188,,Tender Notice_PDFs/RDA_Tender_1142188.pdf,1
tender,1142188,belongs to project,project,pr0093,,Tender Notice_PDFs/RDA_Tender_1142188.pdf,1
organization,og0030,part of,organization,og0004,,Tender Notice_PDFs/RDA_Tender_1234511.pdf,1
organization,og0004,part of,organization,og0001,,Tender Notice_PDFs/RDA_Tender_1234511.pdf,1
person,pp0002,invited tender,tender,1234511,Executive Engineer,Tender Notice_PDFs/RDA_Tender_1234511.pdf,1
organization,og0030,advertised,tender,1234511,,Tender Notice_PDFs/RDA_Tender_1234511.pdf,1
tender,1234511,belongs to project,project,pr0093,,Tender Notice_PDFs/RDA_Tender_1234511.pdf,1
organization,og0030,part of,organization,og0004,,Tender Notice_PDFs/RDA_Tender_207700.pdf,1
organization,og0004,part of,organization,og0001,,Tender Notice_PDFs/RDA_Tender_207700.pdf,1
person,pp0136,invited tender,tender,207700,Chaiman,Tender Notice_PDFs/RDA_Tender_207700.pdf,1
organization,og0030,advertised,tender,207700,,Tender Notice_PDFs/RDA_Tender_207700.pdf,1
tender,207700,belongs to project,project,pr0052,,Tender Notice_PDFs/RDA_Tender_207700.pdf,1
organization,og0030,part of,organization,og0004,,Tender Notice_PDFs/RDA_Tender_284197.pdf,1
organization,og0004,part of,organization,og0001,,Tender Notice_PDFs/RDA_Tender_284197.pdf,1
person,pp0136,invited tender,tender,284197,Chaiman,Tender Notice_PDFs/RDA_Tender_284197.pdf,1
organization,og0030,advertised,tender,284197,,Tender Notice_PDFs/RDA_Tender_284197.pdf,1
tender,284197,belongs to project,project,pr0059,,Tender Notice_PDFs/RDA_Tender_284197.pdf,1
organization,og0030,part of,organization,og0004,,Tender Notice_PDFs/RDA_Tender_291722.pdf,1
organization,og0004,part of,organization,og0001,,Tender Notice_PDFs/RDA_Tender_291722.pdf,1
person,pp0136,invited tender,tender,291722,Chaiman,Tender Notice_PDFs/RDA_Tender_291722.pdf,1
organization,og0030,advertised,tender,291722,,Tender Notice_PDFs/RDA_Tender_291722.pdf,1
tender,291722,belongs to project,project,pr0093,,Tender Notice_PDFs/RDA_Tender_291722.pdf,1
organization,og0030,part of,organization,og0004,,Tender Notice_PDFs/RDA_Tender_300507.pdf,1
organization,og0004,part of,organization,og0001,,Tender Notice_PDFs/RDA_Tender_300507.pdf,1
person,pp0136,invited tender,tender,300507,Chaiman,Tender Notice_PDFs/RDA_Tender_300507.pdf,1
organization,og0030,advertised,tender,300507,,Tender Notice_PDFs/RDA_Tender_300507.pdf,1
tender,300507,belongs to project,project,pr0059,,Tender Notice_PDFs/RDA_Tender_300507.pdf,1
organization,og0030,part of,organization,og0004,,Tender Notice_PDFs/RDA_Tender_322093.pdf,1
organization,og0004,part of,organization,og0001,,Tender Notice_PDFs/RDA_Tender_322093.pdf,1
person,pp0136,invited tender,tender,322093,Chaiman,Tender Notice_PDFs/RDA_Tender_322093.pdf,1
organization,og0030,advertised,tender,322093,,Tender Notice_PDFs/RDA_Tender_322093.pdf,1
tender,322093,belongs to project,project,pr0059,,Tender Notice_PDFs/RDA_Tender_322093.pdf,1
organization,og0030,part of,organization,og0004,,Tender Notice_PDFs/RDA_Tender_322769.pdf,1
organization,og0004,part of,organization,og0001,,Tender Notice_PDFs/RDA_Tender_322769.pdf,1
person,pp0136,invited tender,tender,322769,Chaiman,Tender Notice_PDFs/RDA_Tender_322769.pdf,1
organization,og0030,advertised,tender,322769,,Tender Notice_PDFs/RDA_Tender_322769.pdf,1
tender,322769,belongs to project,project,pr0059,,Tender Notice_PDFs/RDA_Tender_322769.pdf,1
organization,og0030,part of,organization,og0004,,Tender Notice_PDFs/RDA_Tender_383988.pdf,1
organization,og0004,part of,organization,og0001,,Tender Notice_PDFs/RDA_Tender_383988.pdf,1
person,pp0097,invited tender,tender,383988,Chaiman,Tender Notice_PDFs/RDA_Tender_383988.pdf,1
organization,og0030,advertised,tender,383988,,Tender Notice_PDFs/RDA_Tender_383988.pdf,1
tender,383988,belongs to project,project,pr0066,,Tender Notice_PDFs/RDA_Tender_383988.pdf,1
organization,og0030,part of,organization,og0004,,Tender Notice_PDFs/RDA_Tender_558181.pdf,1
organization,og0004,part of,organization,og0001,,Tender Notice_PDFs/RDA_Tender_558181.pdf,1
person,pp0097,invited tender,tender,558181,Chaiman,Tender Notice_PDFs/RDA_Tender_558181.pdf,1
organization,og0030,advertised,tender,558181,,Tender Notice_PDFs/RDA_Tender_558181.pdf,1
tender,558181,belongs to project,project,pr0059,,Tender Notice_PDFs/RDA_Tender_558181.pdf,1
organization,og0030,part of,organization,og0004,,Tender Notice_PDFs/RDA_Tender_591949.pdf,1
organization,og0004,part of,organization,og0001,,Tender Notice_PDFs/RDA_Tender_591949.pdf,1
person,pp0097,invited tender,tender,591949,Chaiman,Tender Notice_PDFs/RDA_Tender_591949.pdf,1
organization,og0030,advertised,tender,591949,,Tender Notice_PDFs/RDA_Tender_591949.pdf,1
tender,591949,belongs to project,project,pr0059,,Tender Notice_PDFs/RDA_Tender_591949.pdf,1
organization,og0030,part of,organization,og0004,,Tender Notice_PDFs/RDA_Tender_595725.pdf,1
organization,og0004,part of,organization,og0001,,Tender Notice_PDFs/RDA_Tender_595725.pdf,1
person,pp0097,invited tender,tender,595725,Chaiman,Tender Notice_PDFs/RDA_Tender_595725.pdf,1
organization,og0030,advertised,tender,595725,,Tender Notice_PDFs/RDA_Tender_595725.pdf,1
tender,595725,belongs to project,project,pr0093,,Tender Notice_PDFs/RDA_Tender_595725.pdf,1
organization,og0030,part of,organization,og0004,,Tender Notice_PDFs/RDA_Tender_627115.pdf,1
organization,og0004,part of,organization,og0001,,Tender Notice_PDFs/RDA_Tender_627115.pdf,1
person,pp0097,invited tender,tender,627115,Chaiman,Tender Notice_PDFs/RDA_Tender_627115.pdf,1
organization,og0030,advertised,tender,627115,,Tender Notice_PDFs/RDA_Tender_627115.pdf,1
tender,627115,belongs to project,project,pr0059,,Tender Notice_PDFs/RDA_Tender_627115.pdf,1
organization,og0030,part of,organization,og0004,,Tender Notice_PDFs/RDA_Tender_627116.pdf,1
organization,og0004,part of,organization,og0001,,Tender Notice_PDFs/RDA_Tender_627116.pdf,1
person,pp0097,invited tender,tender,627116,Chaiman,Tender Notice_PDFs/RDA_Tender_627116.pdf,1
organization,og0030,advertised,tender,627116,,Tender Notice_PDFs/RDA_Tender_627116.pdf,1
tender,627116,belongs to project,project,pr0059,,Tender Notice_PDFs/RDA_Tender_627116.pdf,1
organization,og0030,part of,organization,og0004,,Tender Notice_PDFs/RDA_Tender_638918.pdf,1
organization,og0004,part of,organization,og0001,,Tender Notice_PDFs/RDA_Tender_638918.pdf,1
person,pp0097,invited tender,tender,638918,Chaiman,Tender Notice_PDFs/RDA_Tender_638918.pdf,1
organization,og0030,advertised,tender,638918,,Tender Notice_PDFs/RDA_Tender_638918.pdf,1
tender,638918,belongs to project,project,pr0059,,Tender Notice_PDFs/RDA_Tender_638918.pdf,1
organization,og0030,part of,organization,og0004,,Tender Notice_PDFs/RDA_Tender_638921.pdf,1
organization,og0004,part of,organization,og0001,,Tender Notice_PDFs/RDA_Tender_638921.pdf,1
person,pp0097,invited tender,tender,638921,Chaiman,Tender Notice_PDFs/RDA_Tender_638921.pdf,1
organization,og0030,advertised,tender,638921,,Tender Notice_PDFs/RDA_Tender_638921.pdf,1
tender,638921,belongs to project,project,pr0059,,Tender Notice_PDFs/RDA_Tender_638921.pdf,1
organization,og0069,part of,organization,og0004,,Tender Notice_PDFs/RDA_Tender_64165.pdf,1
organization,og0004,part of,organization,og0001,,Tender Notice_PDFs/RDA_Tender_64165.pdf,1
person,pp0136,invited tender,tender,64165,Chaiman,Tender Notice_PDFs/RDA_Tender_64165.pdf,1
organization,og0069,advertised,tender,64165,,Tender Notice_PDFs/RDA_Tender_64165.pdf,1
tender,64165,belongs to project,project,pr0076,,Tender Notice_PDFs/RDA_Tender_64165.pdf,1
organization,og0030,part of,organization,og0004,,Tender Notice_PDFs/RDA_Tender_658227.pdf,1
organization,og0004,part of,organization,og0001,,Tender Notice_PDFs/RDA_Tender_658227.pdf,1
person,pp0097,invited tender,tender,658227,Chaiman,Tender Notice_PDFs/RDA_Tender_658227.pdf,1
organization,og0030,advertised,tender,658227,,Tender Notice_PDFs/RDA_Tender_658227.pdf,1
tender,658227,belongs to project,project,pr0093,,Tender Notice_PDFs/RDA_Tender_658227.pdf,1
organization,og0030,part of,organization,og0004,,Tender Notice_PDFs/RDA_Tender_675266.pdf,1
organization,og0004,part of,organization,og0001,,Tender Notice_PDFs/RDA_Tender_675266.pdf,1
person,pp0097,invited tender,tender,675266,Chaiman,Tender Notice_PDFs/RDA_Tender_675266.pdf,1
organization,og0030,advertised,tender,675266,,Tender Notice_PDFs/RDA_Tender_675266.pdf,1
tender,675266,belongs to project,project,pr0083,,Tender Notice_PDFs/RDA_Tender_675266.pdf,1
organization,og0030,part of,organization,og0004,,Tender Notice_PDFs/RDA_Tender_680144.pdf,1
organization,og0004,part of,organization,og0001,,Tender Notice_PDFs/RDA_Tender_680144.pdf,1
person,pp0097,invited tender,tender,680144,Chaiman,Tender Notice_PDFs/RDA_Tender_680144.pdf,1
organization,og0030,advertised,tender,680144,,Tender Notice_PDFs/RDA_Tender_680144.pdf,1
tender,680144,belongs to project,project,pr0059,,Tender Notice_PDFs/RDA_Tender_680144.pdf,1
organization,og0030,part of,organization,og0004,,Tender Notice_PDFs/RDA_Tender_68947.pdf,1
organization,og0004,part of,organization,og0001,,Tender Notice_PDFs/RDA_Tender_68947.pdf,1
person,pp0136,invited tender,tender,68947,Chaiman,Tender Notice_PDFs/RDA_Tender_68947.pdf,1
organization,og0030,advertised,tender,68947,,Tender Notice_PDFs/RDA_Tender_68947.pdf,1
tender,68947,belongs to project,project,pr0076,,Tender Notice_PDFs/RDA_Tender_68947.pdf,1
organization,og0030,part of,organization,og0004,,Tender Notice_PDFs/RDA_Tender_699958.pdf,1
organization,og0004,part of,organization,og0001,,Tender Notice_PDFs/RDA_Tender_699958.pdf,1
person,pp0097,invited tender,tender,699958,Chaiman,Tender Notice_PDFs/RDA_Tender_699958.pdf,1
organization,og0030,advertised,tender,699958,,Tender Notice_PDFs/RDA_Tender_699958.pdf,1
tender,699958,belongs to project,project,pr0059,,Tender Notice_PDFs/RDA_Tender_699958.pdf,1
organization,og0030,part of,organization,og0004,,Tender Notice_PDFs/RDA_Tender_703479.pdf,1
organization,og0004,part of,organization,og0001,,Tender Notice_PDFs/RDA_Tender_703479.pdf,1
person,pp0097,invited tender,tender,703479,Chaiman,Tender Notice_PDFs/RDA_Tender_703479.pdf,1
organization,og0030,advertised,tender,703479,,Tender Notice_PDFs/RDA_Tender_703479.pdf,1
tender,703479,belongs to project,project,pr0066,,Tender Notice_PDFs/RDA_Tender_703479.pdf,1
organization,og0030,part of,organization,og0004,,Tender Notice_PDFs/RDA_Tender_731597.pdf,1
organization,og0004,part of,organization,og0001,,Tender Notice_PDFs/RDA_Tender_731597.pdf,1
person,pp0097,invited tender,tender,731597,Chaiman,Tender Notice_PDFs/RDA_Tender_731597.pdf,1
organization,og0030,advertised,tender,731597,,Tender Notice_PDFs/RDA_Tender_731597.pdf,1
tender,731597,belongs to project,project,pr0093,,Tender Notice_PDFs/RDA_Tender_731597.pdf,1
organization,og0030,part of,organization,og0004,,Tender Notice_PDFs/RDA_Tender_745614.pdf,1
organization,og0004,part of,organization,og0001,,Tender Notice_PDFs/RDA_Tender_745614.pdf,1
person,pp0097,invited tender,tender,745614,Chaiman,Tender Notice_PDFs/RDA_Tender_745614.pdf,1
organization,og0030,advertised,tender,745614,,Tender Notice_PDFs/RDA_Tender_745614.pdf,1
tender,745614,belongs to project,project,pr0093,,Tender Notice_PDFs/RDA_Tender_745614.pdf,1
organization,og0030,part of,organization,og0004,,Tender Notice_PDFs/RDA_Tender_836225.pdf,1
organization,og0004,part of,organization,og0001,,Tender Notice_PDFs/RDA_Tender_836225.pdf,1
person,pp0117,invited tender,tender,836225,Chaiman,Tender Notice_PDFs/RDA_Tender_836225.pdf,1
organization,og0030,advertised,tender,836225,,Tender Notice_PDFs/RDA_Tender_836225.pdf,1
tender,836225,belongs to project,project,pr0093,,Tender Notice_PDFs/RDA_Tender_836225.pdf,1
organization,og0030,part of,organization,og0004,,Tender Notice_PDFs/RDA_Tender_840860.pdf,1
organization,og0004,part of,organization,og0001,,Tender Notice_PDFs/RDA_Tender_840860.pdf,1
person,pp0117,invited tender,tender,840860,Chaiman,Tender Notice_PDFs/RDA_Tender_840860.pdf,1
organization,og0030,advertised,tender,840860,,Tender Notice_PDFs/RDA_Tender_840860.pdf,1
tender,840860,belongs to project,project,pr0093,,Tender Notice_PDFs/RDA_Tender_840860.pdf,1
organization,og0030,part of,organization,og0004,,Tender Notice_PDFs/RDA_Tender_859008.pdf,1
organization,og0004,part of,organization,og0001,,Tender Notice_PDFs/RDA_Tender_859008.pdf,1
person,pp0137,invited tender,tender,859008,Assistant Engineer,Tender Notice_PDFs/RDA_Tender_859008.pdf,1
organization,og0030,advertised,tender,859008,,Tender Notice_PDFs/RDA_Tender_859008.pdf,1
tender,859008,belongs to project,project,pr0082,,Tender Notice_PDFs/RDA_Tender_859008.pdf,1
organization,og0005,part of,organization,og0004,,Tender Notice_PDFs/RDA_Tender_860822.pdf,1
organization,og0004,part of,organization,og0001,,Tender Notice_PDFs/RDA_Tender_860822.pdf,1
person,pp0002,invited tender,tender,860822,Superintending Engineer,Tender Notice_PDFs/RDA_Tender_860822.pdf,1
organization,og0005,advertised,tender,860822,,Tender Notice_PDFs/RDA_Tender_860822.pdf,1
tender,860822,belongs to project,project,pr0083,,Tender Notice_PDFs/RDA_Tender_860822.pdf,1
organization,og0005,part of,organization,og0004,,Tender Notice_PDFs/RDA_Tender_860823.pdf,1
organization,og0004,part of,organization,og0001,,Tender Notice_PDFs/RDA_Tender_860823.pdf,1
person,pp0002,invited tender,tender,860823,Superintending Engineer,Tender Notice_PDFs/RDA_Tender_860823.pdf,1
organization,og0005,advertised,tender,860823,,Tender Notice_PDFs/RDA_Tender_860823.pdf,1
tender,860823,belongs to project,project,pr0083,,Tender Notice_PDFs/RDA_Tender_860823.pdf,1
organization,og0005,part of,organization,og0004,,Tender Notice_PDFs/RDA_Tender_860824.pdf,1
organization,og0004,part of,organization,og0001,,Tender Notice_PDFs/RDA_Tender_860824.pdf,1
person,pp0002,invited tender,tender,860824,Superintending Engineer,Tender Notice_PDFs/RDA_Tender_860824.pdf,1
organization,og0005,advertised,tender,860824,,Tender Notice_PDFs/RDA_Tender_860824.pdf,1
tender,860824,belongs to project,project,pr0083,,Tender Notice_PDFs/RDA_Tender_860824.pdf,1
organization,og0030,part of,organization,og0004,,Tender Notice_PDFs/RDA_Tender_880238.pdf,1
organization,og0004,part of,organization,og0001,,Tender Notice_PDFs/RDA_Tender_880238.pdf,1
person,pp0002,invited tender,tender,880238,Executive Engineer,Tender Notice_PDFs/RDA_Tender_880238.pdf,1
organization,og0030,advertised,tender,880238,,Tender Notice_PDFs/RDA_Tender_880238.pdf,1
tender,880238,belongs to project,project,pr0083,,Tender Notice_PDFs/RDA_Tender_880238.pdf,1
organization,og0030,part of,organization,og0004,,Tender Notice_PDFs/RDA_Tender_929618.pdf,1
organization,og0004,part of,organization,og0001,,Tender Notice_PDFs/RDA_Tender_929618.pdf,1
person,pp0002,invited tender,tender,929618,Executive Engineer,Tender Notice_PDFs/RDA_Tender_929618.pdf,1
organization,og0030,advertised,tender,929618,,Tender Notice_PDFs/RDA_Tender_929618.pdf,1
tender,929618,belongs to project,project,pr0083,,Tender Notice_PDFs/RDA_Tender_929618.pdf,1
organization,og0030,part of,organization,og0004,,Tender Notice_PDFs/RDA_Tender_935036.pdf,1
organization,og0004,part of,organization,og0001,,Tender Notice_PDFs/RDA_Tender_935036.pdf,1
person,pp0002,invited tender,tender,935036,Executive Engineer,Tender Notice_PDFs/RDA_Tender_935036.pdf,1
organization,og0030,advertised,tender,935036,,Tender Notice_PDFs/RDA_Tender_935036.pdf,1
tender,935036,belongs to project,project,pr0082,,Tender Notice_PDFs/RDA_Tender_935036.pdf,1
organization,og0030,part of,organization,og0004,,Tender Notice_PDFs/RDA_Tender_935037.pdf,1
organization,og0004,part of,organization,og0001,,Tender Notice_PDFs/RDA_Tender_935037.pdf,1
person,pp0002,invited tender,tender,935037,Executive Engineer,Tender Notice_PDFs/RDA_Tender_935037.pdf,1
organization,og0030,advertised,tender,935037,,Tender Notice_PDFs/RDA_Tender_935037.pdf,1
tender,935037,belongs to project,project,pr0082,,Tender Notice_PDFs/RDA_Tender_935037.pdf,1
organization,og0005,part of,organization,og0004,,Tender Notice_PDFs/RDA_Tender_935862.pdf,1
organization,og0004,part of,organization,og0001,,Tender Notice_PDFs/RDA_Tender_935862.pdf,1
person,pp0002,invited tender,tender,935862,Superintending Engineer,Tender Notice_PDFs/RDA_Tender_935862.pdf,1
organization,og0005,advertised,tender,935862,,Tender Notice_PDFs/RDA_Tender_935862.pdf,1
tender,935862,belongs to project,project,pr0002,,Tender Notice_PDFs/RDA_Tender_935862.pdf,1
organization,og0005,part of,organization,og0004,,Tender Notice_PDFs/RDA_Tender_935863.pdf,1
organization,og0004,part of,organization,og0001,,Tender Notice_PDFs/RDA_Tender_935863.pdf,1
person,pp0002,invited tender,tender,935863,Superintending Engineer,Tender Notice_PDFs/RDA_Tender_935863.pdf,1
organization,og0005,advertised,tender,935863,,Tender Notice_PDFs/RDA_Tender_935863.pdf,1
tender,935863,belongs to project,project,pr0002,,Tender Notice_PDFs/RDA_Tender_935863.pdf,1
organization,og0030,part of,organization,og0004,,Tender Notice_PDFs/RDA_Tender_941511.pdf,1
organization,og0004,part of,organization,og0001,,Tender Notice_PDFs/RDA_Tender_941511.pdf,1
person,pp0002,invited tender,tender,941511,Executive Engineer,Tender Notice_PDFs/RDA_Tender_941511.pdf,1
organization,og0030,advertised,tender,941511,,Tender Notice_PDFs/RDA_Tender_941511.pdf,1
tender,941511,belongs to project,project,pr0083,,Tender Notice_PDFs/RDA_Tender_941511.pdf,1
organization,og0030,part of,organization,og0004,,Tender Notice_PDFs/RDA_Tender_941590.pdf,1
organization,og0004,part of,organization,og0001,,Tender Notice_PDFs/RDA_Tender_941590.pdf,1
person,pp0002,invited tender,tender,941590,Executive Engineer,Tender Notice_PDFs/RDA_Tender_941590.pdf,1
organization,og0030,advertised,tender,941590,,Tender Notice_PDFs/RDA_Tender_941590.pdf,1
tender,941590,belongs to project,project,pr0082,,Tender Notice_PDFs/RDA_Tender_941590.pdf,1
organization,og0005,part of,organization,og0004,,Tender Notice_PDFs/RDA_Tender_941603.pdf,1
organization,og0004,part of,organization,og0001,,Tender Notice_PDFs/RDA_Tender_941603.pdf,1
person,pp0002,invited tender,tender,941603,Superintending Engineer,Tender Notice_PDFs/RDA_Tender_941603.pdf,1
organization,og0005,advertised,tender,941603,,Tender Notice_PDFs/RDA_Tender_941603.pdf,1
tender,941603,belongs to project,project,pr0002,,Tender Notice_PDFs/RDA_Tender_941603.pdf,1
organization,og0030,part of,organization,og0004,,Tender Notice_PDFs/RDA_Tender_960601.pdf,1
organization,og0004,part of,organization,og0001,,Tender Notice_PDFs/RDA_Tender_960601.pdf,1
person,pp0002,invited tender,tender,960601,Executive Engineer,Tender Notice_PDFs/RDA_Tender_960601.pdf,1
organization,og0030,advertised,tender,960601,,Tender Notice_PDFs/RDA_Tender_960601.pdf,1
tender,960601,belongs to project,project,pr0093,,Tender Notice_PDFs/RDA_Tender_960601.pdf,1
organization,og0005,part of,organization,og0004,,Tender Notice_PDFs/RDA_Tender_961984.pdf,1
organization,og0004,part of,organization,og0001,,Tender Notice_PDFs/RDA_Tender_961984.pdf,1
person,pp0002,invited tender,tender,961984,Superintending Engineer,Tender Notice_PDFs/RDA_Tender_961984.pdf,1
organization,og0005,advertised,tender,961984,,Tender Notice_PDFs/RDA_Tender_961984.pdf,1
tender,961984,belongs to project,project,pr0002,,Tender Notice_PDFs/RDA_Tender_961984.pdf,1
organization,og0005,part of,organization,og0004,,Tender Notice_PDFs/RDA_Tender_976553.pdf,1
organization,og0004,part of,organization,og0001,,Tender Notice_PDFs/RDA_Tender_976553.pdf,1
person,pp0002,invited tender,tender,976553,Superintending Engineer,Tender Notice_PDFs/RDA_Tender_976553.pdf,1
organization,og0005,advertised,tender,976553,,Tender Notice_PDFs/RDA_Tender_976553.pdf,1
tender,976553,belongs to project,project,pr0002,,Tender Notice_PDFs/RDA_Tender_976553.pdf,1
organization,og0030,part of,organization,og0004,,Tender Notice_PDFs/RDA_Tender_984364.pdf,1
organization,og0004,part of,organization,og0001,,Tender Notice_PDFs/RDA_Tender_984364.pdf,1
person,pp0002,invited tender,tender,984364,Executive Engineer,Tender Notice_PDFs/RDA_Tender_984364.pdf,1
organization,og0030,advertised,tender,984364,,Tender Notice_PDFs/RDA_Tender_984364.pdf,1
tender,984364,belongs to project,project,pr0083,,Tender Notice_PDFs/RDA_Tender_984364.pdf,1
organization,og0030,part of,organization,og0004,,Tender Notice_PDFs/RDA_Tender_98996.pdf,1
organization,og0004,part of,organization,og0001,,Tender Notice_PDFs/RDA_Tender_98996.pdf,1
person,pp0136,invited tender,tender,98996,Chaiman,Tender Notice_PDFs/RDA_Tender_98996.pdf,1
organization,og0030,advertised,tender,98996,,Tender Notice_PDFs/RDA_Tender_98996.pdf,1
tender,98996,belongs to project,project,pr0090,,Tender Notice_PDFs/RDA_Tender_98996.pdf,1
