"tender_id","agency","procuring_entity","package_description","record_type","bidder_name","bidder_name_normalised","bid_amount","responsive_status","qualified_status","technical_status","rejection_reason","rejected_requirement","beneficial_owner_name","ownership_percentage","owner_country","source_file","page_number","evidence_excerpt","note"
"1001782","CDA","Project Director (CDA Square)","Supply, Installation, Testing & Commissioning of Lift at CDA SQUARE Project (Lot-2).","AWARDED_BIDDER","CPDL LTD.","CPDL LTD","52490000.53","responsive","qualified","","not_applicable_won_the_contract","not_applicable","","","","Tender_1001782.pdf","1","Contract Value (Taka): 52490000.53; Name of Supplier/Contractor/Consultant: CPDL LTD.","bid amount equals the awarded contract value as printed on the award notice"
"1001843","CDA","Project Director (CDA Square)","CCTV, IP System & Fire Fighting Remaining Works at CDA SQUARE Project, Chattogram.","AWARDED_BIDDER","MS TECHNOLOGIES LIMITED","TECHNOLOGIES LTD","24247478.31","responsive","qualified","","not_applicable_won_the_contract","not_applicable","","","","Tender_1001843.pdf","1","Contract Value (Taka): 24247478.31; Name of Supplier/Contractor/Consultant: MS TECHNOLOGIES LIMITED","bid amount equals the awarded contract value as printed on the award notice"
"100483","CDA","Project Director(Silimpur)","Site Development/Improvement Retaining wall & R.C.C L-Canal & ancillary works of Silimpur R/A East","AWARDED_BIDDER","M/S. Raquib & Brothers","RAQUIB BROTHERS","53515977.89","responsive","qualified","","not_applicable_won_the_contract","not_applicable","","","","Tender_100483.pdf","1","Contract Value (Taka): 53515977.89; Name of Supplier/Contractor/Consultant: M/S. Raquib & Brothers","bid amount equals the awarded contract value as printed on the award notice"
"101083","CDA","Project Director(DC Road)","Construction work of affected areas boundary wall column septic tank water tank silk coat road marking and ancillary work under the project of widening and improvement of DC Road.","AWARDED_BIDDER","M/S. Mohshin & Brothers","MOHSHIN BROTHERS","3963689.31","responsive","qualified","","not_applicable_won_the_contract","not_applicable","","","","Tender_101083.pdf","1","Contract Value (Taka): 3963689.31; Name of Supplier/Contractor/Consultant: M/S. Mohshin & Brothers","bid amount equals the awarded contract value as printed on the award notice"
"101083","CDA","Project Director(DC Road)","Construction work of affected areas boundary wall column septic tank water tank silk coat road marking and ancillary work under the project of widening and improvement of DC Road.","UNNAMED_REJECTED_BIDDERS_AGGREGATE","","","","non_responsive","not_qualified","","","","","","","Tender_101083.pdf","1","Received: 3; Responsive: 2 (difference is the rejected count)","count is derived as received minus responsive; 1 bidder(s)"
"1023333","CDA","Construction Division-1, Chattogram Development Authority","Remaining Works at CDA Dewanhat Apartment Complex, Chattogram.","AWARDED_BIDDER","M/S. Amanat Enterprise","AMANAT ENTERPRISE","11731574.38","responsive","qualified","","not_applicable_won_the_contract","not_applicable","","","","Tender_1023333.pdf","1","Contract Value (Taka): 11731574.38; Name of Supplier/Contractor/Consultant: M/S. Amanat Enterprise","bid amount equals the awarded contract value as printed on the award notice"
"1023333","CDA","Construction Division-1, Chattogram Development Authority","Remaining Works at CDA Dewanhat Apartment Complex, Chattogram.","UNNAMED_REJECTED_BIDDERS_AGGREGATE","","","","non_responsive","not_qualified","","","","","","","Tender_1023333.pdf","1","Received: 2; Responsive: 1 (difference is the rejected count)","count is derived as received minus responsive; 1 bidder(s)"
"1028832","CDA","Project Director (CDA Square)","Swimming Pool, Jacuzzi, Sauna, Fountain & Ancilary Work at CDA Square Project","AWARDED_BIDDER","md abu musa","MD ABU MUSA","8988920.10","responsive","qualified","","not_applicable_won_the_contract","not_applicable","","","","Tender_1028832.pdf","1","Contract Value (Taka): 8988920.10; Name of Supplier/Contractor/Consultant: md abu musa","bid amount equals the awarded contract value as printed on the award notice"
"1028832","CDA","Project Director (CDA Square)","Swimming Pool, Jacuzzi, Sauna, Fountain & Ancilary Work at CDA Square Project","UNNAMED_REJECTED_BIDDERS_AGGREGATE","","","","non_responsive","not_qualified","","","","","","","Tender_1028832.pdf","1","Received: 7; Responsive: 4 (difference is the rejected count)","count is derived as received minus responsive; 3 bidder(s)"
"108836","CDA","Project Director (Muradpur Flyover)","Removal of existing 33/11/.4 KV electric pole sub-station and road crossing line from alignment and re-installation work by alternative method under construction of Muradpur 2 no. Gate and GEC Junction Flyover 2 no. gate to Lalkhan bazaar and 2 no. g","AWARDED_BIDDER","TD Trading","TD TRADING","35818234.17","responsive","qualified","","not_applicable_won_the_contract","not_applicable","","","","Tender_108836.pdf","1","Contract Value (Taka): 35818234.17; Name of Supplier/Contractor/Consultant: TD Trading","bid amount equals the awarded contract value as printed on the award notice"
"110297","CDA","Project Director (Saltgola)","Construction of 6 Storied Building with 2 basement including 20 storied Foundation integrated civil works like casting situ pile mat foundation sub-structure work super structure work sanitary and plumbing work internal electrical work installation o","AWARDED_BIDDER","The Engineers & Architects Limited","THE ENGINEERS ARCHITECTS LTD","495240760.34","responsive","qualified","","not_applicable_won_the_contract","not_applicable","","","","Tender_110297.pdf","1","Contract Value (Taka): 495240760.34; Name of Supplier/Contractor/Consultant: The Engineers & Architects Limited","bid amount equals the awarded contract value as printed on the award notice"
"110297","CDA","Project Director (Saltgola)","Construction of 6 Storied Building with 2 basement including 20 storied Foundation integrated civil works like casting situ pile mat foundation sub-structure work super structure work sanitary and plumbing work internal electrical work installation o","UNNAMED_REJECTED_BIDDERS_AGGREGATE","","","","non_responsive","not_qualified","","","","","","","Tender_110297.pdf","1","Received: 5; Responsive: 2 (difference is the rejected count)","count is derived as received minus responsive; 3 bidder(s)"
"1128572","CDA","Project Director(M.Uddin), Chittagong Development Authority","Installation of Gas pipe line connection works for installation of prepaid meter at CDA hill, CDA office, Mehedibag CDA staff Quarter Chattogram.","AWARDED_BIDDER","M/S. Haroon & Brothers","HAROON BROTHERS","1875002.61","responsive","qualified","","not_applicable_won_the_contract","not_applicable","","","","Tender_1128572.pdf","1","Contract Value (Taka): 1875002.61; Name of Supplier/Contractor/Consultant: M/S. Haroon & Brothers","bid amount equals the awarded contract value as printed on the award notice"
"1128572","CDA","Project Director(M.Uddin), Chittagong Development Authority","Installation of Gas pipe line connection works for installation of prepaid meter at CDA hill, CDA office, Mehedibag CDA staff Quarter Chattogram.","UNNAMED_REJECTED_BIDDERS_AGGREGATE","","","","non_responsive","not_qualified","","","","","","","Tender_1128572.pdf","1","Received: 3; Responsive: 1 (difference is the rejected count)","count is derived as received minus responsive; 2 bidder(s)"
"114570","CDA","Project Director (MehedibagSQ)","Renovation and other work of 07no building at CDA Mehedibag staff Quarter","AWARDED_BIDDER","M/S. R S A TRADE INTERNATIONAL","R S A TRADE INTERNATIONAL","4197894.52","responsive","qualified","","not_applicable_won_the_contract","not_applicable","","","","Tender_114570.pdf","1","Contract Value (Taka): 4197894.52; Name of Supplier/Contractor/Consultant: M/S. R S A TRADE INTERNATIONAL","bid amount equals the awarded contract value as printed on the award notice"
"114570","CDA","Project Director (MehedibagSQ)","Renovation and other work of 07no building at CDA Mehedibag staff Quarter","UNNAMED_REJECTED_BIDDERS_AGGREGATE","","","","non_responsive","not_qualified","","","","","","","Tender_114570.pdf","1","Received: 15; Responsive: 4 (difference is the rejected count)","count is derived as received minus responsive; 11 bidder(s)"
"1231413","CDA","Management Information System (MIS)","Supply and Installation of 64 battery and related works","AWARDED_BIDDER","B & S ENGINEERING","B S ENGINEERING","2054979.68","responsive","qualified","","not_applicable_won_the_contract","not_applicable","","","","Tender_1231413.pdf","1","Contract Value (Taka): 2054979.68; Name of Supplier/Contractor/Consultant: B & S ENGINEERING","bid amount equals the awarded contract value as printed on the award notice"
"1231413","CDA","Management Information System (MIS)","Supply and Installation of 64 battery and related works","DISCLOSED_BENEFICIAL_OWNER_OF_WINNER","B & S ENGINEERING","B S ENGINEERING","","","","","","","MD. ABDUL BARI                                 Proprietor","100.00","","Tender_1231413.pdf","1","Beneficial Ownership Information row: MD. ABDUL BARI                                 Proprietor, 100.00%,","printed on the award notice under ITT 68.1 / Format e-PG3A-C"
"1267626","CDA","Management Information System (MIS)","Procurement of toner for printers of different department of CDA","AWARDED_BIDDER","Fatema Construction BD","FATEMA CONSTRUCTION BD","579500.00","responsive","qualified","","not_applicable_won_the_contract","not_applicable","","","","Tender_1267626.pdf","1","Contract Value (Taka): 579500.00; Name of Supplier/Contractor/Consultant: Fatema Construction BD","bid amount equals the awarded contract value as printed on the award notice"
"1267626","CDA","Management Information System (MIS)","Procurement of toner for printers of different department of CDA","DISCLOSED_BENEFICIAL_OWNER_OF_WINNER","Fatema Construction BD","FATEMA CONSTRUCTION BD","","","","","","","MD. NAZIM UDDIN","100.00","","Tender_1267626.pdf","1","Beneficial Ownership Information row: MD. NAZIM UDDIN, 100.00%,","printed on the award notice under ITT 68.1 / Format e-PG3A-C"
"15000","CDA","Grid Maintenance Division, Comilla","4 nos IP based security surveillance system camera supply and commissioning at Comilla (N) 230 kv Grid Substation under GMD, Comilla.","AWARDED_BIDDER","OptiNet","OPTINET","280119.68","responsive","qualified","","not_applicable_won_the_contract","not_applicable","","","","Tender_15000.pdf","1","Contract Value (Taka): 280119.68; Name of Supplier/Contractor/Consultant: OptiNet","bid amount equals the awarded contract value as printed on the award notice"
"189939","CDA","Project Director (Muradpur Flyover)","Beautification work from Lalkanbazar to Hotel Peninsula under construction of flyover at Muradpur gate no.-2 & Gec junction chittagong.","AWARDED_BIDDER","M/S. R.S. Enterprise","R S ENTERPRISE","25693375.03","responsive","qualified","","not_applicable_won_the_contract","not_applicable","","","","Tender_189939.pdf","1","Contract Value (Taka): 25693375.03; Name of Supplier/Contractor/Consultant: M/S. R.S. Enterprise","bid amount equals the awarded contract value as printed on the award notice"
"189939","CDA","Project Director (Muradpur Flyover)","Beautification work from Lalkanbazar to Hotel Peninsula under construction of flyover at Muradpur gate no.-2 & Gec junction chittagong.","UNNAMED_REJECTED_BIDDERS_AGGREGATE","","","","non_responsive","not_qualified","","","","","","","Tender_189939.pdf","1","Received: 2; Responsive: 1 (difference is the rejected count)","count is derived as received minus responsive; 1 bidder(s)"
"189944","CDA","Project Director (Muradpur Flyover)","Beautification work from Hotel Peninsula to N Mohammed convention center under construction of flyover at Muradpur gate no.-2 & Gec junction chittagong.","AWARDED_BIDDER","M/S. AS - RAS Trading (JV)","AS RAS TRADING","79537860.01","responsive","qualified","","not_applicable_won_the_contract","not_applicable","","","","Tender_189944.pdf","1","Contract Value (Taka): 79537860.01; Name of Supplier/Contractor/Consultant: M/S. AS - RAS Trading (JV) ( JVCA Partners [Business Share]: M/S. Abdus Salam [0.000%] , M/S RASHIA&SONS TRADING [0.000%] )","bid amount equals the awarded contract value as printed on the award notice"
"189944","CDA","Project Director (Muradpur Flyover)","Beautification work from Hotel Peninsula to N Mohammed convention center under construction of flyover at Muradpur gate no.-2 & Gec junction chittagong.","JV_PARTNER_OF_WINNER","M/S. Abdus Salam","ABDUS SALAM","","responsive_as_part_of_the_winning_joint_venture","qualified_as_part_of_the_joint_venture","","","","","NOT_PUBLISHED_PRINTED_AS_0.000","","Tender_189944.pdf","1","JVCA Partners [Business Share]: M/S. Abdus Salam [0.000%]","the portal printed a 0.000% share, so no value is attributed"
"189944","CDA","Project Director (Muradpur Flyover)","Beautification work from Hotel Peninsula to N Mohammed convention center under construction of flyover at Muradpur gate no.-2 & Gec junction chittagong.","JV_PARTNER_OF_WINNER","M/S RASHIA&SONS TRADING","RASHIA SONS TRADING","","responsive_as_part_of_the_winning_joint_venture","qualified_as_part_of_the_joint_venture","","","","","NOT_PUBLISHED_PRINTED_AS_0.000","","Tender_189944.pdf","1","JVCA Partners [Business Share]: M/S RASHIA&SONS TRADING [0.000%]","the portal printed a 0.000% share, so no value is attributed"
"192714","CDA","Management Information System (MIS)","Supply of Computer Accessories Battery for APC 20 KV Online UPS Harddisk for Dell Server & Air Conditioner for Power Station Room & Server Room for CDA.","AWARDED_BIDDER","Smart Digital Technologies","SMART DIGITAL TECHNOLOGIES","1480801.07","responsive","qualified","","not_applicable_won_the_contract","not_applicable","","","","Tender_192714.pdf","1","Contract Value (Taka): 1480801.07; Name of Supplier/Contractor/Consultant: Smart Digital Technologies","bid amount equals the awarded contract value as printed on the award notice"
"192714","CDA","Management Information System (MIS)","Supply of Computer Accessories Battery for APC 20 KV Online UPS Harddisk for Dell Server & Air Conditioner for Power Station Room & Server Room for CDA.","UNNAMED_REJECTED_BIDDERS_AGGREGATE","","","","non_responsive","not_qualified","","","","","","","Tender_192714.pdf","1","Received: 4; Responsive: 1 (difference is the rejected count)","count is derived as received minus responsive; 3 bidder(s)"
"200650","CDA","Project Director(Silimpur)","Construction of the road and drain work at CDA Silimpur Residential Area Extension East at Silimpur Chittagong.","AWARDED_BIDDER","M/S. Raquib & Brothers","RAQUIB BROTHERS","21090113.16","responsive","qualified","","not_applicable_won_the_contract","not_applicable","","","","Tender_200650.pdf","1","Contract Value (Taka): 21090113.16; Name of Supplier/Contractor/Consultant: M/S. Raquib & Brothers","bid amount equals the awarded contract value as printed on the award notice"
"200650","CDA","Project Director(Silimpur)","Construction of the road and drain work at CDA Silimpur Residential Area Extension East at Silimpur Chittagong.","UNNAMED_REJECTED_BIDDERS_AGGREGATE","","","","non_responsive","not_qualified","","","","","","","Tender_200650.pdf","1","Received: 2; Responsive: 1 (difference is the rejected count)","count is derived as received minus responsive; 1 bidder(s)"
"201012","CDA","Project Director(Silimpur)","Supplying Fitting Fixing & laying natural gas connection and construction of 150 mm dia water supply line at Silimpur proposed CDA housing plot Sitakundo Chittagong.","AWARDED_BIDDER","M/S Habib Enterprise","HABIB ENTERPRISE","8525749.69","responsive","qualified","","not_applicable_won_the_contract","not_applicable","","","","Tender_201012.pdf","1","Contract Value (Taka): 8525749.69; Name of Supplier/Contractor/Consultant: M/S Habib Enterprise","bid amount equals the awarded contract value as printed on the award notice"
"201451","CDA","Project Director(Silimpur)","Electrification work at proposed CDA Silimpur Residential Area East","AWARDED_BIDDER","M/S Habib Enterprise","HABIB ENTERPRISE","6827889.19","responsive","qualified","","not_applicable_won_the_contract","not_applicable","","","","Tender_201451.pdf","1","Contract Value (Taka): 6827889.19; Name of Supplier/Contractor/Consultant: M/S Habib Enterprise","bid amount equals the awarded contract value as printed on the award notice"
"212401","CDA","Project Division","Maintenance Renovation & Ancillary work of CDA Banani Rest House at Dhaka","AWARDED_BIDDER","M/S. Raquib & Brothers","RAQUIB BROTHERS","7370590.50","responsive","qualified","","not_applicable_won_the_contract","not_applicable","","","","Tender_212401.pdf","1","Contract Value (Taka): 7370590.50; Name of Supplier/Contractor/Consultant: M/S. Raquib & Brothers","bid amount equals the awarded contract value as printed on the award notice"
"215555","CDA","Project Director (Muradpur Flyover)","Supply and installation of 03 Nos 100kva 11/0.4 kv outdoor substation In line & other related works for Aktharuzzaman Flyovers PDB line connection under the project of construction of Flyover at Muradpur gate no.2 & GEC Junction.","AWARDED_BIDDER","M/s. Sohel Incorporation","SOHEL INCORPORATION","5058783.36","responsive","qualified","","not_applicable_won_the_contract","not_applicable","","","","Tender_215555.pdf","1","Contract Value (Taka): 5058783.36; Name of Supplier/Contractor/Consultant: M/s. Sohel Incorporation","bid amount equals the awarded contract value as printed on the award notice"
"223246","CDA","Project Director (CDA Square)","Construction of 18 storied & 19 storied residential building with basement pile capMat foundation underground basement Water tank Septic tank Super structuredeep tube-wells Internal Sanitary and plumbing workWater Supply Gas Connection internal elect","AWARDED_BIDDER","M Jamal & Company Limited","M JAMAL COMPANY LTD","632060295.57","responsive","qualified","","not_applicable_won_the_contract","not_applicable","","","","Tender_223246.pdf","1","Contract Value (Taka): 632060295.57; Name of Supplier/Contractor/Consultant: M Jamal & Company Limited","bid amount equals the awarded contract value as printed on the award notice"
"223246","CDA","Project Director (CDA Square)","Construction of 18 storied & 19 storied residential building with basement pile capMat foundation underground basement Water tank Septic tank Super structuredeep tube-wells Internal Sanitary and plumbing workWater Supply Gas Connection internal elect","UNNAMED_REJECTED_BIDDERS_AGGREGATE","","","","non_responsive","not_qualified","","","","","","","Tender_223246.pdf","1","Received: 3; Responsive: 2 (difference is the rejected count)","count is derived as received minus responsive; 1 bidder(s)"
"234888","CDA","Project Director(M.Uddin)","Painting weather Coat and related works outer side of CDA Annex building","AWARDED_BIDDER","M/S. Gulzar Trading","GULZAR TRADING","1321574.08","responsive","qualified","","not_applicable_won_the_contract","not_applicable","","","","Tender_234888.pdf","1","Contract Value (Taka): 1321574.08; Name of Supplier/Contractor/Consultant: M/S. Gulzar Trading","bid amount equals the awarded contract value as printed on the award notice"
"234888","CDA","Project Director(M.Uddin)","Painting weather Coat and related works outer side of CDA Annex building","UNNAMED_REJECTED_BIDDERS_AGGREGATE","","","","non_responsive","not_qualified","","","","","","","Tender_234888.pdf","1","Received: 5; Responsive: 3 (difference is the rejected count)","count is derived as received minus responsive; 2 bidder(s)"
"235131","CDA","Project Director(M.Uddin)","Painting weather Coat and related works outer wall of CDA office building","AWARDED_BIDDER","M/S. S.K. Traders & Suppliers","S K TRADERS SUPPLIERS","2070872.24","responsive","qualified","","not_applicable_won_the_contract","not_applicable","","","","Tender_235131.pdf","1","Contract Value (Taka): 2070872.24; Name of Supplier/Contractor/Consultant: M/S. S.K. Traders & Suppliers","bid amount equals the awarded contract value as printed on the award notice"
"235131","CDA","Project Director(M.Uddin)","Painting weather Coat and related works outer wall of CDA office building","UNNAMED_REJECTED_BIDDERS_AGGREGATE","","","","non_responsive","not_qualified","","","","","","","Tender_235131.pdf","1","Received: 2; Responsive: 1 (difference is the rejected count)","count is derived as received minus responsive; 1 bidder(s)"
"235166","CDA","Project Director(M.Uddin)","Construction of Raising Floor and necessary work for Building No- 04 and 09 of CDA mehedibag Staff Quarter","AWARDED_BIDDER","M/S. National Builders","NATIONAL BUILDERS","2109152.80","responsive","qualified","","not_applicable_won_the_contract","not_applicable","","","","Tender_235166.pdf","1","Contract Value (Taka): 2109152.80; Name of Supplier/Contractor/Consultant: M/S. National Builders","bid amount equals the awarded contract value as printed on the award notice"
"303865","CDA","Project Director(Mohammad Hasan)","RCC work Brick wall tiles terracota and related works","AWARDED_BIDDER","M/S. Mohshin & Brothers","MOHSHIN BROTHERS","4703277.86","responsive","qualified","","not_applicable_won_the_contract","not_applicable","","","","Tender_303865.pdf","1","Contract Value (Taka): 4703277.86; Name of Supplier/Contractor/Consultant: M/S. Mohshin & Brothers","bid amount equals the awarded contract value as printed on the award notice"
"309557","CDA","Project Director(M.Uddin)","Maintenance and other related works of CDA hill Banglow No.-02","AWARDED_BIDDER","M/S. Gulzar Trading","GULZAR TRADING","2990847.65","responsive","qualified","","not_applicable_won_the_contract","not_applicable","","","","Tender_309557.pdf","1","Contract Value (Taka): 2990847.65; Name of Supplier/Contractor/Consultant: M/S. Gulzar Trading","bid amount equals the awarded contract value as printed on the award notice"
"342502","CDA","Project Director(Rajib Das)","Maintenance work of Oxyzen quaish Road","AWARDED_BIDDER","S. Ananta - Abdus Salam (JV)","S ANANTA ABDUS SALAM","70658480.50","responsive","qualified","","not_applicable_won_the_contract","not_applicable","","","","Tender_342502.pdf","1","Contract Value (Taka): 70658480.50; Name of Supplier/Contractor/Consultant: S. Ananta - Abdus Salam (JV) ( JVCA Partners [Business Share]: M/S. Abdus Salam [49.000%] , S. Ananta Bikash Tripura [51.000%] )","bid amount equals the awarded contract value as printed on the award notice"
"342502","CDA","Project Director(Rajib Das)","Maintenance work of Oxyzen quaish Road","JV_PARTNER_OF_WINNER","M/S. Abdus Salam","ABDUS SALAM","34622655.45","responsive_as_part_of_the_winning_joint_venture","qualified_as_part_of_the_joint_venture","","","","","49.000","","Tender_342502.pdf","1","JVCA Partners [Business Share]: M/S. Abdus Salam [49.000%]","bid_amount here is the partner's declared share of the contract value, not a separately published bid"
"342502","CDA","Project Director(Rajib Das)","Maintenance work of Oxyzen quaish Road","JV_PARTNER_OF_WINNER","S. Ananta Bikash Tripura","S ANANTA BIKASH TRIPURA","36035825.06","responsive_as_part_of_the_winning_joint_venture","qualified_as_part_of_the_joint_venture","","","","","51.000","","Tender_342502.pdf","1","JVCA Partners [Business Share]: S. Ananta Bikash Tripura [51.000%]","bid_amount here is the partner's declared share of the contract value, not a separately published bid"
"342502","CDA","Project Director(Rajib Das)","Maintenance work of Oxyzen quaish Road","UNNAMED_REJECTED_BIDDERS_AGGREGATE","","","","non_responsive","not_qualified","","","","","","","Tender_342502.pdf","1","Received: 8; Responsive: 4 (difference is the rejected count)","count is derived as received minus responsive; 4 bidder(s)"
"360423","CDA","Project Director(M.Uddin)","Renovation and Others Related Works of Electrical Sub-station and Rest House of CDA Building.","AWARDED_BIDDER","M/S. Gulzar Trading","GULZAR TRADING","3555766.80","responsive","qualified","","not_applicable_won_the_contract","not_applicable","","","","Tender_360423.pdf","1","Contract Value (Taka): 3555766.80; Name of Supplier/Contractor/Consultant: M/S. Gulzar Trading","bid amount equals the awarded contract value as printed on the award notice"
"360423","CDA","Project Director(M.Uddin)","Renovation and Others Related Works of Electrical Sub-station and Rest House of CDA Building.","UNNAMED_REJECTED_BIDDERS_AGGREGATE","","","","non_responsive","not_qualified","","","","","","","Tender_360423.pdf","1","Received: 4; Responsive: 1 (difference is the rejected count)","count is derived as received minus responsive; 3 bidder(s)"
"387658","CDA","Project Director(M.Uddin)","Installation Of Water Treatment Plant with Shed and Other related Works at CDA Hill.","AWARDED_BIDDER","M/S. Nice Enterprise","NICE ENTERPRISE","1018755.63","responsive","qualified","","not_applicable_won_the_contract","not_applicable","","","","Tender_387658.pdf","1","Contract Value (Taka): 1018755.63; Name of Supplier/Contractor/Consultant: M/S. Nice Enterprise","bid amount equals the awarded contract value as printed on the award notice"
"387658","CDA","Project Director(M.Uddin)","Installation Of Water Treatment Plant with Shed and Other related Works at CDA Hill.","UNNAMED_REJECTED_BIDDERS_AGGREGATE","","","","non_responsive","not_qualified","","","","","","","Tender_387658.pdf","1","Received: 3; Responsive: 1 (difference is the rejected count)","count is derived as received minus responsive; 2 bidder(s)"
"398199","CDA","Electrical & Mechanical Engineering (EME)","Supply Installation Testing and commissioning of 400KVA Sub station at CDA office Building","AWARDED_BIDDER","M/s Anas Trading International","ANAS TRADING INTERNATIONAL","4787600.82","responsive","qualified","","not_applicable_won_the_contract","not_applicable","","","","Tender_398199.pdf","1","Contract Value (Taka): 4787600.82; Name of Supplier/Contractor/Consultant: M/s Anas Trading International","bid amount equals the awarded contract value as printed on the award notice"
"398199","CDA","Electrical & Mechanical Engineering (EME)","Supply Installation Testing and commissioning of 400KVA Sub station at CDA office Building","UNNAMED_REJECTED_BIDDERS_AGGREGATE","","","","non_responsive","not_qualified","","","","","","","Tender_398199.pdf","1","Received: 10; Responsive: 4 (difference is the rejected count)","count is derived as received minus responsive; 6 bidder(s)"
"409461","CDA","Electrical & Mechanical Engineering (EME)","Supply Installation Testing and commissioning of 300KVA Stand-by Generator at CDA office Building","AWARDED_BIDDER","Dulal Enterprise (Pvt) Ltd.","DULAL ENTERPRISE LTD","4399000.04","responsive","qualified","","not_applicable_won_the_contract","not_applicable","","","","Tender_409461.pdf","1","Contract Value (Taka): 4399000.04; Name of Supplier/Contractor/Consultant: Dulal Enterprise (Pvt) Ltd.","bid amount equals the awarded contract value as printed on the award notice"
"409461","CDA","Electrical & Mechanical Engineering (EME)","Supply Installation Testing and commissioning of 300KVA Stand-by Generator at CDA office Building","UNNAMED_REJECTED_BIDDERS_AGGREGATE","","","","non_responsive","not_qualified","","","","","","","Tender_409461.pdf","1","Received: 10; Responsive: 3 (difference is the rejected count)","count is derived as received minus responsive; 7 bidder(s)"
"410561","CDA","Project Director(M.Uddin)","Renewing of fencing around Banglow No. -2 Footpath Tiles and other related works at CDA Hill.","AWARDED_BIDDER","M/S. Khaja G.N Enterpriser","KHAJA G N ENTERPRISER","1876490.29","responsive","qualified","","not_applicable_won_the_contract","not_applicable","","","","Tender_410561.pdf","1","Contract Value (Taka): 1876490.29; Name of Supplier/Contractor/Consultant: M/S. Khaja G.N Enterpriser","bid amount equals the awarded contract value as printed on the award notice"
"410561","CDA","Project Director(M.Uddin)","Renewing of fencing around Banglow No. -2 Footpath Tiles and other related works at CDA Hill.","UNNAMED_REJECTED_BIDDERS_AGGREGATE","","","","non_responsive","not_qualified","","","","","","","Tender_410561.pdf","1","Received: 2; Responsive: 1 (difference is the rejected count)","count is derived as received minus responsive; 1 bidder(s)"
"423315","CDA","Management Information System (MIS)","Maintenance and Support work for CDA IT System","AWARDED_BIDDER","Innovative Online Ltd.","INNOVATIVE ONLINE LTD","3910680.01","responsive","qualified","","not_applicable_won_the_contract","not_applicable","","","","Tender_423315.pdf","1","Contract Value (Taka): 3910680.01; Name of Supplier/Contractor/Consultant: Innovative Online Ltd.","bid amount equals the awarded contract value as printed on the award notice"
"427246","CDA","Project Director(M.Uddin)","Thai Partition and others Related works in Ground Floor of CDA Mehedibag Jame Mashjid at CDA Mehedibag Staff Quarter. Chattogram.","AWARDED_BIDDER","M/S. Gulzar Trading","GULZAR TRADING","844233.61","responsive","qualified","","not_applicable_won_the_contract","not_applicable","","","","Tender_427246.pdf","1","Contract Value (Taka): 844233.61; Name of Supplier/Contractor/Consultant: M/S. Gulzar Trading","bid amount equals the awarded contract value as printed on the award notice"
"427246","CDA","Project Director(M.Uddin)","Thai Partition and others Related works in Ground Floor of CDA Mehedibag Jame Mashjid at CDA Mehedibag Staff Quarter. Chattogram.","UNNAMED_REJECTED_BIDDERS_AGGREGATE","","","","non_responsive","not_qualified","","","","","","","Tender_427246.pdf","1","Received: 2; Responsive: 1 (difference is the rejected count)","count is derived as received minus responsive; 1 bidder(s)"
"42800","CDA","Office of the Executive Engineer, LGED, Chittagong","Development of Upazila H/Q to Gondamara UP Office Road (Dack Bangla-Gandamara UP to Mattabar Para Road) (Remaining Work) by BC at Ch: 3100m-4000m; Upazila: Banskhali, District: Chittagong (Road ID : 415083003).","AWARDED_BIDDER","M/S. Al-Arif Enterprise","AL ARIF ENTERPRISE","3923174.10","responsive","qualified","","not_applicable_won_the_contract","not_applicable","","","","Tender_42800.pdf","1","Contract Value (Taka): 3923174.10; Name of Supplier/Contractor/Consultant: M/S. Al-Arif Enterprise","bid amount equals the awarded contract value as printed on the award notice"
"436738","CDA","Project Director (Saltgola)","Supply installation testing and commissioning of fire protection system Hydrent System of CDA Saltgola Shopping Mall","AWARDED_BIDDER","ELECTROMECH AUTOMATION SERVICES LTD","ELECTROMECH AUTOMATION SERVICES LTD","2656104.94","responsive","qualified","","not_applicable_won_the_contract","not_applicable","","","","Tender_436738.pdf","1","Contract Value (Taka): 2656104.94; Name of Supplier/Contractor/Consultant: ELECTROMECH AUTOMATION SERVICES LTD","bid amount equals the awarded contract value as printed on the award notice"
"436738","CDA","Project Director (Saltgola)","Supply installation testing and commissioning of fire protection system Hydrent System of CDA Saltgola Shopping Mall","UNNAMED_REJECTED_BIDDERS_AGGREGATE","","","","non_responsive","not_qualified","","","","","","","Tender_436738.pdf","1","Received: 2; Responsive: 1 (difference is the rejected count)","count is derived as received minus responsive; 1 bidder(s)"
"501707","CDA","Construction Division-3","Repair and Maintenance work for Building No-01 at Sholoshohor Staff quarter","AWARDED_BIDDER","M/S. Gulzar Trading","GULZAR TRADING","2617523.06","responsive","qualified","","not_applicable_won_the_contract","not_applicable","","","","Tender_501707.pdf","1","Contract Value (Taka): 2617523.06; Name of Supplier/Contractor/Consultant: M/S. Gulzar Trading","bid amount equals the awarded contract value as printed on the award notice"
"504349","CDA","Construction Division-3","Annual Repair and Maintenance work for Building No-04 at Sholoshohor Staff quarter","AWARDED_BIDDER","Md M G Azgar Hossain","MD M G AZGAR HOSSAIN","2253274.28","responsive","qualified","","not_applicable_won_the_contract","not_applicable","","","","Tender_504349.pdf","1","Contract Value (Taka): 2253274.28; Name of Supplier/Contractor/Consultant: Md M G Azgar Hossain","bid amount equals the awarded contract value as printed on the award notice"
"504351","CDA","Construction Division-3","Annual Repair and Maintenance work for Building No-02 & 03 at Sholoshohor Staff quarter","AWARDED_BIDDER","M/S KOBITA CONSTRUCTION","KOBITA CONSTRUCTION","1902004.50","responsive","qualified","","not_applicable_won_the_contract","not_applicable","","","","Tender_504351.pdf","1","Contract Value (Taka): 1902004.50; Name of Supplier/Contractor/Consultant: M/S KOBITA CONSTRUCTION","bid amount equals the awarded contract value as printed on the award notice"
"504351","CDA","Construction Division-3","Annual Repair and Maintenance work for Building No-02 & 03 at Sholoshohor Staff quarter","UNNAMED_REJECTED_BIDDERS_AGGREGATE","","","","non_responsive","not_qualified","","","","","","","Tender_504351.pdf","1","Received: 3; Responsive: 2 (difference is the rejected count)","count is derived as received minus responsive; 1 bidder(s)"
"514221","CDA","Management Information System (MIS)","Supply of EMS Access Control Fire detection and protection system of CDA Data Centre.","AWARDED_BIDDER","Endeavour Technologies Ltd","ENDEAVOUR TECHNOLOGIES LTD","1045150.24","responsive","qualified","","not_applicable_won_the_contract","not_applicable","","","","Tender_514221.pdf","1","Contract Value (Taka): 1045150.24; Name of Supplier/Contractor/Consultant: Endeavour Technologies Ltd","bid amount equals the awarded contract value as printed on the award notice"
"515366","CDA","Construction Division-3","Construction of Front Boundary wall and other related works at CDA Sholoshahor Staff Quarter","AWARDED_BIDDER","M/S. Shah Amanat Traders","SHAH AMANAT TRADERS","2803601.93","responsive","qualified","","not_applicable_won_the_contract","not_applicable","","","","Tender_515366.pdf","1","Contract Value (Taka): 2803601.93; Name of Supplier/Contractor/Consultant: M/S. Shah Amanat Traders","bid amount equals the awarded contract value as printed on the award notice"
"519402","CDA","Construction Division-3","Repair and Maintenance of outer surface drain Painting of Weather coat in the outer wall of the Sholosahar staff Quarters Building and other repairing works","AWARDED_BIDDER","Mahmud Construction","MAHMUD CONSTRUCTION","1975027.99","responsive","qualified","","not_applicable_won_the_contract","not_applicable","","","","Tender_519402.pdf","1","Contract Value (Taka): 1975027.99; Name of Supplier/Contractor/Consultant: Mahmud Construction","bid amount equals the awarded contract value as printed on the award notice"
"523954","CDA","Project Director(M.Uddin)","Renovation and other related works of Engineers office room at 5th floor CDA Building Chattogram","AWARDED_BIDDER","M/S. Gulzar Trading","GULZAR TRADING","834739.30","responsive","qualified","","not_applicable_won_the_contract","not_applicable","","","","Tender_523954.pdf","1","Contract Value (Taka): 834739.30; Name of Supplier/Contractor/Consultant: M/S. Gulzar Trading","bid amount equals the awarded contract value as printed on the award notice"
"523954","CDA","Project Director(M.Uddin)","Renovation and other related works of Engineers office room at 5th floor CDA Building Chattogram","UNNAMED_REJECTED_BIDDERS_AGGREGATE","","","","non_responsive","not_qualified","","","","","","","Tender_523954.pdf","1","Received: 2; Responsive: 1 (difference is the rejected count)","count is derived as received minus responsive; 1 bidder(s)"
"538256","CDA","Project Director (CCORRP)","A 1.175 kilometer of 2-lane link road with culverts drain etc. and 1 kilometer of 4-lane feeder road with culverts drain etc. embankment slope protection work Cement Concrete Walk Way Work Construction of New Gymnasium cum Indoor Games Complex Contro","AWARDED_BIDDER","Spectra Engineers Ltd.","SPECTRA ENGINEERS LTD","960108457.97","responsive","qualified","","not_applicable_won_the_contract","not_applicable","","","","Tender_538256.pdf","1","Contract Value (Taka): 960108457.97; Name of Supplier/Contractor/Consultant: Spectra Engineers Ltd.","bid amount equals the awarded contract value as printed on the award notice"
"538256","CDA","Project Director (CCORRP)","A 1.175 kilometer of 2-lane link road with culverts drain etc. and 1 kilometer of 4-lane feeder road with culverts drain etc. embankment slope protection work Cement Concrete Walk Way Work Construction of New Gymnasium cum Indoor Games Complex Contro","UNNAMED_REJECTED_BIDDERS_AGGREGATE","","","","non_responsive","not_qualified","","","","","","","Tender_538256.pdf","1","Received: 4; Responsive: 1 (difference is the rejected count)","count is derived as received minus responsive; 3 bidder(s)"
"539744","CDA","Project Director(M.Uddin)","Construction of Surface Drain of Ground Floor & 1st Floor at CDA Biponi Bitan-B Block Chattogram.","AWARDED_BIDDER","M/s.Suraim Enterprise","SURAIM ENTERPRISE","2261891.11","responsive","qualified","","not_applicable_won_the_contract","not_applicable","","","","Tender_539744.pdf","1","Contract Value (Taka): 2261891.11; Name of Supplier/Contractor/Consultant: M/s.Suraim Enterprise","bid amount equals the awarded contract value as printed on the award notice"
"539744","CDA","Project Director(M.Uddin)","Construction of Surface Drain of Ground Floor & 1st Floor at CDA Biponi Bitan-B Block Chattogram.","UNNAMED_REJECTED_BIDDERS_AGGREGATE","","","","non_responsive","not_qualified","","","","","","","Tender_539744.pdf","1","Received: 2; Responsive: 1 (difference is the rejected count)","count is derived as received minus responsive; 1 bidder(s)"
"596661","CDA","Project Director(KK Newaz), Chittagong Development Authority","Construction of Access Road (Partial Remaining Work) from Sirajuddaula Road to Shah Amanat Bridge Connecting Road (Bakalia Access) Chittagong (Lot-02).","AWARDED_BIDDER","M/S. Jashim & Sons","JASHIM SONS","88622840.52","responsive","qualified","","not_applicable_won_the_contract","not_applicable","","","","Tender_596661.pdf","1","Contract Value (Taka): 88622840.52; Name of Supplier/Contractor/Consultant: M/S. Jashim & Sons","bid amount equals the awarded contract value as printed on the award notice"
"596661","CDA","Project Director(KK Newaz), Chittagong Development Authority","Construction of Access Road (Partial Remaining Work) from Sirajuddaula Road to Shah Amanat Bridge Connecting Road (Bakalia Access) Chittagong (Lot-02).","UNNAMED_REJECTED_BIDDERS_AGGREGATE","","","","non_responsive","not_qualified","","","","","","","Tender_596661.pdf","1","Received: 7; Responsive: 6 (difference is the rejected count)","count is derived as received minus responsive; 1 bidder(s)"
"598954","CDA","Project Director(M.Uddin), Chittagong Development Authority","Supplying and applying weather Coat on outside of Garage, rest house and other related repair maintenance work","AWARDED_BIDDER","M/S. Gulzar Trading","GULZAR TRADING","1999405.15","responsive","qualified","","not_applicable_won_the_contract","not_applicable","","","","Tender_598954.pdf","1","Contract Value (Taka): 1999405.15; Name of Supplier/Contractor/Consultant: M/S. Gulzar Trading","bid amount equals the awarded contract value as printed on the award notice"
"614376","CDA","Project Director(M.Uddin), Chittagong Development Authority","Annual repairing and Maintenance work of Building No-11 at Mehedibag CDA staff Quarter Chattogram.","AWARDED_BIDDER","M/s J S Enterprise","J S ENTERPRISE","5821337.26","responsive","qualified","","not_applicable_won_the_contract","not_applicable","","","","Tender_614376.pdf","1","Contract Value (Taka): 5821337.26; Name of Supplier/Contractor/Consultant: M/s J S Enterprise","bid amount equals the awarded contract value as printed on the award notice"
"616340","CDA","Project Director(M.Uddin), Chittagong Development Authority","Construction of Garage at Mehedibag CDA staff Quarter Chattogram.","AWARDED_BIDDER","M/S. Gulzar Trading","GULZAR TRADING","3650723.02","responsive","qualified","","not_applicable_won_the_contract","not_applicable","","","","Tender_616340.pdf","1","Contract Value (Taka): 3650723.02; Name of Supplier/Contractor/Consultant: M/S. Gulzar Trading","bid amount equals the awarded contract value as printed on the award notice"
"629331","CDA","Electrical & Mechanical Engineering (EME)","Supply Installation, testing and commissioning of 11KV HT switchgear at CDA Biponi Bitan A block building","AWARDED_BIDDER","Power Net Enterprise","POWER NET ENTERPRISE","2230689.60","responsive","qualified","","not_applicable_won_the_contract","not_applicable","","","","Tender_629331.pdf","1","Contract Value (Taka): 2230689.60; Name of Supplier/Contractor/Consultant: Power Net Enterprise","bid amount equals the awarded contract value as printed on the award notice"
"629331","CDA","Electrical & Mechanical Engineering (EME)","Supply Installation, testing and commissioning of 11KV HT switchgear at CDA Biponi Bitan A block building","UNNAMED_REJECTED_BIDDERS_AGGREGATE","","","","non_responsive","not_qualified","","","","","","","Tender_629331.pdf","1","Received: 4; Responsive: 3 (difference is the rejected count)","count is derived as received minus responsive; 1 bidder(s)"
"631780","CDA","Project Director(M.Uddin), Chittagong Development Authority","Construction of Vertical extension of boundary wall and mesh fencing work at CDA hill south west side.","AWARDED_BIDDER","M/S. Nice Enterprise","NICE ENTERPRISE","3296663.14","responsive","qualified","","not_applicable_won_the_contract","not_applicable","","","","Tender_631780.pdf","1","Contract Value (Taka): 3296663.14; Name of Supplier/Contractor/Consultant: M/S. Nice Enterprise","bid amount equals the awarded contract value as printed on the award notice"
"631780","CDA","Project Director(M.Uddin), Chittagong Development Authority","Construction of Vertical extension of boundary wall and mesh fencing work at CDA hill south west side.","UNNAMED_REJECTED_BIDDERS_AGGREGATE","","","","non_responsive","not_qualified","","","","","","","Tender_631780.pdf","1","Received: 3; Responsive: 2 (difference is the rejected count)","count is derived as received minus responsive; 1 bidder(s)"
"637086","CDA","Project Director(M.Uddin), Chittagong Development Authority","Annual Repairing and Maintenance works of Building No. 01 & 02 Mehedibag CDA Staff Quarter, Chattogram.","AWARDED_BIDDER","Trade Spin","TRADE SPIN","2934320.18","responsive","qualified","","not_applicable_won_the_contract","not_applicable","","","","Tender_637086.pdf","1","Contract Value (Taka): 2934320.18; Name of Supplier/Contractor/Consultant: Trade Spin","bid amount equals the awarded contract value as printed on the award notice"
"640368","CDA","Project Director(M.Uddin), Chittagong Development Authority","Repair and maintenance work of dormitory and others related work of CDA hill, Chattogram.","AWARDED_BIDDER","M/S Hasan & Brothers","HASAN BROTHERS","2681912.17","responsive","qualified","","not_applicable_won_the_contract","not_applicable","","","","Tender_640368.pdf","1","Contract Value (Taka): 2681912.17; Name of Supplier/Contractor/Consultant: M/S Hasan & Brothers","bid amount equals the awarded contract value as printed on the award notice"
"644083","CDA","Project Director(M.Uddin), Chittagong Development Authority","Annual Repairing and Maintenance Works of Building No. 03 and 04 Mehedibag CDA Staff Quarter, Chattogram","AWARDED_BIDDER","M/S. Gulzar Trading","GULZAR TRADING","2384371.03","responsive","qualified","","not_applicable_won_the_contract","not_applicable","","","","Tender_644083.pdf","1","Contract Value (Taka): 2384371.03; Name of Supplier/Contractor/Consultant: M/S. Gulzar Trading","bid amount equals the awarded contract value as printed on the award notice"
"647622","CDA","Project Director(M.Uddin), Chittagong Development Authority","Renovation and other related works of chairman Bungalow at CDA hill, Chattogram","AWARDED_BIDDER","Volume - 11","VOLUME 11","8963413.20","responsive","qualified","","not_applicable_won_the_contract","not_applicable","","","","Tender_647622.pdf","1","Contract Value (Taka): 8963413.20; Name of Supplier/Contractor/Consultant: Volume - 11","bid amount equals the awarded contract value as printed on the award notice"
"667218","CDA","Project Director(M.Uddin), Chittagong Development Authority","Annual Repairing and maintenance work of building no. 8 & 9 at mehedibag CDA staff quarter, Chattogram","AWARDED_BIDDER","M/S. A. F. C.","A F C","3017182.36","responsive","qualified","","not_applicable_won_the_contract","not_applicable","","","","Tender_667218.pdf","1","Contract Value (Taka): 3017182.36; Name of Supplier/Contractor/Consultant: M/S. A. F. C.","bid amount equals the awarded contract value as printed on the award notice"
"669414","CDA","Project Director(M.Uddin), Chittagong Development Authority","Annual repairing and maintenance work of building no. 07 & 10 at Mehedibag staff quarter, Chattogram","AWARDED_BIDDER","M/S. Gulzar Trading","GULZAR TRADING","2605776.23","responsive","qualified","","not_applicable_won_the_contract","not_applicable","","","","Tender_669414.pdf","1","Contract Value (Taka): 2605776.23; Name of Supplier/Contractor/Consultant: M/S. Gulzar Trading","bid amount equals the awarded contract value as printed on the award notice"
"670154","CDA","Project Director(M.Uddin), Chittagong Development Authority","Annual Repairing and Maintenance works of Building No. 05 & 06 at Mehedibag Staff Quarter, Chattogram","AWARDED_BIDDER","M/S. Nice Enterprise","NICE ENTERPRISE","2775181.45","responsive","qualified","","not_applicable_won_the_contract","not_applicable","","","","Tender_670154.pdf","1","Contract Value (Taka): 2775181.45; Name of Supplier/Contractor/Consultant: M/S. Nice Enterprise","bid amount equals the awarded contract value as printed on the award notice"
"670297","CDA","Project Director (Master Plan)","Supply of computers and electronic-equipments (computers, laptop, plotter, printer, digital camera, photocopy machine, scanner, projector, etc.) for Chattogram Metropolitan Masterplan Project at CDA, Chattogram.","AWARDED_BIDDER","MS TECHNOLOGIES LIMITED","TECHNOLOGIES LTD","1544500.02","responsive","qualified","","not_applicable_won_the_contract","not_applicable","","","","Tender_670297.pdf","1","Contract Value (Taka): 1544500.02; Name of Supplier/Contractor/Consultant: MS TECHNOLOGIES LIMITED","bid amount equals the awarded contract value as printed on the award notice"
"683811","CDA","Project Director(M.Uddin), Chittagong Development Authority","Renovation works for CDA Masterplan Project & another office at CDA Building 5th floor, Chattogram","AWARDED_BIDDER","M/S Hasan & Brothers","HASAN BROTHERS","4284081.24","responsive","qualified","","not_applicable_won_the_contract","not_applicable","","","","Tender_683811.pdf","1","Contract Value (Taka): 4284081.24; Name of Supplier/Contractor/Consultant: M/S Hasan & Brothers","bid amount equals the awarded contract value as printed on the award notice"
"683811","CDA","Project Director(M.Uddin), Chittagong Development Authority","Renovation works for CDA Masterplan Project & another office at CDA Building 5th floor, Chattogram","UNNAMED_REJECTED_BIDDERS_AGGREGATE","","","","non_responsive","not_qualified","","","","","","","Tender_683811.pdf","1","Received: 2; Responsive: 1 (difference is the rejected count)","count is derived as received minus responsive; 1 bidder(s)"
"728810","CDA","Project Director (Dewanhat)","Construction of Boundary Wall (with Electrification work) under the Project of â??Construction of 10 Storied Residential Building With One Semibasement at Dewanhatâ?�","AWARDED_BIDDER","Trade Spin","TRADE SPIN","1251155.51","responsive","qualified","","not_applicable_won_the_contract","not_applicable","","","","Tender_728810.pdf","1","Contract Value (Taka): 1251155.51; Name of Supplier/Contractor/Consultant: Trade Spin","bid amount equals the awarded contract value as printed on the award notice"
"730799","CDA","Project Director (Dewanhat)","SUPPLY, INSTALLATION, Testing & Commissioning of bed/stretcher Lift at Dewanhat Apartment Complex, Chattogram","AWARDED_BIDDER","CPDL LTD.","CPDL LTD","3743397.00","responsive","qualified","","not_applicable_won_the_contract","not_applicable","","","","Tender_730799.pdf","1","Contract Value (Taka): 3743397.00; Name of Supplier/Contractor/Consultant: CPDL LTD.","bid amount equals the awarded contract value as printed on the award notice"
"730799","CDA","Project Director (Dewanhat)","SUPPLY, INSTALLATION, Testing & Commissioning of bed/stretcher Lift at Dewanhat Apartment Complex, Chattogram","UNNAMED_REJECTED_BIDDERS_AGGREGATE","","","","non_responsive","not_qualified","","","","","","","Tender_730799.pdf","1","Received: 3; Responsive: 2 (difference is the rejected count)","count is derived as received minus responsive; 1 bidder(s)"
"735107","CDA","Project Director(KK Newaz), Chittagong Development Authority","Construction of Bakalia Access Road from Sirajuddaula Road to Shah Amanat Bridge Connecting Road (Bakalia Access) Chittagong & Ancillary Work. Lot-03 (Civil Work)","AWARDED_BIDDER","Spectra Engineers Ltd.","SPECTRA ENGINEERS LTD","115180656.25","responsive","qualified","","not_applicable_won_the_contract","not_applicable","","","","Tender_735107.pdf","1","Contract Value (Taka): 115180656.25; Name of Supplier/Contractor/Consultant: Spectra Engineers Ltd.","bid amount equals the awarded contract value as printed on the award notice"
"736874","CDA","Project Director(KK Newaz), Chittagong Development Authority","Electrification Work of Bakalia Access Road from Sirajuddaula Road to Shah Amanat Bridge Connecting Road (Bakalia Access).","AWARDED_BIDDER","Power Net Enterprise","POWER NET ENTERPRISE","6304878.00","responsive","qualified","","not_applicable_won_the_contract","not_applicable","","","","Tender_736874.pdf","1","Contract Value (Taka): 6304878.00; Name of Supplier/Contractor/Consultant: Power Net Enterprise","bid amount equals the awarded contract value as printed on the award notice"
"745109","CDA","Project Director (Master Plan)","Procurement of GIS Hardware & Software and Satellite Images & Image Processing Software for Preparation of Chattogram Metropolitan Master Plan (Period: 2020-2041) Project.","AWARDED_BIDDER","The Decode Ltd.","THE DECODE LTD","9969999.76","responsive","qualified","","not_applicable_won_the_contract","not_applicable","","","","Tender_745109.pdf","1","Contract Value (Taka): 9969999.76; Name of Supplier/Contractor/Consultant: The Decode Ltd.","bid amount equals the awarded contract value as printed on the award notice"
"745109","CDA","Project Director (Master Plan)","Procurement of GIS Hardware & Software and Satellite Images & Image Processing Software for Preparation of Chattogram Metropolitan Master Plan (Period: 2020-2041) Project.","UNNAMED_REJECTED_BIDDERS_AGGREGATE","","","","non_responsive","not_qualified","","","","","","","Tender_745109.pdf","1","Received: 2; Responsive: 1 (difference is the rejected count)","count is derived as received minus responsive; 1 bidder(s)"
"773275","CDA","Project Director(M.Uddin), Chittagong Development Authority","Construction of main gate and other related work of CDA Hill, Chattogram.","AWARDED_BIDDER","M/S. Nice Enterprise","NICE ENTERPRISE","778000.00","responsive","qualified","","not_applicable_won_the_contract","not_applicable","","","","Tender_773275.pdf","1","Contract Value (Taka): 778000.00; Name of Supplier/Contractor/Consultant: M/S. Nice Enterprise","bid amount equals the awarded contract value as printed on the award notice"
"773275","CDA","Project Director(M.Uddin), Chittagong Development Authority","Construction of main gate and other related work of CDA Hill, Chattogram.","UNNAMED_REJECTED_BIDDERS_AGGREGATE","","","","non_responsive","not_qualified","","","","","","","Tender_773275.pdf","1","Received: 2; Responsive: 1 (difference is the rejected count)","count is derived as received minus responsive; 1 bidder(s)"
"775105","CDA","Project Director(Rajib Das)","Construction of Road, Retaining wall, Slop Protection work, Bridge, Regulator, Walkway and other related work under the project ""Construction of Road along the bank of Karnafully River from Kalurghat Bridge to Chaktai khal.""","AWARDED_BIDDER","Spectra Engineers Ltd.","SPECTRA ENGINEERS LTD","8812446857.07","responsive","qualified","","not_applicable_won_the_contract","not_applicable","","","","Tender_775105.pdf","1","Contract Value (Taka): 8812446857.07; Name of Supplier/Contractor/Consultant: Spectra Engineers Ltd.","bid amount equals the awarded contract value as printed on the award notice"
"780102","CDA","Management Information System (MIS)","Supply of Video Conference Camera, Bluetooth Speaker Mic, Expansion Speaker Mic, Smart QLED Panel, Video Conference Control Unit, Online UPS, HDMI Cable & Installation at CDA.","AWARDED_BIDDER","MS TECHNOLOGIES LIMITED","TECHNOLOGIES LTD","1339640.11","responsive","qualified","","not_applicable_won_the_contract","not_applicable","","","","Tender_780102.pdf","1","Contract Value (Taka): 1339640.11; Name of Supplier/Contractor/Consultant: MS TECHNOLOGIES LIMITED","bid amount equals the awarded contract value as printed on the award notice"
"780102","CDA","Management Information System (MIS)","Supply of Video Conference Camera, Bluetooth Speaker Mic, Expansion Speaker Mic, Smart QLED Panel, Video Conference Control Unit, Online UPS, HDMI Cable & Installation at CDA.","UNNAMED_REJECTED_BIDDERS_AGGREGATE","","","","non_responsive","not_qualified","","","","","","","Tender_780102.pdf","1","Received: 2; Responsive: 1 (difference is the rejected count)","count is derived as received minus responsive; 1 bidder(s)"
"781266","CDA","Project Director (Loop Road)","Construction of retaining wall, Drain, Railway over pass, Road and hill slope protection work under the project of 'Construction of Link Road from Dhaka Trunk Road to Baizid Boastami Road including Loop Road at the outer periphery of AUW""","AWARDED_BIDDER","Spectra Engineers Ltd.","SPECTRA ENGINEERS LTD","791796036.69","responsive","qualified","","not_applicable_won_the_contract","not_applicable","","","","Tender_781266.pdf","1","Contract Value (Taka): 791796036.69; Name of Supplier/Contractor/Consultant: Spectra Engineers Ltd.","bid amount equals the awarded contract value as printed on the award notice"
"781266","CDA","Project Director (Loop Road)","Construction of retaining wall, Drain, Railway over pass, Road and hill slope protection work under the project of 'Construction of Link Road from Dhaka Trunk Road to Baizid Boastami Road including Loop Road at the outer periphery of AUW""","UNNAMED_REJECTED_BIDDERS_AGGREGATE","","","","non_responsive","not_qualified","","","","","","","Tender_781266.pdf","1","Received: 3; Responsive: 1 (difference is the rejected count)","count is derived as received minus responsive; 2 bidder(s)"
"791688","CDA","Project Director (Dewanhat)","Fire Fighting & Related Works at CDA Dewanhat Apartment Complex, Chattogram.","AWARDED_BIDDER","MS TECHNOLOGIES LIMITED","TECHNOLOGIES LTD","2888470.84","responsive","qualified","","not_applicable_won_the_contract","not_applicable","","","","Tender_791688.pdf","1","Contract Value (Taka): 2888470.84; Name of Supplier/Contractor/Consultant: MS TECHNOLOGIES LIMITED","bid amount equals the awarded contract value as printed on the award notice"
"815786","CDA","Management Information System (MIS)","Real Time Inspection Monitoring System","AWARDED_BIDDER","Solution World Limited","SOLUTION WORLD LTD","4292000.00","responsive","qualified","","not_applicable_won_the_contract","not_applicable","","","","Tender_815786.pdf","1","Contract Value (Taka): 4292000.00; Name of Supplier/Contractor/Consultant: Solution World Limited","bid amount equals the awarded contract value as printed on the award notice"
"824096","CDA","Construction Division-1, Chattogram Development Authority","Construction of Boundary wall, gate & ancillary works of Sunpack industry adjacent Dewanhat apt.","AWARDED_BIDDER","M/s.Suraim Enterprise","SURAIM ENTERPRISE","3388017.55","responsive","qualified","","not_applicable_won_the_contract","not_applicable","","","","Tender_824096.pdf","1","Contract Value (Taka): 3388017.55; Name of Supplier/Contractor/Consultant: M/s.Suraim Enterprise","bid amount equals the awarded contract value as printed on the award notice"
"836329","CDA","Management Information System (MIS)","Supply of Computer Accessories (Desktop Computer, Laser Printer, Scanner, Photocopier, UPS & Multiplug etc.) for CDA, Chatttogram.","AWARDED_BIDDER","Verbal","VERBAL","1725135.08","responsive","qualified","","not_applicable_won_the_contract","not_applicable","","","","Tender_836329.pdf","1","Contract Value (Taka): 1725135.08; Name of Supplier/Contractor/Consultant: Verbal","bid amount equals the awarded contract value as printed on the award notice"
"836329","CDA","Management Information System (MIS)","Supply of Computer Accessories (Desktop Computer, Laser Printer, Scanner, Photocopier, UPS & Multiplug etc.) for CDA, Chatttogram.","UNNAMED_REJECTED_BIDDERS_AGGREGATE","","","","non_responsive","not_qualified","","","","","","","Tender_836329.pdf","1","Received: 4; Responsive: 2 (difference is the rejected count)","count is derived as received minus responsive; 2 bidder(s)"
"840372","CDA","Project Director(M.Uddin), Chittagong Development Authority","Annual Repairing and maintenance and other related workds upto level-4 at CDA Biponi Bitan B Block, Chattogram","AWARDED_BIDDER","M/S. J.J. Traders","J J TRADERS","2322988.27","responsive","qualified","","not_applicable_won_the_contract","not_applicable","","","","Tender_840372.pdf","1","Contract Value (Taka): 2322988.27; Name of Supplier/Contractor/Consultant: M/S. J.J. Traders","bid amount equals the awarded contract value as printed on the award notice"
"848555","CDA","Project Director (Loop Road)","Providing street light under the project of 'Construction of Link Road from Dhaka Trunk Road to Baizid Boastami Road including Loop Road at the outer periphery of AUW""","AWARDED_BIDDER","SUNNY-RS-TML JV","SUNNY RS TML JV","51133146.95","responsive","qualified","","not_applicable_won_the_contract","not_applicable","","","","Tender_848555.pdf","1","Contract Value (Taka): 51133146.95; Name of Supplier/Contractor/Consultant: SUNNY-RS-TML JV ( JVCA Partners [Business Share]: M/S Sunny Construction [50.000%] , TRADEMAJESTIC LIMITED [25.000%] , M/S. R.S ENTERPRISE [25.000%] )","bid amount equals the awarded contract value as printed on the award notice"
"848555","CDA","Project Director (Loop Road)","Providing street light under the project of 'Construction of Link Road from Dhaka Trunk Road to Baizid Boastami Road including Loop Road at the outer periphery of AUW""","JV_PARTNER_OF_WINNER","M/S Sunny Construction","SUNNY CONSTRUCTION","25566573.47","responsive_as_part_of_the_winning_joint_venture","qualified_as_part_of_the_joint_venture","","","","","50.000","","Tender_848555.pdf","1","JVCA Partners [Business Share]: M/S Sunny Construction [50.000%]","bid_amount here is the partner's declared share of the contract value, not a separately published bid"
"848555","CDA","Project Director (Loop Road)","Providing street light under the project of 'Construction of Link Road from Dhaka Trunk Road to Baizid Boastami Road including Loop Road at the outer periphery of AUW""","JV_PARTNER_OF_WINNER","TRADEMAJESTIC LIMITED","TRADEMAJESTIC LTD","12783286.74","responsive_as_part_of_the_winning_joint_venture","qualified_as_part_of_the_joint_venture","","","","","25.000","","Tender_848555.pdf","1","JVCA Partners [Business Share]: TRADEMAJESTIC LIMITED [25.000%]","bid_amount here is the partner's declared share of the contract value, not a separately published bid"
"848555","CDA","Project Director (Loop Road)","Providing street light under the project of 'Construction of Link Road from Dhaka Trunk Road to Baizid Boastami Road including Loop Road at the outer periphery of AUW""","JV_PARTNER_OF_WINNER","M/S. R.S ENTERPRISE","R S ENTERPRISE","12783286.74","responsive_as_part_of_the_winning_joint_venture","qualified_as_part_of_the_joint_venture","","","","","25.000","","Tender_848555.pdf","1","JVCA Partners [Business Share]: M/S. R.S ENTERPRISE [25.000%]","bid_amount here is the partner's declared share of the contract value, not a separately published bid"
"848555","CDA","Project Director (Loop Road)","Providing street light under the project of 'Construction of Link Road from Dhaka Trunk Road to Baizid Boastami Road including Loop Road at the outer periphery of AUW""","UNNAMED_REJECTED_BIDDERS_AGGREGATE","","","","non_responsive","not_qualified","","","","","","","Tender_848555.pdf","1","Received: 3; Responsive: 1 (difference is the rejected count)","count is derived as received minus responsive; 2 bidder(s)"
"851863","CDA","Construction Division-1, Chattogram Development Authority","Herring bond brick work at CDA Silimpur Residential Area, Chattogram (Lot-1).","AWARDED_BIDDER","M/S. Khan Corporation","KHAN CORPORATION","2707964.06","responsive","qualified","","not_applicable_won_the_contract","not_applicable","","","","Tender_851863.pdf","1","Contract Value (Taka): 2707964.06; Name of Supplier/Contractor/Consultant: M/S. Khan Corporation","bid amount equals the awarded contract value as printed on the award notice"
"851864","CDA","Construction Division-1, Chattogram Development Authority","Repair & Maintains of road and other related works at CDA Silimpur Residential Area, Chattogram (Lot-3).","AWARDED_BIDDER","M/S. Nice Enterprise","NICE ENTERPRISE","12402992.04","responsive","qualified","","not_applicable_won_the_contract","not_applicable","","","","Tender_851864.pdf","1","Contract Value (Taka): 12402992.04; Name of Supplier/Contractor/Consultant: M/S. Nice Enterprise","bid amount equals the awarded contract value as printed on the award notice"
"851864","CDA","Construction Division-1, Chattogram Development Authority","Repair & Maintains of road and other related works at CDA Silimpur Residential Area, Chattogram (Lot-3).","UNNAMED_REJECTED_BIDDERS_AGGREGATE","","","","non_responsive","not_qualified","","","","","","","Tender_851864.pdf","1","Received: 2; Responsive: 1 (difference is the rejected count)","count is derived as received minus responsive; 1 bidder(s)"
"851865","CDA","Construction Division-1, Chattogram Development Authority","Repair & Maintains of Road and other Related works at CDA Silimpur Residential area, Chattogram (Lot-2).","AWARDED_BIDDER","M/S. Shah Jabbaria Construction & Co.","SHAH JABBARIA CONSTRUCTION CO","12814150.31","responsive","qualified","","not_applicable_won_the_contract","not_applicable","","","","Tender_851865.pdf","1","Contract Value (Taka): 12814150.31; Name of Supplier/Contractor/Consultant: M/S. Shah Jabbaria Construction & Co.","bid amount equals the awarded contract value as printed on the award notice"
"851865","CDA","Construction Division-1, Chattogram Development Authority","Repair & Maintains of Road and other Related works at CDA Silimpur Residential area, Chattogram (Lot-2).","UNNAMED_REJECTED_BIDDERS_AGGREGATE","","","","non_responsive","not_qualified","","","","","","","Tender_851865.pdf","1","Received: 2; Responsive: 1 (difference is the rejected count)","count is derived as received minus responsive; 1 bidder(s)"
"862601","CDA","Project Director (CDA Square)","Supply, Installation, Testing and Commissioning of Sewage Treatment Plant (STP) and Water Treatment Plant & Ancillary Works for â??CDA SQUAREâ?� Under CDA.","AWARDED_BIDDER","Flowater Solutions Ltd.","FLOWATER SOLUTIONS LTD","5388565.65","responsive","qualified","","not_applicable_won_the_contract","not_applicable","","","","Tender_862601.pdf","1","Contract Value (Taka): 5388565.65; Name of Supplier/Contractor/Consultant: Flowater Solutions Ltd.","bid amount equals the awarded contract value as printed on the award notice"
"862635","CDA","Project Director (CDA Square)","Supply, Installation, Testing & Commissioning of Lift at CDA SQUARE Project.","AWARDED_BIDDER","CPDL LTD.","CPDL LTD","25299889.08","responsive","qualified","","not_applicable_won_the_contract","not_applicable","","","","Tender_862635.pdf","1","Contract Value (Taka): 25299889.08; Name of Supplier/Contractor/Consultant: CPDL LTD.","bid amount equals the awarded contract value as printed on the award notice"
"862635","CDA","Project Director (CDA Square)","Supply, Installation, Testing & Commissioning of Lift at CDA SQUARE Project.","UNNAMED_REJECTED_BIDDERS_AGGREGATE","","","","non_responsive","not_qualified","","","","","","","Tender_862635.pdf","1","Received: 2; Responsive: 1 (difference is the rejected count)","count is derived as received minus responsive; 1 bidder(s)"
"863109","CDA","Project Director (CDA Square)","Construction of Boundary Wall, Road Work & Ancillary Work at CDA SQUARE Project.","AWARDED_BIDDER","M/s J S Enterprise","J S ENTERPRISE","18605443.46","responsive","qualified","","not_applicable_won_the_contract","not_applicable","","","","Tender_863109.pdf","1","Contract Value (Taka): 18605443.46; Name of Supplier/Contractor/Consultant: M/s J S Enterprise","bid amount equals the awarded contract value as printed on the award notice"
"863109","CDA","Project Director (CDA Square)","Construction of Boundary Wall, Road Work & Ancillary Work at CDA SQUARE Project.","UNNAMED_REJECTED_BIDDERS_AGGREGATE","","","","non_responsive","not_qualified","","","","","","","Tender_863109.pdf","1","Received: 3; Responsive: 1 (difference is the rejected count)","count is derived as received minus responsive; 2 bidder(s)"
"865569","CDA","Project Director(M.Uddin), Chittagong Development Authority","Vertical extension of Boundary wall and roof treatment of Building No-11 with other related work at Mehedibag CDA staff Quarte, Chattogram.","AWARDED_BIDDER","M/s. Bhuiyan Traders","BHUIYAN TRADERS","4403775.89","responsive","qualified","","not_applicable_won_the_contract","not_applicable","","","","Tender_865569.pdf","1","Contract Value (Taka): 4403775.89; Name of Supplier/Contractor/Consultant: M/s. Bhuiyan Traders","bid amount equals the awarded contract value as printed on the award notice"
"865569","CDA","Project Director(M.Uddin), Chittagong Development Authority","Vertical extension of Boundary wall and roof treatment of Building No-11 with other related work at Mehedibag CDA staff Quarte, Chattogram.","UNNAMED_REJECTED_BIDDERS_AGGREGATE","","","","non_responsive","not_qualified","","","","","","","Tender_865569.pdf","1","Received: 2; Responsive: 1 (difference is the rejected count)","count is derived as received minus responsive; 1 bidder(s)"
"909179","CDA","Construction Division-1, Chattogram Development Authority","Supplying, installation, testing & commissioning of Digital PABX system & CCTV system at CDA Dewanhat Apartment.","AWARDED_BIDDER","MS TECHNOLOGIES LIMITED","TECHNOLOGIES LTD","2640523.64","responsive","qualified","","not_applicable_won_the_contract","not_applicable","","","","Tender_909179.pdf","1","Contract Value (Taka): 2640523.64; Name of Supplier/Contractor/Consultant: MS TECHNOLOGIES LIMITED","bid amount equals the awarded contract value as printed on the award notice"
"909193","CDA","Project Director (CDA Square)","Supply, Installation, Testing & Commissioning of 2500 KVA SUB-STATION & BBT System work at CDA SQUARE Project.","AWARDED_BIDDER","Ocean Electrical Limited","OCEAN ELECTRICAL LTD","53131569.95","responsive","qualified","","not_applicable_won_the_contract","not_applicable","","","","Tender_909193.pdf","1","Contract Value (Taka): 53131569.95; Name of Supplier/Contractor/Consultant: Ocean Electrical Limited","bid amount equals the awarded contract value as printed on the award notice"
"909193","CDA","Project Director (CDA Square)","Supply, Installation, Testing & Commissioning of 2500 KVA SUB-STATION & BBT System work at CDA SQUARE Project.","UNNAMED_REJECTED_BIDDERS_AGGREGATE","","","","non_responsive","not_qualified","","","","","","","Tender_909193.pdf","1","Received: 6; Responsive: 2 (difference is the rejected count)","count is derived as received minus responsive; 4 bidder(s)"
"909196","CDA","Construction Division-1, Chattogram Development Authority","Fire Fighting & Related Works (Remaining Works) at CDA Dewanhat Apartment Complex, Chattogram.","AWARDED_BIDDER","MS TECHNOLOGIES LIMITED","TECHNOLOGIES LTD","5896865.10","responsive","qualified","","not_applicable_won_the_contract","not_applicable","","","","Tender_909196.pdf","1","Contract Value (Taka): 5896865.10; Name of Supplier/Contractor/Consultant: MS TECHNOLOGIES LIMITED","bid amount equals the awarded contract value as printed on the award notice"
"91142","CDA","Project Director(Shishukanon)","Construction of 02 two storied building with 05 five storied foundation of CDA Mehedibaag shishu kanon kindergarten school.","AWARDED_BIDDER","M/S. Raquib & Brothers","RAQUIB BROTHERS","17986218.29","responsive","qualified","","not_applicable_won_the_contract","not_applicable","","","","Tender_91142.pdf","1","Contract Value (Taka): 17986218.29; Name of Supplier/Contractor/Consultant: M/S. Raquib & Brothers","bid amount equals the awarded contract value as printed on the award notice"
"91142","CDA","Project Director(Shishukanon)","Construction of 02 two storied building with 05 five storied foundation of CDA Mehedibaag shishu kanon kindergarten school.","UNNAMED_REJECTED_BIDDERS_AGGREGATE","","","","non_responsive","not_qualified","","","","","","","Tender_91142.pdf","1","Received: 12; Responsive: 4 (difference is the rejected count)","count is derived as received minus responsive; 8 bidder(s)"
"917088","CDA","Project Director (CCORRP)","Construction of Two Storied Mosque Building, RCC Retaining Wall & Culvert at Resettlement Site-2 under CCORRP","AWARDED_BIDDER","RNYB Ltd - A.T Construction JV. JV.","RNYB LTD A T CONSTRUCTION JV JV","161596296.85","responsive","qualified","","not_applicable_won_the_contract","not_applicable","","","","Tender_917088.pdf","1","Contract Value (Taka): 161596296.85; Name of Supplier/Contractor/Consultant: RNYB Ltd - A.T Construction JV. JV. ( JVCA Partners [Business Share]: RN Yakub & Brothers Private Limited. [51.000%] , M/S. A.T. Construction [49.000%] )","bid amount equals the awarded contract value as printed on the award notice"
"917088","CDA","Project Director (CCORRP)","Construction of Two Storied Mosque Building, RCC Retaining Wall & Culvert at Resettlement Site-2 under CCORRP","JV_PARTNER_OF_WINNER","RN Yakub & Brothers Private Limited.","RN YAKUB BROTHERS PVT LTD","82414111.39","responsive_as_part_of_the_winning_joint_venture","qualified_as_part_of_the_joint_venture","","","","","51.000","","Tender_917088.pdf","1","JVCA Partners [Business Share]: RN Yakub & Brothers Private Limited. [51.000%]","bid_amount here is the partner's declared share of the contract value, not a separately published bid"
"917088","CDA","Project Director (CCORRP)","Construction of Two Storied Mosque Building, RCC Retaining Wall & Culvert at Resettlement Site-2 under CCORRP","JV_PARTNER_OF_WINNER","M/S. A.T. Construction","A T CONSTRUCTION","79182185.46","responsive_as_part_of_the_winning_joint_venture","qualified_as_part_of_the_joint_venture","","","","","49.000","","Tender_917088.pdf","1","JVCA Partners [Business Share]: M/S. A.T. Construction [49.000%]","bid_amount here is the partner's declared share of the contract value, not a separately published bid"
"918775","CDA","Superintending Engineer-2","Supply And Installation of Central AC System Including all required equipment and accessories at ""CDA Saltgola Shopping Mall"", Chattogram.","AWARDED_BIDDER","Cooltech Corporation","COOLTECH CORPORATION","74713501.27","responsive","qualified","","not_applicable_won_the_contract","not_applicable","","","","Tender_918775.pdf","1","Contract Value (Taka): 74713501.27; Name of Supplier/Contractor/Consultant: Cooltech Corporation","bid amount equals the awarded contract value as printed on the award notice"
"943936","CDA","Project Director(CRBKRKBC)","Maintenance work of roads from Helipad to Multipurpose training shed, other connecting road from different structures etc. at Halishahar cantonment area.","AWARDED_BIDDER","RNYB Ltd. - Alif Enterprise JV.","RNYB LTD ALIF ENTERPRISE JV","30185717.78","responsive","qualified","","not_applicable_won_the_contract","not_applicable","","","","Tender_943936.pdf","1","Contract Value (Taka): 30185717.78; Name of Supplier/Contractor/Consultant: RNYB Ltd. - Alif Enterprise JV. ( JVCA Partners [Business Share]: RN Yakub & Brothers Private Limited. [60.000%] , Alif Enterprise [40.000%] )","bid amount equals the awarded contract value as printed on the award notice"
"943936","CDA","Project Director(CRBKRKBC)","Maintenance work of roads from Helipad to Multipurpose training shed, other connecting road from different structures etc. at Halishahar cantonment area.","JV_PARTNER_OF_WINNER","RN Yakub & Brothers Private Limited.","RN YAKUB BROTHERS PVT LTD","18111430.67","responsive_as_part_of_the_winning_joint_venture","qualified_as_part_of_the_joint_venture","","","","","60.000","","Tender_943936.pdf","1","JVCA Partners [Business Share]: RN Yakub & Brothers Private Limited. [60.000%]","bid_amount here is the partner's declared share of the contract value, not a separately published bid"
"943936","CDA","Project Director(CRBKRKBC)","Maintenance work of roads from Helipad to Multipurpose training shed, other connecting road from different structures etc. at Halishahar cantonment area.","JV_PARTNER_OF_WINNER","Alif Enterprise","ALIF ENTERPRISE","12074287.11","responsive_as_part_of_the_winning_joint_venture","qualified_as_part_of_the_joint_venture","","","","","40.000","","Tender_943936.pdf","1","JVCA Partners [Business Share]: Alif Enterprise [40.000%]","bid_amount here is the partner's declared share of the contract value, not a separately published bid"
"944909","CDA","Project Director (CDA Square)","Supply, Installation, Testing & Commissioning of 2x400 KVA Diesel Generator & Solar Panel System Work at CDA SQUARE Project.","AWARDED_BIDDER","Ocean Electrical Limited","OCEAN ELECTRICAL LTD","24792000.19","responsive","qualified","","not_applicable_won_the_contract","not_applicable","","","","Tender_944909.pdf","1","Contract Value (Taka): 24792000.19; Name of Supplier/Contractor/Consultant: Ocean Electrical Limited","bid amount equals the awarded contract value as printed on the award notice"
"944909","CDA","Project Director (CDA Square)","Supply, Installation, Testing & Commissioning of 2x400 KVA Diesel Generator & Solar Panel System Work at CDA SQUARE Project.","UNNAMED_REJECTED_BIDDERS_AGGREGATE","","","","non_responsive","not_qualified","","","","","","","Tender_944909.pdf","1","Received: 4; Responsive: 2 (difference is the rejected count)","count is derived as received minus responsive; 2 bidder(s)"
"945416","CDA","Project Director(M.Uddin), Chittagong Development Authority","Renovation of Dormitory & Pump house extension and other related works at CDA Building, Chattogram.","AWARDED_BIDDER","M/S. Gulzar Trading","GULZAR TRADING","1867479.38","responsive","qualified","","not_applicable_won_the_contract","not_applicable","","","","Tender_945416.pdf","1","Contract Value (Taka): 1867479.38; Name of Supplier/Contractor/Consultant: M/S. Gulzar Trading","bid amount equals the awarded contract value as printed on the award notice"
"945875","CDA","Project Director(M.Uddin), Chittagong Development Authority","Construction of store room for planning division and toilet block at cda office building(4th floor), Chattogram.","AWARDED_BIDDER","The Gausia Metalic Products","THE GAUSIA METALIC PRODUCTS","1263578.18","responsive","qualified","","not_applicable_won_the_contract","not_applicable","","","","Tender_945875.pdf","1","Contract Value (Taka): 1263578.18; Name of Supplier/Contractor/Consultant: The Gausia Metalic Products","bid amount equals the awarded contract value as printed on the award notice"
"945875","CDA","Project Director(M.Uddin), Chittagong Development Authority","Construction of store room for planning division and toilet block at cda office building(4th floor), Chattogram.","UNNAMED_REJECTED_BIDDERS_AGGREGATE","","","","non_responsive","not_qualified","","","","","","","Tender_945875.pdf","1","Received: 2; Responsive: 1 (difference is the rejected count)","count is derived as received minus responsive; 1 bidder(s)"
"954661","CDA","Project Director (CDA Square)","Supply & Installing Reticulation System & Supplying LPG Gas Connection Work at CDA SQUARE Project.","AWARDED_BIDDER","BM Energy (BD) limited","BM ENERGY LTD","2445000.12","responsive","qualified","","not_applicable_won_the_contract","not_applicable","","","","Tender_954661.pdf","1","Contract Value (Taka): 2445000.12; Name of Supplier/Contractor/Consultant: BM Energy (BD) limited","bid amount equals the awarded contract value as printed on the award notice"
"959962","CDA","Construction Division-2","Development Work of Shahid Nahid Ahmed Sohel Smriti Road","AWARDED_BIDDER","RNYB Ltd. - EBL - Alif JV.","RNYB LTD EBL ALIF JV","100790743.23","responsive","qualified","","not_applicable_won_the_contract","not_applicable","","","","Tender_959962.pdf","1","Contract Value (Taka): 100790743.23; Name of Supplier/Contractor/Consultant: RNYB Ltd. - EBL - Alif JV. ( JVCA Partners [Business Share]: Escape Bangladesh Limited [25.000%] , RN Yakub & Brothers Private Limited. [40.000%] , Alif Enterprise [35.000%] )","bid amount equals the awarded contract value as printed on the award notice"
"959962","CDA","Construction Division-2","Development Work of Shahid Nahid Ahmed Sohel Smriti Road","JV_PARTNER_OF_WINNER","Escape Bangladesh Limited","ESCAPE BANGLADESH LTD","25197685.81","responsive_as_part_of_the_winning_joint_venture","qualified_as_part_of_the_joint_venture","","","","","25.000","","Tender_959962.pdf","1","JVCA Partners [Business Share]: Escape Bangladesh Limited [25.000%]","bid_amount here is the partner's declared share of the contract value, not a separately published bid"
"959962","CDA","Construction Division-2","Development Work of Shahid Nahid Ahmed Sohel Smriti Road","JV_PARTNER_OF_WINNER","RN Yakub & Brothers Private Limited.","RN YAKUB BROTHERS PVT LTD","40316297.29","responsive_as_part_of_the_winning_joint_venture","qualified_as_part_of_the_joint_venture","","","","","40.000","","Tender_959962.pdf","1","JVCA Partners [Business Share]: RN Yakub & Brothers Private Limited. [40.000%]","bid_amount here is the partner's declared share of the contract value, not a separately published bid"
"959962","CDA","Construction Division-2","Development Work of Shahid Nahid Ahmed Sohel Smriti Road","JV_PARTNER_OF_WINNER","Alif Enterprise","ALIF ENTERPRISE","35276760.13","responsive_as_part_of_the_winning_joint_venture","qualified_as_part_of_the_joint_venture","","","","","35.000","","Tender_959962.pdf","1","JVCA Partners [Business Share]: Alif Enterprise [35.000%]","bid_amount here is the partner's declared share of the contract value, not a separately published bid"
"965239","CDA","Superintending Engineer-2","Supply Fittings and Fixing Of Tempered Glass swing door, Glass Curtain Wall with S.S, M.S and Aluminium Frame at CDA Saltgola Shopping Mall, Chattogram.","AWARDED_BIDDER","M/s.Suraim Enterprise","SURAIM ENTERPRISE","2678023.36","responsive","qualified","","not_applicable_won_the_contract","not_applicable","","","","Tender_965239.pdf","1","Contract Value (Taka): 2678023.36; Name of Supplier/Contractor/Consultant: M/s.Suraim Enterprise","bid amount equals the awarded contract value as printed on the award notice"
"971997","CDA","Project Director(M.Uddin), Chittagong Development Authority","Construction of Canopy, Main Door, Painting and other related works in Chairman Bungalow at CDA Hill, Chattogram.","AWARDED_BIDDER","Icon Developments & Holdings Ltd","ICON DEVELOPMENTS HOLDINGS LTD","8741984.55","responsive","qualified","","not_applicable_won_the_contract","not_applicable","","","","Tender_971997.pdf","1","Contract Value (Taka): 8741984.55; Name of Supplier/Contractor/Consultant: Icon Developments & Holdings Ltd","bid amount equals the awarded contract value as printed on the award notice"
"99692","CDA","Project Director (Dewanhat)","Construction of 12 storied residential building with one semi basement including internal sanitary water supply gas connection electrification & other services.","AWARDED_BIDDER","M Jamal & Company Limited","M JAMAL COMPANY LTD","237118580.88","responsive","qualified","","not_applicable_won_the_contract","not_applicable","","","","Tender_99692.pdf","1","Contract Value (Taka): 237118580.88; Name of Supplier/Contractor/Consultant: M Jamal & Company Limited","bid amount equals the awarded contract value as printed on the award notice"
"99692","CDA","Project Director (Dewanhat)","Construction of 12 storied residential building with one semi basement including internal sanitary water supply gas connection electrification & other services.","UNNAMED_REJECTED_BIDDERS_AGGREGATE","","","","non_responsive","not_qualified","","","","","","","Tender_99692.pdf","1","Received: 3; Responsive: 2 (difference is the rejected count)","count is derived as received minus responsive; 1 bidder(s)"
"1016323","COXDA","Cox's Bazar Development Authority","Maintenance and repair works of CoxDA office building. FY2024-25","AWARDED_BIDDER","Sumon Enterprise","SUMON ENTERPRISE","3596400.00","responsive","qualified","","not_applicable_won_the_contract","not_applicable","","","","Tender_1016323.pdf","1","Contract Value (Taka): 3596400.00; Name of Supplier/Contractor/Consultant: Sumon Enterprise","bid amount equals the awarded contract value as printed on the award notice"
"1016492","COXDA","Cox's Bazar Development Authority","Supply & installation of speed boat spare parts of CoxDA. (FY 2024-2025)","AWARDED_BIDDER","Nahar Construction","NAHAR CONSTRUCTION","75010.02","responsive","qualified","","not_applicable_won_the_contract","not_applicable","","","","Tender_1016492.pdf","1","Contract Value (Taka): 75010.02; Name of Supplier/Contractor/Consultant: Nahar Construction","bid amount equals the awarded contract value as printed on the award notice"
"1016870","COXDA","Cox's Bazar Development Authority","Supply & Installation of spare parts of Light Vehicles (Toyota Yaris, Mitsubishi ASX & Motorcycle) of CoxDA. (FY 2024- 2025)","AWARDED_BIDDER","Nahar Construction","NAHAR CONSTRUCTION","170008.10","responsive","qualified","","not_applicable_won_the_contract","not_applicable","","","","Tender_1016870.pdf","1","Contract Value (Taka): 170008.10; Name of Supplier/Contractor/Consultant: Nahar Construction","bid amount equals the awarded contract value as printed on the award notice"
"1024374","COXDA","Cox's Bazar Development Authority","Supply of Goods and Related Service for Organizing Various Seminars by Coxâ??s Bazar Development Authority, Cox's Bazar. FY 2024-25","AWARDED_BIDDER","M/S M R Enterprise","M R ENTERPRISE","865887.79","responsive","qualified","","not_applicable_won_the_contract","not_applicable","","","","Tender_1024374.pdf","1","Contract Value (Taka): 865887.79; Name of Supplier/Contractor/Consultant: M/S M R Enterprise","bid amount equals the awarded contract value as printed on the award notice"
"1024391","COXDA","Cox's Bazar Development Authority","Supply, Installation & Commissioning of Street Lights in Kutubdia Upazilla of Coxs Bazar District. FY 2024-25","AWARDED_BIDDER","PAVILLION BUILDERS","PAVILLION BUILDERS","1350000.00","responsive","qualified","","not_applicable_won_the_contract","not_applicable","","","","Tender_1024391.pdf","1","Contract Value (Taka): 1350000.00; Name of Supplier/Contractor/Consultant: PAVILLION BUILDERS","bid amount equals the awarded contract value as printed on the award notice"
"1024391","COXDA","Cox's Bazar Development Authority","Supply, Installation & Commissioning of Street Lights in Kutubdia Upazilla of Coxs Bazar District. FY 2024-25","UNNAMED_REJECTED_BIDDERS_AGGREGATE","","","","non_responsive","not_qualified","","","","","","","Tender_1024391.pdf","1","Received: 4; Responsive: 3 (difference is the rejected count)","count is derived as received minus responsive; 1 bidder(s)"
"1024467","COXDA","Cox's Bazar Development Authority","Purchasing of Cleaning Materials for Cox's Bazar Development Authority. FY 2024-25.","AWARDED_BIDDER","Jahan Enterprise","JAHAN ENTERPRISE","784699.15","responsive","qualified","","not_applicable_won_the_contract","not_applicable","","","","Tender_1024467.pdf","1","Contract Value (Taka): 784699.15; Name of Supplier/Contractor/Consultant: Jahan Enterprise","bid amount equals the awarded contract value as printed on the award notice"
"1024467","COXDA","Cox's Bazar Development Authority","Purchasing of Cleaning Materials for Cox's Bazar Development Authority. FY 2024-25.","UNNAMED_REJECTED_BIDDERS_AGGREGATE","","","","non_responsive","not_qualified","","","","","","","Tender_1024467.pdf","1","Received: 3; Responsive: 2 (difference is the rejected count)","count is derived as received minus responsive; 1 bidder(s)"
"1024517","COXDA","Cox's Bazar Development Authority","Procurement of Various Parts of CoxDA Heavy Vehicles, Generator, Air Cooler & Fire Pump for Repair and Maintenance. (FY 2024-2025)","AWARDED_BIDDER","Nahar Construction","NAHAR CONSTRUCTION","994560.57","responsive","qualified","","not_applicable_won_the_contract","not_applicable","","","","Tender_1024517.pdf","1","Contract Value (Taka): 994560.57; Name of Supplier/Contractor/Consultant: Nahar Construction","bid amount equals the awarded contract value as printed on the award notice"
"1024525","COXDA","Cox's Bazar Development Authority","Procurement and Repair of CoxDA Furniture (FY 2024-2025)","AWARDED_BIDDER","Lucky Star","LUCKY STAR","481950.48","responsive","qualified","","not_applicable_won_the_contract","not_applicable","","","","Tender_1024525.pdf","1","Contract Value (Taka): 481950.48; Name of Supplier/Contractor/Consultant: Lucky Star","bid amount equals the awarded contract value as printed on the award notice"
"1024787","COXDA","Cox's Bazar Development Authority","Purchases of engineering tools and other equipment. FY2024-25","AWARDED_BIDDER","M/S Kamol Trade International","KAMOL TRADE INTERNATIONAL","889500.46","responsive","qualified","","not_applicable_won_the_contract","not_applicable","","","","Tender_1024787.pdf","1","Contract Value (Taka): 889500.46; Name of Supplier/Contractor/Consultant: M/S Kamol Trade International","bid amount equals the awarded contract value as printed on the award notice"
"1024787","COXDA","Cox's Bazar Development Authority","Purchases of engineering tools and other equipment. FY2024-25","UNNAMED_REJECTED_BIDDERS_AGGREGATE","","","","non_responsive","not_qualified","","","","","","","Tender_1024787.pdf","1","Received: 2; Responsive: 1 (difference is the rejected count)","count is derived as received minus responsive; 1 bidder(s)"
"1024807","COXDA","Cox's Bazar Development Authority","Purchases of Computers and other equipment. FY2024-25","AWARDED_BIDDER","Smart Technologies (BD) Ltd.","SMART TECHNOLOGIES LTD","3442695.16","responsive","qualified","","not_applicable_won_the_contract","not_applicable","","","","Tender_1024807.pdf","1","Contract Value (Taka): 3442695.16; Name of Supplier/Contractor/Consultant: Smart Technologies (BD) Ltd.","bid amount equals the awarded contract value as printed on the award notice"
"1024807","COXDA","Cox's Bazar Development Authority","Purchases of Computers and other equipment. FY2024-25","UNNAMED_REJECTED_BIDDERS_AGGREGATE","","","","non_responsive","not_qualified","","","","","","","Tender_1024807.pdf","1","Received: 5; Responsive: 2 (difference is the rejected count)","count is derived as received minus responsive; 3 bidder(s)"
"1024943","COXDA","Cox's Bazar Development Authority","Supply of Gift Items for Cox's Bazar Development Authority at Cox's Bazar. (FY 2024-25)","AWARDED_BIDDER","Jahan Enterprise","JAHAN ENTERPRISE","1701121.80","responsive","qualified","","not_applicable_won_the_contract","not_applicable","","","","Tender_1024943.pdf","1","Contract Value (Taka): 1701121.80; Name of Supplier/Contractor/Consultant: Jahan Enterprise","bid amount equals the awarded contract value as printed on the award notice"
"1024943","COXDA","Cox's Bazar Development Authority","Supply of Gift Items for Cox's Bazar Development Authority at Cox's Bazar. (FY 2024-25)","UNNAMED_REJECTED_BIDDERS_AGGREGATE","","","","non_responsive","not_qualified","","","","","","","Tender_1024943.pdf","1","Received: 4; Responsive: 2 (difference is the rejected count)","count is derived as received minus responsive; 2 bidder(s)"
"1024948","COXDA","Cox's Bazar Development Authority","Supply of different Stationery Items for Cox's Bazar Development Authority at Cox's Bazar. (FY 2024-25)","AWARDED_BIDDER","M/S Kamol Trade International","KAMOL TRADE INTERNATIONAL","1435753.90","responsive","qualified","","not_applicable_won_the_contract","not_applicable","","","","Tender_1024948.pdf","1","Contract Value (Taka): 1435753.90; Name of Supplier/Contractor/Consultant: M/S Kamol Trade International","bid amount equals the awarded contract value as printed on the award notice"
"1024948","COXDA","Cox's Bazar Development Authority","Supply of different Stationery Items for Cox's Bazar Development Authority at Cox's Bazar. (FY 2024-25)","UNNAMED_REJECTED_BIDDERS_AGGREGATE","","","","non_responsive","not_qualified","","","","","","","Tender_1024948.pdf","1","Received: 5; Responsive: 3 (difference is the rejected count)","count is derived as received minus responsive; 2 bidder(s)"
"1039767","COXDA","Cox's Bazar Development Authority","Supply & installation of Veroius Goods for the Celebration of National Days of CoxDA> (FY 2024-25)","AWARDED_BIDDER","M/S M R Enterprise","M R ENTERPRISE","1043000.00","responsive","qualified","","not_applicable_won_the_contract","not_applicable","","","","Tender_1039767.pdf","1","Contract Value (Taka): 1043000.00; Name of Supplier/Contractor/Consultant: M/S M R Enterprise","bid amount equals the awarded contract value as printed on the award notice"
"1119438","COXDA","Cox's Bazar Development Authority","Procurement of Furniture for CoxDA FY 2024-2025","AWARDED_BIDDER","M/S Modhumati Construction","MODHUMATI CONSTRUCTION","330670.09","responsive","qualified","","not_applicable_won_the_contract","not_applicable","","","","Tender_1119438.pdf","1","Contract Value (Taka): 330670.09; Name of Supplier/Contractor/Consultant: M/S Modhumati Construction","bid amount equals the awarded contract value as printed on the award notice"
"1119438","COXDA","Cox's Bazar Development Authority","Procurement of Furniture for CoxDA FY 2024-2025","UNNAMED_REJECTED_BIDDERS_AGGREGATE","","","","non_responsive","not_qualified","","","","","","","Tender_1119438.pdf","1","Received: 5; Responsive: 4 (difference is the rejected count)","count is derived as received minus responsive; 1 bidder(s)"
"1121584","COXDA","Cox's Bazar Development Authority","Construction of Boundary Wall on Own Land for CoxDA (FY 2024-2025)","AWARDED_BIDDER","S.A.K. ENTERPRISE","S A K ENTERPRISE","1351952.36","responsive","qualified","","not_applicable_won_the_contract","not_applicable","","","","Tender_1121584.pdf","1","Contract Value (Taka): 1351952.36; Name of Supplier/Contractor/Consultant: S.A.K. ENTERPRISE","bid amount equals the awarded contract value as printed on the award notice"
"1148941","COXDA","Cox's Bazar Development Authority","Supply & installation of Various Goods for the Celebration of National Days of CoxDA. FY 2025-26","AWARDED_BIDDER","Nahar Construction","NAHAR CONSTRUCTION","924000.00","responsive","qualified","","not_applicable_won_the_contract","not_applicable","","","","Tender_1148941.pdf","1","Contract Value (Taka): 924000.00; Name of Supplier/Contractor/Consultant: Nahar Construction","bid amount equals the awarded contract value as printed on the award notice"
"1150077","COXDA","Cox's Bazar Development Authority","Procurement of Furniture for CoxDA. FY 2025-26","AWARDED_BIDDER","M/S Misbah Enterprise","MISBAH ENTERPRISE","801203.84","responsive","qualified","","not_applicable_won_the_contract","not_applicable","","","","Tender_1150077.pdf","1","Contract Value (Taka): 801203.84; Name of Supplier/Contractor/Consultant: M/S Misbah Enterprise","bid amount equals the awarded contract value as printed on the award notice"
"1150077","COXDA","Cox's Bazar Development Authority","Procurement of Furniture for CoxDA. FY 2025-26","UNNAMED_REJECTED_BIDDERS_AGGREGATE","","","","non_responsive","not_qualified","","","","","","","Tender_1150077.pdf","1","Received: 3; Responsive: 2 (difference is the rejected count)","count is derived as received minus responsive; 1 bidder(s)"
"1150442","COXDA","Cox's Bazar Development Authority","Supply & installation of spare parts of light vehicles (Toyota, Mitsubishi ASX & Motorcycle) of CoxDA. FY 2025-26","AWARDED_BIDDER","Nahar Construction","NAHAR CONSTRUCTION","169190.00","responsive","qualified","","not_applicable_won_the_contract","not_applicable","","","","Tender_1150442.pdf","1","Contract Value (Taka): 169190.00; Name of Supplier/Contractor/Consultant: Nahar Construction","bid amount equals the awarded contract value as printed on the award notice"
"1150459","COXDA","Cox's Bazar Development Authority","Procurement and repair of CoxDA Furniture. FY 2025-26","AWARDED_BIDDER","Nahar Construction","NAHAR CONSTRUCTION","97000.00","responsive","qualified","","not_applicable_won_the_contract","not_applicable","","","","Tender_1150459.pdf","1","Contract Value (Taka): 97000.00; Name of Supplier/Contractor/Consultant: Nahar Construction","bid amount equals the awarded contract value as printed on the award notice"
"1150469","COXDA","Cox's Bazar Development Authority","Supply & Installation of speed boat spare parts of CoxDA. FY 2025-26","AWARDED_BIDDER","Nahar Construction","NAHAR CONSTRUCTION","74900.00","responsive","qualified","","not_applicable_won_the_contract","not_applicable","","","","Tender_1150469.pdf","1","Contract Value (Taka): 74900.00; Name of Supplier/Contractor/Consultant: Nahar Construction","bid amount equals the awarded contract value as printed on the award notice"
"1150469","COXDA","Cox's Bazar Development Authority","Supply & Installation of speed boat spare parts of CoxDA. FY 2025-26","UNNAMED_REJECTED_BIDDERS_AGGREGATE","","","","non_responsive","not_qualified","","","","","","","Tender_1150469.pdf","1","Received: 2; Responsive: 1 (difference is the rejected count)","count is derived as received minus responsive; 1 bidder(s)"
"1152584","COXDA","Office of the Project Director, CoxDA Residential Flat Project-1","Construction of Sewerage Treatment Plant (STP) 4 Nos (15cum/day) for 4 Nos Nos 15 Storied (With One basement) Residential Buildings under Cox's Bazar Development Authority Residential Flat Project-1","AWARDED_BIDDER","Charm Limited","CHARM LTD","10645125.20","responsive","qualified","","not_applicable_won_the_contract","not_applicable","","","","Tender_1152584.pdf","1","Contract Value (Taka): 10645125.20; Name of Supplier/Contractor/Consultant: Charm Limited","bid amount equals the awarded contract value as printed on the award notice"
"1152584","COXDA","Office of the Project Director, CoxDA Residential Flat Project-1","Construction of Sewerage Treatment Plant (STP) 4 Nos (15cum/day) for 4 Nos Nos 15 Storied (With One basement) Residential Buildings under Cox's Bazar Development Authority Residential Flat Project-1","UNNAMED_REJECTED_BIDDERS_AGGREGATE","","","","non_responsive","not_qualified","","","","","","","Tender_1152584.pdf","1","Received: 2; Responsive: 1 (difference is the rejected count)","count is derived as received minus responsive; 1 bidder(s)"
"1152671","COXDA","Office of the Project Director, CoxDA Residential Flat Project-1","Construction of 4 Nos Deep TubeWell for the Residential Flats in 4 Nos 15 Storied (With One basement) Residential Buildings under Cox's Bazar Development Authority Residential Flat Project-1","AWARDED_BIDDER","Sumon Enterprise","SUMON ENTERPRISE","10710530.00","responsive","qualified","","not_applicable_won_the_contract","not_applicable","","","","Tender_1152671.pdf","1","Contract Value (Taka): 10710530.00; Name of Supplier/Contractor/Consultant: Sumon Enterprise","bid amount equals the awarded contract value as printed on the award notice"
"1152671","COXDA","Office of the Project Director, CoxDA Residential Flat Project-1","Construction of 4 Nos Deep TubeWell for the Residential Flats in 4 Nos 15 Storied (With One basement) Residential Buildings under Cox's Bazar Development Authority Residential Flat Project-1","UNNAMED_REJECTED_BIDDERS_AGGREGATE","","","","non_responsive","not_qualified","","","","","","","Tender_1152671.pdf","1","Received: 2; Responsive: 1 (difference is the rejected count)","count is derived as received minus responsive; 1 bidder(s)"
"1152766","COXDA","Office of the Project Director, CoxDA Residential Flat Project-1","Construction of Car Wash, Watch Tower, Security Server Room, Barbour Laundry, Super Shop, CCTV, Street Light and Miscellaneous Civil, Electrical and Plumbing Works (Mosque) of the Residential Flats under Cox's Bazar Development Authority Residential","AWARDED_BIDDER","M/S. Prominent Engineers","PROMINENT ENGINEERS","41906906.97","responsive","qualified","","not_applicable_won_the_contract","not_applicable","","","","Tender_1152766.pdf","1","Contract Value (Taka): 41906906.97; Name of Supplier/Contractor/Consultant: M/S. Prominent Engineers","bid amount equals the awarded contract value as printed on the award notice"
"1157085","COXDA","Cox's Bazar Development Authority","Maintenance and Repair of Civil & Electrical Works at CoxDA Office Building. FY 2025-26","AWARDED_BIDDER","M/S. Prominent Engineers","PROMINENT ENGINEERS","1820904.02","responsive","qualified","","not_applicable_won_the_contract","not_applicable","","","","Tender_1157085.pdf","1","Contract Value (Taka): 1820904.02; Name of Supplier/Contractor/Consultant: M/S. Prominent Engineers","bid amount equals the awarded contract value as printed on the award notice"
"1157085","COXDA","Cox's Bazar Development Authority","Maintenance and Repair of Civil & Electrical Works at CoxDA Office Building. FY 2025-26","DISCLOSED_BENEFICIAL_OWNER_OF_WINNER","M/S. Prominent Engineers","PROMINENT ENGINEERS","","","","","","","Juel Biswas","100.00","","Tender_1157085.pdf","1","Beneficial Ownership Information row: Juel Biswas, 100.00%,","printed on the award notice under ITT 68.1 / Format e-PG3A-C"
"1160337","COXDA","Cox's Bazar Development Authority","Procurement of Various Parts and service of CoxDA Roller, Pump, Grnaretor, AC & Speed Boat for repair and Maintenance. FY 2025-26","AWARDED_BIDDER","Nahar Construction","NAHAR CONSTRUCTION","682695.00","responsive","qualified","","not_applicable_won_the_contract","not_applicable","","","","Tender_1160337.pdf","1","Contract Value (Taka): 682695.00; Name of Supplier/Contractor/Consultant: Nahar Construction","bid amount equals the awarded contract value as printed on the award notice"
"1160337","COXDA","Cox's Bazar Development Authority","Procurement of Various Parts and service of CoxDA Roller, Pump, Grnaretor, AC & Speed Boat for repair and Maintenance. FY 2025-26","DISCLOSED_BENEFICIAL_OWNER_OF_WINNER","Nahar Construction","NAHAR CONSTRUCTION","","","","","","","Faysal Sarwar","100.00","","Tender_1160337.pdf","1","Beneficial Ownership Information row: Faysal Sarwar, 100.00%,","printed on the award notice under ITT 68.1 / Format e-PG3A-C"
"1163081","COXDA","CoxDA Master Plan","Supply, Installation, Testing, Commissioning of different items for 9 workshops, 2 seminars and arrangement of 9 workshops, 2 seminars at 9 Upazilas of Cox's Bazar District under ""Master Plan Preparation for Cox's Bazar District"" Project as per direc","AWARDED_BIDDER","M/S. Prominent Engineers","PROMINENT ENGINEERS","1992265.00","responsive","qualified","","not_applicable_won_the_contract","not_applicable","","","","Tender_1163081.pdf","1","Contract Value (Taka): 1992265.00; Name of Supplier/Contractor/Consultant: M/S. Prominent Engineers","bid amount equals the awarded contract value as printed on the award notice"
"1163081","COXDA","CoxDA Master Plan","Supply, Installation, Testing, Commissioning of different items for 9 workshops, 2 seminars and arrangement of 9 workshops, 2 seminars at 9 Upazilas of Cox's Bazar District under ""Master Plan Preparation for Cox's Bazar District"" Project as per direc","DISCLOSED_BENEFICIAL_OWNER_OF_WINNER","M/S. Prominent Engineers","PROMINENT ENGINEERS","","","","","","","Juel Biswas","100.00","","Tender_1163081.pdf","1","Beneficial Ownership Information row: Juel Biswas, 100.00%,","printed on the award notice under ITT 68.1 / Format e-PG3A-C"
"1163187","COXDA","Cox's Bazar Development Authority","Procurement of Various Parts of CoxDA Heavy Vehicles (2 Nos. Excavators) for repair and Maintenance. FY 2025-26","AWARDED_BIDDER","Bangla Trac Limited","BANGLA TRAC LTD","1069466.00","responsive","qualified","","not_applicable_won_the_contract","not_applicable","","","","Tender_1163187.pdf","1","Contract Value (Taka): 1069466.00; Name of Supplier/Contractor/Consultant: Bangla Trac Limited","bid amount equals the awarded contract value as printed on the award notice"
"1163187","COXDA","Cox's Bazar Development Authority","Procurement of Various Parts of CoxDA Heavy Vehicles (2 Nos. Excavators) for repair and Maintenance. FY 2025-26","DISCLOSED_BENEFICIAL_OWNER_OF_WINNER","Bangla Trac Limited","BANGLA TRAC LTD","","","","","","","Tarique Ekramul Haque","50.00","Bangladesh","Tender_1163187.pdf","1","Beneficial Ownership Information row: Tarique Ekramul Haque, 50.00%, Bangladesh","printed on the award notice under ITT 68.1 / Format e-PG3A-C"
"1163187","COXDA","Cox's Bazar Development Authority","Procurement of Various Parts of CoxDA Heavy Vehicles (2 Nos. Excavators) for repair and Maintenance. FY 2025-26","DISCLOSED_BENEFICIAL_OWNER_OF_WINNER","Bangla Trac Limited","BANGLA TRAC LTD","","","","","","","Banglatrac Holdings Limited","49.00","Bangladesh","Tender_1163187.pdf","1","Beneficial Ownership Information row: Banglatrac Holdings Limited, 49.00%, Bangladesh","printed on the award notice under ITT 68.1 / Format e-PG3A-C"
"1163354","COXDA","Cox's Bazar Development Authority","Supply of different Stationary items for CoxDA at Coxs Bazer. FY 2025-26","AWARDED_BIDDER","Nahar Construction","NAHAR CONSTRUCTION","1829530.00","responsive","qualified","","not_applicable_won_the_contract","not_applicable","","","","Tender_1163354.pdf","1","Contract Value (Taka): 1829530.00; Name of Supplier/Contractor/Consultant: Nahar Construction","bid amount equals the awarded contract value as printed on the award notice"
"1163354","COXDA","Cox's Bazar Development Authority","Supply of different Stationary items for CoxDA at Coxs Bazer. FY 2025-26","DISCLOSED_BENEFICIAL_OWNER_OF_WINNER","Nahar Construction","NAHAR CONSTRUCTION","","","","","","","Faysal Sarwar","100.00","","Tender_1163354.pdf","1","Beneficial Ownership Information row: Faysal Sarwar, 100.00%,","printed on the award notice under ITT 68.1 / Format e-PG3A-C"
"1172101","COXDA","Cox's Bazar Development Authority","Supply of Gift Items for Cox's Bazar Development Authority. FY 2025-26","AWARDED_BIDDER","Nahar Construction","NAHAR CONSTRUCTION","1807700.00","responsive","qualified","","not_applicable_won_the_contract","not_applicable","","","","Tender_1172101.pdf","1","Contract Value (Taka): 1807700.00; Name of Supplier/Contractor/Consultant: Nahar Construction","bid amount equals the awarded contract value as printed on the award notice"
"1172101","COXDA","Cox's Bazar Development Authority","Supply of Gift Items for Cox's Bazar Development Authority. FY 2025-26","DISCLOSED_BENEFICIAL_OWNER_OF_WINNER","Nahar Construction","NAHAR CONSTRUCTION","","","","","","","Faysal Sarwar","100.00","","Tender_1172101.pdf","1","Beneficial Ownership Information row: Faysal Sarwar, 100.00%,","printed on the award notice under ITT 68.1 / Format e-PG3A-C"
"1172974","COXDA","Cox's Bazar Development Authority","Procurement of different type of Publication. FY 2025-26","AWARDED_BIDDER","M/S Molla & Brothers","MOLLA BROTHERS","278000.00","responsive","qualified","","not_applicable_won_the_contract","not_applicable","","","","Tender_1172974.pdf","1","Contract Value (Taka): 278000.00; Name of Supplier/Contractor/Consultant: M/S Molla & Brothers","bid amount equals the awarded contract value as printed on the award notice"
"1172974","COXDA","Cox's Bazar Development Authority","Procurement of different type of Publication. FY 2025-26","DISCLOSED_BENEFICIAL_OWNER_OF_WINNER","M/S Molla & Brothers","MOLLA BROTHERS","","","","","","","MD. MOTUR ROHMAN MOLLA","100.00","","Tender_1172974.pdf","1","Beneficial Ownership Information row: MD. MOTUR ROHMAN MOLLA, 100.00%,","printed on the award notice under ITT 68.1 / Format e-PG3A-C"
"1173101","COXDA","Cox's Bazar Development Authority","Procurement of uniform for CoxDA. FY 2025-26","AWARDED_BIDDER","M/S Molla & Brothers","MOLLA BROTHERS","136080.00","responsive","qualified","","not_applicable_won_the_contract","not_applicable","","","","Tender_1173101.pdf","1","Contract Value (Taka): 136080.00; Name of Supplier/Contractor/Consultant: M/S Molla & Brothers","bid amount equals the awarded contract value as printed on the award notice"
"1173101","COXDA","Cox's Bazar Development Authority","Procurement of uniform for CoxDA. FY 2025-26","DISCLOSED_BENEFICIAL_OWNER_OF_WINNER","M/S Molla & Brothers","MOLLA BROTHERS","","","","","","","MD. MOTUR ROHMAN MOLLA","100.00","","Tender_1173101.pdf","1","Beneficial Ownership Information row: MD. MOTUR ROHMAN MOLLA, 100.00%,","printed on the award notice under ITT 68.1 / Format e-PG3A-C"
"1173102","COXDA","Cox's Bazar Development Authority","Maintenance and repair of Computer and related items of CoxDA. FY 2025-26","AWARDED_BIDDER","M/S Molla & Brothers","MOLLA BROTHERS","445560.00","responsive","qualified","","not_applicable_won_the_contract","not_applicable","","","","Tender_1173102.pdf","1","Contract Value (Taka): 445560.00; Name of Supplier/Contractor/Consultant: M/S Molla & Brothers","bid amount equals the awarded contract value as printed on the award notice"
"1173102","COXDA","Cox's Bazar Development Authority","Maintenance and repair of Computer and related items of CoxDA. FY 2025-26","DISCLOSED_BENEFICIAL_OWNER_OF_WINNER","M/S Molla & Brothers","MOLLA BROTHERS","","","","","","","MD. MOTUR ROHMAN MOLLA","100.00","","Tender_1173102.pdf","1","Beneficial Ownership Information row: MD. MOTUR ROHMAN MOLLA, 100.00%,","printed on the award notice under ITT 68.1 / Format e-PG3A-C"
"1178437","COXDA","Cox's Bazar Development Authority","Procurement of Land Survey. FY 2025-26","AWARDED_BIDDER","M/S Building Construction Consultant (BCC)","BUILDING CONSTRUCTION CONSULTANT","263425.00","responsive","qualified","","not_applicable_won_the_contract","not_applicable","","","","Tender_1178437.pdf","1","Contract Value (Taka): 263425.00; Name of Supplier/Contractor/Consultant: M/S Building Construction Consultant (BCC)","bid amount equals the awarded contract value as printed on the award notice"
"1178437","COXDA","Cox's Bazar Development Authority","Procurement of Land Survey. FY 2025-26","DISCLOSED_BENEFICIAL_OWNER_OF_WINNER","M/S Building Construction Consultant (BCC)","BUILDING CONSTRUCTION CONSULTANT","","","","","","","Jafar Ahmmad","100.00","","Tender_1178437.pdf","1","Beneficial Ownership Information row: Jafar Ahmmad, 100.00%,","printed on the award notice under ITT 68.1 / Format e-PG3A-C"
"1183753","COXDA","Cox's Bazar Development Authority","Supply, Installation, and Maintenance of Various parts of CoxDA Lift. FY 2025-26","AWARDED_BIDDER","FUJITECH","FUJITECH","284997.15","responsive","qualified","","not_applicable_won_the_contract","not_applicable","","","","Tender_1183753.pdf","1","Contract Value (Taka): 284997.15; Name of Supplier/Contractor/Consultant: FUJITECH","bid amount equals the awarded contract value as printed on the award notice"
"1183753","COXDA","Cox's Bazar Development Authority","Supply, Installation, and Maintenance of Various parts of CoxDA Lift. FY 2025-26","DISCLOSED_BENEFICIAL_OWNER_OF_WINNER","FUJITECH","FUJITECH","","","","","","","Md. Emran Hossain","100.00","","Tender_1183753.pdf","1","Beneficial Ownership Information row: Md. Emran Hossain, 100.00%,","printed on the award notice under ITT 68.1 / Format e-PG3A-C"
"1183822","COXDA","Cox's Bazar Development Authority","Purchasing of Cleaning Materials for Coxs Bazar Development Authority. FY 2025-26","AWARDED_BIDDER","M/S Molla & Brothers","MOLLA BROTHERS","1179300.00","responsive","qualified","","not_applicable_won_the_contract","not_applicable","","","","Tender_1183822.pdf","1","Contract Value (Taka): 1179300.00; Name of Supplier/Contractor/Consultant: M/S Molla & Brothers","bid amount equals the awarded contract value as printed on the award notice"
"1183822","COXDA","Cox's Bazar Development Authority","Purchasing of Cleaning Materials for Coxs Bazar Development Authority. FY 2025-26","DISCLOSED_BENEFICIAL_OWNER_OF_WINNER","M/S Molla & Brothers","MOLLA BROTHERS","","","","","","","MD. MOTUR ROHMAN MOLLA","100.00","","Tender_1183822.pdf","1","Beneficial Ownership Information row: MD. MOTUR ROHMAN MOLLA, 100.00%,","printed on the award notice under ITT 68.1 / Format e-PG3A-C"
"1183835","COXDA","Cox's Bazar Development Authority","CoxDA office building Ornamental and Plumbing Works. FY 2025-26","AWARDED_BIDDER","Sumon Enterprise","SUMON ENTERPRISE","1639290.49","responsive","qualified","","not_applicable_won_the_contract","not_applicable","","","","Tender_1183835.pdf","1","Contract Value (Taka): 1639290.49; Name of Supplier/Contractor/Consultant: Sumon Enterprise","bid amount equals the awarded contract value as printed on the award notice"
"1183835","COXDA","Cox's Bazar Development Authority","CoxDA office building Ornamental and Plumbing Works. FY 2025-26","DISCLOSED_BENEFICIAL_OWNER_OF_WINNER","Sumon Enterprise","SUMON ENTERPRISE","","","","","","","Mohammad Ferdous Islam","100.00","","Tender_1183835.pdf","1","Beneficial Ownership Information row: Mohammad Ferdous Islam, 100.00%,","printed on the award notice under ITT 68.1 / Format e-PG3A-C"
"1184463","COXDA","Cox's Bazar Development Authority","Supply & installation of Engineering tools and other equipment. FY 2025-26","AWARDED_BIDDER","M/S Molla & Brothers","MOLLA BROTHERS","905340.00","responsive","qualified","","not_applicable_won_the_contract","not_applicable","","","","Tender_1184463.pdf","1","Contract Value (Taka): 905340.00; Name of Supplier/Contractor/Consultant: M/S Molla & Brothers","bid amount equals the awarded contract value as printed on the award notice"
"1184463","COXDA","Cox's Bazar Development Authority","Supply & installation of Engineering tools and other equipment. FY 2025-26","DISCLOSED_BENEFICIAL_OWNER_OF_WINNER","M/S Molla & Brothers","MOLLA BROTHERS","","","","","","","MD. MOTUR ROHMAN MOLLA","100.00","","Tender_1184463.pdf","1","Beneficial Ownership Information row: MD. MOTUR ROHMAN MOLLA, 100.00%,","printed on the award notice under ITT 68.1 / Format e-PG3A-C"
"1184466","COXDA","Cox's Bazar Development Authority","Purchasing of Gardening for Cox's Bazar Development Authority.FY 2025-25","AWARDED_BIDDER","M/S Molla & Brothers","MOLLA BROTHERS","226500.00","responsive","qualified","","not_applicable_won_the_contract","not_applicable","","","","Tender_1184466.pdf","1","Contract Value (Taka): 226500.00; Name of Supplier/Contractor/Consultant: M/S Molla & Brothers","bid amount equals the awarded contract value as printed on the award notice"
"1184466","COXDA","Cox's Bazar Development Authority","Purchasing of Gardening for Cox's Bazar Development Authority.FY 2025-25","DISCLOSED_BENEFICIAL_OWNER_OF_WINNER","M/S Molla & Brothers","MOLLA BROTHERS","","","","","","","MD. MOTUR ROHMAN MOLLA","100.00","","Tender_1184466.pdf","1","Beneficial Ownership Information row: MD. MOTUR ROHMAN MOLLA, 100.00%,","printed on the award notice under ITT 68.1 / Format e-PG3A-C"
"1184470","COXDA","Cox's Bazar Development Authority","Supply & Installation of electrical equipmentÃ¢??s of CoxÃ¢??s Bazar district. FY 2025-26","AWARDED_BIDDER","Nahar Construction","NAHAR CONSTRUCTION","1811395.73","responsive","qualified","","not_applicable_won_the_contract","not_applicable","","","","Tender_1184470.pdf","1","Contract Value (Taka): 1811395.73; Name of Supplier/Contractor/Consultant: Nahar Construction","bid amount equals the awarded contract value as printed on the award notice"
"1184470","COXDA","Cox's Bazar Development Authority","Supply & Installation of electrical equipmentÃ¢??s of CoxÃ¢??s Bazar district. FY 2025-26","DISCLOSED_BENEFICIAL_OWNER_OF_WINNER","Nahar Construction","NAHAR CONSTRUCTION","","","","","","","Faysal Sarwar","100.00","","Tender_1184470.pdf","1","Beneficial Ownership Information row: Faysal Sarwar, 100.00%,","printed on the award notice under ITT 68.1 / Format e-PG3A-C"
"1185193","COXDA","Cox's Bazar Development Authority","Supply & installation of Computers and other equipment. FY 2025-26","AWARDED_BIDDER","Smart Technologies (BD) Ltd.","SMART TECHNOLOGIES LTD","1994109.20","responsive","qualified","","not_applicable_won_the_contract","not_applicable","","","","Tender_1185193.pdf","1","Contract Value (Taka): 1994109.20; Name of Supplier/Contractor/Consultant: Smart Technologies (BD) Ltd.","bid amount equals the awarded contract value as printed on the award notice"
"1185193","COXDA","Cox's Bazar Development Authority","Supply & installation of Computers and other equipment. FY 2025-26","DISCLOSED_BENEFICIAL_OWNER_OF_WINNER","Smart Technologies (BD) Ltd.","SMART TECHNOLOGIES LTD","","","","","","","Mohammad Zahirul Islam","50.00","Bangladesh","Tender_1185193.pdf","1","Beneficial Ownership Information row: Mohammad Zahirul Islam, 50.00%, Bangladesh","printed on the award notice under ITT 68.1 / Format e-PG3A-C"
"1185193","COXDA","Cox's Bazar Development Authority","Supply & installation of Computers and other equipment. FY 2025-26","DISCLOSED_BENEFICIAL_OWNER_OF_WINNER","Smart Technologies (BD) Ltd.","SMART TECHNOLOGIES LTD","","","","","","","Mohd. Mazharul Islam","50.00","Bangladesh","Tender_1185193.pdf","1","Beneficial Ownership Information row: Mohd. Mazharul Islam, 50.00%, Bangladesh","printed on the award notice under ITT 68.1 / Format e-PG3A-C"
"1199127","COXDA","Cox's Bazar Development Authority","Hiring of Vehicle for CoxDA for the FY 2025-26","AWARDED_BIDDER","M/S Molla & Brothers","MOLLA BROTHERS","959990.40","responsive","qualified","","not_applicable_won_the_contract","not_applicable","","","","Tender_1199127.pdf","1","Contract Value (Taka): 959990.40; Name of Supplier/Contractor/Consultant: M/S Molla & Brothers","bid amount equals the awarded contract value as printed on the award notice"
"1199127","COXDA","Cox's Bazar Development Authority","Hiring of Vehicle for CoxDA for the FY 2025-26","DISCLOSED_BENEFICIAL_OWNER_OF_WINNER","M/S Molla & Brothers","MOLLA BROTHERS","","","","","","","MD. MOTUR ROHMAN MOLLA","100.00","","Tender_1199127.pdf","1","Beneficial Ownership Information row: MD. MOTUR ROHMAN MOLLA, 100.00%,","printed on the award notice under ITT 68.1 / Format e-PG3A-C"
"1207915","COXDA","Cox's Bazar Development Authority","Procurement of Books and Periodical. FY 2025-26","AWARDED_BIDDER","M/S Molla & Brothers","MOLLA BROTHERS","108981.60","responsive","qualified","","not_applicable_won_the_contract","not_applicable","","","","Tender_1207915.pdf","1","Contract Value (Taka): 108981.60; Name of Supplier/Contractor/Consultant: M/S Molla & Brothers","bid amount equals the awarded contract value as printed on the award notice"
"1207915","COXDA","Cox's Bazar Development Authority","Procurement of Books and Periodical. FY 2025-26","DISCLOSED_BENEFICIAL_OWNER_OF_WINNER","M/S Molla & Brothers","MOLLA BROTHERS","","","","","","","MD. MOTUR ROHMAN MOLLA","100.00","","Tender_1207915.pdf","1","Beneficial Ownership Information row: MD. MOTUR ROHMAN MOLLA, 100.00%,","printed on the award notice under ITT 68.1 / Format e-PG3A-C"
"1211856","COXDA","Cox's Bazar Development Authority","Procurement and Installation of different items for Innovation of establishing a low cost STP","AWARDED_BIDDER","M/S Molla & Brothers","MOLLA BROTHERS","455667.45","responsive","qualified","","not_applicable_won_the_contract","not_applicable","","","","Tender_1211856.pdf","1","Contract Value (Taka): 455667.45; Name of Supplier/Contractor/Consultant: M/S Molla & Brothers","bid amount equals the awarded contract value as printed on the award notice"
"1211856","COXDA","Cox's Bazar Development Authority","Procurement and Installation of different items for Innovation of establishing a low cost STP","DISCLOSED_BENEFICIAL_OWNER_OF_WINNER","M/S Molla & Brothers","MOLLA BROTHERS","","","","","","","MD. MOTUR ROHMAN MOLLA","100.00","","Tender_1211856.pdf","1","Beneficial Ownership Information row: MD. MOTUR ROHMAN MOLLA, 100.00%,","printed on the award notice under ITT 68.1 / Format e-PG3A-C"
"1258384","COXDA","Cox's Bazar Development Authority","Supply & Installation of electrical indoor LED screen of CoxDA. FY 2025-26","AWARDED_BIDDER","M/S Molla & Brothers","MOLLA BROTHERS","183975.50","responsive","qualified","","not_applicable_won_the_contract","not_applicable","","","","Tender_1258384.pdf","1","Contract Value (Taka): 183975.50; Name of Supplier/Contractor/Consultant: M/S Molla & Brothers","bid amount equals the awarded contract value as printed on the award notice"
"1258384","COXDA","Cox's Bazar Development Authority","Supply & Installation of electrical indoor LED screen of CoxDA. FY 2025-26","DISCLOSED_BENEFICIAL_OWNER_OF_WINNER","M/S Molla & Brothers","MOLLA BROTHERS","","","","","","","MD. MOTUR ROHMAN MOLLA","100.00","","Tender_1258384.pdf","1","Beneficial Ownership Information row: MD. MOTUR ROHMAN MOLLA, 100.00%,","printed on the award notice under ITT 68.1 / Format e-PG3A-C"
"1272190","COXDA","CoxDA Master Plan","Printing, Binding and Supply of Different types of Survey Maps for ""Master Plan Preparation for Cox's Bazar District"" Project","AWARDED_BIDDER","M/S Molla & Brothers","MOLLA BROTHERS","2303971.35","responsive","qualified","","not_applicable_won_the_contract","not_applicable","","","","Tender_1272190.pdf","1","Contract Value (Taka): 2303971.35; Name of Supplier/Contractor/Consultant: M/S Molla & Brothers","bid amount equals the awarded contract value as printed on the award notice"
"1272190","COXDA","CoxDA Master Plan","Printing, Binding and Supply of Different types of Survey Maps for ""Master Plan Preparation for Cox's Bazar District"" Project","DISCLOSED_BENEFICIAL_OWNER_OF_WINNER","M/S Molla & Brothers","MOLLA BROTHERS","","","","","","","MD. MOTUR ROHMAN MOLLA","100.00","","Tender_1272190.pdf","1","Beneficial Ownership Information row: MD. MOTUR ROHMAN MOLLA, 100.00%,","printed on the award notice under ITT 68.1 / Format e-PG3A-C"
"1273100","COXDA","CoxDA Master Plan","Procurement of Different types of Stationery for ""Master Plan Preparation for Cox's Bazar District"" Project","AWARDED_BIDDER","M/S Molla & Brothers","MOLLA BROTHERS","1767938.60","responsive","qualified","","not_applicable_won_the_contract","not_applicable","","","","Tender_1273100.pdf","1","Contract Value (Taka): 1767938.60; Name of Supplier/Contractor/Consultant: M/S Molla & Brothers","bid amount equals the awarded contract value as printed on the award notice"
"1273100","COXDA","CoxDA Master Plan","Procurement of Different types of Stationery for ""Master Plan Preparation for Cox's Bazar District"" Project","DISCLOSED_BENEFICIAL_OWNER_OF_WINNER","M/S Molla & Brothers","MOLLA BROTHERS","","","","","","","MD. MOTUR ROHMAN MOLLA","100.00","","Tender_1273100.pdf","1","Beneficial Ownership Information row: MD. MOTUR ROHMAN MOLLA, 100.00%,","printed on the award notice under ITT 68.1 / Format e-PG3A-C"
"20558","COXDA","Dinajpur O&M Division","Bank Protection Work on the Right Bank of Atrai River at Bontara from km. 4.362 to km. 4.487 = 125m in C/W Border River Protection & Development Project in Upazila-Sadar, Dist. Dinajpur.","AWARDED_BIDDER","M/S. Shahid Brothers","SHAHID BROTHERS","11692619.97","responsive","qualified","","not_applicable_won_the_contract","not_applicable","","","","Tender_20558.pdf","1","Contract Value (Taka): 11692619.97; Name of Supplier/Contractor/Consultant: M/S. Shahid Brothers","bid amount equals the awarded contract value as printed on the award notice"
"20558","COXDA","Dinajpur O&M Division","Bank Protection Work on the Right Bank of Atrai River at Bontara from km. 4.362 to km. 4.487 = 125m in C/W Border River Protection & Development Project in Upazila-Sadar, Dist. Dinajpur.","UNNAMED_REJECTED_BIDDERS_AGGREGATE","","","","non_responsive","not_qualified","","","","","","","Tender_20558.pdf","1","Received: 2; Responsive: 1 (difference is the rejected count)","count is derived as received minus responsive; 1 bidder(s)"
"270190","COXDA","Cox's Bazar Development Authority","Construction Works for Rehabilitation and Physical Development of Goldighi Pond Area Earth Excavation Site Protection Walk way Retaining wall Cafeteria and Utility Building Construction Electrification Sanitary and Drainage System Musical Fountain La","AWARDED_BIDDER","S.S Rahman International","S S RAHMAN INTERNATIONAL","168263375.98","responsive","qualified","","not_applicable_won_the_contract","not_applicable","","","","Tender_270190.pdf","1","Contract Value (Taka): 168263375.98; Name of Supplier/Contractor/Consultant: S.S Rahman International","bid amount equals the awarded contract value as printed on the award notice"
"270651","COXDA","Cox's Bazar Development Authority","Construction Works for Rehabilitation and Physical Development of Bazar Ghata Pond Area Earth Excavation Site Protection Walk way Retaining wall Library and Utility Building Construction Electrification Sanitary and Drainage System Landscaping and Ph","AWARDED_BIDDER","Khan and Sons (Bangladesh) Limited","KHAN AND SONS LTD","86870906.14","responsive","qualified","","not_applicable_won_the_contract","not_applicable","","","","Tender_270651.pdf","1","Contract Value (Taka): 86870906.14; Name of Supplier/Contractor/Consultant: Khan and Sons (Bangladesh) Limited","bid amount equals the awarded contract value as printed on the award notice"
"276338","COXDA","Cox's Bazar Development Authority","Supply one 01 unit Wheel type Excavator with Bucket and Hydraulic Hammer for demolition purpose","AWARDED_BIDDER","Bangla Trac Limited","BANGLA TRAC LTD","26450000.00","responsive","qualified","","not_applicable_won_the_contract","not_applicable","","","","Tender_276338.pdf","1","Contract Value (Taka): 26450000.00; Name of Supplier/Contractor/Consultant: Bangla Trac Limited","bid amount equals the awarded contract value as printed on the award notice"
"282186","COXDA","Cox's Bazar Development Authority","Construction Works for Rehabilitation and Physical Development of Laldighi Pond Area Earth Excavation Site Protection Walkway Retaining wall Community Hall Tourist Information Center and Utility Building Electrification Sanitary and Drainage System L","AWARDED_BIDDER","S.S Rahman International","S S RAHMAN INTERNATIONAL","169206055.68","responsive","qualified","","not_applicable_won_the_contract","not_applicable","","","","Tender_282186.pdf","1","Contract Value (Taka): 169206055.68; Name of Supplier/Contractor/Consultant: S.S Rahman International","bid amount equals the awarded contract value as printed on the award notice"
"417304","COXDA","Cox's Bazar Development Authority","Procurement of One No. of Twin Drum Vibratory Road Roller 4 to 6 Ton for Coxs Bazar Development Authority","AWARDED_BIDDER","Ecom Trade International","ECOM TRADE INTERNATIONAL","9280000.00","responsive","qualified","","not_applicable_won_the_contract","not_applicable","","","","Tender_417304.pdf","1","Contract Value (Taka): 9280000.00; Name of Supplier/Contractor/Consultant: Ecom Trade International","bid amount equals the awarded contract value as printed on the award notice"
"418364","COXDA","Cox's Bazar Development Authority","Supply of Chain Dozer for Coxs Bazar Development Authority.","AWARDED_BIDDER","Bangla Trac Limited","BANGLA TRAC LTD","18900000.00","responsive","qualified","","not_applicable_won_the_contract","not_applicable","","","","Tender_418364.pdf","1","Contract Value (Taka): 18900000.00; Name of Supplier/Contractor/Consultant: Bangla Trac Limited","bid amount equals the awarded contract value as printed on the award notice"
"424168","COXDA","Cox's Bazar Development Authority","Supply of Note Book Pustani Box Pen Bag Desk Calendar Desk Calendar Box for Coxs Bazar Development Authority","AWARDED_BIDDER","Frontline Communications Ltd","FRONTLINE COMMUNICATIONS LTD","1366203.40","responsive","qualified","","not_applicable_won_the_contract","not_applicable","","","","Tender_424168.pdf","1","Contract Value (Taka): 1366203.40; Name of Supplier/Contractor/Consultant: Frontline Communications Ltd","bid amount equals the awarded contract value as printed on the award notice"
"424168","COXDA","Cox's Bazar Development Authority","Supply of Note Book Pustani Box Pen Bag Desk Calendar Desk Calendar Box for Coxs Bazar Development Authority","UNNAMED_REJECTED_BIDDERS_AGGREGATE","","","","non_responsive","not_qualified","","","","","","","Tender_424168.pdf","1","Received: 2; Responsive: 1 (difference is the rejected count)","count is derived as received minus responsive; 1 bidder(s)"
"446283","COXDA","Cox's Bazar Development Authority","Construction of Terracotta Feature Wall Landscaping and Beautification at Laboni Point Coxs Bazar","AWARDED_BIDDER","M/S. Shishir Construction","SHISHIR CONSTRUCTION","5407490.33","responsive","qualified","","not_applicable_won_the_contract","not_applicable","","","","Tender_446283.pdf","1","Contract Value (Taka): 5407490.33; Name of Supplier/Contractor/Consultant: M/S. Shishir Construction","bid amount equals the awarded contract value as printed on the award notice"
"448324","COXDA","Cox's Bazar Development Authority","Improvement and Widening of Holiday Mor to Khurushkul Mor at Coxs Bazar between Ch. 0000-2450 Km","AWARDED_BIDDER","NATIONAL DEVELOPMENT ENGINEERS LTD.","NATIONAL DEVELOPMENT ENGINEERS LTD","929999504.71","responsive","qualified","","not_applicable_won_the_contract","not_applicable","","","","Tender_448324.pdf","1","Contract Value (Taka): 929999504.71; Name of Supplier/Contractor/Consultant: NATIONAL DEVELOPMENT ENGINEERS LTD.","bid amount equals the awarded contract value as printed on the award notice"
"461085","COXDA","Cox's Bazar Development Authority","Supply of Pay Loader Wheel Type for Coxs Bazar Development Authority","AWARDED_BIDDER","Bangla Trac Limited","BANGLA TRAC LTD","18450000.00","responsive","qualified","","not_applicable_won_the_contract","not_applicable","","","","Tender_461085.pdf","1","Contract Value (Taka): 18450000.00; Name of Supplier/Contractor/Consultant: Bangla Trac Limited","bid amount equals the awarded contract value as printed on the award notice"
"461085","COXDA","Cox's Bazar Development Authority","Supply of Pay Loader Wheel Type for Coxs Bazar Development Authority","UNNAMED_REJECTED_BIDDERS_AGGREGATE","","","","non_responsive","not_qualified","","","","","","","Tender_461085.pdf","1","Received: 6; Responsive: 1 (difference is the rejected count)","count is derived as received minus responsive; 5 bidder(s)"
"461209","COXDA","Cox's Bazar Development Authority","Supply of Excavator Wheel Type for Coxs Bazar Development Authority","AWARDED_BIDDER","Bangla Trac Limited","BANGLA TRAC LTD","17250000.00","responsive","qualified","","not_applicable_won_the_contract","not_applicable","","","","Tender_461209.pdf","1","Contract Value (Taka): 17250000.00; Name of Supplier/Contractor/Consultant: Bangla Trac Limited","bid amount equals the awarded contract value as printed on the award notice"
"461209","COXDA","Cox's Bazar Development Authority","Supply of Excavator Wheel Type for Coxs Bazar Development Authority","UNNAMED_REJECTED_BIDDERS_AGGREGATE","","","","non_responsive","not_qualified","","","","","","","Tender_461209.pdf","1","Received: 6; Responsive: 1 (difference is the rejected count)","count is derived as received minus responsive; 5 bidder(s)"
"471795","COXDA","Cox's Bazar Development Authority","Tree Plantation within Jurisdiction area of Coxs Bazar Development Authority","AWARDED_BIDDER","M/S. T.J Construction","T J CONSTRUCTION","2661750.00","responsive","qualified","","not_applicable_won_the_contract","not_applicable","","","","Tender_471795.pdf","1","Contract Value (Taka): 2661750.00; Name of Supplier/Contractor/Consultant: M/S. T.J Construction","bid amount equals the awarded contract value as printed on the award notice"
"509251","COXDA","Cox's Bazar Development Authority","Improvement and Widening of Khurushkul Mor to Bus-Stand Mor at Coxs Bazar between Ch. 2450-4660 Km","AWARDED_BIDDER","Taher Brothers Ltd.","TAHER BROTHERS LTD","834238358.78","responsive","qualified","","not_applicable_won_the_contract","not_applicable","","","","Tender_509251.pdf","1","Contract Value (Taka): 834238358.78; Name of Supplier/Contractor/Consultant: Taher Brothers Ltd.","bid amount equals the awarded contract value as printed on the award notice"
"509251","COXDA","Cox's Bazar Development Authority","Improvement and Widening of Khurushkul Mor to Bus-Stand Mor at Coxs Bazar between Ch. 2450-4660 Km","UNNAMED_REJECTED_BIDDERS_AGGREGATE","","","","non_responsive","not_qualified","","","","","","","Tender_509251.pdf","1","Received: 7; Responsive: 3 (difference is the rejected count)","count is derived as received minus responsive; 4 bidder(s)"
"528460","COXDA","Cox's Bazar Development Authority","Supply of Note Book with Pustani & Box Desk Calendar with Desk Calendar Box and Bag for Coxs Bazar Development Authority. FY 2020-21","AWARDED_BIDDER","Frontline Communications Ltd","FRONTLINE COMMUNICATIONS LTD","1264004.70","responsive","qualified","","not_applicable_won_the_contract","not_applicable","","","","Tender_528460.pdf","1","Contract Value (Taka): 1264004.70; Name of Supplier/Contractor/Consultant: Frontline Communications Ltd","bid amount equals the awarded contract value as printed on the award notice"
"528460","COXDA","Cox's Bazar Development Authority","Supply of Note Book with Pustani & Box Desk Calendar with Desk Calendar Box and Bag for Coxs Bazar Development Authority. FY 2020-21","UNNAMED_REJECTED_BIDDERS_AGGREGATE","","","","non_responsive","not_qualified","","","","","","","Tender_528460.pdf","1","Received: 2; Responsive: 1 (difference is the rejected count)","count is derived as received minus responsive; 1 bidder(s)"
"548292","COXDA","Cox's Bazar Development Authority","Acoustic System Works for Multi-purpose Hall of Building under Construction of Multi Storied Office Building of Coxs Bazar Development Authority CoxDA Project","AWARDED_BIDDER","Legacy Furniture (Pvt.) Ltd.","LEGACY FURNITURE LTD","13553745.03","responsive","qualified","","not_applicable_won_the_contract","not_applicable","","","","Tender_548292.pdf","1","Contract Value (Taka): 13553745.03; Name of Supplier/Contractor/Consultant: Legacy Furniture (Pvt.) Ltd.","bid amount equals the awarded contract value as printed on the award notice"
"548292","COXDA","Cox's Bazar Development Authority","Acoustic System Works for Multi-purpose Hall of Building under Construction of Multi Storied Office Building of Coxs Bazar Development Authority CoxDA Project","UNNAMED_REJECTED_BIDDERS_AGGREGATE","","","","non_responsive","not_qualified","","","","","","","Tender_548292.pdf","1","Received: 3; Responsive: 1 (difference is the rejected count)","count is derived as received minus responsive; 2 bidder(s)"
"548589","COXDA","Cox's Bazar Development Authority","Supplying Installation and Commissioning of Furniture for Office Building under Construction of Multi Storied Office Building of Coxs Bazar Development Authority CoxDA Project","AWARDED_BIDDER","Legacy Furniture (Pvt.) Ltd.","LEGACY FURNITURE LTD","39928546.01","responsive","qualified","","not_applicable_won_the_contract","not_applicable","","","","Tender_548589.pdf","1","Contract Value (Taka): 39928546.01; Name of Supplier/Contractor/Consultant: Legacy Furniture (Pvt.) Ltd.","bid amount equals the awarded contract value as printed on the award notice"
"549164","COXDA","Cox's Bazar Development Authority","Interior Decoration Works of Building under Construction of Multi Storied Office Building of Coxs Bazar Development Authority CoxDA Project","AWARDED_BIDDER","Legacy Furniture (Pvt.) Ltd.","LEGACY FURNITURE LTD","16229321.45","responsive","qualified","","not_applicable_won_the_contract","not_applicable","","","","Tender_549164.pdf","1","Contract Value (Taka): 16229321.45; Name of Supplier/Contractor/Consultant: Legacy Furniture (Pvt.) Ltd.","bid amount equals the awarded contract value as printed on the award notice"
"549164","COXDA","Cox's Bazar Development Authority","Interior Decoration Works of Building under Construction of Multi Storied Office Building of Coxs Bazar Development Authority CoxDA Project","UNNAMED_REJECTED_BIDDERS_AGGREGATE","","","","non_responsive","not_qualified","","","","","","","Tender_549164.pdf","1","Received: 4; Responsive: 1 (difference is the rejected count)","count is derived as received minus responsive; 3 bidder(s)"
"549299","COXDA","Cox's Bazar Development Authority","Supplying Installation Testing and Commissioning of CCTV Works for Holiday More-Bazarghata-Larpara Bus Stand Main Road under Holiday More-Bazarghata-Larpara Bus Stand Main Road Re-Construction and Widening Project of Coxs Bazar District","AWARDED_BIDDER","Optimal Technology (Pvt. ) Ltd.","OPTIMAL TECHNOLOGY LTD","21843451.71","responsive","qualified","","not_applicable_won_the_contract","not_applicable","","","","Tender_549299.pdf","1","Contract Value (Taka): 21843451.71; Name of Supplier/Contractor/Consultant: Optimal Technology (Pvt. ) Ltd.","bid amount equals the awarded contract value as printed on the award notice"
"549431","COXDA","Cox's Bazar Development Authority","Supplying Installation Testing Commissioning and Maintenance of WiFi Works for Holiday More-Bazarghata-Larpara Bus Stand Main Road under Holiday More-Bazarghata-Larpara Bus Stand Main Road Re-Construction and Widening Project of Coxs Bazar District","AWARDED_BIDDER","Optimal Technology (Pvt. ) Ltd.","OPTIMAL TECHNOLOGY LTD","84781759.86","responsive","qualified","","not_applicable_won_the_contract","not_applicable","","","","Tender_549431.pdf","1","Contract Value (Taka): 84781759.86; Name of Supplier/Contractor/Consultant: Optimal Technology (Pvt. ) Ltd.","bid amount equals the awarded contract value as printed on the award notice"
"550266","COXDA","Cox's Bazar Development Authority","Supply Installation Testing and Commissioning of Street Lights and other accessories Street Light 348 Nos Service Bracket 174 Nos Circuit Breaker 10 Nos Energy Meter 8 Nos Meter Box 10 Nos Cable 20558 meter Name Plate 174 Nos at Eidgah Jalalabad Road","AWARDED_BIDDER","M/S. T.J Construction","T J CONSTRUCTION","5912816.09","responsive","qualified","","not_applicable_won_the_contract","not_applicable","","","","Tender_550266.pdf","1","Contract Value (Taka): 5912816.09; Name of Supplier/Contractor/Consultant: M/S. T.J Construction","bid amount equals the awarded contract value as printed on the award notice"
"550266","COXDA","Cox's Bazar Development Authority","Supply Installation Testing and Commissioning of Street Lights and other accessories Street Light 348 Nos Service Bracket 174 Nos Circuit Breaker 10 Nos Energy Meter 8 Nos Meter Box 10 Nos Cable 20558 meter Name Plate 174 Nos at Eidgah Jalalabad Road","UNNAMED_REJECTED_BIDDERS_AGGREGATE","","","","non_responsive","not_qualified","","","","","","","Tender_550266.pdf","1","Received: 2; Responsive: 1 (difference is the rejected count)","count is derived as received minus responsive; 1 bidder(s)"
"550267","COXDA","Cox's Bazar Development Authority","Supply Installation Testing and Commissioning of Street Lights and other accessories Street Light 42 Nos Service Bracket 42 Nos Circuit Breaker 2 Nos Energy Meter 2 Nos Meter Box 2 Nos Cable 4914 meter Name Plate 42 Nos Transformer 2 Nos Earthing 2 N","AWARDED_BIDDER","M/S. T.J Construction","T J CONSTRUCTION","999483.11","responsive","qualified","","not_applicable_won_the_contract","not_applicable","","","","Tender_550267.pdf","1","Contract Value (Taka): 999483.11; Name of Supplier/Contractor/Consultant: M/S. T.J Construction","bid amount equals the awarded contract value as printed on the award notice"
"550267","COXDA","Cox's Bazar Development Authority","Supply Installation Testing and Commissioning of Street Lights and other accessories Street Light 42 Nos Service Bracket 42 Nos Circuit Breaker 2 Nos Energy Meter 2 Nos Meter Box 2 Nos Cable 4914 meter Name Plate 42 Nos Transformer 2 Nos Earthing 2 N","UNNAMED_REJECTED_BIDDERS_AGGREGATE","","","","non_responsive","not_qualified","","","","","","","Tender_550267.pdf","1","Received: 3; Responsive: 1 (difference is the rejected count)","count is derived as received minus responsive; 2 bidder(s)"
"577378","COXDA","Cox's Bazar Development Authority","Arboriculture Works under Construction of Multi Storied Office Building of Coxs Bazar Development Authority CoxDA Project","AWARDED_BIDDER","Extreme Engineering Development Consultant","EXTREME ENGINEERING DEVELOPMENT CONSULTANT","1982306.85","responsive","qualified","","not_applicable_won_the_contract","not_applicable","","","","Tender_577378.pdf","1","Contract Value (Taka): 1982306.85; Name of Supplier/Contractor/Consultant: Extreme Engineering Development Consultant","bid amount equals the awarded contract value as printed on the award notice"
"617410","COXDA","Cox's Bazar Development Authority","LED Display Board works with Fitting and Fixing under the ""Holiday More-Bazarghata-Larpara (Bus Stand) Main Road Re-Construction and Widening"" Project of Coxs Bazar District","AWARDED_BIDDER","Rancon Industrial Solutions Ltd.","RANCON INDUSTRIAL SOLUTIONS LTD","21379456.05","responsive","qualified","","not_applicable_won_the_contract","not_applicable","","","","Tender_617410.pdf","1","Contract Value (Taka): 21379456.05; Name of Supplier/Contractor/Consultant: Rancon Industrial Solutions Ltd.","bid amount equals the awarded contract value as printed on the award notice"
"617410","COXDA","Cox's Bazar Development Authority","LED Display Board works with Fitting and Fixing under the ""Holiday More-Bazarghata-Larpara (Bus Stand) Main Road Re-Construction and Widening"" Project of Coxs Bazar District","UNNAMED_REJECTED_BIDDERS_AGGREGATE","","","","non_responsive","not_qualified","","","","","","","Tender_617410.pdf","1","Received: 4; Responsive: 1 (difference is the rejected count)","count is derived as received minus responsive; 3 bidder(s)"
"617807","COXDA","Cox's Bazar Development Authority","Beautification and Arboriculture Works at Holiday Mor to (Bus-Stand) Mor Cox's Bazar Road at Ch. 0+000-4+660 Km under ""Holiday Mor- Bazarghata -Larpara (Bus-Stand) Main Road Re-Construction and Widening Project of Cox's Bazar District.""","AWARDED_BIDDER","SCL-LB-KEC JV","SCL LB KEC JV","75976418.72","responsive","qualified","","not_applicable_won_the_contract","not_applicable","","","","Tender_617807.pdf","1","Contract Value (Taka): 75976418.72; Name of Supplier/Contractor/Consultant: SCL-LB-KEC JV ( JVCA Partners [Business Share]: M/S. KARIM ENTERPRISE & CONSTRUCTION [30.000%] , Sun Flower Construction Ltd. [40.000%] , M/S LABON & BROTHERS [30.000%] )","bid amount equals the awarded contract value as printed on the award notice"
"617807","COXDA","Cox's Bazar Development Authority","Beautification and Arboriculture Works at Holiday Mor to (Bus-Stand) Mor Cox's Bazar Road at Ch. 0+000-4+660 Km under ""Holiday Mor- Bazarghata -Larpara (Bus-Stand) Main Road Re-Construction and Widening Project of Cox's Bazar District.""","JV_PARTNER_OF_WINNER","M/S. KARIM ENTERPRISE & CONSTRUCTION","KARIM ENTERPRISE CONSTRUCTION","22792925.62","responsive_as_part_of_the_winning_joint_venture","qualified_as_part_of_the_joint_venture","","","","","30.000","","Tender_617807.pdf","1","JVCA Partners [Business Share]: M/S. KARIM ENTERPRISE & CONSTRUCTION [30.000%]","bid_amount here is the partner's declared share of the contract value, not a separately published bid"
"617807","COXDA","Cox's Bazar Development Authority","Beautification and Arboriculture Works at Holiday Mor to (Bus-Stand) Mor Cox's Bazar Road at Ch. 0+000-4+660 Km under ""Holiday Mor- Bazarghata -Larpara (Bus-Stand) Main Road Re-Construction and Widening Project of Cox's Bazar District.""","JV_PARTNER_OF_WINNER","Sun Flower Construction Ltd.","SUN FLOWER CONSTRUCTION LTD","30390567.49","responsive_as_part_of_the_winning_joint_venture","qualified_as_part_of_the_joint_venture","","","","","40.000","","Tender_617807.pdf","1","JVCA Partners [Business Share]: Sun Flower Construction Ltd. [40.000%]","bid_amount here is the partner's declared share of the contract value, not a separately published bid"
"617807","COXDA","Cox's Bazar Development Authority","Beautification and Arboriculture Works at Holiday Mor to (Bus-Stand) Mor Cox's Bazar Road at Ch. 0+000-4+660 Km under ""Holiday Mor- Bazarghata -Larpara (Bus-Stand) Main Road Re-Construction and Widening Project of Cox's Bazar District.""","JV_PARTNER_OF_WINNER","M/S LABON & BROTHERS","LABON BROTHERS","22792925.62","responsive_as_part_of_the_winning_joint_venture","qualified_as_part_of_the_joint_venture","","","","","30.000","","Tender_617807.pdf","1","JVCA Partners [Business Share]: M/S LABON & BROTHERS [30.000%]","bid_amount here is the partner's declared share of the contract value, not a separately published bid"
"617807","COXDA","Cox's Bazar Development Authority","Beautification and Arboriculture Works at Holiday Mor to (Bus-Stand) Mor Cox's Bazar Road at Ch. 0+000-4+660 Km under ""Holiday Mor- Bazarghata -Larpara (Bus-Stand) Main Road Re-Construction and Widening Project of Cox's Bazar District.""","UNNAMED_REJECTED_BIDDERS_AGGREGATE","","","","non_responsive","not_qualified","","","","","","","Tender_617807.pdf","1","Received: 6; Responsive: 4 (difference is the rejected count)","count is derived as received minus responsive; 2 bidder(s)"
"618898","COXDA","Cox's Bazar Development Authority","Foot Over Bridge Works at Holiday Mor to (Bus-Stand) Mor Cox's Bazar Road at Ch. 0+000-4+660 under ""Holiday Mor- Bazarghata -Larpara (Bus-Stand) Main Road Re-Construction and Widening Project of Cox's Bazar District.""","AWARDED_BIDDER","Hassan Techno Builders Ltd. - Taher Brothers Ltd. JV.","HASSAN TECHNO BUILDERS LTD TAHER BROTHERS LTD JV","94588512.79","responsive","qualified","","not_applicable_won_the_contract","not_applicable","","","","Tender_618898.pdf","1","Contract Value (Taka): 94588512.79; Name of Supplier/Contractor/Consultant: Hassan Techno Builders Ltd. - Taher Brothers Ltd. JV. ( JVCA Partners [Business Share]: Hassan Techno Builders Ltd. [60.000%] , Taher Brothers Ltd. [40.000%] )","bid amount equals the awarded contract value as printed on the award notice"
"618898","COXDA","Cox's Bazar Development Authority","Foot Over Bridge Works at Holiday Mor to (Bus-Stand) Mor Cox's Bazar Road at Ch. 0+000-4+660 under ""Holiday Mor- Bazarghata -Larpara (Bus-Stand) Main Road Re-Construction and Widening Project of Cox's Bazar District.""","JV_PARTNER_OF_WINNER","Hassan Techno Builders Ltd.","HASSAN TECHNO BUILDERS LTD","56753107.67","responsive_as_part_of_the_winning_joint_venture","qualified_as_part_of_the_joint_venture","","","","","60.000","","Tender_618898.pdf","1","JVCA Partners [Business Share]: Hassan Techno Builders Ltd. [60.000%]","bid_amount here is the partner's declared share of the contract value, not a separately published bid"
"618898","COXDA","Cox's Bazar Development Authority","Foot Over Bridge Works at Holiday Mor to (Bus-Stand) Mor Cox's Bazar Road at Ch. 0+000-4+660 under ""Holiday Mor- Bazarghata -Larpara (Bus-Stand) Main Road Re-Construction and Widening Project of Cox's Bazar District.""","JV_PARTNER_OF_WINNER","Taher Brothers Ltd.","TAHER BROTHERS LTD","37835405.12","responsive_as_part_of_the_winning_joint_venture","qualified_as_part_of_the_joint_venture","","","","","40.000","","Tender_618898.pdf","1","JVCA Partners [Business Share]: Taher Brothers Ltd. [40.000%]","bid_amount here is the partner's declared share of the contract value, not a separately published bid"
"618898","COXDA","Cox's Bazar Development Authority","Foot Over Bridge Works at Holiday Mor to (Bus-Stand) Mor Cox's Bazar Road at Ch. 0+000-4+660 under ""Holiday Mor- Bazarghata -Larpara (Bus-Stand) Main Road Re-Construction and Widening Project of Cox's Bazar District.""","UNNAMED_REJECTED_BIDDERS_AGGREGATE","","","","non_responsive","not_qualified","","","","","","","Tender_618898.pdf","1","Received: 6; Responsive: 2 (difference is the rejected count)","count is derived as received minus responsive; 4 bidder(s)"
"647467","COXDA","Cox's Bazar Development Authority","Supplying, Installation, Commissioning and Maintenance of Street Light and Electrification Works under ""Holiday Mor- Bazarghata -Larpara (Bus-Stand) Main Road Re-Construction and Widening Project of Cox's Bazar District.""","AWARDED_BIDDER","M/S LABON & BROTHERS","LABON BROTHERS","74887107.69","responsive","qualified","","not_applicable_won_the_contract","not_applicable","","","","Tender_647467.pdf","1","Contract Value (Taka): 74887107.69; Name of Supplier/Contractor/Consultant: M/S LABON & BROTHERS","bid amount equals the awarded contract value as printed on the award notice"
"653051","COXDA","Cox's Bazar Development Authority","Additional work of Sculpture at Darianagar Eco- Tourism Picnic Spot and Himchari Eco- Tourism Picnic Spot under CoxDA jurisdiction","AWARDED_BIDDER","Extreme Engineering Development Consultant","EXTREME ENGINEERING DEVELOPMENT CONSULTANT","4895631.06","responsive","qualified","","not_applicable_won_the_contract","not_applicable","","","","Tender_653051.pdf","1","Contract Value (Taka): 4895631.06; Name of Supplier/Contractor/Consultant: Extreme Engineering Development Consultant","bid amount equals the awarded contract value as printed on the award notice"
"669151","COXDA","Cox's Bazar Development Authority","Marine Drive Road Boro Jornna (Near of 16 ECB) to Reju Canal bridge (8.9km) & Chowfaldandi Bridge to Chowfaldandi Bazar, CNG Station to Bottoli,Haider para to Khamar para, Uttar para to Kalo Fakir para , KhunkarKhali to Pukuria Ghuna Street Light Pro","AWARDED_BIDDER","M/S. T.J Construction","T J CONSTRUCTION","7166727.81","responsive","qualified","","not_applicable_won_the_contract","not_applicable","","","","Tender_669151.pdf","1","Contract Value (Taka): 7166727.81; Name of Supplier/Contractor/Consultant: M/S. T.J Construction","bid amount equals the awarded contract value as printed on the award notice"
"681465","COXDA","Cox's Bazar Development Authority","Construction of Sculpture at Shohid Minar (Gungach Tola Moor) Road and Motel Road, Cox's Bazar Pouroshova, Cox's Bazar. FY 2021-22","AWARDED_BIDDER","H.A Enterprise","H A ENTERPRISE","8202370.58","responsive","qualified","","not_applicable_won_the_contract","not_applicable","","","","Tender_681465.pdf","1","Contract Value (Taka): 8202370.58; Name of Supplier/Contractor/Consultant: H.A Enterprise","bid amount equals the awarded contract value as printed on the award notice"
"733637","COXDA","Cox's Bazar Development Authority","Special Repair and Maintainance Works for Goldighi, Bazarghata Pond and Laldighi at Cox's Bazar Pouroshova, Cox's Bazar","AWARDED_BIDDER","M/S N Mohammed Trading","N MOHAMMED TRADING","3501581.85","responsive","qualified","","not_applicable_won_the_contract","not_applicable","","","","Tender_733637.pdf","1","Contract Value (Taka): 3501581.85; Name of Supplier/Contractor/Consultant: M/S N Mohammed Trading","bid amount equals the awarded contract value as printed on the award notice"
"733637","COXDA","Cox's Bazar Development Authority","Special Repair and Maintainance Works for Goldighi, Bazarghata Pond and Laldighi at Cox's Bazar Pouroshova, Cox's Bazar","UNNAMED_REJECTED_BIDDERS_AGGREGATE","","","","non_responsive","not_qualified","","","","","","","Tender_733637.pdf","1","Received: 2; Responsive: 1 (difference is the rejected count)","count is derived as received minus responsive; 1 bidder(s)"
"781011","COXDA","Cox's Bazar Development Authority","Supply of different types of Goods for Advertisement and Publicity of Cox's Bazar Development Authority at Cox's Bazar. FY 2022-23","AWARDED_BIDDER","M/S N Mohammed Trading","N MOHAMMED TRADING","1889502.52","responsive","qualified","","not_applicable_won_the_contract","not_applicable","","","","Tender_781011.pdf","1","Contract Value (Taka): 1889502.52; Name of Supplier/Contractor/Consultant: M/S N Mohammed Trading","bid amount equals the awarded contract value as printed on the award notice"
"781011","COXDA","Cox's Bazar Development Authority","Supply of different types of Goods for Advertisement and Publicity of Cox's Bazar Development Authority at Cox's Bazar. FY 2022-23","UNNAMED_REJECTED_BIDDERS_AGGREGATE","","","","non_responsive","not_qualified","","","","","","","Tender_781011.pdf","1","Received: 2; Responsive: 1 (difference is the rejected count)","count is derived as received minus responsive; 1 bidder(s)"
"808097","COXDA","Cox's Bazar Development Authority","Construction of Sculpture at Moheskhali Jetty.","AWARDED_BIDDER","H.A Enterprise","H A ENTERPRISE","9998620.47","responsive","qualified","","not_applicable_won_the_contract","not_applicable","","","","Tender_808097.pdf","1","Contract Value (Taka): 9998620.47; Name of Supplier/Contractor/Consultant: H.A Enterprise","bid amount equals the awarded contract value as printed on the award notice"
"827087","COXDA","Cox's Bazar Development Authority","Supply and Related Service for Installation of CCTV Camera, Access Control Device, UPS, Glass Door and Other Accessories at CoxDA Office. FY 2022-23","AWARDED_BIDDER","M/S S.R Construction","S R CONSTRUCTION","949250.54","responsive","qualified","","not_applicable_won_the_contract","not_applicable","","","","Tender_827087.pdf","1","Contract Value (Taka): 949250.54; Name of Supplier/Contractor/Consultant: M/S S.R Construction","bid amount equals the awarded contract value as printed on the award notice"
"834339","COXDA","CoxDA Master Plan","Supply, Installation, Testing & Commissioning of Computer and Accessories under ""Master Plan Preparation for Cox's Bazar District (1st Revised)"" Project of Cox's Bazar Development Authority (CoxDA)","AWARDED_BIDDER","Smart Technologies (BD) Ltd.","SMART TECHNOLOGIES LTD","2394588.28","responsive","qualified","","not_applicable_won_the_contract","not_applicable","","","","Tender_834339.pdf","1","Contract Value (Taka): 2394588.28; Name of Supplier/Contractor/Consultant: Smart Technologies (BD) Ltd.","bid amount equals the awarded contract value as printed on the award notice"
"835443","COXDA","CoxDA Master Plan","Supply, Installation, Testing & Commissioning of Survey Equipment under ""Master Plan Preparation for Cox's Bazar District (1st Revised)"" Project of Cox's Bazar Development Authority (CoxDA)","AWARDED_BIDDER","ADVANCE TECHNOLOGY CONSORTIUM LIMITED","ADVANCE TECHNOLOGY CONSORTIUM LTD","3995000.02","responsive","qualified","","not_applicable_won_the_contract","not_applicable","","","","Tender_835443.pdf","1","Contract Value (Taka): 3995000.02; Name of Supplier/Contractor/Consultant: ADVANCE TECHNOLOGY CONSORTIUM LIMITED","bid amount equals the awarded contract value as printed on the award notice"
"835607","COXDA","CoxDA Master Plan","Supply, Installation, Testing & Commissioning of Office Furniture under ""Master Plan Preparation for Cox's Bazar District (1st Revised)"" Project of Cox's Bazar Development Authority (CoxDA)","AWARDED_BIDDER","Hatil Complex Ltd","HATIL COMPLEX LTD","3889900.29","responsive","qualified","","not_applicable_won_the_contract","not_applicable","","","","Tender_835607.pdf","1","Contract Value (Taka): 3889900.29; Name of Supplier/Contractor/Consultant: Hatil Complex Ltd","bid amount equals the awarded contract value as printed on the award notice"
"835662","COXDA","CoxDA Master Plan","Supply, Installation, Testing & Commissioning of Camera and Accessories under ""Master Plan Preparation for Cox's Bazar District (1st Revised)"" Project of Cox's Bazar Development Authority (CoxDA)","AWARDED_BIDDER","Global Office Automation Ltd.","GLOBAL OFFICE AUTOMATION LTD","568279.89","responsive","qualified","","not_applicable_won_the_contract","not_applicable","","","","Tender_835662.pdf","1","Contract Value (Taka): 568279.89; Name of Supplier/Contractor/Consultant: Global Office Automation Ltd.","bid amount equals the awarded contract value as printed on the award notice"
"835662","COXDA","CoxDA Master Plan","Supply, Installation, Testing & Commissioning of Camera and Accessories under ""Master Plan Preparation for Cox's Bazar District (1st Revised)"" Project of Cox's Bazar Development Authority (CoxDA)","UNNAMED_REJECTED_BIDDERS_AGGREGATE","","","","non_responsive","not_qualified","","","","","","","Tender_835662.pdf","1","Received: 3; Responsive: 2 (difference is the rejected count)","count is derived as received minus responsive; 1 bidder(s)"
"835847","COXDA","CoxDA Master Plan","Supply, Installation, Testing & Commissioning of Office Stationery under ""Master Plan Preparation for Cox's Bazar District (1st Revised)"" Project of Cox's Bazar Development Authority (CoxDA)","AWARDED_BIDDER","M/S S.R Construction","S R CONSTRUCTION","711206.81","responsive","qualified","","not_applicable_won_the_contract","not_applicable","","","","Tender_835847.pdf","1","Contract Value (Taka): 711206.81; Name of Supplier/Contractor/Consultant: M/S S.R Construction","bid amount equals the awarded contract value as printed on the award notice"
"837643","COXDA","CoxDA Master Plan","Supply, Installation, Testing & Commissioning of GIS & Planning Lab related equipment, machineries, software etc under ""Master Plan Preparation for Cox's Bazar District (1st Revised)"" Project of Cox's Bazar Development Authority (CoxDA)","AWARDED_BIDDER","Smart Technologies (BD) Ltd.","SMART TECHNOLOGIES LTD","16885994.57","responsive","qualified","","not_applicable_won_the_contract","not_applicable","","","","Tender_837643.pdf","1","Contract Value (Taka): 16885994.57; Name of Supplier/Contractor/Consultant: Smart Technologies (BD) Ltd.","bid amount equals the awarded contract value as printed on the award notice"
"837644","COXDA","CoxDA Master Plan","Supply, Installation, Testing & Commissioning of Machineries and Office Equipment under ""Master Plan Preparation for Cox's Bazar District (1st Revised)"" Project of Cox's Bazar Development Authority (CoxDA)","AWARDED_BIDDER","Smart Technologies (BD) Ltd.","SMART TECHNOLOGIES LTD","19786172.51","responsive","qualified","","not_applicable_won_the_contract","not_applicable","","","","Tender_837644.pdf","1","Contract Value (Taka): 19786172.51; Name of Supplier/Contractor/Consultant: Smart Technologies (BD) Ltd.","bid amount equals the awarded contract value as printed on the award notice"
"916128","COXDA","Cox's Bazar Development Authority","Repair and maintenance works for 5no.Sculpture of CoxDA.","AWARDED_BIDDER","R R Enterprise","R R ENTERPRISE","2241467.99","responsive","qualified","","not_applicable_won_the_contract","not_applicable","","","","Tender_916128.pdf","1","Contract Value (Taka): 2241467.99; Name of Supplier/Contractor/Consultant: R R Enterprise","bid amount equals the awarded contract value as printed on the award notice"
"925146","COXDA","Cox's Bazar Development Authority","Supply of different Stationery Items for Cox's Bazar Development Authority at Cox's Bazar. FY 2023-24","AWARDED_BIDDER","R R Enterprise","R R ENTERPRISE","759747.89","responsive","qualified","","not_applicable_won_the_contract","not_applicable","","","","Tender_925146.pdf","1","Contract Value (Taka): 759747.89; Name of Supplier/Contractor/Consultant: R R Enterprise","bid amount equals the awarded contract value as printed on the award notice"
"925988","COXDA","Cox's Bazar Development Authority","Construction of Sculpture at Moheshkhali Jetty. FY 2023-24 (2nd Phase)","AWARDED_BIDDER","H.A Enterprise","H A ENTERPRISE","9995244.02","responsive","qualified","","not_applicable_won_the_contract","not_applicable","","","","Tender_925988.pdf","1","Contract Value (Taka): 9995244.02; Name of Supplier/Contractor/Consultant: H.A Enterprise","bid amount equals the awarded contract value as printed on the award notice"
"925988","COXDA","Cox's Bazar Development Authority","Construction of Sculpture at Moheshkhali Jetty. FY 2023-24 (2nd Phase)","UNNAMED_REJECTED_BIDDERS_AGGREGATE","","","","non_responsive","not_qualified","","","","","","","Tender_925988.pdf","1","Received: 2; Responsive: 1 (difference is the rejected count)","count is derived as received minus responsive; 1 bidder(s)"
"935064","COXDA","Cox's Bazar Development Authority","Supply of Gift Items for Cox's Bazar Development Authority at Cox's Bazar. FY 2023-24","AWARDED_BIDDER","S. R. Trade International","S R TRADE INTERNATIONAL","1719003.45","responsive","qualified","","not_applicable_won_the_contract","not_applicable","","","","Tender_935064.pdf","1","Contract Value (Taka): 1719003.45; Name of Supplier/Contractor/Consultant: S. R. Trade International","bid amount equals the awarded contract value as printed on the award notice"
"935064","COXDA","Cox's Bazar Development Authority","Supply of Gift Items for Cox's Bazar Development Authority at Cox's Bazar. FY 2023-24","UNNAMED_REJECTED_BIDDERS_AGGREGATE","","","","non_responsive","not_qualified","","","","","","","Tender_935064.pdf","1","Received: 4; Responsive: 2 (difference is the rejected count)","count is derived as received minus responsive; 2 bidder(s)"
"937128","COXDA","Cox's Bazar Development Authority","Purchase of Goods for Deep Cleaning of Each Floor at The 10 Storied Building of Cox's Bazar Development Authority, FY 2023-24","AWARDED_BIDDER","R R Enterprise","R R ENTERPRISE","1373069.08","responsive","qualified","","not_applicable_won_the_contract","not_applicable","","","","Tender_937128.pdf","1","Contract Value (Taka): 1373069.08; Name of Supplier/Contractor/Consultant: R R Enterprise","bid amount equals the awarded contract value as printed on the award notice"
"949817","COXDA","Cox's Bazar Development Authority","Maintenance of Speed boat of CoXDA. (FY 2023-24)","AWARDED_BIDDER","Nahar Construction","NAHAR CONSTRUCTION","75000.01","responsive","qualified","","not_applicable_won_the_contract","not_applicable","","","","Tender_949817.pdf","1","Contract Value (Taka): 75000.01; Name of Supplier/Contractor/Consultant: Nahar Construction","bid amount equals the awarded contract value as printed on the award notice"
"949919","COXDA","Cox's Bazar Development Authority","supply, installation and services for various parts of heavy vehicles, ACs, and generators of CoxDA.","AWARDED_BIDDER","Nahar Construction","NAHAR CONSTRUCTION","913580.49","responsive","qualified","","not_applicable_won_the_contract","not_applicable","","","","Tender_949919.pdf","1","Contract Value (Taka): 913580.49; Name of Supplier/Contractor/Consultant: Nahar Construction","bid amount equals the awarded contract value as printed on the award notice"
"950811","COXDA","Cox's Bazar Development Authority","Purchase of furniture by Cox's Bazar Development Authority. (FY 2023-2024)","AWARDED_BIDDER","M/S Modhumati Construction","MODHUMATI CONSTRUCTION","378000.02","responsive","qualified","","not_applicable_won_the_contract","not_applicable","","","","Tender_950811.pdf","1","Contract Value (Taka): 378000.02; Name of Supplier/Contractor/Consultant: M/S Modhumati Construction","bid amount equals the awarded contract value as printed on the award notice"
"951146","COXDA","Cox's Bazar Development Authority","The purchase of necessary equipment for the celebration of Bangladesh's national days.","AWARDED_BIDDER","S. R. Trade International","S R TRADE INTERNATIONAL","662552.56","responsive","qualified","","not_applicable_won_the_contract","not_applicable","","","","Tender_951146.pdf","1","Contract Value (Taka): 662552.56; Name of Supplier/Contractor/Consultant: S. R. Trade International","bid amount equals the awarded contract value as printed on the award notice"
"963987","COXDA","Cox's Bazar Development Authority","Supply, Installation & Commissioning of Street Lights in Maheshkhali Upazilla of Cox's Bazar District. FY 2023-24","AWARDED_BIDDER","H.A Enterprise","H A ENTERPRISE","1490274.64","responsive","qualified","","not_applicable_won_the_contract","not_applicable","","","","Tender_963987.pdf","1","Contract Value (Taka): 1490274.64; Name of Supplier/Contractor/Consultant: H.A Enterprise","bid amount equals the awarded contract value as printed on the award notice"
"966347","COXDA","Cox's Bazar Development Authority","Purchase of engineering tools and other equipment.FY2023-24","AWARDED_BIDDER","MECHATRONICS ENGINEERING","MECHATRONICS ENGINEERING","939670.17","responsive","qualified","","not_applicable_won_the_contract","not_applicable","","","","Tender_966347.pdf","1","Contract Value (Taka): 939670.17; Name of Supplier/Contractor/Consultant: MECHATRONICS ENGINEERING","bid amount equals the awarded contract value as printed on the award notice"
"971720","COXDA","Office of the Project Director, CoxDA Residential Flat Project-1","Construction of Sub Station Building, Pump House and Other Remaining Civil and Electromechanical Works of the Residential Flats under Cox's Bazar Development Authority ResidentialÂ FlatÂ Project-1","AWARDED_BIDDER","M/S Quashem Construction","QUASHEM CONSTRUCTION","174971612.33","responsive","qualified","","not_applicable_won_the_contract","not_applicable","","","","Tender_971720.pdf","1","Contract Value (Taka): 174971612.33; Name of Supplier/Contractor/Consultant: M/S Quashem Construction","bid amount equals the awarded contract value as printed on the award notice"
"971832","COXDA","Cox's Bazar Development Authority","Supply of Computer, Printer and other relevant accessories for Cox's Bazar Development Authority. FY 2023-24","AWARDED_BIDDER","Nyta Computer & Technology","NYTA COMPUTER TECHNOLOGY","441661.07","responsive","qualified","","not_applicable_won_the_contract","not_applicable","","","","Tender_971832.pdf","1","Contract Value (Taka): 441661.07; Name of Supplier/Contractor/Consultant: Nyta Computer & Technology","bid amount equals the awarded contract value as printed on the award notice"
"971832","COXDA","Cox's Bazar Development Authority","Supply of Computer, Printer and other relevant accessories for Cox's Bazar Development Authority. FY 2023-24","UNNAMED_REJECTED_BIDDERS_AGGREGATE","","","","non_responsive","not_qualified","","","","","","","Tender_971832.pdf","1","Received: 5; Responsive: 3 (difference is the rejected count)","count is derived as received minus responsive; 2 bidder(s)"
"975403","COXDA","CoxDA Master Plan","Supply, Installation, Testing and Commissioning of Machineries and Office Equipment (Toner, Cartridge, Ammonia Print Machine Scanner etc.) under ""Master Plan Preparation for Cox's Bazar District"" Project of Cox's Bazar Development Authority (CoxDA)","AWARDED_BIDDER","Smart Technologies (BD) Ltd.","SMART TECHNOLOGIES LTD","1798750.11","responsive","qualified","","not_applicable_won_the_contract","not_applicable","","","","Tender_975403.pdf","1","Contract Value (Taka): 1798750.11; Name of Supplier/Contractor/Consultant: Smart Technologies (BD) Ltd.","bid amount equals the awarded contract value as printed on the award notice"
"976291","COXDA","CoxDA Master Plan","Supply, Installation, Testing and Commissioning Stationery Items under ""Master Plan Preparation for Cox's Bazar District"" Project of Cox's Bazar Development Authority (CoxDA)","AWARDED_BIDDER","M/S M R Enterprise","M R ENTERPRISE","1656583.77","responsive","qualified","","not_applicable_won_the_contract","not_applicable","","","","Tender_976291.pdf","1","Contract Value (Taka): 1656583.77; Name of Supplier/Contractor/Consultant: M/S M R Enterprise","bid amount equals the awarded contract value as printed on the award notice"
"976770","COXDA","CoxDA Master Plan","Supply, Installation, Testing, Commissioning of different items for 9 workshops and arrangement of 9 workshops at 9 Upazilas of Cox's Bazar District under ""Master Plan Preparation for Cox's Bazar District"" Project","AWARDED_BIDDER","M/S M R Enterprise","M R ENTERPRISE","1158632.34","responsive","qualified","","not_applicable_won_the_contract","not_applicable","","","","Tender_976770.pdf","1","Contract Value (Taka): 1158632.34; Name of Supplier/Contractor/Consultant: M/S M R Enterprise","bid amount equals the awarded contract value as printed on the award notice"
"976770","COXDA","CoxDA Master Plan","Supply, Installation, Testing, Commissioning of different items for 9 workshops and arrangement of 9 workshops at 9 Upazilas of Cox's Bazar District under ""Master Plan Preparation for Cox's Bazar District"" Project","UNNAMED_REJECTED_BIDDERS_AGGREGATE","","","","non_responsive","not_qualified","","","","","","","Tender_976770.pdf","1","Received: 2; Responsive: 1 (difference is the rejected count)","count is derived as received minus responsive; 1 bidder(s)"
"978265","COXDA","Cox's Bazar Development Authority","Supply of Goods and Related Service for Organizing Various Seminars by Coxâ??s Bazar Development Authority, Cox's Bazar. FY 2023-24","AWARDED_BIDDER","Nahar Construction","NAHAR CONSTRUCTION","1219771.52","responsive","qualified","","not_applicable_won_the_contract","not_applicable","","","","Tender_978265.pdf","1","Contract Value (Taka): 1219771.52; Name of Supplier/Contractor/Consultant: Nahar Construction","bid amount equals the awarded contract value as printed on the award notice"
"1251756","GDA","Office of the Chief Engineer, Gazipur Development Authority","Hiring transportation for inspection through outsourcing under the project titled Ã?Â¢??Road Construction Survey as mentioned in DAP, in the areas under the jurisdiction of Gazipur Development Authority Ã?Â¢?Ã¯Â¿Â½.","AWARDED_BIDDER","CAR RENT. COM BD","CAR RENT COM BD","2294100.00","responsive","qualified","","not_applicable_won_the_contract","not_applicable","","","","Tender_1251756.pdf","1","Contract Value (Taka): 2294100.00; Name of Supplier/Contractor/Consultant: CAR RENT. COM BD","bid amount equals the awarded contract value as printed on the award notice"
"1251756","GDA","Office of the Chief Engineer, Gazipur Development Authority","Hiring transportation for inspection through outsourcing under the project titled Ã?Â¢??Road Construction Survey as mentioned in DAP, in the areas under the jurisdiction of Gazipur Development Authority Ã?Â¢?Ã¯Â¿Â½.","DISCLOSED_BENEFICIAL_OWNER_OF_WINNER","CAR RENT. COM BD","CAR RENT COM BD","","","","","","","EBADAT HOSSAIN","100.00","","Tender_1251756.pdf","1","Beneficial Ownership Information row: EBADAT HOSSAIN, 100.00%,","printed on the award notice under ITT 68.1 / Format e-PG3A-C"
"1251766","GDA","Office of the Chief Engineer, Gazipur Development Authority","Supply of Survey Drone (RTK) under the project titled Road Construction Survey mentioned in DAP in the areas under the jurisdiction of Gazipur Development Authority.","AWARDED_BIDDER","GREONY CORPORATION","GREONY CORPORATION","1587600.00","responsive","qualified","","not_applicable_won_the_contract","not_applicable","","","","Tender_1251766.pdf","1","Contract Value (Taka): 1587600.00; Name of Supplier/Contractor/Consultant: GREONY CORPORATION","bid amount equals the awarded contract value as printed on the award notice"
"1251766","GDA","Office of the Chief Engineer, Gazipur Development Authority","Supply of Survey Drone (RTK) under the project titled Road Construction Survey mentioned in DAP in the areas under the jurisdiction of Gazipur Development Authority.","DISCLOSED_BENEFICIAL_OWNER_OF_WINNER","GREONY CORPORATION","GREONY CORPORATION","","","","","","","LISANUL HOQUE","100.00","","Tender_1251766.pdf","1","Beneficial Ownership Information row: LISANUL HOQUE, 100.00%,","printed on the award notice under ITT 68.1 / Format e-PG3A-C"
"1253316","GDA","Planning Section, Gazipur Development Authority","Supply of vehicles under the project titled Planned Housing (3 plots of more than 200 acres and 8 plots of 20 acres) in Gazipur district.","AWARDED_BIDDER","Creative Engineering & Technology","CREATIVE ENGINEERING TECHNOLOGY","2151360.00","responsive","qualified","","not_applicable_won_the_contract","not_applicable","","","","Tender_1253316.pdf","1","Contract Value (Taka): 2151360.00; Name of Supplier/Contractor/Consultant: Creative Engineering & Technology","bid amount equals the awarded contract value as printed on the award notice"
"1253316","GDA","Planning Section, Gazipur Development Authority","Supply of vehicles under the project titled Planned Housing (3 plots of more than 200 acres and 8 plots of 20 acres) in Gazipur district.","DISCLOSED_BENEFICIAL_OWNER_OF_WINNER","Creative Engineering & Technology","CREATIVE ENGINEERING TECHNOLOGY","","","","","","","Md. Anwar Sadad                                  Proprietor","100.00","Bangladesh","Tender_1253316.pdf","1","Beneficial Ownership Information row: Md. Anwar Sadad                                  Proprietor, 100.00%, Bangladesh","printed on the award notice under ITT 68.1 / Format e-PG3A-C"
"1253428","GDA","Office of the Member,Administration and Finance Department, Gazipur Development Authority","Supply of vehicles under the project titled Survey, Random Selection, and Feasibility Study on Low-income Housing.","AWARDED_BIDDER","Creative Engineering & Technology","CREATIVE ENGINEERING TECHNOLOGY","1467648.00","responsive","qualified","","not_applicable_won_the_contract","not_applicable","","","","Tender_1253428.pdf","1","Contract Value (Taka): 1467648.00; Name of Supplier/Contractor/Consultant: Creative Engineering & Technology","bid amount equals the awarded contract value as printed on the award notice"
"1253428","GDA","Office of the Member,Administration and Finance Department, Gazipur Development Authority","Supply of vehicles under the project titled Survey, Random Selection, and Feasibility Study on Low-income Housing.","DISCLOSED_BENEFICIAL_OWNER_OF_WINNER","Creative Engineering & Technology","CREATIVE ENGINEERING TECHNOLOGY","","","","","","","Md. Anwar Sadad                                 Proprietor","100.00","Bangladesh","Tender_1253428.pdf","1","Beneficial Ownership Information row: Md. Anwar Sadad                                 Proprietor, 100.00%, Bangladesh","printed on the award notice under ITT 68.1 / Format e-PG3A-C"
"1257073","GDA","Admin and Finance Section, Gazipur Development Authority","Purchase of furniture for newly appointed officers and employees of the Gazipur Development Authority.","AWARDED_BIDDER","FURNITURE SOLUTION & INTERIOR","FURNITURE SOLUTION INTERIOR","305100.00","responsive","qualified","","not_applicable_won_the_contract","not_applicable","","","","Tender_1257073.pdf","1","Contract Value (Taka): 305100.00; Name of Supplier/Contractor/Consultant: FURNITURE SOLUTION & INTERIOR","bid amount equals the awarded contract value as printed on the award notice"
"1257073","GDA","Admin and Finance Section, Gazipur Development Authority","Purchase of furniture for newly appointed officers and employees of the Gazipur Development Authority.","DISCLOSED_BENEFICIAL_OWNER_OF_WINNER","FURNITURE SOLUTION & INTERIOR","FURNITURE SOLUTION INTERIOR","","","","","","","NAZIUR RAHMAN                                 Managing Director","50.00","Bangladesh","Tender_1257073.pdf","1","Beneficial Ownership Information row: NAZIUR RAHMAN                                 Managing Director, 50.00%, Bangladesh","printed on the award notice under ITT 68.1 / Format e-PG3A-C"
"1257073","GDA","Admin and Finance Section, Gazipur Development Authority","Purchase of furniture for newly appointed officers and employees of the Gazipur Development Authority.","DISCLOSED_BENEFICIAL_OWNER_OF_WINNER","FURNITURE SOLUTION & INTERIOR","FURNITURE SOLUTION INTERIOR","","","","","","","MD. MONIRUL ISLAM                             Managing Partner","50.00","Bangladesh","Tender_1257073.pdf","1","Beneficial Ownership Information row: MD. MONIRUL ISLAM                             Managing Partner, 50.00%, Bangladesh","printed on the award notice under ITT 68.1 / Format e-PG3A-C"
"1261854","GDA","Office of the Chief Engineer, Gazipur Development Authority","Supply of manpower through outsourcing for computing services and survey services under the project titled Road Construction Survey mentioned in DAP in the areas under the jurisdiction of Gazipur Development Authority.","AWARDED_BIDDER","BROTHER'S SECURITY & SUPPLY CHAIN","BROTHER S SECURITY SUPPLY CHAIN","778464.00","responsive","qualified","","not_applicable_won_the_contract","not_applicable","","","","Tender_1261854.pdf","1","Contract Value (Taka): 778464.00; Name of Supplier/Contractor/Consultant: BROTHER'S SECURITY & SUPPLY CHAIN","bid amount equals the awarded contract value as printed on the award notice"
"1261854","GDA","Office of the Chief Engineer, Gazipur Development Authority","Supply of manpower through outsourcing for computing services and survey services under the project titled Road Construction Survey mentioned in DAP in the areas under the jurisdiction of Gazipur Development Authority.","DISCLOSED_BENEFICIAL_OWNER_OF_WINNER","BROTHER'S SECURITY & SUPPLY CHAIN","BROTHER S SECURITY SUPPLY CHAIN","","","","","","","MD. AL MAMUN","100.00","","Tender_1261854.pdf","1","Beneficial Ownership Information row: MD. AL MAMUN, 100.00%,","printed on the award notice under ITT 68.1 / Format e-PG3A-C"
"1261983","GDA","Planning Section, Gazipur Development Authority","Supply of manpower through outsourcing for computing services and survey services under the project titled ""Planned Housing (3 of more than 200 acres and 8 of 20 acres) in Gazipur district.""","AWARDED_BIDDER","BROTHER'S SECURITY & SUPPLY CHAIN","BROTHER S SECURITY SUPPLY CHAIN","732672.00","responsive","qualified","","not_applicable_won_the_contract","not_applicable","","","","Tender_1261983.pdf","1","Contract Value (Taka): 732672.00; Name of Supplier/Contractor/Consultant: BROTHER'S SECURITY & SUPPLY CHAIN","bid amount equals the awarded contract value as printed on the award notice"
"1261983","GDA","Planning Section, Gazipur Development Authority","Supply of manpower through outsourcing for computing services and survey services under the project titled ""Planned Housing (3 of more than 200 acres and 8 of 20 acres) in Gazipur district.""","DISCLOSED_BENEFICIAL_OWNER_OF_WINNER","BROTHER'S SECURITY & SUPPLY CHAIN","BROTHER S SECURITY SUPPLY CHAIN","","","","","","","MD. AL MAMUN","100.00","","Tender_1261983.pdf","1","Beneficial Ownership Information row: MD. AL MAMUN, 100.00%,","printed on the award notice under ITT 68.1 / Format e-PG3A-C"
"1262256","GDA","Office of the Member,Administration and Finance Department, Gazipur Development Authority","Supply of manpower through outsourcing for computing services and survey services under the project titled ""Low-income housing survey, survey, random selection research, feasibility study"" in Gazipur district","AWARDED_BIDDER","BROTHER'S SECURITY & SUPPLY CHAIN","BROTHER S SECURITY SUPPLY CHAIN","608232.25","responsive","qualified","","not_applicable_won_the_contract","not_applicable","","","","Tender_1262256.pdf","1","Contract Value (Taka): 608232.25; Name of Supplier/Contractor/Consultant: BROTHER'S SECURITY & SUPPLY CHAIN","bid amount equals the awarded contract value as printed on the award notice"
"1262256","GDA","Office of the Member,Administration and Finance Department, Gazipur Development Authority","Supply of manpower through outsourcing for computing services and survey services under the project titled ""Low-income housing survey, survey, random selection research, feasibility study"" in Gazipur district","DISCLOSED_BENEFICIAL_OWNER_OF_WINNER","BROTHER'S SECURITY & SUPPLY CHAIN","BROTHER S SECURITY SUPPLY CHAIN","","","","","","","MD. AL MAMUN","100.00","","Tender_1262256.pdf","1","Beneficial Ownership Information row: MD. AL MAMUN, 100.00%,","printed on the award notice under ITT 68.1 / Format e-PG3A-C"
"1009276","KDA","Office of the Assistant Programmer","Supply of Computer, Projector, Printer, UPS and other accessories at KDA","AWARDED_BIDDER","M.A. COMPUTER","M A COMPUTER","591311.13","responsive","qualified","","not_applicable_won_the_contract","not_applicable","","","","Tender_1009276.pdf","1","Contract Value (Taka): 591311.13; Name of Supplier/Contractor/Consultant: M.A. COMPUTER","bid amount equals the awarded contract value as printed on the award notice"
"1010247","KDA","Office of Exen (Maintenance)","Supply of file racks for different section of KDA.","AWARDED_BIDDER","NURJAHAN ENTERPRISE","NURJAHAN ENTERPRISE","1111999.96","responsive","qualified","","not_applicable_won_the_contract","not_applicable","","","","Tender_1010247.pdf","1","Contract Value (Taka): 1111999.96; Name of Supplier/Contractor/Consultant: NURJAHAN ENTERPRISE","bid amount equals the awarded contract value as printed on the award notice"
"1013009","KDA","Office of Exen (Maintenance)","Supply, fitting and fixing of work station at different section of KDA","AWARDED_BIDDER","M/S. ROKEYA TRADERS","ROKEYA TRADERS","1220698.96","responsive","qualified","","not_applicable_won_the_contract","not_applicable","","","","Tender_1013009.pdf","1","Contract Value (Taka): 1220698.96; Name of Supplier/Contractor/Consultant: M/S. ROKEYA TRADERS","bid amount equals the awarded contract value as printed on the award notice"
"1013009","KDA","Office of Exen (Maintenance)","Supply, fitting and fixing of work station at different section of KDA","UNNAMED_REJECTED_BIDDERS_AGGREGATE","","","","non_responsive","not_qualified","","","","","","","Tender_1013009.pdf","1","Received: 6; Responsive: 4 (difference is the rejected count)","count is derived as received minus responsive; 2 bidder(s)"
"1037582","KDA","Office of the Project Director (KDA Bus Terminal)","Installation of Toll station machine and electrification works at KDA Bus Terminal","AWARDED_BIDDER","S.A Enterprise","S A ENTERPRISE","4699837.51","responsive","qualified","","not_applicable_won_the_contract","not_applicable","","","","Tender_1037582.pdf","1","Contract Value (Taka): 4699837.51; Name of Supplier/Contractor/Consultant: S.A Enterprise","bid amount equals the awarded contract value as printed on the award notice"
"1072723","KDA","Office of the Assistant Programmer","Supply of Laptop, Desktop Computer, Projector, Printer, Scanner and other accessories at KDA","AWARDED_BIDDER","Intimacy Computer & Solutions","INTIMACY COMPUTER SOLUTIONS","2323957.30","responsive","qualified","","not_applicable_won_the_contract","not_applicable","","","","Tender_1072723.pdf","1","Contract Value (Taka): 2323957.30; Name of Supplier/Contractor/Consultant: Intimacy Computer & Solutions","bid amount equals the awarded contract value as printed on the award notice"
"1076521","KDA","Office of Exen (Maintenance)","Supplying of a brand new latest model sedan car maximum 1600cc at KDA","AWARDED_BIDDER","Rangs Limited","RANGS LTD","4495000.00","responsive","qualified","","not_applicable_won_the_contract","not_applicable","","","","Tender_1076521.pdf","1","Contract Value (Taka): 4495000.00; Name of Supplier/Contractor/Consultant: Rangs Limited","bid amount equals the awarded contract value as printed on the award notice"
"1076521","KDA","Office of Exen (Maintenance)","Supplying of a brand new latest model sedan car maximum 1600cc at KDA","UNNAMED_REJECTED_BIDDERS_AGGREGATE","","","","non_responsive","not_qualified","","","","","","","Tender_1076521.pdf","1","Received: 2; Responsive: 1 (difference is the rejected count)","count is derived as received minus responsive; 1 bidder(s)"
"124055","KDA","Office of the Project Director (KDA Rest House Project-Khulna)","Construction of KDA Rest House at Khulna","AWARDED_BIDDER","MSE-KCL (JV)","E KCL","52530500.00","responsive","qualified","","not_applicable_won_the_contract","not_applicable","","","","Tender_124055.pdf","1","Contract Value (Taka): 52530500.00; Name of Supplier/Contractor/Consultant: MSE-KCL (JV) ( JVCA Partners [Business Share]: M/S. SUMA ENGINEERS [0.000%] , Kabico Limited [0.000%] )","bid amount equals the awarded contract value as printed on the award notice"
"124055","KDA","Office of the Project Director (KDA Rest House Project-Khulna)","Construction of KDA Rest House at Khulna","JV_PARTNER_OF_WINNER","M/S. SUMA ENGINEERS","SUMA ENGINEERS","","responsive_as_part_of_the_winning_joint_venture","qualified_as_part_of_the_joint_venture","","","","","NOT_PUBLISHED_PRINTED_AS_0.000","","Tender_124055.pdf","1","JVCA Partners [Business Share]: M/S. SUMA ENGINEERS [0.000%]","the portal printed a 0.000% share, so no value is attributed"
"124055","KDA","Office of the Project Director (KDA Rest House Project-Khulna)","Construction of KDA Rest House at Khulna","JV_PARTNER_OF_WINNER","Kabico Limited","KABICO LTD","","responsive_as_part_of_the_winning_joint_venture","qualified_as_part_of_the_joint_venture","","","","","NOT_PUBLISHED_PRINTED_AS_0.000","","Tender_124055.pdf","1","JVCA Partners [Business Share]: Kabico Limited [0.000%]","the portal printed a 0.000% share, so no value is attributed"
"124055","KDA","Office of the Project Director (KDA Rest House Project-Khulna)","Construction of KDA Rest House at Khulna","UNNAMED_REJECTED_BIDDERS_AGGREGATE","","","","non_responsive","not_qualified","","","","","","","Tender_124055.pdf","1","Received: 3; Responsive: 1 (difference is the rejected count)","count is derived as received minus responsive; 2 bidder(s)"
"149365","KDA","Office of Chief Engineer","Land Development Of Ahanabad Residential Area under KDA Khulna during the year 2017-2018.","AWARDED_BIDDER","Toma Construction & Co. Limited","TOMA CONSTRUCTION CO LTD","222729274.80","responsive","qualified","","not_applicable_won_the_contract","not_applicable","","","","Tender_149365.pdf","1","Contract Value (Taka): 222729274.80; Name of Supplier/Contractor/Consultant: Toma Construction & Co. Limited","bid amount equals the awarded contract value as printed on the award notice"
"149365","KDA","Office of Chief Engineer","Land Development Of Ahanabad Residential Area under KDA Khulna during the year 2017-2018.","UNNAMED_REJECTED_BIDDERS_AGGREGATE","","","","non_responsive","not_qualified","","","","","","","Tender_149365.pdf","1","Received: 6; Responsive: 2 (difference is the rejected count)","count is derived as received minus responsive; 4 bidder(s)"
"179865","KDA","Office of the Assistant Programmer","Procurement of Employee Information System Software Development at KDA","AWARDED_BIDDER","Crescent Computers Ltd.","CRESCENT COMPUTERS LTD","900000.00","responsive","qualified","","not_applicable_won_the_contract","not_applicable","","","","Tender_179865.pdf","1","Contract Value (Taka): 900000.00; Name of Supplier/Contractor/Consultant: Crescent Computers Ltd.","bid amount equals the awarded contract value as printed on the award notice"
"179865","KDA","Office of the Assistant Programmer","Procurement of Employee Information System Software Development at KDA","UNNAMED_REJECTED_BIDDERS_AGGREGATE","","","","non_responsive","not_qualified","","","","","","","Tender_179865.pdf","1","Received: 6; Responsive: 3 (difference is the rejected count)","count is derived as received minus responsive; 3 bidder(s)"
"262818","KDA","Office of the Assistant Programmer","Installation & Supply Accessories for Server Room at KDA","AWARDED_BIDDER","M.A. COMPUTER","M A COMPUTER","1154500.05","responsive","qualified","","not_applicable_won_the_contract","not_applicable","","","","Tender_262818.pdf","1","Contract Value (Taka): 1154500.05; Name of Supplier/Contractor/Consultant: M.A. COMPUTER","bid amount equals the awarded contract value as printed on the award notice"
"276885","KDA","Office of the Assistant Programmer","Supply of CPUUPSPrinterScannerSpeaker and other computer accessories","AWARDED_BIDDER","STRATEGIC BD LEAD CORPORATION","STRATEGIC BD LEAD CORPORATION","974300.15","responsive","qualified","","not_applicable_won_the_contract","not_applicable","","","","Tender_276885.pdf","1","Contract Value (Taka): 974300.15; Name of Supplier/Contractor/Consultant: STRATEGIC BD LEAD CORPORATION","bid amount equals the awarded contract value as printed on the award notice"
"277364","KDA","Office of Chief Engineer","Plantation Park Facility & Play ground development at Ahsanabad Residential Area.","AWARDED_BIDDER","M/S. Khandaker Shahin Ahmed","KHANDAKER SHAHIN AHMED","6791000.00","responsive","qualified","","not_applicable_won_the_contract","not_applicable","","","","Tender_277364.pdf","1","Contract Value (Taka): 6791000.00; Name of Supplier/Contractor/Consultant: M/S. Khandaker Shahin Ahmed","bid amount equals the awarded contract value as printed on the award notice"
"277365","KDA","Office of Chief Engineer","Construction of Internal Road at Ahsanabad residential area.","AWARDED_BIDDER","Mohammed Eunus & Brothers (Pvt.) Ltd.","MOHAMMED EUNUS BROTHERS LTD","188206438.14","responsive","qualified","","not_applicable_won_the_contract","not_applicable","","","","Tender_277365.pdf","1","Contract Value (Taka): 188206438.14; Name of Supplier/Contractor/Consultant: Mohammed Eunus & Brothers (Pvt.) Ltd.","bid amount equals the awarded contract value as printed on the award notice"
"277368","KDA","Office of Chief Engineer","Water Supply works at Ahsanabad residential area.","AWARDED_BIDDER","M/S. Monir Traders","MONIR TRADERS","43031474.05","responsive","qualified","","not_applicable_won_the_contract","not_applicable","","","","Tender_277368.pdf","1","Contract Value (Taka): 43031474.05; Name of Supplier/Contractor/Consultant: M/S. Monir Traders","bid amount equals the awarded contract value as printed on the award notice"
"277369","KDA","Office of Chief Engineer","Supplying and Installation of Electrification works at Ahsanabad residential area.","AWARDED_BIDDER","M/S. MRM International","MRM INTERNATIONAL","44046499.95","responsive","qualified","","not_applicable_won_the_contract","not_applicable","","","","Tender_277369.pdf","1","Contract Value (Taka): 44046499.95; Name of Supplier/Contractor/Consultant: M/S. MRM International","bid amount equals the awarded contract value as printed on the award notice"
"277369","KDA","Office of Chief Engineer","Supplying and Installation of Electrification works at Ahsanabad residential area.","UNNAMED_REJECTED_BIDDERS_AGGREGATE","","","","non_responsive","not_qualified","","","","","","","Tender_277369.pdf","1","Received: 3; Responsive: 2 (difference is the rejected count)","count is derived as received minus responsive; 1 bidder(s)"
"302667","KDA","Office of Planning Officer","Supplying of Total Station & others Accessories at KDA Office.","AWARDED_BIDDER","ENTECH INSTRUMENTS LTD","ENTECH INSTRUMENTS LTD","786000.00","responsive","qualified","","not_applicable_won_the_contract","not_applicable","","","","Tender_302667.pdf","1","Contract Value (Taka): 786000.00; Name of Supplier/Contractor/Consultant: ENTECH INSTRUMENTS LTD","bid amount equals the awarded contract value as printed on the award notice"
"317182","KDA","Office of Planning Officer","Construction of 3 Three Link Roads Connecting Satkhira Road and City Bypass Road.","AWARDED_BIDDER","Shell Corporation","SHELL CORPORATION","12900000.00","responsive","qualified","","not_applicable_won_the_contract","not_applicable","","","","Tender_317182.pdf","1","Contract Value (Taka): 12900000.00; Name of Supplier/Contractor/Consultant: Shell Corporation","bid amount equals the awarded contract value as printed on the award notice"
"317182","KDA","Office of Planning Officer","Construction of 3 Three Link Roads Connecting Satkhira Road and City Bypass Road.","UNNAMED_REJECTED_BIDDERS_AGGREGATE","","","","non_responsive","not_qualified","","","","","","","Tender_317182.pdf","1","Received: 4; Responsive: 3 (difference is the rejected count)","count is derived as received minus responsive; 1 bidder(s)"
"317767","KDA","Office of Planning Officer","Purchase of 1one no Double Cabin Pick-up with Carry-boy Disel Engine including Registation and MV Tax for Construction of 3ThreeLink Roads Connecting Satkhira Road and City By-Pass Road project.","AWARDED_BIDDER","Rangs Limited","RANGS LTD","4900000.00","responsive","qualified","","not_applicable_won_the_contract","not_applicable","","","","Tender_317767.pdf","1","Contract Value (Taka): 4900000.00; Name of Supplier/Contractor/Consultant: Rangs Limited","bid amount equals the awarded contract value as printed on the award notice"
"366041","KDA","Office of Chief Engineer","Construction of Bridge & Culvert at Ahsanabad residential area.","AWARDED_BIDDER","Toma Construction & Co. Limited","TOMA CONSTRUCTION CO LTD","165756363.99","responsive","qualified","","not_applicable_won_the_contract","not_applicable","","","","Tender_366041.pdf","1","Contract Value (Taka): 165756363.99; Name of Supplier/Contractor/Consultant: Toma Construction & Co. Limited","bid amount equals the awarded contract value as printed on the award notice"
"366041","KDA","Office of Chief Engineer","Construction of Bridge & Culvert at Ahsanabad residential area.","UNNAMED_REJECTED_BIDDERS_AGGREGATE","","","","non_responsive","not_qualified","","","","","","","Tender_366041.pdf","1","Received: 4; Responsive: 2 (difference is the rejected count)","count is derived as received minus responsive; 2 bidder(s)"
"366087","KDA","Office of Chief Engineer","Construction of Drain at Ahsanabad residential area.","AWARDED_BIDDER","M. M. Builders & Engineers Ltd.","M M BUILDERS ENGINEERS LTD","125264837.70","responsive","qualified","","not_applicable_won_the_contract","not_applicable","","","","Tender_366087.pdf","1","Contract Value (Taka): 125264837.70; Name of Supplier/Contractor/Consultant: M. M. Builders & Engineers Ltd.","bid amount equals the awarded contract value as printed on the award notice"
"366087","KDA","Office of Chief Engineer","Construction of Drain at Ahsanabad residential area.","UNNAMED_REJECTED_BIDDERS_AGGREGATE","","","","non_responsive","not_qualified","","","","","","","Tender_366087.pdf","1","Received: 7; Responsive: 3 (difference is the rejected count)","count is derived as received minus responsive; 4 bidder(s)"
"448675","KDA","Office of the Assistant Programmer","Supply of Computer Laptop and Computer Accessories","AWARDED_BIDDER","MHR ENGINEERING","MHR ENGINEERING","1355352.03","responsive","qualified","","not_applicable_won_the_contract","not_applicable","","","","Tender_448675.pdf","1","Contract Value (Taka): 1355352.03; Name of Supplier/Contractor/Consultant: MHR ENGINEERING","bid amount equals the awarded contract value as printed on the award notice"
"459665","KDA","Office of the Executive Engineer (Works)","Supplying & Installation of 10 person capacity Passenger Lift for kda Rest house","AWARDED_BIDDER","MAAN BANGLADESH LTD.","MAAN BANGLADESH LTD","3102817.50","responsive","qualified","","not_applicable_won_the_contract","not_applicable","","","","Tender_459665.pdf","1","Contract Value (Taka): 3102817.50; Name of Supplier/Contractor/Consultant: MAAN BANGLADESH LTD.","bid amount equals the awarded contract value as printed on the award notice"
"459665","KDA","Office of the Executive Engineer (Works)","Supplying & Installation of 10 person capacity Passenger Lift for kda Rest house","UNNAMED_REJECTED_BIDDERS_AGGREGATE","","","","non_responsive","not_qualified","","","","","","","Tender_459665.pdf","1","Received: 3; Responsive: 1 (difference is the rejected count)","count is derived as received minus responsive; 2 bidder(s)"
"561734","KDA","Office of the Assistant Programmer","Supply of Plotter machine at KDA","AWARDED_BIDDER","Flora Limited","FLORA LTD","438000.00","responsive","qualified","","not_applicable_won_the_contract","not_applicable","","","","Tender_561734.pdf","1","Contract Value (Taka): 438000.00; Name of Supplier/Contractor/Consultant: Flora Limited","bid amount equals the awarded contract value as printed on the award notice"
"581310","KDA","Office of Exen (works)","Widening and Improvement of Khulna Shipyard Road.","AWARDED_BIDDER","Ataur Rahman Khan Ltd & Mahabub Brothers (Pvt) Ltd JV","ATAUR RAHMAN KHAN LTD MAHABUB BROTHERS LTD JV","1434577898.25","responsive","qualified","","not_applicable_won_the_contract","not_applicable","","","","Tender_581310.pdf","1","Contract Value (Taka): 1434577898.25; Name of Supplier/Contractor/Consultant: Ataur Rahman Khan Ltd & Mahabub Brothers (Pvt) Ltd JV ( JVCA Partners [Business Share]: MAHABUB BROTHERS(PVT)LIMITED [49.000%] , Ataur Rahman Khan Ltd. [51.000%] )","bid amount equals the awarded contract value as printed on the award notice"
"581310","KDA","Office of Exen (works)","Widening and Improvement of Khulna Shipyard Road.","JV_PARTNER_OF_WINNER","MAHABUB BROTHERS(PVT)LIMITED","MAHABUB BROTHERS LTD","702943170.14","responsive_as_part_of_the_winning_joint_venture","qualified_as_part_of_the_joint_venture","","","","","49.000","","Tender_581310.pdf","1","JVCA Partners [Business Share]: MAHABUB BROTHERS(PVT)LIMITED [49.000%]","bid_amount here is the partner's declared share of the contract value, not a separately published bid"
"581310","KDA","Office of Exen (works)","Widening and Improvement of Khulna Shipyard Road.","JV_PARTNER_OF_WINNER","Ataur Rahman Khan Ltd.","ATAUR RAHMAN KHAN LTD","731634728.11","responsive_as_part_of_the_winning_joint_venture","qualified_as_part_of_the_joint_venture","","","","","51.000","","Tender_581310.pdf","1","JVCA Partners [Business Share]: Ataur Rahman Khan Ltd. [51.000%]","bid_amount here is the partner's declared share of the contract value, not a separately published bid"
"581310","KDA","Office of Exen (works)","Widening and Improvement of Khulna Shipyard Road.","UNNAMED_REJECTED_BIDDERS_AGGREGATE","","","","non_responsive","not_qualified","","","","","","","Tender_581310.pdf","1","Received: 2; Responsive: 1 (difference is the rejected count)","count is derived as received minus responsive; 1 bidder(s)"
"688763","KDA","Office of Exen (Maintenance)","Supply of 2000 cc Latest Model Jeep Petrol Engine at kda.","AWARDED_BIDDER","Rangs Limited","RANGS LTD","5685000.00","responsive","qualified","","not_applicable_won_the_contract","not_applicable","","","","Tender_688763.pdf","1","Contract Value (Taka): 5685000.00; Name of Supplier/Contractor/Consultant: Rangs Limited","bid amount equals the awarded contract value as printed on the award notice"
"688794","KDA","Office of Exen (Maintenance)","Supply of 2500 cc Latest Model Double Cabin Pickup Diesel Engine at Kda.","AWARDED_BIDDER","Rangs Limited","RANGS LTD","4899000.00","responsive","qualified","","not_applicable_won_the_contract","not_applicable","","","","Tender_688794.pdf","1","Contract Value (Taka): 4899000.00; Name of Supplier/Contractor/Consultant: Rangs Limited","bid amount equals the awarded contract value as printed on the award notice"
"695670","KDA","Office of Planning Officer","Supplying of ArcGIS Software.","AWARDED_BIDDER","YSP TECHNOLOGY","YSP TECHNOLOGY","2598500.00","responsive","qualified","","not_applicable_won_the_contract","not_applicable","","","","Tender_695670.pdf","1","Contract Value (Taka): 2598500.00; Name of Supplier/Contractor/Consultant: YSP TECHNOLOGY","bid amount equals the awarded contract value as printed on the award notice"
"699961","KDA","Office of the Assistant Programmer","Supply of Laptop, Desktop Computer, Printer, Scanner & Other accessories at KDA","AWARDED_BIDDER","M/s B. D. & CO","B D CO","2142865.12","responsive","qualified","","not_applicable_won_the_contract","not_applicable","","","","Tender_699961.pdf","1","Contract Value (Taka): 2142865.12; Name of Supplier/Contractor/Consultant: M/s B. D. & CO","bid amount equals the awarded contract value as printed on the award notice"
"728690","KDA","Office of Exen (Maintenance)","Retrofitting work of KDA office building (Part-A)","AWARDED_BIDDER","Add construction solution","ADD CONSTRUCTION SOLUTION","1582766.15","responsive","qualified","","not_applicable_won_the_contract","not_applicable","","","","Tender_728690.pdf","1","Contract Value (Taka): 1582766.15; Name of Supplier/Contractor/Consultant: Add construction solution","bid amount equals the awarded contract value as printed on the award notice"
"728691","KDA","Office of Exen (Maintenance)","Retrofitting work of KDA office building (Part-B)","AWARDED_BIDDER","Add construction solution","ADD CONSTRUCTION SOLUTION","1434449.00","responsive","qualified","","not_applicable_won_the_contract","not_applicable","","","","Tender_728691.pdf","1","Contract Value (Taka): 1434449.00; Name of Supplier/Contractor/Consultant: Add construction solution","bid amount equals the awarded contract value as printed on the award notice"
"728692","KDA","Office of Exen (Maintenance)","Retrofitting work of KDA office building (Part-C)","AWARDED_BIDDER","Add construction solution","ADD CONSTRUCTION SOLUTION","1421549.01","responsive","qualified","","not_applicable_won_the_contract","not_applicable","","","","Tender_728692.pdf","1","Contract Value (Taka): 1421549.01; Name of Supplier/Contractor/Consultant: Add construction solution","bid amount equals the awarded contract value as printed on the award notice"
"783087","KDA","Office of the Project Director (KDA Bipone Bitan)","Construction of Bipone Bitan besides KDA New Market","AWARDED_BIDDER","MAHABUB BROTHERS(PVT)LIMITED","MAHABUB BROTHERS LTD","965147418.58","responsive","qualified","","not_applicable_won_the_contract","not_applicable","","","","Tender_783087.pdf","1","Contract Value (Taka): 965147418.58; Name of Supplier/Contractor/Consultant: MAHABUB BROTHERS(PVT)LIMITED","bid amount equals the awarded contract value as printed on the award notice"
"783087","KDA","Office of the Project Director (KDA Bipone Bitan)","Construction of Bipone Bitan besides KDA New Market","UNNAMED_REJECTED_BIDDERS_AGGREGATE","","","","non_responsive","not_qualified","","","","","","","Tender_783087.pdf","1","Received: 2; Responsive: 1 (difference is the rejected count)","count is derived as received minus responsive; 1 bidder(s)"
"867256","KDA","Office of the Project Director (KDA Bus Terminal)","Development work of KDA Inter District Bus Terminal.","AWARDED_BIDDER","M/S RAFID TRADERS","RAFID TRADERS","107298313.66","responsive","qualified","","not_applicable_won_the_contract","not_applicable","","","","Tender_867256.pdf","1","Contract Value (Taka): 107298313.66; Name of Supplier/Contractor/Consultant: M/S RAFID TRADERS","bid amount equals the awarded contract value as printed on the award notice"
"867256","KDA","Office of the Project Director (KDA Bus Terminal)","Development work of KDA Inter District Bus Terminal.","UNNAMED_REJECTED_BIDDERS_AGGREGATE","","","","non_responsive","not_qualified","","","","","","","Tender_867256.pdf","1","Received: 7; Responsive: 5 (difference is the rejected count)","count is derived as received minus responsive; 2 bidder(s)"
"868640","KDA","Office of the Project Director (3Link Road)","Construction of Overpass Bridge at Nirala to City Bypass Link Road","AWARDED_BIDDER","DIENCO LIMITED","DIENCO LTD","604963771.95","responsive","qualified","","not_applicable_won_the_contract","not_applicable","","","","Tender_868640.pdf","1","Contract Value (Taka): 604963771.95; Name of Supplier/Contractor/Consultant: DIENCO LIMITED","bid amount equals the awarded contract value as printed on the award notice"
"941420","KDA","Office of the Project Director (3Link Road)","Construction of 2.50 km long (4 lane ) link road from Nirala to City Bypass Road (including Road works, Culvert, Retaining Wall, Divider, Electrification, Protection works, Plantation etc)","AWARDED_BIDDER","DIENCO-MIR AKHTER JV","DIENCO MIR AKHTER JV","806242304.97","responsive","qualified","","not_applicable_won_the_contract","not_applicable","","","","Tender_941420.pdf","1","Contract Value (Taka): 806242304.97; Name of Supplier/Contractor/Consultant: DIENCO-MIR AKHTER JV ( JVCA Partners [Business Share]: DIENCO LIMITED [50.000%] , MIR AKHTER HOSSAIN LIMITED [50.000%] )","bid amount equals the awarded contract value as printed on the award notice"
"941420","KDA","Office of the Project Director (3Link Road)","Construction of 2.50 km long (4 lane ) link road from Nirala to City Bypass Road (including Road works, Culvert, Retaining Wall, Divider, Electrification, Protection works, Plantation etc)","JV_PARTNER_OF_WINNER","DIENCO LIMITED","DIENCO LTD","403121152.49","responsive_as_part_of_the_winning_joint_venture","qualified_as_part_of_the_joint_venture","","","","","50.000","","Tender_941420.pdf","1","JVCA Partners [Business Share]: DIENCO LIMITED [50.000%]","bid_amount here is the partner's declared share of the contract value, not a separately published bid"
"941420","KDA","Office of the Project Director (3Link Road)","Construction of 2.50 km long (4 lane ) link road from Nirala to City Bypass Road (including Road works, Culvert, Retaining Wall, Divider, Electrification, Protection works, Plantation etc)","JV_PARTNER_OF_WINNER","MIR AKHTER HOSSAIN LIMITED","MIR AKHTER HOSSAIN LTD","403121152.49","responsive_as_part_of_the_winning_joint_venture","qualified_as_part_of_the_joint_venture","","","","","50.000","","Tender_941420.pdf","1","JVCA Partners [Business Share]: MIR AKHTER HOSSAIN LIMITED [50.000%]","bid_amount here is the partner's declared share of the contract value, not a separately published bid"
"975516","KDA","Office of the Project Director (3Link Road)","Construction of 4.90 km long (2 lane ) link road from Khulna Satkhira Road (Khulna University Hall Road) to Rayermohol Road (including Road works, Culvert, Retaining Wall, Electrification, Protection works, Plantation etc).","AWARDED_BIDDER","IH-RSE-SHJ (JV)","IH RSE SHJ","623250056.00","responsive","qualified","","not_applicable_won_the_contract","not_applicable","","","","Tender_975516.pdf","1","Contract Value (Taka): 623250056.00; Name of Supplier/Contractor/Consultant: IH-RSE-SHJ (JV) ( JVCA Partners [Business Share]: M/S Saiful Hasan Joarder [25.000%] , M/S R. S. Enterprise [35.000%] , M/S ISMAIL HOSSAIN [40.000%] )","bid amount equals the awarded contract value as printed on the award notice"
"975516","KDA","Office of the Project Director (3Link Road)","Construction of 4.90 km long (2 lane ) link road from Khulna Satkhira Road (Khulna University Hall Road) to Rayermohol Road (including Road works, Culvert, Retaining Wall, Electrification, Protection works, Plantation etc).","JV_PARTNER_OF_WINNER","M/S Saiful Hasan Joarder","SAIFUL HASAN JOARDER","155812514.00","responsive_as_part_of_the_winning_joint_venture","qualified_as_part_of_the_joint_venture","","","","","25.000","","Tender_975516.pdf","1","JVCA Partners [Business Share]: M/S Saiful Hasan Joarder [25.000%]","bid_amount here is the partner's declared share of the contract value, not a separately published bid"
"975516","KDA","Office of the Project Director (3Link Road)","Construction of 4.90 km long (2 lane ) link road from Khulna Satkhira Road (Khulna University Hall Road) to Rayermohol Road (including Road works, Culvert, Retaining Wall, Electrification, Protection works, Plantation etc).","JV_PARTNER_OF_WINNER","M/S R. S. Enterprise","R S ENTERPRISE","218137519.60","responsive_as_part_of_the_winning_joint_venture","qualified_as_part_of_the_joint_venture","","","","","35.000","","Tender_975516.pdf","1","JVCA Partners [Business Share]: M/S R. S. Enterprise [35.000%]","bid_amount here is the partner's declared share of the contract value, not a separately published bid"
"975516","KDA","Office of the Project Director (3Link Road)","Construction of 4.90 km long (2 lane ) link road from Khulna Satkhira Road (Khulna University Hall Road) to Rayermohol Road (including Road works, Culvert, Retaining Wall, Electrification, Protection works, Plantation etc).","JV_PARTNER_OF_WINNER","M/S ISMAIL HOSSAIN","ISMAIL HOSSAIN","249300022.40","responsive_as_part_of_the_winning_joint_venture","qualified_as_part_of_the_joint_venture","","","","","40.000","","Tender_975516.pdf","1","JVCA Partners [Business Share]: M/S ISMAIL HOSSAIN [40.000%]","bid_amount here is the partner's declared share of the contract value, not a separately published bid"
"991635","KDA","Office of the Project Director (3Link Road)","Construction of 2.70 km long (2 lane ) link road from Bastuhara Road to Old Satkhira Road (including Road works, Culvert, Retaining Wall, Protection works, Plantation etc)","AWARDED_BIDDER","IH-RSE (JV)","IH RSE","442452500.00","responsive","qualified","","not_applicable_won_the_contract","not_applicable","","","","Tender_991635.pdf","1","Contract Value (Taka): 442452500.00; Name of Supplier/Contractor/Consultant: IH-RSE (JV) ( JVCA Partners [Business Share]: M/S R. S. Enterprise [60.000%] , M/S ISMAIL HOSSAIN [40.000%] )","bid amount equals the awarded contract value as printed on the award notice"
"991635","KDA","Office of the Project Director (3Link Road)","Construction of 2.70 km long (2 lane ) link road from Bastuhara Road to Old Satkhira Road (including Road works, Culvert, Retaining Wall, Protection works, Plantation etc)","JV_PARTNER_OF_WINNER","M/S R. S. Enterprise","R S ENTERPRISE","265471500.00","responsive_as_part_of_the_winning_joint_venture","qualified_as_part_of_the_joint_venture","","","","","60.000","","Tender_991635.pdf","1","JVCA Partners [Business Share]: M/S R. S. Enterprise [60.000%]","bid_amount here is the partner's declared share of the contract value, not a separately published bid"
"991635","KDA","Office of the Project Director (3Link Road)","Construction of 2.70 km long (2 lane ) link road from Bastuhara Road to Old Satkhira Road (including Road works, Culvert, Retaining Wall, Protection works, Plantation etc)","JV_PARTNER_OF_WINNER","M/S ISMAIL HOSSAIN","ISMAIL HOSSAIN","176981000.00","responsive_as_part_of_the_winning_joint_venture","qualified_as_part_of_the_joint_venture","","","","","40.000","","Tender_991635.pdf","1","JVCA Partners [Business Share]: M/S ISMAIL HOSSAIN [40.000%]","bid_amount here is the partner's declared share of the contract value, not a separately published bid"
"1000267","RAJUK","Superintending Engineer (Civil Circle-3)","Repair and maintenance work of Madani Avenue (100ft) Road Due to excavation for inatallation Transmission and Distribution pipe line for Dhaka WASA DESWSP Project (Package-P2).","AWARDED_BIDDER","M/S. Niaz Traders","NIAZ TRADERS","104498747.10","responsive","qualified","","not_applicable_won_the_contract","not_applicable","","","","Tender_1000267.pdf","1","Contract Value (Taka): 104498747.10; Name of Supplier/Contractor/Consultant: M/S. Niaz Traders","bid amount equals the awarded contract value as printed on the award notice"
"1000945","RAJUK","Construction of multi-storied apartment Buildings on 9(Nine) nos abandoned plot at Gulshan,Mohammadpur, Lalmatia & Dhanmondi, Dhaka.","Construction of 06 (six) storied Apartment Building (Civil, Sanitary & Internal Electrification works) at Plot No. 8/15, Sir Syed Road, Block-A, Mohammadpur, Dhaka (Building-03).","AWARDED_BIDDER","Momotaj Engineers Ltd.","MOMOTAJ ENGINEERS LTD","91452674.19","responsive","qualified","","not_applicable_won_the_contract","not_applicable","","","","Tender_1000945.pdf","1","Contract Value (Taka): 91452674.19; Name of Supplier/Contractor/Consultant: Momotaj Engineers Ltd.","bid amount equals the awarded contract value as printed on the award notice"
"1000945","RAJUK","Construction of multi-storied apartment Buildings on 9(Nine) nos abandoned plot at Gulshan,Mohammadpur, Lalmatia & Dhanmondi, Dhaka.","Construction of 06 (six) storied Apartment Building (Civil, Sanitary & Internal Electrification works) at Plot No. 8/15, Sir Syed Road, Block-A, Mohammadpur, Dhaka (Building-03).","UNNAMED_REJECTED_BIDDERS_AGGREGATE","","","","non_responsive","not_qualified","","","","","","","Tender_1000945.pdf","1","Received: 3; Responsive: 1 (difference is the rejected count)","count is derived as received minus responsive; 2 bidder(s)"
"1001120","RAJUK","Superintending Engineer (Civil Circle-1)","Cleaning, Sweeping &Gardening of the Expressway, Service Road, Footpath, and Walkway from FDC to Merul Badda in the Hatirjheel Area.","AWARDED_BIDDER","M/S. Alam & Co.","ALAM CO","10599930.00","responsive","qualified","","not_applicable_won_the_contract","not_applicable","","","","Tender_1001120.pdf","1","Contract Value (Taka): 10599930.00; Name of Supplier/Contractor/Consultant: M/S. Alam & Co.","bid amount equals the awarded contract value as printed on the award notice"
"1001120","RAJUK","Superintending Engineer (Civil Circle-1)","Cleaning, Sweeping &Gardening of the Expressway, Service Road, Footpath, and Walkway from FDC to Merul Badda in the Hatirjheel Area.","UNNAMED_REJECTED_BIDDERS_AGGREGATE","","","","non_responsive","not_qualified","","","","","","","Tender_1001120.pdf","1","Received: 8; Responsive: 2 (difference is the rejected count)","count is derived as received minus responsive; 6 bidder(s)"
"1001460","RAJUK","Office of the Superintending Engineer (Mechanical)","Repair and maintenance work of Rajuk's Germany Payloader No.1","AWARDED_BIDDER","Aliza Enterprise","ALIZA ENTERPRISE","1060533.00","responsive","qualified","","not_applicable_won_the_contract","not_applicable","","","","Tender_1001460.pdf","1","Contract Value (Taka): 1060533.00; Name of Supplier/Contractor/Consultant: Aliza Enterprise","bid amount equals the awarded contract value as printed on the award notice"
"1001460","RAJUK","Office of the Superintending Engineer (Mechanical)","Repair and maintenance work of Rajuk's Germany Payloader No.1","UNNAMED_REJECTED_BIDDERS_AGGREGATE","","","","non_responsive","not_qualified","","","","","","","Tender_1001460.pdf","1","Received: 3; Responsive: 2 (difference is the rejected count)","count is derived as received minus responsive; 1 bidder(s)"
"1001461","RAJUK","Office of the Superintending Engineer (Mechanical)","Supply and repair Spare parts (in cluding accessories) for RAJUK wheel excavator no-01.","AWARDED_BIDDER","Aliza Enterprise","ALIZA ENTERPRISE","1300189.50","responsive","qualified","","not_applicable_won_the_contract","not_applicable","","","","Tender_1001461.pdf","1","Contract Value (Taka): 1300189.50; Name of Supplier/Contractor/Consultant: Aliza Enterprise","bid amount equals the awarded contract value as printed on the award notice"
"1001613","RAJUK","Superintending Engineer (Civil Circle-1)","Cleaning, Sweeping &Gardening of the Expressway, Service Road, Footpath, and Walkway from Rampura to Mogbazar including rail crossing-BIAM-Banglamotor in the Hatirjheel Area.","AWARDED_BIDDER","Al- Arafat Services (PVT.) Limited","AL ARAFAT SERVICES LTD","13217985.00","responsive","qualified","","not_applicable_won_the_contract","not_applicable","","","","Tender_1001613.pdf","1","Contract Value (Taka): 13217985.00; Name of Supplier/Contractor/Consultant: Al- Arafat Services (PVT.) Limited","bid amount equals the awarded contract value as printed on the award notice"
"1001613","RAJUK","Superintending Engineer (Civil Circle-1)","Cleaning, Sweeping &Gardening of the Expressway, Service Road, Footpath, and Walkway from Rampura to Mogbazar including rail crossing-BIAM-Banglamotor in the Hatirjheel Area.","UNNAMED_REJECTED_BIDDERS_AGGREGATE","","","","non_responsive","not_qualified","","","","","","","Tender_1001613.pdf","1","Received: 7; Responsive: 4 (difference is the rejected count)","count is derived as received minus responsive; 3 bidder(s)"
"1002814","RAJUK","Office of the Superintending Engineer (Electrical)","03 (Three) Years Servicing, Operation & Maintenance 01 No. 800 KG Passenger Lift in Uttara Rajuk Zonal Office.","AWARDED_BIDDER","Powercell Engineering Ltd","POWERCELL ENGINEERING LTD","907067.99","responsive","qualified","","not_applicable_won_the_contract","not_applicable","","","","Tender_1002814.pdf","1","Contract Value (Taka): 907067.99; Name of Supplier/Contractor/Consultant: Powercell Engineering Ltd","bid amount equals the awarded contract value as printed on the award notice"
"1002854","RAJUK","Office of the Superintending Engineer (Electrical)","03 (Three) Years Servicing, Operation & Maintenance of 02 Nos. 630 KG Passenger Lift in Mohakhali Rajuk Zonal Office.","AWARDED_BIDDER","PROPERTY DEVELOPMENT LIMITED","PROPERTY DEVELOPMENT LTD","1703786.40","responsive","qualified","","not_applicable_won_the_contract","not_applicable","","","","Tender_1002854.pdf","1","Contract Value (Taka): 1703786.40; Name of Supplier/Contractor/Consultant: PROPERTY DEVELOPMENT LIMITED","bid amount equals the awarded contract value as printed on the award notice"
"1003623","RAJUK","Uttara Apartment Project","Supply, Installation, Testing and Commissioning of Automatic Synchronized Emergency Power Supply Panel along with 06 Nos. 250KVA Diesel Generator for the Commercial Complex including Community Center & Kitchen Super shop under the Project of ""Constru","AWARDED_BIDDER","Gess Bangladesh","GESS BANGLADESH","98995747.69","responsive","qualified","","not_applicable_won_the_contract","not_applicable","","","","Tender_1003623.pdf","1","Contract Value (Taka): 98995747.69; Name of Supplier/Contractor/Consultant: Gess Bangladesh","bid amount equals the awarded contract value as printed on the award notice"
"1007300","RAJUK","Superintending Engineer (Civil Circle-4)","Repair & renovation work of Av#01 (Partly) in/c internal road of Block-A1 of Sector-15 at Uttara Residential Area of RAJUK, Dhaka.","AWARDED_BIDDER","HAIDER & CO.","HAIDER CO","25463336.39","responsive","qualified","","not_applicable_won_the_contract","not_applicable","","","","Tender_1007300.pdf","1","Contract Value (Taka): 25463336.39; Name of Supplier/Contractor/Consultant: HAIDER & CO.","bid amount equals the awarded contract value as printed on the award notice"
"1007300","RAJUK","Superintending Engineer (Civil Circle-4)","Repair & renovation work of Av#01 (Partly) in/c internal road of Block-A1 of Sector-15 at Uttara Residential Area of RAJUK, Dhaka.","UNNAMED_REJECTED_BIDDERS_AGGREGATE","","","","non_responsive","not_qualified","","","","","","","Tender_1007300.pdf","1","Received: 12; Responsive: 9 (difference is the rejected count)","count is derived as received minus responsive; 3 bidder(s)"
"1008472","RAJUK","Office of the Superintending Engineer (Electrical)","Electrical works of 84 Nos. Flat in Building No-12/B, (Tista-1) at Uttara Apartment (Block-A, Sector No-18).","AWARDED_BIDDER","T.S Enterprise","T S ENTERPRISE","5262343.20","responsive","qualified","","not_applicable_won_the_contract","not_applicable","","","","Tender_1008472.pdf","1","Contract Value (Taka): 5262343.20; Name of Supplier/Contractor/Consultant: T.S Enterprise","bid amount equals the awarded contract value as printed on the award notice"
"1008472","RAJUK","Office of the Superintending Engineer (Electrical)","Electrical works of 84 Nos. Flat in Building No-12/B, (Tista-1) at Uttara Apartment (Block-A, Sector No-18).","UNNAMED_REJECTED_BIDDERS_AGGREGATE","","","","non_responsive","not_qualified","","","","","","","Tender_1008472.pdf","1","Received: 5; Responsive: 2 (difference is the rejected count)","count is derived as received minus responsive; 3 bidder(s)"
"1008542","RAJUK","Purbachal New Town Project","Construction of Remaining Internal Road and Surface Drain at Sector - 16(part) of Purbachal New Town Project (Package-PNTP/RDC/S-16, Lot-03).","AWARDED_BIDDER","CONVOY SERVICE","CONVOY SERVICE","12005364.51","responsive","qualified","","not_applicable_won_the_contract","not_applicable","","","","Tender_1008542.pdf","1","Contract Value (Taka): 12005364.51; Name of Supplier/Contractor/Consultant: CONVOY SERVICE","bid amount equals the awarded contract value as printed on the award notice"
"1008542","RAJUK","Purbachal New Town Project","Construction of Remaining Internal Road and Surface Drain at Sector - 16(part) of Purbachal New Town Project (Package-PNTP/RDC/S-16, Lot-03).","UNNAMED_REJECTED_BIDDERS_AGGREGATE","","","","non_responsive","not_qualified","","","","","","","Tender_1008542.pdf","1","Received: 10; Responsive: 3 (difference is the rejected count)","count is derived as received minus responsive; 7 bidder(s)"
"1008543","RAJUK","Purbachal New Town Project","Maintenance and Renovation of Internal Road & Surface Drain at Sector -09 (part) of Purbachal New Town Project (Package# PNTP/RP/S_09, Lot-01).","AWARDED_BIDDER","M/S. A. R. Enterprise","A R ENTERPRISE","26924826.22","responsive","qualified","","not_applicable_won_the_contract","not_applicable","","","","Tender_1008543.pdf","1","Contract Value (Taka): 26924826.22; Name of Supplier/Contractor/Consultant: M/S. A. R. Enterprise","bid amount equals the awarded contract value as printed on the award notice"
"1008543","RAJUK","Purbachal New Town Project","Maintenance and Renovation of Internal Road & Surface Drain at Sector -09 (part) of Purbachal New Town Project (Package# PNTP/RP/S_09, Lot-01).","UNNAMED_REJECTED_BIDDERS_AGGREGATE","","","","non_responsive","not_qualified","","","","","","","Tender_1008543.pdf","1","Received: 15; Responsive: 4 (difference is the rejected count)","count is derived as received minus responsive; 11 bidder(s)"
"1008544","RAJUK","Purbachal New Town Project","Construction of Remaining Internal RCC Road and Surface Drain at Sector-07 (part) Purbachal New Town Project. (Package: PNTP/RDC/S-07, Lot-04).","AWARDED_BIDDER","M/S. Sharif & Sons","SHARIF SONS","33055372.46","responsive","qualified","","not_applicable_won_the_contract","not_applicable","","","","Tender_1008544.pdf","1","Contract Value (Taka): 33055372.46; Name of Supplier/Contractor/Consultant: M/S. Sharif & Sons","bid amount equals the awarded contract value as printed on the award notice"
"1008544","RAJUK","Purbachal New Town Project","Construction of Remaining Internal RCC Road and Surface Drain at Sector-07 (part) Purbachal New Town Project. (Package: PNTP/RDC/S-07, Lot-04).","UNNAMED_REJECTED_BIDDERS_AGGREGATE","","","","non_responsive","not_qualified","","","","","","","Tender_1008544.pdf","1","Received: 13; Responsive: 5 (difference is the rejected count)","count is derived as received minus responsive; 8 bidder(s)"
"1008545","RAJUK","Purbachal New Town Project","Construction of Remaining Internal Road & Surface Drain work at sector-10 of Purbachal New Town Project (Package- PNTP/RDC/S-10, Lot-05).","AWARDED_BIDDER","Aliza Enterprise","ALIZA ENTERPRISE","12899794.77","responsive","qualified","","not_applicable_won_the_contract","not_applicable","","","","Tender_1008545.pdf","1","Contract Value (Taka): 12899794.77; Name of Supplier/Contractor/Consultant: Aliza Enterprise","bid amount equals the awarded contract value as printed on the award notice"
"1008545","RAJUK","Purbachal New Town Project","Construction of Remaining Internal Road & Surface Drain work at sector-10 of Purbachal New Town Project (Package- PNTP/RDC/S-10, Lot-05).","UNNAMED_REJECTED_BIDDERS_AGGREGATE","","","","non_responsive","not_qualified","","","","","","","Tender_1008545.pdf","1","Received: 9; Responsive: 3 (difference is the rejected count)","count is derived as received minus responsive; 6 bidder(s)"
"1008546","RAJUK","Purbachal New Town Project","Construction of Remaining RCC Road & Surface Drain work at Sector no-05 of Purbachal New Town Project (Package: PNTP/RDC/S-05, Lot-04).","AWARDED_BIDDER","M/s Mithila Enterprise","MITHILA ENTERPRISE","6253553.03","responsive","qualified","","not_applicable_won_the_contract","not_applicable","","","","Tender_1008546.pdf","1","Contract Value (Taka): 6253553.03; Name of Supplier/Contractor/Consultant: M/s Mithila Enterprise","bid amount equals the awarded contract value as printed on the award notice"
"1008546","RAJUK","Purbachal New Town Project","Construction of Remaining RCC Road & Surface Drain work at Sector no-05 of Purbachal New Town Project (Package: PNTP/RDC/S-05, Lot-04).","UNNAMED_REJECTED_BIDDERS_AGGREGATE","","","","non_responsive","not_qualified","","","","","","","Tender_1008546.pdf","1","Received: 6; Responsive: 2 (difference is the rejected count)","count is derived as received minus responsive; 4 bidder(s)"
"1008547","RAJUK","Purbachal New Town Project","Construction of Remaining Internal Road and Surface Drain Work at Sector-15 (part) of Purbachal New Town Project (Package-PNTP/RDC/S-15, Lot-03).","AWARDED_BIDDER","HAIDER & CO.","HAIDER CO","19700193.77","responsive","qualified","","not_applicable_won_the_contract","not_applicable","","","","Tender_1008547.pdf","1","Contract Value (Taka): 19700193.77; Name of Supplier/Contractor/Consultant: HAIDER & CO.","bid amount equals the awarded contract value as printed on the award notice"
"1008547","RAJUK","Purbachal New Town Project","Construction of Remaining Internal Road and Surface Drain Work at Sector-15 (part) of Purbachal New Town Project (Package-PNTP/RDC/S-15, Lot-03).","UNNAMED_REJECTED_BIDDERS_AGGREGATE","","","","non_responsive","not_qualified","","","","","","","Tender_1008547.pdf","1","Received: 12; Responsive: 4 (difference is the rejected count)","count is derived as received minus responsive; 8 bidder(s)"
"1008548","RAJUK","Purbachal New Town Project","Construction of Remaining Internal Road and Surface Drain Work at Sector-30 (Part) of Purbachal New Town Project (Package # PNTP/RDC/S-30, Lot-03).","AWARDED_BIDDER","Starlite Services Limited","STARLITE SERVICES LTD","27870506.23","responsive","qualified","","not_applicable_won_the_contract","not_applicable","","","","Tender_1008548.pdf","1","Contract Value (Taka): 27870506.23; Name of Supplier/Contractor/Consultant: Starlite Services Limited","bid amount equals the awarded contract value as printed on the award notice"
"1008548","RAJUK","Purbachal New Town Project","Construction of Remaining Internal Road and Surface Drain Work at Sector-30 (Part) of Purbachal New Town Project (Package # PNTP/RDC/S-30, Lot-03).","UNNAMED_REJECTED_BIDDERS_AGGREGATE","","","","non_responsive","not_qualified","","","","","","","Tender_1008548.pdf","1","Received: 10; Responsive: 3 (difference is the rejected count)","count is derived as received minus responsive; 7 bidder(s)"
"1011370","RAJUK","Purbachal New Town Project","Maintenance and Renovation of Internal Road & Surface Drain at sector-01 (Part) of Purbachal New Town Project (Package-PNTP/RP/S-01, Lot-01).","AWARDED_BIDDER","M/S Udayan Builders","UDAYAN BUILDERS","39498314.46","responsive","qualified","","not_applicable_won_the_contract","not_applicable","","","","Tender_1011370.pdf","1","Contract Value (Taka): 39498314.46; Name of Supplier/Contractor/Consultant: M/S Udayan Builders","bid amount equals the awarded contract value as printed on the award notice"
"1011370","RAJUK","Purbachal New Town Project","Maintenance and Renovation of Internal Road & Surface Drain at sector-01 (Part) of Purbachal New Town Project (Package-PNTP/RP/S-01, Lot-01).","UNNAMED_REJECTED_BIDDERS_AGGREGATE","","","","non_responsive","not_qualified","","","","","","","Tender_1011370.pdf","1","Received: 10; Responsive: 6 (difference is the rejected count)","count is derived as received minus responsive; 4 bidder(s)"
"1013268","RAJUK","Superintending Engineer (Civil Circle-4)","Drain Construction work by Concrete Solid Block of Sector-15, Block-D & E at Uttara Residential Area Of Rajuk, Dhaka.","AWARDED_BIDDER","M/S. A. R. Enterprise","A R ENTERPRISE","23590501.22","responsive","qualified","","not_applicable_won_the_contract","not_applicable","","","","Tender_1013268.pdf","1","Contract Value (Taka): 23590501.22; Name of Supplier/Contractor/Consultant: M/S. A. R. Enterprise","bid amount equals the awarded contract value as printed on the award notice"
"1013268","RAJUK","Superintending Engineer (Civil Circle-4)","Drain Construction work by Concrete Solid Block of Sector-15, Block-D & E at Uttara Residential Area Of Rajuk, Dhaka.","UNNAMED_REJECTED_BIDDERS_AGGREGATE","","","","non_responsive","not_qualified","","","","","","","Tender_1013268.pdf","1","Received: 5; Responsive: 2 (difference is the rejected count)","count is derived as received minus responsive; 3 bidder(s)"
"1013270","RAJUK","Superintending Engineer (Civil Circle-4)","Drain Construction work by Brick of Sector-16, Block-G & H at Uttara Residential Area Of Rajuk, Dhaka.","AWARDED_BIDDER","M/s Shafique and Sons","SHAFIQUE AND SONS","25720105.09","responsive","qualified","","not_applicable_won_the_contract","not_applicable","","","","Tender_1013270.pdf","1","Contract Value (Taka): 25720105.09; Name of Supplier/Contractor/Consultant: M/s Shafique and Sons","bid amount equals the awarded contract value as printed on the award notice"
"1013270","RAJUK","Superintending Engineer (Civil Circle-4)","Drain Construction work by Brick of Sector-16, Block-G & H at Uttara Residential Area Of Rajuk, Dhaka.","UNNAMED_REJECTED_BIDDERS_AGGREGATE","","","","non_responsive","not_qualified","","","","","","","Tender_1013270.pdf","1","Received: 6; Responsive: 3 (difference is the rejected count)","count is derived as received minus responsive; 3 bidder(s)"
"1014738","RAJUK","Office of the Superintending Engineer (Electrical)","Yearly Servicing & Maintenance of CCTV and PABX System (Including Spare Parts) for Rajuk Main and Annex Building.","AWARDED_BIDDER","M/S Raj Development Construction","RAJ DEVELOPMENT CONSTRUCTION","6008902.20","responsive","qualified","","not_applicable_won_the_contract","not_applicable","","","","Tender_1014738.pdf","1","Contract Value (Taka): 6008902.20; Name of Supplier/Contractor/Consultant: M/S Raj Development Construction","bid amount equals the awarded contract value as printed on the award notice"
"1014738","RAJUK","Office of the Superintending Engineer (Electrical)","Yearly Servicing & Maintenance of CCTV and PABX System (Including Spare Parts) for Rajuk Main and Annex Building.","UNNAMED_REJECTED_BIDDERS_AGGREGATE","","","","non_responsive","not_qualified","","","","","","","Tender_1014738.pdf","1","Received: 4; Responsive: 1 (difference is the rejected count)","count is derived as received minus responsive; 3 bidder(s)"
"1023051","RAJUK","Uttara Apartment Project","Supply, Installation, Testing and Commissioning of 01 No. 150 KVA, 11/0.415 KV 50 Hz Electric Sub-station for the 02 (two) storied Hindus Temple under the Project of ""Construction of Residential Apartment Building for Low & Middle Income Group of peo","AWARDED_BIDDER","The Continantal Builders","THE CONTINANTAL BUILDERS","5380000.00","responsive","qualified","","not_applicable_won_the_contract","not_applicable","","","","Tender_1023051.pdf","1","Contract Value (Taka): 5380000.00; Name of Supplier/Contractor/Consultant: The Continantal Builders","bid amount equals the awarded contract value as printed on the award notice"
"1023052","RAJUK","Uttara Apartment Project","Supply, Installation, Testing and Commissioning of 02 Nos 2000 KG Passenger Lift for 05 Storied Central Mosque Building under the Project of ""Construction of Residential Apartment Building for Low & Middle Income Group of people at Sector-18, Block-A","AWARDED_BIDDER","Speed Engineers & Technology.","SPEED ENGINEERS TECHNOLOGY","10448400.41","responsive","qualified","","not_applicable_won_the_contract","not_applicable","","","","Tender_1023052.pdf","1","Contract Value (Taka): 10448400.41; Name of Supplier/Contractor/Consultant: Speed Engineers & Technology.","bid amount equals the awarded contract value as printed on the award notice"
"1023053","RAJUK","Uttara Apartment Project","Supply, Installation, Testing and Commissioning of 02 Nos 630 KG Passenger Lift for the Parking Building under the Project of ""Construction of Residential Apartment Building for Low & Middle Income Group of people at Sector-18, Block- A, Uttara, Dhak","AWARDED_BIDDER","WALTON HI-TECH INDUSTRIES PLC.","WALTON HI TECH INDUSTRIES PLC","5389730.28","responsive","qualified","","not_applicable_won_the_contract","not_applicable","","","","Tender_1023053.pdf","1","Contract Value (Taka): 5389730.28; Name of Supplier/Contractor/Consultant: WALTON HI-TECH INDUSTRIES PLC.","bid amount equals the awarded contract value as printed on the award notice"
"1023054","RAJUK","Uttara Apartment Project","Supply, Installation, Testing and Commissioning of 01 No 100 KVA Generator for the Parking Building under the Project of ""Construction of Residential Apartment Building for Low & Middle Income Group of people at Sector-18, Block-A, Uttara, Dhaka"".","AWARDED_BIDDER","M/S. Miaze Enterprise","MIAZE ENTERPRISE","2499992.21","responsive","qualified","","not_applicable_won_the_contract","not_applicable","","","","Tender_1023054.pdf","1","Contract Value (Taka): 2499992.21; Name of Supplier/Contractor/Consultant: M/S. Miaze Enterprise","bid amount equals the awarded contract value as printed on the award notice"
"1023057","RAJUK","Uttara Apartment Project","Supply, Installation, Testing and Commissioning of CCTV System for the Hindus Temple under the Project of ""Construction of Residential Apartment Building for Low & Middle Income Group of people at Sector-18, Block-A, Uttara ,Dhaka"".","AWARDED_BIDDER","T.S Enterprise","T S ENTERPRISE","622304.04","responsive","qualified","","not_applicable_won_the_contract","not_applicable","","","","Tender_1023057.pdf","1","Contract Value (Taka): 622304.04; Name of Supplier/Contractor/Consultant: T.S Enterprise","bid amount equals the awarded contract value as printed on the award notice"
"1023060","RAJUK","Uttara Apartment Project","Supply, Installation, Testing and Commissioning of additional Solar panel system for the Commercial Complex including Community Center & Kitchen Super shop under the Project of ""Construction of Residential Apartment Building for Low & Middle Income G","AWARDED_BIDDER","Gess Bangladesh","GESS BANGLADESH","4371342.07","responsive","qualified","","not_applicable_won_the_contract","not_applicable","","","","Tender_1023060.pdf","1","Contract Value (Taka): 4371342.07; Name of Supplier/Contractor/Consultant: Gess Bangladesh","bid amount equals the awarded contract value as printed on the award notice"
"1023061","RAJUK","Uttara Apartment Project","Supply, Installation, Testing and Commissioning of CCTV System for the Parking Building under the Project of ""Construction of Residential Apartment Building for Low & Middle Income Group of people at Sector-18, Block-A, Uttara, Dhaka"".","AWARDED_BIDDER","T.S Enterprise","T S ENTERPRISE","1978340.55","responsive","qualified","","not_applicable_won_the_contract","not_applicable","","","","Tender_1023061.pdf","1","Contract Value (Taka): 1978340.55; Name of Supplier/Contractor/Consultant: T.S Enterprise","bid amount equals the awarded contract value as printed on the award notice"
"1030720","RAJUK","Office of the Superintending Engineer (Electrical)","Temporary illumination Work of Rajuk Bhaban, Zone Office, Site Office and Quarters in deferent Religious & State Festivals.","AWARDED_BIDDER","M/S TANIN ENTERPRISE","TANIN ENTERPRISE","2538953.35","responsive","qualified","","not_applicable_won_the_contract","not_applicable","","","","Tender_1030720.pdf","1","Contract Value (Taka): 2538953.35; Name of Supplier/Contractor/Consultant: M/S TANIN ENTERPRISE","bid amount equals the awarded contract value as printed on the award notice"
"1031714","RAJUK","Office of the Superintending Engineer (Electrical)","Supply, Installation, Testing & Commissioning of 800 KG Passenger Lift in the Newly Built Zonal Office (Zone-8,Plot-09, Khanpur C/A) in Narayanganj.","AWARDED_BIDDER","Concept Elevators & Engineering Ltd.","CONCEPT ELEVATORS ENGINEERING LTD","2899000.18","responsive","qualified","","not_applicable_won_the_contract","not_applicable","","","","Tender_1031714.pdf","1","Contract Value (Taka): 2899000.18; Name of Supplier/Contractor/Consultant: Concept Elevators & Engineering Ltd.","bid amount equals the awarded contract value as printed on the award notice"
"1031800","RAJUK","Office of the Superintending Engineer (Mechanical)","Supply and fitting of Hydraulic Breaker for Wheel Excavator No-2 of RAJUK","AWARDED_BIDDER","MULTITRADE INTERNATIONAL","MULTITRADE INTERNATIONAL","4473000.00","responsive","qualified","","not_applicable_won_the_contract","not_applicable","","","","Tender_1031800.pdf","1","Contract Value (Taka): 4473000.00; Name of Supplier/Contractor/Consultant: MULTITRADE INTERNATIONAL","bid amount equals the awarded contract value as printed on the award notice"
"1035179","RAJUK","Superintending Engineer (Civil Circle-3)","Construction of 3(Three) Storied Nikunja Commercial Building including Civil, Sanitary & internal Electrification work at Plot No- 2 & 4 , Road No.-9, Nikunja-1 (South), Dhaka.","AWARDED_BIDDER","M/S. Niaz Traders","NIAZ TRADERS","41746974.10","responsive","qualified","","not_applicable_won_the_contract","not_applicable","","","","Tender_1035179.pdf","1","Contract Value (Taka): 41746974.10; Name of Supplier/Contractor/Consultant: M/S. Niaz Traders","bid amount equals the awarded contract value as printed on the award notice"
"1035179","RAJUK","Superintending Engineer (Civil Circle-3)","Construction of 3(Three) Storied Nikunja Commercial Building including Civil, Sanitary & internal Electrification work at Plot No- 2 & 4 , Road No.-9, Nikunja-1 (South), Dhaka.","UNNAMED_REJECTED_BIDDERS_AGGREGATE","","","","non_responsive","not_qualified","","","","","","","Tender_1035179.pdf","1","Received: 12; Responsive: 11 (difference is the rejected count)","count is derived as received minus responsive; 1 bidder(s)"
"1044320","RAJUK","Development of Residential and commercial Infrastructure at Jhilmil Residential Project Area","Development of Sector-1 Graveyard of Development of Residential and commercial Infrastructure at Jhilmil Residential Project Area.","AWARDED_BIDDER","M/S. Niaz Traders","NIAZ TRADERS","33437797.41","responsive","qualified","","not_applicable_won_the_contract","not_applicable","","","","Tender_1044320.pdf","1","Contract Value (Taka): 33437797.41; Name of Supplier/Contractor/Consultant: M/S. Niaz Traders","bid amount equals the awarded contract value as printed on the award notice"
"1044320","RAJUK","Development of Residential and commercial Infrastructure at Jhilmil Residential Project Area","Development of Sector-1 Graveyard of Development of Residential and commercial Infrastructure at Jhilmil Residential Project Area.","UNNAMED_REJECTED_BIDDERS_AGGREGATE","","","","non_responsive","not_qualified","","","","","","","Tender_1044320.pdf","1","Received: 5; Responsive: 2 (difference is the rejected count)","count is derived as received minus responsive; 3 bidder(s)"
"1056195","RAJUK","Office of the Superintending Engineer (Mechanical)","Supply and Fitting of Hydraulic Breaker for Wheel Excavator No-01 of RAJUK.","AWARDED_BIDDER","Sohel Engineering & Construction Ltd.","SOHEL ENGINEERING CONSTRUCTION LTD","5100000.00","responsive","qualified","","not_applicable_won_the_contract","not_applicable","","","","Tender_1056195.pdf","1","Contract Value (Taka): 5100000.00; Name of Supplier/Contractor/Consultant: Sohel Engineering & Construction Ltd.","bid amount equals the awarded contract value as printed on the award notice"
"1056195","RAJUK","Office of the Superintending Engineer (Mechanical)","Supply and Fitting of Hydraulic Breaker for Wheel Excavator No-01 of RAJUK.","UNNAMED_REJECTED_BIDDERS_AGGREGATE","","","","non_responsive","not_qualified","","","","","","","Tender_1056195.pdf","1","Received: 4; Responsive: 3 (difference is the rejected count)","count is derived as received minus responsive; 1 bidder(s)"
"1058290","RAJUK","Development of Residential and commercial Infrastructure at Jhilmil Residential Project Area","Supply & Installation of 500 KVA Sub-Station and ON Grid Solar System for Construction of Jhilmeel School & Collage at Development of Residential and Commercial infrastructure at Jhilmil Residential Project area.","AWARDED_BIDDER","Gess Bangladesh","GESS BANGLADESH","7049879.78","responsive","qualified","","not_applicable_won_the_contract","not_applicable","","","","Tender_1058290.pdf","1","Contract Value (Taka): 7049879.78; Name of Supplier/Contractor/Consultant: Gess Bangladesh","bid amount equals the awarded contract value as printed on the award notice"
"1058291","RAJUK","Development of Residential and commercial Infrastructure at Jhilmil Residential Project Area","Supply, Installation, Testing & Commissioning of 04 Nos. 1250 KG Passenger Lift for Construction of Jhilmeel School & Collage at Development of Residential and Commercial infrastructure at Jhilmil Residential Project area.","AWARDED_BIDDER","WALTON HI-TECH INDUSTRIES PLC.","WALTON HI TECH INDUSTRIES PLC","13354000.59","responsive","qualified","","not_applicable_won_the_contract","not_applicable","","","","Tender_1058291.pdf","1","Contract Value (Taka): 13354000.59; Name of Supplier/Contractor/Consultant: WALTON HI-TECH INDUSTRIES PLC.","bid amount equals the awarded contract value as printed on the award notice"
"1058292","RAJUK","Development of Residential and commercial Infrastructure at Jhilmil Residential Project Area","Supply & Installation of 300 KVA Sub-Station and ON Grid Solar System for Construction of Jhilmeel Mosque at Development of Residential and Commercial infrastructure at Jhilmil Residential Project area.","AWARDED_BIDDER","Gess Bangladesh","GESS BANGLADESH","6592144.97","responsive","qualified","","not_applicable_won_the_contract","not_applicable","","","","Tender_1058292.pdf","1","Contract Value (Taka): 6592144.97; Name of Supplier/Contractor/Consultant: Gess Bangladesh","bid amount equals the awarded contract value as printed on the award notice"
"1058293","RAJUK","Development of Residential and commercial Infrastructure at Jhilmil Residential Project Area","Supply, Installation, Testing & Commissioning of 02 Nos. 1250 KG Passenger Lift for Construction of Jhilmeel Mosque at Development of Residential and Commercial infrastructure at Jhilmil Residential Project area.","AWARDED_BIDDER","WALTON HI-TECH INDUSTRIES PLC.","WALTON HI TECH INDUSTRIES PLC","6347500.38","responsive","qualified","","not_applicable_won_the_contract","not_applicable","","","","Tender_1058293.pdf","1","Contract Value (Taka): 6347500.38; Name of Supplier/Contractor/Consultant: WALTON HI-TECH INDUSTRIES PLC.","bid amount equals the awarded contract value as printed on the award notice"
"1059690","RAJUK","Office of the Superintending Engineer (Mechanical)","Supply and fixing of 09 (Nine) nos. New tyre ( with tube & flap) for RAJUK wheel excavator no -01.","AWARDED_BIDDER","T.S Enterprise","T S ENTERPRISE","696150.01","responsive","qualified","","not_applicable_won_the_contract","not_applicable","","","","Tender_1059690.pdf","1","Contract Value (Taka): 696150.01; Name of Supplier/Contractor/Consultant: T.S Enterprise","bid amount equals the awarded contract value as printed on the award notice"
"1059690","RAJUK","Office of the Superintending Engineer (Mechanical)","Supply and fixing of 09 (Nine) nos. New tyre ( with tube & flap) for RAJUK wheel excavator no -01.","UNNAMED_REJECTED_BIDDERS_AGGREGATE","","","","non_responsive","not_qualified","","","","","","","Tender_1059690.pdf","1","Received: 6; Responsive: 1 (difference is the rejected count)","count is derived as received minus responsive; 5 bidder(s)"
"1060379","RAJUK","Development of Residential and commercial Infrastructure at Jhilmil Residential Project Area","Construction of Surface drain at Jhilmil Residential Project Area.Sector-4(Pakage#3,Lot-3.)","AWARDED_BIDDER","Starlite Services Limited","STARLITE SERVICES LTD","118272231.79","responsive","qualified","","not_applicable_won_the_contract","not_applicable","","","","Tender_1060379.pdf","1","Contract Value (Taka): 118272231.79; Name of Supplier/Contractor/Consultant: Starlite Services Limited","bid amount equals the awarded contract value as printed on the award notice"
"1060379","RAJUK","Development of Residential and commercial Infrastructure at Jhilmil Residential Project Area","Construction of Surface drain at Jhilmil Residential Project Area.Sector-4(Pakage#3,Lot-3.)","UNNAMED_REJECTED_BIDDERS_AGGREGATE","","","","non_responsive","not_qualified","","","","","","","Tender_1060379.pdf","1","Received: 8; Responsive: 7 (difference is the rejected count)","count is derived as received minus responsive; 1 bidder(s)"
"1060380","RAJUK","Development of Residential and commercial Infrastructure at Jhilmil Residential Project Area","Construction of Surface drain at Jhilmil Residential Project Area.Sector-5(Pakage#3,Lot-4.)","AWARDED_BIDDER","Convoy Service JV","CONVOY SERVICE JV","68007492.72","responsive","qualified","","not_applicable_won_the_contract","not_applicable","","","","Tender_1060380.pdf","1","Contract Value (Taka): 68007492.72; Name of Supplier/Contractor/Consultant: Convoy Service JV ( JVCA Partners [Business Share]: CONVOY SERVICE [49.000%] , Starlite Services Limited [51.000%] )","bid amount equals the awarded contract value as printed on the award notice"
"1060380","RAJUK","Development of Residential and commercial Infrastructure at Jhilmil Residential Project Area","Construction of Surface drain at Jhilmil Residential Project Area.Sector-5(Pakage#3,Lot-4.)","JV_PARTNER_OF_WINNER","CONVOY SERVICE","CONVOY SERVICE","33323671.43","responsive_as_part_of_the_winning_joint_venture","qualified_as_part_of_the_joint_venture","","","","","49.000","","Tender_1060380.pdf","1","JVCA Partners [Business Share]: CONVOY SERVICE [49.000%]","bid_amount here is the partner's declared share of the contract value, not a separately published bid"
"1060380","RAJUK","Development of Residential and commercial Infrastructure at Jhilmil Residential Project Area","Construction of Surface drain at Jhilmil Residential Project Area.Sector-5(Pakage#3,Lot-4.)","JV_PARTNER_OF_WINNER","Starlite Services Limited","STARLITE SERVICES LTD","34683821.29","responsive_as_part_of_the_winning_joint_venture","qualified_as_part_of_the_joint_venture","","","","","51.000","","Tender_1060380.pdf","1","JVCA Partners [Business Share]: Starlite Services Limited [51.000%]","bid_amount here is the partner's declared share of the contract value, not a separately published bid"
"1060890","RAJUK","Purbachal New Town Project","Painting and ancillary Works of 26 Nos Bridge (Bridge no- 3, 4, 6, 7, 10, 12, 13, 14, 15, 16, 17, 25, 26, 27, 28, 29, 30, 31, 32, 33, 34, 36, 37, 38, 39, 42) of Different Sector at Purbachal New Town Project (Package-PNTP/RP/BR_02).","AWARDED_BIDDER","KSBL-TSE JOINT VENTURE","KSBL TSE JOINT VENTURE","18177929.93","responsive","qualified","","not_applicable_won_the_contract","not_applicable","","","","Tender_1060890.pdf","1","Contract Value (Taka): 18177929.93; Name of Supplier/Contractor/Consultant: KSBL-TSE JOINT VENTURE ( JVCA Partners [Business Share]: Khan and Sons (Bangladesh) Limited [51.000%] , T.S Enterprise [49.000%] )","bid amount equals the awarded contract value as printed on the award notice"
"1060890","RAJUK","Purbachal New Town Project","Painting and ancillary Works of 26 Nos Bridge (Bridge no- 3, 4, 6, 7, 10, 12, 13, 14, 15, 16, 17, 25, 26, 27, 28, 29, 30, 31, 32, 33, 34, 36, 37, 38, 39, 42) of Different Sector at Purbachal New Town Project (Package-PNTP/RP/BR_02).","JV_PARTNER_OF_WINNER","Khan and Sons (Bangladesh) Limited","KHAN AND SONS LTD","9270744.26","responsive_as_part_of_the_winning_joint_venture","qualified_as_part_of_the_joint_venture","","","","","51.000","","Tender_1060890.pdf","1","JVCA Partners [Business Share]: Khan and Sons (Bangladesh) Limited [51.000%]","bid_amount here is the partner's declared share of the contract value, not a separately published bid"
"1060890","RAJUK","Purbachal New Town Project","Painting and ancillary Works of 26 Nos Bridge (Bridge no- 3, 4, 6, 7, 10, 12, 13, 14, 15, 16, 17, 25, 26, 27, 28, 29, 30, 31, 32, 33, 34, 36, 37, 38, 39, 42) of Different Sector at Purbachal New Town Project (Package-PNTP/RP/BR_02).","JV_PARTNER_OF_WINNER","T.S Enterprise","T S ENTERPRISE","8907185.66","responsive_as_part_of_the_winning_joint_venture","qualified_as_part_of_the_joint_venture","","","","","49.000","","Tender_1060890.pdf","1","JVCA Partners [Business Share]: T.S Enterprise [49.000%]","bid_amount here is the partner's declared share of the contract value, not a separately published bid"
"1060891","RAJUK","Purbachal New Town Project","Construction of Remaining Internal Road & Surface Drain at Sector No-04 of Purbachal New Town Project (Package- PNTP/RDC/S-04, Lot-03).","AWARDED_BIDDER","M/s Shafique and Sons","SHAFIQUE AND SONS","88468397.14","responsive","qualified","","not_applicable_won_the_contract","not_applicable","","","","Tender_1060891.pdf","1","Contract Value (Taka): 88468397.14; Name of Supplier/Contractor/Consultant: M/s Shafique and Sons","bid amount equals the awarded contract value as printed on the award notice"
"1060895","RAJUK","Purbachal New Town Project","Maintenance and Renovation of Road No-216 (100 ft Wide) Attached Surface Drain at Purbachal New Town Project (Package-PNTP/RP/R-216).","AWARDED_BIDDER","TCEL TE JV","TCEL TE JV","111101507.72","responsive","qualified","","not_applicable_won_the_contract","not_applicable","","","","Tender_1060895.pdf","1","Contract Value (Taka): 111101507.72; Name of Supplier/Contractor/Consultant: TCEL TE JV ( JVCA Partners [Business Share]: THE CIVIL ENGINEERS LIMITED [50.000%] , M/S TAJEEM ENTERPRISE [50.000%] )","bid amount equals the awarded contract value as printed on the award notice"
"1060895","RAJUK","Purbachal New Town Project","Maintenance and Renovation of Road No-216 (100 ft Wide) Attached Surface Drain at Purbachal New Town Project (Package-PNTP/RP/R-216).","JV_PARTNER_OF_WINNER","THE CIVIL ENGINEERS LIMITED","THE CIVIL ENGINEERS LTD","55550753.86","responsive_as_part_of_the_winning_joint_venture","qualified_as_part_of_the_joint_venture","","","","","50.000","","Tender_1060895.pdf","1","JVCA Partners [Business Share]: THE CIVIL ENGINEERS LIMITED [50.000%]","bid_amount here is the partner's declared share of the contract value, not a separately published bid"
"1060895","RAJUK","Purbachal New Town Project","Maintenance and Renovation of Road No-216 (100 ft Wide) Attached Surface Drain at Purbachal New Town Project (Package-PNTP/RP/R-216).","JV_PARTNER_OF_WINNER","M/S TAJEEM ENTERPRISE","TAJEEM ENTERPRISE","55550753.86","responsive_as_part_of_the_winning_joint_venture","qualified_as_part_of_the_joint_venture","","","","","50.000","","Tender_1060895.pdf","1","JVCA Partners [Business Share]: M/S TAJEEM ENTERPRISE [50.000%]","bid_amount here is the partner's declared share of the contract value, not a separately published bid"
"1060895","RAJUK","Purbachal New Town Project","Maintenance and Renovation of Road No-216 (100 ft Wide) Attached Surface Drain at Purbachal New Town Project (Package-PNTP/RP/R-216).","UNNAMED_REJECTED_BIDDERS_AGGREGATE","","","","non_responsive","not_qualified","","","","","","","Tender_1060895.pdf","1","Received: 8; Responsive: 6 (difference is the rejected count)","count is derived as received minus responsive; 2 bidder(s)"
"1062494","RAJUK","Construction of multi-storied apartment Buildings on 9(Nine) nos abandoned plot at Gulshan,Mohammadpur, Lalmatia & Dhanmondi, Dhaka.","Supply, Installation, Testing, Commissioning of 02 (Two) Nos. 1250 kg Lift in 15 (fifteen) Storied Apartment Building including one basement at Plot No. CWN(B)-8, Road No. 35. Gulshan-2 Residential Area.","AWARDED_BIDDER","Concept Elevators & Engineering Ltd.","CONCEPT ELEVATORS ENGINEERING LTD","27499998.84","responsive","qualified","","not_applicable_won_the_contract","not_applicable","","","","Tender_1062494.pdf","1","Contract Value (Taka): 27499998.84; Name of Supplier/Contractor/Consultant: Concept Elevators & Engineering Ltd.","bid amount equals the awarded contract value as printed on the award notice"
"1069558","RAJUK","Purbachal New Town Project","Construction of Internal remaining east side Lane including Surface Drain at Road # 125 of Sector No-30 of Purbachal New Town Project (Package PNTP/RDC/S-30, Lot-05).","AWARDED_BIDDER","M/S. A. R. Enterprise","A R ENTERPRISE","8321802.74","responsive","qualified","","not_applicable_won_the_contract","not_applicable","","","","Tender_1069558.pdf","1","Contract Value (Taka): 8321802.74; Name of Supplier/Contractor/Consultant: M/S. A. R. Enterprise","bid amount equals the awarded contract value as printed on the award notice"
"1069559","RAJUK","Purbachal New Town Project","Maintenance and Renovation of Internal Roads and Surface Drain at Sector-08 (Part) of Purbachal New Town Project. (PNTP/RP/S_08, Lot-01).","AWARDED_BIDDER","M/S. A. R. Enterprise","A R ENTERPRISE","19993058.32","responsive","qualified","","not_applicable_won_the_contract","not_applicable","","","","Tender_1069559.pdf","1","Contract Value (Taka): 19993058.32; Name of Supplier/Contractor/Consultant: M/S. A. R. Enterprise","bid amount equals the awarded contract value as printed on the award notice"
"1069559","RAJUK","Purbachal New Town Project","Maintenance and Renovation of Internal Roads and Surface Drain at Sector-08 (Part) of Purbachal New Town Project. (PNTP/RP/S_08, Lot-01).","UNNAMED_REJECTED_BIDDERS_AGGREGATE","","","","non_responsive","not_qualified","","","","","","","Tender_1069559.pdf","1","Received: 8; Responsive: 7 (difference is the rejected count)","count is derived as received minus responsive; 1 bidder(s)"
"1069560","RAJUK","Purbachal New Town Project","Maintenance and Renovation of Internal Roads and Surface Drain at Sector-29 of Purbachal New Town Project. (PNTP/RP/S_29, Lot-01).","AWARDED_BIDDER","M/S Udayan Builders","UDAYAN BUILDERS","26892135.20","responsive","qualified","","not_applicable_won_the_contract","not_applicable","","","","Tender_1069560.pdf","1","Contract Value (Taka): 26892135.20; Name of Supplier/Contractor/Consultant: M/S Udayan Builders","bid amount equals the awarded contract value as printed on the award notice"
"1069561","RAJUK","Purbachal New Town Project","Construction of remaining internal Road and Surface Drain work at Sector No # 29 (Part) of Purbachal New Town Project (Package PNTP/RDC-29, Lot-3).","AWARDED_BIDDER","AK- Amin Development Co. Limited","AK AMIN DEVELOPMENT CO LTD","35630010.78","responsive","qualified","","not_applicable_won_the_contract","not_applicable","","","","Tender_1069561.pdf","1","Contract Value (Taka): 35630010.78; Name of Supplier/Contractor/Consultant: AK- Amin Development Co. Limited","bid amount equals the awarded contract value as printed on the award notice"
"1069562","RAJUK","Purbachal New Town Project","Construction of remaining Internal Road & Surface Drain work at Sector No-30 (Part) of Purbachal New Town Project (Package PNTP/RDC/S-30, Lot-04).","AWARDED_BIDDER","M/s. SS & MT (JV)","SS MT","42619653.99","responsive","qualified","","not_applicable_won_the_contract","not_applicable","","","","Tender_1069562.pdf","1","Contract Value (Taka): 42619653.99; Name of Supplier/Contractor/Consultant: M/s. SS & MT (JV) ( JVCA Partners [Business Share]: Monir Engineering And Construction Ltd. [49.000%] , M/S. Sharif & Sons [51.000%] )","bid amount equals the awarded contract value as printed on the award notice"
"1069562","RAJUK","Purbachal New Town Project","Construction of remaining Internal Road & Surface Drain work at Sector No-30 (Part) of Purbachal New Town Project (Package PNTP/RDC/S-30, Lot-04).","JV_PARTNER_OF_WINNER","Monir Engineering And Construction Ltd.","MONIR ENGINEERING AND CONSTRUCTION LTD","20883630.46","responsive_as_part_of_the_winning_joint_venture","qualified_as_part_of_the_joint_venture","","","","","49.000","","Tender_1069562.pdf","1","JVCA Partners [Business Share]: Monir Engineering And Construction Ltd. [49.000%]","bid_amount here is the partner's declared share of the contract value, not a separately published bid"
"1069562","RAJUK","Purbachal New Town Project","Construction of remaining Internal Road & Surface Drain work at Sector No-30 (Part) of Purbachal New Town Project (Package PNTP/RDC/S-30, Lot-04).","JV_PARTNER_OF_WINNER","M/S. Sharif & Sons","SHARIF SONS","21736023.54","responsive_as_part_of_the_winning_joint_venture","qualified_as_part_of_the_joint_venture","","","","","51.000","","Tender_1069562.pdf","1","JVCA Partners [Business Share]: M/S. Sharif & Sons [51.000%]","bid_amount here is the partner's declared share of the contract value, not a separately published bid"
"1069564","RAJUK","Purbachal New Town Project","Repair and Renovation of Internal Roads and Surface Drain at Sector-21 of Purbachal New Town Project. (PNTP/RP/S_21, Lot-05).","AWARDED_BIDDER","SSL- CONVOY JV","SSL CONVOY JV","77163422.06","responsive","qualified","","not_applicable_won_the_contract","not_applicable","","","","Tender_1069564.pdf","1","Contract Value (Taka): 77163422.06; Name of Supplier/Contractor/Consultant: SSL- CONVOY JV ( JVCA Partners [Business Share]: CONVOY SERVICE [49.000%] , Starlite Services Limited [51.000%] )","bid amount equals the awarded contract value as printed on the award notice"
"1069564","RAJUK","Purbachal New Town Project","Repair and Renovation of Internal Roads and Surface Drain at Sector-21 of Purbachal New Town Project. (PNTP/RP/S_21, Lot-05).","JV_PARTNER_OF_WINNER","CONVOY SERVICE","CONVOY SERVICE","37810076.81","responsive_as_part_of_the_winning_joint_venture","qualified_as_part_of_the_joint_venture","","","","","49.000","","Tender_1069564.pdf","1","JVCA Partners [Business Share]: CONVOY SERVICE [49.000%]","bid_amount here is the partner's declared share of the contract value, not a separately published bid"
"1069564","RAJUK","Purbachal New Town Project","Repair and Renovation of Internal Roads and Surface Drain at Sector-21 of Purbachal New Town Project. (PNTP/RP/S_21, Lot-05).","JV_PARTNER_OF_WINNER","Starlite Services Limited","STARLITE SERVICES LTD","39353345.25","responsive_as_part_of_the_winning_joint_venture","qualified_as_part_of_the_joint_venture","","","","","51.000","","Tender_1069564.pdf","1","JVCA Partners [Business Share]: Starlite Services Limited [51.000%]","bid_amount here is the partner's declared share of the contract value, not a separately published bid"
"1071058","RAJUK","Purbachal New Town Project","Construction of Remaining Internal RCC Walkway and Surface Drain at Scetor No -22 (part) of Purbachal New Town Project (Package RDC/S-22. Lot-02).","AWARDED_BIDDER","HAIDER & CO.","HAIDER CO","22604728.13","responsive","qualified","","not_applicable_won_the_contract","not_applicable","","","","Tender_1071058.pdf","1","Contract Value (Taka): 22604728.13; Name of Supplier/Contractor/Consultant: HAIDER & CO.","bid amount equals the awarded contract value as printed on the award notice"
"1074002","RAJUK","Office of the Superintending Engineer (Electrical)","Supply, Fitting & Fixing of Solar LED Street Light in the Lake Drive Road at Sector No-18 (East Side) in Uttara (3rd Phase).","AWARDED_BIDDER","M/S Sunny Construction","SUNNY CONSTRUCTION","14195340.00","responsive","qualified","","not_applicable_won_the_contract","not_applicable","","","","Tender_1074002.pdf","1","Contract Value (Taka): 14195340.00; Name of Supplier/Contractor/Consultant: M/S Sunny Construction","bid amount equals the awarded contract value as printed on the award notice"
"1074002","RAJUK","Office of the Superintending Engineer (Electrical)","Supply, Fitting & Fixing of Solar LED Street Light in the Lake Drive Road at Sector No-18 (East Side) in Uttara (3rd Phase).","UNNAMED_REJECTED_BIDDERS_AGGREGATE","","","","non_responsive","not_qualified","","","","","","","Tender_1074002.pdf","1","Received: 13; Responsive: 11 (difference is the rejected count)","count is derived as received minus responsive; 2 bidder(s)"
"1074661","RAJUK","Office of the Superintending Engineer (Electrical)","Electrification Work of Rajuk Chairman Banglo ( House No-01, Road No-06) at Gulshan-1.","AWARDED_BIDDER","NATIONAL DEVELOPMENT ENGINEERS LTD.","NATIONAL DEVELOPMENT ENGINEERS LTD","2689391.70","responsive","qualified","","not_applicable_won_the_contract","not_applicable","","","","Tender_1074661.pdf","1","Contract Value (Taka): 2689391.70; Name of Supplier/Contractor/Consultant: NATIONAL DEVELOPMENT ENGINEERS LTD.","bid amount equals the awarded contract value as printed on the award notice"
"1074661","RAJUK","Office of the Superintending Engineer (Electrical)","Electrification Work of Rajuk Chairman Banglo ( House No-01, Road No-06) at Gulshan-1.","UNNAMED_REJECTED_BIDDERS_AGGREGATE","","","","non_responsive","not_qualified","","","","","","","Tender_1074661.pdf","1","Received: 3; Responsive: 2 (difference is the rejected count)","count is derived as received minus responsive; 1 bidder(s)"
"1077063","RAJUK","Office of the Superintending Engineer (Mechanical)","Supply and installation of furniture at Rajuk (Zone-7).","AWARDED_BIDDER","Otobi Limited","OTOBI LTD","1370110.12","responsive","qualified","","not_applicable_won_the_contract","not_applicable","","","","Tender_1077063.pdf","1","Contract Value (Taka): 1370110.12; Name of Supplier/Contractor/Consultant: Otobi Limited","bid amount equals the awarded contract value as printed on the award notice"
"1077063","RAJUK","Office of the Superintending Engineer (Mechanical)","Supply and installation of furniture at Rajuk (Zone-7).","UNNAMED_REJECTED_BIDDERS_AGGREGATE","","","","non_responsive","not_qualified","","","","","","","Tender_1077063.pdf","1","Received: 5; Responsive: 1 (difference is the rejected count)","count is derived as received minus responsive; 4 bidder(s)"
"1081213","RAJUK","Superintending Engineer (Civil Circle-4)","Repair & Renovation work of internal road of Block-A and construction of open surface drain of Sector-15 at Uttara Residential Area, RAJUK.","AWARDED_BIDDER","Momotaj Engineers Ltd.","MOMOTAJ ENGINEERS LTD","38383526.29","responsive","qualified","","not_applicable_won_the_contract","not_applicable","","","","Tender_1081213.pdf","1","Contract Value (Taka): 38383526.29; Name of Supplier/Contractor/Consultant: Momotaj Engineers Ltd.","bid amount equals the awarded contract value as printed on the award notice"
"1081213","RAJUK","Superintending Engineer (Civil Circle-4)","Repair & Renovation work of internal road of Block-A and construction of open surface drain of Sector-15 at Uttara Residential Area, RAJUK.","UNNAMED_REJECTED_BIDDERS_AGGREGATE","","","","non_responsive","not_qualified","","","","","","","Tender_1081213.pdf","1","Received: 9; Responsive: 7 (difference is the rejected count)","count is derived as received minus responsive; 2 bidder(s)"
"1081271","RAJUK","Office of the Superintending Engineer (Electrical)","03 (Three) Years Operation, Servicing & Maintenance of 04 Nos Passenger Lift at Gulshan Car Parking cum Office Building.","AWARDED_BIDDER","PROPERTY DEVELOPMENT LIMITED","PROPERTY DEVELOPMENT LTD","4320000.29","responsive","qualified","","not_applicable_won_the_contract","not_applicable","","","","Tender_1081271.pdf","1","Contract Value (Taka): 4320000.29; Name of Supplier/Contractor/Consultant: PROPERTY DEVELOPMENT LIMITED","bid amount equals the awarded contract value as printed on the award notice"
"1081271","RAJUK","Office of the Superintending Engineer (Electrical)","03 (Three) Years Operation, Servicing & Maintenance of 04 Nos Passenger Lift at Gulshan Car Parking cum Office Building.","UNNAMED_REJECTED_BIDDERS_AGGREGATE","","","","non_responsive","not_qualified","","","","","","","Tender_1081271.pdf","1","Received: 3; Responsive: 1 (difference is the rejected count)","count is derived as received minus responsive; 2 bidder(s)"
"1082494","RAJUK","Superintending Engineer (Civil Circle-4)","Repair & Renovation work of internal road and construction of open surface drain of Block-B of Sector-15 at Uttara Residential Area, RAJUK","AWARDED_BIDDER","Starlite Services Limited","STARLITE SERVICES LTD","64772047.74","responsive","qualified","","not_applicable_won_the_contract","not_applicable","","","","Tender_1082494.pdf","1","Contract Value (Taka): 64772047.74; Name of Supplier/Contractor/Consultant: Starlite Services Limited","bid amount equals the awarded contract value as printed on the award notice"
"1082494","RAJUK","Superintending Engineer (Civil Circle-4)","Repair & Renovation work of internal road and construction of open surface drain of Block-B of Sector-15 at Uttara Residential Area, RAJUK","UNNAMED_REJECTED_BIDDERS_AGGREGATE","","","","non_responsive","not_qualified","","","","","","","Tender_1082494.pdf","1","Received: 8; Responsive: 3 (difference is the rejected count)","count is derived as received minus responsive; 5 bidder(s)"
"1082495","RAJUK","Superintending Engineer (Civil Circle-4)","Repair, Renovaiton and Painting work of Boundary wall at North, South and West side of the Park/Play Ground at Sector- 04, Uttara Residential Area, RAJUK","AWARDED_BIDDER","Aliza Enterprise","ALIZA ENTERPRISE","3531092.11","responsive","qualified","","not_applicable_won_the_contract","not_applicable","","","","Tender_1082495.pdf","1","Contract Value (Taka): 3531092.11; Name of Supplier/Contractor/Consultant: Aliza Enterprise","bid amount equals the awarded contract value as printed on the award notice"
"1082495","RAJUK","Superintending Engineer (Civil Circle-4)","Repair, Renovaiton and Painting work of Boundary wall at North, South and West side of the Park/Play Ground at Sector- 04, Uttara Residential Area, RAJUK","UNNAMED_REJECTED_BIDDERS_AGGREGATE","","","","non_responsive","not_qualified","","","","","","","Tender_1082495.pdf","1","Received: 12; Responsive: 6 (difference is the rejected count)","count is derived as received minus responsive; 6 bidder(s)"
"1082496","RAJUK","Superintending Engineer (Civil Circle-4)","Park development work at Block- C & C1 at Sector- 15, Uttara Residential Area, RAJUK","AWARDED_BIDDER","M/S. A. R. Enterprise","A R ENTERPRISE","14961357.13","responsive","qualified","","not_applicable_won_the_contract","not_applicable","","","","Tender_1082496.pdf","1","Contract Value (Taka): 14961357.13; Name of Supplier/Contractor/Consultant: M/S. A. R. Enterprise","bid amount equals the awarded contract value as printed on the award notice"
"1082496","RAJUK","Superintending Engineer (Civil Circle-4)","Park development work at Block- C & C1 at Sector- 15, Uttara Residential Area, RAJUK","UNNAMED_REJECTED_BIDDERS_AGGREGATE","","","","non_responsive","not_qualified","","","","","","","Tender_1082496.pdf","1","Received: 13; Responsive: 9 (difference is the rejected count)","count is derived as received minus responsive; 4 bidder(s)"
"1082525","RAJUK","Superintending Engineer (Civil Circle-4)","Construction of open surface drain (by Concrete Solid Block) in Block-B, C, D, E at Sector-17 of Uttara Residential Area, RAJUK","AWARDED_BIDDER","M/S. Niaz Traders","NIAZ TRADERS","77992693.72","responsive","qualified","","not_applicable_won_the_contract","not_applicable","","","","Tender_1082525.pdf","1","Contract Value (Taka): 77992693.72; Name of Supplier/Contractor/Consultant: M/S. Niaz Traders","bid amount equals the awarded contract value as printed on the award notice"
"1082525","RAJUK","Superintending Engineer (Civil Circle-4)","Construction of open surface drain (by Concrete Solid Block) in Block-B, C, D, E at Sector-17 of Uttara Residential Area, RAJUK","UNNAMED_REJECTED_BIDDERS_AGGREGATE","","","","non_responsive","not_qualified","","","","","","","Tender_1082525.pdf","1","Received: 8; Responsive: 4 (difference is the rejected count)","count is derived as received minus responsive; 4 bidder(s)"
"1082896","RAJUK","Construction of multi-storied apartment Buildings on 9(Nine) nos abandoned plot at Gulshan,Mohammadpur, Lalmatia & Dhanmondi, Dhaka.","Supply, Installation, Testing & Commissioning of 01 No 1000 KG Passenger Lift in 06(Six) storied apartment building at Plot No. 8/15, Sir Syed Road, Block-A, Mohammadpur, Dhaka (Building -3)","AWARDED_BIDDER","Concept Elevators & Engineering Ltd.","CONCEPT ELEVATORS ENGINEERING LTD","8725500.25","responsive","qualified","","not_applicable_won_the_contract","not_applicable","","","","Tender_1082896.pdf","1","Contract Value (Taka): 8725500.25; Name of Supplier/Contractor/Consultant: Concept Elevators & Engineering Ltd.","bid amount equals the awarded contract value as printed on the award notice"
"1082896","RAJUK","Construction of multi-storied apartment Buildings on 9(Nine) nos abandoned plot at Gulshan,Mohammadpur, Lalmatia & Dhanmondi, Dhaka.","Supply, Installation, Testing & Commissioning of 01 No 1000 KG Passenger Lift in 06(Six) storied apartment building at Plot No. 8/15, Sir Syed Road, Block-A, Mohammadpur, Dhaka (Building -3)","UNNAMED_REJECTED_BIDDERS_AGGREGATE","","","","non_responsive","not_qualified","","","","","","","Tender_1082896.pdf","1","Received: 3; Responsive: 2 (difference is the rejected count)","count is derived as received minus responsive; 1 bidder(s)"
"1083479","RAJUK","Office of the Superintending Engineer (Electrical)","03 (Three) Years Servicing & Maintenance of 2 Nos Lift in Banani Rajuk Officers Quarter.","AWARDED_BIDDER","DAFFODIL ELECTRIC COMPANY LIMITED","DAFFODIL ELECTRIC COMPANY LTD","403200.07","responsive","qualified","","not_applicable_won_the_contract","not_applicable","","","","Tender_1083479.pdf","1","Contract Value (Taka): 403200.07; Name of Supplier/Contractor/Consultant: DAFFODIL ELECTRIC COMPANY LIMITED","bid amount equals the awarded contract value as printed on the award notice"
"1083479","RAJUK","Office of the Superintending Engineer (Electrical)","03 (Three) Years Servicing & Maintenance of 2 Nos Lift in Banani Rajuk Officers Quarter.","UNNAMED_REJECTED_BIDDERS_AGGREGATE","","","","non_responsive","not_qualified","","","","","","","Tender_1083479.pdf","1","Received: 2; Responsive: 1 (difference is the rejected count)","count is derived as received minus responsive; 1 bidder(s)"
"1083760","RAJUK","Office of the Superintending Engineer (Electrical)","Supply & Installation of Computer, Printer, Scanner & UPS etc. in different Section of Rajuk.","AWARDED_BIDDER","Aliza Enterprise","ALIZA ENTERPRISE","10913500.00","responsive","qualified","","not_applicable_won_the_contract","not_applicable","","","","Tender_1083760.pdf","1","Contract Value (Taka): 10913500.00; Name of Supplier/Contractor/Consultant: Aliza Enterprise","bid amount equals the awarded contract value as printed on the award notice"
"1083760","RAJUK","Office of the Superintending Engineer (Electrical)","Supply & Installation of Computer, Printer, Scanner & UPS etc. in different Section of Rajuk.","UNNAMED_REJECTED_BIDDERS_AGGREGATE","","","","non_responsive","not_qualified","","","","","","","Tender_1083760.pdf","1","Received: 8; Responsive: 6 (difference is the rejected count)","count is derived as received minus responsive; 2 bidder(s)"
"1094618","RAJUK","Uttara Apartment Project","External Electrification of Swimming pool complex/Health Club (Sub-station, Generator, Solar Panel, CCTV System, Lightning Protection System etc.) at Uttara Apartment Project of Block-A, Sector-18, Uttara, Dhaka.","AWARDED_BIDDER","The United Construction Co.","THE UNITED CONSTRUCTION CO","54979773.63","responsive","qualified","","not_applicable_won_the_contract","not_applicable","","","","Tender_1094618.pdf","1","Contract Value (Taka): 54979773.63; Name of Supplier/Contractor/Consultant: The United Construction Co.","bid amount equals the awarded contract value as printed on the award notice"
"1096839","RAJUK","Director (Admin)","Supply of Different Stationery Items for Official Purpose of Rajuk.","AWARDED_BIDDER","Evergreen Printing press","EVERGREEN PRINTING PRESS","5486186.50","responsive","qualified","","not_applicable_won_the_contract","not_applicable","","","","Tender_1096839.pdf","1","Contract Value (Taka): 5486186.50; Name of Supplier/Contractor/Consultant: Evergreen Printing press","bid amount equals the awarded contract value as printed on the award notice"
"1096839","RAJUK","Director (Admin)","Supply of Different Stationery Items for Official Purpose of Rajuk.","UNNAMED_REJECTED_BIDDERS_AGGREGATE","","","","non_responsive","not_qualified","","","","","","","Tender_1096839.pdf","1","Received: 8; Responsive: 7 (difference is the rejected count)","count is derived as received minus responsive; 1 bidder(s)"
"1096909","RAJUK","Director (Admin)","Supply of Different Printing Items for Official Purpose of Rajuk.","AWARDED_BIDDER","ENOVA COMMUNICATIONS","ENOVA COMMUNICATIONS","2249250.00","responsive","qualified","","not_applicable_won_the_contract","not_applicable","","","","Tender_1096909.pdf","1","Contract Value (Taka): 2249250.00; Name of Supplier/Contractor/Consultant: ENOVA COMMUNICATIONS","bid amount equals the awarded contract value as printed on the award notice"
"1096909","RAJUK","Director (Admin)","Supply of Different Printing Items for Official Purpose of Rajuk.","UNNAMED_REJECTED_BIDDERS_AGGREGATE","","","","non_responsive","not_qualified","","","","","","","Tender_1096909.pdf","1","Received: 6; Responsive: 5 (difference is the rejected count)","count is derived as received minus responsive; 1 bidder(s)"
"1097226","RAJUK","Office of the Superintending Engineer (Electrical)","Supply And Installation Of CCTV Camera System For Different Section Of Rajuk & Malibagh Officers Quarter.","AWARDED_BIDDER","Aliza Enterprise","ALIZA ENTERPRISE","2232503.69","responsive","qualified","","not_applicable_won_the_contract","not_applicable","","","","Tender_1097226.pdf","1","Contract Value (Taka): 2232503.69; Name of Supplier/Contractor/Consultant: Aliza Enterprise","bid amount equals the awarded contract value as printed on the award notice"
"1097226","RAJUK","Office of the Superintending Engineer (Electrical)","Supply And Installation Of CCTV Camera System For Different Section Of Rajuk & Malibagh Officers Quarter.","DISCLOSED_BENEFICIAL_OWNER_OF_WINNER","Aliza Enterprise","ALIZA ENTERPRISE","","","","","","","SARKER MARUF AHAMAD","100.00","","Tender_1097226.pdf","1","Beneficial Ownership Information row: SARKER MARUF AHAMAD, 100.00%,","printed on the award notice under ITT 68.1 / Format e-PG3A-C"
"1097756","RAJUK","Office of the Superintending Engineer (Electrical)","Electrical work at Rajuk Zonal Office in BCIC Bhaban(Zone-7).","AWARDED_BIDDER","Aliza Enterprise","ALIZA ENTERPRISE","741990.60","responsive","qualified","","not_applicable_won_the_contract","not_applicable","","","","Tender_1097756.pdf","1","Contract Value (Taka): 741990.60; Name of Supplier/Contractor/Consultant: Aliza Enterprise","bid amount equals the awarded contract value as printed on the award notice"
"1097756","RAJUK","Office of the Superintending Engineer (Electrical)","Electrical work at Rajuk Zonal Office in BCIC Bhaban(Zone-7).","DISCLOSED_BENEFICIAL_OWNER_OF_WINNER","Aliza Enterprise","ALIZA ENTERPRISE","","","","","","","SARKER MARUF AHAMAD","100.00","","Tender_1097756.pdf","1","Beneficial Ownership Information row: SARKER MARUF AHAMAD, 100.00%,","printed on the award notice under ITT 68.1 / Format e-PG3A-C"
"1109365","RAJUK","Office of the Superintending Engineer (Mechanical)","Supply and fitting of Hydraulic Breaker for Wheel Excavator No-3 of RAJUK.","AWARDED_BIDDER","Sohel Engineering & Construction Ltd.","SOHEL ENGINEERING CONSTRUCTION LTD","4300000.00","responsive","qualified","","not_applicable_won_the_contract","not_applicable","","","","Tender_1109365.pdf","1","Contract Value (Taka): 4300000.00; Name of Supplier/Contractor/Consultant: Sohel Engineering & Construction Ltd.","bid amount equals the awarded contract value as printed on the award notice"
"1109365","RAJUK","Office of the Superintending Engineer (Mechanical)","Supply and fitting of Hydraulic Breaker for Wheel Excavator No-3 of RAJUK.","UNNAMED_REJECTED_BIDDERS_AGGREGATE","","","","non_responsive","not_qualified","","","","","","","Tender_1109365.pdf","1","Received: 4; Responsive: 2 (difference is the rejected count)","count is derived as received minus responsive; 2 bidder(s)"
"111480","RAJUK","Office of the Executive Engineer, LGED, Satkhira","Maintenance of Simulia Primary School Koborstan Sub-Register Gheer road at Ch 00-2437m under Debhata Upazila District Satkhira Road ID No. 287254012.","AWARDED_BIDDER","Md Rafiqul Islam.","MD RAFIQUL ISLAM","3560581.22","responsive","qualified","","not_applicable_won_the_contract","not_applicable","","","","Tender_111480.pdf","1","Contract Value (Taka): 3560581.22; Name of Supplier/Contractor/Consultant: Md Rafiqul Islam.","bid amount equals the awarded contract value as printed on the award notice"
"1117569","RAJUK","Construction of multi-storied apartment Buildings on 9(Nine) nos abandoned plot at Gulshan,Mohammadpur, Lalmatia & Dhanmondi, Dhaka.","Supply & Installation of 250 KVA Sub-Station, 60 KVA Generator & 6 KWp On-Grid Solar Panel in 06(Six) storied apartment building at Plot No.-8/15, Block-A, Sir Syed Road, Mohammadpur, Dhaka (Building -3)","AWARDED_BIDDER","KHAN BROTHERS ENERGY CONSORTIUM","KHAN BROTHERS ENERGY CONSORTIUM","8969879.46","responsive","qualified","","not_applicable_won_the_contract","not_applicable","","","","Tender_1117569.pdf","1","Contract Value (Taka): 8969879.46; Name of Supplier/Contractor/Consultant: KHAN BROTHERS ENERGY CONSORTIUM","bid amount equals the awarded contract value as printed on the award notice"
"1117569","RAJUK","Construction of multi-storied apartment Buildings on 9(Nine) nos abandoned plot at Gulshan,Mohammadpur, Lalmatia & Dhanmondi, Dhaka.","Supply & Installation of 250 KVA Sub-Station, 60 KVA Generator & 6 KWp On-Grid Solar Panel in 06(Six) storied apartment building at Plot No.-8/15, Block-A, Sir Syed Road, Mohammadpur, Dhaka (Building -3)","UNNAMED_REJECTED_BIDDERS_AGGREGATE","","","","non_responsive","not_qualified","","","","","","","Tender_1117569.pdf","1","Received: 5; Responsive: 3 (difference is the rejected count)","count is derived as received minus responsive; 2 bidder(s)"
"1123494","RAJUK","Superintending Engineer (Civil Circle-1)","Renovation works of RAJUK Annex Building (Driveway repair work in front of RAJUK Annex Building)","AWARDED_BIDDER","Aliza Enterprise","ALIZA ENTERPRISE","3048018.49","responsive","qualified","","not_applicable_won_the_contract","not_applicable","","","","Tender_1123494.pdf","1","Contract Value (Taka): 3048018.49; Name of Supplier/Contractor/Consultant: Aliza Enterprise","bid amount equals the awarded contract value as printed on the award notice"
"1123494","RAJUK","Superintending Engineer (Civil Circle-1)","Renovation works of RAJUK Annex Building (Driveway repair work in front of RAJUK Annex Building)","DISCLOSED_BENEFICIAL_OWNER_OF_WINNER","Aliza Enterprise","ALIZA ENTERPRISE","","","","","","","SARKER MARUF AHAMAD","100.00","","Tender_1123494.pdf","1","Beneficial Ownership Information row: SARKER MARUF AHAMAD, 100.00%,","printed on the award notice under ITT 68.1 / Format e-PG3A-C"
"1123494","RAJUK","Superintending Engineer (Civil Circle-1)","Renovation works of RAJUK Annex Building (Driveway repair work in front of RAJUK Annex Building)","UNNAMED_REJECTED_BIDDERS_AGGREGATE","","","","non_responsive","not_qualified","","","","","","","Tender_1123494.pdf","1","Received: 10; Responsive: 3 (difference is the rejected count)","count is derived as received minus responsive; 7 bidder(s)"
"113428","RAJUK","Office of the Chief Engineer (Implementation)","Providing Private security and cleaning service for site office at sector no-1 one of Purbachal New town Project.","AWARDED_BIDDER","GUARD FORCE SERVICES & HUMAN RESOURCE","GUARD FORCE SERVICES HUMAN RESOURCE","4581878.13","responsive","qualified","","not_applicable_won_the_contract","not_applicable","","","","Tender_113428.pdf","1","Contract Value (Taka): 4581878.13; Name of Supplier/Contractor/Consultant: GUARD FORCE SERVICES & HUMAN RESOURCE","bid amount equals the awarded contract value as printed on the award notice"
"113428","RAJUK","Office of the Chief Engineer (Implementation)","Providing Private security and cleaning service for site office at sector no-1 one of Purbachal New town Project.","UNNAMED_REJECTED_BIDDERS_AGGREGATE","","","","non_responsive","not_qualified","","","","","","","Tender_113428.pdf","1","Received: 2; Responsive: 1 (difference is the rejected count)","count is derived as received minus responsive; 1 bidder(s)"
"1134396","RAJUK","Office of the Superintending Engineer (Mechanical)","Procurement of 2(Two) Nos. Brand New Wheel Excavators for RAJUK.","AWARDED_BIDDER","Sohel Engineering & Construction Ltd.","SOHEL ENGINEERING CONSTRUCTION LTD","147100000.26","responsive","qualified","","not_applicable_won_the_contract","not_applicable","","","","Tender_1134396.pdf","1","Contract Value (Taka): 147100000.26; Name of Supplier/Contractor/Consultant: Sohel Engineering & Construction Ltd.","bid amount equals the awarded contract value as printed on the award notice"
"1134396","RAJUK","Office of the Superintending Engineer (Mechanical)","Procurement of 2(Two) Nos. Brand New Wheel Excavators for RAJUK.","DISCLOSED_BENEFICIAL_OWNER_OF_WINNER","Sohel Engineering & Construction Ltd.","SOHEL ENGINEERING CONSTRUCTION LTD","","","","","","","ABDUL AZIZ SHEIKH","70.00","BANGLADESH","Tender_1134396.pdf","1","Beneficial Ownership Information row: ABDUL AZIZ SHEIKH, 70.00%, BANGLADESH","printed on the award notice under ITT 68.1 / Format e-PG3A-C"
"1134396","RAJUK","Office of the Superintending Engineer (Mechanical)","Procurement of 2(Two) Nos. Brand New Wheel Excavators for RAJUK.","DISCLOSED_BENEFICIAL_OWNER_OF_WINNER","Sohel Engineering & Construction Ltd.","SOHEL ENGINEERING CONSTRUCTION LTD","","","","","","","MRS. SHEULY AZIZ","10.00","BANGLADESH","Tender_1134396.pdf","1","Beneficial Ownership Information row: MRS. SHEULY AZIZ, 10.00%, BANGLADESH","printed on the award notice under ITT 68.1 / Format e-PG3A-C"
"1134396","RAJUK","Office of the Superintending Engineer (Mechanical)","Procurement of 2(Two) Nos. Brand New Wheel Excavators for RAJUK.","DISCLOSED_BENEFICIAL_OWNER_OF_WINNER","Sohel Engineering & Construction Ltd.","SOHEL ENGINEERING CONSTRUCTION LTD","","","","","","","ANAMUL HAQUE SOHEL","10.00","BANGLADESH","Tender_1134396.pdf","1","Beneficial Ownership Information row: ANAMUL HAQUE SOHEL, 10.00%, BANGLADESH","printed on the award notice under ITT 68.1 / Format e-PG3A-C"
"1134396","RAJUK","Office of the Superintending Engineer (Mechanical)","Procurement of 2(Two) Nos. Brand New Wheel Excavators for RAJUK.","DISCLOSED_BENEFICIAL_OWNER_OF_WINNER","Sohel Engineering & Construction Ltd.","SOHEL ENGINEERING CONSTRUCTION LTD","","","","","","","MD. ASHRAFUL ALAM","10.00","BANGLADESH","Tender_1134396.pdf","1","Beneficial Ownership Information row: MD. ASHRAFUL ALAM, 10.00%, BANGLADESH","printed on the award notice under ITT 68.1 / Format e-PG3A-C"
"1134396","RAJUK","Office of the Superintending Engineer (Mechanical)","Procurement of 2(Two) Nos. Brand New Wheel Excavators for RAJUK.","UNNAMED_REJECTED_BIDDERS_AGGREGATE","","","","non_responsive","not_qualified","","","","","","","Tender_1134396.pdf","1","Received: 6; Responsive: 1 (difference is the rejected count)","count is derived as received minus responsive; 5 bidder(s)"
"1135936","RAJUK","Office of the Superintending Engineer (Electrical)","Supply, Installation, Testing, Commissioning & Operation of Intelligent Entrance Access Control (Flap Barrier) System at Rajuk Bhaban.","AWARDED_BIDDER","TECHNO SOLUTION","TECHNO SOLUTION","4522500.00","responsive","qualified","","not_applicable_won_the_contract","not_applicable","","","","Tender_1135936.pdf","1","Contract Value (Taka): 4522500.00; Name of Supplier/Contractor/Consultant: TECHNO SOLUTION","bid amount equals the awarded contract value as printed on the award notice"
"1135936","RAJUK","Office of the Superintending Engineer (Electrical)","Supply, Installation, Testing, Commissioning & Operation of Intelligent Entrance Access Control (Flap Barrier) System at Rajuk Bhaban.","UNNAMED_REJECTED_BIDDERS_AGGREGATE","","","","non_responsive","not_qualified","","","","","","","Tender_1135936.pdf","1","Received: 8; Responsive: 3 (difference is the rejected count)","count is derived as received minus responsive; 5 bidder(s)"
"1138415","RAJUK","Construction of multi-storied apartment Buildings on 9(Nine) nos abandoned plot at Gulshan,Mohammadpur, Lalmatia & Dhanmondi, Dhaka.","Arboriculture & landscaping work at Plot No- CWN(B)-8, Road No - 35, Gulshan, Dhaka (Building-01)","AWARDED_BIDDER","M/S MEHNUR TRADERS","MEHNUR TRADERS","1461741.58","responsive","qualified","","not_applicable_won_the_contract","not_applicable","","","","Tender_1138415.pdf","1","Contract Value (Taka): 1461741.58; Name of Supplier/Contractor/Consultant: M/S MEHNUR TRADERS","bid amount equals the awarded contract value as printed on the award notice"
"1138415","RAJUK","Construction of multi-storied apartment Buildings on 9(Nine) nos abandoned plot at Gulshan,Mohammadpur, Lalmatia & Dhanmondi, Dhaka.","Arboriculture & landscaping work at Plot No- CWN(B)-8, Road No - 35, Gulshan, Dhaka (Building-01)","DISCLOSED_BENEFICIAL_OWNER_OF_WINNER","M/S MEHNUR TRADERS","MEHNUR TRADERS","","","","","","","Md. Laltu Mia                                 Proprietor","100.00","","Tender_1138415.pdf","1","Beneficial Ownership Information row: Md. Laltu Mia                                 Proprietor, 100.00%,","printed on the award notice under ITT 68.1 / Format e-PG3A-C"
"1140010","RAJUK","Office of the Superintending Engineer (Mechanical)","Physical Service and works for the lake management of Removal garbage & other solid waste from 06 different section areas of lake & shore of Hatirjheel Project, RAJUK.","AWARDED_BIDDER","M/S. Mehezabin Enterprise","MEHEZABIN ENTERPRISE","4470752.70","responsive","qualified","","not_applicable_won_the_contract","not_applicable","","","","Tender_1140010.pdf","1","Contract Value (Taka): 4470752.70; Name of Supplier/Contractor/Consultant: M/S. Mehezabin Enterprise","bid amount equals the awarded contract value as printed on the award notice"
"1140011","RAJUK","Office of the Superintending Engineer (Mechanical)","Repairing, supplying, and installing essential components for the operation of 07 no's mechanical screens at SSDS-1, 2, 3, and 10 (Sonargaon, Maghbazar, Madhubag, and Niketon) within the lake management area of the Hatirjheel integrated development p","AWARDED_BIDDER","M/S. Mehezabin Enterprise","MEHEZABIN ENTERPRISE","2543126.40","responsive","qualified","","not_applicable_won_the_contract","not_applicable","","","","Tender_1140011.pdf","1","Contract Value (Taka): 2543126.40; Name of Supplier/Contractor/Consultant: M/S. Mehezabin Enterprise","bid amount equals the awarded contract value as printed on the award notice"
"1140011","RAJUK","Office of the Superintending Engineer (Mechanical)","Repairing, supplying, and installing essential components for the operation of 07 no's mechanical screens at SSDS-1, 2, 3, and 10 (Sonargaon, Maghbazar, Madhubag, and Niketon) within the lake management area of the Hatirjheel integrated development p","UNNAMED_REJECTED_BIDDERS_AGGREGATE","","","","non_responsive","not_qualified","","","","","","","Tender_1140011.pdf","1","Received: 3; Responsive: 1 (difference is the rejected count)","count is derived as received minus responsive; 2 bidder(s)"
"1146506","RAJUK","Office of the Superintending Engineer (Electrical)","01 (One) Year Servicing & Maintenance of Existing Air-Cooler at Rajuk Main Bhaban, Annex Bhaban & Zonal / Site Office.","AWARDED_BIDDER","M/S Sunny Construction","SUNNY CONSTRUCTION","3001426.20","responsive","qualified","","not_applicable_won_the_contract","not_applicable","","","","Tender_1146506.pdf","1","Contract Value (Taka): 3001426.20; Name of Supplier/Contractor/Consultant: M/S Sunny Construction","bid amount equals the awarded contract value as printed on the award notice"
"1146506","RAJUK","Office of the Superintending Engineer (Electrical)","01 (One) Year Servicing & Maintenance of Existing Air-Cooler at Rajuk Main Bhaban, Annex Bhaban & Zonal / Site Office.","UNNAMED_REJECTED_BIDDERS_AGGREGATE","","","","non_responsive","not_qualified","","","","","","","Tender_1146506.pdf","1","Received: 2; Responsive: 1 (difference is the rejected count)","count is derived as received minus responsive; 1 bidder(s)"
"1146509","RAJUK","Office of the Superintending Engineer (Electrical)","Supply & Installation of 10 KVA Online UPS, 32A STS at MIS Data Center of Rajuk and Maintenance of Existing 10 KVA UPS.","AWARDED_BIDDER","Optimal Technology (Pvt. ) Ltd.","OPTIMAL TECHNOLOGY LTD","1310184.00","responsive","qualified","","not_applicable_won_the_contract","not_applicable","","","","Tender_1146509.pdf","1","Contract Value (Taka): 1310184.00; Name of Supplier/Contractor/Consultant: Optimal Technology (Pvt. ) Ltd.","bid amount equals the awarded contract value as printed on the award notice"
"1146509","RAJUK","Office of the Superintending Engineer (Electrical)","Supply & Installation of 10 KVA Online UPS, 32A STS at MIS Data Center of Rajuk and Maintenance of Existing 10 KVA UPS.","DISCLOSED_BENEFICIAL_OWNER_OF_WINNER","Optimal Technology (Pvt. ) Ltd.","OPTIMAL TECHNOLOGY LTD","","","","","","","Md. Abu Sayed","15.39","Bangladesh","Tender_1146509.pdf","2","Beneficial Ownership Information row: Md. Abu Sayed, 15.39%, Bangladesh","printed on the award notice under ITT 68.1 / Format e-PG3A-C"
"1146509","RAJUK","Office of the Superintending Engineer (Electrical)","Supply & Installation of 10 KVA Online UPS, 32A STS at MIS Data Center of Rajuk and Maintenance of Existing 10 KVA UPS.","DISCLOSED_BENEFICIAL_OWNER_OF_WINNER","Optimal Technology (Pvt. ) Ltd.","OPTIMAL TECHNOLOGY LTD","","","","","","","Abdul Malek Shikder","15.39","Bangladesh","Tender_1146509.pdf","2","Beneficial Ownership Information row: Abdul Malek Shikder, 15.39%, Bangladesh","printed on the award notice under ITT 68.1 / Format e-PG3A-C"
"1146509","RAJUK","Office of the Superintending Engineer (Electrical)","Supply & Installation of 10 KVA Online UPS, 32A STS at MIS Data Center of Rajuk and Maintenance of Existing 10 KVA UPS.","DISCLOSED_BENEFICIAL_OWNER_OF_WINNER","Optimal Technology (Pvt. ) Ltd.","OPTIMAL TECHNOLOGY LTD","","","","","","","Md. Atiqur Rhaman","15.39","Bangladesh","Tender_1146509.pdf","2","Beneficial Ownership Information row: Md. Atiqur Rhaman, 15.39%, Bangladesh","printed on the award notice under ITT 68.1 / Format e-PG3A-C"
"1146509","RAJUK","Office of the Superintending Engineer (Electrical)","Supply & Installation of 10 KVA Online UPS, 32A STS at MIS Data Center of Rajuk and Maintenance of Existing 10 KVA UPS.","DISCLOSED_BENEFICIAL_OWNER_OF_WINNER","Optimal Technology (Pvt. ) Ltd.","OPTIMAL TECHNOLOGY LTD","","","","","","","Md. Alam Hossain","15.39","Bangladesh","Tender_1146509.pdf","2","Beneficial Ownership Information row: Md. Alam Hossain, 15.39%, Bangladesh","printed on the award notice under ITT 68.1 / Format e-PG3A-C"
"1146509","RAJUK","Office of the Superintending Engineer (Electrical)","Supply & Installation of 10 KVA Online UPS, 32A STS at MIS Data Center of Rajuk and Maintenance of Existing 10 KVA UPS.","DISCLOSED_BENEFICIAL_OWNER_OF_WINNER","Optimal Technology (Pvt. ) Ltd.","OPTIMAL TECHNOLOGY LTD","","","","","","","Md. Ashraful Siddique (Mamim)","15.39","Bangladesh","Tender_1146509.pdf","2","Beneficial Ownership Information row: Md. Ashraful Siddique (Mamim), 15.39%, Bangladesh","printed on the award notice under ITT 68.1 / Format e-PG3A-C"
"1146509","RAJUK","Office of the Superintending Engineer (Electrical)","Supply & Installation of 10 KVA Online UPS, 32A STS at MIS Data Center of Rajuk and Maintenance of Existing 10 KVA UPS.","DISCLOSED_BENEFICIAL_OWNER_OF_WINNER","Optimal Technology (Pvt. ) Ltd.","OPTIMAL TECHNOLOGY LTD","","","","","","","Md. Jaynul Hassan","15.39","Bangladesh","Tender_1146509.pdf","2","Beneficial Ownership Information row: Md. Jaynul Hassan, 15.39%, Bangladesh","printed on the award notice under ITT 68.1 / Format e-PG3A-C"
"1146509","RAJUK","Office of the Superintending Engineer (Electrical)","Supply & Installation of 10 KVA Online UPS, 32A STS at MIS Data Center of Rajuk and Maintenance of Existing 10 KVA UPS.","UNNAMED_REJECTED_BIDDERS_AGGREGATE","","","","non_responsive","not_qualified","","","","","","","Tender_1146509.pdf","1","Received: 3; Responsive: 2 (difference is the rejected count)","count is derived as received minus responsive; 1 bidder(s)"
"1146510","RAJUK","Office of the Superintending Engineer (Electrical)","Supply and Installation of 1U Rack Server for MIS Data Center at Rajuk.","AWARDED_BIDDER","Aliza Enterprise","ALIZA ENTERPRISE","1300761.00","responsive","qualified","","not_applicable_won_the_contract","not_applicable","","","","Tender_1146510.pdf","1","Contract Value (Taka): 1300761.00; Name of Supplier/Contractor/Consultant: Aliza Enterprise","bid amount equals the awarded contract value as printed on the award notice"
"1146510","RAJUK","Office of the Superintending Engineer (Electrical)","Supply and Installation of 1U Rack Server for MIS Data Center at Rajuk.","DISCLOSED_BENEFICIAL_OWNER_OF_WINNER","Aliza Enterprise","ALIZA ENTERPRISE","","","","","","","SARKER MARUF AHAMAD","100.00","","Tender_1146510.pdf","1","Beneficial Ownership Information row: SARKER MARUF AHAMAD, 100.00%,","printed on the award notice under ITT 68.1 / Format e-PG3A-C"
"1146510","RAJUK","Office of the Superintending Engineer (Electrical)","Supply and Installation of 1U Rack Server for MIS Data Center at Rajuk.","UNNAMED_REJECTED_BIDDERS_AGGREGATE","","","","non_responsive","not_qualified","","","","","","","Tender_1146510.pdf","1","Received: 3; Responsive: 2 (difference is the rejected count)","count is derived as received minus responsive; 1 bidder(s)"
"1146511","RAJUK","Office of the Superintending Engineer (Electrical)","03 (Three) Years Servicing & Maintenance of Photocopy Machine at Rajuk.","AWARDED_BIDDER","Aliza Enterprise","ALIZA ENTERPRISE","1121947.20","responsive","qualified","","not_applicable_won_the_contract","not_applicable","","","","Tender_1146511.pdf","1","Contract Value (Taka): 1121947.20; Name of Supplier/Contractor/Consultant: Aliza Enterprise","bid amount equals the awarded contract value as printed on the award notice"
"1146511","RAJUK","Office of the Superintending Engineer (Electrical)","03 (Three) Years Servicing & Maintenance of Photocopy Machine at Rajuk.","DISCLOSED_BENEFICIAL_OWNER_OF_WINNER","Aliza Enterprise","ALIZA ENTERPRISE","","","","","","","SARKER MARUF AHAMAD","100.00","","Tender_1146511.pdf","1","Beneficial Ownership Information row: SARKER MARUF AHAMAD, 100.00%,","printed on the award notice under ITT 68.1 / Format e-PG3A-C"
"1146511","RAJUK","Office of the Superintending Engineer (Electrical)","03 (Three) Years Servicing & Maintenance of Photocopy Machine at Rajuk.","UNNAMED_REJECTED_BIDDERS_AGGREGATE","","","","non_responsive","not_qualified","","","","","","","Tender_1146511.pdf","1","Received: 2; Responsive: 1 (difference is the rejected count)","count is derived as received minus responsive; 1 bidder(s)"
"1147755","RAJUK","Office of the Superintending Engineer (Electrical)","Providing, Fitting & Fixing of Single Phase Meter With Electrical works of 84 Nos. Flat in Building No-12/B (Tista-1) at Uttara Apartment Project (Block-A, Sector No-18).","AWARDED_BIDDER","M/S Sunny Construction","SUNNY CONSTRUCTION","1908396.00","responsive","qualified","","not_applicable_won_the_contract","not_applicable","","","","Tender_1147755.pdf","1","Contract Value (Taka): 1908396.00; Name of Supplier/Contractor/Consultant: M/S Sunny Construction","bid amount equals the awarded contract value as printed on the award notice"
"1173557","RAJUK","Construction of multi-storied apartment Buildings on 9(Nine) nos abandoned plot at Gulshan,Mohammadpur, Lalmatia & Dhanmondi, Dhaka.","Providing manpower (Draftsman, Security Guard and MLSS) by outsourcing method for Nine Apartment Building Project, RAJUK, Dhaka.","AWARDED_BIDDER","M/S. Alam & Co.","ALAM CO","1618997.68","responsive","qualified","","not_applicable_won_the_contract","not_applicable","","","","Tender_1173557.pdf","1","Contract Value (Taka): 1618997.68; Name of Supplier/Contractor/Consultant: M/S. Alam & Co.","bid amount equals the awarded contract value as printed on the award notice"
"1173557","RAJUK","Construction of multi-storied apartment Buildings on 9(Nine) nos abandoned plot at Gulshan,Mohammadpur, Lalmatia & Dhanmondi, Dhaka.","Providing manpower (Draftsman, Security Guard and MLSS) by outsourcing method for Nine Apartment Building Project, RAJUK, Dhaka.","DISCLOSED_BENEFICIAL_OWNER_OF_WINNER","M/S. Alam & Co.","ALAM CO","","","","","","","MD SHAH ALAM","100.00","","Tender_1173557.pdf","1","Beneficial Ownership Information row: MD SHAH ALAM, 100.00%,","printed on the award notice under ITT 68.1 / Format e-PG3A-C"
"1186178","RAJUK","Office of the Superintending Engineer (Electrical)","Supply & Installation of walk way LED Light at RAJUK Hatirjheel Integrated Project Area (Package-1).","AWARDED_BIDDER","M/S. Sharif & Sons","SHARIF SONS","8843877.00","responsive","qualified","","not_applicable_won_the_contract","not_applicable","","","","Tender_1186178.pdf","1","Contract Value (Taka): 8843877.00; Name of Supplier/Contractor/Consultant: M/S. Sharif & Sons","bid amount equals the awarded contract value as printed on the award notice"
"1186178","RAJUK","Office of the Superintending Engineer (Electrical)","Supply & Installation of walk way LED Light at RAJUK Hatirjheel Integrated Project Area (Package-1).","DISCLOSED_BENEFICIAL_OWNER_OF_WINNER","M/S. Sharif & Sons","SHARIF SONS","","","","","","","Moniruzzaman Sharif","100.00","","Tender_1186178.pdf","1","Beneficial Ownership Information row: Moniruzzaman Sharif, 100.00%,","printed on the award notice under ITT 68.1 / Format e-PG3A-C"
"1186179","RAJUK","Office of the Superintending Engineer (Electrical)","Supply & Installation of walk way LED Light at RAJUK Hatirjheel Integrated Project Area (Package-2).","AWARDED_BIDDER","T.S Enterprise","T S ENTERPRISE","6488006.32","responsive","qualified","","not_applicable_won_the_contract","not_applicable","","","","Tender_1186179.pdf","1","Contract Value (Taka): 6488006.32; Name of Supplier/Contractor/Consultant: T.S Enterprise","bid amount equals the awarded contract value as printed on the award notice"
"1186179","RAJUK","Office of the Superintending Engineer (Electrical)","Supply & Installation of walk way LED Light at RAJUK Hatirjheel Integrated Project Area (Package-2).","DISCLOSED_BENEFICIAL_OWNER_OF_WINNER","T.S Enterprise","T S ENTERPRISE","","","","","","","Mahabobul Islam","100.00","","Tender_1186179.pdf","1","Beneficial Ownership Information row: Mahabobul Islam, 100.00%,","printed on the award notice under ITT 68.1 / Format e-PG3A-C"
"1189629","RAJUK","Office of the Superintending Engineer (Electrical)","Supply & Installation of CCTV Camera System Chief Engineer (P&D), Director (Audit) , Deputy Director (Admin-1) and Electrical Division at Rajuk.","AWARDED_BIDDER","T.S Enterprise","T S ENTERPRISE","1147531.00","responsive","qualified","","not_applicable_won_the_contract","not_applicable","","","","Tender_1189629.pdf","1","Contract Value (Taka): 1147531.00; Name of Supplier/Contractor/Consultant: T.S Enterprise","bid amount equals the awarded contract value as printed on the award notice"
"1189629","RAJUK","Office of the Superintending Engineer (Electrical)","Supply & Installation of CCTV Camera System Chief Engineer (P&D), Director (Audit) , Deputy Director (Admin-1) and Electrical Division at Rajuk.","DISCLOSED_BENEFICIAL_OWNER_OF_WINNER","T.S Enterprise","T S ENTERPRISE","","","","","","","Mahabobul Islam","100.00","","Tender_1189629.pdf","1","Beneficial Ownership Information row: Mahabobul Islam, 100.00%,","printed on the award notice under ITT 68.1 / Format e-PG3A-C"
"119326","RAJUK","Office of the Chief Engineer (Implementation)","Remaining sand/earth filling with palisading work of group no 14 & 15 in sector-17 Uttara RMT 3rd phase Project.","AWARDED_BIDDER","NIAZ-NOONA-KTA JV","NIAZ NOONA KTA JV","135895849.38","responsive","qualified","","not_applicable_won_the_contract","not_applicable","","","","Tender_119326.pdf","1","Contract Value (Taka): 135895849.38; Name of Supplier/Contractor/Consultant: NIAZ-NOONA-KTA JV ( JVCA Partners [Business Share]: KHOKAN TRADING AGENCY [0.000%] , Noona Traders [0.000%] , M/S. Niaz Traders [0.000%] )","bid amount equals the awarded contract value as printed on the award notice"
"119326","RAJUK","Office of the Chief Engineer (Implementation)","Remaining sand/earth filling with palisading work of group no 14 & 15 in sector-17 Uttara RMT 3rd phase Project.","JV_PARTNER_OF_WINNER","KHOKAN TRADING AGENCY","KHOKAN TRADING AGENCY","","responsive_as_part_of_the_winning_joint_venture","qualified_as_part_of_the_joint_venture","","","","","NOT_PUBLISHED_PRINTED_AS_0.000","","Tender_119326.pdf","1","JVCA Partners [Business Share]: KHOKAN TRADING AGENCY [0.000%]","the portal printed a 0.000% share, so no value is attributed"
"119326","RAJUK","Office of the Chief Engineer (Implementation)","Remaining sand/earth filling with palisading work of group no 14 & 15 in sector-17 Uttara RMT 3rd phase Project.","JV_PARTNER_OF_WINNER","Noona Traders","NOONA TRADERS","","responsive_as_part_of_the_winning_joint_venture","qualified_as_part_of_the_joint_venture","","","","","NOT_PUBLISHED_PRINTED_AS_0.000","","Tender_119326.pdf","1","JVCA Partners [Business Share]: Noona Traders [0.000%]","the portal printed a 0.000% share, so no value is attributed"
"119326","RAJUK","Office of the Chief Engineer (Implementation)","Remaining sand/earth filling with palisading work of group no 14 & 15 in sector-17 Uttara RMT 3rd phase Project.","JV_PARTNER_OF_WINNER","M/S. Niaz Traders","NIAZ TRADERS","","responsive_as_part_of_the_winning_joint_venture","qualified_as_part_of_the_joint_venture","","","","","NOT_PUBLISHED_PRINTED_AS_0.000","","Tender_119326.pdf","1","JVCA Partners [Business Share]: M/S. Niaz Traders [0.000%]","the portal printed a 0.000% share, so no value is attributed"
"119326","RAJUK","Office of the Chief Engineer (Implementation)","Remaining sand/earth filling with palisading work of group no 14 & 15 in sector-17 Uttara RMT 3rd phase Project.","UNNAMED_REJECTED_BIDDERS_AGGREGATE","","","","non_responsive","not_qualified","","","","","","","Tender_119326.pdf","1","Received: 3; Responsive: 2 (difference is the rejected count)","count is derived as received minus responsive; 1 bidder(s)"
"119545","RAJUK","Office of the Chief Engineer (Implementation)","Engaging security guard gardener and providing cleaning service for site office of Uttara Residential Model Town 3rd Phase Project.","AWARDED_BIDDER","M/S. A. R. Enterprise","A R ENTERPRISE","2237776.42","responsive","qualified","","not_applicable_won_the_contract","not_applicable","","","","Tender_119545.pdf","1","Contract Value (Taka): 2237776.42; Name of Supplier/Contractor/Consultant: M/S. A. R. Enterprise","bid amount equals the awarded contract value as printed on the award notice"
"119545","RAJUK","Office of the Chief Engineer (Implementation)","Engaging security guard gardener and providing cleaning service for site office of Uttara Residential Model Town 3rd Phase Project.","UNNAMED_REJECTED_BIDDERS_AGGREGATE","","","","non_responsive","not_qualified","","","","","","","Tender_119545.pdf","1","Received: 3; Responsive: 1 (difference is the rejected count)","count is derived as received minus responsive; 2 bidder(s)"
"119636","RAJUK","office of the Chief Engineer ( Project & Design)","2 Two years Servicing & Maintenance of Existing Air Cooler at RAJUK Main & Annex Bhaban.","AWARDED_BIDDER","Chanderima Refrigeration","CHANDERIMA REFRIGERATION","1380218.40","responsive","qualified","","not_applicable_won_the_contract","not_applicable","","","","Tender_119636.pdf","1","Contract Value (Taka): 1380218.40; Name of Supplier/Contractor/Consultant: Chanderima Refrigeration","bid amount equals the awarded contract value as printed on the award notice"
"119636","RAJUK","office of the Chief Engineer ( Project & Design)","2 Two years Servicing & Maintenance of Existing Air Cooler at RAJUK Main & Annex Bhaban.","UNNAMED_REJECTED_BIDDERS_AGGREGATE","","","","non_responsive","not_qualified","","","","","","","Tender_119636.pdf","1","Received: 2; Responsive: 1 (difference is the rejected count)","count is derived as received minus responsive; 1 bidder(s)"
"1205116","RAJUK","Office of the Superintending Engineer (Mechanical)","Regarding the supply and installation of furniture for various departments of RAJUK.","AWARDED_BIDDER","Furniture Concept & Interior Ltd.","FURNITURE CONCEPT INTERIOR LTD","3600650.00","responsive","qualified","","not_applicable_won_the_contract","not_applicable","","","","Tender_1205116.pdf","1","Contract Value (Taka): 3600650.00; Name of Supplier/Contractor/Consultant: Furniture Concept & Interior Ltd.","bid amount equals the awarded contract value as printed on the award notice"
"1205116","RAJUK","Office of the Superintending Engineer (Mechanical)","Regarding the supply and installation of furniture for various departments of RAJUK.","DISCLOSED_BENEFICIAL_OWNER_OF_WINNER","Furniture Concept & Interior Ltd.","FURNITURE CONCEPT INTERIOR LTD","","","","","","","Mehedi Hasan                                   Chairman","20.00","Bangladesh","Tender_1205116.pdf","1","Beneficial Ownership Information row: Mehedi Hasan                                   Chairman, 20.00%, Bangladesh","printed on the award notice under ITT 68.1 / Format e-PG3A-C"
"1205116","RAJUK","Office of the Superintending Engineer (Mechanical)","Regarding the supply and installation of furniture for various departments of RAJUK.","DISCLOSED_BENEFICIAL_OWNER_OF_WINNER","Furniture Concept & Interior Ltd.","FURNITURE CONCEPT INTERIOR LTD","","","","","","","Md. Jems Uddin Joni                            Managing Director","80.00","Bangladesh","Tender_1205116.pdf","1","Beneficial Ownership Information row: Md. Jems Uddin Joni                            Managing Director, 80.00%, Bangladesh","printed on the award notice under ITT 68.1 / Format e-PG3A-C"
"1205153","RAJUK","Office of the Superintending Engineer (Electrical)","01 (One) Year Servicing & Maintenance of Existing Computer at Rajuk Main Bhaban, Annex Bhaban & Zonal Office.","AWARDED_BIDDER","M/S. Bangladesh Computer Land","BANGLADESH COMPUTER LAND","675000.00","responsive","qualified","","not_applicable_won_the_contract","not_applicable","","","","Tender_1205153.pdf","1","Contract Value (Taka): 675000.00; Name of Supplier/Contractor/Consultant: M/S. Bangladesh Computer Land","bid amount equals the awarded contract value as printed on the award notice"
"1205153","RAJUK","Office of the Superintending Engineer (Electrical)","01 (One) Year Servicing & Maintenance of Existing Computer at Rajuk Main Bhaban, Annex Bhaban & Zonal Office.","DISCLOSED_BENEFICIAL_OWNER_OF_WINNER","M/S. Bangladesh Computer Land","BANGLADESH COMPUTER LAND","","","","","","","Md Saiful Islam                              Proprietor","100.00","Bangladesh","Tender_1205153.pdf","1","Beneficial Ownership Information row: Md Saiful Islam                              Proprietor, 100.00%, Bangladesh","printed on the award notice under ITT 68.1 / Format e-PG3A-C"
"1205154","RAJUK","Office of the Superintending Engineer (Electrical)","3 (Three) Years Servicing & Maintenance of 02 Nos Passenger Lift at Rajuk Main Building.","AWARDED_BIDDER","MAAN BANGLADESH LTD.","MAAN BANGLADESH LTD","405716.09","responsive","qualified","","not_applicable_won_the_contract","not_applicable","","","","Tender_1205154.pdf","1","Contract Value (Taka): 405716.09; Name of Supplier/Contractor/Consultant: MAAN BANGLADESH LTD.","bid amount equals the awarded contract value as printed on the award notice"
"1205154","RAJUK","Office of the Superintending Engineer (Electrical)","3 (Three) Years Servicing & Maintenance of 02 Nos Passenger Lift at Rajuk Main Building.","DISCLOSED_BENEFICIAL_OWNER_OF_WINNER","MAAN BANGLADESH LTD.","MAAN BANGLADESH LTD","","","","","","","Mohammed Moinuddin                          Managing Director","100.00","Bangladesh","Tender_1205154.pdf","1","Beneficial Ownership Information row: Mohammed Moinuddin                          Managing Director, 100.00%, Bangladesh","printed on the award notice under ITT 68.1 / Format e-PG3A-C"
"1205157","RAJUK","Office of the Superintending Engineer (Electrical)","Supply of Printer and Photocopy Machine Toner/ Cartridge for Various Offices in Rajuk.","AWARDED_BIDDER","Hazi Traders","HAZI TRADERS","5177345.00","responsive","qualified","","not_applicable_won_the_contract","not_applicable","","","","Tender_1205157.pdf","1","Contract Value (Taka): 5177345.00; Name of Supplier/Contractor/Consultant: Hazi Traders","bid amount equals the awarded contract value as printed on the award notice"
"1205157","RAJUK","Office of the Superintending Engineer (Electrical)","Supply of Printer and Photocopy Machine Toner/ Cartridge for Various Offices in Rajuk.","DISCLOSED_BENEFICIAL_OWNER_OF_WINNER","Hazi Traders","HAZI TRADERS","","","","","","","MD SOFIQUL ISLAM","100.00","","Tender_1205157.pdf","1","Beneficial Ownership Information row: MD SOFIQUL ISLAM, 100.00%,","printed on the award notice under ITT 68.1 / Format e-PG3A-C"
"1205162","RAJUK","Office of the Superintending Engineer (Electrical)","Electrical Renovation Work of Security Light in Rajuk Bhaban Boundary Wall.","AWARDED_BIDDER","T.S Enterprise","T S ENTERPRISE","491181.25","responsive","qualified","","not_applicable_won_the_contract","not_applicable","","","","Tender_1205162.pdf","1","Contract Value (Taka): 491181.25; Name of Supplier/Contractor/Consultant: T.S Enterprise","bid amount equals the awarded contract value as printed on the award notice"
"1205162","RAJUK","Office of the Superintending Engineer (Electrical)","Electrical Renovation Work of Security Light in Rajuk Bhaban Boundary Wall.","DISCLOSED_BENEFICIAL_OWNER_OF_WINNER","T.S Enterprise","T S ENTERPRISE","","","","","","","Mahabobul Islam","100.00","","Tender_1205162.pdf","1","Beneficial Ownership Information row: Mahabobul Islam, 100.00%,","printed on the award notice under ITT 68.1 / Format e-PG3A-C"
"1207634","RAJUK","Development of Residential and commercial Infrastructure at Jhilmil Residential Project Area","Supply and installation of LED Solar Street Light in Jhilmil Residential Project (Package-5, Lot-2) [ Sector-04: Road-1 to 20 and Lake Drive Road)].","AWARDED_BIDDER","SUNTECH ENERGY LTD.","SUNTECH ENERGY LTD","42387663.93","responsive","qualified","","not_applicable_won_the_contract","not_applicable","","","","Tender_1207634.pdf","1","Contract Value (Taka): 42387663.93; Name of Supplier/Contractor/Consultant: SUNTECH ENERGY LTD.","bid amount equals the awarded contract value as printed on the award notice"
"1207634","RAJUK","Development of Residential and commercial Infrastructure at Jhilmil Residential Project Area","Supply and installation of LED Solar Street Light in Jhilmil Residential Project (Package-5, Lot-2) [ Sector-04: Road-1 to 20 and Lake Drive Road)].","DISCLOSED_BENEFICIAL_OWNER_OF_WINNER","SUNTECH ENERGY LTD.","SUNTECH ENERGY LTD","","","","","","","ASM Raisul Hasan Shoaib                       Managing Director","100.00","Bangladesh","Tender_1207634.pdf","1","Beneficial Ownership Information row: ASM Raisul Hasan Shoaib                       Managing Director, 100.00%, Bangladesh","printed on the award notice under ITT 68.1 / Format e-PG3A-C"
"1207635","RAJUK","Development of Residential and commercial Infrastructure at Jhilmil Residential Project Area","Supply and installation of LED Solar Street Light in Jhilmil Residential Project (Package-5, Lot-3) [Sector-05: Road- 1,2,3,4,4A,4B, and Sector-6: Road-1,2,2A,2B,3,4A,4B,5,6,7].","AWARDED_BIDDER","SUNTECH ENERGY LTD.","SUNTECH ENERGY LTD","39054818.19","responsive","qualified","","not_applicable_won_the_contract","not_applicable","","","","Tender_1207635.pdf","1","Contract Value (Taka): 39054818.19; Name of Supplier/Contractor/Consultant: SUNTECH ENERGY LTD.","bid amount equals the awarded contract value as printed on the award notice"
"1207635","RAJUK","Development of Residential and commercial Infrastructure at Jhilmil Residential Project Area","Supply and installation of LED Solar Street Light in Jhilmil Residential Project (Package-5, Lot-3) [Sector-05: Road- 1,2,3,4,4A,4B, and Sector-6: Road-1,2,2A,2B,3,4A,4B,5,6,7].","DISCLOSED_BENEFICIAL_OWNER_OF_WINNER","SUNTECH ENERGY LTD.","SUNTECH ENERGY LTD","","","","","","","ASM Raisul Hasan Shoaib                      Managing Director","100.00","Bangladesh","Tender_1207635.pdf","1","Beneficial Ownership Information row: ASM Raisul Hasan Shoaib                      Managing Director, 100.00%, Bangladesh","printed on the award notice under ITT 68.1 / Format e-PG3A-C"
"1207636","RAJUK","Development of Residential and commercial Infrastructure at Jhilmil Residential Project Area","Supply and installation of LED Solar Street Light in Jhilmil Residential Project (Package-5, Lot-5) [ Sector-02: Road- 2 to 26].","AWARDED_BIDDER","HTMS Limited","HTMS LTD","41493488.30","responsive","qualified","","not_applicable_won_the_contract","not_applicable","","","","Tender_1207636.pdf","1","Contract Value (Taka): 41493488.30; Name of Supplier/Contractor/Consultant: HTMS Limited","bid amount equals the awarded contract value as printed on the award notice"
"1207636","RAJUK","Development of Residential and commercial Infrastructure at Jhilmil Residential Project Area","Supply and installation of LED Solar Street Light in Jhilmil Residential Project (Package-5, Lot-5) [ Sector-02: Road- 2 to 26].","DISCLOSED_BENEFICIAL_OWNER_OF_WINNER","HTMS Limited","HTMS LTD","","","","","","","NADIRA PARVIN SHILPI                            Chairman","22.23","BANGLADESH","Tender_1207636.pdf","1","Beneficial Ownership Information row: NADIRA PARVIN SHILPI                            Chairman, 22.23%, BANGLADESH","printed on the award notice under ITT 68.1 / Format e-PG3A-C"
"1207636","RAJUK","Development of Residential and commercial Infrastructure at Jhilmil Residential Project Area","Supply and installation of LED Solar Street Light in Jhilmil Residential Project (Package-5, Lot-5) [ Sector-02: Road- 2 to 26].","DISCLOSED_BENEFICIAL_OWNER_OF_WINNER","HTMS Limited","HTMS LTD","","","","","","","AFTAB AHMED                                     Managing Director","77.77","BANGLADESH","Tender_1207636.pdf","1","Beneficial Ownership Information row: AFTAB AHMED                                     Managing Director, 77.77%, BANGLADESH","printed on the award notice under ITT 68.1 / Format e-PG3A-C"
"1207637","RAJUK","Development of Residential and commercial Infrastructure at Jhilmil Residential Project Area","Supply and installation of LED Solar Street Light in Jhilmil Residential Project (Package-5, Lot-4) [ Sector-01: Road- 1,2,3A,3B,4,4A,5,6,7].","AWARDED_BIDDER","MULTITRADE INTERNATIONAL","MULTITRADE INTERNATIONAL","33155616.20","responsive","qualified","","not_applicable_won_the_contract","not_applicable","","","","Tender_1207637.pdf","1","Contract Value (Taka): 33155616.20; Name of Supplier/Contractor/Consultant: MULTITRADE INTERNATIONAL","bid amount equals the awarded contract value as printed on the award notice"
"1207637","RAJUK","Development of Residential and commercial Infrastructure at Jhilmil Residential Project Area","Supply and installation of LED Solar Street Light in Jhilmil Residential Project (Package-5, Lot-4) [ Sector-01: Road- 1,2,3A,3B,4,4A,5,6,7].","DISCLOSED_BENEFICIAL_OWNER_OF_WINNER","MULTITRADE INTERNATIONAL","MULTITRADE INTERNATIONAL","","","","","","","Ashikur rahim","100.00","","Tender_1207637.pdf","1","Beneficial Ownership Information row: Ashikur rahim, 100.00%,","printed on the award notice under ITT 68.1 / Format e-PG3A-C"
"1215675","RAJUK","Office of the Superintending Engineer (Electrical)","Supply and Installation of Air-Cooler in Different Section of Rajuk.","AWARDED_BIDDER","Cooltech Corporation","COOLTECH CORPORATION","3148760.00","responsive","qualified","","not_applicable_won_the_contract","not_applicable","","","","Tender_1215675.pdf","1","Contract Value (Taka): 3148760.00; Name of Supplier/Contractor/Consultant: Cooltech Corporation","bid amount equals the awarded contract value as printed on the award notice"
"1215675","RAJUK","Office of the Superintending Engineer (Electrical)","Supply and Installation of Air-Cooler in Different Section of Rajuk.","DISCLOSED_BENEFICIAL_OWNER_OF_WINNER","Cooltech Corporation","COOLTECH CORPORATION","","","","","","","Mohammad Omar Farook                              Proprietor","100.00","Bangladesh","Tender_1215675.pdf","1","Beneficial Ownership Information row: Mohammad Omar Farook                              Proprietor, 100.00%, Bangladesh","printed on the award notice under ITT 68.1 / Format e-PG3A-C"
"1215677","RAJUK","Office of the Superintending Engineer (Electrical)","Supply & Installation of Digital Photocopy Machine in Different Section of Rajuk.","AWARDED_BIDDER","AAYAT ENTERPRISE","AAYAT ENTERPRISE","1739831.10","responsive","qualified","","not_applicable_won_the_contract","not_applicable","","","","Tender_1215677.pdf","1","Contract Value (Taka): 1739831.10; Name of Supplier/Contractor/Consultant: AAYAT ENTERPRISE","bid amount equals the awarded contract value as printed on the award notice"
"1215677","RAJUK","Office of the Superintending Engineer (Electrical)","Supply & Installation of Digital Photocopy Machine in Different Section of Rajuk.","DISCLOSED_BENEFICIAL_OWNER_OF_WINNER","AAYAT ENTERPRISE","AAYAT ENTERPRISE","","","","","","","MD. ABDUL ALIM","100.00","","Tender_1215677.pdf","1","Beneficial Ownership Information row: MD. ABDUL ALIM, 100.00%,","printed on the award notice under ITT 68.1 / Format e-PG3A-C"
"1225895","RAJUK","Gulshan-Banani-Baridhara Lake Development Project","Repair and Construction of walkways along the eastern and western banks of the Gulshan-Banani lake from the Niketon Bridge to the Banani Graveyard (Package # RCW-01).","AWARDED_BIDDER","SSL- Convoy JV (Joint Venture)","SSL CONVOY JV","82538882.71","responsive","qualified","","not_applicable_won_the_contract","not_applicable","","","","Tender_1225895.pdf","1","Contract Value (Taka): 82538882.71; Name of Supplier/Contractor/Consultant: SSL- Convoy JV (Joint Venture)","bid amount equals the awarded contract value as printed on the award notice"
"1225895","RAJUK","Gulshan-Banani-Baridhara Lake Development Project","Repair and Construction of walkways along the eastern and western banks of the Gulshan-Banani lake from the Niketon Bridge to the Banani Graveyard (Package # RCW-01).","DISCLOSED_BENEFICIAL_OWNER_OF_WINNER","SSL- Convoy JV (Joint Venture)","SSL CONVOY JV","","","","","","","Mehdi Amin Chowdhury                          Managing Partner","50.00","Bangladesh","Tender_1225895.pdf","1","Beneficial Ownership Information row: Mehdi Amin Chowdhury                          Managing Partner, 50.00%, Bangladesh","printed on the award notice under ITT 68.1 / Format e-PG3A-C"
"1225895","RAJUK","Gulshan-Banani-Baridhara Lake Development Project","Repair and Construction of walkways along the eastern and western banks of the Gulshan-Banani lake from the Niketon Bridge to the Banani Graveyard (Package # RCW-01).","DISCLOSED_BENEFICIAL_OWNER_OF_WINNER","SSL- Convoy JV (Joint Venture)","SSL CONVOY JV","","","","","","","Hifzul Amin Chowdhury                         Managing Partner","50.00","Bangladesh","Tender_1225895.pdf","1","Beneficial Ownership Information row: Hifzul Amin Chowdhury                         Managing Partner, 50.00%, Bangladesh","printed on the award notice under ITT 68.1 / Format e-PG3A-C"
"1225895","RAJUK","Gulshan-Banani-Baridhara Lake Development Project","Repair and Construction of walkways along the eastern and western banks of the Gulshan-Banani lake from the Niketon Bridge to the Banani Graveyard (Package # RCW-01).","DISCLOSED_BENEFICIAL_OWNER_OF_WINNER","SSL- Convoy JV (Joint Venture)","SSL CONVOY JV","","","","","","","Engr. Shafiqul Haque Talukder                 Managing Director","100.00","Bangladesh","Tender_1225895.pdf","1","Beneficial Ownership Information row: Engr. Shafiqul Haque Talukder                 Managing Director, 100.00%, Bangladesh","printed on the award notice under ITT 68.1 / Format e-PG3A-C"
"1225896","RAJUK","Gulshan-Banani-Baridhara Lake Development Project","Repair and Construction of walkways along the eastern and western banks of the Gulshan-Baridhara lake from the Shooting club of Gulshan-01 to the North end of Baridhara Lake (Package # RCW-02).","AWARDED_BIDDER","M/S. Dawn Corporation","DAWN CORPORATION","83872613.91","responsive","qualified","","not_applicable_won_the_contract","not_applicable","","","","Tender_1225896.pdf","1","Contract Value (Taka): 83872613.91; Name of Supplier/Contractor/Consultant: M/S. Dawn Corporation","bid amount equals the awarded contract value as printed on the award notice"
"1225896","RAJUK","Gulshan-Banani-Baridhara Lake Development Project","Repair and Construction of walkways along the eastern and western banks of the Gulshan-Baridhara lake from the Shooting club of Gulshan-01 to the North end of Baridhara Lake (Package # RCW-02).","DISCLOSED_BENEFICIAL_OWNER_OF_WINNER","M/S. Dawn Corporation","DAWN CORPORATION","","","","","","","Md Easin Molla                                 Proprietor","100.00","","Tender_1225896.pdf","1","Beneficial Ownership Information row: Md Easin Molla                                 Proprietor, 100.00%,","printed on the award notice under ITT 68.1 / Format e-PG3A-C"
"125042","RAJUK","office of the Chief Engineer ( Project & Design)","Supply Installation Testing and Commissioning of 1350/1400 KG Passenger Lift Brand & Manufacturing Country Otis China Schindler China Mitsubishi China XIZI Unite China or equivalent Standard with Certificates issued by internationally recognized auth","AWARDED_BIDDER","Daffodil Electric Company","DAFFODIL ELECTRIC COMPANY","47660719.39","responsive","qualified","","not_applicable_won_the_contract","not_applicable","","","","Tender_125042.pdf","1","Contract Value (Taka): 47660719.39; Name of Supplier/Contractor/Consultant: Daffodil Electric Company","bid amount equals the awarded contract value as printed on the award notice"
"125042","RAJUK","office of the Chief Engineer ( Project & Design)","Supply Installation Testing and Commissioning of 1350/1400 KG Passenger Lift Brand & Manufacturing Country Otis China Schindler China Mitsubishi China XIZI Unite China or equivalent Standard with Certificates issued by internationally recognized auth","UNNAMED_REJECTED_BIDDERS_AGGREGATE","","","","non_responsive","not_qualified","","","","","","","Tender_125042.pdf","1","Received: 3; Responsive: 1 (difference is the rejected count)","count is derived as received minus responsive; 2 bidder(s)"
"125294","RAJUK","office of the Chief Engineer ( Project & Design)","Supply Installation Testing and Commissioning of 1350/1400 KG Passenger Lift Brand & Manufacturing Country Otis China Schindler China Mitsubishi China XIZI Unite China or equivalent Standard with Certificates issued by internationally recognized auth","AWARDED_BIDDER","Daffodil Electric Company","DAFFODIL ELECTRIC COMPANY","47660719.39","responsive","qualified","","not_applicable_won_the_contract","not_applicable","","","","Tender_125294.pdf","1","Contract Value (Taka): 47660719.39; Name of Supplier/Contractor/Consultant: Daffodil Electric Company","bid amount equals the awarded contract value as printed on the award notice"
"125874","RAJUK","Office of the Chief Engineer (Implementation)","Construction of lake drive road at the west side of lake-12 in sector-18 Uttara RMT 3rd Phase Project.","AWARDED_BIDDER","Mir Habibul Alam & Starlite Services Ltd & M/s. Udayn Builders JV","MIR HABIBUL ALAM STARLITE SERVICES LTD M S UDAYN BUILDERS JV","78653933.89","responsive","qualified","","not_applicable_won_the_contract","not_applicable","","","","Tender_125874.pdf","1","Contract Value (Taka): 78653933.89; Name of Supplier/Contractor/Consultant: Mir Habibul Alam & Starlite Services Ltd & M/s. Udayn Builders JV ( JVCA Partners [Business Share]: Mir Habibul Alam [0.000%] , M/S Udayan Builders [0.000%] , Starlite Services Limited [0.000%] )","bid amount equals the awarded contract value as printed on the award notice"
"125874","RAJUK","Office of the Chief Engineer (Implementation)","Construction of lake drive road at the west side of lake-12 in sector-18 Uttara RMT 3rd Phase Project.","JV_PARTNER_OF_WINNER","Mir Habibul Alam","MIR HABIBUL ALAM","","responsive_as_part_of_the_winning_joint_venture","qualified_as_part_of_the_joint_venture","","","","","NOT_PUBLISHED_PRINTED_AS_0.000","","Tender_125874.pdf","1","JVCA Partners [Business Share]: Mir Habibul Alam [0.000%]","the portal printed a 0.000% share, so no value is attributed"
"125874","RAJUK","Office of the Chief Engineer (Implementation)","Construction of lake drive road at the west side of lake-12 in sector-18 Uttara RMT 3rd Phase Project.","JV_PARTNER_OF_WINNER","M/S Udayan Builders","UDAYAN BUILDERS","","responsive_as_part_of_the_winning_joint_venture","qualified_as_part_of_the_joint_venture","","","","","NOT_PUBLISHED_PRINTED_AS_0.000","","Tender_125874.pdf","1","JVCA Partners [Business Share]: M/S Udayan Builders [0.000%]","the portal printed a 0.000% share, so no value is attributed"
"125874","RAJUK","Office of the Chief Engineer (Implementation)","Construction of lake drive road at the west side of lake-12 in sector-18 Uttara RMT 3rd Phase Project.","JV_PARTNER_OF_WINNER","Starlite Services Limited","STARLITE SERVICES LTD","","responsive_as_part_of_the_winning_joint_venture","qualified_as_part_of_the_joint_venture","","","","","NOT_PUBLISHED_PRINTED_AS_0.000","","Tender_125874.pdf","1","JVCA Partners [Business Share]: Starlite Services Limited [0.000%]","the portal printed a 0.000% share, so no value is attributed"
"125874","RAJUK","Office of the Chief Engineer (Implementation)","Construction of lake drive road at the west side of lake-12 in sector-18 Uttara RMT 3rd Phase Project.","UNNAMED_REJECTED_BIDDERS_AGGREGATE","","","","non_responsive","not_qualified","","","","","","","Tender_125874.pdf","1","Received: 11; Responsive: 9 (difference is the rejected count)","count is derived as received minus responsive; 2 bidder(s)"
"125877","RAJUK","Office of the Chief Engineer (Implementation)","Construction of periphery road including road at Block-A1 partly Block-G & Block-G1 partly with periphery road in sector- 17 Uttara RMT 3rd phase Project.","AWARDED_BIDDER","Convoy Service-M/S Paradise Traders-Moshiur Rahman Chowdhury JV","CONVOY SERVICE M S PARADISE TRADERS MOSHIUR RAHMAN CHOWDHURY JV","56752529.87","responsive","qualified","","not_applicable_won_the_contract","not_applicable","","","","Tender_125877.pdf","1","Contract Value (Taka): 56752529.87; Name of Supplier/Contractor/Consultant: Convoy Service-M/S Paradise Traders-Moshiur Rahman Chowdhury JV ( JVCA Partners [Business Share]: M/S Paradise Traders [0.000%] , CONVOY SERVICE [0.000%] , Moshiur Rahman Chowdhury [0.000%] )","bid amount equals the awarded contract value as printed on the award notice"
"125877","RAJUK","Office of the Chief Engineer (Implementation)","Construction of periphery road including road at Block-A1 partly Block-G & Block-G1 partly with periphery road in sector- 17 Uttara RMT 3rd phase Project.","JV_PARTNER_OF_WINNER","M/S Paradise Traders","PARADISE TRADERS","","responsive_as_part_of_the_winning_joint_venture","qualified_as_part_of_the_joint_venture","","","","","NOT_PUBLISHED_PRINTED_AS_0.000","","Tender_125877.pdf","1","JVCA Partners [Business Share]: M/S Paradise Traders [0.000%]","the portal printed a 0.000% share, so no value is attributed"
"125877","RAJUK","Office of the Chief Engineer (Implementation)","Construction of periphery road including road at Block-A1 partly Block-G & Block-G1 partly with periphery road in sector- 17 Uttara RMT 3rd phase Project.","JV_PARTNER_OF_WINNER","CONVOY SERVICE","CONVOY SERVICE","","responsive_as_part_of_the_winning_joint_venture","qualified_as_part_of_the_joint_venture","","","","","NOT_PUBLISHED_PRINTED_AS_0.000","","Tender_125877.pdf","1","JVCA Partners [Business Share]: CONVOY SERVICE [0.000%]","the portal printed a 0.000% share, so no value is attributed"
"125877","RAJUK","Office of the Chief Engineer (Implementation)","Construction of periphery road including road at Block-A1 partly Block-G & Block-G1 partly with periphery road in sector- 17 Uttara RMT 3rd phase Project.","JV_PARTNER_OF_WINNER","Moshiur Rahman Chowdhury","MOSHIUR RAHMAN CHOWDHURY","","responsive_as_part_of_the_winning_joint_venture","qualified_as_part_of_the_joint_venture","","","","","NOT_PUBLISHED_PRINTED_AS_0.000","","Tender_125877.pdf","1","JVCA Partners [Business Share]: Moshiur Rahman Chowdhury [0.000%]","the portal printed a 0.000% share, so no value is attributed"
"125877","RAJUK","Office of the Chief Engineer (Implementation)","Construction of periphery road including road at Block-A1 partly Block-G & Block-G1 partly with periphery road in sector- 17 Uttara RMT 3rd phase Project.","UNNAMED_REJECTED_BIDDERS_AGGREGATE","","","","non_responsive","not_qualified","","","","","","","Tender_125877.pdf","1","Received: 11; Responsive: 9 (difference is the rejected count)","count is derived as received minus responsive; 2 bidder(s)"
"1272697","RAJUK","Office of the Superintending Engineer (Electrical)","Repair & Maintenance of RAJUK Tower Clock at RAJUK Main Bhaban.","AWARDED_BIDDER","T.S Enterprise","T S ENTERPRISE","1171910.00","responsive","qualified","","not_applicable_won_the_contract","not_applicable","","","","Tender_1272697.pdf","1","Contract Value (Taka): 1171910.00; Name of Supplier/Contractor/Consultant: T.S Enterprise","bid amount equals the awarded contract value as printed on the award notice"
"1272697","RAJUK","Office of the Superintending Engineer (Electrical)","Repair & Maintenance of RAJUK Tower Clock at RAJUK Main Bhaban.","DISCLOSED_BENEFICIAL_OWNER_OF_WINNER","T.S Enterprise","T S ENTERPRISE","","","","","","","Mahabobul Islam","100.00","","Tender_1272697.pdf","1","Beneficial Ownership Information row: Mahabobul Islam, 100.00%,","printed on the award notice under ITT 68.1 / Format e-PG3A-C"
"134910","RAJUK","office of the Chief Engineer ( Project & Design)","Fuel pump Clutch system Deferential Gearbox and others Repairing with Supplying of Spare parts & fitting fixing of Road Roller No-17.","AWARDED_BIDDER","M/S. Maliha Enterprise","MALIHA ENTERPRISE","808560.00","responsive","qualified","","not_applicable_won_the_contract","not_applicable","","","","Tender_134910.pdf","1","Contract Value (Taka): 808560.00; Name of Supplier/Contractor/Consultant: M/S. Maliha Enterprise","bid amount equals the awarded contract value as printed on the award notice"
"134910","RAJUK","office of the Chief Engineer ( Project & Design)","Fuel pump Clutch system Deferential Gearbox and others Repairing with Supplying of Spare parts & fitting fixing of Road Roller No-17.","UNNAMED_REJECTED_BIDDERS_AGGREGATE","","","","non_responsive","not_qualified","","","","","","","Tender_134910.pdf","1","Received: 4; Responsive: 3 (difference is the rejected count)","count is derived as received minus responsive; 1 bidder(s)"
"144571","RAJUK","office of the Chief Engineer ( Project & Design)","Supply and fitting fixing 5(Five) Nos. New Tube lass Tyre for the Germany Tyre Dozer No. 02 of RAJUK.","AWARDED_BIDDER","M/s. Halim Enterprise.","HALIM ENTERPRISE","3242100.00","responsive","qualified","","not_applicable_won_the_contract","not_applicable","","","","Tender_144571.pdf","1","Contract Value (Taka): 3242100.00; Name of Supplier/Contractor/Consultant: M/s. Halim Enterprise.","bid amount equals the awarded contract value as printed on the award notice"
"146376","RAJUK","office of the Chief Engineer ( Project & Design)","Supply Installation Testing and Commissioning of 04Nos 250 KVA Generator for the building No 17A 17B & 17C 17D under the Project of Construction of Residential Apartment Building for Low & Middle Income Group of people at Sector- 18 of Uttara Model T","AWARDED_BIDDER","Dulal Enterprise (Pvt) Ltd.","DULAL ENTERPRISE LTD","18313600.65","responsive","qualified","","not_applicable_won_the_contract","not_applicable","","","","Tender_146376.pdf","1","Contract Value (Taka): 18313600.65; Name of Supplier/Contractor/Consultant: Dulal Enterprise (Pvt) Ltd.","bid amount equals the awarded contract value as printed on the award notice"
"146376","RAJUK","office of the Chief Engineer ( Project & Design)","Supply Installation Testing and Commissioning of 04Nos 250 KVA Generator for the building No 17A 17B & 17C 17D under the Project of Construction of Residential Apartment Building for Low & Middle Income Group of people at Sector- 18 of Uttara Model T","UNNAMED_REJECTED_BIDDERS_AGGREGATE","","","","non_responsive","not_qualified","","","","","","","Tender_146376.pdf","1","Received: 5; Responsive: 4 (difference is the rejected count)","count is derived as received minus responsive; 1 bidder(s)"
"146377","RAJUK","office of the Chief Engineer ( Project & Design)","Supply Installation Testing and Commissioning of 02Nos 250 KVA Generator for the building No 03A & 03B under the Project of Construction of Residential Apartment Building for Low & Middle Income Group of people at Sector-18 of Uttara Model Town 3rd P","AWARDED_BIDDER","Dulal Enterprise (Pvt) Ltd.","DULAL ENTERPRISE LTD","9224800.33","responsive","qualified","","not_applicable_won_the_contract","not_applicable","","","","Tender_146377.pdf","1","Contract Value (Taka): 9224800.33; Name of Supplier/Contractor/Consultant: Dulal Enterprise (Pvt) Ltd.","bid amount equals the awarded contract value as printed on the award notice"
"146377","RAJUK","office of the Chief Engineer ( Project & Design)","Supply Installation Testing and Commissioning of 02Nos 250 KVA Generator for the building No 03A & 03B under the Project of Construction of Residential Apartment Building for Low & Middle Income Group of people at Sector-18 of Uttara Model Town 3rd P","UNNAMED_REJECTED_BIDDERS_AGGREGATE","","","","non_responsive","not_qualified","","","","","","","Tender_146377.pdf","1","Received: 7; Responsive: 6 (difference is the rejected count)","count is derived as received minus responsive; 1 bidder(s)"
"146380","RAJUK","office of the Chief Engineer ( Project & Design)","Supply Installation Testing and Commissioning of 02Nos 250 KVA Generator for the building No 13A & 13B under the Project of Construction of Residential Apartment Building for Low & Middle Income Group of people at Sector-18 of Uttara Model Town 3rd P","AWARDED_BIDDER","Dulal Enterprise (Pvt) Ltd.","DULAL ENTERPRISE LTD","9224800.33","responsive","qualified","","not_applicable_won_the_contract","not_applicable","","","","Tender_146380.pdf","1","Contract Value (Taka): 9224800.33; Name of Supplier/Contractor/Consultant: Dulal Enterprise (Pvt) Ltd.","bid amount equals the awarded contract value as printed on the award notice"
"146380","RAJUK","office of the Chief Engineer ( Project & Design)","Supply Installation Testing and Commissioning of 02Nos 250 KVA Generator for the building No 13A & 13B under the Project of Construction of Residential Apartment Building for Low & Middle Income Group of people at Sector-18 of Uttara Model Town 3rd P","UNNAMED_REJECTED_BIDDERS_AGGREGATE","","","","non_responsive","not_qualified","","","","","","","Tender_146380.pdf","1","Received: 10; Responsive: 8 (difference is the rejected count)","count is derived as received minus responsive; 2 bidder(s)"
"146381","RAJUK","office of the Chief Engineer ( Project & Design)","Supply Installation Testing and Commissioning of 02Nos 250 KVA Generator for the building No 13C & 13D under the Project of Construction of Residential Apartment Building for Low & Middle Income Group of people at Sector-18 of Uttara Model Town 3rd P","AWARDED_BIDDER","Dulal Enterprise (Pvt) Ltd.","DULAL ENTERPRISE LTD","9156800.33","responsive","qualified","","not_applicable_won_the_contract","not_applicable","","","","Tender_146381.pdf","1","Contract Value (Taka): 9156800.33; Name of Supplier/Contractor/Consultant: Dulal Enterprise (Pvt) Ltd.","bid amount equals the awarded contract value as printed on the award notice"
"146381","RAJUK","office of the Chief Engineer ( Project & Design)","Supply Installation Testing and Commissioning of 02Nos 250 KVA Generator for the building No 13C & 13D under the Project of Construction of Residential Apartment Building for Low & Middle Income Group of people at Sector-18 of Uttara Model Town 3rd P","UNNAMED_REJECTED_BIDDERS_AGGREGATE","","","","non_responsive","not_qualified","","","","","","","Tender_146381.pdf","1","Received: 8; Responsive: 7 (difference is the rejected count)","count is derived as received minus responsive; 1 bidder(s)"
"146449","RAJUK","office of the Chief Engineer ( Project & Design)","Procurement of 2 TWO Nos. Brand New Wheel Excavators Under Purbachal New Town Project of RAJUK","AWARDED_BIDDER","Sohel Engineering & Construction Ltd.","SOHEL ENGINEERING CONSTRUCTION LTD","48500000.18","responsive","qualified","","not_applicable_won_the_contract","not_applicable","","","","Tender_146449.pdf","1","Contract Value (Taka): 48500000.18; Name of Supplier/Contractor/Consultant: Sohel Engineering & Construction Ltd.","bid amount equals the awarded contract value as printed on the award notice"
"146449","RAJUK","office of the Chief Engineer ( Project & Design)","Procurement of 2 TWO Nos. Brand New Wheel Excavators Under Purbachal New Town Project of RAJUK","UNNAMED_REJECTED_BIDDERS_AGGREGATE","","","","non_responsive","not_qualified","","","","","","","Tender_146449.pdf","1","Received: 4; Responsive: 3 (difference is the rejected count)","count is derived as received minus responsive; 1 bidder(s)"
"149105","RAJUK","office of the Chief Engineer ( Project & Design)","Supply Installation Testing & Commissioning of 4Nos 800 KVA 11/0.415kv 50Hz Electric Sub-Station for the building No- 5A 5B & 5C 5D under the Project of Construction of Residential Apartment Building for Low & Middle Income Group of people at Sector-","AWARDED_BIDDER","Quality Powertec Engineering Ltd.","QUALITY POWERTEC ENGINEERING LTD","26472001.36","responsive","qualified","","not_applicable_won_the_contract","not_applicable","","","","Tender_149105.pdf","1","Contract Value (Taka): 26472001.36; Name of Supplier/Contractor/Consultant: Quality Powertec Engineering Ltd.","bid amount equals the awarded contract value as printed on the award notice"
"149105","RAJUK","office of the Chief Engineer ( Project & Design)","Supply Installation Testing & Commissioning of 4Nos 800 KVA 11/0.415kv 50Hz Electric Sub-Station for the building No- 5A 5B & 5C 5D under the Project of Construction of Residential Apartment Building for Low & Middle Income Group of people at Sector-","UNNAMED_REJECTED_BIDDERS_AGGREGATE","","","","non_responsive","not_qualified","","","","","","","Tender_149105.pdf","1","Received: 5; Responsive: 3 (difference is the rejected count)","count is derived as received minus responsive; 2 bidder(s)"
"149115","RAJUK","office of the Chief Engineer ( Project & Design)","Supply Installation Testing & Commissioning of 2Nos 800 KVA 11/0.415kv 50Hz Electric Sub-Station for the building No- 3A & 3B under the Project of Construction of Residential Apartment Building for Low & Middle Income Group of people at Sector-18 Of","AWARDED_BIDDER","M/S. Brothers Construction","BROTHERS CONSTRUCTION","13276000.68","responsive","qualified","","not_applicable_won_the_contract","not_applicable","","","","Tender_149115.pdf","1","Contract Value (Taka): 13276000.68; Name of Supplier/Contractor/Consultant: M/S. Brothers Construction","bid amount equals the awarded contract value as printed on the award notice"
"149115","RAJUK","office of the Chief Engineer ( Project & Design)","Supply Installation Testing & Commissioning of 2Nos 800 KVA 11/0.415kv 50Hz Electric Sub-Station for the building No- 3A & 3B under the Project of Construction of Residential Apartment Building for Low & Middle Income Group of people at Sector-18 Of","UNNAMED_REJECTED_BIDDERS_AGGREGATE","","","","non_responsive","not_qualified","","","","","","","Tender_149115.pdf","1","Received: 3; Responsive: 2 (difference is the rejected count)","count is derived as received minus responsive; 1 bidder(s)"
"149117","RAJUK","office of the Chief Engineer ( Project & Design)","Supply Installation Testing & Commissioning of 2Nos 800 KVA 11/0.415kv 50Hz Electric Sub-Station for the building No- 13A & 13B under the Project of Construction of Residential Apartment Building for Low & Middle Income Group of people at Sector-18 O","AWARDED_BIDDER","M/S. Brothers Construction","BROTHERS CONSTRUCTION","13276000.68","responsive","qualified","","not_applicable_won_the_contract","not_applicable","","","","Tender_149117.pdf","1","Contract Value (Taka): 13276000.68; Name of Supplier/Contractor/Consultant: M/S. Brothers Construction","bid amount equals the awarded contract value as printed on the award notice"
"149117","RAJUK","office of the Chief Engineer ( Project & Design)","Supply Installation Testing & Commissioning of 2Nos 800 KVA 11/0.415kv 50Hz Electric Sub-Station for the building No- 13A & 13B under the Project of Construction of Residential Apartment Building for Low & Middle Income Group of people at Sector-18 O","UNNAMED_REJECTED_BIDDERS_AGGREGATE","","","","non_responsive","not_qualified","","","","","","","Tender_149117.pdf","1","Received: 4; Responsive: 2 (difference is the rejected count)","count is derived as received minus responsive; 2 bidder(s)"
"149118","RAJUK","office of the Chief Engineer ( Project & Design)","Supply Installation Testing & Commissioning of 2Nos 800 KVA 11/0.415kv 50Hz Electric Sub-Station for the building No- 13C & 13D under the Project of Construction of Residential Apartment Building for Low & Middle Income Group of people at Sector-18 O","AWARDED_BIDDER","M/S. Brothers Construction","BROTHERS CONSTRUCTION","13276000.68","responsive","qualified","","not_applicable_won_the_contract","not_applicable","","","","Tender_149118.pdf","1","Contract Value (Taka): 13276000.68; Name of Supplier/Contractor/Consultant: M/S. Brothers Construction","bid amount equals the awarded contract value as printed on the award notice"
"149118","RAJUK","office of the Chief Engineer ( Project & Design)","Supply Installation Testing & Commissioning of 2Nos 800 KVA 11/0.415kv 50Hz Electric Sub-Station for the building No- 13C & 13D under the Project of Construction of Residential Apartment Building for Low & Middle Income Group of people at Sector-18 O","UNNAMED_REJECTED_BIDDERS_AGGREGATE","","","","non_responsive","not_qualified","","","","","","","Tender_149118.pdf","1","Received: 4; Responsive: 3 (difference is the rejected count)","count is derived as received minus responsive; 1 bidder(s)"
"151177","RAJUK","Office of the Chief Engineer (Implementation)","Construction of 50 mm DBS with ancillary works at Lake Drive Road at the East bank of Gulshan-Baridhara Lake from Gulshan-Badda Link Road to Morium Tower-2.","AWARDED_BIDDER","Rafiq Construction Co. (Pvt.) Ltd.","RAFIQ CONSTRUCTION CO LTD","12557304.80","responsive","qualified","","not_applicable_won_the_contract","not_applicable","","","","Tender_151177.pdf","1","Contract Value (Taka): 12557304.80; Name of Supplier/Contractor/Consultant: Rafiq Construction Co. (Pvt.) Ltd.","bid amount equals the awarded contract value as printed on the award notice"
"151177","RAJUK","Office of the Chief Engineer (Implementation)","Construction of 50 mm DBS with ancillary works at Lake Drive Road at the East bank of Gulshan-Baridhara Lake from Gulshan-Badda Link Road to Morium Tower-2.","UNNAMED_REJECTED_BIDDERS_AGGREGATE","","","","non_responsive","not_qualified","","","","","","","Tender_151177.pdf","1","Received: 6; Responsive: 3 (difference is the rejected count)","count is derived as received minus responsive; 3 bidder(s)"
"159826","RAJUK","Office of the Executive Engineer, LGED, Pabna","Improvement of Miapur UZR H/O Kader-Dhatalpur Khetupara road at Ch.1430m-1930m under Santhia Upazila District Pabna Road ID-176725062","AWARDED_BIDDER","M/S. SHAFIQUE TRADERS","SHAFIQUE TRADERS","2575159.20","responsive","qualified","","not_applicable_won_the_contract","not_applicable","","","","Tender_159826.pdf","1","Contract Value (Taka): 2575159.20; Name of Supplier/Contractor/Consultant: M/S. SHAFIQUE TRADERS","bid amount equals the awarded contract value as printed on the award notice"
"162060","RAJUK","office of the Chief Engineer ( Project & Design)","Internal and External Electrification of 14 storied with Basement-1 Rajuk Officers Quarters Building at Malibagh.","AWARDED_BIDDER","M/S. Sany Construction","SANY CONSTRUCTION","29369128.50","responsive","qualified","","not_applicable_won_the_contract","not_applicable","","","","Tender_162060.pdf","1","Contract Value (Taka): 29369128.50; Name of Supplier/Contractor/Consultant: M/S. Sany Construction","bid amount equals the awarded contract value as printed on the award notice"
"162590","RAJUK","office of the Chief Engineer ( Project & Design)","Supply Installation of Fire Hydrant System for 14th storied with Basement-1 Rajuk Officers Quarters building at Malibagh.","AWARDED_BIDDER","Fire Trade - M/s Khandaker Shahin Ahmed JV","FIRE TRADE M S KHANDAKER SHAHIN AHMED JV","12293260.20","responsive","qualified","","not_applicable_won_the_contract","not_applicable","","","","Tender_162590.pdf","1","Contract Value (Taka): 12293260.20; Name of Supplier/Contractor/Consultant: Fire Trade - M/s Khandaker Shahin Ahmed JV ( JVCA Partners [Business Share]: M/S. Khandaker Shahin Ahmed [0.000%] , Fire Trade [0.000%] )","bid amount equals the awarded contract value as printed on the award notice"
"162590","RAJUK","office of the Chief Engineer ( Project & Design)","Supply Installation of Fire Hydrant System for 14th storied with Basement-1 Rajuk Officers Quarters building at Malibagh.","JV_PARTNER_OF_WINNER","M/S. Khandaker Shahin Ahmed","KHANDAKER SHAHIN AHMED","","responsive_as_part_of_the_winning_joint_venture","qualified_as_part_of_the_joint_venture","","","","","NOT_PUBLISHED_PRINTED_AS_0.000","","Tender_162590.pdf","1","JVCA Partners [Business Share]: M/S. Khandaker Shahin Ahmed [0.000%]","the portal printed a 0.000% share, so no value is attributed"
"162590","RAJUK","office of the Chief Engineer ( Project & Design)","Supply Installation of Fire Hydrant System for 14th storied with Basement-1 Rajuk Officers Quarters building at Malibagh.","JV_PARTNER_OF_WINNER","Fire Trade","FIRE TRADE","","responsive_as_part_of_the_winning_joint_venture","qualified_as_part_of_the_joint_venture","","","","","NOT_PUBLISHED_PRINTED_AS_0.000","","Tender_162590.pdf","1","JVCA Partners [Business Share]: Fire Trade [0.000%]","the portal printed a 0.000% share, so no value is attributed"
"162590","RAJUK","office of the Chief Engineer ( Project & Design)","Supply Installation of Fire Hydrant System for 14th storied with Basement-1 Rajuk Officers Quarters building at Malibagh.","UNNAMED_REJECTED_BIDDERS_AGGREGATE","","","","non_responsive","not_qualified","","","","","","","Tender_162590.pdf","1","Received: 3; Responsive: 2 (difference is the rejected count)","count is derived as received minus responsive; 1 bidder(s)"
"164878","RAJUK","Office of the Project Director, Urban Resilience Project-RAJUK Part,RAJUK,Dhaka","Procurement of Motor Vehicle for PIU of URPRAJUK-Phase1 i 1no 4WD Sports Utility Vehicle ii 4 nos Double Cabin 4WD Pick-up and iii 1 no Microbus","AWARDED_BIDDER","Pacific Motors Limited","PACIFIC MOTORS LTD","32844000.01","responsive","qualified","","not_applicable_won_the_contract","not_applicable","","","","Tender_164878.pdf","1","Contract Value (Taka): 32844000.01; Name of Supplier/Contractor/Consultant: Pacific Motors Limited","bid amount equals the awarded contract value as printed on the award notice"
"168749","RAJUK","Office of the Executive Engineer, LGED, Barisal","Periodic Maintenance of Chorhogla Mosarraf Dr. House- H/O Ruhul Amin Master Laskarpur Road from Ch. 00m-1000m Mehendiganj Road Code 506625126","AWARDED_BIDDER","M/S Oshin Enterprise","OSHIN ENTERPRISE","1367468.16","responsive","qualified","","not_applicable_won_the_contract","not_applicable","","","","Tender_168749.pdf","1","Contract Value (Taka): 1367468.16; Name of Supplier/Contractor/Consultant: M/S Oshin Enterprise","bid amount equals the awarded contract value as printed on the award notice"
"169223","RAJUK","office of the Chief Engineer ( Project & Design)","Supply and Installation of CCTV Surveillance System inside & out Side of Rajuk Main & Annex Building and some important places of record room.","AWARDED_BIDDER","Silver Sun Electronics","SILVER SUN ELECTRONICS","1430370.83","responsive","qualified","","not_applicable_won_the_contract","not_applicable","","","","Tender_169223.pdf","1","Contract Value (Taka): 1430370.83; Name of Supplier/Contractor/Consultant: Silver Sun Electronics","bid amount equals the awarded contract value as printed on the award notice"
"169223","RAJUK","office of the Chief Engineer ( Project & Design)","Supply and Installation of CCTV Surveillance System inside & out Side of Rajuk Main & Annex Building and some important places of record room.","UNNAMED_REJECTED_BIDDERS_AGGREGATE","","","","non_responsive","not_qualified","","","","","","","Tender_169223.pdf","1","Received: 5; Responsive: 1 (difference is the rejected count)","count is derived as received minus responsive; 4 bidder(s)"
"171570","RAJUK","office of the Chief Engineer ( Project & Design)","Supply InstallationTesting & Commissioning of Additional Solar Power System of 15th Storied Apartment Building for Rehabilitation of affected House Owner of integrated Development Hatirjheel Project at Begunbari.Group- 1& 2 .","AWARDED_BIDDER","M/S Nur Enterprise","NUR ENTERPRISE","2283984.00","responsive","qualified","","not_applicable_won_the_contract","not_applicable","","","","Tender_171570.pdf","1","Contract Value (Taka): 2283984.00; Name of Supplier/Contractor/Consultant: M/S Nur Enterprise","bid amount equals the awarded contract value as printed on the award notice"
"171570","RAJUK","office of the Chief Engineer ( Project & Design)","Supply InstallationTesting & Commissioning of Additional Solar Power System of 15th Storied Apartment Building for Rehabilitation of affected House Owner of integrated Development Hatirjheel Project at Begunbari.Group- 1& 2 .","UNNAMED_REJECTED_BIDDERS_AGGREGATE","","","","non_responsive","not_qualified","","","","","","","Tender_171570.pdf","1","Received: 7; Responsive: 3 (difference is the rejected count)","count is derived as received minus responsive; 4 bidder(s)"
"174037","RAJUK","Office of the Project Director, Urban Resilience Project-RAJUK Part,RAJUK,Dhaka","Procurement of Motor Vehicle for PIU of URP RAJUK-Phase2 i 1no 4WD Sports Utility Vehicle ii 5 nos Double Cabin 4WD Pick-up and iii 3 no Microbus","AWARDED_BIDDER","Pacific Motors Limited","PACIFIC MOTORS LTD","48351000.01","responsive","qualified","","not_applicable_won_the_contract","not_applicable","","","","Tender_174037.pdf","1","Contract Value (Taka): 48351000.01; Name of Supplier/Contractor/Consultant: Pacific Motors Limited","bid amount equals the awarded contract value as printed on the award notice"
"174670","RAJUK","office of the Chief Engineer ( Project & Design)","Supply Installation Testing and Commissioning of Solar panel system for the Building No 1A 1B & 1C 1DB under the Project of Construction of Residential Apartment Building for Low & Middle Income Group of people at Sector -18 of Uttara Model Town 3rd","AWARDED_BIDDER","Sherpa Power Engineering Ltd.","SHERPA POWER ENGINEERING LTD","5767943.37","responsive","qualified","","not_applicable_won_the_contract","not_applicable","","","","Tender_174670.pdf","1","Contract Value (Taka): 5767943.37; Name of Supplier/Contractor/Consultant: Sherpa Power Engineering Ltd.","bid amount equals the awarded contract value as printed on the award notice"
"174670","RAJUK","office of the Chief Engineer ( Project & Design)","Supply Installation Testing and Commissioning of Solar panel system for the Building No 1A 1B & 1C 1DB under the Project of Construction of Residential Apartment Building for Low & Middle Income Group of people at Sector -18 of Uttara Model Town 3rd","UNNAMED_REJECTED_BIDDERS_AGGREGATE","","","","non_responsive","not_qualified","","","","","","","Tender_174670.pdf","1","Received: 8; Responsive: 7 (difference is the rejected count)","count is derived as received minus responsive; 1 bidder(s)"
"174671","RAJUK","office of the Chief Engineer ( Project & Design)","Supply Installation Testing and Commissioning of Solar panel system for the Building No 2A 2B & 2C 2D under the Project of Construction of Residential Apartment Building for Low & Middle Income Group of people at Sector -18 of Uttara Model Town 3rd P","AWARDED_BIDDER","Sherpa Power Engineering Ltd.","SHERPA POWER ENGINEERING LTD","5767943.37","responsive","qualified","","not_applicable_won_the_contract","not_applicable","","","","Tender_174671.pdf","1","Contract Value (Taka): 5767943.37; Name of Supplier/Contractor/Consultant: Sherpa Power Engineering Ltd.","bid amount equals the awarded contract value as printed on the award notice"
"174673","RAJUK","office of the Chief Engineer ( Project & Design)","Supply Installation Testing and Commissioning of Solar panel system for the Building No 4A 4B & 4C 4D under the Project of Construction of Residential Apartment Building for Low & Middle Income Group of people at Sector -18 of Uttara Model Town 3rd P","AWARDED_BIDDER","Sherpa Power Engineering Ltd.","SHERPA POWER ENGINEERING LTD","5767943.37","responsive","qualified","","not_applicable_won_the_contract","not_applicable","","","","Tender_174673.pdf","1","Contract Value (Taka): 5767943.37; Name of Supplier/Contractor/Consultant: Sherpa Power Engineering Ltd.","bid amount equals the awarded contract value as printed on the award notice"
"174674","RAJUK","office of the Chief Engineer ( Project & Design)","Supply Installation Testing and Commissioning of Solar panel system for the Building No 5A 5B & 5C 5D under the Project of Construction of Residential Apartment Building for Low & Middle Income Group of people at Sector -18 of Uttara Model Town 3rd P","AWARDED_BIDDER","Sherpa Power Engineering Ltd.","SHERPA POWER ENGINEERING LTD","5767943.37","responsive","qualified","","not_applicable_won_the_contract","not_applicable","","","","Tender_174674.pdf","1","Contract Value (Taka): 5767943.37; Name of Supplier/Contractor/Consultant: Sherpa Power Engineering Ltd.","bid amount equals the awarded contract value as printed on the award notice"
"174677","RAJUK","office of the Chief Engineer ( Project & Design)","Supply Installation Testing and Commissioning of Solar panel system for the Building No 6A 6B & 6C 6D under the Project of Construction of Residential Apartment Building for Low & Middle Income Group of people at Sector -18 of Uttara Model Town 3rd P","AWARDED_BIDDER","Superstar Renweable Energy Ltd (SSG Solar)","SUPERSTAR RENWEABLE ENERGY LTD","5063600.57","responsive","qualified","","not_applicable_won_the_contract","not_applicable","","","","Tender_174677.pdf","1","Contract Value (Taka): 5063600.57; Name of Supplier/Contractor/Consultant: Superstar Renweable Energy Ltd (SSG Solar)","bid amount equals the awarded contract value as printed on the award notice"
"174677","RAJUK","office of the Chief Engineer ( Project & Design)","Supply Installation Testing and Commissioning of Solar panel system for the Building No 6A 6B & 6C 6D under the Project of Construction of Residential Apartment Building for Low & Middle Income Group of people at Sector -18 of Uttara Model Town 3rd P","UNNAMED_REJECTED_BIDDERS_AGGREGATE","","","","non_responsive","not_qualified","","","","","","","Tender_174677.pdf","1","Received: 6; Responsive: 5 (difference is the rejected count)","count is derived as received minus responsive; 1 bidder(s)"
"174678","RAJUK","office of the Chief Engineer ( Project & Design)","Supply Installation Testing and Commissioning of Solar panel system for the Building No 16A 16B & 16C 16D under the Project of Construction of Residential Apartment Building for Low & Middle Income Group of people at Sector -18 of Uttara Model Town 3","AWARDED_BIDDER","Sherpa Power Engineering Ltd.","SHERPA POWER ENGINEERING LTD","5767943.37","responsive","qualified","","not_applicable_won_the_contract","not_applicable","","","","Tender_174678.pdf","1","Contract Value (Taka): 5767943.37; Name of Supplier/Contractor/Consultant: Sherpa Power Engineering Ltd.","bid amount equals the awarded contract value as printed on the award notice"
"174680","RAJUK","office of the Chief Engineer ( Project & Design)","Supply Installation Testing and Commissioning of Solar panel system for the Building No 17A 17B & 17C 17D under the Project of Construction of Residential Apartment Building for Low & Middle Income Group of people at Sector -18 of Uttara Model Town 3","AWARDED_BIDDER","Sherpa Power Engineering Ltd.","SHERPA POWER ENGINEERING LTD","5755380.57","responsive","qualified","","not_applicable_won_the_contract","not_applicable","","","","Tender_174680.pdf","1","Contract Value (Taka): 5755380.57; Name of Supplier/Contractor/Consultant: Sherpa Power Engineering Ltd.","bid amount equals the awarded contract value as printed on the award notice"
"174680","RAJUK","office of the Chief Engineer ( Project & Design)","Supply Installation Testing and Commissioning of Solar panel system for the Building No 17A 17B & 17C 17D under the Project of Construction of Residential Apartment Building for Low & Middle Income Group of people at Sector -18 of Uttara Model Town 3","UNNAMED_REJECTED_BIDDERS_AGGREGATE","","","","non_responsive","not_qualified","","","","","","","Tender_174680.pdf","1","Received: 7; Responsive: 6 (difference is the rejected count)","count is derived as received minus responsive; 1 bidder(s)"
"174700","RAJUK","Office of the Chief Engineer (Implementation)","Construction of 40-0 wide plaza road East side of MRT construction Yard at the West side of West avenue in Sector-18 Uttara RMT 3rd Phase Project.","AWARDED_BIDDER","Domestic Power & Engineering","DOMESTIC POWER ENGINEERING","13951495.00","responsive","qualified","","not_applicable_won_the_contract","not_applicable","","","","Tender_174700.pdf","1","Contract Value (Taka): 13951495.00; Name of Supplier/Contractor/Consultant: Domestic Power & Engineering","bid amount equals the awarded contract value as printed on the award notice"
"174700","RAJUK","Office of the Chief Engineer (Implementation)","Construction of 40-0 wide plaza road East side of MRT construction Yard at the West side of West avenue in Sector-18 Uttara RMT 3rd Phase Project.","UNNAMED_REJECTED_BIDDERS_AGGREGATE","","","","non_responsive","not_qualified","","","","","","","Tender_174700.pdf","1","Received: 5; Responsive: 2 (difference is the rejected count)","count is derived as received minus responsive; 3 bidder(s)"
"174705","RAJUK","Office of the Chief Engineer (Implementation)","Construction of road work Southern part of Block-H1 Road-3 3A 4 & Avenue-5 at Uttara RMT 3rd Phase Project.","AWARDED_BIDDER","M/S Razin International","RAZIN INTERNATIONAL","16595314.20","responsive","qualified","","not_applicable_won_the_contract","not_applicable","","","","Tender_174705.pdf","1","Contract Value (Taka): 16595314.20; Name of Supplier/Contractor/Consultant: M/S Razin International","bid amount equals the awarded contract value as printed on the award notice"
"174705","RAJUK","Office of the Chief Engineer (Implementation)","Construction of road work Southern part of Block-H1 Road-3 3A 4 & Avenue-5 at Uttara RMT 3rd Phase Project.","UNNAMED_REJECTED_BIDDERS_AGGREGATE","","","","non_responsive","not_qualified","","","","","","","Tender_174705.pdf","1","Received: 2; Responsive: 1 (difference is the rejected count)","count is derived as received minus responsive; 1 bidder(s)"
"174710","RAJUK","Office of the Chief Engineer (Implementation)","Construction of lake drive road at East side of lake-04 & 05 in Sector-15 & 17 Uttara RMT 3rd Phase Project.","AWARDED_BIDDER","M/S Britto Construction","BRITTO CONSTRUCTION","13855001.10","responsive","qualified","","not_applicable_won_the_contract","not_applicable","","","","Tender_174710.pdf","1","Contract Value (Taka): 13855001.10; Name of Supplier/Contractor/Consultant: M/S Britto Construction","bid amount equals the awarded contract value as printed on the award notice"
"174710","RAJUK","Office of the Chief Engineer (Implementation)","Construction of lake drive road at East side of lake-04 & 05 in Sector-15 & 17 Uttara RMT 3rd Phase Project.","UNNAMED_REJECTED_BIDDERS_AGGREGATE","","","","non_responsive","not_qualified","","","","","","","Tender_174710.pdf","1","Received: 2; Responsive: 1 (difference is the rejected count)","count is derived as received minus responsive; 1 bidder(s)"
"174712","RAJUK","Office of the Chief Engineer (Implementation)","Remaining land development in/c road construction work earth/sand filling Sector-17 Block-K around the road no.10 Uttara RMT 3rd Phase Project.","AWARDED_BIDDER","MOZAHAR ENTERPRISE (PVT.) LTD.","MOZAHAR ENTERPRISE LTD","8533464.54","responsive","qualified","","not_applicable_won_the_contract","not_applicable","","","","Tender_174712.pdf","1","Contract Value (Taka): 8533464.54; Name of Supplier/Contractor/Consultant: MOZAHAR ENTERPRISE (PVT.) LTD.","bid amount equals the awarded contract value as printed on the award notice"
"174712","RAJUK","Office of the Chief Engineer (Implementation)","Remaining land development in/c road construction work earth/sand filling Sector-17 Block-K around the road no.10 Uttara RMT 3rd Phase Project.","UNNAMED_REJECTED_BIDDERS_AGGREGATE","","","","non_responsive","not_qualified","","","","","","","Tender_174712.pdf","1","Received: 3; Responsive: 2 (difference is the rejected count)","count is derived as received minus responsive; 1 bidder(s)"
"174717","RAJUK","Office of the Chief Engineer (Implementation)","Remaining land development work middle part of road 2 & 4 of Block-C1 earth/sand filling Sector-15 Uttara RMT 3rd Phase Project.","AWARDED_BIDDER","Unity Builders & Engineering","UNITY BUILDERS ENGINEERING","4182472.79","responsive","qualified","","not_applicable_won_the_contract","not_applicable","","","","Tender_174717.pdf","1","Contract Value (Taka): 4182472.79; Name of Supplier/Contractor/Consultant: Unity Builders & Engineering","bid amount equals the awarded contract value as printed on the award notice"
"174720","RAJUK","Office of the Chief Engineer (Implementation)","Construction of remaining road work of Southern part of Block-F Road-1 2 3 1A & 2A at Uttara RMT 3rd Phase Project.","AWARDED_BIDDER","M/S. A. R. Enterprise","A R ENTERPRISE","16625782.80","responsive","qualified","","not_applicable_won_the_contract","not_applicable","","","","Tender_174720.pdf","1","Contract Value (Taka): 16625782.80; Name of Supplier/Contractor/Consultant: M/S. A. R. Enterprise","bid amount equals the awarded contract value as printed on the award notice"
"174720","RAJUK","Office of the Chief Engineer (Implementation)","Construction of remaining road work of Southern part of Block-F Road-1 2 3 1A & 2A at Uttara RMT 3rd Phase Project.","UNNAMED_REJECTED_BIDDERS_AGGREGATE","","","","non_responsive","not_qualified","","","","","","","Tender_174720.pdf","1","Received: 2; Responsive: 1 (difference is the rejected count)","count is derived as received minus responsive; 1 bidder(s)"
"178196","RAJUK","Office of the Project Director, Urban Resilience Project-RAJUK Part,RAJUK,Dhaka","Supply of Computer and Related Equipment for PIU URPRAJUK","AWARDED_BIDDER","Smart Technologies (BD) Ltd.","SMART TECHNOLOGIES LTD","13246200.10","responsive","qualified","","not_applicable_won_the_contract","not_applicable","","","","Tender_178196.pdf","1","Contract Value (Taka): 13246200.10; Name of Supplier/Contractor/Consultant: Smart Technologies (BD) Ltd.","bid amount equals the awarded contract value as printed on the award notice"
"178196","RAJUK","Office of the Project Director, Urban Resilience Project-RAJUK Part,RAJUK,Dhaka","Supply of Computer and Related Equipment for PIU URPRAJUK","UNNAMED_REJECTED_BIDDERS_AGGREGATE","","","","non_responsive","not_qualified","","","","","","","Tender_178196.pdf","1","Received: 2; Responsive: 1 (difference is the rejected count)","count is derived as received minus responsive; 1 bidder(s)"
"189828","RAJUK","Office of the Chief Engineer (Implementation)","Cleaning work of room corridors stair & Bathroom at different floor of RAJUK Main Building and Annex Building.","AWARDED_BIDDER","M/S. Alam & Co.","ALAM CO","4511829.04","responsive","qualified","","not_applicable_won_the_contract","not_applicable","","","","Tender_189828.pdf","1","Contract Value (Taka): 4511829.04; Name of Supplier/Contractor/Consultant: M/S. Alam & Co.","bid amount equals the awarded contract value as printed on the award notice"
"18994","RAJUK","office of Chief Engineer ( Project & Design)","Installation and Maintenance of dedicated 15 (fifteen) Mbps Internet Connectivity for RAJUK with Webmail services.","AWARDED_BIDDER","ConnectBD Limited","CONNECTBD LTD","1512000.04","responsive","qualified","","not_applicable_won_the_contract","not_applicable","","","","Tender_18994.pdf","1","Contract Value (Taka): 1512000.04; Name of Supplier/Contractor/Consultant: ConnectBD Limited","bid amount equals the awarded contract value as printed on the award notice"
"198193","RAJUK","office of the Chief Engineer ( Project & Design)","Supply Installation Testing and Commissioning of Solar panel system for the Building No 12B & 12C under the Project of Construction of Residential Apartment Building for Low & Middle Income Group of people at Sector -18 of Uttara Model Town 3rd Phase","AWARDED_BIDDER","Sherpa Power Engineering Ltd.","SHERPA POWER ENGINEERING LTD","2899350.29","responsive","qualified","","not_applicable_won_the_contract","not_applicable","","","","Tender_198193.pdf","1","Contract Value (Taka): 2899350.29; Name of Supplier/Contractor/Consultant: Sherpa Power Engineering Ltd.","bid amount equals the awarded contract value as printed on the award notice"
"199368","RAJUK","office of the Chief Engineer ( Project & Design)","Supply & Installation of Street Light LED from Avenue 3 Part up to Baribad at Uttara Residential Model Town Phase-3.","AWARDED_BIDDER","M/S. Sany Construction","SANY CONSTRUCTION","3348987.30","responsive","qualified","","not_applicable_won_the_contract","not_applicable","","","","Tender_199368.pdf","1","Contract Value (Taka): 3348987.30; Name of Supplier/Contractor/Consultant: M/S. Sany Construction","bid amount equals the awarded contract value as printed on the award notice"
"199368","RAJUK","office of the Chief Engineer ( Project & Design)","Supply & Installation of Street Light LED from Avenue 3 Part up to Baribad at Uttara Residential Model Town Phase-3.","UNNAMED_REJECTED_BIDDERS_AGGREGATE","","","","non_responsive","not_qualified","","","","","","","Tender_199368.pdf","1","Received: 5; Responsive: 2 (difference is the rejected count)","count is derived as received minus responsive; 3 bidder(s)"
"199891","RAJUK","Office of the Chief Engineer (Implementation)","Construction of Boundary Wall and 6 Nos. Entry Gate sorrounding Block A of Uttara Apartment Project RAJUK.Which consists of around 2700 rm of Boundary Wall 6 nos entry Gate including security houses having RCC Grade Beam Column Lintel Brick works Pil","AWARDED_BIDDER","Momotaj Engineers Ltd.","MOMOTAJ ENGINEERS LTD","155146280.11","responsive","qualified","","not_applicable_won_the_contract","not_applicable","","","","Tender_199891.pdf","1","Contract Value (Taka): 155146280.11; Name of Supplier/Contractor/Consultant: Momotaj Engineers Ltd.","bid amount equals the awarded contract value as printed on the award notice"
"199891","RAJUK","Office of the Chief Engineer (Implementation)","Construction of Boundary Wall and 6 Nos. Entry Gate sorrounding Block A of Uttara Apartment Project RAJUK.Which consists of around 2700 rm of Boundary Wall 6 nos entry Gate including security houses having RCC Grade Beam Column Lintel Brick works Pil","UNNAMED_REJECTED_BIDDERS_AGGREGATE","","","","non_responsive","not_qualified","","","","","","","Tender_199891.pdf","1","Received: 4; Responsive: 3 (difference is the rejected count)","count is derived as received minus responsive; 1 bidder(s)"
"199942","RAJUK","Office of the Project Director, Urban Resilience Project-RAJUK Part,RAJUK,Dhaka","Supply and Installation of Furniture for PIU Office","AWARDED_BIDDER","Hatil Complex Ltd","HATIL COMPLEX LTD","9265034.20","responsive","qualified","","not_applicable_won_the_contract","not_applicable","","","","Tender_199942.pdf","1","Contract Value (Taka): 9265034.20; Name of Supplier/Contractor/Consultant: Hatil Complex Ltd","bid amount equals the awarded contract value as printed on the award notice"
"199942","RAJUK","Office of the Project Director, Urban Resilience Project-RAJUK Part,RAJUK,Dhaka","Supply and Installation of Furniture for PIU Office","UNNAMED_REJECTED_BIDDERS_AGGREGATE","","","","non_responsive","not_qualified","","","","","","","Tender_199942.pdf","1","Received: 2; Responsive: 1 (difference is the rejected count)","count is derived as received minus responsive; 1 bidder(s)"
"202993","RAJUK","Office of the Chief Engineer (Implementation)","Repair and Renovation work of Road No-107 & 409 including Cleaning of Surface drain at Sector No-04 of Purbachal New Town Project.","AWARDED_BIDDER","M/S Udayan Builders","UDAYAN BUILDERS","8150725.36","responsive","qualified","","not_applicable_won_the_contract","not_applicable","","","","Tender_202993.pdf","1","Contract Value (Taka): 8150725.36; Name of Supplier/Contractor/Consultant: M/S Udayan Builders","bid amount equals the awarded contract value as printed on the award notice"
"202993","RAJUK","Office of the Chief Engineer (Implementation)","Repair and Renovation work of Road No-107 & 409 including Cleaning of Surface drain at Sector No-04 of Purbachal New Town Project.","UNNAMED_REJECTED_BIDDERS_AGGREGATE","","","","non_responsive","not_qualified","","","","","","","Tender_202993.pdf","1","Received: 7; Responsive: 2 (difference is the rejected count)","count is derived as received minus responsive; 5 bidder(s)"
"209736","RAJUK","Office of the Chief Engineer (Implementation)","Construction of 10-storied Commercial cum Management Building and one basement floor including parking facilities Internal Sanitary Water supply Gas connection Internal electrification works and other ancillary works of Uttara Apartment Project at Bl","AWARDED_BIDDER","The United Construction Co.","THE UNITED CONSTRUCTION CO","933196527.93","responsive","qualified","","not_applicable_won_the_contract","not_applicable","","","","Tender_209736.pdf","1","Contract Value (Taka): 933196527.93; Name of Supplier/Contractor/Consultant: The United Construction Co.","bid amount equals the awarded contract value as printed on the award notice"
"209938","RAJUK","Office of the Chief Engineer (Implementation)","Construction of internal road and surface drain at sector no.-5 Part of Purbachal new town project Package-RDC-05 Lot- 01.","AWARDED_BIDDER","Toma Construction & Co. Limited","TOMA CONSTRUCTION CO LTD","115431333.84","responsive","qualified","","not_applicable_won_the_contract","not_applicable","","","","Tender_209938.pdf","1","Contract Value (Taka): 115431333.84; Name of Supplier/Contractor/Consultant: Toma Construction & Co. Limited","bid amount equals the awarded contract value as printed on the award notice"
"209939","RAJUK","Office of the Chief Engineer (Implementation)","Construction of internal road and surface drain at sector no.-29 Part of Purbachal new town project Package-RDC-29 Lot- 01.","AWARDED_BIDDER","Toma Construction & Co. Limited","TOMA CONSTRUCTION CO LTD","166879029.31","responsive","qualified","","not_applicable_won_the_contract","not_applicable","","","","Tender_209939.pdf","1","Contract Value (Taka): 166879029.31; Name of Supplier/Contractor/Consultant: Toma Construction & Co. Limited","bid amount equals the awarded contract value as printed on the award notice"
"209939","RAJUK","Office of the Chief Engineer (Implementation)","Construction of internal road and surface drain at sector no.-29 Part of Purbachal new town project Package-RDC-29 Lot- 01.","UNNAMED_REJECTED_BIDDERS_AGGREGATE","","","","non_responsive","not_qualified","","","","","","","Tender_209939.pdf","1","Received: 8; Responsive: 7 (difference is the rejected count)","count is derived as received minus responsive; 1 bidder(s)"
"214247","RAJUK","Office of the Chief Engineer (Implementation)","Re-Construction of Damaged Boundary Wall of the East side of Park/Play Ground at Sector 4 of Uttara RMT","AWARDED_BIDDER","M/S. A. R. Enterprise","A R ENTERPRISE","2440199.70","responsive","qualified","","not_applicable_won_the_contract","not_applicable","","","","Tender_214247.pdf","1","Contract Value (Taka): 2440199.70; Name of Supplier/Contractor/Consultant: M/S. A. R. Enterprise","bid amount equals the awarded contract value as printed on the award notice"
"214247","RAJUK","Office of the Chief Engineer (Implementation)","Re-Construction of Damaged Boundary Wall of the East side of Park/Play Ground at Sector 4 of Uttara RMT","UNNAMED_REJECTED_BIDDERS_AGGREGATE","","","","non_responsive","not_qualified","","","","","","","Tender_214247.pdf","1","Received: 5; Responsive: 4 (difference is the rejected count)","count is derived as received minus responsive; 1 bidder(s)"
"214275","RAJUK","Office of the Chief Engineer (Implementation)","Construction of Road No. 16/A part at sector 10 of Uttara RMT.","AWARDED_BIDDER","CONVOY SERVICE","CONVOY SERVICE","5906298.60","responsive","qualified","","not_applicable_won_the_contract","not_applicable","","","","Tender_214275.pdf","1","Contract Value (Taka): 5906298.60; Name of Supplier/Contractor/Consultant: CONVOY SERVICE","bid amount equals the awarded contract value as printed on the award notice"
"214275","RAJUK","Office of the Chief Engineer (Implementation)","Construction of Road No. 16/A part at sector 10 of Uttara RMT.","UNNAMED_REJECTED_BIDDERS_AGGREGATE","","","","non_responsive","not_qualified","","","","","","","Tender_214275.pdf","1","Received: 6; Responsive: 4 (difference is the rejected count)","count is derived as received minus responsive; 2 bidder(s)"
"214561","RAJUK","office of the Chief Engineer ( Project & Design)","Supply and fitting fixing of 05Five Nos. New Tubeless Tyre with O-Ring for Japany Tyre Dozer No-04 of RAJUK.","AWARDED_BIDDER","M/s. Halim Enterprise.","HALIM ENTERPRISE","1096555.01","responsive","qualified","","not_applicable_won_the_contract","not_applicable","","","","Tender_214561.pdf","1","Contract Value (Taka): 1096555.01; Name of Supplier/Contractor/Consultant: M/s. Halim Enterprise.","bid amount equals the awarded contract value as printed on the award notice"
"214561","RAJUK","office of the Chief Engineer ( Project & Design)","Supply and fitting fixing of 05Five Nos. New Tubeless Tyre with O-Ring for Japany Tyre Dozer No-04 of RAJUK.","UNNAMED_REJECTED_BIDDERS_AGGREGATE","","","","non_responsive","not_qualified","","","","","","","Tender_214561.pdf","1","Received: 3; Responsive: 2 (difference is the rejected count)","count is derived as received minus responsive; 1 bidder(s)"
"236241","RAJUK","office of the Chief Engineer ( Project & Design)","Supply Installation Testing & Commissioning of Special type lightning Protection system Earthing & Lightning & Surge Protection for the Building No- 13A &13B under the Project of Construction of Residential Apartment Building for Low & Middle Income","AWARDED_BIDDER","M/S. Sany Construction","SANY CONSTRUCTION","1494873.00","responsive","qualified","","not_applicable_won_the_contract","not_applicable","","","","Tender_236241.pdf","1","Contract Value (Taka): 1494873.00; Name of Supplier/Contractor/Consultant: M/S. Sany Construction","bid amount equals the awarded contract value as printed on the award notice"
"236241","RAJUK","office of the Chief Engineer ( Project & Design)","Supply Installation Testing & Commissioning of Special type lightning Protection system Earthing & Lightning & Surge Protection for the Building No- 13A &13B under the Project of Construction of Residential Apartment Building for Low & Middle Income","UNNAMED_REJECTED_BIDDERS_AGGREGATE","","","","non_responsive","not_qualified","","","","","","","Tender_236241.pdf","1","Received: 12; Responsive: 5 (difference is the rejected count)","count is derived as received minus responsive; 7 bidder(s)"
"236242","RAJUK","office of the Chief Engineer ( Project & Design)","Supply Installation Testing & Commissioning of Special type lightning Protection system Earthing & Lightning & Surge Protection for the Building No- 01A 01B & 01C 01D under the Project of Construction of Residential Apartment Building for Low & Middl","AWARDED_BIDDER","M/S. Sany Construction","SANY CONSTRUCTION","2989746.00","responsive","qualified","","not_applicable_won_the_contract","not_applicable","","","","Tender_236242.pdf","1","Contract Value (Taka): 2989746.00; Name of Supplier/Contractor/Consultant: M/S. Sany Construction","bid amount equals the awarded contract value as printed on the award notice"
"236242","RAJUK","office of the Chief Engineer ( Project & Design)","Supply Installation Testing & Commissioning of Special type lightning Protection system Earthing & Lightning & Surge Protection for the Building No- 01A 01B & 01C 01D under the Project of Construction of Residential Apartment Building for Low & Middl","UNNAMED_REJECTED_BIDDERS_AGGREGATE","","","","non_responsive","not_qualified","","","","","","","Tender_236242.pdf","1","Received: 12; Responsive: 4 (difference is the rejected count)","count is derived as received minus responsive; 8 bidder(s)"
"237820","RAJUK","Office of the Project Director, Urban Resilience Project-RAJUK Part,RAJUK,Dhaka","Variable Refrigerant Flow -VRF- Air Conditioning System Supply and Installation for the Renovation Work of URP-RAJUK","AWARDED_BIDDER","MEP ENGINEERING POINT","MEP ENGINEERING POINT","9118701.01","responsive","qualified","","not_applicable_won_the_contract","not_applicable","","","","Tender_237820.pdf","1","Contract Value (Taka): 9118701.01; Name of Supplier/Contractor/Consultant: MEP ENGINEERING POINT","bid amount equals the awarded contract value as printed on the award notice"
"237820","RAJUK","Office of the Project Director, Urban Resilience Project-RAJUK Part,RAJUK,Dhaka","Variable Refrigerant Flow -VRF- Air Conditioning System Supply and Installation for the Renovation Work of URP-RAJUK","UNNAMED_REJECTED_BIDDERS_AGGREGATE","","","","non_responsive","not_qualified","","","","","","","Tender_237820.pdf","1","Received: 2; Responsive: 1 (difference is the rejected count)","count is derived as received minus responsive; 1 bidder(s)"
"248616","RAJUK","office of the Chief Engineer ( Project & Design)","Supply Installation Testing & Commissioning of Special type lightning Protection system Earthing & Lightning & Surge Protection for the Building No- 02A 02B & 02C 02D under the Project of Construction of Residential Apartment Building for Low & Middl","AWARDED_BIDDER","M/S. Sany Construction","SANY CONSTRUCTION","2989746.00","responsive","qualified","","not_applicable_won_the_contract","not_applicable","","","","Tender_248616.pdf","1","Contract Value (Taka): 2989746.00; Name of Supplier/Contractor/Consultant: M/S. Sany Construction","bid amount equals the awarded contract value as printed on the award notice"
"248616","RAJUK","office of the Chief Engineer ( Project & Design)","Supply Installation Testing & Commissioning of Special type lightning Protection system Earthing & Lightning & Surge Protection for the Building No- 02A 02B & 02C 02D under the Project of Construction of Residential Apartment Building for Low & Middl","UNNAMED_REJECTED_BIDDERS_AGGREGATE","","","","non_responsive","not_qualified","","","","","","","Tender_248616.pdf","1","Received: 12; Responsive: 4 (difference is the rejected count)","count is derived as received minus responsive; 8 bidder(s)"
"248617","RAJUK","office of the Chief Engineer ( Project & Design)","Supply Installation Testing & Commissioning of Special type lightning Protection system Earthing & Lightning & Surge Protection for the Building No- 04A 04B & 04C 04D under the Project of Construction of Residential Apartment Building for Low & Middl","AWARDED_BIDDER","M/S. Sany Construction","SANY CONSTRUCTION","2989746.00","responsive","qualified","","not_applicable_won_the_contract","not_applicable","","","","Tender_248617.pdf","1","Contract Value (Taka): 2989746.00; Name of Supplier/Contractor/Consultant: M/S. Sany Construction","bid amount equals the awarded contract value as printed on the award notice"
"248617","RAJUK","office of the Chief Engineer ( Project & Design)","Supply Installation Testing & Commissioning of Special type lightning Protection system Earthing & Lightning & Surge Protection for the Building No- 04A 04B & 04C 04D under the Project of Construction of Residential Apartment Building for Low & Middl","UNNAMED_REJECTED_BIDDERS_AGGREGATE","","","","non_responsive","not_qualified","","","","","","","Tender_248617.pdf","1","Received: 13; Responsive: 5 (difference is the rejected count)","count is derived as received minus responsive; 8 bidder(s)"
"248618","RAJUK","office of the Chief Engineer ( Project & Design)","Supply Installation Testing & Commissioning of Special type lightning Protection system Earthing & Lightning & Surge Protection for the Building No- 05A 05B & 05C 05D under the Project of Construction of Residential Apartment Building for Low & Middl","AWARDED_BIDDER","M/S. Sany Construction","SANY CONSTRUCTION","2989746.00","responsive","qualified","","not_applicable_won_the_contract","not_applicable","","","","Tender_248618.pdf","1","Contract Value (Taka): 2989746.00; Name of Supplier/Contractor/Consultant: M/S. Sany Construction","bid amount equals the awarded contract value as printed on the award notice"
"248618","RAJUK","office of the Chief Engineer ( Project & Design)","Supply Installation Testing & Commissioning of Special type lightning Protection system Earthing & Lightning & Surge Protection for the Building No- 05A 05B & 05C 05D under the Project of Construction of Residential Apartment Building for Low & Middl","UNNAMED_REJECTED_BIDDERS_AGGREGATE","","","","non_responsive","not_qualified","","","","","","","Tender_248618.pdf","1","Received: 12; Responsive: 4 (difference is the rejected count)","count is derived as received minus responsive; 8 bidder(s)"
"248619","RAJUK","office of the Chief Engineer ( Project & Design)","Supply Installation Testing & Commissioning of Special type lightning Protection system Earthing & Lightning & Surge Protection for the Building No- 06A 06B & 06C 06D under the Project of Construction of Residential Apartment Building for Low & Middl","AWARDED_BIDDER","M/S. Sany Construction","SANY CONSTRUCTION","2989746.00","responsive","qualified","","not_applicable_won_the_contract","not_applicable","","","","Tender_248619.pdf","1","Contract Value (Taka): 2989746.00; Name of Supplier/Contractor/Consultant: M/S. Sany Construction","bid amount equals the awarded contract value as printed on the award notice"
"248619","RAJUK","office of the Chief Engineer ( Project & Design)","Supply Installation Testing & Commissioning of Special type lightning Protection system Earthing & Lightning & Surge Protection for the Building No- 06A 06B & 06C 06D under the Project of Construction of Residential Apartment Building for Low & Middl","UNNAMED_REJECTED_BIDDERS_AGGREGATE","","","","non_responsive","not_qualified","","","","","","","Tender_248619.pdf","1","Received: 12; Responsive: 4 (difference is the rejected count)","count is derived as received minus responsive; 8 bidder(s)"
"248621","RAJUK","office of the Chief Engineer ( Project & Design)","Supply Installation Testing & Commissioning of Special type lightning Protection system Earthing & Lightning & Surge Protection for the Building No- 16A 16B & 16C 16D under the Project of Construction of Residential Apartment Building for Low & Middl","AWARDED_BIDDER","M/S. Sany Construction","SANY CONSTRUCTION","2989746.00","responsive","qualified","","not_applicable_won_the_contract","not_applicable","","","","Tender_248621.pdf","1","Contract Value (Taka): 2989746.00; Name of Supplier/Contractor/Consultant: M/S. Sany Construction","bid amount equals the awarded contract value as printed on the award notice"
"248621","RAJUK","office of the Chief Engineer ( Project & Design)","Supply Installation Testing & Commissioning of Special type lightning Protection system Earthing & Lightning & Surge Protection for the Building No- 16A 16B & 16C 16D under the Project of Construction of Residential Apartment Building for Low & Middl","UNNAMED_REJECTED_BIDDERS_AGGREGATE","","","","non_responsive","not_qualified","","","","","","","Tender_248621.pdf","1","Received: 12; Responsive: 4 (difference is the rejected count)","count is derived as received minus responsive; 8 bidder(s)"
"248622","RAJUK","office of the Chief Engineer ( Project & Design)","Supply Installation Testing & Commissioning of Special type lightning Protection system Earthing & Lightning & Surge Protection for the Building No- 17A 17B & 17C 17D under the Project of Construction of Residential Apartment Building for Low & Middl","AWARDED_BIDDER","M/S. Sany Construction","SANY CONSTRUCTION","2989746.00","responsive","qualified","","not_applicable_won_the_contract","not_applicable","","","","Tender_248622.pdf","1","Contract Value (Taka): 2989746.00; Name of Supplier/Contractor/Consultant: M/S. Sany Construction","bid amount equals the awarded contract value as printed on the award notice"
"248622","RAJUK","office of the Chief Engineer ( Project & Design)","Supply Installation Testing & Commissioning of Special type lightning Protection system Earthing & Lightning & Surge Protection for the Building No- 17A 17B & 17C 17D under the Project of Construction of Residential Apartment Building for Low & Middl","UNNAMED_REJECTED_BIDDERS_AGGREGATE","","","","non_responsive","not_qualified","","","","","","","Tender_248622.pdf","1","Received: 13; Responsive: 4 (difference is the rejected count)","count is derived as received minus responsive; 9 bidder(s)"
"248623","RAJUK","office of the Chief Engineer ( Project & Design)","Supply Installation Testing & Commissioning of Special type lightning Protection system Earthing & Lightning & Surge Protection for the Building No- 03A & 03B under the Project of Construction of Residential Apartment Building for Low & Middle Income","AWARDED_BIDDER","M/S. Sany Construction","SANY CONSTRUCTION","1494873.00","responsive","qualified","","not_applicable_won_the_contract","not_applicable","","","","Tender_248623.pdf","1","Contract Value (Taka): 1494873.00; Name of Supplier/Contractor/Consultant: M/S. Sany Construction","bid amount equals the awarded contract value as printed on the award notice"
"248623","RAJUK","office of the Chief Engineer ( Project & Design)","Supply Installation Testing & Commissioning of Special type lightning Protection system Earthing & Lightning & Surge Protection for the Building No- 03A & 03B under the Project of Construction of Residential Apartment Building for Low & Middle Income","UNNAMED_REJECTED_BIDDERS_AGGREGATE","","","","non_responsive","not_qualified","","","","","","","Tender_248623.pdf","1","Received: 12; Responsive: 5 (difference is the rejected count)","count is derived as received minus responsive; 7 bidder(s)"
"248625","RAJUK","office of the Chief Engineer ( Project & Design)","Supply Installation Testing & Commissioning of Special type lightning Protection system Earthing & Lightning & Surge Protection for the Building No- 13C &13D under the Project of Construction of Residential Apartment Building for Low & Middle Income","AWARDED_BIDDER","M/S. Sany Construction","SANY CONSTRUCTION","1494873.00","responsive","qualified","","not_applicable_won_the_contract","not_applicable","","","","Tender_248625.pdf","1","Contract Value (Taka): 1494873.00; Name of Supplier/Contractor/Consultant: M/S. Sany Construction","bid amount equals the awarded contract value as printed on the award notice"
"248625","RAJUK","office of the Chief Engineer ( Project & Design)","Supply Installation Testing & Commissioning of Special type lightning Protection system Earthing & Lightning & Surge Protection for the Building No- 13C &13D under the Project of Construction of Residential Apartment Building for Low & Middle Income","UNNAMED_REJECTED_BIDDERS_AGGREGATE","","","","non_responsive","not_qualified","","","","","","","Tender_248625.pdf","1","Received: 12; Responsive: 5 (difference is the rejected count)","count is derived as received minus responsive; 7 bidder(s)"
"248630","RAJUK","office of the Chief Engineer ( Project & Design)","Supply Installation Testing & Commissioning of Special type lightning Protection system Earthing & Lightning & Surge Protection for the Building No- 12B &12C under the Project of Construction of Residential Apartment Building for Low & Middle Income","AWARDED_BIDDER","M/S. Sany Construction","SANY CONSTRUCTION","1494873.00","responsive","qualified","","not_applicable_won_the_contract","not_applicable","","","","Tender_248630.pdf","1","Contract Value (Taka): 1494873.00; Name of Supplier/Contractor/Consultant: M/S. Sany Construction","bid amount equals the awarded contract value as printed on the award notice"
"248630","RAJUK","office of the Chief Engineer ( Project & Design)","Supply Installation Testing & Commissioning of Special type lightning Protection system Earthing & Lightning & Surge Protection for the Building No- 12B &12C under the Project of Construction of Residential Apartment Building for Low & Middle Income","UNNAMED_REJECTED_BIDDERS_AGGREGATE","","","","non_responsive","not_qualified","","","","","","","Tender_248630.pdf","1","Received: 14; Responsive: 4 (difference is the rejected count)","count is derived as received minus responsive; 10 bidder(s)"
"248631","RAJUK","office of the Chief Engineer ( Project & Design)","Supply Installation Testing & Commissioning of Special type lightning Protection system Earthing & Lightning & Surge Protection for the Building No- 03C & 03D of Lot No-17 under the Project of Construction of Residential Apartment Building for Low &","AWARDED_BIDDER","M/S. Sany Construction","SANY CONSTRUCTION","1494873.00","responsive","qualified","","not_applicable_won_the_contract","not_applicable","","","","Tender_248631.pdf","1","Contract Value (Taka): 1494873.00; Name of Supplier/Contractor/Consultant: M/S. Sany Construction","bid amount equals the awarded contract value as printed on the award notice"
"248631","RAJUK","office of the Chief Engineer ( Project & Design)","Supply Installation Testing & Commissioning of Special type lightning Protection system Earthing & Lightning & Surge Protection for the Building No- 03C & 03D of Lot No-17 under the Project of Construction of Residential Apartment Building for Low &","UNNAMED_REJECTED_BIDDERS_AGGREGATE","","","","non_responsive","not_qualified","","","","","","","Tender_248631.pdf","1","Received: 14; Responsive: 4 (difference is the rejected count)","count is derived as received minus responsive; 10 bidder(s)"
"248633","RAJUK","office of the Chief Engineer ( Project & Design)","Supply Installation Testing & Commissioning of Special type lightning Protection system Earthing & Lightning & Surge Protection for the Building No- 14A & 14B of Lot No-20 under the Project of Construction of Residential Apartment Building for Low &","AWARDED_BIDDER","M/S. Sany Construction","SANY CONSTRUCTION","1494873.00","responsive","qualified","","not_applicable_won_the_contract","not_applicable","","","","Tender_248633.pdf","1","Contract Value (Taka): 1494873.00; Name of Supplier/Contractor/Consultant: M/S. Sany Construction","bid amount equals the awarded contract value as printed on the award notice"
"248633","RAJUK","office of the Chief Engineer ( Project & Design)","Supply Installation Testing & Commissioning of Special type lightning Protection system Earthing & Lightning & Surge Protection for the Building No- 14A & 14B of Lot No-20 under the Project of Construction of Residential Apartment Building for Low &","UNNAMED_REJECTED_BIDDERS_AGGREGATE","","","","non_responsive","not_qualified","","","","","","","Tender_248633.pdf","1","Received: 12; Responsive: 4 (difference is the rejected count)","count is derived as received minus responsive; 8 bidder(s)"
"251218","RAJUK","Office of the Chief Engineer (Implementation)","Renovation works Office decoration Aluminum partition Painting and other works in the office of the Director Zone-6 at 2nd floor North side of RAJUK Main Building.","AWARDED_BIDDER","M/S Techno Trade International","TECHNO TRADE INTERNATIONAL","742979.67","responsive","qualified","","not_applicable_won_the_contract","not_applicable","","","","Tender_251218.pdf","1","Contract Value (Taka): 742979.67; Name of Supplier/Contractor/Consultant: M/S Techno Trade International","bid amount equals the awarded contract value as printed on the award notice"
"251224","RAJUK","Office of the Chief Engineer (Implementation)","Construction of internal Road and surface drain at Sector no-09part & 10 part of Purbachal New Town Project Package RDC-09 Lot-03.","AWARDED_BIDDER","M/s Shafique and Sons","SHAFIQUE AND SONS","18459309.55","responsive","qualified","","not_applicable_won_the_contract","not_applicable","","","","Tender_251224.pdf","1","Contract Value (Taka): 18459309.55; Name of Supplier/Contractor/Consultant: M/s Shafique and Sons","bid amount equals the awarded contract value as printed on the award notice"
"251227","RAJUK","Office of the Chief Engineer (Implementation)","Road cutting and repair work of sector no-02 road no-201 102 210 & 304 for connection the electricity laying under ground cable line in DESCO at 132/33/11 KV Sub-Station at Purbachal New Town Project.","AWARDED_BIDDER","M/S. A. R. Enterprise","A R ENTERPRISE","11057081.80","responsive","qualified","","not_applicable_won_the_contract","not_applicable","","","","Tender_251227.pdf","1","Contract Value (Taka): 11057081.80; Name of Supplier/Contractor/Consultant: M/S. A. R. Enterprise","bid amount equals the awarded contract value as printed on the award notice"
"251227","RAJUK","Office of the Chief Engineer (Implementation)","Road cutting and repair work of sector no-02 road no-201 102 210 & 304 for connection the electricity laying under ground cable line in DESCO at 132/33/11 KV Sub-Station at Purbachal New Town Project.","UNNAMED_REJECTED_BIDDERS_AGGREGATE","","","","non_responsive","not_qualified","","","","","","","Tender_251227.pdf","1","Received: 12; Responsive: 9 (difference is the rejected count)","count is derived as received minus responsive; 3 bidder(s)"
"260451","RAJUK","office of the Chief Engineer ( Project & Design)","Yearly Servicing & Maintenance of CCTV Surveillance System of Rajuk Main & Annex Bhaban and Bhaban Complex.","AWARDED_BIDDER","Silver Sun Electronics","SILVER SUN ELECTRONICS","196020.01","responsive","qualified","","not_applicable_won_the_contract","not_applicable","","","","Tender_260451.pdf","1","Contract Value (Taka): 196020.01; Name of Supplier/Contractor/Consultant: Silver Sun Electronics","bid amount equals the awarded contract value as printed on the award notice"
"260513","RAJUK","office of the Chief Engineer ( Project & Design)","Shifting of Old CCTV Control System from Executive Engineer Electrical-1 Room to 5th floor Room No-510 at Rajuk Main Building.","AWARDED_BIDDER","Silver Sun Electronics","SILVER SUN ELECTRONICS","379310.20","responsive","qualified","","not_applicable_won_the_contract","not_applicable","","","","Tender_260513.pdf","1","Contract Value (Taka): 379310.20; Name of Supplier/Contractor/Consultant: Silver Sun Electronics","bid amount equals the awarded contract value as printed on the award notice"
"276518","RAJUK","office of the Chief Engineer ( Project & Design)","Purchase of different Printing items for official purpose of RAJUK.","AWARDED_BIDDER","Mitu Printing Press & Packaging","MITU PRINTING PRESS PACKAGING","1588977.57","responsive","qualified","","not_applicable_won_the_contract","not_applicable","","","","Tender_276518.pdf","1","Contract Value (Taka): 1588977.57; Name of Supplier/Contractor/Consultant: Mitu Printing Press & Packaging","bid amount equals the awarded contract value as printed on the award notice"
"276518","RAJUK","office of the Chief Engineer ( Project & Design)","Purchase of different Printing items for official purpose of RAJUK.","UNNAMED_REJECTED_BIDDERS_AGGREGATE","","","","non_responsive","not_qualified","","","","","","","Tender_276518.pdf","1","Received: 6; Responsive: 5 (difference is the rejected count)","count is derived as received minus responsive; 1 bidder(s)"
"292111","RAJUK","Office of the Chief Engineer (Implementation)","Construction of Remaining Internal Road and Surface Drain Package No-RDC-08 Lot-03 at Sector No-08 of Purbachal New Town Project.","AWARDED_BIDDER","NIAZ-NOONA JV.","NIAZ NOONA JV","217816341.22","responsive","qualified","","not_applicable_won_the_contract","not_applicable","","","","Tender_292111.pdf","1","Contract Value (Taka): 217816341.22; Name of Supplier/Contractor/Consultant: NIAZ-NOONA JV. ( JVCA Partners [Business Share]: Noona Traders [51.000%] , M/S. Niaz Traders [49.000%] )","bid amount equals the awarded contract value as printed on the award notice"
"292111","RAJUK","Office of the Chief Engineer (Implementation)","Construction of Remaining Internal Road and Surface Drain Package No-RDC-08 Lot-03 at Sector No-08 of Purbachal New Town Project.","JV_PARTNER_OF_WINNER","Noona Traders","NOONA TRADERS","111086334.02","responsive_as_part_of_the_winning_joint_venture","qualified_as_part_of_the_joint_venture","","","","","51.000","","Tender_292111.pdf","1","JVCA Partners [Business Share]: Noona Traders [51.000%]","bid_amount here is the partner's declared share of the contract value, not a separately published bid"
"292111","RAJUK","Office of the Chief Engineer (Implementation)","Construction of Remaining Internal Road and Surface Drain Package No-RDC-08 Lot-03 at Sector No-08 of Purbachal New Town Project.","JV_PARTNER_OF_WINNER","M/S. Niaz Traders","NIAZ TRADERS","106730007.20","responsive_as_part_of_the_winning_joint_venture","qualified_as_part_of_the_joint_venture","","","","","49.000","","Tender_292111.pdf","1","JVCA Partners [Business Share]: M/S. Niaz Traders [49.000%]","bid_amount here is the partner's declared share of the contract value, not a separately published bid"
"292111","RAJUK","Office of the Chief Engineer (Implementation)","Construction of Remaining Internal Road and Surface Drain Package No-RDC-08 Lot-03 at Sector No-08 of Purbachal New Town Project.","UNNAMED_REJECTED_BIDDERS_AGGREGATE","","","","non_responsive","not_qualified","","","","","","","Tender_292111.pdf","1","Received: 8; Responsive: 7 (difference is the rejected count)","count is derived as received minus responsive; 1 bidder(s)"
"293004","RAJUK","Office of the Chief Engineer (Implementation)","Construction for remaining internal Road and Drain Construction work at Sector no-18 Part of Purbachal New Town Project RDC-18 Lot-02.","AWARDED_BIDDER","Rafiq Construction Co. (Pvt.) Ltd and M/S Shafique & Sons Consortium","RAFIQ CONSTRUCTION CO LTD AND M S SHAFIQUE SONS CONSORTIUM","54614579.07","responsive","qualified","","not_applicable_won_the_contract","not_applicable","","","","Tender_293004.pdf","1","Contract Value (Taka): 54614579.07; Name of Supplier/Contractor/Consultant: Rafiq Construction Co. (Pvt.) Ltd and M/S Shafique & Sons Consortium ( JVCA Partners [Business Share]: M/s Shafique and Sons [49.000%] , Rafiq Construction Co. (Pvt.) Ltd. [51.000%] )","bid amount equals the awarded contract value as printed on the award notice"
"293004","RAJUK","Office of the Chief Engineer (Implementation)","Construction for remaining internal Road and Drain Construction work at Sector no-18 Part of Purbachal New Town Project RDC-18 Lot-02.","JV_PARTNER_OF_WINNER","M/s Shafique and Sons","SHAFIQUE AND SONS","26761143.74","responsive_as_part_of_the_winning_joint_venture","qualified_as_part_of_the_joint_venture","","","","","49.000","","Tender_293004.pdf","1","JVCA Partners [Business Share]: M/s Shafique and Sons [49.000%]","bid_amount here is the partner's declared share of the contract value, not a separately published bid"
"293004","RAJUK","Office of the Chief Engineer (Implementation)","Construction for remaining internal Road and Drain Construction work at Sector no-18 Part of Purbachal New Town Project RDC-18 Lot-02.","JV_PARTNER_OF_WINNER","Rafiq Construction Co. (Pvt.) Ltd.","RAFIQ CONSTRUCTION CO LTD","27853435.32","responsive_as_part_of_the_winning_joint_venture","qualified_as_part_of_the_joint_venture","","","","","51.000","","Tender_293004.pdf","1","JVCA Partners [Business Share]: Rafiq Construction Co. (Pvt.) Ltd. [51.000%]","bid_amount here is the partner's declared share of the contract value, not a separately published bid"
"293004","RAJUK","Office of the Chief Engineer (Implementation)","Construction for remaining internal Road and Drain Construction work at Sector no-18 Part of Purbachal New Town Project RDC-18 Lot-02.","UNNAMED_REJECTED_BIDDERS_AGGREGATE","","","","non_responsive","not_qualified","","","","","","","Tender_293004.pdf","1","Received: 10; Responsive: 7 (difference is the rejected count)","count is derived as received minus responsive; 3 bidder(s)"
"293018","RAJUK","Office of the Chief Engineer (Implementation)","Construction of Remaining Internal Road and Surface Drain Package No-RDC-10 Lot-03 at Sector No-10 of Purbachal New Town Project.","AWARDED_BIDDER","M/S. Niaz Traders","NIAZ TRADERS","25278908.37","responsive","qualified","","not_applicable_won_the_contract","not_applicable","","","","Tender_293018.pdf","1","Contract Value (Taka): 25278908.37; Name of Supplier/Contractor/Consultant: M/S. Niaz Traders","bid amount equals the awarded contract value as printed on the award notice"
"294388","RAJUK","office of the Chief Engineer ( Project & Design)","Supply & Installation of PABX System at Gulshan Apartment Project Plot-32 Road-115 Phase-2.","AWARDED_BIDDER","T.S Enterprise","T S ENTERPRISE","430185.60","responsive","qualified","","not_applicable_won_the_contract","not_applicable","","","","Tender_294388.pdf","1","Contract Value (Taka): 430185.60; Name of Supplier/Contractor/Consultant: T.S Enterprise","bid amount equals the awarded contract value as printed on the award notice"
"294388","RAJUK","office of the Chief Engineer ( Project & Design)","Supply & Installation of PABX System at Gulshan Apartment Project Plot-32 Road-115 Phase-2.","UNNAMED_REJECTED_BIDDERS_AGGREGATE","","","","non_responsive","not_qualified","","","","","","","Tender_294388.pdf","1","Received: 4; Responsive: 1 (difference is the rejected count)","count is derived as received minus responsive; 3 bidder(s)"
"294444","RAJUK","office of the Chief Engineer ( Project & Design)","Supply & Installation of Digital Photo copier Machine for Admin & DAP Section at Rajuk.","AWARDED_BIDDER","M/S Howlader Trading International","HOWLADER TRADING INTERNATIONAL","499900.00","responsive","qualified","","not_applicable_won_the_contract","not_applicable","","","","Tender_294444.pdf","1","Contract Value (Taka): 499900.00; Name of Supplier/Contractor/Consultant: M/S Howlader Trading International","bid amount equals the awarded contract value as printed on the award notice"
"294444","RAJUK","office of the Chief Engineer ( Project & Design)","Supply & Installation of Digital Photo copier Machine for Admin & DAP Section at Rajuk.","UNNAMED_REJECTED_BIDDERS_AGGREGATE","","","","non_responsive","not_qualified","","","","","","","Tender_294444.pdf","1","Received: 4; Responsive: 2 (difference is the rejected count)","count is derived as received minus responsive; 2 bidder(s)"
"311188","RAJUK","Office of the Chief Engineer (Implementation)","Construction of 10Ten storied Apartment Building with 01One Basement at Plot CWSB28 Road-31 Gulshan Dhaka Building No-02.","AWARDED_BIDDER","MAHABUB BROTHERS(PVT)LIMITED","MAHABUB BROTHERS LTD","162409362.26","responsive","qualified","","not_applicable_won_the_contract","not_applicable","","","","Tender_311188.pdf","1","Contract Value (Taka): 162409362.26; Name of Supplier/Contractor/Consultant: MAHABUB BROTHERS(PVT)LIMITED","bid amount equals the awarded contract value as printed on the award notice"
"311188","RAJUK","Office of the Chief Engineer (Implementation)","Construction of 10Ten storied Apartment Building with 01One Basement at Plot CWSB28 Road-31 Gulshan Dhaka Building No-02.","UNNAMED_REJECTED_BIDDERS_AGGREGATE","","","","non_responsive","not_qualified","","","","","","","Tender_311188.pdf","1","Received: 6; Responsive: 3 (difference is the rejected count)","count is derived as received minus responsive; 3 bidder(s)"
"312476","RAJUK","Office of the Chief Engineer (Implementation)","Construction of 4Four storied Apartment Building at Plot no-8/2 Block-A Awrangajeb Road Mohammedpur Dhaka Building No-05.","AWARDED_BIDDER","MRC-Techbay-JV","MRC TECHBAY JV","71327762.33","responsive","qualified","","not_applicable_won_the_contract","not_applicable","","","","Tender_312476.pdf","1","Contract Value (Taka): 71327762.33; Name of Supplier/Contractor/Consultant: MRC-Techbay-JV ( JVCA Partners [Business Share]: M/s. M.R. Construction [49.000%] , Techbay International [51.000%] )","bid amount equals the awarded contract value as printed on the award notice"
"312476","RAJUK","Office of the Chief Engineer (Implementation)","Construction of 4Four storied Apartment Building at Plot no-8/2 Block-A Awrangajeb Road Mohammedpur Dhaka Building No-05.","JV_PARTNER_OF_WINNER","M/s. M.R. Construction","M R CONSTRUCTION","34950603.54","responsive_as_part_of_the_winning_joint_venture","qualified_as_part_of_the_joint_venture","","","","","49.000","","Tender_312476.pdf","1","JVCA Partners [Business Share]: M/s. M.R. Construction [49.000%]","bid_amount here is the partner's declared share of the contract value, not a separately published bid"
"312476","RAJUK","Office of the Chief Engineer (Implementation)","Construction of 4Four storied Apartment Building at Plot no-8/2 Block-A Awrangajeb Road Mohammedpur Dhaka Building No-05.","JV_PARTNER_OF_WINNER","Techbay International","TECHBAY INTERNATIONAL","36377158.79","responsive_as_part_of_the_winning_joint_venture","qualified_as_part_of_the_joint_venture","","","","","51.000","","Tender_312476.pdf","1","JVCA Partners [Business Share]: Techbay International [51.000%]","bid_amount here is the partner's declared share of the contract value, not a separately published bid"
"312476","RAJUK","Office of the Chief Engineer (Implementation)","Construction of 4Four storied Apartment Building at Plot no-8/2 Block-A Awrangajeb Road Mohammedpur Dhaka Building No-05.","UNNAMED_REJECTED_BIDDERS_AGGREGATE","","","","non_responsive","not_qualified","","","","","","","Tender_312476.pdf","1","Received: 8; Responsive: 5 (difference is the rejected count)","count is derived as received minus responsive; 3 bidder(s)"
"312479","RAJUK","Office of the Chief Engineer (Implementation)","Construction of 9Nine storied Apartment Building at Plot no-6/12 Block-E Lalmatia Dhaka Building No-09.","AWARDED_BIDDER","MAHABUB BROTHERS(PVT)LIMITED","MAHABUB BROTHERS LTD","69684008.14","responsive","qualified","","not_applicable_won_the_contract","not_applicable","","","","Tender_312479.pdf","1","Contract Value (Taka): 69684008.14; Name of Supplier/Contractor/Consultant: MAHABUB BROTHERS(PVT)LIMITED","bid amount equals the awarded contract value as printed on the award notice"
"312479","RAJUK","Office of the Chief Engineer (Implementation)","Construction of 9Nine storied Apartment Building at Plot no-6/12 Block-E Lalmatia Dhaka Building No-09.","UNNAMED_REJECTED_BIDDERS_AGGREGATE","","","","non_responsive","not_qualified","","","","","","","Tender_312479.pdf","1","Received: 4; Responsive: 3 (difference is the rejected count)","count is derived as received minus responsive; 1 bidder(s)"
"316510","RAJUK","office of the Chief Engineer ( Project & Design)","Temporary illumination of Rajuk Bhaban & Purbachal Site Office in different Religion Festivals & State Phase.","AWARDED_BIDDER","M/S TANIN ENTERPRISE","TANIN ENTERPRISE","570000.00","responsive","qualified","","not_applicable_won_the_contract","not_applicable","","","","Tender_316510.pdf","1","Contract Value (Taka): 570000.00; Name of Supplier/Contractor/Consultant: M/S TANIN ENTERPRISE","bid amount equals the awarded contract value as printed on the award notice"
"316510","RAJUK","office of the Chief Engineer ( Project & Design)","Temporary illumination of Rajuk Bhaban & Purbachal Site Office in different Religion Festivals & State Phase.","UNNAMED_REJECTED_BIDDERS_AGGREGATE","","","","non_responsive","not_qualified","","","","","","","Tender_316510.pdf","1","Received: 2; Responsive: 1 (difference is the rejected count)","count is derived as received minus responsive; 1 bidder(s)"
"322658","RAJUK","Office of the Chief Engineer (Implementation)","Construction of 9Nine storied Apartment Building with 01One Basement at Plot no-22l21 Block-B Khilzi Road Mohammedpur Dhaka Building No-07.","AWARDED_BIDDER","UCCL The United Construction Company Limited","UCCL THE UNITED CONSTRUCTION COMPANY LTD","159872645.26","responsive","qualified","","not_applicable_won_the_contract","not_applicable","","","","Tender_322658.pdf","1","Contract Value (Taka): 159872645.26; Name of Supplier/Contractor/Consultant: UCCL The United Construction Company Limited","bid amount equals the awarded contract value as printed on the award notice"
"322658","RAJUK","Office of the Chief Engineer (Implementation)","Construction of 9Nine storied Apartment Building with 01One Basement at Plot no-22l21 Block-B Khilzi Road Mohammedpur Dhaka Building No-07.","UNNAMED_REJECTED_BIDDERS_AGGREGATE","","","","non_responsive","not_qualified","","","","","","","Tender_322658.pdf","1","Received: 4; Responsive: 3 (difference is the rejected count)","count is derived as received minus responsive; 1 bidder(s)"
"329551","RAJUK","office of the Chief Engineer ( Project & Design)","Supply and fitting fixing of 05Five Nos. new Tyre Tubeless & O-Ring for Japanesc Pay-Loader No.-03 of RAJUK.","AWARDED_BIDDER","M/s. Halim Enterprise.","HALIM ENTERPRISE","1105000.01","responsive","qualified","","not_applicable_won_the_contract","not_applicable","","","","Tender_329551.pdf","1","Contract Value (Taka): 1105000.01; Name of Supplier/Contractor/Consultant: M/s. Halim Enterprise.","bid amount equals the awarded contract value as printed on the award notice"
"329551","RAJUK","office of the Chief Engineer ( Project & Design)","Supply and fitting fixing of 05Five Nos. new Tyre Tubeless & O-Ring for Japanesc Pay-Loader No.-03 of RAJUK.","UNNAMED_REJECTED_BIDDERS_AGGREGATE","","","","non_responsive","not_qualified","","","","","","","Tender_329551.pdf","1","Received: 3; Responsive: 1 (difference is the rejected count)","count is derived as received minus responsive; 2 bidder(s)"
"329552","RAJUK","office of the Chief Engineer ( Project & Design)","Supply spare parts of Fuel pump A/C pump and fitting fixing of 2 Nos. Sprocket repair of POLAN Chain Dozer No-01 of RAJUK.","AWARDED_BIDDER","M/S Techno Trade International","TECHNO TRADE INTERNATIONAL","1250199.00","responsive","qualified","","not_applicable_won_the_contract","not_applicable","","","","Tender_329552.pdf","1","Contract Value (Taka): 1250199.00; Name of Supplier/Contractor/Consultant: M/S Techno Trade International","bid amount equals the awarded contract value as printed on the award notice"
"329552","RAJUK","office of the Chief Engineer ( Project & Design)","Supply spare parts of Fuel pump A/C pump and fitting fixing of 2 Nos. Sprocket repair of POLAN Chain Dozer No-01 of RAJUK.","UNNAMED_REJECTED_BIDDERS_AGGREGATE","","","","non_responsive","not_qualified","","","","","","","Tender_329552.pdf","1","Received: 3; Responsive: 2 (difference is the rejected count)","count is derived as received minus responsive; 1 bidder(s)"
"329553","RAJUK","office of the Chief Engineer ( Project & Design)","Supply spare parts of Fuel pump A/C pump and fitting fixing of 2 Nos. Sprocket repair of POLAN Chain Dozer No-02 of RAJUK.","AWARDED_BIDDER","M/S Techno Trade International","TECHNO TRADE INTERNATIONAL","1250199.00","responsive","qualified","","not_applicable_won_the_contract","not_applicable","","","","Tender_329553.pdf","1","Contract Value (Taka): 1250199.00; Name of Supplier/Contractor/Consultant: M/S Techno Trade International","bid amount equals the awarded contract value as printed on the award notice"
"329553","RAJUK","office of the Chief Engineer ( Project & Design)","Supply spare parts of Fuel pump A/C pump and fitting fixing of 2 Nos. Sprocket repair of POLAN Chain Dozer No-02 of RAJUK.","UNNAMED_REJECTED_BIDDERS_AGGREGATE","","","","non_responsive","not_qualified","","","","","","","Tender_329553.pdf","1","Received: 2; Responsive: 1 (difference is the rejected count)","count is derived as received minus responsive; 1 bidder(s)"
"329556","RAJUK","office of the Chief Engineer ( Project & Design)","Engine Clutch system Overhauling and others Repairing with supplying of spare parts & fitting fixing of Road Roller No- 15.","AWARDED_BIDDER","M/S Techno Trade International","TECHNO TRADE INTERNATIONAL","1152495.00","responsive","qualified","","not_applicable_won_the_contract","not_applicable","","","","Tender_329556.pdf","1","Contract Value (Taka): 1152495.00; Name of Supplier/Contractor/Consultant: M/S Techno Trade International","bid amount equals the awarded contract value as printed on the award notice"
"329556","RAJUK","office of the Chief Engineer ( Project & Design)","Engine Clutch system Overhauling and others Repairing with supplying of spare parts & fitting fixing of Road Roller No- 15.","UNNAMED_REJECTED_BIDDERS_AGGREGATE","","","","non_responsive","not_qualified","","","","","","","Tender_329556.pdf","1","Received: 3; Responsive: 2 (difference is the rejected count)","count is derived as received minus responsive; 1 bidder(s)"
"339042","RAJUK","Office of the Chief Engineer (Implementation)","Construction of RCC Drain at North side of Bangladesh China Friendship Exhibition center at Sector no-04 of Purbachal New Town Project.","AWARDED_BIDDER","M/S Razin International","RAZIN INTERNATIONAL","9630921.42","responsive","qualified","","not_applicable_won_the_contract","not_applicable","","","","Tender_339042.pdf","1","Contract Value (Taka): 9630921.42; Name of Supplier/Contractor/Consultant: M/S Razin International","bid amount equals the awarded contract value as printed on the award notice"
"339042","RAJUK","Office of the Chief Engineer (Implementation)","Construction of RCC Drain at North side of Bangladesh China Friendship Exhibition center at Sector no-04 of Purbachal New Town Project.","UNNAMED_REJECTED_BIDDERS_AGGREGATE","","","","non_responsive","not_qualified","","","","","","","Tender_339042.pdf","1","Received: 6; Responsive: 5 (difference is the rejected count)","count is derived as received minus responsive; 1 bidder(s)"
"376450","RAJUK","office of the Chief Engineer ( Project & Design)","Temporary illumination of Rajuk Zonal Offices & Site Offices in different Religion Festivals & State Phase.","AWARDED_BIDDER","M/S TANIN ENTERPRISE","TANIN ENTERPRISE","865065.77","responsive","qualified","","not_applicable_won_the_contract","not_applicable","","","","Tender_376450.pdf","1","Contract Value (Taka): 865065.77; Name of Supplier/Contractor/Consultant: M/S TANIN ENTERPRISE","bid amount equals the awarded contract value as printed on the award notice"
"376450","RAJUK","office of the Chief Engineer ( Project & Design)","Temporary illumination of Rajuk Zonal Offices & Site Offices in different Religion Festivals & State Phase.","UNNAMED_REJECTED_BIDDERS_AGGREGATE","","","","non_responsive","not_qualified","","","","","","","Tender_376450.pdf","1","Received: 2; Responsive: 1 (difference is the rejected count)","count is derived as received minus responsive; 1 bidder(s)"
"427350","RAJUK","Office of the Project Director, Urban Resilience Project-RAJUK Part,RAJUK,Dhaka","Supply & Installation of PA System Telecommunication Access Control & Security and General Electrical Equipment for PIU Office","AWARDED_BIDDER","Optimal Technology (Pvt. ) Ltd.","OPTIMAL TECHNOLOGY LTD","6486507.05","responsive","qualified","","not_applicable_won_the_contract","not_applicable","","","","Tender_427350.pdf","1","Contract Value (Taka): 6486507.05; Name of Supplier/Contractor/Consultant: Optimal Technology (Pvt. ) Ltd.","bid amount equals the awarded contract value as printed on the award notice"
"427350","RAJUK","Office of the Project Director, Urban Resilience Project-RAJUK Part,RAJUK,Dhaka","Supply & Installation of PA System Telecommunication Access Control & Security and General Electrical Equipment for PIU Office","UNNAMED_REJECTED_BIDDERS_AGGREGATE","","","","non_responsive","not_qualified","","","","","","","Tender_427350.pdf","1","Received: 3; Responsive: 2 (difference is the rejected count)","count is derived as received minus responsive; 1 bidder(s)"
"427858","RAJUK","Purbachal New Town Project","Providing Private Security & Cleaning Service for Site Ofce at Sector No-04 of Purbachal New Town Project.","AWARDED_BIDDER","M/S. Alam & Co.","ALAM CO","2665436.40","responsive","qualified","","not_applicable_won_the_contract","not_applicable","","","","Tender_427858.pdf","1","Contract Value (Taka): 2665436.40; Name of Supplier/Contractor/Consultant: M/S. Alam & Co.","bid amount equals the awarded contract value as printed on the award notice"
"427858","RAJUK","Purbachal New Town Project","Providing Private Security & Cleaning Service for Site Ofce at Sector No-04 of Purbachal New Town Project.","UNNAMED_REJECTED_BIDDERS_AGGREGATE","","","","non_responsive","not_qualified","","","","","","","Tender_427858.pdf","1","Received: 6; Responsive: 2 (difference is the rejected count)","count is derived as received minus responsive; 4 bidder(s)"
"427863","RAJUK","Purbachal New Town Project","Construction of internal Road and surface Drain at Sector no -05 part of purbachal new town project. Package RDC -05 Lot-02.","AWARDED_BIDDER","MOZAHAR ENTERPRISE (PVT.) LTD. & M/S REZA ENTERPRISE-JV","MOZAHAR ENTERPRISE LTD M S REZA ENTERPRISE JV","38993439.01","responsive","qualified","","not_applicable_won_the_contract","not_applicable","","","","Tender_427863.pdf","1","Contract Value (Taka): 38993439.01; Name of Supplier/Contractor/Consultant: MOZAHAR ENTERPRISE (PVT.) LTD. & M/S REZA ENTERPRISE-JV ( JVCA Partners [Business Share]: M/S REZA ENTERPRISE [90.000%] , MOZAHAR ENTERPRISE (PVT.) LTD. [10.000%] )","bid amount equals the awarded contract value as printed on the award notice"
"427863","RAJUK","Purbachal New Town Project","Construction of internal Road and surface Drain at Sector no -05 part of purbachal new town project. Package RDC -05 Lot-02.","JV_PARTNER_OF_WINNER","M/S REZA ENTERPRISE","REZA ENTERPRISE","35094095.11","responsive_as_part_of_the_winning_joint_venture","qualified_as_part_of_the_joint_venture","","","","","90.000","","Tender_427863.pdf","1","JVCA Partners [Business Share]: M/S REZA ENTERPRISE [90.000%]","bid_amount here is the partner's declared share of the contract value, not a separately published bid"
"427863","RAJUK","Purbachal New Town Project","Construction of internal Road and surface Drain at Sector no -05 part of purbachal new town project. Package RDC -05 Lot-02.","JV_PARTNER_OF_WINNER","MOZAHAR ENTERPRISE (PVT.) LTD.","MOZAHAR ENTERPRISE LTD","3899343.90","responsive_as_part_of_the_winning_joint_venture","qualified_as_part_of_the_joint_venture","","","","","10.000","","Tender_427863.pdf","1","JVCA Partners [Business Share]: MOZAHAR ENTERPRISE (PVT.) LTD. [10.000%]","bid_amount here is the partner's declared share of the contract value, not a separately published bid"
"431689","RAJUK","Uttara 3rd Phase Project","Repair & Renovation work of Avenue-9 bridge no- 02 to bridge no-11 of the Uttara Residential Model Town 3rd phase project.","AWARDED_BIDDER","Momotaj Engineers Ltd.","MOMOTAJ ENGINEERS LTD","25495255.78","responsive","qualified","","not_applicable_won_the_contract","not_applicable","","","","Tender_431689.pdf","1","Contract Value (Taka): 25495255.78; Name of Supplier/Contractor/Consultant: Momotaj Engineers Ltd.","bid amount equals the awarded contract value as printed on the award notice"
"431689","RAJUK","Uttara 3rd Phase Project","Repair & Renovation work of Avenue-9 bridge no- 02 to bridge no-11 of the Uttara Residential Model Town 3rd phase project.","UNNAMED_REJECTED_BIDDERS_AGGREGATE","","","","non_responsive","not_qualified","","","","","","","Tender_431689.pdf","1","Received: 5; Responsive: 1 (difference is the rejected count)","count is derived as received minus responsive; 4 bidder(s)"
"431690","RAJUK","Uttara 3rd Phase Project","Repair & Renovation of roads digging by Dhaka WASA & DESCO including Remaining Land filling in the southern part of sector 15 of Uttara Residential Model Town 3rd phase project.","AWARDED_BIDDER","M/S. Sapna Construction","SAPNA CONSTRUCTION","23185264.03","responsive","qualified","","not_applicable_won_the_contract","not_applicable","","","","Tender_431690.pdf","1","Contract Value (Taka): 23185264.03; Name of Supplier/Contractor/Consultant: M/S. Sapna Construction","bid amount equals the awarded contract value as printed on the award notice"
"431690","RAJUK","Uttara 3rd Phase Project","Repair & Renovation of roads digging by Dhaka WASA & DESCO including Remaining Land filling in the southern part of sector 15 of Uttara Residential Model Town 3rd phase project.","UNNAMED_REJECTED_BIDDERS_AGGREGATE","","","","non_responsive","not_qualified","","","","","","","Tender_431690.pdf","1","Received: 7; Responsive: 4 (difference is the rejected count)","count is derived as received minus responsive; 3 bidder(s)"
"431692","RAJUK","Uttara 3rd Phase Project","Repair & Renovation of roads digging by Dhaka WASA & DESCO including Remaining Land filling in the Block A B & C of sector 16 of Uttara Residential Model Town 3rd phase project.","AWARDED_BIDDER","M/S Udayan Builders","UDAYAN BUILDERS","25765686.21","responsive","qualified","","not_applicable_won_the_contract","not_applicable","","","","Tender_431692.pdf","1","Contract Value (Taka): 25765686.21; Name of Supplier/Contractor/Consultant: M/S Udayan Builders","bid amount equals the awarded contract value as printed on the award notice"
"431692","RAJUK","Uttara 3rd Phase Project","Repair & Renovation of roads digging by Dhaka WASA & DESCO including Remaining Land filling in the Block A B & C of sector 16 of Uttara Residential Model Town 3rd phase project.","UNNAMED_REJECTED_BIDDERS_AGGREGATE","","","","non_responsive","not_qualified","","","","","","","Tender_431692.pdf","1","Received: 6; Responsive: 5 (difference is the rejected count)","count is derived as received minus responsive; 1 bidder(s)"
"431697","RAJUK","Uttara 3rd Phase Project","Repair & Renovation of roads digging by Dhaka WASA & DESCO including Remaining Land filling in the Block H I & J of sector 16 of Uttara Residential Model Town 3rd phase project.","AWARDED_BIDDER","Momotaj Engineers Ltd.","MOMOTAJ ENGINEERS LTD","26794543.18","responsive","qualified","","not_applicable_won_the_contract","not_applicable","","","","Tender_431697.pdf","1","Contract Value (Taka): 26794543.18; Name of Supplier/Contractor/Consultant: Momotaj Engineers Ltd.","bid amount equals the awarded contract value as printed on the award notice"
"431697","RAJUK","Uttara 3rd Phase Project","Repair & Renovation of roads digging by Dhaka WASA & DESCO including Remaining Land filling in the Block H I & J of sector 16 of Uttara Residential Model Town 3rd phase project.","UNNAMED_REJECTED_BIDDERS_AGGREGATE","","","","non_responsive","not_qualified","","","","","","","Tender_431697.pdf","1","Received: 6; Responsive: 3 (difference is the rejected count)","count is derived as received minus responsive; 3 bidder(s)"
"431699","RAJUK","Uttara 3rd Phase Project","Repair & Renovation of roads related area of e-Passport and Automated Border Control Management System Project at sector 16 of Uttara Residential model town 3rd phase project.","AWARDED_BIDDER","M/S Udayan Builders","UDAYAN BUILDERS","26903358.88","responsive","qualified","","not_applicable_won_the_contract","not_applicable","","","","Tender_431699.pdf","1","Contract Value (Taka): 26903358.88; Name of Supplier/Contractor/Consultant: M/S Udayan Builders","bid amount equals the awarded contract value as printed on the award notice"
"431699","RAJUK","Uttara 3rd Phase Project","Repair & Renovation of roads related area of e-Passport and Automated Border Control Management System Project at sector 16 of Uttara Residential model town 3rd phase project.","UNNAMED_REJECTED_BIDDERS_AGGREGATE","","","","non_responsive","not_qualified","","","","","","","Tender_431699.pdf","1","Received: 6; Responsive: 4 (difference is the rejected count)","count is derived as received minus responsive; 2 bidder(s)"
"431701","RAJUK","Uttara 3rd Phase Project","Repair & Renovation of roads digging by Dhaka WASA & DESCO including Remaining Land filling in the Block D E F & G of sector 16 of Uttara Residential Model Town 3rd phase project.","AWARDED_BIDDER","Starlite Services Limited","STARLITE SERVICES LTD","24082660.68","responsive","qualified","","not_applicable_won_the_contract","not_applicable","","","","Tender_431701.pdf","1","Contract Value (Taka): 24082660.68; Name of Supplier/Contractor/Consultant: Starlite Services Limited","bid amount equals the awarded contract value as printed on the award notice"
"431701","RAJUK","Uttara 3rd Phase Project","Repair & Renovation of roads digging by Dhaka WASA & DESCO including Remaining Land filling in the Block D E F & G of sector 16 of Uttara Residential Model Town 3rd phase project.","UNNAMED_REJECTED_BIDDERS_AGGREGATE","","","","non_responsive","not_qualified","","","","","","","Tender_431701.pdf","1","Received: 7; Responsive: 4 (difference is the rejected count)","count is derived as received minus responsive; 3 bidder(s)"
"431702","RAJUK","Uttara 3rd Phase Project","Repair & Renovation of roads digging by Dhaka WASA & DESCO including Remaining Land filling in the northern part of sector 15 of Uttara Residential Model Town 3rd phase project.","AWARDED_BIDDER","M/S REZA ENTERPRISE","REZA ENTERPRISE","23615131.51","responsive","qualified","","not_applicable_won_the_contract","not_applicable","","","","Tender_431702.pdf","1","Contract Value (Taka): 23615131.51; Name of Supplier/Contractor/Consultant: M/S REZA ENTERPRISE","bid amount equals the awarded contract value as printed on the award notice"
"431702","RAJUK","Uttara 3rd Phase Project","Repair & Renovation of roads digging by Dhaka WASA & DESCO including Remaining Land filling in the northern part of sector 15 of Uttara Residential Model Town 3rd phase project.","UNNAMED_REJECTED_BIDDERS_AGGREGATE","","","","non_responsive","not_qualified","","","","","","","Tender_431702.pdf","1","Received: 5; Responsive: 3 (difference is the rejected count)","count is derived as received minus responsive; 2 bidder(s)"
"431704","RAJUK","Uttara 3rd Phase Project","Repair & Renovation of roads digging by Dhaka WASA & DESCO including Remaining Land filling in the Block H H1 & G1 of sector 17 of Uttara Residential Model Town 3rd phase project.","AWARDED_BIDDER","M/s Shafique and Sons","SHAFIQUE AND SONS","25662161.15","responsive","qualified","","not_applicable_won_the_contract","not_applicable","","","","Tender_431704.pdf","1","Contract Value (Taka): 25662161.15; Name of Supplier/Contractor/Consultant: M/s Shafique and Sons","bid amount equals the awarded contract value as printed on the award notice"
"431704","RAJUK","Uttara 3rd Phase Project","Repair & Renovation of roads digging by Dhaka WASA & DESCO including Remaining Land filling in the Block H H1 & G1 of sector 17 of Uttara Residential Model Town 3rd phase project.","UNNAMED_REJECTED_BIDDERS_AGGREGATE","","","","non_responsive","not_qualified","","","","","","","Tender_431704.pdf","1","Received: 4; Responsive: 3 (difference is the rejected count)","count is derived as received minus responsive; 1 bidder(s)"
"431706","RAJUK","Uttara 3rd Phase Project","Repair & Renovation of roads digging by Dhaka WASA & DESCO including Remaining Land filling in the southern part of sector 17 of Uttara Residential Model Town 3rd phase project.","AWARDED_BIDDER","HAIDER & CO.","HAIDER CO","25202342.49","responsive","qualified","","not_applicable_won_the_contract","not_applicable","","","","Tender_431706.pdf","1","Contract Value (Taka): 25202342.49; Name of Supplier/Contractor/Consultant: HAIDER & CO.","bid amount equals the awarded contract value as printed on the award notice"
"431706","RAJUK","Uttara 3rd Phase Project","Repair & Renovation of roads digging by Dhaka WASA & DESCO including Remaining Land filling in the southern part of sector 17 of Uttara Residential Model Town 3rd phase project.","UNNAMED_REJECTED_BIDDERS_AGGREGATE","","","","non_responsive","not_qualified","","","","","","","Tender_431706.pdf","1","Received: 6; Responsive: 5 (difference is the rejected count)","count is derived as received minus responsive; 1 bidder(s)"
"431707","RAJUK","Uttara 3rd Phase Project","Repair & Renovation of roads digging by Dhaka WASA & DESCO including Remaining Land filling in the Block- I of sector 17 of Uttara Residential Model Town 3rd phase project.","AWARDED_BIDDER","Momotaj Engineers Ltd.","MOMOTAJ ENGINEERS LTD","20671022.14","responsive","qualified","","not_applicable_won_the_contract","not_applicable","","","","Tender_431707.pdf","1","Contract Value (Taka): 20671022.14; Name of Supplier/Contractor/Consultant: Momotaj Engineers Ltd.","bid amount equals the awarded contract value as printed on the award notice"
"431707","RAJUK","Uttara 3rd Phase Project","Repair & Renovation of roads digging by Dhaka WASA & DESCO including Remaining Land filling in the Block- I of sector 17 of Uttara Residential Model Town 3rd phase project.","UNNAMED_REJECTED_BIDDERS_AGGREGATE","","","","non_responsive","not_qualified","","","","","","","Tender_431707.pdf","1","Received: 4; Responsive: 3 (difference is the rejected count)","count is derived as received minus responsive; 1 bidder(s)"
"431708","RAJUK","Uttara 3rd Phase Project","Repair & Renovation of roads digging by Dhaka WASA & DESCO including Remaining Land filling in the Block J & K of sector 17 of Uttara Residential Model Town 3rd phase project.","AWARDED_BIDDER","Momotaj Engineers Ltd.","MOMOTAJ ENGINEERS LTD","20926797.75","responsive","qualified","","not_applicable_won_the_contract","not_applicable","","","","Tender_431708.pdf","1","Contract Value (Taka): 20926797.75; Name of Supplier/Contractor/Consultant: Momotaj Engineers Ltd.","bid amount equals the awarded contract value as printed on the award notice"
"431708","RAJUK","Uttara 3rd Phase Project","Repair & Renovation of roads digging by Dhaka WASA & DESCO including Remaining Land filling in the Block J & K of sector 17 of Uttara Residential Model Town 3rd phase project.","UNNAMED_REJECTED_BIDDERS_AGGREGATE","","","","non_responsive","not_qualified","","","","","","","Tender_431708.pdf","1","Received: 4; Responsive: 2 (difference is the rejected count)","count is derived as received minus responsive; 2 bidder(s)"
"446869","RAJUK","Construction of multi-storied apartment Buildings on 9(Nine) nos abandoned plot at Gulshan,Mohammadpur, Lalmatia & Dhanmondi, Dhaka.","Construction of 8 Eight storied Apartment Building at Plot no-2/15 Block-B Babar Road Mohammadpur Dhaka Building No-6.","AWARDED_BIDDER","HSL-RE JV.","HSL RE JV","68731670.64","responsive","qualified","","not_applicable_won_the_contract","not_applicable","","","","Tender_446869.pdf","1","Contract Value (Taka): 68731670.64; Name of Supplier/Contractor/Consultant: HSL-RE JV. ( JVCA Partners [Business Share]: Hasan & Sons Ltd. [10.000%] , M/S REZA ENTERPRISE [90.000%] )","bid amount equals the awarded contract value as printed on the award notice"
"446869","RAJUK","Construction of multi-storied apartment Buildings on 9(Nine) nos abandoned plot at Gulshan,Mohammadpur, Lalmatia & Dhanmondi, Dhaka.","Construction of 8 Eight storied Apartment Building at Plot no-2/15 Block-B Babar Road Mohammadpur Dhaka Building No-6.","JV_PARTNER_OF_WINNER","Hasan & Sons Ltd.","HASAN SONS LTD","6873167.06","responsive_as_part_of_the_winning_joint_venture","qualified_as_part_of_the_joint_venture","","","","","10.000","","Tender_446869.pdf","1","JVCA Partners [Business Share]: Hasan & Sons Ltd. [10.000%]","bid_amount here is the partner's declared share of the contract value, not a separately published bid"
"446869","RAJUK","Construction of multi-storied apartment Buildings on 9(Nine) nos abandoned plot at Gulshan,Mohammadpur, Lalmatia & Dhanmondi, Dhaka.","Construction of 8 Eight storied Apartment Building at Plot no-2/15 Block-B Babar Road Mohammadpur Dhaka Building No-6.","JV_PARTNER_OF_WINNER","M/S REZA ENTERPRISE","REZA ENTERPRISE","61858503.57","responsive_as_part_of_the_winning_joint_venture","qualified_as_part_of_the_joint_venture","","","","","90.000","","Tender_446869.pdf","1","JVCA Partners [Business Share]: M/S REZA ENTERPRISE [90.000%]","bid_amount here is the partner's declared share of the contract value, not a separately published bid"
"446869","RAJUK","Construction of multi-storied apartment Buildings on 9(Nine) nos abandoned plot at Gulshan,Mohammadpur, Lalmatia & Dhanmondi, Dhaka.","Construction of 8 Eight storied Apartment Building at Plot no-2/15 Block-B Babar Road Mohammadpur Dhaka Building No-6.","UNNAMED_REJECTED_BIDDERS_AGGREGATE","","","","non_responsive","not_qualified","","","","","","","Tender_446869.pdf","1","Received: 3; Responsive: 2 (difference is the rejected count)","count is derived as received minus responsive; 1 bidder(s)"
"447380","RAJUK","Construction of multi-storied apartment Buildings on 9(Nine) nos abandoned plot at Gulshan,Mohammadpur, Lalmatia & Dhanmondi, Dhaka.","Construction of 13 Thirteen Storied Apartment Building including 01One basement at Plot No-226 old 90 new Road no- 21old 11/Anew Dhanmondi R/A Dhaka Building No-08.","AWARDED_BIDDER","HSL-RE JV.","HSL RE JV","353523936.29","responsive","qualified","","not_applicable_won_the_contract","not_applicable","","","","Tender_447380.pdf","1","Contract Value (Taka): 353523936.29; Name of Supplier/Contractor/Consultant: HSL-RE JV. ( JVCA Partners [Business Share]: Hasan & Sons Ltd. [10.000%] , M/S REZA ENTERPRISE [90.000%] )","bid amount equals the awarded contract value as printed on the award notice"
"447380","RAJUK","Construction of multi-storied apartment Buildings on 9(Nine) nos abandoned plot at Gulshan,Mohammadpur, Lalmatia & Dhanmondi, Dhaka.","Construction of 13 Thirteen Storied Apartment Building including 01One basement at Plot No-226 old 90 new Road no- 21old 11/Anew Dhanmondi R/A Dhaka Building No-08.","JV_PARTNER_OF_WINNER","Hasan & Sons Ltd.","HASAN SONS LTD","35352393.63","responsive_as_part_of_the_winning_joint_venture","qualified_as_part_of_the_joint_venture","","","","","10.000","","Tender_447380.pdf","1","JVCA Partners [Business Share]: Hasan & Sons Ltd. [10.000%]","bid_amount here is the partner's declared share of the contract value, not a separately published bid"
"447380","RAJUK","Construction of multi-storied apartment Buildings on 9(Nine) nos abandoned plot at Gulshan,Mohammadpur, Lalmatia & Dhanmondi, Dhaka.","Construction of 13 Thirteen Storied Apartment Building including 01One basement at Plot No-226 old 90 new Road no- 21old 11/Anew Dhanmondi R/A Dhaka Building No-08.","JV_PARTNER_OF_WINNER","M/S REZA ENTERPRISE","REZA ENTERPRISE","318171542.66","responsive_as_part_of_the_winning_joint_venture","qualified_as_part_of_the_joint_venture","","","","","90.000","","Tender_447380.pdf","1","JVCA Partners [Business Share]: M/S REZA ENTERPRISE [90.000%]","bid_amount here is the partner's declared share of the contract value, not a separately published bid"
"475789","RAJUK","Office of the Project Director, Urban Resilience Project-RAJUK Part,RAJUK,Dhaka","Procurement of Motorcycle for PIU of Urban Resilience Project RAJUK Part","AWARDED_BIDDER","RANCON MOTOR BIKES LIMITED","RANCON MOTOR BIKES LTD","2400000.03","responsive","qualified","","not_applicable_won_the_contract","not_applicable","","","","Tender_475789.pdf","1","Contract Value (Taka): 2400000.03; Name of Supplier/Contractor/Consultant: RANCON MOTOR BIKES LIMITED","bid amount equals the awarded contract value as printed on the award notice"
"475789","RAJUK","Office of the Project Director, Urban Resilience Project-RAJUK Part,RAJUK,Dhaka","Procurement of Motorcycle for PIU of Urban Resilience Project RAJUK Part","UNNAMED_REJECTED_BIDDERS_AGGREGATE","","","","non_responsive","not_qualified","","","","","","","Tender_475789.pdf","1","Received: 4; Responsive: 1 (difference is the rejected count)","count is derived as received minus responsive; 3 bidder(s)"
"476403","RAJUK","Development of Residential and commercial Infrastructure at Jhilmil Residential Project Area","Internal road widening and maintenance for Development of Residential & Commercial Infrastructures at Jhilmil Residential Project Area. Pakage-1Lot- S-1","AWARDED_BIDDER","Rafiq Construction Co. (Pvt.) Ltd. - Haider & Co-Momotaj Engineers Ltd (JV)","RAFIQ CONSTRUCTION CO LTD HAIDER CO MOMOTAJ ENGINEERS LTD","64618703.10","responsive","qualified","","not_applicable_won_the_contract","not_applicable","","","","Tender_476403.pdf","1","Contract Value (Taka): 64618703.10; Name of Supplier/Contractor/Consultant: Rafiq Construction Co. (Pvt.) Ltd. - Haider & Co-Momotaj Engineers Ltd (JV) ( JVCA Partners [Business Share]: HAIDER & CO. [25.000%] , Momotaj Engineers Ltd. [25.000%] , Rafiq Construction Co. (Pvt.) Ltd. [50.000%] )","bid amount equals the awarded contract value as printed on the award notice"
"476403","RAJUK","Development of Residential and commercial Infrastructure at Jhilmil Residential Project Area","Internal road widening and maintenance for Development of Residential & Commercial Infrastructures at Jhilmil Residential Project Area. Pakage-1Lot- S-1","JV_PARTNER_OF_WINNER","HAIDER & CO.","HAIDER CO","16154675.78","responsive_as_part_of_the_winning_joint_venture","qualified_as_part_of_the_joint_venture","","","","","25.000","","Tender_476403.pdf","1","JVCA Partners [Business Share]: HAIDER & CO. [25.000%]","bid_amount here is the partner's declared share of the contract value, not a separately published bid"
"476403","RAJUK","Development of Residential and commercial Infrastructure at Jhilmil Residential Project Area","Internal road widening and maintenance for Development of Residential & Commercial Infrastructures at Jhilmil Residential Project Area. Pakage-1Lot- S-1","JV_PARTNER_OF_WINNER","Momotaj Engineers Ltd.","MOMOTAJ ENGINEERS LTD","16154675.78","responsive_as_part_of_the_winning_joint_venture","qualified_as_part_of_the_joint_venture","","","","","25.000","","Tender_476403.pdf","1","JVCA Partners [Business Share]: Momotaj Engineers Ltd. [25.000%]","bid_amount here is the partner's declared share of the contract value, not a separately published bid"
"476403","RAJUK","Development of Residential and commercial Infrastructure at Jhilmil Residential Project Area","Internal road widening and maintenance for Development of Residential & Commercial Infrastructures at Jhilmil Residential Project Area. Pakage-1Lot- S-1","JV_PARTNER_OF_WINNER","Rafiq Construction Co. (Pvt.) Ltd.","RAFIQ CONSTRUCTION CO LTD","32309351.55","responsive_as_part_of_the_winning_joint_venture","qualified_as_part_of_the_joint_venture","","","","","50.000","","Tender_476403.pdf","1","JVCA Partners [Business Share]: Rafiq Construction Co. (Pvt.) Ltd. [50.000%]","bid_amount here is the partner's declared share of the contract value, not a separately published bid"
"476403","RAJUK","Development of Residential and commercial Infrastructure at Jhilmil Residential Project Area","Internal road widening and maintenance for Development of Residential & Commercial Infrastructures at Jhilmil Residential Project Area. Pakage-1Lot- S-1","UNNAMED_REJECTED_BIDDERS_AGGREGATE","","","","non_responsive","not_qualified","","","","","","","Tender_476403.pdf","1","Received: 9; Responsive: 6 (difference is the rejected count)","count is derived as received minus responsive; 3 bidder(s)"
"476405","RAJUK","Development of Residential and commercial Infrastructure at Jhilmil Residential Project Area","Internal road widening and maintenance for Development of Residential & Commercial Infrastructures at Jhilmil Residential Project Area. Pakage-1Lot- S-2","AWARDED_BIDDER","M/s. Udyan Builders-Starlite Services Ltd-Convoy Service JV","UDYAN BUILDERS STARLITE SERVICES LTD CONVOY SERVICE JV","113395366.62","responsive","qualified","","not_applicable_won_the_contract","not_applicable","","","","Tender_476405.pdf","1","Contract Value (Taka): 113395366.62; Name of Supplier/Contractor/Consultant: M/s. Udyan Builders-Starlite Services Ltd-Convoy Service JV ( JVCA Partners [Business Share]: M/S Udayan Builders [40.000%] , CONVOY SERVICE [25.000%] , Starlite Services Limited [35.000%] )","bid amount equals the awarded contract value as printed on the award notice"
"476405","RAJUK","Development of Residential and commercial Infrastructure at Jhilmil Residential Project Area","Internal road widening and maintenance for Development of Residential & Commercial Infrastructures at Jhilmil Residential Project Area. Pakage-1Lot- S-2","JV_PARTNER_OF_WINNER","M/S Udayan Builders","UDAYAN BUILDERS","45358146.65","responsive_as_part_of_the_winning_joint_venture","qualified_as_part_of_the_joint_venture","","","","","40.000","","Tender_476405.pdf","1","JVCA Partners [Business Share]: M/S Udayan Builders [40.000%]","bid_amount here is the partner's declared share of the contract value, not a separately published bid"
"476405","RAJUK","Development of Residential and commercial Infrastructure at Jhilmil Residential Project Area","Internal road widening and maintenance for Development of Residential & Commercial Infrastructures at Jhilmil Residential Project Area. Pakage-1Lot- S-2","JV_PARTNER_OF_WINNER","CONVOY SERVICE","CONVOY SERVICE","28348841.66","responsive_as_part_of_the_winning_joint_venture","qualified_as_part_of_the_joint_venture","","","","","25.000","","Tender_476405.pdf","1","JVCA Partners [Business Share]: CONVOY SERVICE [25.000%]","bid_amount here is the partner's declared share of the contract value, not a separately published bid"
"476405","RAJUK","Development of Residential and commercial Infrastructure at Jhilmil Residential Project Area","Internal road widening and maintenance for Development of Residential & Commercial Infrastructures at Jhilmil Residential Project Area. Pakage-1Lot- S-2","JV_PARTNER_OF_WINNER","Starlite Services Limited","STARLITE SERVICES LTD","39688378.32","responsive_as_part_of_the_winning_joint_venture","qualified_as_part_of_the_joint_venture","","","","","35.000","","Tender_476405.pdf","1","JVCA Partners [Business Share]: Starlite Services Limited [35.000%]","bid_amount here is the partner's declared share of the contract value, not a separately published bid"
"476405","RAJUK","Development of Residential and commercial Infrastructure at Jhilmil Residential Project Area","Internal road widening and maintenance for Development of Residential & Commercial Infrastructures at Jhilmil Residential Project Area. Pakage-1Lot- S-2","UNNAMED_REJECTED_BIDDERS_AGGREGATE","","","","non_responsive","not_qualified","","","","","","","Tender_476405.pdf","1","Received: 9; Responsive: 4 (difference is the rejected count)","count is derived as received minus responsive; 5 bidder(s)"
"476406","RAJUK","Development of Residential and commercial Infrastructure at Jhilmil Residential Project Area","Internal road widening and maintenance for Development of Residential & Commercial Infrastructures at Jhilmil Residential Project Area. Pakage-1Lot- S-4","AWARDED_BIDDER","MEPL-RE JV.","MEPL RE JV","80227876.12","responsive","qualified","","not_applicable_won_the_contract","not_applicable","","","","Tender_476406.pdf","1","Contract Value (Taka): 80227876.12; Name of Supplier/Contractor/Consultant: MEPL-RE JV. ( JVCA Partners [Business Share]: M/S REZA ENTERPRISE [90.000%] , MOZAHAR ENTERPRISE (PVT.) LTD. [10.000%] )","bid amount equals the awarded contract value as printed on the award notice"
"476406","RAJUK","Development of Residential and commercial Infrastructure at Jhilmil Residential Project Area","Internal road widening and maintenance for Development of Residential & Commercial Infrastructures at Jhilmil Residential Project Area. Pakage-1Lot- S-4","JV_PARTNER_OF_WINNER","M/S REZA ENTERPRISE","REZA ENTERPRISE","72205088.51","responsive_as_part_of_the_winning_joint_venture","qualified_as_part_of_the_joint_venture","","","","","90.000","","Tender_476406.pdf","1","JVCA Partners [Business Share]: M/S REZA ENTERPRISE [90.000%]","bid_amount here is the partner's declared share of the contract value, not a separately published bid"
"476406","RAJUK","Development of Residential and commercial Infrastructure at Jhilmil Residential Project Area","Internal road widening and maintenance for Development of Residential & Commercial Infrastructures at Jhilmil Residential Project Area. Pakage-1Lot- S-4","JV_PARTNER_OF_WINNER","MOZAHAR ENTERPRISE (PVT.) LTD.","MOZAHAR ENTERPRISE LTD","8022787.61","responsive_as_part_of_the_winning_joint_venture","qualified_as_part_of_the_joint_venture","","","","","10.000","","Tender_476406.pdf","1","JVCA Partners [Business Share]: MOZAHAR ENTERPRISE (PVT.) LTD. [10.000%]","bid_amount here is the partner's declared share of the contract value, not a separately published bid"
"476406","RAJUK","Development of Residential and commercial Infrastructure at Jhilmil Residential Project Area","Internal road widening and maintenance for Development of Residential & Commercial Infrastructures at Jhilmil Residential Project Area. Pakage-1Lot- S-4","UNNAMED_REJECTED_BIDDERS_AGGREGATE","","","","non_responsive","not_qualified","","","","","","","Tender_476406.pdf","1","Received: 10; Responsive: 3 (difference is the rejected count)","count is derived as received minus responsive; 7 bidder(s)"
"476407","RAJUK","Development of Residential and commercial Infrastructure at Jhilmil Residential Project Area","Internal road widening and maintenance for Development of Residential & Commercial Infrastructures at Jhilmil Residential Project Area. Pakage-1Lot- S-5","AWARDED_BIDDER","SA-TANNI-DAWN-JV","SA TANNI DAWN JV","42435114.90","responsive","qualified","","not_applicable_won_the_contract","not_applicable","","","","Tender_476407.pdf","1","Contract Value (Taka): 42435114.90; Name of Supplier/Contractor/Consultant: SA-TANNI-DAWN-JV ( JVCA Partners [Business Share]: M/S. Dawn Corporation [42.000%] , M/S. S. A. Enterprise [32.000%] , M/S. TANNI ENTERPRISE [26.000%] )","bid amount equals the awarded contract value as printed on the award notice"
"476407","RAJUK","Development of Residential and commercial Infrastructure at Jhilmil Residential Project Area","Internal road widening and maintenance for Development of Residential & Commercial Infrastructures at Jhilmil Residential Project Area. Pakage-1Lot- S-5","JV_PARTNER_OF_WINNER","M/S. Dawn Corporation","DAWN CORPORATION","17822748.26","responsive_as_part_of_the_winning_joint_venture","qualified_as_part_of_the_joint_venture","","","","","42.000","","Tender_476407.pdf","1","JVCA Partners [Business Share]: M/S. Dawn Corporation [42.000%]","bid_amount here is the partner's declared share of the contract value, not a separately published bid"
"476407","RAJUK","Development of Residential and commercial Infrastructure at Jhilmil Residential Project Area","Internal road widening and maintenance for Development of Residential & Commercial Infrastructures at Jhilmil Residential Project Area. Pakage-1Lot- S-5","JV_PARTNER_OF_WINNER","M/S. S. A. Enterprise","S A ENTERPRISE","13579236.77","responsive_as_part_of_the_winning_joint_venture","qualified_as_part_of_the_joint_venture","","","","","32.000","","Tender_476407.pdf","1","JVCA Partners [Business Share]: M/S. S. A. Enterprise [32.000%]","bid_amount here is the partner's declared share of the contract value, not a separately published bid"
"476407","RAJUK","Development of Residential and commercial Infrastructure at Jhilmil Residential Project Area","Internal road widening and maintenance for Development of Residential & Commercial Infrastructures at Jhilmil Residential Project Area. Pakage-1Lot- S-5","JV_PARTNER_OF_WINNER","M/S. TANNI ENTERPRISE","TANNI ENTERPRISE","11033129.87","responsive_as_part_of_the_winning_joint_venture","qualified_as_part_of_the_joint_venture","","","","","26.000","","Tender_476407.pdf","1","JVCA Partners [Business Share]: M/S. TANNI ENTERPRISE [26.000%]","bid_amount here is the partner's declared share of the contract value, not a separately published bid"
"476407","RAJUK","Development of Residential and commercial Infrastructure at Jhilmil Residential Project Area","Internal road widening and maintenance for Development of Residential & Commercial Infrastructures at Jhilmil Residential Project Area. Pakage-1Lot- S-5","UNNAMED_REJECTED_BIDDERS_AGGREGATE","","","","non_responsive","not_qualified","","","","","","","Tender_476407.pdf","1","Received: 11; Responsive: 4 (difference is the rejected count)","count is derived as received minus responsive; 7 bidder(s)"
"479604","RAJUK","Construction of multi-storied apartment Buildings on 9(Nine) nos abandoned plot at Gulshan,Mohammadpur, Lalmatia & Dhanmondi, Dhaka.","Construction of 7 Seven storied Apartment Building at Plot No-13/1 Block-A Awrangjeb Road Mohammadpur Dhaka. Building No-04","AWARDED_BIDDER","Udayan-Starlite-Convoy JV","UDAYAN STARLITE CONVOY JV","122709753.77","responsive","qualified","","not_applicable_won_the_contract","not_applicable","","","","Tender_479604.pdf","1","Contract Value (Taka): 122709753.77; Name of Supplier/Contractor/Consultant: Udayan-Starlite-Convoy JV ( JVCA Partners [Business Share]: M/S Udayan Builders [35.000%] , CONVOY SERVICE [25.000%] , Starlite Services Limited [40.000%] )","bid amount equals the awarded contract value as printed on the award notice"
"479604","RAJUK","Construction of multi-storied apartment Buildings on 9(Nine) nos abandoned plot at Gulshan,Mohammadpur, Lalmatia & Dhanmondi, Dhaka.","Construction of 7 Seven storied Apartment Building at Plot No-13/1 Block-A Awrangjeb Road Mohammadpur Dhaka. Building No-04","JV_PARTNER_OF_WINNER","M/S Udayan Builders","UDAYAN BUILDERS","42948413.82","responsive_as_part_of_the_winning_joint_venture","qualified_as_part_of_the_joint_venture","","","","","35.000","","Tender_479604.pdf","1","JVCA Partners [Business Share]: M/S Udayan Builders [35.000%]","bid_amount here is the partner's declared share of the contract value, not a separately published bid"
"479604","RAJUK","Construction of multi-storied apartment Buildings on 9(Nine) nos abandoned plot at Gulshan,Mohammadpur, Lalmatia & Dhanmondi, Dhaka.","Construction of 7 Seven storied Apartment Building at Plot No-13/1 Block-A Awrangjeb Road Mohammadpur Dhaka. Building No-04","JV_PARTNER_OF_WINNER","CONVOY SERVICE","CONVOY SERVICE","30677438.44","responsive_as_part_of_the_winning_joint_venture","qualified_as_part_of_the_joint_venture","","","","","25.000","","Tender_479604.pdf","1","JVCA Partners [Business Share]: CONVOY SERVICE [25.000%]","bid_amount here is the partner's declared share of the contract value, not a separately published bid"
"479604","RAJUK","Construction of multi-storied apartment Buildings on 9(Nine) nos abandoned plot at Gulshan,Mohammadpur, Lalmatia & Dhanmondi, Dhaka.","Construction of 7 Seven storied Apartment Building at Plot No-13/1 Block-A Awrangjeb Road Mohammadpur Dhaka. Building No-04","JV_PARTNER_OF_WINNER","Starlite Services Limited","STARLITE SERVICES LTD","49083901.51","responsive_as_part_of_the_winning_joint_venture","qualified_as_part_of_the_joint_venture","","","","","40.000","","Tender_479604.pdf","1","JVCA Partners [Business Share]: Starlite Services Limited [40.000%]","bid_amount here is the partner's declared share of the contract value, not a separately published bid"
"494177","RAJUK","Office of the Project Director, Urban Resilience Project-RAJUK Part,RAJUK,Dhaka","Refurbishment of PIU Office and Renovation of Utility Spaces","AWARDED_BIDDER","M/S. FORMILA AKTER","FORMILA AKTER","7412897.95","responsive","qualified","","not_applicable_won_the_contract","not_applicable","","","","Tender_494177.pdf","1","Contract Value (Taka): 7412897.95; Name of Supplier/Contractor/Consultant: M/S. FORMILA AKTER","bid amount equals the awarded contract value as printed on the award notice"
"494177","RAJUK","Office of the Project Director, Urban Resilience Project-RAJUK Part,RAJUK,Dhaka","Refurbishment of PIU Office and Renovation of Utility Spaces","UNNAMED_REJECTED_BIDDERS_AGGREGATE","","","","non_responsive","not_qualified","","","","","","","Tender_494177.pdf","1","Received: 2; Responsive: 1 (difference is the rejected count)","count is derived as received minus responsive; 1 bidder(s)"
"501956","RAJUK","Uttara Apartment Project","Supply fitting fixing testing and commissioning of PLC Programable Logic Controler arrangement for STP Sewage Treatment Plant for all buildings undter the project of Construciton of Residential Apartment Building for low and middle income group of pe","AWARDED_BIDDER","M/s. Faisal Enterprise","FAISAL ENTERPRISE","14550362.50","responsive","qualified","","not_applicable_won_the_contract","not_applicable","","","","Tender_501956.pdf","1","Contract Value (Taka): 14550362.50; Name of Supplier/Contractor/Consultant: M/s. Faisal Enterprise","bid amount equals the awarded contract value as printed on the award notice"
"501956","RAJUK","Uttara Apartment Project","Supply fitting fixing testing and commissioning of PLC Programable Logic Controler arrangement for STP Sewage Treatment Plant for all buildings undter the project of Construciton of Residential Apartment Building for low and middle income group of pe","UNNAMED_REJECTED_BIDDERS_AGGREGATE","","","","non_responsive","not_qualified","","","","","","","Tender_501956.pdf","1","Received: 6; Responsive: 4 (difference is the rejected count)","count is derived as received minus responsive; 2 bidder(s)"
"505037","RAJUK","Purbachal New Town Project","Electrification work of RAJUK Central Mechanical Steel Structure Stack Yard at Sector No-1 Road No-102 Plot No-44 At Purbachal New Town Project.","AWARDED_BIDDER","Mazid Sons - Sunny Construction JV","MAZID SONS SUNNY CONSTRUCTION JV","28756845.90","responsive","qualified","","not_applicable_won_the_contract","not_applicable","","","","Tender_505037.pdf","1","Contract Value (Taka): 28756845.90; Name of Supplier/Contractor/Consultant: Mazid Sons - Sunny Construction JV ( JVCA Partners [Business Share]: Mazid Sons Construction Ltd. [51.000%] , M/S Sunny Construction [49.000%] )","bid amount equals the awarded contract value as printed on the award notice"
"505037","RAJUK","Purbachal New Town Project","Electrification work of RAJUK Central Mechanical Steel Structure Stack Yard at Sector No-1 Road No-102 Plot No-44 At Purbachal New Town Project.","JV_PARTNER_OF_WINNER","Mazid Sons Construction Ltd.","MAZID SONS CONSTRUCTION LTD","14665991.41","responsive_as_part_of_the_winning_joint_venture","qualified_as_part_of_the_joint_venture","","","","","51.000","","Tender_505037.pdf","1","JVCA Partners [Business Share]: Mazid Sons Construction Ltd. [51.000%]","bid_amount here is the partner's declared share of the contract value, not a separately published bid"
"505037","RAJUK","Purbachal New Town Project","Electrification work of RAJUK Central Mechanical Steel Structure Stack Yard at Sector No-1 Road No-102 Plot No-44 At Purbachal New Town Project.","JV_PARTNER_OF_WINNER","M/S Sunny Construction","SUNNY CONSTRUCTION","14090854.49","responsive_as_part_of_the_winning_joint_venture","qualified_as_part_of_the_joint_venture","","","","","49.000","","Tender_505037.pdf","1","JVCA Partners [Business Share]: M/S Sunny Construction [49.000%]","bid_amount here is the partner's declared share of the contract value, not a separately published bid"
"505037","RAJUK","Purbachal New Town Project","Electrification work of RAJUK Central Mechanical Steel Structure Stack Yard at Sector No-1 Road No-102 Plot No-44 At Purbachal New Town Project.","UNNAMED_REJECTED_BIDDERS_AGGREGATE","","","","non_responsive","not_qualified","","","","","","","Tender_505037.pdf","1","Received: 8; Responsive: 3 (difference is the rejected count)","count is derived as received minus responsive; 5 bidder(s)"
"507537","RAJUK","Superintending Engineer (Civil Circle-3)","Cleaning of common space & toilets and maintenance work of garden in Gulshan RAJUK Commercial Complex cum Car Parking Building.","AWARDED_BIDDER","M/S. Alam & Co.","ALAM CO","2245665.17","responsive","qualified","","not_applicable_won_the_contract","not_applicable","","","","Tender_507537.pdf","1","Contract Value (Taka): 2245665.17; Name of Supplier/Contractor/Consultant: M/S. Alam & Co.","bid amount equals the awarded contract value as printed on the award notice"
"510186","RAJUK","Superintending Engineer (Civil Circle-1)","Purchase and Supplying 382 Three Hundred Eighty-Two persons Clothes for use 3rd and 4th class employees of RAJUK in Summer Season.","AWARDED_BIDDER","INQILAB ENTERPRISE","INQILAB ENTERPRISE","1437851.26","responsive","qualified","","not_applicable_won_the_contract","not_applicable","","","","Tender_510186.pdf","1","Contract Value (Taka): 1437851.26; Name of Supplier/Contractor/Consultant: INQILAB ENTERPRISE","bid amount equals the awarded contract value as printed on the award notice"
"510186","RAJUK","Superintending Engineer (Civil Circle-1)","Purchase and Supplying 382 Three Hundred Eighty-Two persons Clothes for use 3rd and 4th class employees of RAJUK in Summer Season.","UNNAMED_REJECTED_BIDDERS_AGGREGATE","","","","non_responsive","not_qualified","","","","","","","Tender_510186.pdf","1","Received: 4; Responsive: 2 (difference is the rejected count)","count is derived as received minus responsive; 2 bidder(s)"
"514341","RAJUK","Superintending Engineer (Civil Circle-1)","Construction works of separate Male & Female Toilets with modern & standard sanitary fitting after removal of common toilets at different floor of RAJUK Main Building.","AWARDED_BIDDER","M/S. A. R. Enterprise","A R ENTERPRISE","5534014.52","responsive","qualified","","not_applicable_won_the_contract","not_applicable","","","","Tender_514341.pdf","1","Contract Value (Taka): 5534014.52; Name of Supplier/Contractor/Consultant: M/S. A. R. Enterprise","bid amount equals the awarded contract value as printed on the award notice"
"514341","RAJUK","Superintending Engineer (Civil Circle-1)","Construction works of separate Male & Female Toilets with modern & standard sanitary fitting after removal of common toilets at different floor of RAJUK Main Building.","UNNAMED_REJECTED_BIDDERS_AGGREGATE","","","","non_responsive","not_qualified","","","","","","","Tender_514341.pdf","1","Received: 8; Responsive: 3 (difference is the rejected count)","count is derived as received minus responsive; 5 bidder(s)"
"514343","RAJUK","Superintending Engineer (Civil Circle-1)","Water Proofing Membrane RCC slab and neat cement plaster works ofter removal of existing lime-terracing at the roof of 2nd 4th and 5th floor of RAJUK Main Building and Auditorium and neat cement plaster work at the roof RAJUK Annex Building.","AWARDED_BIDDER","M/S. AMIN TRADING CORPORATION","AMIN TRADING CORPORATION","4165651.89","responsive","qualified","","not_applicable_won_the_contract","not_applicable","","","","Tender_514343.pdf","1","Contract Value (Taka): 4165651.89; Name of Supplier/Contractor/Consultant: M/S. AMIN TRADING CORPORATION","bid amount equals the awarded contract value as printed on the award notice"
"514343","RAJUK","Superintending Engineer (Civil Circle-1)","Water Proofing Membrane RCC slab and neat cement plaster works ofter removal of existing lime-terracing at the roof of 2nd 4th and 5th floor of RAJUK Main Building and Auditorium and neat cement plaster work at the roof RAJUK Annex Building.","UNNAMED_REJECTED_BIDDERS_AGGREGATE","","","","non_responsive","not_qualified","","","","","","","Tender_514343.pdf","1","Received: 9; Responsive: 2 (difference is the rejected count)","count is derived as received minus responsive; 7 bidder(s)"
"517916","RAJUK","Office of the Superintending Engineer (Electrical)","Supply & Installation of Street Light in Gulshan Lake Drive Road.","AWARDED_BIDDER","M/S Sunny Construction","SUNNY CONSTRUCTION","4270323.60","responsive","qualified","","not_applicable_won_the_contract","not_applicable","","","","Tender_517916.pdf","1","Contract Value (Taka): 4270323.60; Name of Supplier/Contractor/Consultant: M/S Sunny Construction","bid amount equals the awarded contract value as printed on the award notice"
"517916","RAJUK","Office of the Superintending Engineer (Electrical)","Supply & Installation of Street Light in Gulshan Lake Drive Road.","UNNAMED_REJECTED_BIDDERS_AGGREGATE","","","","non_responsive","not_qualified","","","","","","","Tender_517916.pdf","1","Received: 2; Responsive: 1 (difference is the rejected count)","count is derived as received minus responsive; 1 bidder(s)"
"528756","RAJUK","Purbachal New Town Project","Construction of 02 two Storied School Building with 06 Six Storied Foundation work at Sector No-03 Road No-102 Plot No-43 of Purbachal New Town Project.","AWARDED_BIDDER","SS-RI JV","SS RI JV","52620082.20","responsive","qualified","","not_applicable_won_the_contract","not_applicable","","","","Tender_528756.pdf","1","Contract Value (Taka): 52620082.20; Name of Supplier/Contractor/Consultant: SS-RI JV ( JVCA Partners [Business Share]: M/S. Raju International [51.000%] , M/S. Sharif & Sons [49.000%] )","bid amount equals the awarded contract value as printed on the award notice"
"528756","RAJUK","Purbachal New Town Project","Construction of 02 two Storied School Building with 06 Six Storied Foundation work at Sector No-03 Road No-102 Plot No-43 of Purbachal New Town Project.","JV_PARTNER_OF_WINNER","M/S. Raju International","RAJU INTERNATIONAL","26836241.92","responsive_as_part_of_the_winning_joint_venture","qualified_as_part_of_the_joint_venture","","","","","51.000","","Tender_528756.pdf","1","JVCA Partners [Business Share]: M/S. Raju International [51.000%]","bid_amount here is the partner's declared share of the contract value, not a separately published bid"
"528756","RAJUK","Purbachal New Town Project","Construction of 02 two Storied School Building with 06 Six Storied Foundation work at Sector No-03 Road No-102 Plot No-43 of Purbachal New Town Project.","JV_PARTNER_OF_WINNER","M/S. Sharif & Sons","SHARIF SONS","25783840.28","responsive_as_part_of_the_winning_joint_venture","qualified_as_part_of_the_joint_venture","","","","","49.000","","Tender_528756.pdf","1","JVCA Partners [Business Share]: M/S. Sharif & Sons [49.000%]","bid_amount here is the partner's declared share of the contract value, not a separately published bid"
"528756","RAJUK","Purbachal New Town Project","Construction of 02 two Storied School Building with 06 Six Storied Foundation work at Sector No-03 Road No-102 Plot No-43 of Purbachal New Town Project.","UNNAMED_REJECTED_BIDDERS_AGGREGATE","","","","non_responsive","not_qualified","","","","","","","Tender_528756.pdf","1","Received: 18; Responsive: 9 (difference is the rejected count)","count is derived as received minus responsive; 9 bidder(s)"
"528758","RAJUK","Purbachal New Town Project","Construction of Purbachal Ideal School & Collage Bhaban which two storied Building with Six Storied foundation at Road 301 Plot 8 Sector 30 of Purbachal New Town Project.","AWARDED_BIDDER","SC & ARE JV","SC ARE JV","54897254.62","responsive","qualified","","not_applicable_won_the_contract","not_applicable","","","","Tender_528758.pdf","1","Contract Value (Taka): 54897254.62; Name of Supplier/Contractor/Consultant: SC & ARE JV ( JVCA Partners [Business Share]: M/S. A. R. Enterprise [49.000%] , M/S. Sapna Construction [51.000%] )","bid amount equals the awarded contract value as printed on the award notice"
"528758","RAJUK","Purbachal New Town Project","Construction of Purbachal Ideal School & Collage Bhaban which two storied Building with Six Storied foundation at Road 301 Plot 8 Sector 30 of Purbachal New Town Project.","JV_PARTNER_OF_WINNER","M/S. A. R. Enterprise","A R ENTERPRISE","26899654.76","responsive_as_part_of_the_winning_joint_venture","qualified_as_part_of_the_joint_venture","","","","","49.000","","Tender_528758.pdf","1","JVCA Partners [Business Share]: M/S. A. R. Enterprise [49.000%]","bid_amount here is the partner's declared share of the contract value, not a separately published bid"
"528758","RAJUK","Purbachal New Town Project","Construction of Purbachal Ideal School & Collage Bhaban which two storied Building with Six Storied foundation at Road 301 Plot 8 Sector 30 of Purbachal New Town Project.","JV_PARTNER_OF_WINNER","M/S. Sapna Construction","SAPNA CONSTRUCTION","27997599.86","responsive_as_part_of_the_winning_joint_venture","qualified_as_part_of_the_joint_venture","","","","","51.000","","Tender_528758.pdf","1","JVCA Partners [Business Share]: M/S. Sapna Construction [51.000%]","bid_amount here is the partner's declared share of the contract value, not a separately published bid"
"528758","RAJUK","Purbachal New Town Project","Construction of Purbachal Ideal School & Collage Bhaban which two storied Building with Six Storied foundation at Road 301 Plot 8 Sector 30 of Purbachal New Town Project.","UNNAMED_REJECTED_BIDDERS_AGGREGATE","","","","non_responsive","not_qualified","","","","","","","Tender_528758.pdf","1","Received: 16; Responsive: 8 (difference is the rejected count)","count is derived as received minus responsive; 8 bidder(s)"
"535709","RAJUK","Purbachal New Town Project","Construction of Internal Road and Surface Drain at Sector no-10 Part of Purbachal New Town Project Package RDC-10 Lot-4.","AWARDED_BIDDER","Udayan-Convoy JV","UDAYAN CONVOY JV","112616351.15","responsive","qualified","","not_applicable_won_the_contract","not_applicable","","","","Tender_535709.pdf","1","Contract Value (Taka): 112616351.15; Name of Supplier/Contractor/Consultant: Udayan-Convoy JV ( JVCA Partners [Business Share]: M/S Udayan Builders [70.000%] , CONVOY SERVICE [30.000%] )","bid amount equals the awarded contract value as printed on the award notice"
"535709","RAJUK","Purbachal New Town Project","Construction of Internal Road and Surface Drain at Sector no-10 Part of Purbachal New Town Project Package RDC-10 Lot-4.","JV_PARTNER_OF_WINNER","M/S Udayan Builders","UDAYAN BUILDERS","78831445.81","responsive_as_part_of_the_winning_joint_venture","qualified_as_part_of_the_joint_venture","","","","","70.000","","Tender_535709.pdf","1","JVCA Partners [Business Share]: M/S Udayan Builders [70.000%]","bid_amount here is the partner's declared share of the contract value, not a separately published bid"
"535709","RAJUK","Purbachal New Town Project","Construction of Internal Road and Surface Drain at Sector no-10 Part of Purbachal New Town Project Package RDC-10 Lot-4.","JV_PARTNER_OF_WINNER","CONVOY SERVICE","CONVOY SERVICE","33784905.35","responsive_as_part_of_the_winning_joint_venture","qualified_as_part_of_the_joint_venture","","","","","30.000","","Tender_535709.pdf","1","JVCA Partners [Business Share]: CONVOY SERVICE [30.000%]","bid_amount here is the partner's declared share of the contract value, not a separately published bid"
"535709","RAJUK","Purbachal New Town Project","Construction of Internal Road and Surface Drain at Sector no-10 Part of Purbachal New Town Project Package RDC-10 Lot-4.","UNNAMED_REJECTED_BIDDERS_AGGREGATE","","","","non_responsive","not_qualified","","","","","","","Tender_535709.pdf","1","Received: 17; Responsive: 8 (difference is the rejected count)","count is derived as received minus responsive; 9 bidder(s)"
"535710","RAJUK","Purbachal New Town Project","Construction of Internal Road and surface Drain Cross Drain R.C.C walkway Road Package No-RDC-11 Lot No-3 Sector no-11 of Purbachal New Town Project.","AWARDED_BIDDER","UCCL The United Construction Company Limited","UCCL THE UNITED CONSTRUCTION COMPANY LTD","65409834.61","responsive","qualified","","not_applicable_won_the_contract","not_applicable","","","","Tender_535710.pdf","1","Contract Value (Taka): 65409834.61; Name of Supplier/Contractor/Consultant: UCCL The United Construction Company Limited","bid amount equals the awarded contract value as printed on the award notice"
"535710","RAJUK","Purbachal New Town Project","Construction of Internal Road and surface Drain Cross Drain R.C.C walkway Road Package No-RDC-11 Lot No-3 Sector no-11 of Purbachal New Town Project.","UNNAMED_REJECTED_BIDDERS_AGGREGATE","","","","non_responsive","not_qualified","","","","","","","Tender_535710.pdf","1","Received: 16; Responsive: 10 (difference is the rejected count)","count is derived as received minus responsive; 6 bidder(s)"
"535712","RAJUK","Purbachal New Town Project","Construction work of Internal Road and surface Drain in Sector-9 RDC-9 Lot No-4 at Purbachal New Town Project.","AWARDED_BIDDER","Rana Builders (Pvt.) Ltd. - M/s Shafique and Sons (JV)","RANA BUILDERS LTD M S SHAFIQUE AND SONS","68842750.00","responsive","qualified","","not_applicable_won_the_contract","not_applicable","","","","Tender_535712.pdf","1","Contract Value (Taka): 68842750.00; Name of Supplier/Contractor/Consultant: Rana Builders (Pvt.) Ltd. - M/s Shafique and Sons (JV) ( JVCA Partners [Business Share]: Rana Builders (Pvt.) Ltd. [51.000%] , M/s Shafique and Sons [49.000%] )","bid amount equals the awarded contract value as printed on the award notice"
"535712","RAJUK","Purbachal New Town Project","Construction work of Internal Road and surface Drain in Sector-9 RDC-9 Lot No-4 at Purbachal New Town Project.","JV_PARTNER_OF_WINNER","Rana Builders (Pvt.) Ltd.","RANA BUILDERS LTD","35109802.50","responsive_as_part_of_the_winning_joint_venture","qualified_as_part_of_the_joint_venture","","","","","51.000","","Tender_535712.pdf","1","JVCA Partners [Business Share]: Rana Builders (Pvt.) Ltd. [51.000%]","bid_amount here is the partner's declared share of the contract value, not a separately published bid"
"535712","RAJUK","Purbachal New Town Project","Construction work of Internal Road and surface Drain in Sector-9 RDC-9 Lot No-4 at Purbachal New Town Project.","JV_PARTNER_OF_WINNER","M/s Shafique and Sons","SHAFIQUE AND SONS","33732947.50","responsive_as_part_of_the_winning_joint_venture","qualified_as_part_of_the_joint_venture","","","","","49.000","","Tender_535712.pdf","1","JVCA Partners [Business Share]: M/s Shafique and Sons [49.000%]","bid_amount here is the partner's declared share of the contract value, not a separately published bid"
"535712","RAJUK","Purbachal New Town Project","Construction work of Internal Road and surface Drain in Sector-9 RDC-9 Lot No-4 at Purbachal New Town Project.","UNNAMED_REJECTED_BIDDERS_AGGREGATE","","","","non_responsive","not_qualified","","","","","","","Tender_535712.pdf","1","Received: 17; Responsive: 10 (difference is the rejected count)","count is derived as received minus responsive; 7 bidder(s)"
"535719","RAJUK","Purbachal New Town Project","Construction of Internal Road and surface Drain at Sector no-04 Part of purbachal new town project Package RDC -04 Lot-01.","AWARDED_BIDDER","M/S. Niaz Traders","NIAZ TRADERS","148210528.21","responsive","qualified","","not_applicable_won_the_contract","not_applicable","","","","Tender_535719.pdf","1","Contract Value (Taka): 148210528.21; Name of Supplier/Contractor/Consultant: M/S. Niaz Traders","bid amount equals the awarded contract value as printed on the award notice"
"535719","RAJUK","Purbachal New Town Project","Construction of Internal Road and surface Drain at Sector no-04 Part of purbachal new town project Package RDC -04 Lot-01.","UNNAMED_REJECTED_BIDDERS_AGGREGATE","","","","non_responsive","not_qualified","","","","","","","Tender_535719.pdf","1","Received: 16; Responsive: 14 (difference is the rejected count)","count is derived as received minus responsive; 2 bidder(s)"
"536842","RAJUK","Office of the Superintending Engineer (Electrical)","02 Two Years Servicing & Maintenance of Photocopy Machines of Rajuk.","AWARDED_BIDDER","T.S Enterprise","T S ENTERPRISE","517536.19","responsive","qualified","","not_applicable_won_the_contract","not_applicable","","","","Tender_536842.pdf","1","Contract Value (Taka): 517536.19; Name of Supplier/Contractor/Consultant: T.S Enterprise","bid amount equals the awarded contract value as printed on the award notice"
"536842","RAJUK","Office of the Superintending Engineer (Electrical)","02 Two Years Servicing & Maintenance of Photocopy Machines of Rajuk.","UNNAMED_REJECTED_BIDDERS_AGGREGATE","","","","non_responsive","not_qualified","","","","","","","Tender_536842.pdf","1","Received: 2; Responsive: 1 (difference is the rejected count)","count is derived as received minus responsive; 1 bidder(s)"
"536846","RAJUK","Office of the Superintending Engineer (Electrical)","02 Two Years Servicing & Maintenance of Existing Air-Cooler at Rajuk Main & Annex Bhaban.","AWARDED_BIDDER","M/S Sunny Construction","SUNNY CONSTRUCTION","1634709.60","responsive","qualified","","not_applicable_won_the_contract","not_applicable","","","","Tender_536846.pdf","1","Contract Value (Taka): 1634709.60; Name of Supplier/Contractor/Consultant: M/S Sunny Construction","bid amount equals the awarded contract value as printed on the award notice"
"536846","RAJUK","Office of the Superintending Engineer (Electrical)","02 Two Years Servicing & Maintenance of Existing Air-Cooler at Rajuk Main & Annex Bhaban.","UNNAMED_REJECTED_BIDDERS_AGGREGATE","","","","non_responsive","not_qualified","","","","","","","Tender_536846.pdf","1","Received: 2; Responsive: 1 (difference is the rejected count)","count is derived as received minus responsive; 1 bidder(s)"
"564502","RAJUK","Office of the Project Director, Urban Resilience Project-RAJUK Part,RAJUK,Dhaka","Supply of Smart IT Equipment & Office Machinery","AWARDED_BIDDER","Smart Technologies (BD) Ltd.","SMART TECHNOLOGIES LTD","4094175.04","responsive","qualified","","not_applicable_won_the_contract","not_applicable","","","","Tender_564502.pdf","1","Contract Value (Taka): 4094175.04; Name of Supplier/Contractor/Consultant: Smart Technologies (BD) Ltd.","bid amount equals the awarded contract value as printed on the award notice"
"564502","RAJUK","Office of the Project Director, Urban Resilience Project-RAJUK Part,RAJUK,Dhaka","Supply of Smart IT Equipment & Office Machinery","UNNAMED_REJECTED_BIDDERS_AGGREGATE","","","","non_responsive","not_qualified","","","","","","","Tender_564502.pdf","1","Received: 2; Responsive: 1 (difference is the rejected count)","count is derived as received minus responsive; 1 bidder(s)"
"583663","RAJUK","Construction of multi-storied apartment Buildings on 9(Nine) nos abandoned plot at Gulshan,Mohammadpur, Lalmatia & Dhanmondi, Dhaka.","Supply, Installation, Testing Commissioning of 1(One) Number 200KVA Sub-Station & 40KVA Generator for 4 storied Apartment Building at Mohammadpur R/A, Awrangajeb Road, Block-A, Plot-8/2, Dhaka. (Building 5).","AWARDED_BIDDER","MECO INTERNATIONAL","MECO INTERNATIONAL","4711111.11","responsive","qualified","","not_applicable_won_the_contract","not_applicable","","","","Tender_583663.pdf","1","Contract Value (Taka): 4711111.11; Name of Supplier/Contractor/Consultant: MECO INTERNATIONAL","bid amount equals the awarded contract value as printed on the award notice"
"590111","RAJUK","Construction of multi-storied apartment Buildings on 9(Nine) nos abandoned plot at Gulshan,Mohammadpur, Lalmatia & Dhanmondi, Dhaka.","Supply, Installation, Testing & Commissioning of 5 KWP Solar System for 4 Storied Apartment Building at Mohammadpur R/A, Awrangazeb Road, Block-A, Plot No-8/2.","AWARDED_BIDDER","M/s Anas Trading International","ANAS TRADING INTERNATIONAL","374800.10","responsive","qualified","","not_applicable_won_the_contract","not_applicable","","","","Tender_590111.pdf","1","Contract Value (Taka): 374800.10; Name of Supplier/Contractor/Consultant: M/s Anas Trading International","bid amount equals the awarded contract value as printed on the award notice"
"591374","RAJUK","Construction of multi-storied apartment Buildings on 9(Nine) nos abandoned plot at Gulshan,Mohammadpur, Lalmatia & Dhanmondi, Dhaka.","Supply, Installation, Testing Commissioning of 1(One) Number 500KVA Sub-Station & 200KVA Generator for 10 storied Apartment Building at Gulshan, Road 31, Plot-CWS (B), 28, Dhaka. (Building 2).","AWARDED_BIDDER","M/S Mirza Construction","MIRZA CONSTRUCTION","8464141.10","responsive","qualified","","not_applicable_won_the_contract","not_applicable","","","","Tender_591374.pdf","1","Contract Value (Taka): 8464141.10; Name of Supplier/Contractor/Consultant: M/S Mirza Construction","bid amount equals the awarded contract value as printed on the award notice"
"591591","RAJUK","Construction of multi-storied apartment Buildings on 9(Nine) nos abandoned plot at Gulshan,Mohammadpur, Lalmatia & Dhanmondi, Dhaka.","Supply, Installation, Testing Commissioning of 2(Two) Number 630 KG 8 Passenger Lift for 9 storied Apartment Building at Mohammadpur R/A, Khilzi Road, Block-B, Plot-22/21, Dhaka. (Building 7)","AWARDED_BIDDER","Concept Elevators & Engineering Ltd.","CONCEPT ELEVATORS ENGINEERING LTD","8386000.42","responsive","qualified","","not_applicable_won_the_contract","not_applicable","","","","Tender_591591.pdf","1","Contract Value (Taka): 8386000.42; Name of Supplier/Contractor/Consultant: Concept Elevators & Engineering Ltd.","bid amount equals the awarded contract value as printed on the award notice"
"591741","RAJUK","Construction of multi-storied apartment Buildings on 9(Nine) nos abandoned plot at Gulshan,Mohammadpur, Lalmatia & Dhanmondi, Dhaka.","Supply, Installation, Testing Commissioning of 1(One) Number 400KVA Sub-Station & 150 KVA Generator for 9 storied Apartment Building at Mohammadpur R/A, Khilzi Road, Block-B, Plot-22/21, Dhaka. (Building 7).","AWARDED_BIDDER","M/S Mirza Construction","MIRZA CONSTRUCTION","7481081.36","responsive","qualified","","not_applicable_won_the_contract","not_applicable","","","","Tender_591741.pdf","1","Contract Value (Taka): 7481081.36; Name of Supplier/Contractor/Consultant: M/S Mirza Construction","bid amount equals the awarded contract value as printed on the award notice"
"592175","RAJUK","Construction of multi-storied apartment Buildings on 9(Nine) nos abandoned plot at Gulshan,Mohammadpur, Lalmatia & Dhanmondi, Dhaka.","Supply, Installation, Testing Commissioning of 1(One) Number 630 KG 8 Passenger Lift for 9 storied Apartment Building at Lalmatia R/A, Block-E, Plot-6/12, Dhaka. (Building 9)","AWARDED_BIDDER","Concept Elevators & Engineering Ltd.","CONCEPT ELEVATORS ENGINEERING LTD","4200000.32","responsive","qualified","","not_applicable_won_the_contract","not_applicable","","","","Tender_592175.pdf","1","Contract Value (Taka): 4200000.32; Name of Supplier/Contractor/Consultant: Concept Elevators & Engineering Ltd.","bid amount equals the awarded contract value as printed on the award notice"
"595833","RAJUK","Uttara 3rd Phase Project","Repair & Renovation Works of Lake Drive Road at Eastern Side of Lake 04 & 05 And Avenue-01 (Part), 03 (Part), 05 (Part), 06 & 07 (Part) of Uttara Residential Model Town (3rd Phase) Project.","AWARDED_BIDDER","Rafiq Construction Co. (Pvt.) Ltd.","RAFIQ CONSTRUCTION CO LTD","111744601.47","responsive","qualified","","not_applicable_won_the_contract","not_applicable","","","","Tender_595833.pdf","1","Contract Value (Taka): 111744601.47; Name of Supplier/Contractor/Consultant: Rafiq Construction Co. (Pvt.) Ltd.","bid amount equals the awarded contract value as printed on the award notice"
"597090","RAJUK","Uttara Apartment Project","Supply, Installation, Testing and Commissioning of PLC functional Variable Freuency Drive (VFD), PLC functional automatic synchronized power supply system, Pillar Hydrant and other ancilliary work under the project of Construction of Residential Apar","AWARDED_BIDDER","NATIONAL DEVELOPMENT ENGINEERS LTD.","NATIONAL DEVELOPMENT ENGINEERS LTD","98788892.73","responsive","qualified","","not_applicable_won_the_contract","not_applicable","","","","Tender_597090.pdf","1","Contract Value (Taka): 98788892.73; Name of Supplier/Contractor/Consultant: NATIONAL DEVELOPMENT ENGINEERS LTD.","bid amount equals the awarded contract value as printed on the award notice"
"597090","RAJUK","Uttara Apartment Project","Supply, Installation, Testing and Commissioning of PLC functional Variable Freuency Drive (VFD), PLC functional automatic synchronized power supply system, Pillar Hydrant and other ancilliary work under the project of Construction of Residential Apar","UNNAMED_REJECTED_BIDDERS_AGGREGATE","","","","non_responsive","not_qualified","","","","","","","Tender_597090.pdf","1","Received: 6; Responsive: 5 (difference is the rejected count)","count is derived as received minus responsive; 1 bidder(s)"
"601511","RAJUK","Purbachal New Town Project","Construction of RAJUK Purbachal Graveyard Boundary wall at Sector-22 of Purbachal New Town Project.","AWARDED_BIDDER","M/S Udayan Builders","UDAYAN BUILDERS","26986410.49","responsive","qualified","","not_applicable_won_the_contract","not_applicable","","","","Tender_601511.pdf","1","Contract Value (Taka): 26986410.49; Name of Supplier/Contractor/Consultant: M/S Udayan Builders","bid amount equals the awarded contract value as printed on the award notice"
"601511","RAJUK","Purbachal New Town Project","Construction of RAJUK Purbachal Graveyard Boundary wall at Sector-22 of Purbachal New Town Project.","UNNAMED_REJECTED_BIDDERS_AGGREGATE","","","","non_responsive","not_qualified","","","","","","","Tender_601511.pdf","1","Received: 8; Responsive: 2 (difference is the rejected count)","count is derived as received minus responsive; 6 bidder(s)"
"601512","RAJUK","Purbachal New Town Project","Construction of RAJUK Purbachal Temple & Crematorium wall at Sector-04 of Purbachal New Town Project.","AWARDED_BIDDER","H RAHMAN ENTERPRISE","H RAHMAN ENTERPRISE","11116977.07","responsive","qualified","","not_applicable_won_the_contract","not_applicable","","","","Tender_601512.pdf","1","Contract Value (Taka): 11116977.07; Name of Supplier/Contractor/Consultant: H RAHMAN ENTERPRISE","bid amount equals the awarded contract value as printed on the award notice"
"601512","RAJUK","Purbachal New Town Project","Construction of RAJUK Purbachal Temple & Crematorium wall at Sector-04 of Purbachal New Town Project.","UNNAMED_REJECTED_BIDDERS_AGGREGATE","","","","non_responsive","not_qualified","","","","","","","Tender_601512.pdf","1","Received: 7; Responsive: 1 (difference is the rejected count)","count is derived as received minus responsive; 6 bidder(s)"
"601514","RAJUK","Purbachal New Town Project","Construction of R.C.C Road and Surface Drain at Sector-23 (Part) of Purbachal New Town Project (Package # RDC-23, Lot-01)","AWARDED_BIDDER","Momotaj Engineers Ltd.","MOMOTAJ ENGINEERS LTD","54831431.37","responsive","qualified","","not_applicable_won_the_contract","not_applicable","","","","Tender_601514.pdf","1","Contract Value (Taka): 54831431.37; Name of Supplier/Contractor/Consultant: Momotaj Engineers Ltd.","bid amount equals the awarded contract value as printed on the award notice"
"601514","RAJUK","Purbachal New Town Project","Construction of R.C.C Road and Surface Drain at Sector-23 (Part) of Purbachal New Town Project (Package # RDC-23, Lot-01)","UNNAMED_REJECTED_BIDDERS_AGGREGATE","","","","non_responsive","not_qualified","","","","","","","Tender_601514.pdf","1","Received: 15; Responsive: 12 (difference is the rejected count)","count is derived as received minus responsive; 3 bidder(s)"
"601516","RAJUK","Purbachal New Town Project","Construction of Internal RCC walkway including surface drain at Sector-24 of Purbachal New Town Project.","AWARDED_BIDDER","M/S. AMIN TRADING CORPORATION","AMIN TRADING CORPORATION","16055781.41","responsive","qualified","","not_applicable_won_the_contract","not_applicable","","","","Tender_601516.pdf","1","Contract Value (Taka): 16055781.41; Name of Supplier/Contractor/Consultant: M/S. AMIN TRADING CORPORATION","bid amount equals the awarded contract value as printed on the award notice"
"601516","RAJUK","Purbachal New Town Project","Construction of Internal RCC walkway including surface drain at Sector-24 of Purbachal New Town Project.","UNNAMED_REJECTED_BIDDERS_AGGREGATE","","","","non_responsive","not_qualified","","","","","","","Tender_601516.pdf","1","Received: 16; Responsive: 13 (difference is the rejected count)","count is derived as received minus responsive; 3 bidder(s)"
"601519","RAJUK","Purbachal New Town Project","Construction of Internal RCC walkway including surface drain at Sector-28 of Purbachal New Town Project.","AWARDED_BIDDER","M/S. A. R. Enterprise","A R ENTERPRISE","20511652.71","responsive","qualified","","not_applicable_won_the_contract","not_applicable","","","","Tender_601519.pdf","1","Contract Value (Taka): 20511652.71; Name of Supplier/Contractor/Consultant: M/S. A. R. Enterprise","bid amount equals the awarded contract value as printed on the award notice"
"601519","RAJUK","Purbachal New Town Project","Construction of Internal RCC walkway including surface drain at Sector-28 of Purbachal New Town Project.","UNNAMED_REJECTED_BIDDERS_AGGREGATE","","","","non_responsive","not_qualified","","","","","","","Tender_601519.pdf","1","Received: 15; Responsive: 9 (difference is the rejected count)","count is derived as received minus responsive; 6 bidder(s)"
"601520","RAJUK","Purbachal New Town Project","Construction of Boundary Wall for RAJUK site office at Sector-19 of Purbachal New Town Project.","AWARDED_BIDDER","Starlite Services Limited","STARLITE SERVICES LTD","25907749.63","responsive","qualified","","not_applicable_won_the_contract","not_applicable","","","","Tender_601520.pdf","1","Contract Value (Taka): 25907749.63; Name of Supplier/Contractor/Consultant: Starlite Services Limited","bid amount equals the awarded contract value as printed on the award notice"
"601520","RAJUK","Purbachal New Town Project","Construction of Boundary Wall for RAJUK site office at Sector-19 of Purbachal New Town Project.","UNNAMED_REJECTED_BIDDERS_AGGREGATE","","","","non_responsive","not_qualified","","","","","","","Tender_601520.pdf","1","Received: 9; Responsive: 1 (difference is the rejected count)","count is derived as received minus responsive; 8 bidder(s)"
"608964","RAJUK","Construction of multi-storied apartment Buildings on 9(Nine) nos abandoned plot at Gulshan,Mohammadpur, Lalmatia & Dhanmondi, Dhaka.","Supply, Installation, Testing & Commissioning of 10 KWP Solar System for 9 Storied Apartment Building at Mohammadpur R/A, Khilzi Road, Plot No-22/21 (Building 7).","AWARDED_BIDDER","M/s Anas Trading International","ANAS TRADING INTERNATIONAL","840000.11","responsive","qualified","","not_applicable_won_the_contract","not_applicable","","","","Tender_608964.pdf","1","Contract Value (Taka): 840000.11; Name of Supplier/Contractor/Consultant: M/s Anas Trading International","bid amount equals the awarded contract value as printed on the award notice"
"608964","RAJUK","Construction of multi-storied apartment Buildings on 9(Nine) nos abandoned plot at Gulshan,Mohammadpur, Lalmatia & Dhanmondi, Dhaka.","Supply, Installation, Testing & Commissioning of 10 KWP Solar System for 9 Storied Apartment Building at Mohammadpur R/A, Khilzi Road, Plot No-22/21 (Building 7).","UNNAMED_REJECTED_BIDDERS_AGGREGATE","","","","non_responsive","not_qualified","","","","","","","Tender_608964.pdf","1","Received: 8; Responsive: 4 (difference is the rejected count)","count is derived as received minus responsive; 4 bidder(s)"
"609656","RAJUK","Construction of multi-storied apartment Buildings on 9(Nine) nos abandoned plot at Gulshan,Mohammadpur, Lalmatia & Dhanmondi, Dhaka.","Supply, Installation, Testing & Commissioning of 12 KWP Solar System for 10 Storied Apartment Building at Gulshan R/A, Road No.- 31, Plot No-CWS(B)-28 (Building-2).","AWARDED_BIDDER","M/s Anas Trading International","ANAS TRADING INTERNATIONAL","947996.11","responsive","qualified","","not_applicable_won_the_contract","not_applicable","","","","Tender_609656.pdf","1","Contract Value (Taka): 947996.11; Name of Supplier/Contractor/Consultant: M/s Anas Trading International","bid amount equals the awarded contract value as printed on the award notice"
"609656","RAJUK","Construction of multi-storied apartment Buildings on 9(Nine) nos abandoned plot at Gulshan,Mohammadpur, Lalmatia & Dhanmondi, Dhaka.","Supply, Installation, Testing & Commissioning of 12 KWP Solar System for 10 Storied Apartment Building at Gulshan R/A, Road No.- 31, Plot No-CWS(B)-28 (Building-2).","UNNAMED_REJECTED_BIDDERS_AGGREGATE","","","","non_responsive","not_qualified","","","","","","","Tender_609656.pdf","1","Received: 8; Responsive: 4 (difference is the rejected count)","count is derived as received minus responsive; 4 bidder(s)"
"614373","RAJUK","Construction of multi-storied apartment Buildings on 9(Nine) nos abandoned plot at Gulshan,Mohammadpur, Lalmatia & Dhanmondi, Dhaka.","Supply, Installation, Testing, Commissioning of 01 (One) Number 800 kg (10 Passengers) Lift for Eight Storied Apartment Building at Mohammadpur R/A, Babor Road, Block-B, Plot-2/15 (Building-6)","AWARDED_BIDDER","Concept Elevators & Engineering Ltd.","CONCEPT ELEVATORS ENGINEERING LTD","4498200.36","responsive","qualified","","not_applicable_won_the_contract","not_applicable","","","","Tender_614373.pdf","1","Contract Value (Taka): 4498200.36; Name of Supplier/Contractor/Consultant: Concept Elevators & Engineering Ltd.","bid amount equals the awarded contract value as printed on the award notice"
"615021","RAJUK","Construction of multi-storied apartment Buildings on 9(Nine) nos abandoned plot at Gulshan,Mohammadpur, Lalmatia & Dhanmondi, Dhaka.","Supply, Installation, Testing & Commissioning of 5 KWP Solar System for Eight Storied Apartment Building at Mohammadpur R/A, Babor Road, Block-B, Plot-2/15 (Building-6)","AWARDED_BIDDER","M/s Anas Trading International","ANAS TRADING INTERNATIONAL","295000.10","responsive","qualified","","not_applicable_won_the_contract","not_applicable","","","","Tender_615021.pdf","1","Contract Value (Taka): 295000.10; Name of Supplier/Contractor/Consultant: M/s Anas Trading International","bid amount equals the awarded contract value as printed on the award notice"
"615021","RAJUK","Construction of multi-storied apartment Buildings on 9(Nine) nos abandoned plot at Gulshan,Mohammadpur, Lalmatia & Dhanmondi, Dhaka.","Supply, Installation, Testing & Commissioning of 5 KWP Solar System for Eight Storied Apartment Building at Mohammadpur R/A, Babor Road, Block-B, Plot-2/15 (Building-6)","UNNAMED_REJECTED_BIDDERS_AGGREGATE","","","","non_responsive","not_qualified","","","","","","","Tender_615021.pdf","1","Received: 7; Responsive: 3 (difference is the rejected count)","count is derived as received minus responsive; 4 bidder(s)"
"615572","RAJUK","Uttara 3rd Phase Project","Repair and Renovation Work of Lake Drive Road no 06 (west side of lake no-11) Including Surface Pucca Drain and Barbed Wire Fancy around Green Belt at Sector 16 of Uttara Residential Model Town (3rd Phase) Project.","AWARDED_BIDDER","M/S SHAFIQUE AND SONS - M/S. AMIN TRADING CORPORATION JV","SHAFIQUE AND SONS M S AMIN TRADING CORPORATION JV","29216449.31","responsive","qualified","","not_applicable_won_the_contract","not_applicable","","","","Tender_615572.pdf","1","Contract Value (Taka): 29216449.31; Name of Supplier/Contractor/Consultant: M/S SHAFIQUE AND SONS - M/S. AMIN TRADING CORPORATION JV ( JVCA Partners [Business Share]: M/S. AMIN TRADING CORPORATION [25.000%] , M/s Shafique and Sons [75.000%] )","bid amount equals the awarded contract value as printed on the award notice"
"615572","RAJUK","Uttara 3rd Phase Project","Repair and Renovation Work of Lake Drive Road no 06 (west side of lake no-11) Including Surface Pucca Drain and Barbed Wire Fancy around Green Belt at Sector 16 of Uttara Residential Model Town (3rd Phase) Project.","JV_PARTNER_OF_WINNER","M/S. AMIN TRADING CORPORATION","AMIN TRADING CORPORATION","7304112.33","responsive_as_part_of_the_winning_joint_venture","qualified_as_part_of_the_joint_venture","","","","","25.000","","Tender_615572.pdf","1","JVCA Partners [Business Share]: M/S. AMIN TRADING CORPORATION [25.000%]","bid_amount here is the partner's declared share of the contract value, not a separately published bid"
"615572","RAJUK","Uttara 3rd Phase Project","Repair and Renovation Work of Lake Drive Road no 06 (west side of lake no-11) Including Surface Pucca Drain and Barbed Wire Fancy around Green Belt at Sector 16 of Uttara Residential Model Town (3rd Phase) Project.","JV_PARTNER_OF_WINNER","M/s Shafique and Sons","SHAFIQUE AND SONS","21912336.99","responsive_as_part_of_the_winning_joint_venture","qualified_as_part_of_the_joint_venture","","","","","75.000","","Tender_615572.pdf","1","JVCA Partners [Business Share]: M/s Shafique and Sons [75.000%]","bid_amount here is the partner's declared share of the contract value, not a separately published bid"
"615572","RAJUK","Uttara 3rd Phase Project","Repair and Renovation Work of Lake Drive Road no 06 (west side of lake no-11) Including Surface Pucca Drain and Barbed Wire Fancy around Green Belt at Sector 16 of Uttara Residential Model Town (3rd Phase) Project.","UNNAMED_REJECTED_BIDDERS_AGGREGATE","","","","non_responsive","not_qualified","","","","","","","Tender_615572.pdf","1","Received: 8; Responsive: 6 (difference is the rejected count)","count is derived as received minus responsive; 2 bidder(s)"
"616293","RAJUK","Purbachal New Town Project","Electrification work of 02 (two) Storied Progati High Building with 06 (Six) Storied Foundation work in the Plot No-43, Road No-102 in Sector No-03 of Purbachal New Town Project.","AWARDED_BIDDER","M/S. Sharif & Sons","SHARIF SONS","3463421.40","responsive","qualified","","not_applicable_won_the_contract","not_applicable","","","","Tender_616293.pdf","1","Contract Value (Taka): 3463421.40; Name of Supplier/Contractor/Consultant: M/S. Sharif & Sons","bid amount equals the awarded contract value as printed on the award notice"
"616293","RAJUK","Purbachal New Town Project","Electrification work of 02 (two) Storied Progati High Building with 06 (Six) Storied Foundation work in the Plot No-43, Road No-102 in Sector No-03 of Purbachal New Town Project.","UNNAMED_REJECTED_BIDDERS_AGGREGATE","","","","non_responsive","not_qualified","","","","","","","Tender_616293.pdf","1","Received: 5; Responsive: 1 (difference is the rejected count)","count is derived as received minus responsive; 4 bidder(s)"
"616294","RAJUK","Purbachal New Town Project","Electrification work of 02 (two) storied Purbachal Palkhan High School Bhaban with 06 (Six) Storied foundation work in the Plot No.-8, Road No.-301 in Sector-30 of Purbachal New Town Project.","AWARDED_BIDDER","M/S Sunny Construction","SUNNY CONSTRUCTION","3463421.40","responsive","qualified","","not_applicable_won_the_contract","not_applicable","","","","Tender_616294.pdf","1","Contract Value (Taka): 3463421.40; Name of Supplier/Contractor/Consultant: M/S Sunny Construction","bid amount equals the awarded contract value as printed on the award notice"
"616294","RAJUK","Purbachal New Town Project","Electrification work of 02 (two) storied Purbachal Palkhan High School Bhaban with 06 (Six) Storied foundation work in the Plot No.-8, Road No.-301 in Sector-30 of Purbachal New Town Project.","UNNAMED_REJECTED_BIDDERS_AGGREGATE","","","","non_responsive","not_qualified","","","","","","","Tender_616294.pdf","1","Received: 4; Responsive: 1 (difference is the rejected count)","count is derived as received minus responsive; 3 bidder(s)"
"620619","RAJUK","Superintending Engineer (Civil Circle-1)","Renovation Works ( Plaster, Door, Window, Sanitary fittings, Painting and other Civil works) in the Building allotted for Drivers (Building No.10) at RAJUK Malibagh Officers' Quarter Area.","AWARDED_BIDDER","M/S. A. R. Enterprise","A R ENTERPRISE","3045193.80","responsive","qualified","","not_applicable_won_the_contract","not_applicable","","","","Tender_620619.pdf","1","Contract Value (Taka): 3045193.80; Name of Supplier/Contractor/Consultant: M/S. A. R. Enterprise","bid amount equals the awarded contract value as printed on the award notice"
"622539","RAJUK","Office of the Superintending Engineer (Electrical)","Supply, Installation, Testing & Commissioning of 100 KVA Generator and Related Works for Rajuk Zonal Office in Uttara.","AWARDED_BIDDER","M/S TANIN ENTERPRISE","TANIN ENTERPRISE","3097300.59","responsive","qualified","","not_applicable_won_the_contract","not_applicable","","","","Tender_622539.pdf","1","Contract Value (Taka): 3097300.59; Name of Supplier/Contractor/Consultant: M/S TANIN ENTERPRISE","bid amount equals the awarded contract value as printed on the award notice"
"622539","RAJUK","Office of the Superintending Engineer (Electrical)","Supply, Installation, Testing & Commissioning of 100 KVA Generator and Related Works for Rajuk Zonal Office in Uttara.","UNNAMED_REJECTED_BIDDERS_AGGREGATE","","","","non_responsive","not_qualified","","","","","","","Tender_622539.pdf","1","Received: 3; Responsive: 2 (difference is the rejected count)","count is derived as received minus responsive; 1 bidder(s)"
"622586","RAJUK","Office of the Superintending Engineer (Electrical)","Temporary Illumination of Rajuk Zonal Offices in different Religion Festivals & State Phase.","AWARDED_BIDDER","M/S TANIN ENTERPRISE","TANIN ENTERPRISE","1279542.60","responsive","qualified","","not_applicable_won_the_contract","not_applicable","","","","Tender_622586.pdf","1","Contract Value (Taka): 1279542.60; Name of Supplier/Contractor/Consultant: M/S TANIN ENTERPRISE","bid amount equals the awarded contract value as printed on the award notice"
"622637","RAJUK","Office of the Superintending Engineer (Electrical)","Servicing & Maintenance of CCTV Surveillance System of Rajuk Main & Annex Bhaban and Bhaban Complex for 02 (Two) Years.","AWARDED_BIDDER","Silver Sun Electronics","SILVER SUN ELECTRONICS","967554.72","responsive","qualified","","not_applicable_won_the_contract","not_applicable","","","","Tender_622637.pdf","1","Contract Value (Taka): 967554.72; Name of Supplier/Contractor/Consultant: Silver Sun Electronics","bid amount equals the awarded contract value as printed on the award notice"
"637169","RAJUK","Uttara Apartment Project","Supply, Installation, Testing and Commissioning of 01 No. 2100 KG Passenger Cum Bed Lift for the Community Center under the Project of Construction of Residential Apartment Building for Low & Middle Income Group of people at Sector- 18, Block-A, Utta","AWARDED_BIDDER","Concept Elevators & Engineering Ltd.","CONCEPT ELEVATORS ENGINEERING LTD","8158500.74","responsive","qualified","","not_applicable_won_the_contract","not_applicable","","","","Tender_637169.pdf","1","Contract Value (Taka): 8158500.74; Name of Supplier/Contractor/Consultant: Concept Elevators & Engineering Ltd.","bid amount equals the awarded contract value as printed on the award notice"
"639927","RAJUK","Construction of multi-storied apartment Buildings on 9(Nine) nos abandoned plot at Gulshan,Mohammadpur, Lalmatia & Dhanmondi, Dhaka.","RAJUK/PD_9apt/Gen-S/S._Bldg-4 Supply, Installation, Testing and Commissioning of 1(One) Number 300KVA Sub- Station & 80 KVA Generator for Seven Storied Apartment Building at Plot-13/1, Block-A, Awrangajeb Road, Mohammadpur R/A, Dhaka (Building-4)","AWARDED_BIDDER","T.S Enterprise","T S ENTERPRISE","6132044.30","responsive","qualified","","not_applicable_won_the_contract","not_applicable","","","","Tender_639927.pdf","1","Contract Value (Taka): 6132044.30; Name of Supplier/Contractor/Consultant: T.S Enterprise","bid amount equals the awarded contract value as printed on the award notice"
"647346","RAJUK","Uttara 3rd Phase Project","Supply fitting & fixing of solar system LED light starting form Rail Depo underpass to south side of west Avenue Road in Uttara (3rd Phase) Project (Group-2).","AWARDED_BIDDER","The Continantal Builders","THE CONTINANTAL BUILDERS","16066116.90","responsive","qualified","","not_applicable_won_the_contract","not_applicable","","","","Tender_647346.pdf","1","Contract Value (Taka): 16066116.90; Name of Supplier/Contractor/Consultant: The Continantal Builders","bid amount equals the awarded contract value as printed on the award notice"
"647346","RAJUK","Uttara 3rd Phase Project","Supply fitting & fixing of solar system LED light starting form Rail Depo underpass to south side of west Avenue Road in Uttara (3rd Phase) Project (Group-2).","UNNAMED_REJECTED_BIDDERS_AGGREGATE","","","","non_responsive","not_qualified","","","","","","","Tender_647346.pdf","1","Received: 17; Responsive: 9 (difference is the rejected count)","count is derived as received minus responsive; 8 bidder(s)"
"647351","RAJUK","Uttara 3rd Phase Project","Supply fitting & fixing of solar system LED light on part of Avenue-3 & 4 and upto Bridge No-5 of Avenue-1 in Uttara (3rd Phase) Project, (Group-3).","AWARDED_BIDDER","M/S Techno Trade International","TECHNO TRADE INTERNATIONAL","17017004.70","responsive","qualified","","not_applicable_won_the_contract","not_applicable","","","","Tender_647351.pdf","1","Contract Value (Taka): 17017004.70; Name of Supplier/Contractor/Consultant: M/S Techno Trade International","bid amount equals the awarded contract value as printed on the award notice"
"647351","RAJUK","Uttara 3rd Phase Project","Supply fitting & fixing of solar system LED light on part of Avenue-3 & 4 and upto Bridge No-5 of Avenue-1 in Uttara (3rd Phase) Project, (Group-3).","UNNAMED_REJECTED_BIDDERS_AGGREGATE","","","","non_responsive","not_qualified","","","","","","","Tender_647351.pdf","1","Received: 17; Responsive: 10 (difference is the rejected count)","count is derived as received minus responsive; 7 bidder(s)"
"647356","RAJUK","Uttara 3rd Phase Project","Supply Fitting & fixing of Solar System LED light starting from Sector No. 14 of Graveyard to South side of Lake drive road of Avenue-7 upto Bridge 06 in Uttara.(3rd Phase) Project, (Group-4).","AWARDED_BIDDER","Super Star Renewable Energy Limited","SUPER STAR RENEWABLE ENERGY LTD","13534879.50","responsive","qualified","","not_applicable_won_the_contract","not_applicable","","","","Tender_647356.pdf","1","Contract Value (Taka): 13534879.50; Name of Supplier/Contractor/Consultant: Super Star Renewable Energy Limited","bid amount equals the awarded contract value as printed on the award notice"
"647356","RAJUK","Uttara 3rd Phase Project","Supply Fitting & fixing of Solar System LED light starting from Sector No. 14 of Graveyard to South side of Lake drive road of Avenue-7 upto Bridge 06 in Uttara.(3rd Phase) Project, (Group-4).","UNNAMED_REJECTED_BIDDERS_AGGREGATE","","","","non_responsive","not_qualified","","","","","","","Tender_647356.pdf","1","Received: 19; Responsive: 10 (difference is the rejected count)","count is derived as received minus responsive; 9 bidder(s)"
"647361","RAJUK","Uttara 3rd Phase Project","Supply Fitting & fixing of Solar System LED light on Part of Avenue- 6 and upto Central Circle of West Side of the part of Avenue- 5 in Uttara (3rd Phase) Project, (Group-6).","AWARDED_BIDDER","Auto Power Pvt. Limited","AUTO POWER PVT LTD","9194839.20","responsive","qualified","","not_applicable_won_the_contract","not_applicable","","","","Tender_647361.pdf","1","Contract Value (Taka): 9194839.20; Name of Supplier/Contractor/Consultant: Auto Power Pvt. Limited","bid amount equals the awarded contract value as printed on the award notice"
"647361","RAJUK","Uttara 3rd Phase Project","Supply Fitting & fixing of Solar System LED light on Part of Avenue- 6 and upto Central Circle of West Side of the part of Avenue- 5 in Uttara (3rd Phase) Project, (Group-6).","UNNAMED_REJECTED_BIDDERS_AGGREGATE","","","","non_responsive","not_qualified","","","","","","","Tender_647361.pdf","1","Received: 15; Responsive: 6 (difference is the rejected count)","count is derived as received minus responsive; 9 bidder(s)"
"661661","RAJUK","Superintending Engineer (Civil Circle-4)","Repairing works of building-04 of staff quarter at sector-06, Uttara.","AWARDED_BIDDER","M/S. A. R. Enterprise","A R ENTERPRISE","3072847.08","responsive","qualified","","not_applicable_won_the_contract","not_applicable","","","","Tender_661661.pdf","1","Contract Value (Taka): 3072847.08; Name of Supplier/Contractor/Consultant: M/S. A. R. Enterprise","bid amount equals the awarded contract value as printed on the award notice"
"661888","RAJUK","Superintending Engineer (Civil Circle-4)","Repairing works of building-02 of staff quarter at sector-06, Uttara.","AWARDED_BIDDER","M/S. Maliha Enterprise","MALIHA ENTERPRISE","3032142.91","responsive","qualified","","not_applicable_won_the_contract","not_applicable","","","","Tender_661888.pdf","1","Contract Value (Taka): 3032142.91; Name of Supplier/Contractor/Consultant: M/S. Maliha Enterprise","bid amount equals the awarded contract value as printed on the award notice"
"663428","RAJUK","Director (Admin)","Supply of different stationery items for official purpose of RAJUK.","AWARDED_BIDDER","Shapla Enterprise","SHAPLA ENTERPRISE","2243561.75","responsive","qualified","","not_applicable_won_the_contract","not_applicable","","","","Tender_663428.pdf","1","Contract Value (Taka): 2243561.75; Name of Supplier/Contractor/Consultant: Shapla Enterprise","bid amount equals the awarded contract value as printed on the award notice"
"663428","RAJUK","Director (Admin)","Supply of different stationery items for official purpose of RAJUK.","UNNAMED_REJECTED_BIDDERS_AGGREGATE","","","","non_responsive","not_qualified","","","","","","","Tender_663428.pdf","1","Received: 5; Responsive: 2 (difference is the rejected count)","count is derived as received minus responsive; 3 bidder(s)"
"663429","RAJUK","Director (Admin)","Purchase of various printing items for official purpose of RAJUK.","AWARDED_BIDDER","Tithy Printing & Packaging","TITHY PRINTING PACKAGING","773944.52","responsive","qualified","","not_applicable_won_the_contract","not_applicable","","","","Tender_663429.pdf","1","Contract Value (Taka): 773944.52; Name of Supplier/Contractor/Consultant: Tithy Printing & Packaging","bid amount equals the awarded contract value as printed on the award notice"
"663429","RAJUK","Director (Admin)","Purchase of various printing items for official purpose of RAJUK.","UNNAMED_REJECTED_BIDDERS_AGGREGATE","","","","non_responsive","not_qualified","","","","","","","Tender_663429.pdf","1","Received: 9; Responsive: 8 (difference is the rejected count)","count is derived as received minus responsive; 1 bidder(s)"
"667693","RAJUK","Gulshan-Banani-Baridhara Lake Development Project","Lake Protection work at the west bank of Gulshan-Banani-Baridhara Lake from Gulshan Shooting Club to Gulshan- Badda link Road.","AWARDED_BIDDER","Starlite Services Limited","STARLITE SERVICES LTD","25972842.87","responsive","qualified","","not_applicable_won_the_contract","not_applicable","","","","Tender_667693.pdf","1","Contract Value (Taka): 25972842.87; Name of Supplier/Contractor/Consultant: Starlite Services Limited","bid amount equals the awarded contract value as printed on the award notice"
"667693","RAJUK","Gulshan-Banani-Baridhara Lake Development Project","Lake Protection work at the west bank of Gulshan-Banani-Baridhara Lake from Gulshan Shooting Club to Gulshan- Badda link Road.","UNNAMED_REJECTED_BIDDERS_AGGREGATE","","","","non_responsive","not_qualified","","","","","","","Tender_667693.pdf","1","Received: 4; Responsive: 1 (difference is the rejected count)","count is derived as received minus responsive; 3 bidder(s)"
"671805","RAJUK","Uttara Apartment Project","Remaining Construction works of 02(two) nos (Teesta-01 & Teesta-02) 16 Storied Residential Apartment Building For Low & Middle Income Group of People with 01 Basement floor in/c Parking facilities at Basement and Ground Floors, Internal Sanitary, Wat","AWARDED_BIDDER","M/s. SS & MT (JV)","SS MT","444989988.32","responsive","qualified","","not_applicable_won_the_contract","not_applicable","","","","Tender_671805.pdf","1","Contract Value (Taka): 444989988.32; Name of Supplier/Contractor/Consultant: M/s. SS & MT (JV) ( JVCA Partners [Business Share]: M/S. Monir Traders [49.000%] , M/S. Sharif & Sons [51.000%] )","bid amount equals the awarded contract value as printed on the award notice"
"671805","RAJUK","Uttara Apartment Project","Remaining Construction works of 02(two) nos (Teesta-01 & Teesta-02) 16 Storied Residential Apartment Building For Low & Middle Income Group of People with 01 Basement floor in/c Parking facilities at Basement and Ground Floors, Internal Sanitary, Wat","JV_PARTNER_OF_WINNER","M/S. Monir Traders","MONIR TRADERS","218045094.28","responsive_as_part_of_the_winning_joint_venture","qualified_as_part_of_the_joint_venture","","","","","49.000","","Tender_671805.pdf","1","JVCA Partners [Business Share]: M/S. Monir Traders [49.000%]","bid_amount here is the partner's declared share of the contract value, not a separately published bid"
"671805","RAJUK","Uttara Apartment Project","Remaining Construction works of 02(two) nos (Teesta-01 & Teesta-02) 16 Storied Residential Apartment Building For Low & Middle Income Group of People with 01 Basement floor in/c Parking facilities at Basement and Ground Floors, Internal Sanitary, Wat","JV_PARTNER_OF_WINNER","M/S. Sharif & Sons","SHARIF SONS","226944894.05","responsive_as_part_of_the_winning_joint_venture","qualified_as_part_of_the_joint_venture","","","","","51.000","","Tender_671805.pdf","1","JVCA Partners [Business Share]: M/S. Sharif & Sons [51.000%]","bid_amount here is the partner's declared share of the contract value, not a separately published bid"
"671805","RAJUK","Uttara Apartment Project","Remaining Construction works of 02(two) nos (Teesta-01 & Teesta-02) 16 Storied Residential Apartment Building For Low & Middle Income Group of People with 01 Basement floor in/c Parking facilities at Basement and Ground Floors, Internal Sanitary, Wat","UNNAMED_REJECTED_BIDDERS_AGGREGATE","","","","non_responsive","not_qualified","","","","","","","Tender_671805.pdf","1","Received: 4; Responsive: 2 (difference is the rejected count)","count is derived as received minus responsive; 2 bidder(s)"
"672061","RAJUK","Director (Admin)","Supply of Rajuk Annual Report 2020-2021 & Quarterly Rajuk Barta.","AWARDED_BIDDER","M/S Faith Print","FAITH PRINT","199501.50","responsive","qualified","","not_applicable_won_the_contract","not_applicable","","","","Tender_672061.pdf","1","Contract Value (Taka): 199501.50; Name of Supplier/Contractor/Consultant: M/S Faith Print","bid amount equals the awarded contract value as printed on the award notice"
"684610","RAJUK","Superintending Engineer (Civil Circle-1)","Painting works of Bridges, Overpasses, Railings and other infra-structures of Hatirjheel Area.","AWARDED_BIDDER","M/S Raj Development Construction","RAJ DEVELOPMENT CONSTRUCTION","5485150.04","responsive","qualified","","not_applicable_won_the_contract","not_applicable","","","","Tender_684610.pdf","1","Contract Value (Taka): 5485150.04; Name of Supplier/Contractor/Consultant: M/S Raj Development Construction","bid amount equals the awarded contract value as printed on the award notice"
"684610","RAJUK","Superintending Engineer (Civil Circle-1)","Painting works of Bridges, Overpasses, Railings and other infra-structures of Hatirjheel Area.","UNNAMED_REJECTED_BIDDERS_AGGREGATE","","","","non_responsive","not_qualified","","","","","","","Tender_684610.pdf","1","Received: 6; Responsive: 5 (difference is the rejected count)","count is derived as received minus responsive; 1 bidder(s)"
"685885","RAJUK","Office of the Superintending Engineer (Electrical)","Earthing Installation for Compressor & ODB Board of different Places in Hatirjheel Area.","AWARDED_BIDDER","M/S Sunny Construction","SUNNY CONSTRUCTION","1321392.60","responsive","qualified","","not_applicable_won_the_contract","not_applicable","","","","Tender_685885.pdf","1","Contract Value (Taka): 1321392.60; Name of Supplier/Contractor/Consultant: M/S Sunny Construction","bid amount equals the awarded contract value as printed on the award notice"
"685885","RAJUK","Office of the Superintending Engineer (Electrical)","Earthing Installation for Compressor & ODB Board of different Places in Hatirjheel Area.","UNNAMED_REJECTED_BIDDERS_AGGREGATE","","","","non_responsive","not_qualified","","","","","","","Tender_685885.pdf","1","Received: 7; Responsive: 4 (difference is the rejected count)","count is derived as received minus responsive; 3 bidder(s)"
"690870","RAJUK","Superintending Engineer (Civil Circle-1)","Construction of Drain and Connection Road towards sub-station and other civil works at RAJUK Malibagh Officers' Quarter Area.","AWARDED_BIDDER","M/S. Maliha Enterprise","MALIHA ENTERPRISE","4862965.91","responsive","qualified","","not_applicable_won_the_contract","not_applicable","","","","Tender_690870.pdf","1","Contract Value (Taka): 4862965.91; Name of Supplier/Contractor/Consultant: M/S. Maliha Enterprise","bid amount equals the awarded contract value as printed on the award notice"
"690870","RAJUK","Superintending Engineer (Civil Circle-1)","Construction of Drain and Connection Road towards sub-station and other civil works at RAJUK Malibagh Officers' Quarter Area.","UNNAMED_REJECTED_BIDDERS_AGGREGATE","","","","non_responsive","not_qualified","","","","","","","Tender_690870.pdf","1","Received: 7; Responsive: 6 (difference is the rejected count)","count is derived as received minus responsive; 1 bidder(s)"
"699109","RAJUK","Uttara Apartment Project","Supply, Installation, Testing and Commissioning of (A) 02 Nos 800 KG Passenger Lift & (B) 01 No. 1250 Kg Passenger Lift for the Community Center under the Project of Construction of Residential Apartment Building for Low & Middle Income Group of peop","AWARDED_BIDDER","Concept Elevators & Engineering Ltd.","CONCEPT ELEVATORS ENGINEERING LTD","17472802.00","responsive","qualified","","not_applicable_won_the_contract","not_applicable","","","","Tender_699109.pdf","1","Contract Value (Taka): 17472802.00; Name of Supplier/Contractor/Consultant: Concept Elevators & Engineering Ltd.","bid amount equals the awarded contract value as printed on the award notice"
"699109","RAJUK","Uttara Apartment Project","Supply, Installation, Testing and Commissioning of (A) 02 Nos 800 KG Passenger Lift & (B) 01 No. 1250 Kg Passenger Lift for the Community Center under the Project of Construction of Residential Apartment Building for Low & Middle Income Group of peop","UNNAMED_REJECTED_BIDDERS_AGGREGATE","","","","non_responsive","not_qualified","","","","","","","Tender_699109.pdf","1","Received: 4; Responsive: 2 (difference is the rejected count)","count is derived as received minus responsive; 2 bidder(s)"
"699111","RAJUK","Uttara Apartment Project","Supply, Installation, Testing and Commissioning of 03 Nos 1250 KG Passenger Cum Bed Lift for the Commercial Complex including Community Center & Kitchen Super shop under the Project of Construction of Residential Apartment Building for Low & Middle I","AWARDED_BIDDER","M/S Chowdhury Enterprise","CHOWDHURY ENTERPRISE","22498801.43","responsive","qualified","","not_applicable_won_the_contract","not_applicable","","","","Tender_699111.pdf","1","Contract Value (Taka): 22498801.43; Name of Supplier/Contractor/Consultant: M/S Chowdhury Enterprise","bid amount equals the awarded contract value as printed on the award notice"
"699111","RAJUK","Uttara Apartment Project","Supply, Installation, Testing and Commissioning of 03 Nos 1250 KG Passenger Cum Bed Lift for the Commercial Complex including Community Center & Kitchen Super shop under the Project of Construction of Residential Apartment Building for Low & Middle I","UNNAMED_REJECTED_BIDDERS_AGGREGATE","","","","non_responsive","not_qualified","","","","","","","Tender_699111.pdf","1","Received: 3; Responsive: 2 (difference is the rejected count)","count is derived as received minus responsive; 1 bidder(s)"
"706666","RAJUK","Office of the Superintending Engineer (Electrical)","03 (Three) Years Servicing & Maintenance of Computers at Rajuk.","AWARDED_BIDDER","M/S. Bangladesh Computer Land","BANGLADESH COMPUTER LAND","1517292.00","responsive","qualified","","not_applicable_won_the_contract","not_applicable","","","","Tender_706666.pdf","1","Contract Value (Taka): 1517292.00; Name of Supplier/Contractor/Consultant: M/S. Bangladesh Computer Land","bid amount equals the awarded contract value as printed on the award notice"
"706666","RAJUK","Office of the Superintending Engineer (Electrical)","03 (Three) Years Servicing & Maintenance of Computers at Rajuk.","UNNAMED_REJECTED_BIDDERS_AGGREGATE","","","","non_responsive","not_qualified","","","","","","","Tender_706666.pdf","1","Received: 4; Responsive: 1 (difference is the rejected count)","count is derived as received minus responsive; 3 bidder(s)"
"710843","RAJUK","Superintending Engineer (Civil Circle-4)","Repairing works of building-04 of staff quarter at sector-03, Uttara Residential Area.","AWARDED_BIDDER","M/S Britto Construction","BRITTO CONSTRUCTION","2401706.13","responsive","qualified","","not_applicable_won_the_contract","not_applicable","","","","Tender_710843.pdf","1","Contract Value (Taka): 2401706.13; Name of Supplier/Contractor/Consultant: M/S Britto Construction","bid amount equals the awarded contract value as printed on the award notice"
"710843","RAJUK","Superintending Engineer (Civil Circle-4)","Repairing works of building-04 of staff quarter at sector-03, Uttara Residential Area.","UNNAMED_REJECTED_BIDDERS_AGGREGATE","","","","non_responsive","not_qualified","","","","","","","Tender_710843.pdf","1","Received: 4; Responsive: 1 (difference is the rejected count)","count is derived as received minus responsive; 3 bidder(s)"
"713622","RAJUK","Superintending Engineer (Civil Circle-1)","Construction of Boundary Wall at RAJUK Malibagh Newly Constructed 14 Storied Officers' Quarter Area.","AWARDED_BIDDER","Donatien International","DONATIEN INTERNATIONAL","10179659.65","responsive","qualified","","not_applicable_won_the_contract","not_applicable","","","","Tender_713622.pdf","1","Contract Value (Taka): 10179659.65; Name of Supplier/Contractor/Consultant: Donatien International","bid amount equals the awarded contract value as printed on the award notice"
"713622","RAJUK","Superintending Engineer (Civil Circle-1)","Construction of Boundary Wall at RAJUK Malibagh Newly Constructed 14 Storied Officers' Quarter Area.","UNNAMED_REJECTED_BIDDERS_AGGREGATE","","","","non_responsive","not_qualified","","","","","","","Tender_713622.pdf","1","Received: 2; Responsive: 1 (difference is the rejected count)","count is derived as received minus responsive; 1 bidder(s)"
"727612","RAJUK","Superintending Engineer (Civil Circle-4)","Repairing works of building-01 of staff quarter at sector-03, Uttara Residential Area.","AWARDED_BIDDER","M/S. Khan Enterprise","KHAN ENTERPRISE","2273120.99","responsive","qualified","","not_applicable_won_the_contract","not_applicable","","","","Tender_727612.pdf","1","Contract Value (Taka): 2273120.99; Name of Supplier/Contractor/Consultant: M/S. Khan Enterprise","bid amount equals the awarded contract value as printed on the award notice"
"727612","RAJUK","Superintending Engineer (Civil Circle-4)","Repairing works of building-01 of staff quarter at sector-03, Uttara Residential Area.","UNNAMED_REJECTED_BIDDERS_AGGREGATE","","","","non_responsive","not_qualified","","","","","","","Tender_727612.pdf","1","Received: 4; Responsive: 1 (difference is the rejected count)","count is derived as received minus responsive; 3 bidder(s)"
"732686","RAJUK","Uttara Apartment Project","Construction & finishing works (DBS-Wearing Course) of Roads including repairing of Footpath at sector-18, Block-A, Uttara Apartment Project.","AWARDED_BIDDER","M/S. Udayan Builders - M/S. Tanni Enterprise JV","UDAYAN BUILDERS M S TANNI ENTERPRISE JV","78671412.47","responsive","qualified","","not_applicable_won_the_contract","not_applicable","","","","Tender_732686.pdf","1","Contract Value (Taka): 78671412.47; Name of Supplier/Contractor/Consultant: M/S. Udayan Builders - M/S. Tanni Enterprise JV ( JVCA Partners [Business Share]: M/S Udayan Builders [75.000%] , M/S. TANNI ENTERPRISE [25.000%] )","bid amount equals the awarded contract value as printed on the award notice"
"732686","RAJUK","Uttara Apartment Project","Construction & finishing works (DBS-Wearing Course) of Roads including repairing of Footpath at sector-18, Block-A, Uttara Apartment Project.","JV_PARTNER_OF_WINNER","M/S Udayan Builders","UDAYAN BUILDERS","59003559.35","responsive_as_part_of_the_winning_joint_venture","qualified_as_part_of_the_joint_venture","","","","","75.000","","Tender_732686.pdf","1","JVCA Partners [Business Share]: M/S Udayan Builders [75.000%]","bid_amount here is the partner's declared share of the contract value, not a separately published bid"
"732686","RAJUK","Uttara Apartment Project","Construction & finishing works (DBS-Wearing Course) of Roads including repairing of Footpath at sector-18, Block-A, Uttara Apartment Project.","JV_PARTNER_OF_WINNER","M/S. TANNI ENTERPRISE","TANNI ENTERPRISE","19667853.12","responsive_as_part_of_the_winning_joint_venture","qualified_as_part_of_the_joint_venture","","","","","25.000","","Tender_732686.pdf","1","JVCA Partners [Business Share]: M/S. TANNI ENTERPRISE [25.000%]","bid_amount here is the partner's declared share of the contract value, not a separately published bid"
"737121","RAJUK","Construction of multi-storied apartment Buildings on 9(Nine) nos abandoned plot at Gulshan,Mohammadpur, Lalmatia & Dhanmondi, Dhaka.","Supply, Installation, Testing & Commissioning of 02 (Two) Numbers 800 kg (10 Passengers) Lift for Thirteen Storied Apartment Building including one basement at Dhanmondi R/A, Road No Old-21, New 11/A, Plot No. Olld-226, New- 90. (Building-8)","AWARDED_BIDDER","Concept Elevators & Engineering Ltd.","CONCEPT ELEVATORS ENGINEERING LTD","14050000.78","responsive","qualified","","not_applicable_won_the_contract","not_applicable","","","","Tender_737121.pdf","1","Contract Value (Taka): 14050000.78; Name of Supplier/Contractor/Consultant: Concept Elevators & Engineering Ltd.","bid amount equals the awarded contract value as printed on the award notice"
"747343","RAJUK","Office of the Superintending Engineer (Mechanical)","Supply and fixing of 09 (Nine) nos. New tyre ( with tube & flap) for RAJUK wheel excavator no -02","AWARDED_BIDDER","MULTITRADE INTERNATIONAL","MULTITRADE INTERNATIONAL","795600.01","responsive","qualified","","not_applicable_won_the_contract","not_applicable","","","","Tender_747343.pdf","1","Contract Value (Taka): 795600.01; Name of Supplier/Contractor/Consultant: MULTITRADE INTERNATIONAL","bid amount equals the awarded contract value as printed on the award notice"
"747837","RAJUK","Uttara Apartment Project","Construction of Children's Park of Uttara Apartment Project, Block-A, Sector-18, Uttara, Dhaka.","AWARDED_BIDDER","M/S. AMIN TRADING CORPORATION","AMIN TRADING CORPORATION","25461859.45","responsive","qualified","","not_applicable_won_the_contract","not_applicable","","","","Tender_747837.pdf","1","Contract Value (Taka): 25461859.45; Name of Supplier/Contractor/Consultant: M/S. AMIN TRADING CORPORATION","bid amount equals the awarded contract value as printed on the award notice"
"747837","RAJUK","Uttara Apartment Project","Construction of Children's Park of Uttara Apartment Project, Block-A, Sector-18, Uttara, Dhaka.","UNNAMED_REJECTED_BIDDERS_AGGREGATE","","","","non_responsive","not_qualified","","","","","","","Tender_747837.pdf","1","Received: 6; Responsive: 5 (difference is the rejected count)","count is derived as received minus responsive; 1 bidder(s)"
"752801","RAJUK","Uttara Lake Development Project","Lake Excavation, Sludge Removal, Slope Protection and walk way construction work at Uttara Lake.","AWARDED_BIDDER","M/s. Udayan Builders (JV)","UDAYAN BUILDERS","452992528.20","responsive","qualified","","not_applicable_won_the_contract","not_applicable","","","","Tender_752801.pdf","1","Contract Value (Taka): 452992528.20; Name of Supplier/Contractor/Consultant: M/s. Udayan Builders (JV) ( JVCA Partners [Business Share]: M/S Udayan Builders [51.000%] , Starlite Services Limited [49.000%] )","bid amount equals the awarded contract value as printed on the award notice"
"752801","RAJUK","Uttara Lake Development Project","Lake Excavation, Sludge Removal, Slope Protection and walk way construction work at Uttara Lake.","JV_PARTNER_OF_WINNER","M/S Udayan Builders","UDAYAN BUILDERS","231026189.38","responsive_as_part_of_the_winning_joint_venture","qualified_as_part_of_the_joint_venture","","","","","51.000","","Tender_752801.pdf","1","JVCA Partners [Business Share]: M/S Udayan Builders [51.000%]","bid_amount here is the partner's declared share of the contract value, not a separately published bid"
"752801","RAJUK","Uttara Lake Development Project","Lake Excavation, Sludge Removal, Slope Protection and walk way construction work at Uttara Lake.","JV_PARTNER_OF_WINNER","Starlite Services Limited","STARLITE SERVICES LTD","221966338.82","responsive_as_part_of_the_winning_joint_venture","qualified_as_part_of_the_joint_venture","","","","","49.000","","Tender_752801.pdf","1","JVCA Partners [Business Share]: Starlite Services Limited [49.000%]","bid_amount here is the partner's declared share of the contract value, not a separately published bid"
"752801","RAJUK","Uttara Lake Development Project","Lake Excavation, Sludge Removal, Slope Protection and walk way construction work at Uttara Lake.","UNNAMED_REJECTED_BIDDERS_AGGREGATE","","","","non_responsive","not_qualified","","","","","","","Tender_752801.pdf","1","Received: 6; Responsive: 2 (difference is the rejected count)","count is derived as received minus responsive; 4 bidder(s)"
"755274","RAJUK","Office of the Superintending Engineer (Electrical)","Electrical Work of Common Toilet at Rajuk Annex Building.","AWARDED_BIDDER","T.S Enterprise","T S ENTERPRISE","751429.80","responsive","qualified","","not_applicable_won_the_contract","not_applicable","","","","Tender_755274.pdf","1","Contract Value (Taka): 751429.80; Name of Supplier/Contractor/Consultant: T.S Enterprise","bid amount equals the awarded contract value as printed on the award notice"
"755479","RAJUK","Office of the Superintending Engineer (Mechanical)","supply and fitting fixing of 09 (nine) nos new tyre (with tube and flap) for rajuk wheel excavator no -03.","AWARDED_BIDDER","M/S. Maliha Enterprise","MALIHA ENTERPRISE","648090.01","responsive","qualified","","not_applicable_won_the_contract","not_applicable","","","","Tender_755479.pdf","1","Contract Value (Taka): 648090.01; Name of Supplier/Contractor/Consultant: M/S. Maliha Enterprise","bid amount equals the awarded contract value as printed on the award notice"
"756104","RAJUK","Office of the Superintending Engineer (Mechanical)","supply and fitting fixing of 05(five) nos new tyre (with tube and flap) for rajuk pay- loader no -02.","AWARDED_BIDDER","Aliza Enterprise","ALIZA ENTERPRISE","833300.01","responsive","qualified","","not_applicable_won_the_contract","not_applicable","","","","Tender_756104.pdf","1","Contract Value (Taka): 833300.01; Name of Supplier/Contractor/Consultant: Aliza Enterprise","bid amount equals the awarded contract value as printed on the award notice"
"770669","RAJUK","Uttara Apartment Project","Supply, Installation, Testing and Commissioning of VRF Air Conditioning System for Central Mosque under the Project of ""Construction of Residential Apartment Building for Low & Middle Income Group of people at Sector-18, Block-A, Uttara ,Dhaka"".","AWARDED_BIDDER","MEP ENGINEERING POINT","MEP ENGINEERING POINT","32168480.56","responsive","qualified","","not_applicable_won_the_contract","not_applicable","","","","Tender_770669.pdf","1","Contract Value (Taka): 32168480.56; Name of Supplier/Contractor/Consultant: MEP ENGINEERING POINT","bid amount equals the awarded contract value as printed on the award notice"
"775307","RAJUK","Uttara Apartment Project","Maintenance works of 79 no's 16 storied Apartment Building with internal Sanitary, Water supply, Fire fighting, Gas Connection, Electrification and other ancillary works of Uttara Apartment Project at Block ""A"", Sector-18, Uttara, Dhaka (Lot-01, Civi","AWARDED_BIDDER","SSL-CONVOY JV","SSL CONVOY JV","53908596.90","responsive","qualified","","not_applicable_won_the_contract","not_applicable","","","","Tender_775307.pdf","1","Contract Value (Taka): 53908596.90; Name of Supplier/Contractor/Consultant: SSL-CONVOY JV ( JVCA Partners [Business Share]: CONVOY SERVICE [30.000%] , Starlite Services Limited [70.000%] )","bid amount equals the awarded contract value as printed on the award notice"
"775307","RAJUK","Uttara Apartment Project","Maintenance works of 79 no's 16 storied Apartment Building with internal Sanitary, Water supply, Fire fighting, Gas Connection, Electrification and other ancillary works of Uttara Apartment Project at Block ""A"", Sector-18, Uttara, Dhaka (Lot-01, Civi","JV_PARTNER_OF_WINNER","CONVOY SERVICE","CONVOY SERVICE","16172579.07","responsive_as_part_of_the_winning_joint_venture","qualified_as_part_of_the_joint_venture","","","","","30.000","","Tender_775307.pdf","1","JVCA Partners [Business Share]: CONVOY SERVICE [30.000%]","bid_amount here is the partner's declared share of the contract value, not a separately published bid"
"775307","RAJUK","Uttara Apartment Project","Maintenance works of 79 no's 16 storied Apartment Building with internal Sanitary, Water supply, Fire fighting, Gas Connection, Electrification and other ancillary works of Uttara Apartment Project at Block ""A"", Sector-18, Uttara, Dhaka (Lot-01, Civi","JV_PARTNER_OF_WINNER","Starlite Services Limited","STARLITE SERVICES LTD","37736017.83","responsive_as_part_of_the_winning_joint_venture","qualified_as_part_of_the_joint_venture","","","","","70.000","","Tender_775307.pdf","1","JVCA Partners [Business Share]: Starlite Services Limited [70.000%]","bid_amount here is the partner's declared share of the contract value, not a separately published bid"
"775307","RAJUK","Uttara Apartment Project","Maintenance works of 79 no's 16 storied Apartment Building with internal Sanitary, Water supply, Fire fighting, Gas Connection, Electrification and other ancillary works of Uttara Apartment Project at Block ""A"", Sector-18, Uttara, Dhaka (Lot-01, Civi","UNNAMED_REJECTED_BIDDERS_AGGREGATE","","","","non_responsive","not_qualified","","","","","","","Tender_775307.pdf","1","Received: 2; Responsive: 1 (difference is the rejected count)","count is derived as received minus responsive; 1 bidder(s)"
"775518","RAJUK","Uttara Apartment Project","Supply, Installation, Testing and Commissioning of CCTV System for Central Mosque under the Project of Construction of Residential Apartment Building for Low & Middle Income Group of people at Sector-18, Block-A, Uttara ,Dhaka.","AWARDED_BIDDER","M/S Sunny Construction","SUNNY CONSTRUCTION","1446505.75","responsive","qualified","","not_applicable_won_the_contract","not_applicable","","","","Tender_775518.pdf","1","Contract Value (Taka): 1446505.75; Name of Supplier/Contractor/Consultant: M/S Sunny Construction","bid amount equals the awarded contract value as printed on the award notice"
"789918","RAJUK","Purbachal New Town Project","Construction of internal Road and surface drain at Sector-21 (part) Purbachal New Town Project (Package: RDC-21, Lot- 03).","AWARDED_BIDDER","M/S. A. R. Enterprise","A R ENTERPRISE","25399867.62","responsive","qualified","","not_applicable_won_the_contract","not_applicable","","","","Tender_789918.pdf","1","Contract Value (Taka): 25399867.62; Name of Supplier/Contractor/Consultant: M/S. A. R. Enterprise","bid amount equals the awarded contract value as printed on the award notice"
"789921","RAJUK","Purbachal New Town Project","Construction of Internal Road and surface drain at Sector-29 (part) Purbachal New Town Project (Package : RDC - 29, LOT - 02).","AWARDED_BIDDER","M/S. Niaz Traders","NIAZ TRADERS","86650791.90","responsive","qualified","","not_applicable_won_the_contract","not_applicable","","","","Tender_789921.pdf","1","Contract Value (Taka): 86650791.90; Name of Supplier/Contractor/Consultant: M/S. Niaz Traders","bid amount equals the awarded contract value as printed on the award notice"
"79395","RAJUK","Office of the Chief Engineer (Implementation)","Construction of Internal 40-0 wide Road Including Footpath & Pipe drain at Block-A of Uttara Apartment Project","AWARDED_BIDDER","M.A.H Construction Ltd,RAB-RC(PVT)Ltd and Dawn Corporation JV","M A H CONSTRUCTION LTD RAB RC LTD AND DAWN CORPORATION JV","79802128.80","responsive","qualified","","not_applicable_won_the_contract","not_applicable","","","","Tender_79395.pdf","1","Contract Value (Taka): 79802128.80; Name of Supplier/Contractor/Consultant: M.A.H Construction Ltd,RAB-RC(PVT)Ltd and Dawn Corporation JV ( JVCA Partners [Business Share]: M/S. Dawn Corporation [0.000%] , RAB-RC (PVT) LIMITED [0.000%] , M.A.H. CONSTRUCTION LTD. [0.000%] )","bid amount equals the awarded contract value as printed on the award notice"
"79395","RAJUK","Office of the Chief Engineer (Implementation)","Construction of Internal 40-0 wide Road Including Footpath & Pipe drain at Block-A of Uttara Apartment Project","JV_PARTNER_OF_WINNER","M/S. Dawn Corporation","DAWN CORPORATION","","responsive_as_part_of_the_winning_joint_venture","qualified_as_part_of_the_joint_venture","","","","","NOT_PUBLISHED_PRINTED_AS_0.000","","Tender_79395.pdf","1","JVCA Partners [Business Share]: M/S. Dawn Corporation [0.000%]","the portal printed a 0.000% share, so no value is attributed"
"79395","RAJUK","Office of the Chief Engineer (Implementation)","Construction of Internal 40-0 wide Road Including Footpath & Pipe drain at Block-A of Uttara Apartment Project","JV_PARTNER_OF_WINNER","RAB-RC (PVT) LIMITED","RAB RC LTD","","responsive_as_part_of_the_winning_joint_venture","qualified_as_part_of_the_joint_venture","","","","","NOT_PUBLISHED_PRINTED_AS_0.000","","Tender_79395.pdf","1","JVCA Partners [Business Share]: RAB-RC (PVT) LIMITED [0.000%]","the portal printed a 0.000% share, so no value is attributed"
"79395","RAJUK","Office of the Chief Engineer (Implementation)","Construction of Internal 40-0 wide Road Including Footpath & Pipe drain at Block-A of Uttara Apartment Project","JV_PARTNER_OF_WINNER","M.A.H. CONSTRUCTION LTD.","M A H CONSTRUCTION LTD","","responsive_as_part_of_the_winning_joint_venture","qualified_as_part_of_the_joint_venture","","","","","NOT_PUBLISHED_PRINTED_AS_0.000","","Tender_79395.pdf","1","JVCA Partners [Business Share]: M.A.H. CONSTRUCTION LTD. [0.000%]","the portal printed a 0.000% share, so no value is attributed"
"79395","RAJUK","Office of the Chief Engineer (Implementation)","Construction of Internal 40-0 wide Road Including Footpath & Pipe drain at Block-A of Uttara Apartment Project","UNNAMED_REJECTED_BIDDERS_AGGREGATE","","","","non_responsive","not_qualified","","","","","","","Tender_79395.pdf","1","Received: 14; Responsive: 9 (difference is the rejected count)","count is derived as received minus responsive; 5 bidder(s)"
"80585","RAJUK","Office of the Chief Engineer (Implementation)","Construction of Internal 30-0 Wide RCC Road including Footpath & Pipe Drain at Block-A of Uttara Apartment Project","AWARDED_BIDDER","M.A.H Construction Ltd,RAB-RC(PVT)Ltd and Dawn Corporation JV","M A H CONSTRUCTION LTD RAB RC LTD AND DAWN CORPORATION JV","83879558.10","responsive","qualified","","not_applicable_won_the_contract","not_applicable","","","","Tender_80585.pdf","1","Contract Value (Taka): 83879558.10; Name of Supplier/Contractor/Consultant: M.A.H Construction Ltd,RAB-RC(PVT)Ltd and Dawn Corporation JV ( JVCA Partners [Business Share]: M/S. Dawn Corporation [0.000%] , RAB-RC (PVT) LIMITED [0.000%] , M.A.H. CONSTRUCTION LTD. [0.000%] )","bid amount equals the awarded contract value as printed on the award notice"
"80585","RAJUK","Office of the Chief Engineer (Implementation)","Construction of Internal 30-0 Wide RCC Road including Footpath & Pipe Drain at Block-A of Uttara Apartment Project","JV_PARTNER_OF_WINNER","M/S. Dawn Corporation","DAWN CORPORATION","","responsive_as_part_of_the_winning_joint_venture","qualified_as_part_of_the_joint_venture","","","","","NOT_PUBLISHED_PRINTED_AS_0.000","","Tender_80585.pdf","1","JVCA Partners [Business Share]: M/S. Dawn Corporation [0.000%]","the portal printed a 0.000% share, so no value is attributed"
"80585","RAJUK","Office of the Chief Engineer (Implementation)","Construction of Internal 30-0 Wide RCC Road including Footpath & Pipe Drain at Block-A of Uttara Apartment Project","JV_PARTNER_OF_WINNER","RAB-RC (PVT) LIMITED","RAB RC LTD","","responsive_as_part_of_the_winning_joint_venture","qualified_as_part_of_the_joint_venture","","","","","NOT_PUBLISHED_PRINTED_AS_0.000","","Tender_80585.pdf","1","JVCA Partners [Business Share]: RAB-RC (PVT) LIMITED [0.000%]","the portal printed a 0.000% share, so no value is attributed"
"80585","RAJUK","Office of the Chief Engineer (Implementation)","Construction of Internal 30-0 Wide RCC Road including Footpath & Pipe Drain at Block-A of Uttara Apartment Project","JV_PARTNER_OF_WINNER","M.A.H. CONSTRUCTION LTD.","M A H CONSTRUCTION LTD","","responsive_as_part_of_the_winning_joint_venture","qualified_as_part_of_the_joint_venture","","","","","NOT_PUBLISHED_PRINTED_AS_0.000","","Tender_80585.pdf","1","JVCA Partners [Business Share]: M.A.H. CONSTRUCTION LTD. [0.000%]","the portal printed a 0.000% share, so no value is attributed"
"80585","RAJUK","Office of the Chief Engineer (Implementation)","Construction of Internal 30-0 Wide RCC Road including Footpath & Pipe Drain at Block-A of Uttara Apartment Project","UNNAMED_REJECTED_BIDDERS_AGGREGATE","","","","non_responsive","not_qualified","","","","","","","Tender_80585.pdf","1","Received: 12; Responsive: 11 (difference is the rejected count)","count is derived as received minus responsive; 1 bidder(s)"
"80586","RAJUK","Office of the Chief Engineer (Implementation)","Construction of Internal 50-0 wide Road Including Footpath & Pipe drain at Block-A of Uttara Apartment Project","AWARDED_BIDDER","M.A.H Construction Ltd,RAB-RC(PVT)Ltd and Dawn Corporation JV","M A H CONSTRUCTION LTD RAB RC LTD AND DAWN CORPORATION JV","71975651.40","responsive","qualified","","not_applicable_won_the_contract","not_applicable","","","","Tender_80586.pdf","1","Contract Value (Taka): 71975651.40; Name of Supplier/Contractor/Consultant: M.A.H Construction Ltd,RAB-RC(PVT)Ltd and Dawn Corporation JV ( JVCA Partners [Business Share]: M/S. Dawn Corporation [0.000%] , RAB-RC (PVT) LIMITED [0.000%] , M.A.H. CONSTRUCTION LTD. [0.000%] )","bid amount equals the awarded contract value as printed on the award notice"
"80586","RAJUK","Office of the Chief Engineer (Implementation)","Construction of Internal 50-0 wide Road Including Footpath & Pipe drain at Block-A of Uttara Apartment Project","JV_PARTNER_OF_WINNER","M/S. Dawn Corporation","DAWN CORPORATION","","responsive_as_part_of_the_winning_joint_venture","qualified_as_part_of_the_joint_venture","","","","","NOT_PUBLISHED_PRINTED_AS_0.000","","Tender_80586.pdf","1","JVCA Partners [Business Share]: M/S. Dawn Corporation [0.000%]","the portal printed a 0.000% share, so no value is attributed"
"80586","RAJUK","Office of the Chief Engineer (Implementation)","Construction of Internal 50-0 wide Road Including Footpath & Pipe drain at Block-A of Uttara Apartment Project","JV_PARTNER_OF_WINNER","RAB-RC (PVT) LIMITED","RAB RC LTD","","responsive_as_part_of_the_winning_joint_venture","qualified_as_part_of_the_joint_venture","","","","","NOT_PUBLISHED_PRINTED_AS_0.000","","Tender_80586.pdf","1","JVCA Partners [Business Share]: RAB-RC (PVT) LIMITED [0.000%]","the portal printed a 0.000% share, so no value is attributed"
"80586","RAJUK","Office of the Chief Engineer (Implementation)","Construction of Internal 50-0 wide Road Including Footpath & Pipe drain at Block-A of Uttara Apartment Project","JV_PARTNER_OF_WINNER","M.A.H. CONSTRUCTION LTD.","M A H CONSTRUCTION LTD","","responsive_as_part_of_the_winning_joint_venture","qualified_as_part_of_the_joint_venture","","","","","NOT_PUBLISHED_PRINTED_AS_0.000","","Tender_80586.pdf","1","JVCA Partners [Business Share]: M.A.H. CONSTRUCTION LTD. [0.000%]","the portal printed a 0.000% share, so no value is attributed"
"80586","RAJUK","Office of the Chief Engineer (Implementation)","Construction of Internal 50-0 wide Road Including Footpath & Pipe drain at Block-A of Uttara Apartment Project","UNNAMED_REJECTED_BIDDERS_AGGREGATE","","","","non_responsive","not_qualified","","","","","","","Tender_80586.pdf","1","Received: 7; Responsive: 5 (difference is the rejected count)","count is derived as received minus responsive; 2 bidder(s)"
"807903","RAJUK","Purbachal New Town Project","Construction of Remaining Internal Road and Surface Drain at Sector-16(Part) of Purbachal New Town Project (RDC- 16,Lot-02).","AWARDED_BIDDER","M/S RAHMAN ENGINEERING - M/S TANNI ENTERPRISE (JV)","RAHMAN ENGINEERING M S TANNI ENTERPRISE","36704663.59","responsive","qualified","","not_applicable_won_the_contract","not_applicable","","","","Tender_807903.pdf","1","Contract Value (Taka): 36704663.59; Name of Supplier/Contractor/Consultant: M/S RAHMAN ENGINEERING - M/S TANNI ENTERPRISE (JV) ( JVCA Partners [Business Share]: M/S Rahman Engineering [51.000%] , M/S. TANNI ENTERPRISE [49.000%] )","bid amount equals the awarded contract value as printed on the award notice"
"807903","RAJUK","Purbachal New Town Project","Construction of Remaining Internal Road and Surface Drain at Sector-16(Part) of Purbachal New Town Project (RDC- 16,Lot-02).","JV_PARTNER_OF_WINNER","M/S Rahman Engineering","RAHMAN ENGINEERING","18719378.43","responsive_as_part_of_the_winning_joint_venture","qualified_as_part_of_the_joint_venture","","","","","51.000","","Tender_807903.pdf","1","JVCA Partners [Business Share]: M/S Rahman Engineering [51.000%]","bid_amount here is the partner's declared share of the contract value, not a separately published bid"
"807903","RAJUK","Purbachal New Town Project","Construction of Remaining Internal Road and Surface Drain at Sector-16(Part) of Purbachal New Town Project (RDC- 16,Lot-02).","JV_PARTNER_OF_WINNER","M/S. TANNI ENTERPRISE","TANNI ENTERPRISE","17985285.16","responsive_as_part_of_the_winning_joint_venture","qualified_as_part_of_the_joint_venture","","","","","49.000","","Tender_807903.pdf","1","JVCA Partners [Business Share]: M/S. TANNI ENTERPRISE [49.000%]","bid_amount here is the partner's declared share of the contract value, not a separately published bid"
"807903","RAJUK","Purbachal New Town Project","Construction of Remaining Internal Road and Surface Drain at Sector-16(Part) of Purbachal New Town Project (RDC- 16,Lot-02).","UNNAMED_REJECTED_BIDDERS_AGGREGATE","","","","non_responsive","not_qualified","","","","","","","Tender_807903.pdf","1","Received: 8; Responsive: 3 (difference is the rejected count)","count is derived as received minus responsive; 5 bidder(s)"
"826146","RAJUK","Uttara Apartment Project","Construction of 2(Two) Storied Hindu's Temple with one Basement in Uttara Apartment Project at Block-A, Sector-18, Uttara, Dhaka.","AWARDED_BIDDER","Momotaj Engineers Ltd.","MOMOTAJ ENGINEERS LTD","74638988.25","responsive","qualified","","not_applicable_won_the_contract","not_applicable","","","","Tender_826146.pdf","1","Contract Value (Taka): 74638988.25; Name of Supplier/Contractor/Consultant: Momotaj Engineers Ltd.","bid amount equals the awarded contract value as printed on the award notice"
"827548","RAJUK","Purbachal New Town Project","Construction of Remaining Internal Road and Surface Drain at Sector-01(Part) of Purbachal New Town Project (RDC- 01,Lot-03).","AWARDED_BIDDER","HAIDER & CO.","HAIDER CO","39109436.18","responsive","qualified","","not_applicable_won_the_contract","not_applicable","","","","Tender_827548.pdf","1","Contract Value (Taka): 39109436.18; Name of Supplier/Contractor/Consultant: HAIDER & CO.","bid amount equals the awarded contract value as printed on the award notice"
"827548","RAJUK","Purbachal New Town Project","Construction of Remaining Internal Road and Surface Drain at Sector-01(Part) of Purbachal New Town Project (RDC- 01,Lot-03).","UNNAMED_REJECTED_BIDDERS_AGGREGATE","","","","non_responsive","not_qualified","","","","","","","Tender_827548.pdf","1","Received: 6; Responsive: 3 (difference is the rejected count)","count is derived as received minus responsive; 3 bidder(s)"
"828053","RAJUK","Office of the Superintending Engineer (Electrical)","Supply, Fitting & Fixing of Solar System LED Light in Lake Drive Road, Bloc-A,Sector No-16 at Uttara (3rd phase ) Project.","AWARDED_BIDDER","M/S TANIN ENTERPRISE","TANIN ENTERPRISE","7198146.00","responsive","qualified","","not_applicable_won_the_contract","not_applicable","","","","Tender_828053.pdf","1","Contract Value (Taka): 7198146.00; Name of Supplier/Contractor/Consultant: M/S TANIN ENTERPRISE","bid amount equals the awarded contract value as printed on the award notice"
"828053","RAJUK","Office of the Superintending Engineer (Electrical)","Supply, Fitting & Fixing of Solar System LED Light in Lake Drive Road, Bloc-A,Sector No-16 at Uttara (3rd phase ) Project.","UNNAMED_REJECTED_BIDDERS_AGGREGATE","","","","non_responsive","not_qualified","","","","","","","Tender_828053.pdf","1","Received: 9; Responsive: 8 (difference is the rejected count)","count is derived as received minus responsive; 1 bidder(s)"
"832064","RAJUK","Office of the Superintending Engineer (Electrical)","Supply & Installation of Computers, Printers, Scanners and UPS for ( Estate & Land) Division of Rajuk.","AWARDED_BIDDER","Star Tech & Engineering Ltd.","STAR TECH ENGINEERING LTD","10540782.33","responsive","qualified","","not_applicable_won_the_contract","not_applicable","","","","Tender_832064.pdf","1","Contract Value (Taka): 10540782.33; Name of Supplier/Contractor/Consultant: Star Tech & Engineering Ltd.","bid amount equals the awarded contract value as printed on the award notice"
"842165","RAJUK","Construction of multi-storied apartment Buildings on 9(Nine) nos abandoned plot at Gulshan,Mohammadpur, Lalmatia & Dhanmondi, Dhaka.","Supply, installation, testing and commissioning of 24 KWP solar system for 13 (thirteen) storied apartment building at Dhanmondi, R/A, Road no. 11/A (new), Plot no. 90 (new).","AWARDED_BIDDER","Gess Bangladesh","GESS BANGLADESH","1842091.09","responsive","qualified","","not_applicable_won_the_contract","not_applicable","","","","Tender_842165.pdf","1","Contract Value (Taka): 1842091.09; Name of Supplier/Contractor/Consultant: Gess Bangladesh","bid amount equals the awarded contract value as printed on the award notice"
"842165","RAJUK","Construction of multi-storied apartment Buildings on 9(Nine) nos abandoned plot at Gulshan,Mohammadpur, Lalmatia & Dhanmondi, Dhaka.","Supply, installation, testing and commissioning of 24 KWP solar system for 13 (thirteen) storied apartment building at Dhanmondi, R/A, Road no. 11/A (new), Plot no. 90 (new).","UNNAMED_REJECTED_BIDDERS_AGGREGATE","","","","non_responsive","not_qualified","","","","","","","Tender_842165.pdf","1","Received: 11; Responsive: 2 (difference is the rejected count)","count is derived as received minus responsive; 9 bidder(s)"
"857646","RAJUK","Construction of multi-storied apartment Buildings on 9(Nine) nos abandoned plot at Gulshan,Mohammadpur, Lalmatia & Dhanmondi, Dhaka.","Construction of 15 (fifteen) storied Apartment Building (Civil, Sanitary, Internal Electrification Works) including 01 (one) basement at Plot No. CWN (B)-8, Road No. 35, Gulshan Residential Area (Building No. 01)","AWARDED_BIDDER","National Development Engineers Ltd. - M/S. Niaz Traders JV (NDE-NT JV)","NATIONAL DEVELOPMENT ENGINEERS LTD M S NIAZ TRADERS JV","831424240.46","responsive","qualified","","not_applicable_won_the_contract","not_applicable","","","","Tender_857646.pdf","1","Contract Value (Taka): 831424240.46; Name of Supplier/Contractor/Consultant: National Development Engineers Ltd. - M/S. Niaz Traders JV (NDE-NT JV) ( JVCA Partners [Business Share]: NATIONAL DEVELOPMENT ENGINEERS LTD. [20.000%] , M/S. Niaz Traders [80.000%] )","bid amount equals the awarded contract value as printed on the award notice"
"857646","RAJUK","Construction of multi-storied apartment Buildings on 9(Nine) nos abandoned plot at Gulshan,Mohammadpur, Lalmatia & Dhanmondi, Dhaka.","Construction of 15 (fifteen) storied Apartment Building (Civil, Sanitary, Internal Electrification Works) including 01 (one) basement at Plot No. CWN (B)-8, Road No. 35, Gulshan Residential Area (Building No. 01)","JV_PARTNER_OF_WINNER","NATIONAL DEVELOPMENT ENGINEERS LTD.","NATIONAL DEVELOPMENT ENGINEERS LTD","166284848.09","responsive_as_part_of_the_winning_joint_venture","qualified_as_part_of_the_joint_venture","","","","","20.000","","Tender_857646.pdf","1","JVCA Partners [Business Share]: NATIONAL DEVELOPMENT ENGINEERS LTD. [20.000%]","bid_amount here is the partner's declared share of the contract value, not a separately published bid"
"857646","RAJUK","Construction of multi-storied apartment Buildings on 9(Nine) nos abandoned plot at Gulshan,Mohammadpur, Lalmatia & Dhanmondi, Dhaka.","Construction of 15 (fifteen) storied Apartment Building (Civil, Sanitary, Internal Electrification Works) including 01 (one) basement at Plot No. CWN (B)-8, Road No. 35, Gulshan Residential Area (Building No. 01)","JV_PARTNER_OF_WINNER","M/S. Niaz Traders","NIAZ TRADERS","665139392.37","responsive_as_part_of_the_winning_joint_venture","qualified_as_part_of_the_joint_venture","","","","","80.000","","Tender_857646.pdf","1","JVCA Partners [Business Share]: M/S. Niaz Traders [80.000%]","bid_amount here is the partner's declared share of the contract value, not a separately published bid"
"857646","RAJUK","Construction of multi-storied apartment Buildings on 9(Nine) nos abandoned plot at Gulshan,Mohammadpur, Lalmatia & Dhanmondi, Dhaka.","Construction of 15 (fifteen) storied Apartment Building (Civil, Sanitary, Internal Electrification Works) including 01 (one) basement at Plot No. CWN (B)-8, Road No. 35, Gulshan Residential Area (Building No. 01)","UNNAMED_REJECTED_BIDDERS_AGGREGATE","","","","non_responsive","not_qualified","","","","","","","Tender_857646.pdf","1","Received: 4; Responsive: 3 (difference is the rejected count)","count is derived as received minus responsive; 1 bidder(s)"
"858747","RAJUK","Purbachal New Town Project","Supply, Installation, Testing & Commissioning of 630 KG Lift at RAJUK Purbachal Site Office in Sector No: 4.","AWARDED_BIDDER","Concept Elevators & Engineering Ltd.","CONCEPT ELEVATORS ENGINEERING LTD","20293330.08","responsive","qualified","","not_applicable_won_the_contract","not_applicable","","","","Tender_858747.pdf","1","Contract Value (Taka): 20293330.08; Name of Supplier/Contractor/Consultant: Concept Elevators & Engineering Ltd.","bid amount equals the awarded contract value as printed on the award notice"
"860503","RAJUK","Uttara Apartment Project","Construction of 4 storied Car Parking building having 5 storied foundation with one Basement floor including Internal Sanitary, Internal Electrification, Internal Water Supply, Fire Protection System and other ancillary works of Uttara Apartment Proj","AWARDED_BIDDER","SS-RC (JV)","SS RC","446902393.40","responsive","qualified","","not_applicable_won_the_contract","not_applicable","","","","Tender_860503.pdf","1","Contract Value (Taka): 446902393.40; Name of Supplier/Contractor/Consultant: SS-RC (JV) ( JVCA Partners [Business Share]: Rafiq Construction Co. (Pvt.) Ltd. [60.000%] , M/S. Sharif & Sons [40.000%] )","bid amount equals the awarded contract value as printed on the award notice"
"860503","RAJUK","Uttara Apartment Project","Construction of 4 storied Car Parking building having 5 storied foundation with one Basement floor including Internal Sanitary, Internal Electrification, Internal Water Supply, Fire Protection System and other ancillary works of Uttara Apartment Proj","JV_PARTNER_OF_WINNER","Rafiq Construction Co. (Pvt.) Ltd.","RAFIQ CONSTRUCTION CO LTD","268141436.04","responsive_as_part_of_the_winning_joint_venture","qualified_as_part_of_the_joint_venture","","","","","60.000","","Tender_860503.pdf","1","JVCA Partners [Business Share]: Rafiq Construction Co. (Pvt.) Ltd. [60.000%]","bid_amount here is the partner's declared share of the contract value, not a separately published bid"
"860503","RAJUK","Uttara Apartment Project","Construction of 4 storied Car Parking building having 5 storied foundation with one Basement floor including Internal Sanitary, Internal Electrification, Internal Water Supply, Fire Protection System and other ancillary works of Uttara Apartment Proj","JV_PARTNER_OF_WINNER","M/S. Sharif & Sons","SHARIF SONS","178760957.36","responsive_as_part_of_the_winning_joint_venture","qualified_as_part_of_the_joint_venture","","","","","40.000","","Tender_860503.pdf","1","JVCA Partners [Business Share]: M/S. Sharif & Sons [40.000%]","bid_amount here is the partner's declared share of the contract value, not a separately published bid"
"860503","RAJUK","Uttara Apartment Project","Construction of 4 storied Car Parking building having 5 storied foundation with one Basement floor including Internal Sanitary, Internal Electrification, Internal Water Supply, Fire Protection System and other ancillary works of Uttara Apartment Proj","UNNAMED_REJECTED_BIDDERS_AGGREGATE","","","","non_responsive","not_qualified","","","","","","","Tender_860503.pdf","1","Received: 4; Responsive: 3 (difference is the rejected count)","count is derived as received minus responsive; 1 bidder(s)"
"865422","RAJUK","Director (Admin)","Purchase of Summer Dress for 361 Employees of 17-20 Grade (4th Class) & Driver of RAJUK (For 2022-2023 Financial Year).","AWARDED_BIDDER","Total Accessories","TOTAL ACCESSORIES","1426506.25","responsive","qualified","","not_applicable_won_the_contract","not_applicable","","","","Tender_865422.pdf","1","Contract Value (Taka): 1426506.25; Name of Supplier/Contractor/Consultant: Total Accessories","bid amount equals the awarded contract value as printed on the award notice"
"865422","RAJUK","Director (Admin)","Purchase of Summer Dress for 361 Employees of 17-20 Grade (4th Class) & Driver of RAJUK (For 2022-2023 Financial Year).","UNNAMED_REJECTED_BIDDERS_AGGREGATE","","","","non_responsive","not_qualified","","","","","","","Tender_865422.pdf","1","Received: 4; Responsive: 3 (difference is the rejected count)","count is derived as received minus responsive; 1 bidder(s)"
"865423","RAJUK","Director (Admin)","Purchase of Shoe, Sandal, Sock and Umbrella for 361 Employees of 17-20 Grade (4th Class) & Driver of RAJUK (For 2022-2023 Financial Year).","AWARDED_BIDDER","Total Accessories","TOTAL ACCESSORIES","1268712.04","responsive","qualified","","not_applicable_won_the_contract","not_applicable","","","","Tender_865423.pdf","1","Contract Value (Taka): 1268712.04; Name of Supplier/Contractor/Consultant: Total Accessories","bid amount equals the awarded contract value as printed on the award notice"
"865423","RAJUK","Director (Admin)","Purchase of Shoe, Sandal, Sock and Umbrella for 361 Employees of 17-20 Grade (4th Class) & Driver of RAJUK (For 2022-2023 Financial Year).","UNNAMED_REJECTED_BIDDERS_AGGREGATE","","","","non_responsive","not_qualified","","","","","","","Tender_865423.pdf","1","Received: 5; Responsive: 2 (difference is the rejected count)","count is derived as received minus responsive; 3 bidder(s)"
"870250","RAJUK","Purbachal New Town Project","Construction of RAJUK Golf Club Boundary Wall at Sector-06 Purbachal New Town Project.","AWARDED_BIDDER","M/s. M.R. Construction","M R CONSTRUCTION","119111709.12","responsive","qualified","","not_applicable_won_the_contract","not_applicable","","","","Tender_870250.pdf","1","Contract Value (Taka): 119111709.12; Name of Supplier/Contractor/Consultant: M/s. M.R. Construction","bid amount equals the awarded contract value as printed on the award notice"
"870250","RAJUK","Purbachal New Town Project","Construction of RAJUK Golf Club Boundary Wall at Sector-06 Purbachal New Town Project.","UNNAMED_REJECTED_BIDDERS_AGGREGATE","","","","non_responsive","not_qualified","","","","","","","Tender_870250.pdf","1","Received: 5; Responsive: 2 (difference is the rejected count)","count is derived as received minus responsive; 3 bidder(s)"
"870252","RAJUK","Purbachal New Town Project","Construction of Boundary wall at Progati high School in Sector No -03, Road No. 102, Plot No. 43 of Purbachal New Town Project .","AWARDED_BIDDER","M/S. Maliha Enterprise","MALIHA ENTERPRISE","8805050.96","responsive","qualified","","not_applicable_won_the_contract","not_applicable","","","","Tender_870252.pdf","1","Contract Value (Taka): 8805050.96; Name of Supplier/Contractor/Consultant: M/S. Maliha Enterprise","bid amount equals the awarded contract value as printed on the award notice"
"870258","RAJUK","Superintending Engineer (Civil Circle-4)","Construction for Widening both side of Lake Drive/Road No-06 from avenue-09 to avenue-03 at Sector No-16 Uttara Residential Area RAJUK.","AWARDED_BIDDER","M/S. Maliha Enterprise","MALIHA ENTERPRISE","14920046.54","responsive","qualified","","not_applicable_won_the_contract","not_applicable","","","","Tender_870258.pdf","1","Contract Value (Taka): 14920046.54; Name of Supplier/Contractor/Consultant: M/S. Maliha Enterprise","bid amount equals the awarded contract value as printed on the award notice"
"870258","RAJUK","Superintending Engineer (Civil Circle-4)","Construction for Widening both side of Lake Drive/Road No-06 from avenue-09 to avenue-03 at Sector No-16 Uttara Residential Area RAJUK.","UNNAMED_REJECTED_BIDDERS_AGGREGATE","","","","non_responsive","not_qualified","","","","","","","Tender_870258.pdf","1","Received: 7; Responsive: 3 (difference is the rejected count)","count is derived as received minus responsive; 4 bidder(s)"
"870259","RAJUK","Superintending Engineer (Civil Circle-4)","Construction for Plaza Road south side of Avenue-03 (Part) (From Western Avenue to Bridge No-10) at Sector-18 of RAJUK Residential Area.","AWARDED_BIDDER","HAIDER & CO.","HAIDER CO","19308532.50","responsive","qualified","","not_applicable_won_the_contract","not_applicable","","","","Tender_870259.pdf","1","Contract Value (Taka): 19308532.50; Name of Supplier/Contractor/Consultant: HAIDER & CO.","bid amount equals the awarded contract value as printed on the award notice"
"870259","RAJUK","Superintending Engineer (Civil Circle-4)","Construction for Plaza Road south side of Avenue-03 (Part) (From Western Avenue to Bridge No-10) at Sector-18 of RAJUK Residential Area.","UNNAMED_REJECTED_BIDDERS_AGGREGATE","","","","non_responsive","not_qualified","","","","","","","Tender_870259.pdf","1","Received: 6; Responsive: 2 (difference is the rejected count)","count is derived as received minus responsive; 4 bidder(s)"
"870260","RAJUK","Superintending Engineer (Civil Circle-4)","Construction for Plaza Road south side of Sonargaon Janapoth Road (Bridge No-12 to Road No-08), Block No-J, Sector No-16 of RAJUK Residential Area.","AWARDED_BIDDER","M/S. A. R. Enterprise","A R ENTERPRISE","8637145.86","responsive","qualified","","not_applicable_won_the_contract","not_applicable","","","","Tender_870260.pdf","1","Contract Value (Taka): 8637145.86; Name of Supplier/Contractor/Consultant: M/S. A. R. Enterprise","bid amount equals the awarded contract value as printed on the award notice"
"870260","RAJUK","Superintending Engineer (Civil Circle-4)","Construction for Plaza Road south side of Sonargaon Janapoth Road (Bridge No-12 to Road No-08), Block No-J, Sector No-16 of RAJUK Residential Area.","UNNAMED_REJECTED_BIDDERS_AGGREGATE","","","","non_responsive","not_qualified","","","","","","","Tender_870260.pdf","1","Received: 6; Responsive: 2 (difference is the rejected count)","count is derived as received minus responsive; 4 bidder(s)"
"870261","RAJUK","Superintending Engineer (Civil Circle-4)","Earth Filling for the Plantation & barbet wire fencing the place of Greenbelt at the west side of lake No#10 (From Bridge 11 to 12), Sector-16 of Uttara Residential Town, RAJUK.","AWARDED_BIDDER","M/S. AMIN TRADING CORPORATION","AMIN TRADING CORPORATION","22753866.77","responsive","qualified","","not_applicable_won_the_contract","not_applicable","","","","Tender_870261.pdf","1","Contract Value (Taka): 22753866.77; Name of Supplier/Contractor/Consultant: M/S. AMIN TRADING CORPORATION","bid amount equals the awarded contract value as printed on the award notice"
"870261","RAJUK","Superintending Engineer (Civil Circle-4)","Earth Filling for the Plantation & barbet wire fencing the place of Greenbelt at the west side of lake No#10 (From Bridge 11 to 12), Sector-16 of Uttara Residential Town, RAJUK.","UNNAMED_REJECTED_BIDDERS_AGGREGATE","","","","non_responsive","not_qualified","","","","","","","Tender_870261.pdf","1","Received: 6; Responsive: 5 (difference is the rejected count)","count is derived as received minus responsive; 1 bidder(s)"
"879523","RAJUK","Construction of multi-storied apartment Buildings on 9(Nine) nos abandoned plot at Gulshan,Mohammadpur, Lalmatia & Dhanmondi, Dhaka.","Supply, installation, testing and commissioning of fire-hydrant system for 13 (thirteen) storied apartment building at Dhanmondi R/A, Road no. 21(old), 11/a (new), Plot no. 226 (old), 90 (new).","AWARDED_BIDDER","Rangpur Metal Industries Limited","RANGPUR METAL INDUSTRIES LTD","14058755.29","responsive","qualified","","not_applicable_won_the_contract","not_applicable","","","","Tender_879523.pdf","1","Contract Value (Taka): 14058755.29; Name of Supplier/Contractor/Consultant: Rangpur Metal Industries Limited","bid amount equals the awarded contract value as printed on the award notice"
"879523","RAJUK","Construction of multi-storied apartment Buildings on 9(Nine) nos abandoned plot at Gulshan,Mohammadpur, Lalmatia & Dhanmondi, Dhaka.","Supply, installation, testing and commissioning of fire-hydrant system for 13 (thirteen) storied apartment building at Dhanmondi R/A, Road no. 21(old), 11/a (new), Plot no. 226 (old), 90 (new).","UNNAMED_REJECTED_BIDDERS_AGGREGATE","","","","non_responsive","not_qualified","","","","","","","Tender_879523.pdf","1","Received: 3; Responsive: 2 (difference is the rejected count)","count is derived as received minus responsive; 1 bidder(s)"
"882631","RAJUK","Director (Admin)","Supply of different stationery items for official purpose of RAJUK.","AWARDED_BIDDER","Shapla Enterprise","SHAPLA ENTERPRISE","4863789.37","responsive","qualified","","not_applicable_won_the_contract","not_applicable","","","","Tender_882631.pdf","1","Contract Value (Taka): 4863789.37; Name of Supplier/Contractor/Consultant: Shapla Enterprise","bid amount equals the awarded contract value as printed on the award notice"
"882631","RAJUK","Director (Admin)","Supply of different stationery items for official purpose of RAJUK.","UNNAMED_REJECTED_BIDDERS_AGGREGATE","","","","non_responsive","not_qualified","","","","","","","Tender_882631.pdf","1","Received: 4; Responsive: 1 (difference is the rejected count)","count is derived as received minus responsive; 3 bidder(s)"
"882632","RAJUK","Director (Admin)","Purchase of various printing items for official purpose of RAJUK.","AWARDED_BIDDER","Evergreen Printing press","EVERGREEN PRINTING PRESS","1537990.21","responsive","qualified","","not_applicable_won_the_contract","not_applicable","","","","Tender_882632.pdf","1","Contract Value (Taka): 1537990.21; Name of Supplier/Contractor/Consultant: Evergreen Printing press","bid amount equals the awarded contract value as printed on the award notice"
"882632","RAJUK","Director (Admin)","Purchase of various printing items for official purpose of RAJUK.","UNNAMED_REJECTED_BIDDERS_AGGREGATE","","","","non_responsive","not_qualified","","","","","","","Tender_882632.pdf","1","Received: 4; Responsive: 1 (difference is the rejected count)","count is derived as received minus responsive; 3 bidder(s)"
"887587","RAJUK","Office of the Superintending Engineer (Mechanical)","Supply and fitting fixing of 05(Five) Nos. new Tyre for Pay-Loader No-04.","AWARDED_BIDDER","Aliza Enterprise","ALIZA ENTERPRISE","839337.01","responsive","qualified","","not_applicable_won_the_contract","not_applicable","","","","Tender_887587.pdf","1","Contract Value (Taka): 839337.01; Name of Supplier/Contractor/Consultant: Aliza Enterprise","bid amount equals the awarded contract value as printed on the award notice"
"887588","RAJUK","Office of the Superintending Engineer (Mechanical)","Supply and fitting fixing of 11(Eleven) Nos. new Tyre for Dump Truck-2.","AWARDED_BIDDER","MULTITRADE INTERNATIONAL","MULTITRADE INTERNATIONAL","825000.01","responsive","qualified","","not_applicable_won_the_contract","not_applicable","","","","Tender_887588.pdf","1","Contract Value (Taka): 825000.01; Name of Supplier/Contractor/Consultant: MULTITRADE INTERNATIONAL","bid amount equals the awarded contract value as printed on the award notice"
"887589","RAJUK","Office of the Superintending Engineer (Mechanical)","Supply and fitting fixing of 11(Eleven) Nos. new Tyre for Dump Truck-3.","AWARDED_BIDDER","M/S. Maliha Enterprise","MALIHA ENTERPRISE","836825.01","responsive","qualified","","not_applicable_won_the_contract","not_applicable","","","","Tender_887589.pdf","1","Contract Value (Taka): 836825.01; Name of Supplier/Contractor/Consultant: M/S. Maliha Enterprise","bid amount equals the awarded contract value as printed on the award notice"
"888738","RAJUK","Office of the Superintending Engineer (Electrical)","Supply, Installation, Testing & Commissioning of 02 Nos 800 KG Passenger Lift at Rajuk Annex Building.","AWARDED_BIDDER","Concept Elevators & Engineering Ltd.","CONCEPT ELEVATORS ENGINEERING LTD","17878787.73","responsive","qualified","","not_applicable_won_the_contract","not_applicable","","","","Tender_888738.pdf","1","Contract Value (Taka): 17878787.73; Name of Supplier/Contractor/Consultant: Concept Elevators & Engineering Ltd.","bid amount equals the awarded contract value as printed on the award notice"
"888828","RAJUK","Office of the Superintending Engineer (Electrical)","02 (Two) Years Servicing, Operation & Maintenance of 02 Nos Passenger Lift at Malibagh Officers Quarter.","AWARDED_BIDDER","Daffodil Electric Company","DAFFODIL ELECTRIC COMPANY","2130000.10","responsive","qualified","","not_applicable_won_the_contract","not_applicable","","","","Tender_888828.pdf","1","Contract Value (Taka): 2130000.10; Name of Supplier/Contractor/Consultant: Daffodil Electric Company","bid amount equals the awarded contract value as printed on the award notice"
"889937","RAJUK","Superintending Engineer (Civil Circle-4)","Repair & renovation of Road #05, 3A, 02 & 08 of Sector-16 and Construction Pucca Surface drain of Road #5, 3A, 02 & 08 of Block- A&B at Sector-16 & Road# 4B, 03 of Block-G at Sector-15 RAJUK, Dhaka.","AWARDED_BIDDER","Starlite Services Limited","STARLITE SERVICES LTD","25273304.23","responsive","qualified","","not_applicable_won_the_contract","not_applicable","","","","Tender_889937.pdf","1","Contract Value (Taka): 25273304.23; Name of Supplier/Contractor/Consultant: Starlite Services Limited","bid amount equals the awarded contract value as printed on the award notice"
"889937","RAJUK","Superintending Engineer (Civil Circle-4)","Repair & renovation of Road #05, 3A, 02 & 08 of Sector-16 and Construction Pucca Surface drain of Road #5, 3A, 02 & 08 of Block- A&B at Sector-16 & Road# 4B, 03 of Block-G at Sector-15 RAJUK, Dhaka.","UNNAMED_REJECTED_BIDDERS_AGGREGATE","","","","non_responsive","not_qualified","","","","","","","Tender_889937.pdf","1","Received: 2; Responsive: 1 (difference is the rejected count)","count is derived as received minus responsive; 1 bidder(s)"
"889938","RAJUK","Superintending Engineer (Civil Circle-4)","Constructing and Renovations of Record Room and Zonal Directors Office at the west side in 2nd floor of RAJUK Zonal Office Sector-6 at Uttara.","AWARDED_BIDDER","M/S. AMIN TRADING CORPORATION","AMIN TRADING CORPORATION","5685033.00","responsive","qualified","","not_applicable_won_the_contract","not_applicable","","","","Tender_889938.pdf","1","Contract Value (Taka): 5685033.00; Name of Supplier/Contractor/Consultant: M/S. AMIN TRADING CORPORATION","bid amount equals the awarded contract value as printed on the award notice"
"889938","RAJUK","Superintending Engineer (Civil Circle-4)","Constructing and Renovations of Record Room and Zonal Directors Office at the west side in 2nd floor of RAJUK Zonal Office Sector-6 at Uttara.","UNNAMED_REJECTED_BIDDERS_AGGREGATE","","","","non_responsive","not_qualified","","","","","","","Tender_889938.pdf","1","Received: 3; Responsive: 2 (difference is the rejected count)","count is derived as received minus responsive; 1 bidder(s)"
"89106","RAJUK","Office of the Chief Engineer (Implementation)","Lake excavation sludge removal and bank protection Work of Uttara lake Group-A.","AWARDED_BIDDER","Starlite Services Ltd & Convoy Service JV","STARLITE SERVICES LTD CONVOY SERVICE JV","126193349.78","responsive","qualified","","not_applicable_won_the_contract","not_applicable","","","","Tender_89106.pdf","1","Contract Value (Taka): 126193349.78; Name of Supplier/Contractor/Consultant: Starlite Services Ltd & Convoy Service JV ( JVCA Partners [Business Share]: CONVOY SERVICE [0.000%] , Starlite Services Limited [0.000%] )","bid amount equals the awarded contract value as printed on the award notice"
"89106","RAJUK","Office of the Chief Engineer (Implementation)","Lake excavation sludge removal and bank protection Work of Uttara lake Group-A.","JV_PARTNER_OF_WINNER","CONVOY SERVICE","CONVOY SERVICE","","responsive_as_part_of_the_winning_joint_venture","qualified_as_part_of_the_joint_venture","","","","","NOT_PUBLISHED_PRINTED_AS_0.000","","Tender_89106.pdf","1","JVCA Partners [Business Share]: CONVOY SERVICE [0.000%]","the portal printed a 0.000% share, so no value is attributed"
"89106","RAJUK","Office of the Chief Engineer (Implementation)","Lake excavation sludge removal and bank protection Work of Uttara lake Group-A.","JV_PARTNER_OF_WINNER","Starlite Services Limited","STARLITE SERVICES LTD","","responsive_as_part_of_the_winning_joint_venture","qualified_as_part_of_the_joint_venture","","","","","NOT_PUBLISHED_PRINTED_AS_0.000","","Tender_89106.pdf","1","JVCA Partners [Business Share]: Starlite Services Limited [0.000%]","the portal printed a 0.000% share, so no value is attributed"
"89106","RAJUK","Office of the Chief Engineer (Implementation)","Lake excavation sludge removal and bank protection Work of Uttara lake Group-A.","UNNAMED_REJECTED_BIDDERS_AGGREGATE","","","","non_responsive","not_qualified","","","","","","","Tender_89106.pdf","1","Received: 5; Responsive: 1 (difference is the rejected count)","count is derived as received minus responsive; 4 bidder(s)"
"891746","RAJUK","Office of the Superintending Engineer (Electrical)","Temporary illumination of Rajuk Bhaban & Narayanganj Zonal Office in different Religious Festivals & State days.","AWARDED_BIDDER","M/S TANIN ENTERPRISE","TANIN ENTERPRISE","2388323.73","responsive","qualified","","not_applicable_won_the_contract","not_applicable","","","","Tender_891746.pdf","1","Contract Value (Taka): 2388323.73; Name of Supplier/Contractor/Consultant: M/S TANIN ENTERPRISE","bid amount equals the awarded contract value as printed on the award notice"
"89768","RAJUK","Office of the Executive Engineer DPHE, Lakshmipur","Construction of 5 nos. WASH Block Building -Single storied 1 Inspection Pit 1 Rectangular Leach Pit 1 Soak Well Sanitary & Electrical works Running water supply etc & Existing WASH Block repair at Ramgoti Upazila of Lakshmlpur District.","AWARDED_BIDDER","M/S. Mukta Enterprise","MUKTA ENTERPRISE","2729526.83","responsive","qualified","","not_applicable_won_the_contract","not_applicable","","","","Tender_89768.pdf","1","Contract Value (Taka): 2729526.83; Name of Supplier/Contractor/Consultant: M/S. Mukta Enterprise","bid amount equals the awarded contract value as printed on the award notice"
"901824","RAJUK","Purbachal New Town Project","Construction of Remaining Internal Road and Surface Drain at Sector-17(Part) of Purbachal New Town Project (RDC-17, Lot-04).","AWARDED_BIDDER","SS-RI JV","SS RI JV","43936248.82","responsive","qualified","","not_applicable_won_the_contract","not_applicable","","","","Tender_901824.pdf","1","Contract Value (Taka): 43936248.82; Name of Supplier/Contractor/Consultant: SS-RI JV ( JVCA Partners [Business Share]: M/S. Raju International [49.000%] , M/S. Sharif & Sons [51.000%] )","bid amount equals the awarded contract value as printed on the award notice"
"901824","RAJUK","Purbachal New Town Project","Construction of Remaining Internal Road and Surface Drain at Sector-17(Part) of Purbachal New Town Project (RDC-17, Lot-04).","JV_PARTNER_OF_WINNER","M/S. Raju International","RAJU INTERNATIONAL","21528761.92","responsive_as_part_of_the_winning_joint_venture","qualified_as_part_of_the_joint_venture","","","","","49.000","","Tender_901824.pdf","1","JVCA Partners [Business Share]: M/S. Raju International [49.000%]","bid_amount here is the partner's declared share of the contract value, not a separately published bid"
"901824","RAJUK","Purbachal New Town Project","Construction of Remaining Internal Road and Surface Drain at Sector-17(Part) of Purbachal New Town Project (RDC-17, Lot-04).","JV_PARTNER_OF_WINNER","M/S. Sharif & Sons","SHARIF SONS","22407486.90","responsive_as_part_of_the_winning_joint_venture","qualified_as_part_of_the_joint_venture","","","","","51.000","","Tender_901824.pdf","1","JVCA Partners [Business Share]: M/S. Sharif & Sons [51.000%]","bid_amount here is the partner's declared share of the contract value, not a separately published bid"
"901824","RAJUK","Purbachal New Town Project","Construction of Remaining Internal Road and Surface Drain at Sector-17(Part) of Purbachal New Town Project (RDC-17, Lot-04).","UNNAMED_REJECTED_BIDDERS_AGGREGATE","","","","non_responsive","not_qualified","","","","","","","Tender_901824.pdf","1","Received: 11; Responsive: 1 (difference is the rejected count)","count is derived as received minus responsive; 10 bidder(s)"
"902293","RAJUK","Purbachal New Town Project","Construction of Remaining Road & Surface Drain work at Sector-04 (Part) of Purbachal New Town Project (Package No- PNTP/RDC/S4, Lot- 02).","AWARDED_BIDDER","Rana Builders (Pvt.) Ltd. - M/s. Shafique and Sons (JV)","RANA BUILDERS LTD M S SHAFIQUE AND SONS","105822700.04","responsive","qualified","","not_applicable_won_the_contract","not_applicable","","","","Tender_902293.pdf","1","Contract Value (Taka): 105822700.04; Name of Supplier/Contractor/Consultant: Rana Builders (Pvt.) Ltd. - M/s. Shafique and Sons (JV) ( JVCA Partners [Business Share]: Rana Builders (Pvt.) Ltd. [51.000%] , M/s Shafique and Sons [49.000%] )","bid amount equals the awarded contract value as printed on the award notice"
"902293","RAJUK","Purbachal New Town Project","Construction of Remaining Road & Surface Drain work at Sector-04 (Part) of Purbachal New Town Project (Package No- PNTP/RDC/S4, Lot- 02).","JV_PARTNER_OF_WINNER","Rana Builders (Pvt.) Ltd.","RANA BUILDERS LTD","53969577.02","responsive_as_part_of_the_winning_joint_venture","qualified_as_part_of_the_joint_venture","","","","","51.000","","Tender_902293.pdf","1","JVCA Partners [Business Share]: Rana Builders (Pvt.) Ltd. [51.000%]","bid_amount here is the partner's declared share of the contract value, not a separately published bid"
"902293","RAJUK","Purbachal New Town Project","Construction of Remaining Road & Surface Drain work at Sector-04 (Part) of Purbachal New Town Project (Package No- PNTP/RDC/S4, Lot- 02).","JV_PARTNER_OF_WINNER","M/s Shafique and Sons","SHAFIQUE AND SONS","51853123.02","responsive_as_part_of_the_winning_joint_venture","qualified_as_part_of_the_joint_venture","","","","","49.000","","Tender_902293.pdf","1","JVCA Partners [Business Share]: M/s Shafique and Sons [49.000%]","bid_amount here is the partner's declared share of the contract value, not a separately published bid"
"902293","RAJUK","Purbachal New Town Project","Construction of Remaining Road & Surface Drain work at Sector-04 (Part) of Purbachal New Town Project (Package No- PNTP/RDC/S4, Lot- 02).","UNNAMED_REJECTED_BIDDERS_AGGREGATE","","","","non_responsive","not_qualified","","","","","","","Tender_902293.pdf","1","Received: 5; Responsive: 1 (difference is the rejected count)","count is derived as received minus responsive; 4 bidder(s)"
"920946","RAJUK","Purbachal New Town Project","Construction of Remaining Road No-125 including Surface Drain at Sector # 30 of Purbachal New Town Project (Package No-RDC-30, Lot- 01).","AWARDED_BIDDER","M/S. Sharif & Sons","SHARIF SONS","52288766.80","responsive","qualified","","not_applicable_won_the_contract","not_applicable","","","","Tender_920946.pdf","1","Contract Value (Taka): 52288766.80; Name of Supplier/Contractor/Consultant: M/S. Sharif & Sons","bid amount equals the awarded contract value as printed on the award notice"
"920946","RAJUK","Purbachal New Town Project","Construction of Remaining Road No-125 including Surface Drain at Sector # 30 of Purbachal New Town Project (Package No-RDC-30, Lot- 01).","UNNAMED_REJECTED_BIDDERS_AGGREGATE","","","","non_responsive","not_qualified","","","","","","","Tender_920946.pdf","1","Received: 8; Responsive: 3 (difference is the rejected count)","count is derived as received minus responsive; 5 bidder(s)"
"926607","RAJUK","Development of Residential and commercial Infrastructure at Jhilmil Residential Project Area","Construction of 4(Four) Storied Masjid at Sector-2 Development of Residential and Commercial Infrastructure at Jhilmil Residential Project Area.","AWARDED_BIDDER","Anik Trading and Construction-Fastbuild JV","ANIK TRADING AND CONSTRUCTION FASTBUILD JV","250839121.92","responsive","qualified","","not_applicable_won_the_contract","not_applicable","","","","Tender_926607.pdf","1","Contract Value (Taka): 250839121.92; Name of Supplier/Contractor/Consultant: Anik Trading and Construction-Fastbuild JV ( JVCA Partners [Business Share]: FASTBUILD [75.000%] , Anik Trading and Construction Limited [25.000%] )","bid amount equals the awarded contract value as printed on the award notice"
"926607","RAJUK","Development of Residential and commercial Infrastructure at Jhilmil Residential Project Area","Construction of 4(Four) Storied Masjid at Sector-2 Development of Residential and Commercial Infrastructure at Jhilmil Residential Project Area.","JV_PARTNER_OF_WINNER","FASTBUILD","FASTBUILD","188129341.44","responsive_as_part_of_the_winning_joint_venture","qualified_as_part_of_the_joint_venture","","","","","75.000","","Tender_926607.pdf","1","JVCA Partners [Business Share]: FASTBUILD [75.000%]","bid_amount here is the partner's declared share of the contract value, not a separately published bid"
"926607","RAJUK","Development of Residential and commercial Infrastructure at Jhilmil Residential Project Area","Construction of 4(Four) Storied Masjid at Sector-2 Development of Residential and Commercial Infrastructure at Jhilmil Residential Project Area.","JV_PARTNER_OF_WINNER","Anik Trading and Construction Limited","ANIK TRADING AND CONSTRUCTION LTD","62709780.48","responsive_as_part_of_the_winning_joint_venture","qualified_as_part_of_the_joint_venture","","","","","25.000","","Tender_926607.pdf","1","JVCA Partners [Business Share]: Anik Trading and Construction Limited [25.000%]","bid_amount here is the partner's declared share of the contract value, not a separately published bid"
"926623","RAJUK","Superintending Engineer (Civil Circle-2)","Internal decoration, misscellaneous repair nad renovation work of RAJUK Zonal Office (Zone-5) Situated at Monem Business District Tower.","AWARDED_BIDDER","Nur Traders","NUR TRADERS","4722959.14","responsive","qualified","","not_applicable_won_the_contract","not_applicable","","","","Tender_926623.pdf","1","Contract Value (Taka): 4722959.14; Name of Supplier/Contractor/Consultant: Nur Traders","bid amount equals the awarded contract value as printed on the award notice"
"926623","RAJUK","Superintending Engineer (Civil Circle-2)","Internal decoration, misscellaneous repair nad renovation work of RAJUK Zonal Office (Zone-5) Situated at Monem Business District Tower.","UNNAMED_REJECTED_BIDDERS_AGGREGATE","","","","non_responsive","not_qualified","","","","","","","Tender_926623.pdf","1","Received: 6; Responsive: 2 (difference is the rejected count)","count is derived as received minus responsive; 4 bidder(s)"
"932337","RAJUK","Purbachal New Town Project","Construction of Aesthetic Railing with ancillary work for 15 nos. Internal Bridges of Gazipur Part at Purbachal New Town Project.","AWARDED_BIDDER","Khokan Construction & Engineering Ltd","KHOKAN CONSTRUCTION ENGINEERING LTD","153774163.71","responsive","qualified","","not_applicable_won_the_contract","not_applicable","","","","Tender_932337.pdf","1","Contract Value (Taka): 153774163.71; Name of Supplier/Contractor/Consultant: Khokan Construction & Engineering Ltd","bid amount equals the awarded contract value as printed on the award notice"
"932337","RAJUK","Purbachal New Town Project","Construction of Aesthetic Railing with ancillary work for 15 nos. Internal Bridges of Gazipur Part at Purbachal New Town Project.","UNNAMED_REJECTED_BIDDERS_AGGREGATE","","","","non_responsive","not_qualified","","","","","","","Tender_932337.pdf","1","Received: 3; Responsive: 1 (difference is the rejected count)","count is derived as received minus responsive; 2 bidder(s)"
"935084","RAJUK","Uttara Apartment Project","Remaining ancillary works for Construction of 10(Ten) storied Commercial Complex Cum Management Building and one semi Basement Floor including parking facilities, Internal Sanitary, Water Supply, Internal Electrification works of Uttara Apartment Pro","AWARDED_BIDDER","UCC-SC JV","UCC SC JV","42162305.12","responsive","qualified","","not_applicable_won_the_contract","not_applicable","","","","Tender_935084.pdf","1","Contract Value (Taka): 42162305.12; Name of Supplier/Contractor/Consultant: UCC-SC JV ( JVCA Partners [Business Share]: M/S Sunny Construction [60.000%] , The United Construction Co. [40.000%] )","bid amount equals the awarded contract value as printed on the award notice"
"935084","RAJUK","Uttara Apartment Project","Remaining ancillary works for Construction of 10(Ten) storied Commercial Complex Cum Management Building and one semi Basement Floor including parking facilities, Internal Sanitary, Water Supply, Internal Electrification works of Uttara Apartment Pro","JV_PARTNER_OF_WINNER","M/S Sunny Construction","SUNNY CONSTRUCTION","25297383.07","responsive_as_part_of_the_winning_joint_venture","qualified_as_part_of_the_joint_venture","","","","","60.000","","Tender_935084.pdf","1","JVCA Partners [Business Share]: M/S Sunny Construction [60.000%]","bid_amount here is the partner's declared share of the contract value, not a separately published bid"
"935084","RAJUK","Uttara Apartment Project","Remaining ancillary works for Construction of 10(Ten) storied Commercial Complex Cum Management Building and one semi Basement Floor including parking facilities, Internal Sanitary, Water Supply, Internal Electrification works of Uttara Apartment Pro","JV_PARTNER_OF_WINNER","The United Construction Co.","THE UNITED CONSTRUCTION CO","16864922.05","responsive_as_part_of_the_winning_joint_venture","qualified_as_part_of_the_joint_venture","","","","","40.000","","Tender_935084.pdf","1","JVCA Partners [Business Share]: The United Construction Co. [40.000%]","bid_amount here is the partner's declared share of the contract value, not a separately published bid"
"935090","RAJUK","Uttara Apartment Project","Landscaping & Arboriculture Work at Uttara Apartment Project, Block-A, Sector-18, Uttara, Dhaka.","AWARDED_BIDDER","Nur Enterprise-Amin Trading Corporation JV","NUR ENTERPRISE AMIN TRADING CORPORATION JV","40484581.13","responsive","qualified","","not_applicable_won_the_contract","not_applicable","","","","Tender_935090.pdf","1","Contract Value (Taka): 40484581.13; Name of Supplier/Contractor/Consultant: Nur Enterprise-Amin Trading Corporation JV ( JVCA Partners [Business Share]: M/S Nur Enterprise [51.000%] , M/S. AMIN TRADING CORPORATION [49.000%] )","bid amount equals the awarded contract value as printed on the award notice"
"935090","RAJUK","Uttara Apartment Project","Landscaping & Arboriculture Work at Uttara Apartment Project, Block-A, Sector-18, Uttara, Dhaka.","JV_PARTNER_OF_WINNER","M/S Nur Enterprise","NUR ENTERPRISE","20647136.38","responsive_as_part_of_the_winning_joint_venture","qualified_as_part_of_the_joint_venture","","","","","51.000","","Tender_935090.pdf","1","JVCA Partners [Business Share]: M/S Nur Enterprise [51.000%]","bid_amount here is the partner's declared share of the contract value, not a separately published bid"
"935090","RAJUK","Uttara Apartment Project","Landscaping & Arboriculture Work at Uttara Apartment Project, Block-A, Sector-18, Uttara, Dhaka.","JV_PARTNER_OF_WINNER","M/S. AMIN TRADING CORPORATION","AMIN TRADING CORPORATION","19837444.75","responsive_as_part_of_the_winning_joint_venture","qualified_as_part_of_the_joint_venture","","","","","49.000","","Tender_935090.pdf","1","JVCA Partners [Business Share]: M/S. AMIN TRADING CORPORATION [49.000%]","bid_amount here is the partner's declared share of the contract value, not a separately published bid"
"935090","RAJUK","Uttara Apartment Project","Landscaping & Arboriculture Work at Uttara Apartment Project, Block-A, Sector-18, Uttara, Dhaka.","UNNAMED_REJECTED_BIDDERS_AGGREGATE","","","","non_responsive","not_qualified","","","","","","","Tender_935090.pdf","1","Received: 3; Responsive: 2 (difference is the rejected count)","count is derived as received minus responsive; 1 bidder(s)"
"935093","RAJUK","Uttara Apartment Project","Supply, Installation, Testing and Commissioning of Fire fighting system with sprinkler, fire alarm system, fire detection system and other ancillary works for the Commercial Complex including Community Center & Kitchen Super shop under the Project of","AWARDED_BIDDER","NDE-UCC-SC JV","NDE UCC SC JV","134602376.40","responsive","qualified","","not_applicable_won_the_contract","not_applicable","","","","Tender_935093.pdf","1","Contract Value (Taka): 134602376.40; Name of Supplier/Contractor/Consultant: NDE-UCC-SC JV ( JVCA Partners [Business Share]: M/S Sunny Construction [35.000%] , NATIONAL DEVELOPMENT ENGINEERS LTD. [40.000%] , The United Construction Co. [25.000%] )","bid amount equals the awarded contract value as printed on the award notice"
"935093","RAJUK","Uttara Apartment Project","Supply, Installation, Testing and Commissioning of Fire fighting system with sprinkler, fire alarm system, fire detection system and other ancillary works for the Commercial Complex including Community Center & Kitchen Super shop under the Project of","JV_PARTNER_OF_WINNER","M/S Sunny Construction","SUNNY CONSTRUCTION","47110831.74","responsive_as_part_of_the_winning_joint_venture","qualified_as_part_of_the_joint_venture","","","","","35.000","","Tender_935093.pdf","1","JVCA Partners [Business Share]: M/S Sunny Construction [35.000%]","bid_amount here is the partner's declared share of the contract value, not a separately published bid"
"935093","RAJUK","Uttara Apartment Project","Supply, Installation, Testing and Commissioning of Fire fighting system with sprinkler, fire alarm system, fire detection system and other ancillary works for the Commercial Complex including Community Center & Kitchen Super shop under the Project of","JV_PARTNER_OF_WINNER","NATIONAL DEVELOPMENT ENGINEERS LTD.","NATIONAL DEVELOPMENT ENGINEERS LTD","53840950.56","responsive_as_part_of_the_winning_joint_venture","qualified_as_part_of_the_joint_venture","","","","","40.000","","Tender_935093.pdf","1","JVCA Partners [Business Share]: NATIONAL DEVELOPMENT ENGINEERS LTD. [40.000%]","bid_amount here is the partner's declared share of the contract value, not a separately published bid"
"935093","RAJUK","Uttara Apartment Project","Supply, Installation, Testing and Commissioning of Fire fighting system with sprinkler, fire alarm system, fire detection system and other ancillary works for the Commercial Complex including Community Center & Kitchen Super shop under the Project of","JV_PARTNER_OF_WINNER","The United Construction Co.","THE UNITED CONSTRUCTION CO","33650594.10","responsive_as_part_of_the_winning_joint_venture","qualified_as_part_of_the_joint_venture","","","","","25.000","","Tender_935093.pdf","1","JVCA Partners [Business Share]: The United Construction Co. [25.000%]","bid_amount here is the partner's declared share of the contract value, not a separately published bid"
"936176","RAJUK","Office of the Superintending Engineer (Electrical)","Supply & Installation of Internal Network System, CCTV System and Access Control System at Rajuk Zonal Office-5 in Abdul Monem Tower, Kawran Bazar (Part-1).","AWARDED_BIDDER","Optimal Technology (Pvt. ) Ltd.","OPTIMAL TECHNOLOGY LTD","4160942.10","responsive","qualified","","not_applicable_won_the_contract","not_applicable","","","","Tender_936176.pdf","1","Contract Value (Taka): 4160942.10; Name of Supplier/Contractor/Consultant: Optimal Technology (Pvt. ) Ltd.","bid amount equals the awarded contract value as printed on the award notice"
"936176","RAJUK","Office of the Superintending Engineer (Electrical)","Supply & Installation of Internal Network System, CCTV System and Access Control System at Rajuk Zonal Office-5 in Abdul Monem Tower, Kawran Bazar (Part-1).","UNNAMED_REJECTED_BIDDERS_AGGREGATE","","","","non_responsive","not_qualified","","","","","","","Tender_936176.pdf","1","Received: 3; Responsive: 1 (difference is the rejected count)","count is derived as received minus responsive; 2 bidder(s)"
"936225","RAJUK","Office of the Superintending Engineer (Electrical)","Supply & Installation of Internal PABX , Audio & VIdeo Confarance System, Wi-Fi System and Raised Floor System at Rajuk Zonal Office-5 in Abdul Monem Tower, Kawran Bazar (Part-2).","AWARDED_BIDDER","M/S TANIN ENTERPRISE","TANIN ENTERPRISE","2520856.80","responsive","qualified","","not_applicable_won_the_contract","not_applicable","","","","Tender_936225.pdf","1","Contract Value (Taka): 2520856.80; Name of Supplier/Contractor/Consultant: M/S TANIN ENTERPRISE","bid amount equals the awarded contract value as printed on the award notice"
"936225","RAJUK","Office of the Superintending Engineer (Electrical)","Supply & Installation of Internal PABX , Audio & VIdeo Confarance System, Wi-Fi System and Raised Floor System at Rajuk Zonal Office-5 in Abdul Monem Tower, Kawran Bazar (Part-2).","UNNAMED_REJECTED_BIDDERS_AGGREGATE","","","","non_responsive","not_qualified","","","","","","","Tender_936225.pdf","1","Received: 3; Responsive: 2 (difference is the rejected count)","count is derived as received minus responsive; 1 bidder(s)"
"936227","RAJUK","Office of the Superintending Engineer (Electrical)","Internal Electrification Work at Rajuk Zonal Office-5 in Abdul Monem Tower, Kawran Bazar (Part-3).","AWARDED_BIDDER","MULTITRADE INTERNATIONAL","MULTITRADE INTERNATIONAL","4960174.50","responsive","qualified","","not_applicable_won_the_contract","not_applicable","","","","Tender_936227.pdf","1","Contract Value (Taka): 4960174.50; Name of Supplier/Contractor/Consultant: MULTITRADE INTERNATIONAL","bid amount equals the awarded contract value as printed on the award notice"
"936227","RAJUK","Office of the Superintending Engineer (Electrical)","Internal Electrification Work at Rajuk Zonal Office-5 in Abdul Monem Tower, Kawran Bazar (Part-3).","UNNAMED_REJECTED_BIDDERS_AGGREGATE","","","","non_responsive","not_qualified","","","","","","","Tender_936227.pdf","1","Received: 2; Responsive: 1 (difference is the rejected count)","count is derived as received minus responsive; 1 bidder(s)"
"936248","RAJUK","Office of the Superintending Engineer (Electrical)","Supply, Installation, Testing & Commissioning of 01 No 1250 KG Steel Stretcher Lift at Rajuk Main Building.","AWARDED_BIDDER","Concept Elevators & Engineering Ltd.","CONCEPT ELEVATORS ENGINEERING LTD","31299998.78","responsive","qualified","","not_applicable_won_the_contract","not_applicable","","","","Tender_936248.pdf","1","Contract Value (Taka): 31299998.78; Name of Supplier/Contractor/Consultant: Concept Elevators & Engineering Ltd.","bid amount equals the awarded contract value as printed on the award notice"
"936248","RAJUK","Office of the Superintending Engineer (Electrical)","Supply, Installation, Testing & Commissioning of 01 No 1250 KG Steel Stretcher Lift at Rajuk Main Building.","UNNAMED_REJECTED_BIDDERS_AGGREGATE","","","","non_responsive","not_qualified","","","","","","","Tender_936248.pdf","1","Received: 2; Responsive: 1 (difference is the rejected count)","count is derived as received minus responsive; 1 bidder(s)"
"938968","RAJUK","Office of the Superintending Engineer (Mechanical)","Supply and fitting fixing of 09 (Nine) Nos. new Tyre for Dump Truck-1.","AWARDED_BIDDER","MULTITRADE INTERNATIONAL","MULTITRADE INTERNATIONAL","726750.01","responsive","qualified","","not_applicable_won_the_contract","not_applicable","","","","Tender_938968.pdf","1","Contract Value (Taka): 726750.01; Name of Supplier/Contractor/Consultant: MULTITRADE INTERNATIONAL","bid amount equals the awarded contract value as printed on the award notice"
"944366","RAJUK","Superintending Engineer (Civil Circle-1)","Construction of the Central island includes road marking work at the GMG intersection in the Hatirjheel area.","AWARDED_BIDDER","M/S. AMIN TRADING CORPORATION","AMIN TRADING CORPORATION","2953145.39","responsive","qualified","","not_applicable_won_the_contract","not_applicable","","","","Tender_944366.pdf","1","Contract Value (Taka): 2953145.39; Name of Supplier/Contractor/Consultant: M/S. AMIN TRADING CORPORATION","bid amount equals the awarded contract value as printed on the award notice"
"948434","RAJUK","Development of Residential and commercial Infrastructure at Jhilmil Residential Project Area","Construction of 6(Six) Storied School and College at Sector No#2 for Development of Residential & Commercial Infrastructure at Jhilmil Residential Project Area.","AWARDED_BIDDER","Momotaj Engineers Ltd.","MOMOTAJ ENGINEERS LTD","345195688.90","responsive","qualified","","not_applicable_won_the_contract","not_applicable","","","","Tender_948434.pdf","1","Contract Value (Taka): 345195688.90; Name of Supplier/Contractor/Consultant: Momotaj Engineers Ltd.","bid amount equals the awarded contract value as printed on the award notice"
"948434","RAJUK","Development of Residential and commercial Infrastructure at Jhilmil Residential Project Area","Construction of 6(Six) Storied School and College at Sector No#2 for Development of Residential & Commercial Infrastructure at Jhilmil Residential Project Area.","UNNAMED_REJECTED_BIDDERS_AGGREGATE","","","","non_responsive","not_qualified","","","","","","","Tender_948434.pdf","1","Received: 5; Responsive: 4 (difference is the rejected count)","count is derived as received minus responsive; 1 bidder(s)"
"948435","RAJUK","Office of the Superintending Engineer (Electrical)","Temporary illumination of Hatirjheel Management Building & Surrounding Areas in different Festivals.","AWARDED_BIDDER","M/S TANIN ENTERPRISE","TANIN ENTERPRISE","1875194.13","responsive","qualified","","not_applicable_won_the_contract","not_applicable","","","","Tender_948435.pdf","1","Contract Value (Taka): 1875194.13; Name of Supplier/Contractor/Consultant: M/S TANIN ENTERPRISE","bid amount equals the awarded contract value as printed on the award notice"
"948446","RAJUK","Office of the Superintending Engineer (Electrical)","01 (One) Year Servicing & Maintenance of Existing Air-Cooler at Rajuk Main Bhaban, Annex Bhaban & Zonal / Site Office.","AWARDED_BIDDER","M/S Sunny Construction","SUNNY CONSTRUCTION","2904340.50","responsive","qualified","","not_applicable_won_the_contract","not_applicable","","","","Tender_948446.pdf","1","Contract Value (Taka): 2904340.50; Name of Supplier/Contractor/Consultant: M/S Sunny Construction","bid amount equals the awarded contract value as printed on the award notice"
"948446","RAJUK","Office of the Superintending Engineer (Electrical)","01 (One) Year Servicing & Maintenance of Existing Air-Cooler at Rajuk Main Bhaban, Annex Bhaban & Zonal / Site Office.","UNNAMED_REJECTED_BIDDERS_AGGREGATE","","","","non_responsive","not_qualified","","","","","","","Tender_948446.pdf","1","Received: 2; Responsive: 1 (difference is the rejected count)","count is derived as received minus responsive; 1 bidder(s)"
"948448","RAJUK","Office of the Superintending Engineer (Electrical)","Supply, Installation, Testing & Commissioning of Computer, Printer, Scanner, Laptop, Online UPS, Networking System and Internal Electrification of Training Center in Rajuk.","AWARDED_BIDDER","S.M.S. SYSTEMS","S M S SYSTEMS","8869597.43","responsive","qualified","","not_applicable_won_the_contract","not_applicable","","","","Tender_948448.pdf","1","Contract Value (Taka): 8869597.43; Name of Supplier/Contractor/Consultant: S.M.S. SYSTEMS","bid amount equals the awarded contract value as printed on the award notice"
"948745","RAJUK","Superintending Engineer (Civil Circle-4)","Construction of open surface drain (brick masonry) of block A&B at sector #16 of Uttara Residential area Uttara Dhaka.","AWARDED_BIDDER","CONVOY SERVICE","CONVOY SERVICE","23712858.25","responsive","qualified","","not_applicable_won_the_contract","not_applicable","","","","Tender_948745.pdf","1","Contract Value (Taka): 23712858.25; Name of Supplier/Contractor/Consultant: CONVOY SERVICE","bid amount equals the awarded contract value as printed on the award notice"
"948745","RAJUK","Superintending Engineer (Civil Circle-4)","Construction of open surface drain (brick masonry) of block A&B at sector #16 of Uttara Residential area Uttara Dhaka.","UNNAMED_REJECTED_BIDDERS_AGGREGATE","","","","non_responsive","not_qualified","","","","","","","Tender_948745.pdf","1","Received: 5; Responsive: 1 (difference is the rejected count)","count is derived as received minus responsive; 4 bidder(s)"
"948746","RAJUK","Superintending Engineer (Civil Circle-4)","Land filling with palisading, construction of Drain, Road and Road repair works at sector-15/I of Uttara residential area, Uttara, Dhaka.","AWARDED_BIDDER","M/S. Raju International","RAJU INTERNATIONAL","37161258.69","responsive","qualified","","not_applicable_won_the_contract","not_applicable","","","","Tender_948746.pdf","1","Contract Value (Taka): 37161258.69; Name of Supplier/Contractor/Consultant: M/S. Raju International","bid amount equals the awarded contract value as printed on the award notice"
"948746","RAJUK","Superintending Engineer (Civil Circle-4)","Land filling with palisading, construction of Drain, Road and Road repair works at sector-15/I of Uttara residential area, Uttara, Dhaka.","UNNAMED_REJECTED_BIDDERS_AGGREGATE","","","","non_responsive","not_qualified","","","","","","","Tender_948746.pdf","1","Received: 11; Responsive: 5 (difference is the rejected count)","count is derived as received minus responsive; 6 bidder(s)"
"957252","RAJUK","Purbachal New Town Project","Construction of Remaining Internal Road & Surface Drain work at Sector-18 (Part) of Purbachal New Town Project (Package No-PNTP/RDC/S-18, Lot- 03).","AWARDED_BIDDER","HAIDER & CO.","HAIDER CO","47768606.61","responsive","qualified","","not_applicable_won_the_contract","not_applicable","","","","Tender_957252.pdf","1","Contract Value (Taka): 47768606.61; Name of Supplier/Contractor/Consultant: HAIDER & CO.","bid amount equals the awarded contract value as printed on the award notice"
"957252","RAJUK","Purbachal New Town Project","Construction of Remaining Internal Road & Surface Drain work at Sector-18 (Part) of Purbachal New Town Project (Package No-PNTP/RDC/S-18, Lot- 03).","UNNAMED_REJECTED_BIDDERS_AGGREGATE","","","","non_responsive","not_qualified","","","","","","","Tender_957252.pdf","1","Received: 8; Responsive: 4 (difference is the rejected count)","count is derived as received minus responsive; 4 bidder(s)"
"957254","RAJUK","Purbachal New Town Project","Construction of Remaining Internal Road and Surface Drain at Sector # 20 (Part) of Purbachal New Town Project (Package: PNTP/RDC/S-20, Lot-04)","AWARDED_BIDDER","M/S. Sharif & Sons","SHARIF SONS","50088046.63","responsive","qualified","","not_applicable_won_the_contract","not_applicable","","","","Tender_957254.pdf","1","Contract Value (Taka): 50088046.63; Name of Supplier/Contractor/Consultant: M/S. Sharif & Sons","bid amount equals the awarded contract value as printed on the award notice"
"957254","RAJUK","Purbachal New Town Project","Construction of Remaining Internal Road and Surface Drain at Sector # 20 (Part) of Purbachal New Town Project (Package: PNTP/RDC/S-20, Lot-04)","UNNAMED_REJECTED_BIDDERS_AGGREGATE","","","","non_responsive","not_qualified","","","","","","","Tender_957254.pdf","1","Received: 10; Responsive: 4 (difference is the rejected count)","count is derived as received minus responsive; 6 bidder(s)"
"957255","RAJUK","Purbachal New Town Project","Construction of Remaining Internal Road & Surface Drain work at Sector-23 (Part) of Purbachal New Town Project (Package No-PNTP/RDC/S-23, Lot- 04).","AWARDED_BIDDER","M/S. Maliha Enterprise","MALIHA ENTERPRISE","25012452.16","responsive","qualified","","not_applicable_won_the_contract","not_applicable","","","","Tender_957255.pdf","1","Contract Value (Taka): 25012452.16; Name of Supplier/Contractor/Consultant: M/S. Maliha Enterprise","bid amount equals the awarded contract value as printed on the award notice"
"957255","RAJUK","Purbachal New Town Project","Construction of Remaining Internal Road & Surface Drain work at Sector-23 (Part) of Purbachal New Town Project (Package No-PNTP/RDC/S-23, Lot- 04).","UNNAMED_REJECTED_BIDDERS_AGGREGATE","","","","non_responsive","not_qualified","","","","","","","Tender_957255.pdf","1","Received: 8; Responsive: 4 (difference is the rejected count)","count is derived as received minus responsive; 4 bidder(s)"
"957256","RAJUK","Purbachal New Town Project","Painting works of 11 Nos. Bridge (Bridge Nos. 18 , 19, 20, 22, 23, 24, 40, 41, 45, 47, and 48) and repairing works of damaged approaches to the bridge in different sectors at Purbachal New Town Project (Package No. PNTP/PR/BR-1, Lot- 01).","AWARDED_BIDDER","M/S Laila Enterprise","LAILA ENTERPRISE","44644840.48","responsive","qualified","","not_applicable_won_the_contract","not_applicable","","","","Tender_957256.pdf","1","Contract Value (Taka): 44644840.48; Name of Supplier/Contractor/Consultant: M/S Laila Enterprise","bid amount equals the awarded contract value as printed on the award notice"
"957256","RAJUK","Purbachal New Town Project","Painting works of 11 Nos. Bridge (Bridge Nos. 18 , 19, 20, 22, 23, 24, 40, 41, 45, 47, and 48) and repairing works of damaged approaches to the bridge in different sectors at Purbachal New Town Project (Package No. PNTP/PR/BR-1, Lot- 01).","UNNAMED_REJECTED_BIDDERS_AGGREGATE","","","","non_responsive","not_qualified","","","","","","","Tender_957256.pdf","1","Received: 7; Responsive: 1 (difference is the rejected count)","count is derived as received minus responsive; 6 bidder(s)"
"957875","RAJUK","Superintending Engineer (Civil Circle-1)","Repair (Includes exterior Painting) works of Hatirjheel Apartment Building (Allotted to the Rehabilitated Community).","AWARDED_BIDDER","Nur Traders","NUR TRADERS","7006021.70","responsive","qualified","","not_applicable_won_the_contract","not_applicable","","","","Tender_957875.pdf","1","Contract Value (Taka): 7006021.70; Name of Supplier/Contractor/Consultant: Nur Traders","bid amount equals the awarded contract value as printed on the award notice"
"957875","RAJUK","Superintending Engineer (Civil Circle-1)","Repair (Includes exterior Painting) works of Hatirjheel Apartment Building (Allotted to the Rehabilitated Community).","UNNAMED_REJECTED_BIDDERS_AGGREGATE","","","","non_responsive","not_qualified","","","","","","","Tender_957875.pdf","1","Received: 9; Responsive: 5 (difference is the rejected count)","count is derived as received minus responsive; 4 bidder(s)"
"95841","RAJUK","Zila Parishad, Sirajganj","Construction of Guide Wall on North Side of Shishu Academy at Upazila Belkuchi District Sirajganj","AWARDED_BIDDER","Md. Abdus Sobhan Dablu","MD ABDUS SOBHAN DABLU","475000.00","responsive","qualified","","not_applicable_won_the_contract","not_applicable","","","","Tender_95841.pdf","1","Contract Value (Taka): 475000.00; Name of Supplier/Contractor/Consultant: Md. Abdus Sobhan Dablu","bid amount equals the awarded contract value as printed on the award notice"
"95841","RAJUK","Zila Parishad, Sirajganj","Construction of Guide Wall on North Side of Shishu Academy at Upazila Belkuchi District Sirajganj","UNNAMED_REJECTED_BIDDERS_AGGREGATE","","","","non_responsive","not_qualified","","","","","","","Tender_95841.pdf","1","Received: 54; Responsive: 0 (difference is the rejected count)","count is derived as received minus responsive; 54 bidder(s)"
"959288","RAJUK","Uttara Apartment Project","Supply, Installation and Testing of 16 ways NVR type CCTV system for the Building No: 1A, 1B & 1C, 1D under the project of Construction of Residential Apartment Building for Low & Middle Income Group of people at Sector-18, Block-A, Uttara, Dhaka.","AWARDED_BIDDER","Gess Bangladesh","GESS BANGLADESH","3443779.58","responsive","qualified","","not_applicable_won_the_contract","not_applicable","","","","Tender_959288.pdf","1","Contract Value (Taka): 3443779.58; Name of Supplier/Contractor/Consultant: Gess Bangladesh","bid amount equals the awarded contract value as printed on the award notice"
"962656","RAJUK","Uttara Apartment Project","Supply, Installation and Testing of 16 ways NVR type CCTV system for the Building No: 12B & 12C under the Project of ""Construction of Residential Apartment Building for Low & Middle Income Group of People at Sector-18, Block-A, Uttara, Dhaka""","AWARDED_BIDDER","Gess Bangladesh","GESS BANGLADESH","1697789.79","responsive","qualified","","not_applicable_won_the_contract","not_applicable","","","","Tender_962656.pdf","1","Contract Value (Taka): 1697789.79; Name of Supplier/Contractor/Consultant: Gess Bangladesh","bid amount equals the awarded contract value as printed on the award notice"
"962658","RAJUK","Uttara Apartment Project","Supply, Installation, Testing and Commissioning of 01 No 200 KVA & 01 No 400 KVA 11/0.415 KV 50Hz Electric Sub- station for the Utility Residential Apartment Building under the Project of ""Construction of Residential Apartment Building for Low & Midd","AWARDED_BIDDER","M/s. Active International","ACTIVE INTERNATIONAL","12700200.00","responsive","qualified","","not_applicable_won_the_contract","not_applicable","","","","Tender_962658.pdf","1","Contract Value (Taka): 12700200.00; Name of Supplier/Contractor/Consultant: M/s. Active International","bid amount equals the awarded contract value as printed on the award notice"
"962659","RAJUK","Uttara Apartment Project","Supply of Desktop Computer, Smart TV, Drone, Router, Vacuum Cleaner & Toner Cartridge etc. for the Office of the Project Director of Uttara Apartment Project.","AWARDED_BIDDER","Net Planet Soft & Engineering","NET PLANET SOFT ENGINEERING","1249799.27","responsive","qualified","","not_applicable_won_the_contract","not_applicable","","","","Tender_962659.pdf","1","Contract Value (Taka): 1249799.27; Name of Supplier/Contractor/Consultant: Net Planet Soft & Engineering","bid amount equals the awarded contract value as printed on the award notice"
"969450","RAJUK","Office of the Superintending Engineer (Electrical)","Supply, Installation, Testing and Commissioning of V. R.F System (AC) in the Office of Director (Admin), Director (Board) and Deputy Director (Estate & Land-1) at Rajuk Main Building.","AWARDED_BIDDER","MEP ENGINEERING POINT","MEP ENGINEERING POINT","11385916.90","responsive","qualified","","not_applicable_won_the_contract","not_applicable","","","","Tender_969450.pdf","1","Contract Value (Taka): 11385916.90; Name of Supplier/Contractor/Consultant: MEP ENGINEERING POINT","bid amount equals the awarded contract value as printed on the award notice"
"969481","RAJUK","Office of the Superintending Engineer (Electrical)","Supply & Installation of Computers, Printers, Scanners and UPS etc. in Rajuk Development & Development Control Wing Division.","AWARDED_BIDDER","Creatus Computer","CREATUS COMPUTER","9864800.39","responsive","qualified","","not_applicable_won_the_contract","not_applicable","","","","Tender_969481.pdf","1","Contract Value (Taka): 9864800.39; Name of Supplier/Contractor/Consultant: Creatus Computer","bid amount equals the awarded contract value as printed on the award notice"
"969489","RAJUK","Office of the Superintending Engineer (Electrical)","Supply & Installation of Computers, Printers, Scanners and UPS etc. in Rajuk Planning, Admin & Finance Wing Division.","AWARDED_BIDDER","Creatus Computer","CREATUS COMPUTER","7477300.25","responsive","qualified","","not_applicable_won_the_contract","not_applicable","","","","Tender_969489.pdf","1","Contract Value (Taka): 7477300.25; Name of Supplier/Contractor/Consultant: Creatus Computer","bid amount equals the awarded contract value as printed on the award notice"
"969822","RAJUK","Office of the Superintending Engineer (Electrical)","Supply and Installation of Security Light in Malibagh Officers Quarter Compound.","AWARDED_BIDDER","M/S. Maliha Enterprise","MALIHA ENTERPRISE","2525937.30","responsive","qualified","","not_applicable_won_the_contract","not_applicable","","","","Tender_969822.pdf","1","Contract Value (Taka): 2525937.30; Name of Supplier/Contractor/Consultant: M/S. Maliha Enterprise","bid amount equals the awarded contract value as printed on the award notice"
"974362","RAJUK","Uttara Apartment Project","Crack Repair & Maintenance work for 16 storied Apartment Building of Uttara Apartment Project.","AWARDED_BIDDER","Donatien International","DONATIEN INTERNATIONAL","26265169.50","responsive","qualified","","not_applicable_won_the_contract","not_applicable","","","","Tender_974362.pdf","1","Contract Value (Taka): 26265169.50; Name of Supplier/Contractor/Consultant: Donatien International","bid amount equals the awarded contract value as printed on the award notice"
"974362","RAJUK","Uttara Apartment Project","Crack Repair & Maintenance work for 16 storied Apartment Building of Uttara Apartment Project.","UNNAMED_REJECTED_BIDDERS_AGGREGATE","","","","non_responsive","not_qualified","","","","","","","Tender_974362.pdf","1","Received: 3; Responsive: 1 (difference is the rejected count)","count is derived as received minus responsive; 2 bidder(s)"
"975322","RAJUK","Purbachal New Town Project","Maintenance and Repair of Road & Surface Drain at sector #4,8 &20 (part) of Purbachal New Town Project (Package No: PNTP/RP/S-04,08, 20 Lot-01).","AWARDED_BIDDER","M/S. Niaz Traders","NIAZ TRADERS","28469847.68","responsive","qualified","","not_applicable_won_the_contract","not_applicable","","","","Tender_975322.pdf","1","Contract Value (Taka): 28469847.68; Name of Supplier/Contractor/Consultant: M/S. Niaz Traders","bid amount equals the awarded contract value as printed on the award notice"
"975322","RAJUK","Purbachal New Town Project","Maintenance and Repair of Road & Surface Drain at sector #4,8 &20 (part) of Purbachal New Town Project (Package No: PNTP/RP/S-04,08, 20 Lot-01).","UNNAMED_REJECTED_BIDDERS_AGGREGATE","","","","non_responsive","not_qualified","","","","","","","Tender_975322.pdf","1","Received: 3; Responsive: 2 (difference is the rejected count)","count is derived as received minus responsive; 1 bidder(s)"
"980083","RAJUK","Office of the Superintending Engineer (Electrical)","Supply & Installation of Internal Network System, CCTV System and Access Control System at Rajuk Zonal Office in BCIC Bhaban at Motijheel Dilkusha (Part-1).","AWARDED_BIDDER","M/S Mirza Construction","MIRZA CONSTRUCTION","3723940.80","responsive","qualified","","not_applicable_won_the_contract","not_applicable","","","","Tender_980083.pdf","1","Contract Value (Taka): 3723940.80; Name of Supplier/Contractor/Consultant: M/S Mirza Construction","bid amount equals the awarded contract value as printed on the award notice"
"980083","RAJUK","Office of the Superintending Engineer (Electrical)","Supply & Installation of Internal Network System, CCTV System and Access Control System at Rajuk Zonal Office in BCIC Bhaban at Motijheel Dilkusha (Part-1).","UNNAMED_REJECTED_BIDDERS_AGGREGATE","","","","non_responsive","not_qualified","","","","","","","Tender_980083.pdf","1","Received: 3; Responsive: 2 (difference is the rejected count)","count is derived as received minus responsive; 1 bidder(s)"
"980096","RAJUK","Office of the Superintending Engineer (Electrical)","Supply & Installation of Internal PABX, Audio & Video Conference System, Wi-Fi System and Raised Floor System at Rajuk Zonal Office in BCIC Bhaban at Motijheel Dilkusha (Part-2).","AWARDED_BIDDER","Aliza Enterprise","ALIZA ENTERPRISE","2499710.40","responsive","qualified","","not_applicable_won_the_contract","not_applicable","","","","Tender_980096.pdf","1","Contract Value (Taka): 2499710.40; Name of Supplier/Contractor/Consultant: Aliza Enterprise","bid amount equals the awarded contract value as printed on the award notice"
"980096","RAJUK","Office of the Superintending Engineer (Electrical)","Supply & Installation of Internal PABX, Audio & Video Conference System, Wi-Fi System and Raised Floor System at Rajuk Zonal Office in BCIC Bhaban at Motijheel Dilkusha (Part-2).","UNNAMED_REJECTED_BIDDERS_AGGREGATE","","","","non_responsive","not_qualified","","","","","","","Tender_980096.pdf","1","Received: 3; Responsive: 2 (difference is the rejected count)","count is derived as received minus responsive; 1 bidder(s)"
"980099","RAJUK","Office of the Superintending Engineer (Electrical)","Internal Electrification at Rajuk Zonal Office in BCIC Bhaban at Motijheel Dilkusha (Part-3).","AWARDED_BIDDER","M/S Sunny Construction","SUNNY CONSTRUCTION","6560583.30","responsive","qualified","","not_applicable_won_the_contract","not_applicable","","","","Tender_980099.pdf","1","Contract Value (Taka): 6560583.30; Name of Supplier/Contractor/Consultant: M/S Sunny Construction","bid amount equals the awarded contract value as printed on the award notice"
"980158","RAJUK","Office of the Superintending Engineer (Electrical)","Supply and Installation of 86"" Inch LED Smart TV of Chairman Office Room at Rajuk.","AWARDED_BIDDER","Aliza Enterprise","ALIZA ENTERPRISE","823713.00","responsive","qualified","","not_applicable_won_the_contract","not_applicable","","","","Tender_980158.pdf","1","Contract Value (Taka): 823713.00; Name of Supplier/Contractor/Consultant: Aliza Enterprise","bid amount equals the awarded contract value as printed on the award notice"
"98112","RAJUK","Office of the Chief Engineer (Implementation)","Construction of Internal 45-0 wide Road Including Footpath & Pipe drain at Block-A of Uttara Apartment Project","AWARDED_BIDDER","M.A.H Construction Ltd,RAB-RC(PVT)Ltd and Dawn Corporation JV","M A H CONSTRUCTION LTD RAB RC LTD AND DAWN CORPORATION JV","31685427.00","responsive","qualified","","not_applicable_won_the_contract","not_applicable","","","","Tender_98112.pdf","1","Contract Value (Taka): 31685427.00; Name of Supplier/Contractor/Consultant: M.A.H Construction Ltd,RAB-RC(PVT)Ltd and Dawn Corporation JV ( JVCA Partners [Business Share]: M/S. Dawn Corporation [0.000%] , RAB-RC (PVT) LIMITED [0.000%] , M.A.H. CONSTRUCTION LTD. [0.000%] )","bid amount equals the awarded contract value as printed on the award notice"
"98112","RAJUK","Office of the Chief Engineer (Implementation)","Construction of Internal 45-0 wide Road Including Footpath & Pipe drain at Block-A of Uttara Apartment Project","JV_PARTNER_OF_WINNER","M/S. Dawn Corporation","DAWN CORPORATION","","responsive_as_part_of_the_winning_joint_venture","qualified_as_part_of_the_joint_venture","","","","","NOT_PUBLISHED_PRINTED_AS_0.000","","Tender_98112.pdf","1","JVCA Partners [Business Share]: M/S. Dawn Corporation [0.000%]","the portal printed a 0.000% share, so no value is attributed"
"98112","RAJUK","Office of the Chief Engineer (Implementation)","Construction of Internal 45-0 wide Road Including Footpath & Pipe drain at Block-A of Uttara Apartment Project","JV_PARTNER_OF_WINNER","RAB-RC (PVT) LIMITED","RAB RC LTD","","responsive_as_part_of_the_winning_joint_venture","qualified_as_part_of_the_joint_venture","","","","","NOT_PUBLISHED_PRINTED_AS_0.000","","Tender_98112.pdf","1","JVCA Partners [Business Share]: RAB-RC (PVT) LIMITED [0.000%]","the portal printed a 0.000% share, so no value is attributed"
"98112","RAJUK","Office of the Chief Engineer (Implementation)","Construction of Internal 45-0 wide Road Including Footpath & Pipe drain at Block-A of Uttara Apartment Project","JV_PARTNER_OF_WINNER","M.A.H. CONSTRUCTION LTD.","M A H CONSTRUCTION LTD","","responsive_as_part_of_the_winning_joint_venture","qualified_as_part_of_the_joint_venture","","","","","NOT_PUBLISHED_PRINTED_AS_0.000","","Tender_98112.pdf","1","JVCA Partners [Business Share]: M.A.H. CONSTRUCTION LTD. [0.000%]","the portal printed a 0.000% share, so no value is attributed"
"98112","RAJUK","Office of the Chief Engineer (Implementation)","Construction of Internal 45-0 wide Road Including Footpath & Pipe drain at Block-A of Uttara Apartment Project","UNNAMED_REJECTED_BIDDERS_AGGREGATE","","","","non_responsive","not_qualified","","","","","","","Tender_98112.pdf","1","Received: 14; Responsive: 7 (difference is the rejected count)","count is derived as received minus responsive; 7 bidder(s)"
"984794","RAJUK","Uttara Apartment Project","Remaining internal electrification works for the Commercial Complex including Convention Hall & Kitchen Super Shop under the Project of ""Construction of Residential Apartment Building for Low & Middle Income Group of people at Sector- 18, Block-A, Ut","AWARDED_BIDDER","M/S Sunny Construction","SUNNY CONSTRUCTION","52895972.76","responsive","qualified","","not_applicable_won_the_contract","not_applicable","","","","Tender_984794.pdf","1","Contract Value (Taka): 52895972.76; Name of Supplier/Contractor/Consultant: M/S Sunny Construction","bid amount equals the awarded contract value as printed on the award notice"
"984794","RAJUK","Uttara Apartment Project","Remaining internal electrification works for the Commercial Complex including Convention Hall & Kitchen Super Shop under the Project of ""Construction of Residential Apartment Building for Low & Middle Income Group of people at Sector- 18, Block-A, Ut","UNNAMED_REJECTED_BIDDERS_AGGREGATE","","","","non_responsive","not_qualified","","","","","","","Tender_984794.pdf","1","Received: 3; Responsive: 2 (difference is the rejected count)","count is derived as received minus responsive; 1 bidder(s)"
"98617","RAJUK","office of the Chief Engineer ( Project & Design)","Providing Internal Electrification of 15 Storied Apartment Building under the project of Rehabilitation of affected people & selling at integrated Development Hatirjheel Project Group-2.","AWARDED_BIDDER","M/s Manik & Brothers","MANIK BROTHERS","25899212.70","responsive","qualified","","not_applicable_won_the_contract","not_applicable","","","","Tender_98617.pdf","1","Contract Value (Taka): 25899212.70; Name of Supplier/Contractor/Consultant: M/s Manik & Brothers","bid amount equals the awarded contract value as printed on the award notice"
"1000426","RDA","Office of the Project Director","Development of PRANTIK Residential Area (Sub-head : Supply & installation of Electric supply line.)","AWARDED_BIDDER","M/s. Moni Construction","MONI CONSTRUCTION","15808878.00","responsive","qualified","","not_applicable_won_the_contract","not_applicable","","","","Tender_1000426.pdf","1","Contract Value (Taka): 15808878.00; Name of Supplier/Contractor/Consultant: M/s. Moni Construction","bid amount equals the awarded contract value as printed on the award notice"
"1000426","RDA","Office of the Project Director","Development of PRANTIK Residential Area (Sub-head : Supply & installation of Electric supply line.)","UNNAMED_REJECTED_BIDDERS_AGGREGATE","","","","non_responsive","not_qualified","","","","","","","Tender_1000426.pdf","1","Received: 2; Responsive: 1 (difference is the rejected count)","count is derived as received minus responsive; 1 bidder(s)"
"112012","RDA","Office of the Chairman","Construction of Connecting Road From Natore Road RUET To Rajshahi By-Pass Road .","AWARDED_BIDDER","Abdul Monem Ltd","ABDUL MONEM LTD","899353315.99","responsive","qualified","","not_applicable_won_the_contract","not_applicable","","","","Tender_112012.pdf","1","Contract Value (Taka): 899353315.99; Name of Supplier/Contractor/Consultant: Abdul Monem Ltd","bid amount equals the awarded contract value as printed on the award notice"
"1140112","RDA","Office of the Chairman","Installation of Substation at RDA Complex, Rajshahi.","AWARDED_BIDDER","Mechanism Trade & Engineering Ltd.","MECHANISM TRADE ENGINEERING LTD","4499844.64","responsive","qualified","","not_applicable_won_the_contract","not_applicable","","","","Tender_1140112.pdf","1","Contract Value (Taka): 4499844.64; Name of Supplier/Contractor/Consultant: Mechanism Trade & Engineering Ltd.","bid amount equals the awarded contract value as printed on the award notice"
"1140113","RDA","Office of the Chairman","Replace the Broken Glass at RDA Complex, Rajshahi.","AWARDED_BIDDER","M/S Gazi Construction","GAZI CONSTRUCTION","1618510.55","responsive","qualified","","not_applicable_won_the_contract","not_applicable","","","","Tender_1140113.pdf","1","Contract Value (Taka): 1618510.55; Name of Supplier/Contractor/Consultant: M/S Gazi Construction","bid amount equals the awarded contract value as printed on the award notice"
"1142188","RDA","Office of the Chairman","Construction of Ticket Counter for Dhaka Coach at Inter-District Bus Terminal, Nawdapara, Rajshahi.","AWARDED_BIDDER","M/S HOSSAIN ENTERPRISE","HOSSAIN ENTERPRISE","12771417.60","responsive","qualified","","not_applicable_won_the_contract","not_applicable","","","","Tender_1142188.pdf","1","Contract Value (Taka): 12771417.60; Name of Supplier/Contractor/Consultant: M/S HOSSAIN ENTERPRISE","bid amount equals the awarded contract value as printed on the award notice"
"1142188","RDA","Office of the Chairman","Construction of Ticket Counter for Dhaka Coach at Inter-District Bus Terminal, Nawdapara, Rajshahi.","UNNAMED_REJECTED_BIDDERS_AGGREGATE","","","","non_responsive","not_qualified","","","","","","","Tender_1142188.pdf","1","Received: 9; Responsive: 6 (difference is the rejected count)","count is derived as received minus responsive; 3 bidder(s)"
"1234511","RDA","Office of the Chairman","Supply and Installation of Merry Go Round, Paddle Boat and fiber glass sheet at RDA Park, Rajshahi.","AWARDED_BIDDER","MAA Enterprise","MAA ENTERPRISE","4628900.00","responsive","qualified","","not_applicable_won_the_contract","not_applicable","","","","Tender_1234511.pdf","1","Contract Value (Taka): 4628900.00; Name of Supplier/Contractor/Consultant: MAA Enterprise","bid amount equals the awarded contract value as printed on the award notice"
"1234511","RDA","Office of the Chairman","Supply and Installation of Merry Go Round, Paddle Boat and fiber glass sheet at RDA Park, Rajshahi.","DISCLOSED_BENEFICIAL_OWNER_OF_WINNER","MAA Enterprise","MAA ENTERPRISE","","","","","","","Md. Mohaiminul Islam","100.00","","Tender_1234511.pdf","1","Beneficial Ownership Information row: Md. Mohaiminul Islam, 100.00%,","printed on the award notice under ITT 68.1 / Format e-PG3A-C"
"207700","RDA","Office of the Chairman","Development of BARNOI Residential AreaSub-head Land Development Construction of RCC Drain Construction of Road Construction of RCC Box Culverts and Water Supply Pipe Line.","AWARDED_BIDDER","Rithin Enterprise and Kohinoor Enterprise J.V","RITHIN ENTERPRISE AND KOHINOOR ENTERPRISE J V","100985213.70","responsive","qualified","","not_applicable_won_the_contract","not_applicable","","","","Tender_207700.pdf","1","Contract Value (Taka): 100985213.70; Name of Supplier/Contractor/Consultant: Rithin Enterprise and Kohinoor Enterprise J.V ( JVCA Partners [Business Share]: M/S. Kohinoor Enterprise [0.000%] , Rithin Enterprise [0.000%] )","bid amount equals the awarded contract value as printed on the award notice"
"207700","RDA","Office of the Chairman","Development of BARNOI Residential AreaSub-head Land Development Construction of RCC Drain Construction of Road Construction of RCC Box Culverts and Water Supply Pipe Line.","JV_PARTNER_OF_WINNER","M/S. Kohinoor Enterprise","KOHINOOR ENTERPRISE","","responsive_as_part_of_the_winning_joint_venture","qualified_as_part_of_the_joint_venture","","","","","NOT_PUBLISHED_PRINTED_AS_0.000","","Tender_207700.pdf","1","JVCA Partners [Business Share]: M/S. Kohinoor Enterprise [0.000%]","the portal printed a 0.000% share, so no value is attributed"
"207700","RDA","Office of the Chairman","Development of BARNOI Residential AreaSub-head Land Development Construction of RCC Drain Construction of Road Construction of RCC Box Culverts and Water Supply Pipe Line.","JV_PARTNER_OF_WINNER","Rithin Enterprise","RITHIN ENTERPRISE","","responsive_as_part_of_the_winning_joint_venture","qualified_as_part_of_the_joint_venture","","","","","NOT_PUBLISHED_PRINTED_AS_0.000","","Tender_207700.pdf","1","JVCA Partners [Business Share]: Rithin Enterprise [0.000%]","the portal printed a 0.000% share, so no value is attributed"
"207700","RDA","Office of the Chairman","Development of BARNOI Residential AreaSub-head Land Development Construction of RCC Drain Construction of Road Construction of RCC Box Culverts and Water Supply Pipe Line.","UNNAMED_REJECTED_BIDDERS_AGGREGATE","","","","non_responsive","not_qualified","","","","","","","Tender_207700.pdf","1","Received: 3; Responsive: 1 (difference is the rejected count)","count is derived as received minus responsive; 2 bidder(s)"
"284197","RDA","Office of the Chairman","Revision of Functional Master Plan and Detailed Area Plan to Make Rajshahi Metropolitan Development Plan RMDP Disaster Risk Sensitive Sub- head Supply of Drum Scanner & Plotter A0 Size for GIS Unit.","AWARDED_BIDDER","Thakral Information Systems Private Limited","THAKRAL INFORMATION SYSTEMS PVT LTD","4296920.00","responsive","qualified","","not_applicable_won_the_contract","not_applicable","","","","Tender_284197.pdf","1","Contract Value (Taka): 4296920.00; Name of Supplier/Contractor/Consultant: Thakral Information Systems Private Limited","bid amount equals the awarded contract value as printed on the award notice"
"291722","RDA","Office of the Chairman","Supply and Installation of 300KVA Three Phase Generator with ATS and Sound Acoustically Treated Canopy for RDA Office Building Rajshahi.","AWARDED_BIDDER","PS Engineering","PS ENGINEERING","3630000.00","responsive","qualified","","not_applicable_won_the_contract","not_applicable","","","","Tender_291722.pdf","1","Contract Value (Taka): 3630000.00; Name of Supplier/Contractor/Consultant: PS Engineering","bid amount equals the awarded contract value as printed on the award notice"
"322093","RDA","Office of the Chairman","Revision of Functional Master Plan and Detailed Area Plan to Make Rajshahi Metropolitan Development Plan RMDP Disaster Risk Sensitive Sub- head Supply of Total Station & Survey Support Tools for GIS Unit.","AWARDED_BIDDER","ADVANCE TECHNOLOGY CONSORTIUM LIMITED","ADVANCE TECHNOLOGY CONSORTIUM LTD","1720000.00","responsive","qualified","","not_applicable_won_the_contract","not_applicable","","","","Tender_322093.pdf","1","Contract Value (Taka): 1720000.00; Name of Supplier/Contractor/Consultant: ADVANCE TECHNOLOGY CONSORTIUM LIMITED","bid amount equals the awarded contract value as printed on the award notice"
"322093","RDA","Office of the Chairman","Revision of Functional Master Plan and Detailed Area Plan to Make Rajshahi Metropolitan Development Plan RMDP Disaster Risk Sensitive Sub- head Supply of Total Station & Survey Support Tools for GIS Unit.","UNNAMED_REJECTED_BIDDERS_AGGREGATE","","","","non_responsive","not_qualified","","","","","","","Tender_322093.pdf","1","Received: 3; Responsive: 1 (difference is the rejected count)","count is derived as received minus responsive; 2 bidder(s)"
"383988","RDA","Office of the Chairman","Construction of the Father of the Nation Bangabandhu Sheikh Mujibur Rahman Square at Talaimary Chattar Rajshahi Sub-Head Construction of Square.","AWARDED_BIDDER","The Engineers & Architects Limited","THE ENGINEERS ARCHITECTS LTD","292545247.34","responsive","qualified","","not_applicable_won_the_contract","not_applicable","","","","Tender_383988.pdf","1","Contract Value (Taka): 292545247.34; Name of Supplier/Contractor/Consultant: The Engineers & Architects Limited","bid amount equals the awarded contract value as printed on the award notice"
"595725","RDA","Office of the Chairman","Construction of Water Reservoir at RDA Market.","AWARDED_BIDDER","Khaled Mohammad Selim","KHALED MOHAMMAD SELIM","2023714.56","responsive","qualified","","not_applicable_won_the_contract","not_applicable","","","","Tender_595725.pdf","1","Contract Value (Taka): 2023714.56; Name of Supplier/Contractor/Consultant: Khaled Mohammad Selim","bid amount equals the awarded contract value as printed on the award notice"
"595725","RDA","Office of the Chairman","Construction of Water Reservoir at RDA Market.","UNNAMED_REJECTED_BIDDERS_AGGREGATE","","","","non_responsive","not_qualified","","","","","","","Tender_595725.pdf","1","Received: 3; Responsive: 1 (difference is the rejected count)","count is derived as received minus responsive; 2 bidder(s)"
"638918","RDA","Office of the Chairman","Revision of Functional Master Plan and Detailed Area Plan to Make Rajshahi Metropolitan Development Plan (RMDP) Disaster Risk Sensitive (Sub- head: Supply of ArcGIS Software with Extensions for GIS Unit)","AWARDED_BIDDER","YSP TECHNOLOGY","YSP TECHNOLOGY","15900000.01","responsive","qualified","","not_applicable_won_the_contract","not_applicable","","","","Tender_638918.pdf","1","Contract Value (Taka): 15900000.01; Name of Supplier/Contractor/Consultant: YSP TECHNOLOGY","bid amount equals the awarded contract value as printed on the award notice"
"64165","RDA","Office of the Chaiman","Laying of 100 & 150mm dia water supply pipe line for Extension of Banalata Commercial Area & Development of Residential Area under Rajshahi Development Authority.","AWARDED_BIDDER","Md.kabir Hossain","MD KABIR HOSSAIN","4187780.12","responsive","qualified","","not_applicable_won_the_contract","not_applicable","","","","Tender_64165.pdf","1","Contract Value (Taka): 4187780.12; Name of Supplier/Contractor/Consultant: Md.kabir Hossain","bid amount equals the awarded contract value as printed on the award notice"
"64165","RDA","Office of the Chaiman","Laying of 100 & 150mm dia water supply pipe line for Extension of Banalata Commercial Area & Development of Residential Area under Rajshahi Development Authority.","UNNAMED_REJECTED_BIDDERS_AGGREGATE","","","","non_responsive","not_qualified","","","","","","","Tender_64165.pdf","1","Received: 8; Responsive: 5 (difference is the rejected count)","count is derived as received minus responsive; 3 bidder(s)"
"658227","RDA","Office of the Chairman","Construction of Heavy Vehicle Equipment Shade for RDA, Rajshahi.","AWARDED_BIDDER","Rithin Enterprise","RITHIN ENTERPRISE","14747701.41","responsive","qualified","","not_applicable_won_the_contract","not_applicable","","","","Tender_658227.pdf","1","Contract Value (Taka): 14747701.41; Name of Supplier/Contractor/Consultant: Rithin Enterprise","bid amount equals the awarded contract value as printed on the award notice"
"658227","RDA","Office of the Chairman","Construction of Heavy Vehicle Equipment Shade for RDA, Rajshahi.","UNNAMED_REJECTED_BIDDERS_AGGREGATE","","","","non_responsive","not_qualified","","","","","","","Tender_658227.pdf","1","Received: 4; Responsive: 3 (difference is the rejected count)","count is derived as received minus responsive; 1 bidder(s)"
"680144","RDA","Office of the Chairman","Revision of Functional Master Plan and Detailed Area Plan to Make Rajshahi Metropolitan Development Plan (RMDP) Disaster Risk Sensitive (Sub- head: Supply of Summit Evolution Software for GIS Unit)","AWARDED_BIDDER","Arc Bangladesh Ltd.","ARC BANGLADESH LTD","2595000.00","responsive","qualified","","not_applicable_won_the_contract","not_applicable","","","","Tender_680144.pdf","1","Contract Value (Taka): 2595000.00; Name of Supplier/Contractor/Consultant: Arc Bangladesh Ltd.","bid amount equals the awarded contract value as printed on the award notice"
"703479","RDA","Office of the Chairman","Construction of Father of the Nation Bangabandhu Sheikh Mujibur Rahman Square at Talaimary chattar Rajshahi (Sub- head: Construction of Drain & Road).","AWARDED_BIDDER","PARVEZ CONSTRUCTION LIMITED","PARVEZ CONSTRUCTION LTD","7829999.10","responsive","qualified","","not_applicable_won_the_contract","not_applicable","","","","Tender_703479.pdf","1","Contract Value (Taka): 7829999.10; Name of Supplier/Contractor/Consultant: PARVEZ CONSTRUCTION LIMITED","bid amount equals the awarded contract value as printed on the award notice"
"836225","RDA","Office of the Chairman","Construction works of RCC drain with another works at south side (behind) of Shahid Kamaruzzaman Bus-Terminal.","AWARDED_BIDDER","ETASA ENTERPRISE","ETASA ENTERPRISE","1450736.10","responsive","qualified","","not_applicable_won_the_contract","not_applicable","","","","Tender_836225.pdf","1","Contract Value (Taka): 1450736.10; Name of Supplier/Contractor/Consultant: ETASA ENTERPRISE","bid amount equals the awarded contract value as printed on the award notice"
"859008","RDA","Office of the Chairman","Revised Detail Estimate for Construction of the Father of the Nation Bangabandu Sheikh Mujibur Rahman Square, at Talaimary Chattar, Rajshahi [Sub-head: Construction of Square Finishing and Interior Work].","AWARDED_BIDDER","Noor Hossain Ltd. (JV)","NOOR HOSSAIN LTD","90465350.41","responsive","qualified","","not_applicable_won_the_contract","not_applicable","","","","Tender_859008.pdf","1","Contract Value (Taka): 90465350.41; Name of Supplier/Contractor/Consultant: Noor Hossain Ltd. (JV) ( JVCA Partners [Business Share]: MD. DOLLAR [80.000%] , Noor Hossain Limited [20.000%] )","bid amount equals the awarded contract value as printed on the award notice"
"859008","RDA","Office of the Chairman","Revised Detail Estimate for Construction of the Father of the Nation Bangabandu Sheikh Mujibur Rahman Square, at Talaimary Chattar, Rajshahi [Sub-head: Construction of Square Finishing and Interior Work].","JV_PARTNER_OF_WINNER","MD. DOLLAR","MD DOLLAR","72372280.33","responsive_as_part_of_the_winning_joint_venture","qualified_as_part_of_the_joint_venture","","","","","80.000","","Tender_859008.pdf","1","JVCA Partners [Business Share]: MD. DOLLAR [80.000%]","bid_amount here is the partner's declared share of the contract value, not a separately published bid"
"859008","RDA","Office of the Chairman","Revised Detail Estimate for Construction of the Father of the Nation Bangabandu Sheikh Mujibur Rahman Square, at Talaimary Chattar, Rajshahi [Sub-head: Construction of Square Finishing and Interior Work].","JV_PARTNER_OF_WINNER","Noor Hossain Limited","NOOR HOSSAIN LTD","18093070.08","responsive_as_part_of_the_winning_joint_venture","qualified_as_part_of_the_joint_venture","","","","","20.000","","Tender_859008.pdf","1","JVCA Partners [Business Share]: Noor Hossain Limited [20.000%]","bid_amount here is the partner's declared share of the contract value, not a separately published bid"
"860822","RDA","Office of the Project Director","Modernization & Beatification of Shahid Captain Monsur Ali Park and Development of Parijat Lake (Sub-Head: Supplying and Installation of Park Troy Train, Padel Boat & Childrain Toys).","AWARDED_BIDDER","Premier Trading International","PREMIER TRADING INTERNATIONAL","40471936.05","responsive","qualified","","not_applicable_won_the_contract","not_applicable","","","","Tender_860822.pdf","1","Contract Value (Taka): 40471936.05; Name of Supplier/Contractor/Consultant: Premier Trading International","bid amount equals the awarded contract value as printed on the award notice"
"860823","RDA","Office of the Project Director","Modernization & Beatification of Shahid Captain Monsur Ali Park and Development of Parijat Lake (Sub-Head: Electric Lighting System & Others Lighting).","AWARDED_BIDDER","M/S.Modina Enterprise","MODINA ENTERPRISE","7358692.50","responsive","qualified","","not_applicable_won_the_contract","not_applicable","","","","Tender_860823.pdf","1","Contract Value (Taka): 7358692.50; Name of Supplier/Contractor/Consultant: M/S.Modina Enterprise","bid amount equals the awarded contract value as printed on the award notice"
"935037","RDA","Office of the Chairman","Construction of the Father of the Nation Bangabandhu Sheikh Mujibur Rahman Square at Talaimary chattar Rajshahi (Sub-head: Casting, Supply & installation for Sculpture of the Father of the Nation Bangabandhu Sheikh Mujibur Rahman).","AWARDED_BIDDER","RUPOKAR","RUPOKAR","4498000.00","responsive","qualified","","not_applicable_won_the_contract","not_applicable","","","","Tender_935037.pdf","1","Contract Value (Taka): 4498000.00; Name of Supplier/Contractor/Consultant: RUPOKAR","bid amount equals the awarded contract value as printed on the award notice"
"935037","RDA","Office of the Chairman","Construction of the Father of the Nation Bangabandhu Sheikh Mujibur Rahman Square at Talaimary chattar Rajshahi (Sub-head: Casting, Supply & installation for Sculpture of the Father of the Nation Bangabandhu Sheikh Mujibur Rahman).","UNNAMED_REJECTED_BIDDERS_AGGREGATE","","","","non_responsive","not_qualified","","","","","","","Tender_935037.pdf","1","Received: 2; Responsive: 1 (difference is the rejected count)","count is derived as received minus responsive; 1 bidder(s)"
"935863","RDA","Office of the Project Director","Development of Prantik Residential Area (Sub-head: Water supply line).","AWARDED_BIDDER","M/S Shapla Traders","SHAPLA TRADERS","9516411.00","responsive","qualified","","not_applicable_won_the_contract","not_applicable","","","","Tender_935863.pdf","1","Contract Value (Taka): 9516411.00; Name of Supplier/Contractor/Consultant: M/S Shapla Traders","bid amount equals the awarded contract value as printed on the award notice"
"941511","RDA","Office of the Chairman","Supply and installation of 300 KVA generation and electric transformer with sub-station.","AWARDED_BIDDER","KEECO LIMITED","KEECO LTD","15234595.18","responsive","qualified","","not_applicable_won_the_contract","not_applicable","","","","Tender_941511.pdf","1","Contract Value (Taka): 15234595.18; Name of Supplier/Contractor/Consultant: KEECO LIMITED","bid amount equals the awarded contract value as printed on the award notice"
"941511","RDA","Office of the Chairman","Supply and installation of 300 KVA generation and electric transformer with sub-station.","UNNAMED_REJECTED_BIDDERS_AGGREGATE","","","","non_responsive","not_qualified","","","","","","","Tender_941511.pdf","1","Received: 3; Responsive: 1 (difference is the rejected count)","count is derived as received minus responsive; 2 bidder(s)"
"941590","RDA","Office of the Chairman","Construction of the Father of the Nation Bangabandu Sheikh Mujibur Rahman square at talaimary chattar, Rajshahi (Sub- head: Painting & Granite work).","AWARDED_BIDDER","MD. DOLLAR","MD DOLLAR","15090531.06","responsive","qualified","","not_applicable_won_the_contract","not_applicable","","","","Tender_941590.pdf","1","Contract Value (Taka): 15090531.06; Name of Supplier/Contractor/Consultant: MD. DOLLAR","bid amount equals the awarded contract value as printed on the award notice"
"941603","RDA","Office of the Project Director","Development of PRANTIK Residential Area (Sub-Head: Land Development, Development of Water Body, Construction of Road, Culvert, Drain & Demarcation Pillar).","AWARDED_BIDDER","Md. Badrul Iqbal Ltd.","MD BADRUL IQBAL LTD","199711775.70","responsive","qualified","","not_applicable_won_the_contract","not_applicable","","","","Tender_941603.pdf","1","Contract Value (Taka): 199711775.70; Name of Supplier/Contractor/Consultant: Md. Badrul Iqbal Ltd.","bid amount equals the awarded contract value as printed on the award notice"
"941603","RDA","Office of the Project Director","Development of PRANTIK Residential Area (Sub-Head: Land Development, Development of Water Body, Construction of Road, Culvert, Drain & Demarcation Pillar).","UNNAMED_REJECTED_BIDDERS_AGGREGATE","","","","non_responsive","not_qualified","","","","","","","Tender_941603.pdf","1","Received: 3; Responsive: 2 (difference is the rejected count)","count is derived as received minus responsive; 1 bidder(s)"
"960601","RDA","Office of the Chairman","One unit Lift Modernization work and Increase Lifting Capacity up to 10 person for Dhaka Liasion office cum rest house under Rajshahi Development Authority.","AWARDED_BIDDER","M/S Gazi Construction","GAZI CONSTRUCTION","1965000.00","responsive","qualified","","not_applicable_won_the_contract","not_applicable","","","","Tender_960601.pdf","1","Contract Value (Taka): 1965000.00; Name of Supplier/Contractor/Consultant: M/S Gazi Construction","bid amount equals the awarded contract value as printed on the award notice"
"976553","RDA","Office of the Project Director","Development of PRANTIK Residential Area (Sub-head : Construction of Boundary wall)","AWARDED_BIDDER","MD. DOLLAR","MD DOLLAR","13176504.57","responsive","qualified","","not_applicable_won_the_contract","not_applicable","","","","Tender_976553.pdf","1","Contract Value (Taka): 13176504.57; Name of Supplier/Contractor/Consultant: MD. DOLLAR","bid amount equals the awarded contract value as printed on the award notice"
"976553","RDA","Office of the Project Director","Development of PRANTIK Residential Area (Sub-head : Construction of Boundary wall)","UNNAMED_REJECTED_BIDDERS_AGGREGATE","","","","non_responsive","not_qualified","","","","","","","Tender_976553.pdf","1","Received: 2; Responsive: 1 (difference is the rejected count)","count is derived as received minus responsive; 1 bidder(s)"
"98996","RDA","Office of the Chairman","Widening of Road from court to Rajshahi Bypass Road","AWARDED_BIDDER","SHAMIM ENTERPRISE (PVT) LTD","SHAMIM ENTERPRISE LTD","356723044.20","responsive","qualified","","not_applicable_won_the_contract","not_applicable","","","","Tender_98996.pdf","1","Contract Value (Taka): 356723044.20; Name of Supplier/Contractor/Consultant: SHAMIM ENTERPRISE (PVT) LTD","bid amount equals the awarded contract value as printed on the award notice"
"98996","RDA","Office of the Chairman","Widening of Road from court to Rajshahi Bypass Road","UNNAMED_REJECTED_BIDDERS_AGGREGATE","","","","non_responsive","not_qualified","","","","","","","Tender_98996.pdf","1","Received: 4; Responsive: 1 (difference is the rejected count)","count is derived as received minus responsive; 3 bidder(s)"
